c BreakID not compiled in, disabling
c CryptoMiniSat version 5.11.19
c CMS Copyright (C) 2009-2020 Authors of CryptoMiniSat, see AUTHORS file
c CMS SHA revision b80e09ebd7703fc13b987401d693d7d406a50441
c Using VMTF code by Armin Biere from CaDiCaL
c Using Yalsat by Armin Biere, see Balint et al. Improving implementation of SLS solvers [...], SAT'14
c Using WalkSAT by Henry Kautz, see Kautz and Selman Pushing the envelope: planning, propositional logic, and stochastic search, AAAI'96,
c CMS is MIT licensed
c Using code from 'When Boolean Satisfiability Meets Gauss-E. in a Simplex Way'
c       by C.-S. Han and J.-H. Roland Jiang in CAV 2012. Fixes by M. Soos
c Using CCAnr from 'CCAnr: A Conf. Checking Based Local Search Solver [...]'
c       by Shaowei Cai, Chuan Luo, and Kaile Su, SAT 2015
c CMS compilation env CMAKE_CXX_COMPILER = /usr/bin/c++ | CMAKE_CXX_FLAGS =  -fvisibility=hidden -Wall -Wextra -Wunused -Wsign-compare -fno-omit-frame-pointer -Wtype-limits -Wuninitialized -Wno-deprecated -Wstrict-aliasing -Wpointer-arith -Wpointer-arith -Wformat-nonliteral -Winit-self -Wparentheses -Wunreachable-code -g -Wno-class-memaccess -mpopcnt -msse4.2 -ggdb3 -Wlogical-op -Wrestrict -Wnull-dereference -Wdouble-promotion -Wshadow -Wformat=2 -Wextra-semi -pedantic | COMPILE_DEFINES =  -DRDB0_ONLY_FEATURES -DUSE_ZLIB -DYALSAT_FPU | STATICCOMPILE = OFF | ONLY_SIMPLE =  | STATS = OFF | SQLITE3_FOUND =  | ZLIB_FOUND = TRUE | VALGRIND_FOUND =  | ENABLE_TESTING = OFF | SLOW_DEBUG = OFF | ENABLE_ASSERTIONS = ON | PYTHON_EXECUTABLE =  | PYTHON_LIBRARY =  | PYTHON_INCLUDE_DIRS =  | MY_TARGETS =  | LARGEMEM = OFF | LIMITMEM = OFF | BREAKID_LIBRARIES =  | BREAKID-VER = . | BOSPHORUS_LIBRARIES =  | BOSPH-VER = . | compilation date time = Jul 13 2026 14:05:03
c CMS compiled with gcc version 11.5.0 20240719 (Red Hat 11.5.0-5)
c Executed with command line: ./cryptominisat5 ./instancesBreak/Syndrome_80_100/SD_80_5000.cnf_break.cnf
c Reading file './instancesBreak/Syndrome_80_100/SD_80_5000.cnf_break.cnf'
c -- header says num vars:          14786
c -- header says num clauses:       22379
c -- clauses added: 22339
c -- xor clauses added: 40
c -- vars added 14786
c Parsing time: 0.01 s
c [find&init matx] performing matrix init
c [gauss] XOR-encoding clauses are not detached, so no need to reattach them.
c [xor-rem-unconnected] left with 40 xors from 40 non-empty xors T: 0.00
c [xor-together] xored together: 0 orig xors: 40 new xors: 40 T: 0.00
c [xor-rem-unconnected] left with 40 xors from 40 non-empty xors T: 0.00
c [xor-clean-equiv] removed equivalent xors: 0 left with: 40
c [matrix] unused xors from cleaning: 0
c [matrix] Good   matrix  0     40 x   80  density:0.2691  xorlen avg: 21.52
c [matrix] Using 1 matrices recovered from 0 xors T: 0.00 T-out: N
c [branch] adjusting to: vsid (from: vsid) var_decay:0.95 descr: VSIDS
c rst  geom  stb   vs     1   112   14903 10736 14400    3.28    2.55     4    17    90     1   45.59   45.20
c rst  geom  stb   vs     2   235   14903 10736 14400    3.28    2.55     6    25   203     1   41.42   41.25
c  res  pol bran  nres  conf freevar  IrrL  IrrB l/longC  l/allC RedL0 RedL1 RedL2  RedB l/longC  l/allC
c rst  geom  stb   vs     3   373   14903 10736 14400    3.28    2.55     6    25   341     1   34.80   34.72
c rst  geom  stb   vs     4   520   14903 10736 14400    3.28    2.55     6    25   488     1   30.96   30.91
c rst  geom  stb   vs     5   682   14903 10736 14400    3.28    2.55     6    25   650     1   29.29   29.25
c rst  geom  stb   vs     6   859   14903 10736 14400    3.28    2.55     6    25   827     1   28.38   28.35
c rst  geom  stb   vs     7  1053   14903 10736 14400    3.28    2.55     6    25  1021     1   27.86   27.84
c rst  geom  stb   vs     8  1266   14903 10736 14400    3.28    2.55     6    25  1234     1   27.76   27.74
c rst  geom  stb   vs     9  1500   14903 10736 14400    3.28    2.55     6    25  1468     1   27.89   27.87
c rst  geom  stb   vs    10  1759   14903 10736 14400    3.28    2.55     6    25  1727     1   27.89   27.88
c rst  geom  stb   vs    11  2041   14903 10736 14400    3.28    2.55     6    25  2009     1   28.24   28.23
c rst  geom  stb   vs    12  2352   14903 10736 14400    3.28    2.55     6    25  2320     1   28.65   28.64
c rst  geom  stb   vs    13  2693   14903 10736 14400    3.28    2.55     6    25  2661     1   28.83   28.82
c rst  geom  stb   vs    14  3067   14903 10736 14400    3.28    2.55     6    25  3035     1   29.10   29.09
c rst  geom  stb   vs    15  3477   14903 10736 14400    3.28    2.55     6    25  3445     1   29.34   29.33
c rst  geom  stb   vs    16  3930   14903 10736 14400    3.28    2.55     6    25  3898     1   29.41   29.40
c rst  geom  stb   vs    17  4425   14903 10736 14400    3.28    2.55     6    25  4393     1   29.44   29.44
c rst  geom  stb   vs    18  4968   14903 10736 14400    3.28    2.55     6    25  4936     1   29.43   29.43
c rst  geom  stb   vs    19  5566   14903 10736 14400    3.28    2.55     6    25  5534     1   29.45   29.45
c [branch] adjusting to: vmtf (from: vsid) var_decay:0.95 descr: VMTF
c [distill-long-red0] cls tried: 6/6 T: 0.00 T-out: N T-r: 100.00%
c [distill-long-red1] cls tried: 25/25 T: 0.00 T-out: N T-r: 98.39%
c rst  luby ibes  vmt    20  5667   14903 10736 14400    3.28    2.55    12    40  5614     1   29.42   29.42
c rst  luby ibes  vmt    21  5769   14903 10736 14400    3.28    2.55    12    40  5716     1   29.34   29.34
c rst  luby ibes  vmt    22  5970   14903 10736 14400    3.28    2.55    12    40  5917     1   29.11   29.10
c rst  luby ibes  vmt    23  6071   14903 10736 14400    3.28    2.55    12    42  6016     1   29.00   29.00
c rst  luby ibes  vmt    24  6172   14903 10736 14400    3.28    2.55    12    42  6117     1   28.91   28.90
c rst  luby ibes  vmt    25  6374   14903 10736 14400    3.28    2.55    12    43  6318     1   28.70   28.69
c rst  luby ibes  vmt    26  6776   14903 10736 14400    3.28    2.55    12    44  6719     1   28.40   28.40
c rst  luby ibes  vmt    27  6877   14903 10736 14400    3.28    2.55    12    44  6820     1   28.28   28.28
c rst  luby ibes  vmt    28  6978   14903 10736 14400    3.28    2.55    12    44  6921     1   28.28   28.28
c rst  luby ibes  vmt    29  7179   14903 10736 14400    3.28    2.55    12    44  7122     1   28.21   28.21
c rst  luby ibes  vmt    30  7280   14903 10736 14400    3.28    2.55    12    44  7223     1   28.19   28.18
c rst  luby ibes  vmt    31  7382   14903 10736 14400    3.28    2.55    12    44  7325     1   28.11   28.11
c rst  luby ibes  vmt    32  7583   14903 10736 14400    3.28    2.55    12    51  7519     1   28.09   28.09
c rst  luby ibes  vmt    33  7984   14903 10736 14400    3.28    2.55    12    53  7918     1   27.69   27.69
c rst  luby ibes  vmt    34  8786   14903 10736 14400    3.28    2.55    12    54  8719     1   27.26   27.26
c rst  luby ibes  vmt    35  8888   14903 10736 14400    3.28    2.55    12    59  8816     1   27.26   27.26
c rst  luby ibes  vmt    36  8990   14903 10736 14400    3.28    2.55    12    59  8918     1   27.22   27.21
c rst  luby ibes  vmt    37  9192   14903 10736 14400    3.28    2.55    12    59  9120     1   27.19   27.19
c rst  luby ibes  vmt    38  9293   14903 10736 14400    3.28    2.55    12    59  9221     1   27.13   27.13
c rst  luby ibes  vmt    39  9395   14903 10736 14400    3.28    2.55    12    59  9323     1   27.08   27.07
c rst  luby ibes  vmt    40  9597   14903 10736 14400    3.28    2.55    12    59  9525     1   27.08   27.08
c rst  luby ibes  vmt    41  9998   14903 10736 14400    3.28    2.55    12    60  9925     1   27.28   27.28
c rst  luby ibes  vmt    42 10102   14903 10736 14400    3.28    2.55    35    37 10029     1   27.25   27.24
c rst  luby ibes  vmt    43 10203   14903 10736 14400    3.28    2.55    35    37 10130     1   27.23   27.23
c rst  luby ibes  vmt    44 10406   14903 10736 14400    3.28    2.55    35    37 10333     1   27.16   27.16
c rst  luby ibes  vmt    45 10507   14903 10736 14400    3.28    2.55    35    37 10434     1   27.12   27.12
c rst  luby ibes  vmt    46 10608   14903 10736 14400    3.28    2.55    35    50 10522     1   27.12   27.12
c rst  luby ibes  vmt    47 10809   14903 10736 14400    3.28    2.55    35    52 10721     1   27.06   27.06
c rst  luby  svd  vmt    48 11210   14903 10736 14400    3.28    2.55    36    52 11121     1   27.38   27.37
c rst  luby  svd  vmt    49 12011   14903 10736 14400    3.28    2.55    36    52 11922     1   27.81   27.80
c [branch] adjusting to: vsid (from: vmtf) var_decay:0.95 descr: VSIDS
c [distill-bin] useful: 168/14400/14400 lits-rem: 0 cl-rem: 166 0-depth-assigns: 2 T: 0.01 T-out: N
c rst  geom  svd   vs    50 12123   14901 10736 13939    3.28    2.56    36    52 12034     1   27.80   27.80
c rst  geom  svd   vs    51 12246   14901 10736 13939    3.28    2.56    36    52 12157     1   27.79   27.79
c rst  geom  svd   vs    52 12380   14901 10736 13939    3.28    2.56    36    52 12291     1   27.77   27.77
c rst  geom  svd   vs    53 12528   14901 10736 13939    3.28    2.56    36    52 12439     1   27.73   27.73
c rst  geom  svd   vs    54 12690   14901 10736 13939    3.28    2.56    36    52 12601     1   27.71   27.70
c rst  geom  svd   vs    55 12867   14901 10736 13939    3.28    2.56    36    52 12778     1   27.70   27.70
c rst  geom  svd   vs    56 13061   14901 10736 13939    3.28    2.56    36    52 12972     1   27.68   27.68
c rst  geom  svd   vs    57 13274   14901 10736 13939    3.28    2.56    36    52 13185     1   27.62   27.61
c rst  geom  svd   vs    58 13511   14901 10736 13939    3.28    2.56    36    52 13422     1   27.56   27.56
c rst  geom  svd   vs    59 13768   14901 10736 13939    3.28    2.56    36    52 13679     1   27.49   27.49
c rst  geom  svd   vs    60 14052   14901 10736 13939    3.28    2.56    36    52 13963     1   27.44   27.44
c rst  geom  svd   vs    61 14365   14901 10736 13939    3.28    2.56    36    52 14276     1   27.34   27.34
c rst  geom  svd   vs    62 14706   14901 10736 13939    3.28    2.56    36    52 14617     1   27.21   27.20
c rst  geom  svd   vs    63 15079   14901 10736 13939    3.28    2.56    36   113 14929     1   27.10   27.10
c rst  geom  svd   vs    64 15489   14901 10736 13939    3.28    2.56    36   113 15339     1   26.95   26.95
c rst  geom  svd   vs    65 15941   14901 10736 13939    3.28    2.56    36   113 15791     1   26.81   26.80
c rst  geom  svd   vs    66 16436   14901 10736 13939    3.28    2.56    36   113 16286     1   26.68   26.68
c rst  geom best   vs    67 16979   14901 10736 13939    3.28    2.56    36   113 16829     1   26.97   26.97
c rst  geom best   vs    68 17577   14901 10736 13939    3.28    2.56    36   113 17427     1   27.27   27.27
c rst  geom best   vs    69 18233   14901 10736 13939    3.28    2.56    36   113 18083     1   27.54   27.54
c [branch] adjusting to: vmtf (from: vsid) var_decay:0.95 descr: VMTF
c rst  luby best  vmt    70 18335   14901 10736 13939    3.28    2.56    36   113 18185     1   27.55   27.55
c rst  luby best  vmt    71 18437   14901 10736 13939    3.28    2.56    36   113 18287     1   27.55   27.54
c rst  luby best  vmt    72 18638   14901 10736 13939    3.28    2.56    36   113 18488     1   27.55   27.54
c rst  luby best  vmt    73 18740   14901 10736 13939    3.28    2.56    36   113 18590     1   27.54   27.53
c rst  luby best  vmt    74 18841   14901 10736 13939    3.28    2.56    36   113 18691     1   27.55   27.55
c rst  luby best  vmt    75 19042   14901 10736 13939    3.28    2.56    36   113 18892     1   27.56   27.56
c rst  luby best  vmt    76 19443   14901 10736 13939    3.28    2.56    36   113 19293     1   27.65   27.64
c rst  luby best  vmt    77 19545   14901 10736 13939    3.28    2.56    36   113 19395     1   27.66   27.66
c rst  luby best  vmt    78 19646   14901 10736 13939    3.28    2.56    36   113 19496     1   27.67   27.67
c rst  luby best  vmt    79 19847   14901 10736 13939    3.28    2.56    36   113 19697     1   27.69   27.68
c rst  luby best  vmt    80 19948   14901 10736 13939    3.28    2.56    36   113 19798     1   27.72   27.72
c rst  luby best  vmt    81   20K   14901 10736 13939    3.28    2.56    42   107 19902     1   27.77   27.77
c [full-probe]  bin_only: 1 set: 0 repl: 0 T: 0.01 T-out: N T-r: 99.40%
c rst  luby best  vmt    82   20K   14901 10736 13939    3.28    2.56    42   107   20K     1   27.82   27.82
c rst  luby best  vmt    83   20K   14901 10736 13939    3.28    2.56    42   107   20K     1   27.86   27.86
c [distill-long-red0] cls tried: 20/20 T: 0.00 T-out: N T-r: 99.98%
c [distill-long-red1] cls tried: 98/98 T: 0.01 T-out: N T-r: 35.54%
c rst  luby best  vmt    84   21K   14901 10736 13939    3.28    2.56    42   107   21K     1   27.85   27.84
c rst  luby best  vmt    85   21K   14901 10736 13939    3.28    2.56    42   107   21K     1   27.88   27.88
c rst  luby best  vmt    86   21K   14901 10736 13939    3.28    2.56    42   107   21K     1   27.90   27.90
c rst  luby  stb  vmt    87   21K   14901 10736 13939    3.28    2.56    42   107   21K     1   27.92   27.92
c rst  luby  stb  vmt    88   21K   14901 10736 13939    3.28    2.56    42   107   21K     1   27.91   27.91
c rst  luby  stb  vmt    89   22K   14901 10736 13939    3.28    2.56    42   107   21K     1   27.92   27.92
c rst  luby  stb  vmt    90   22K   14901 10736 13939    3.28    2.56    42   107   22K     1   27.96   27.96
c rst  luby  stb  vmt    91   22K   14901 10736 13939    3.28    2.56    42   108   22K     1   27.96   27.96
c rst  luby  stb  vmt    92   22K   14901 10736 13939    3.28    2.56    42   108   22K     1   27.98   27.98
c rst  luby  stb  vmt    93   22K   14901 10736 13939    3.28    2.56    42   108   22K     1   27.99   27.99
c rst  luby  stb  vmt    94   23K   14901 10736 13939    3.28    2.56    42   108   22K     1   28.01   28.01
c rst  luby  stb  vmt    95   23K   14901 10736 13939    3.28    2.56    42   108   23K     1   28.02   28.02
c rst  luby  stb  vmt    96   23K   14901 10736 13939    3.28    2.56    42   108   23K     1   28.02   28.02
c rst  luby  stb  vmt    97   23K   14901 10736 13939    3.28    2.56    42   108   23K     1   28.05   28.04
c rst  luby  stb  vmt    98   23K   14901 10736 13939    3.28    2.56    42   108   23K     1   28.15   28.14
c rst  luby  stb  vmt    99   24K   14901 10736 13939    3.28    2.56    42   108   24K     1   28.20   28.20
c rst  luby  stb  vmt   100   26K   14901 10736 13939    3.28    2.56    42   108   26K     1   28.42   28.42
c [branch] adjusting to: vsid (from: vmtf) var_decay:0.95 descr: VSIDS
c [distill] watch-based irred--  cl tried    15090 cl-sh   164 cl-rem    0 lit-rem    164 T: 0.00 T-out: N
c [distill] watch-based   red--  cl tried       84 cl-sh     0 cl-rem    0 lit-rem      0 T: 0.00 T-out: N
c rst  geom  stb   vs   101   26K   14901 10505 14148    3.29    2.55    42   108   26K     1   28.42   28.42
c rst  geom  stb   vs   102   26K   14901 10505 14148    3.29    2.55    42   108   26K     1   28.42   28.42
c rst  geom  stb   vs   103   26K   14901 10505 14148    3.29    2.55    42   108   26K     1   28.41   28.41
c rst  geom  stb   vs   104   26K   14901 10505 14148    3.29    2.55    42   108   26K     1   28.41   28.41
c rst  geom  stb   vs   105   26K   14901 10505 14148    3.29    2.55    42   108   26K     1   28.41   28.41
c rst  geom ibes   vs   106   27K   14901 10505 14148    3.29    2.55    42   108   26K     1   28.35   28.35
c rst  geom ibes   vs   107   27K   14901 10505 14148    3.29    2.55    42   110   27K     1   28.27   28.27
c rst  geom ibes   vs   108   27K   14901 10505 14148    3.29    2.55    42   110   27K     1   28.20   28.20
c rst  geom ibes   vs   109   27K   14901 10505 14148    3.29    2.55    42   111   27K     1   28.13   28.12
c rst  geom ibes   vs   110   28K   14901 10505 14148    3.29    2.55    42   111   27K     1   28.04   28.04
c rst  geom ibes   vs   111   28K   14901 10505 14148    3.29    2.55    42   111   28K     1   27.95   27.95
c rst  geom ibes   vs   112   28K   14901 10505 14148    3.29    2.55    42   112   28K     1   27.84   27.84
c rst  geom ibes   vs   113   28K   14901 10505 14148    3.29    2.55    42   112   28K     1   27.73   27.73
c rst  geom ibes   vs   114   29K   14901 10505 14148    3.29    2.55    42   114   29K     1   27.61   27.61
c rst  geom ibes   vs   115   29K   14901 10505 14148    3.29    2.55    42   114   29K     1   27.48   27.48
c rst  geom ibes   vs   116   30K   14901 10505 14148    3.29    2.55    48   159   24K     1   26.83   26.83
c rst  geom ibes   vs   117   30K   14901 10505 14148    3.29    2.55    48   159   25K     1   26.67   26.67
c rst  geom ibes   vs   118   31K   14901 10505 14148    3.29    2.55    48   159   25K     1   26.52   26.52
c rst  geom ibes   vs   119   31K   14901 10505 14148    3.29    2.55    48   159   26K     1   26.36   26.36
c rst  geom ibes   vs   120   32K   14901 10505 14148    3.29    2.55    48   159   27K     1   26.17   26.17
c [distill-bin] useful: 0/14148/14148 lits-rem: 0 cl-rem: 0 0-depth-assigns: 0 T: 0.02 T-out: N
c rst  geom  svd   vs   121   33K   14901 10505 14148    3.29    2.55    48   160   27K     1   26.25   26.25
c rst  geom  svd   vs   122   34K   14901 10505 14148    3.29    2.55    48   160   28K     1   26.21   26.21
c [branch] adjusting to: vmtf (from: vsid) var_decay:0.95 descr: VMTF
c rst  luby  svd  vmt   123   34K   14901 10505 14148    3.29    2.55    48   160   28K     1   26.23   26.23
c rst  luby  svd  vmt   124   34K   14901 10505 14148    3.29    2.55    48   160   28K     1   26.23   26.23
c rst  luby  svd  vmt   125   34K   14901 10505 14148    3.29    2.55    48   160   29K     1   26.27   26.27
c rst  luby  svd  vmt   126   34K   14901 10505 14148    3.29    2.55    48   161   29K     1   26.27   26.27
c rst  luby  svd  vmt   127   34K   14901 10505 14148    3.29    2.55    48   161   29K     1   26.29   26.29
c rst  luby  svd  vmt   128   34K   14901 10505 14148    3.29    2.55    48   161   29K     1   26.33   26.33
c rst  luby  svd  vmt   129   35K   14901 10505 14148    3.29    2.55    48   161   29K     1   26.40   26.40
c rst  luby  svd  vmt   130   35K   14901 10505 14148    3.29    2.55    48   161   30K     1   26.42   26.42
c rst  luby  svd  vmt   131   35K   14901 10505 14148    3.29    2.55    48   161   30K     1   26.44   26.44
c rst  luby  svd  vmt   132   35K   14901 10505 14148    3.29    2.55    48   161   30K     1   26.47   26.47
c rst  luby  svd  vmt   133   35K   14901 10505 14148    3.29    2.55    48   161   30K     1   26.48   26.48
c [distill-long-red0] cls tried: 4/4 T: 0.00 T-out: N T-r: 99.98%
c [distill-long-red1] cls tried: 56/56 T: 0.01 T-out: N T-r: 19.83%
c rst  luby  svd  vmt   134   35K   14901 10505 14148    3.29    2.55    48   161   30K     1   26.48   26.48
c rst  luby  svd  vmt   135   36K   14901 10505 14148    3.29    2.55    48   161   30K     1   26.49   26.49
c rst  luby  svd  vmt   136   36K   14901 10505 14148    3.29    2.55    48   161   31K     1   26.51   26.51
c rst  luby  svd  vmt   137   37K   14901 10505 14148    3.29    2.55    48   161   31K     2   26.81   26.81
c rst  luby  svd  vmt   138   37K   14901 10505 14148    3.29    2.55    48   161   32K     2   26.83   26.83
c rst  luby  svd  vmt   139   37K   14901 10505 14148    3.29    2.55    48   161   32K     2   26.85   26.85
c rst  luby  svd  vmt   140   37K   14901 10505 14148    3.29    2.55    48   161   32K     2   26.88   26.88
c rst  luby  svd  vmt   141   37K   14901 10505 14148    3.29    2.55    48   161   32K     2   26.89   26.89
c rst  luby  svd  vmt   142   37K   14901 10505 14148    3.29    2.55    48   161   32K     2   26.90   26.90
c rst  luby  svd  vmt   143   38K   14901 10505 14148    3.29    2.55    48   161   32K     2   26.90   26.90
c rst  geom best  vmt   144   38K   14901 10505 14148    3.29    2.55    48   161   32K     2   26.90   26.90
c rst  geom best  vmt   145   38K   14901 10505 14148    3.29    2.55    48   161   32K     2   26.89   26.89
c rst  geom best  vmt   146   38K   14901 10505 14148    3.29    2.55    48   161   33K     2   26.92   26.92
c rst  geom best  vmt   147   38K   14901 10505 14148    3.29    2.55    48   162   33K     2   26.92   26.91
c rst  geom best  vmt   148   38K   14901 10505 14148    3.29    2.55    48   162   33K     2   26.90   26.90
c rst  geom best  vmt   149   38K   14901 10505 14148    3.29    2.55    48   162   33K     2   26.92   26.92
c rst  geom best  vmt   150   39K   14901 10505 14148    3.29    2.55    48   163   33K     2   26.94   26.94
c rst  geom best  vmt   151   39K   14901 10505 14148    3.29    2.55    48   163   34K     2   26.93   26.93
c rst  geom best  vmt   152   39K   14901 10505 14148    3.29    2.55    48   167   34K     2   26.92   26.92
c rst  geom best  vmt   153   39K   14901 10505 14148    3.29    2.55    48   167   34K     2   26.92   26.92
c rst  geom best  vmt   154   40K   14901 10505 14148    3.29    2.55    56   159   34K     2   26.91   26.91
c [full-probe]  bin_only: 0 set: 17 repl: 0 T: 0.01 T-out: N T-r: 97.61%
c [impl-str] lit bin: 0 set-var: 0 T: 0.00 T-out: N T-r: 99.86% w-visit: 30296
c [impl-sub] bin: 1 T: 0.00 T-out: N w-visit: 30296
c rst  geom best  vmt   155   40K   14884 10505 14148    3.29    2.55    56   159   35K     1   26.93   26.93
c rst  geom best  vmt   156   40K   14884 10505 14148    3.29    2.55    56   159   35K     1   26.93   26.93
c rst  geom best  vmt   157   41K   14884 10505 14148    3.29    2.55    56   159   35K     1   26.95   26.95
c rst  geom best  vmt   158   41K   14884 10505 14148    3.29    2.55    56   159   36K     1   26.92   26.92
c rst  geom best  vmt   159   41K   14884 10505 14148    3.29    2.55    56   159   36K     1   26.88   26.88
c rst  geom best  vmt   160   42K   14884 10505 14148    3.29    2.55    56   159   37K     1   26.85   26.85
c [branch] adjusting to: vsid (from: vmtf) var_decay:0.95 descr: VSIDS
c rst  geom best   vs   161   42K   14884 10505 14148    3.29    2.55    56   159   37K     1   26.83   26.83
c rst  geom best   vs   162   42K   14884 10505 14148    3.29    2.55    56   159   37K     1   26.81   26.81
c rst  geom best   vs   163   42K   14884 10505 14148    3.29    2.55    56   159   37K     1   26.80   26.80
c rst  geom best   vs   164   43K   14884 10505 14148    3.29    2.55    56   159   37K     1   26.78   26.78
c rst  geom best   vs   165   43K   14884 10505 14148    3.29    2.55    56   159   37K     1   26.75   26.75
c rst  geom best   vs   166   43K   14884 10505 14148    3.29    2.55    56   159   38K     1   26.73   26.73
c rst  geom best   vs   167   43K   14884 10505 14148    3.29    2.55    56   159   38K     1   26.70   26.69
c rst  geom  stb   vs   168   43K   14884 10505 14148    3.29    2.55    56   159   38K     1   26.72   26.72
c rst  geom  stb   vs   169   43K   14884 10505 14148    3.29    2.55    56   159   38K     1   26.74   26.74
c rst  geom  stb   vs   170   44K   14884 10505 14148    3.29    2.55    56   159   38K     1   26.77   26.77
c [ccnr] tries: 0 steps: 262143 best found: 1
c [ccnr] tries: 0 steps: 524287 best found: 1
c [ccnr] tries: 0 steps: 786431 best found: 1
c [ccnr] tries: 1 steps: 262143 best found: 1
c [ccnr] tries: 1 steps: 524287 best found: 1
c [ccnr] saving best assignment phase to stable_polar
c [ccnr] bumping based on clause weights
c [ccnr] Bumped vars: 102 bump type: 6
c [ccnr] time: 0.56
c rst  geom  stb   vs   171   44K   14884 10505 14148    3.29    2.55    56   159   39K     1   26.78   26.78
c rst  geom  stb   vs   172   44K   14884 10505 14148    3.29    2.55    56   159   39K     1   26.78   26.78
c rst  geom  stb   vs   173   45K   14884 10505 14148    3.29    2.55    60   219   30K     1   26.96   26.96
c rst  geom  stb   vs   174   45K   14884 10505 14148    3.29    2.55    60   219   31K     1   26.93   26.93
c rst  geom  stb   vs   175   45K   14884 10505 14148    3.29    2.55    60   219   31K     1   26.90   26.90
c rst  geom  stb   vs   176   46K   14884 10505 14148    3.29    2.55    60   219   31K     1   26.89   26.89
c rst  geom  stb   vs   177   46K   14884 10505 14148    3.29    2.55    60   219   32K     1   26.88   26.88
c rst  geom  stb   vs   178   47K   14884 10505 14148    3.29    2.55    60   219   32K     1   26.83   26.83
c rst  geom  stb   vs   179   48K   14884 10505 14148    3.29    2.55    60   220   33K     1   26.79   26.79
c rst  geom  stb   vs   180   48K   14884 10505 14148    3.29    2.55    60   222   34K     1   26.71   26.71
c rst  geom  stb   vs   181   49K   14884 10505 14148    3.29    2.55    60   222   34K     1   26.67   26.67
c rst  geom ibes   vs   182   50K   14884 10505 14148    3.29    2.55    68   220   35K     1   26.51   26.51
c [gauss] XOR-encoding clauses are not detached, so no need to reattach them.
c [g 0] truth-find prop checks  : 793K
c [g 0] -> of which prop        : 38.90 %
c [g 0] -> of which confl       :  1.81 %
c [g 0] elim called             : 119K
c [g 0] ---> which lead to prop : 127.21 %
c [g 0] ---> which lead to confl:  9.73 %
c [g 0] size: 40    x 80   
c [scc] new: 0 BP 0M T: 0.00
c [vrep] vars 0 lits 0 rem-bin-cls 0 rem-long-cls 0 BP 0M T: 0.00
c [intree] Set 1 vars hyper-added: 1136 trans-irred: 0 trans-red: 33 T: 0.02 T-out: N T-r: -0.39%
c [find&init matx] performing matrix init
c [gauss] XOR-encoding clauses are not detached, so no need to reattach them.
c [xor-rem-unconnected] left with 40 xors from 40 non-empty xors T: 0.00
c [xor-together] xored together: 0 orig xors: 40 new xors: 40 T: 0.00
c [xor-rem-unconnected] left with 40 xors from 40 non-empty xors T: 0.00
c [xor-clean-equiv] removed equivalent xors: 0 left with: 40
c [matrix] unused xors from cleaning: 0
c [matrix] Good   matrix 0 40      x80     density:0.2691  xorlen avg: 21.52
c [matrix] Using 1 matrices recovered from 0 xors T: 0.00 T-out: N
c rst  geom ibes vs   183   51  K 14883   10504 14117 3.29    2.55       68   227   36K  1103 26.36   25.65  
c [distill-long-red0] cls tried: 8/8 T: 0.00 T-out: N T-r: 99.98%
c [distill-long-red1] cls tried: 52/76 T: 0.01 T-out: Y T-r: -0.96%
c rst  geom ibes vs   184   52  K 14883   10504 14117 3.29    2.55       69   236   37K  1103 26.20   25.52  
c [distill] watch-based irred--  cl tried 14758    cl-sh 0     cl-rem 0    lit-rem 0      T: 0.00 T-out: N
c [distill] watch-based red  --  cl tried 137      cl-sh 0     cl-rem 1    lit-rem 0      T: 0.00 T-out: N
c rst  geom ibes vs   185   53  K 14883   10503 14116 3.29    2.55       68   235   38K  1103 26.01   25.35  
c [branch] adjusting to: vmtf (from: vsid) var_decay:0.95 descr: VMTF
c [distill-bin] useful: 0/14116/14116 lits-rem: 0 cl-rem: 0 0-depth-assigns: 0 T: 0.02 T-out: N
c rst  luby ibes vmt  186   53  K 14883   10503 14116 3.29    2.55       70   248   38K  1103 26.02   25.36  
c rst  luby ibes vmt  187   53  K 14883   10503 14116 3.29    2.55       70   249   38K  1103 26.01   25.36  
c rst  luby ibes vmt  188   53  K 14883   10503 14116 3.29    2.55       70   249   38K  1103 25.99   25.34  
c rst  luby ibes vmt  189   53  K 14883   10503 14116 3.29    2.55       70   249   39K  1103 26.00   25.35  
c rst  luby ibes vmt  190   53  K 14883   10503 14116 3.29    2.55       70   249   39K  1103 25.99   25.34  
c rst  luby ibes vmt  191   53  K 14883   10503 14116 3.29    2.55       70   249   39K  1103 25.98   25.33  
c rst  luby ibes vmt  192   54  K 14883   10503 14116 3.29    2.55       70   250   39K  1103 25.97   25.33  
c rst  luby ibes vmt  193   54  K 14883   10503 14116 3.29    2.55       70   250   39K  1103 25.96   25.32  
c rst  luby ibes vmt  194   54  K 14883   10503 14116 3.29    2.55       70   250   39K  1103 25.96   25.32  
c rst  luby ibes vmt  195   54  K 14883   10503 14116 3.29    2.55       70   250   40K  1103 25.95   25.31  
c rst  luby ibes vmt  196   54  K 14883   10503 14116 3.29    2.55       70   250   40K  1103 25.94   25.30  
c rst  luby ibes vmt  197   54  K 14883   10503 14116 3.29    2.55       70   250   40K  1103 25.93   25.29  
c rst  luby ibes vmt  198   55  K 14883   10503 14116 3.29    2.55       70   251   40K  1103 25.92   25.30  
c rst  luby svd  vmt  199   55  K 14883   10503 14116 3.29    2.55       70   251   40K  1103 25.92   25.29  
c rst  luby svd  vmt  200   56  K 14883   10503 14116 3.29    2.55       71   251   41K  1103 25.96   25.34  
c recursive minimization cost OK: 323Kcost/(% lits removed)
c [gauss] XOR-encoding clauses are not detached, so no need to reattach them.
c [g 0] truth-find prop checks  : 114K
c [g 0] -> of which prop        : 32.26 %
c [g 0] -> of which confl       :  1.56 %
c [g 0] elim called             : 17062
c [g 0] ---> which lead to prop : 117.15 %
c [g 0] ---> which lead to confl:  6.39 %
c [g 0] size: 40    x 80   
c --> Executing strategy token: scc-vrepl
c [scc] new: 0 BP 0M T: 0.00
c --> Executing strategy token: sub-impl
c [impl-sub] bin: 0 T: 0.00 T-out: N w-visit: 30296
c --> Executing strategy token: breakid
c --> Executing OCC strategy token(s): 'occ-backw-sub-str,occ-clean-implicit,occ-bve,occ-bva,occ-ternary-res,occ-xor,'
c [occ] mem usage for occur 1      MB
c [occ] Linked in IRRED BIN by default: 14116
c [occ] Linked in RED   BIN by default: 1103
c [occ] mem usage for occur 1      MB
c Mem for watch alloc      : 3           MB (17.64     %)
c Mem for watch array      : 0           MB (3.77      %)
c --> Executing OCC strategy token: occ-backw-sub-str
c [occ-backw-sub-str-long-w-bins] subs: 0 str: 0 tried: 15219 0-depth ass: 0 T: 0.00 T-out: N T-r: 98.27%
c [occ-backw-sub-long-w-long] rem cl: 9 tried: 52288/52288 (100.0%) T: 0.01 T-out: N T-r: 99.06%
c [occ-backw-sub-str-long-w-long] sub: 0 str: 0 tried: 156864/52288 (300.0)  T: 0.02 T-out: N T-r: 93.97%
c --> Executing OCC strategy token: occ-clean-implicit
c --> Executing OCC strategy token: occ-bve
c [occ-empty-res] Empty resolvent elimed: 2395 T: 0.00 T-out: N
c [occ-bve] turning off picosat-based irreg gate detection, added lits:  210K
c [occ-bve] iter v-elim 9128
c cl_inc_rate=0.5, var_dec_rate=3.7 (grow=0)
c Reduced to 3360 vars, 10110 cls (grow=0)
c [occ-bve] iter v-elim 1001
c cl_inc_rate=1.3, var_dec_rate=1.4 (grow=8)
c Reduced to 2359 vars, 13072 cls (grow=8)
c [occ-bve] iter v-elim 461
c cl_inc_rate=1.5, var_dec_rate=1.2 (grow=16)
c Reduced to 1898 vars, 18982 cls (grow=16)
c x n vars       : 1898
c #try to eliminate:   28K
c #var-elim        : 10590
c #T-o: N
c #T-r: 99.95%
c #T  : 1.04
c [occur] 0.03 is overhead
c [occur] link-in T: 0.03 cleanup T: 0.00
c --> Executing OCC strategy token: occ-bva
c --> Executing OCC strategy token: occ-ternary-res
c [occ-ternary-res] Ternary res-tri: 7 res-bin: 0 sub: 2 str: 2 T: 0.00 T-out: N T-r: 95.79%
c --> Executing OCC strategy token: occ-xor
c [occ-xor] sort occur list T: 0.00
c [xor-clean-equiv] removed equivalent xors: 0 left with: 214
c [occ-xor] found    214 avg sz 5.6 min sz  4 max sz  6 T: 0.01 T-out: N T-r: 99.96%
c --> Executing strategy token: card-find
c --> Executing strategy token: cl-consolidate
c [mem] consolidate  old-sz: 7919K new-sz: 1006K new bits offs: 17 T: 0.00
c --> Executing strategy token: scc-vrepl
c [scc] new: 0 BP 0M T: 0.00
c --> Executing strategy token: renumber
c [gauss] XOR-encoding clauses are not detached, so no need to reattach them.
c [renumber] T: 0.00
c --> Executing strategy token: bosphorus
c --> Executing strategy token: louvain-comms
c [consolidate] mini T: 0.00
c global_timeout_multiplier: 3.3000
c [branch] rebuilding order heap for all branchings. Current branching: vmtf
c [find&init matx] performing matrix init
c [gauss] XOR-encoding clauses are not detached, so no need to reattach them.
c [xor-rem-unconnected] left with 214 xors from 214 non-empty xors T: 0.00
c [xor-together] xored together: 174 orig xors: 214 new xors: 40 T: 0.00
c [xor-rem-unconnected] left with 40 xors from 40 non-empty xors T: 0.00
c [xor-clean-equiv] removed equivalent xors: 0 left with: 40
c [matrix] unused xors from cleaning: 0
c [matrix] Good   matrix  0     40 x   80  density:0.2634  xorlen avg: 21.07
c [matrix] Using 1 matrices recovered from 0 xors T: 0.00 T-out: N
c rst  luby  svd  vmt   201   56K    1898 17272  1710    6.66    6.24     3    14   976    39   19.59   18.92
c rst  luby  svd  vmt   202   56K    1898 17272  1710    6.66    6.24     3    14  1078    39   20.36   19.73
c rst  luby  svd  vmt   203   56K    1898 17272  1710    6.66    6.24     3    14  1183    39   21.11   20.51
c rst  luby  svd  vmt   204   56K    1898 17272  1710    6.66    6.24     3    14  1386    39   22.30   21.75
c rst  luby  svd  vmt   205   56K    1898 17272  1710    6.66    6.24     3    14  1488    39   22.80   22.27
c rst  luby  svd  vmt   206   56K    1898 17272  1710    6.66    6.24     3    14  1590    39   23.13   22.63
c rst  luby  svd  vmt   207   57K    1898 17272  1710    6.66    6.24     3    16  1791    39   24.28   23.81
c rst  luby  svd  vmt   208   57K    1898 17272  1710    6.66    6.24     3    17  2191    39   25.45   25.04
c rst  luby  svd  vmt   209   57K    1898 17272  1710    6.66    6.24     3    17  2292    39   25.72   25.33
c rst  luby  svd  vmt   210   57K    1898 17272  1710    6.66    6.24     3    17  2393    39   26.03   25.65
c rst  luby  svd  vmt   211   57K    1898 17272  1710    6.66    6.24     3    17  2595    39   26.38   26.02
c rst  luby  svd  vmt   212   58K    1898 17272  1710    6.66    6.24     3    17  2696    39   26.58   26.23
c rst  luby  svd  vmt   213   58K    1898 17272  1710    6.66    6.24     3    17  2797    39   26.75   26.41
c rst  luby  svd  vmt   214   58K    1898 17272  1710    6.66    6.24     3    17  2998    39   27.23   26.91
c rst  luby  svd  vmt   215   58K    1898 17272  1710    6.66    6.24     4    17  3399    39   27.88   27.59
c rst  luby  svd  vmt   216   59K    1898 17272  1710    6.66    6.24     4    17  4201    39   28.46   28.22
c rst  luby  svd  vmt   217   61K    1898 17272  1710    6.66    6.24     7    20  5796    39   27.75   27.58
c [full-probe]  bin_only: 1 set: 0 repl: 0 T: 0.00 T-out: N T-r: 99.93%
c rst  geom best  vmt   218   61K    1898 17272  1710    6.66    6.24     7    20  5907    39   27.73   27.57
c rst  geom best  vmt   219   61K    1898 17272  1710    6.66    6.24     7    20  6029    39   27.69   27.52
c rst  geom best  vmt   220   61K    1898 17272  1710    6.66    6.24     7    20  6164    39   27.75   27.59
c rst  geom best  vmt   221   61K    1898 17272  1710    6.66    6.24     7    21  6312    39   27.71   27.55
c rst  geom best  vmt   222   61K    1898 17272  1710    6.66    6.24     7    23  6471    39   27.77   27.62
c rst  geom best  vmt   223   62K    1898 17272  1710    6.66    6.24     7    24  6647    39   27.76   27.61
c rst  geom best  vmt   224   62K    1898 17272  1710    6.66    6.24     7    26  6842    39   27.62   27.47
c rst  geom best  vmt   225   62K    1898 17272  1710    6.66    6.24     7    27  7055    39   27.54   27.40
c rst  geom best  vmt   226   62K    1898 17272  1710    6.66    6.24     7    27  7289    39   27.56   27.42
c rst  geom best  vmt   227   62K    1898 17272  1710    6.66    6.24     7    28  7545    39   27.48   27.35
c [branch] adjusting to: vsid (from: vmtf) var_decay:0.95 descr: VSIDS
c rst  geom best   vs   228   63K    1898 17272  1710    6.66    6.24     7    29  7656    39   27.46   27.33
c rst  geom best   vs   229   63K    1898 17272  1710    6.66    6.24     7    29  7778    39   27.41   27.28
c rst  geom best   vs   230   63K    1898 17272  1710    6.66    6.24     7    29  7912    39   27.35   27.22
c rst  geom best   vs   231   63K    1898 17272  1710    6.66    6.24     7    29  8060    39   27.29   27.17
c rst  geom best   vs   232   63K    1898 17272  1710    6.66    6.24     7    29  8221    39   27.23   27.12
c rst  geom best   vs   233   63K    1898 17272  1710    6.66    6.24     7    29  8398    39   27.18   27.06
c rst  geom best   vs   234   63K    1898 17272  1710    6.66    6.24     7    29  8592    39   27.08   26.96
c rst  geom best   vs   235   64K    1898 17272  1710    6.66    6.24     7    29  8806    39   26.98   26.87
c rst  geom best   vs   236   64K    1898 17272  1710    6.66    6.24     7    29  9040    39   26.95   26.85
c rst  geom best   vs   237   64K    1898 17272  1710    6.66    6.24     7    29  9297    39   26.86   26.76
c rst  geom best   vs   238   64K    1898 17272  1710    6.66    6.24     7    29  9579    39   26.73   26.63
c rst  geom best   vs   239   65K    1898 17272  1710    6.66    6.24     7    29  9889    39   26.59   26.49
c rst  geom best   vs   240   65K    1898 17272  1710    6.66    6.24     7    29 10229    39   26.57   26.48
c rst  geom best   vs   241   65K    1898 17272  1710    6.66    6.24     7    29 10602    39   26.46   26.37
c rst  geom best   vs   242   66K    1898 17272  1710    6.66    6.24     7    29 11016    39   26.42   26.34
c [distill-long-red0] cls tried: 4/4 T: 0.00 T-out: N T-r: 100.00%
c [distill-long-red1] cls tried: 17/17 T: 0.00 T-out: N T-r: 96.60%
c rst  geom best   vs   243   66K    1898 17272  1710    6.66    6.24     7    29 11466    39   26.33   26.25
c rst  geom  stb   vs   244   67K    1898 17272  1710    6.66    6.24     7    29 11960    39   26.47   26.39
c rst  geom  stb   vs   245   67K    1898 17272  1710    6.66    6.24     7    29 12504    39   26.53   26.45
c rst  geom  stb   vs   246   68K    1898 17272  1710    6.66    6.24     7    29 13104    39   26.62   26.55
c rst  geom  stb   vs   247   69K    1898 17272  1710    6.66    6.24     7    29 13760    39   26.80   26.73
c rst  geom  stb   vs   248   69K    1898 17272  1710    6.66    6.24     7    29 14484    39   26.85   26.78
c rst  geom  stb   vs   249   70K    1898 17272  1710    6.66    6.24     8    28 15277    39   27.03   26.97
c rst  geom  stb   vs   250   71K    1898 17272  1710    6.66    6.24     8    28 16150    39   27.12   27.06
c rst  geom  stb   vs   251   72K    1898 17272  1710    6.66    6.24     8    28 17113    39   27.23   27.17
c rst  geom  stb   vs   252   73K    1898 17272  1710    6.66    6.24     8    28 18168    39   27.28   27.23
c [distill-bin] useful: 0/1710/1710 lits-rem: 0 cl-rem: 0 0-depth-assigns: 0 T: 0.00 T-out: N
c rst  geom ibes   vs   253   74K    1898 17272  1710    6.66    6.24     8    36 19325    39   26.83   26.78
c [branch] adjusting to: vmtf (from: vsid) var_decay:0.95 descr: VMTF
c rst  luby ibes  vmt   254   74K    1898 17272  1710    6.66    6.24     9    37 19424    39   26.81   26.76
c rst  luby ibes  vmt   255   74K    1898 17272  1710    6.66    6.24     9    37 19527    39   26.79   26.74
c rst  luby ibes  vmt   256   75K    1898 17272  1710    6.66    6.24    10    91 19674    39   26.77   26.72
c rst  luby ibes  vmt   257   75K    1898 17272  1710    6.66    6.24    10    91 19775    39   26.76   26.71
c rst  luby ibes  vmt   258   75K    1898 17272  1710    6.66    6.24    10    92 19875    39   26.74   26.69
c rst  luby ibes  vmt   259   75K    1898 17272  1710    6.66    6.24    10    92   20K    39   26.68   26.63
c rst  luby ibes  vmt   260   75K    1898 17272  1710    6.66    6.24    10    94   20K    39   26.63   26.59
c rst  luby ibes  vmt   261   76K    1898 17272  1710    6.66    6.24    11    95   20K    39   26.63   26.59
c rst  luby ibes  vmt   262   76K    1898 17272  1710    6.66    6.24    11    95   20K    39   26.62   26.58
c rst  luby ibes  vmt   263   76K    1898 17272  1710    6.66    6.24    11    95   20K    39   26.62   26.57
c rst  luby ibes  vmt   264   76K    1898 17272  1710    6.66    6.24    11    95   20K    39   26.64   26.60
c rst  luby ibes  vmt   265   76K    1898 17272  1710    6.66    6.24    11    95   21K    39   26.63   26.58
c rst  luby ibes  vmt   266   76K    1898 17272  1710    6.66    6.24    11    95   21K    39   26.61   26.57
c rst  luby ibes  vmt   267   77K    1898 17272  1710    6.66    6.24    11    98   21K    39   26.61   26.56
c [distill] watch-based irred--  cl tried    20496 cl-sh     0 cl-rem    0 lit-rem      0 T: 0.03 T-out: Y
c [distill] watch-based   red--  cl tried       22 cl-sh     2 cl-rem    0 lit-rem      2 T: 0.00 T-out: N
c rst  luby ibes  vmt   268   77K    1898 17272  1710    6.66    6.24    13   102   22K    39   26.58   26.54
c rst  luby ibes  vmt   269   78K    1898 17272  1710    6.66    6.24    13   103   22K    39   26.58   26.53
c rst  luby ibes  vmt   270   78K    1898 17272  1710    6.66    6.24    13   103   22K    39   26.57   26.53
c rst  luby ibes  vmt   271   78K    1898 17272  1710    6.66    6.24    13   103   22K    39   26.53   26.49
c rst  luby ibes  vmt   272   78K    1898 17272  1710    6.66    6.24    13   103   22K    39   26.51   26.47
c rst  luby ibes  vmt   273   78K    1898 17272  1710    6.66    6.24    13   104   23K    39   26.52   26.48
c rst  luby ibes  vmt   274   78K    1898 17272  1710    6.66    6.24    13   104   23K    39   26.50   26.46
c rst  luby ibes  vmt   275   79K    1898 17272  1710    6.66    6.24    13   104   23K    39   26.52   26.48
c rst  luby ibes  vmt   276   79K    1898 17272  1710    6.66    6.24    13   104   23K    39   26.52   26.48
c rst  luby ibes  vmt   277   79K    1898 17272  1710    6.66    6.24    13   104   23K    39   26.50   26.46
c rst  luby  svd  vmt   278   79K    1898 17272  1710    6.66    6.24    13   105   24K    39   26.58   26.54
c rst  luby  svd  vmt   279   79K    1898 17272  1710    6.66    6.24    13   105   24K    39   26.62   26.58
c rst  luby  svd  vmt   280   79K    1898 17272  1710    6.66    6.24    13   105   24K    39   26.63   26.59
c rst  luby  svd  vmt   281   79K    1898 17272  1710    6.66    6.24    13   105   24K    39   26.69   26.65
c rst  luby  svd  vmt   282   80K    1898 17272  1710    6.66    6.24    27    90   24K    39   26.78   26.74
c rst  luby  svd  vmt   283   81K    1898 17272  1710    6.66    6.24    28    90   25K    39   26.89   26.85
c rst  luby  svd  vmt   284   82K    1898 17272  1710    6.66    6.24    28    90   27K    39   26.85   26.82
c [distill-long-red0] cls tried: 17/17 T: 0.00 T-out: N T-r: 99.97%
c [distill-long-red1] cls tried: 69/69 T: 0.01 T-out: N T-r: 46.76%
c [full-probe]  bin_only: 0 set: 0 repl: 0 T: 0.00 T-out: N T-r: 98.69%
c rst  luby  svd  vmt   285   82K    1898 17272  1710    6.66    6.24    28    90   27K    39   26.87   26.83
c rst  luby  svd  vmt   286   82K    1898 17272  1710    6.66    6.24    28    90   27K    39   26.89   26.86
c rst  luby  svd  vmt   287   83K    1898 17272  1710    6.66    6.24    28    90   27K    39   26.92   26.89
c rst  luby  svd  vmt   288   83K    1898 17272  1710    6.66    6.24    28    90   27K    39   26.93   26.89
c rst  luby  svd  vmt   289   83K    1898 17272  1710    6.66    6.24    28    90   27K    39   26.95   26.92
c rst  luby  svd  vmt   290   83K    1898 17272  1710    6.66    6.24    28    91   28K    39   26.98   26.94
c rst  luby  svd  vmt   291   83K    1898 17272  1710    6.66    6.24    28    91   28K    39   26.99   26.96
c rst  luby  svd  vmt   292   84K    1898 17272  1710    6.66    6.24    28    93   28K    39   26.98   26.95
c rst  luby  svd  vmt   293   84K    1898 17272  1710    6.66    6.24    28    93   28K    39   27.00   26.96
c rst  luby  svd  vmt   294   84K    1898 17272  1710    6.66    6.24    28    93   28K    39   27.02   26.98
c rst  luby  svd  vmt   295   84K    1898 17272  1710    6.66    6.24    28    93   29K    39   27.02   26.98
c rst  luby  svd  vmt   296   84K    1898 17272  1710    6.66    6.24    28    93   29K    39   27.03   26.99
c rst  luby  svd  vmt   297   84K    1898 17272  1710    6.66    6.24    28    93   29K    39   27.07   27.04
c rst  luby  svd  vmt   298   85K    1898 17272  1710    6.66    6.24    28    93   29K    39   27.14   27.11
c rst  geom best  vmt   299   85K    1898 17272  1710    6.66    6.24    28    94   29K    39   27.13   27.10
c rst  geom best  vmt   300   85K    1898 17272  1710    6.66    6.24    28    94   29K    39   27.11   27.08
c rst  geom best  vmt   301   85K    1898 17272  1710    6.66    6.24    29    94   30K    39   27.12   27.09
c rst  geom best  vmt   302   85K    1898 17272  1710    6.66    6.24    29    94   30K    39   27.12   27.09
c rst  geom best  vmt   303   85K    1898 17272  1710    6.66    6.24    29    94   30K    39   27.10   27.07
c rst  geom best  vmt   304   86K    1898 17272  1710    6.66    6.24    29    94   30K    39   27.07   27.04
c rst  geom best  vmt   305   86K    1898 17272  1710    6.66    6.24    30    94   30K    39   27.04   27.01
c rst  geom best  vmt   306   86K    1898 17272  1710    6.66    6.24    30    94   30K    39   27.02   26.99
c rst  geom best  vmt   307   86K    1898 17272  1710    6.66    6.24    31    94   31K    39   27.00   26.97
c rst  geom best  vmt   308   86K    1898 17272  1710    6.66    6.24    31    94   31K    39   26.96   26.93
c rst  geom best  vmt   309   87K    1898 17272  1710    6.66    6.24    31    95   31K    39   26.95   26.92
c rst  geom best  vmt   310   87K    1898 17272  1710    6.66    6.24    31    98   32K    39   26.95   26.92
c rst  geom best  vmt   311   87K    1898 17272  1710    6.66    6.24    31    99   32K    39   26.92   26.89
c [branch] adjusting to: vsid (from: vmtf) var_decay:0.95 descr: VSIDS
c rst  geom best   vs   312   87K    1898 17272  1710    6.66    6.24    31    99   32K    39   26.91   26.88
c rst  geom best   vs   313   88K    1898 17272  1710    6.66    6.24    31    99   32K    39   26.89   26.86
c rst  geom best   vs   314   88K    1898 17272  1710    6.66    6.24    31   100   32K    39   26.87   26.84
c [ccnr] tries: 0 steps: 262143 best found: 4
c [ccnr] saving best assignment phase to stable_polar
c [ccnr] bumping based on var unsat frequency: conflict_ct
c [ccnr] Bumped vars: 1898 bump type: 6
c [ccnr] time: 0.26
c rst  geom best   vs   315   88K    1898 17272  1710    6.66    6.24    31   100   32K    39   26.85   26.82
c rst  geom best   vs   316   88K    1898 17272  1710    6.66    6.24    31   100   33K    39   26.82   26.79
c rst  geom best   vs   317   88K    1898 17272  1710    6.66    6.24    31   100   33K    39   26.80   26.77
c rst  geom best   vs   318   88K    1898 17272  1710    6.66    6.24    31   100   33K    39   26.80   26.77
c rst  geom best   vs   319   89K    1898 17272  1710    6.66    6.24    31   100   33K    39   26.77   26.74
c rst  geom best   vs   320   89K    1898 17272  1710    6.66    6.24    31   100   33K    39   26.74   26.71
c rst  geom best   vs   321   89K    1898 17272  1710    6.66    6.24    31   100   34K    39   26.70   26.67
c rst  geom best   vs   322   89K    1898 17272  1710    6.66    6.24    31   100   34K    39   26.69   26.66
c rst  geom best   vs   323   90K    1898 17272  1710    6.66    6.24    42   143   28K    39   26.36   26.32
c rst  geom best   vs   324   90K    1898 17272  1710    6.66    6.24    42   144   28K    39   26.31   26.28
c rst  geom best   vs   325   90K    1898 17272  1710    6.66    6.24    42   144   29K    39   26.27   26.24
c rst  geom best   vs   326   91K    1898 17272  1710    6.66    6.24    42   144   29K    39   26.22   26.19
c rst  geom  stb   vs   327   91K    1898 17272  1710    6.66    6.24    42   144   29K    39   26.23   26.20
c rst  geom  stb   vs   328   92K    1898 17272  1710    6.66    6.24    42   144   30K    39   26.23   26.20
c rst  geom  stb   vs   329   92K    1898 17272  1710    6.66    6.24    42   144   30K    39   26.22   26.19
c rst  geom  stb   vs   330   93K    1898 17272  1710    6.66    6.24    42   144   31K    39   26.23   26.20
c rst  geom  stb   vs   331   94K    1898 17272  1710    6.66    6.24    42   144   32K    39   26.23   26.20
c [distill-bin] useful: 0/1710/1710 lits-rem: 0 cl-rem: 0 0-depth-assigns: 0 T: 0.01 T-out: N
c rst  geom  stb   vs   332   94K    1898 17272  1710    6.66    6.24    42   144   32K    39   26.24   26.21
c rst  geom  stb   vs   333   95K    1898 17272  1710    6.66    6.24    42   144   33K    39   26.32   26.29
c rst  geom  stb   vs   334   96K    1898 17272  1710    6.66    6.24    42   144   34K    39   26.37   26.34
c rst  geom  stb   vs   335   97K    1898 17272  1710    6.66    6.24    42   144   35K    39   26.41   26.38
c rst  geom ibes   vs   336   98K    1898 17272  1710    6.66    6.24    42   144   36K    39   26.28   26.25
c [distill-long-red0] cls tried: 6/6 T: 0.00 T-out: N T-r: 99.99%
c [distill-long-red1] cls tried: 66/66 T: 0.01 T-out: N T-r: 33.27%
c rst  geom ibes   vs   337   99K    1898 17272  1710    6.66    6.24    42   153   37K    39   26.05   26.02
c rst  geom ibes   vs   338  100K    1898 17272  1710    6.66    6.24    53   141   39K    39   25.86   25.84
c [impl-str] lit bin: 0 set-var: 0 T: 0.00 T-out: N T-r: 99.95% w-visit: 3796
c [impl-sub] bin: 0 T: 0.00 T-out: N w-visit: 3796
c rst  geom ibes   vs   339  102K    1898 17272  1710    6.66    6.24    53   149   40K    39   25.64   25.62
c [branch] adjusting to: vmtf (from: vsid) var_decay:0.95 descr: VMTF
c [distill] watch-based irred--  cl tried    18500 cl-sh     0 cl-rem    0 lit-rem      0 T: 0.03 T-out: Y
c [distill] watch-based   red--  cl tried      106 cl-sh     1 cl-rem    0 lit-rem      1 T: 0.00 T-out: N
c rst  luby ibes  vmt   340  102K    1898 17272  1710    6.66    6.24    55   157   40K    39   25.63   25.61
c rst  luby ibes  vmt   341  102K    1898 17272  1710    6.66    6.24    55   160   40K    39   25.64   25.62
c rst  luby ibes  vmt   342  102K    1898 17272  1710    6.66    6.24    55   160   40K    39   25.63   25.61
c rst  luby ibes  vmt   343  102K    1898 17272  1710    6.66    6.24    56   161   40K    39   25.62   25.59
c [full-probe]  bin_only: 1 set: 0 repl: 0 T: 0.01 T-out: N T-r: 99.78%
c rst  luby ibes  vmt   344  102K    1898 17272  1710    6.66    6.24    56   161   41K    39   25.62   25.60
c rst  luby ibes  vmt   345  103K    1898 17272  1710    6.66    6.24    56   161   41K    39   25.61   25.59
c rst  luby ibes  vmt   346  103K    1898 17272  1710    6.66    6.24    57   173   41K    39   25.63   25.61
c rst  luby  svd  vmt   347  103K    1898 17272  1710    6.66    6.24    57   174   41K    39   25.64   25.62
c rst  luby  svd  vmt   348  103K    1898 17272  1710    6.66    6.24    57   176   41K    39   25.66   25.63
c rst  luby  svd  vmt   349  103K    1898 17272  1710    6.66    6.24    57   178   42K    39   25.70   25.67
c rst  luby  svd  vmt   350  104K    1898 17272  1710    6.66    6.24    57   178   42K    39   25.71   25.69
c rst  luby  svd  vmt   351  104K    1898 17272  1710    6.66    6.24    57   178   42K    39   25.73   25.70
c rst  luby  svd  vmt   352  104K    1898 17272  1710    6.66    6.24    57   179   42K    39   25.76   25.74
c rst  luby  svd  vmt   353  104K    1898 17272  1710    6.66    6.24    57   179   42K    39   25.85   25.83
c rst  luby  svd  vmt   354  105K    1898 17272  1710    6.66    6.24    60   291   32K    39   25.64   25.61
c rst  luby  svd  vmt   355  105K    1898 17272  1710    6.66    6.24    60   291   32K    39   25.67   25.64
c rst  luby  svd  vmt   356  105K    1898 17272  1710    6.66    6.24    60   292   33K    39   25.70   25.68
c rst  luby  svd  vmt   357  105K    1898 17272  1710    6.66    6.24    60   293   33K    39   25.76   25.73
c rst  luby  svd  vmt   358  106K    1898 17272  1710    6.66    6.24    60   293   33K    39   25.78   25.75
c rst  luby  svd  vmt   359  106K    1898 17272  1710    6.66    6.24    60   293   33K    39   25.80   25.77
c rst  luby  svd  vmt   360  106K    1898 17272  1710    6.66    6.24    60   293   33K    39   25.84   25.82
c rst  luby  svd  vmt   361  106K    1898 17272  1710    6.66    6.24    60   294   34K    39   25.91   25.88
c rst  luby  svd  vmt   362  106K    1898 17272  1710    6.66    6.24    60   297   34K    39   25.92   25.90
c rst  luby  svd  vmt   363  106K    1898 17272  1710    6.66    6.24    60   297   34K    39   25.94   25.91
c rst  luby  svd  vmt   364  107K    1898 17272  1710    6.66    6.24    60   297   34K    39   25.95   25.92
c rst  luby  svd  vmt   365  107K    1898 17272  1710    6.66    6.24    60   297   34K    39   25.96   25.93
c rst  luby  svd  vmt   366  107K    1898 17272  1710    6.66    6.24    60   298   34K    39   25.99   25.96
c rst  luby  svd  vmt   367  107K    1898 17272  1710    6.66    6.24    60   304   34K    39   26.03   26.00
c rst  luby  svd  vmt   368  107K    1898 17272  1710    6.66    6.24    60   305   35K    39   26.12   26.09
c rst  luby  svd  vmt   369  108K    1898 17272  1710    6.66    6.24    60   313   36K    39   26.25   26.22
c rst  luby  svd  vmt   370  110K    1898 17272  1710    6.66    6.24    95   289   37K    39   26.43   26.41
c rst  geom best  vmt   371  110K    1898 17272  1710    6.66    6.24    95   289   37K    39   26.42   26.40
c rst  geom best  vmt   372  110K    1898 17272  1710    6.66    6.24    95   289   37K    39   26.40   26.38
c rst  geom best  vmt   373  110K    1898 17272  1710    6.66    6.24    95   289   37K    39   26.39   26.37
c rst  geom best  vmt   374  110K    1898 17272  1710    6.66    6.24    95   289   38K    39   26.39   26.36
c rst  geom best  vmt   375  111K    1898 17272  1710    6.66    6.24    95   289   38K    39   26.37   26.35
c rst  geom best  vmt   376  111K    1898 17272  1710    6.66    6.24    95   289   38K    39   26.35   26.33
c rst  geom best  vmt   377  111K    1898 17272  1710    6.66    6.24    95   289   38K    39   26.33   26.31
c rst  geom best  vmt   378  111K    1898 17272  1710    6.66    6.24    95   289   38K    39   26.33   26.31
c rst  geom best  vmt   379  111K    1898 17272  1710    6.66    6.24    95   290   39K    39   26.34   26.32
c rst  geom best  vmt   380  112K    1898 17272  1710    6.66    6.24    95   290   39K    39   26.32   26.29
c rst  geom best  vmt   381  112K    1898 17272  1710    6.66    6.24    95   290   39K    39   26.29   26.26
c rst  geom best  vmt   382  112K    1898 17272  1710    6.66    6.24    95   290   39K    39   26.29   26.27
c rst  geom best  vmt   383  113K    1898 17272  1710    6.66    6.24    96   290   40K    39   26.29   26.26
c rst  geom best  vmt   384  113K    1898 17272  1710    6.66    6.24    96   291   40K    39   26.30   26.27
c rst  geom best  vmt   385  113K    1898 17272  1710    6.66    6.24    96   293   41K    39   26.35   26.32
c [distill-long-red0] cls tried: 30/30 T: 0.00 T-out: N T-r: 99.92%
c [distill-long-red1] cls tried: 67/175 T: 0.01 T-out: Y T-r: -0.77%
c rst  geom best  vmt   386  114K    1898 17272  1710    6.66    6.24    96   301   41K    39   26.32   26.29
c [distill-bin] useful: 0/1710/1710 lits-rem: 0 cl-rem: 0 0-depth-assigns: 0 T: 0.01 T-out: N
c rst  geom best  vmt   387  114K    1898 17272  1710    6.66    6.24    96   301   42K    39   26.34   26.32
c rst  geom best  vmt   388  115K    1898 17272  1710    6.66    6.24    96   314   42K    39   26.31   26.29
c [gauss] XOR-encoding clauses are not detached, so no need to reattach them.
c [g 0] truth-find prop checks  : 897K
c [g 0] -> of which prop        : 38.50 %
c [g 0] -> of which confl       :  2.04 %
c [g 0] elim called             : 117K
c [g 0] ---> which lead to prop : 151.92 %
c [g 0] ---> which lead to confl:  9.32 %
c [g 0] size: 40    x 80   
c [scc] new: 0 BP 0M T: 0.00
c [vrep] vars 0 lits 0 rem-bin-cls 0 rem-long-cls 0 BP 0M T: 0.00
c [intree] Set 0 vars hyper-added: 5 trans-irred: 0 trans-red: 0 T: 0.01 T-out: N T-r: -0.71%
c [find&init matx] performing matrix init
c [gauss] XOR-encoding clauses are not detached, so no need to reattach them.
c [xor-rem-unconnected] left with 214 xors from 214 non-empty xors T: 0.00
c [xor-together] xored together: 174 orig xors: 214 new xors: 40 T: 0.00
c [xor-rem-unconnected] left with 40 xors from 40 non-empty xors T: 0.00
c [xor-clean-equiv] removed equivalent xors: 0 left with: 40
c [matrix] unused xors from cleaning: 0
c [matrix] Good   matrix 0 40      x80     density:0.2634  xorlen avg: 21.07
c [matrix] Using 1 matrices recovered from 0 xors T: 0.00 T-out: N
c rst  geom best vmt  389   115 K 1898    17272  1710 6.66    6.24       97   314   43K    44 26.32   26.29  
c rst  geom best vmt  390   116 K 1898    17272  1710 6.66    6.24      100   320   43K    44 26.26   26.24  
c rst  geom stb  vmt  391   117 K 1898    17272  1710 6.66    6.24      101   326   44K    44 26.27   26.24  
c rst  geom stb  vmt  392   118 K 1898    17272  1710 6.66    6.24      101   331   45K    44 26.46   26.43  
c [branch] adjusting to: vsid (from: vmtf) var_decay:0.95 descr: VSIDS
c rst  geom stb  vs   393   118 K 1898    17272  1710 6.66    6.24      101   331   45K    44 26.46   26.44  
c rst  geom stb  vs   394   118 K 1898    17272  1710 6.66    6.24      101   331   45K    44 26.46   26.44  
c rst  geom stb  vs   395   118 K 1898    17272  1710 6.66    6.24      101   331   45K    44 26.46   26.44  
c rst  geom stb  vs   396   118 K 1898    17272  1710 6.66    6.24      101   331   45K    44 26.47   26.45  
c rst  geom stb  vs   397   118 K 1898    17272  1710 6.66    6.24      101   331   45K    44 26.48   26.46  
c rst  geom stb  vs   398   118 K 1898    17272  1710 6.66    6.24      101   331   46K    44 26.49   26.47  
c rst  geom stb  vs   399   119 K 1898    17272  1710 6.66    6.24      101   331   46K    44 26.49   26.47  
c rst  geom stb  vs   400   119 K 1898    17272  1710 6.66    6.24      101   331   46K    44 26.51   26.48  
c rst  geom stb  vs   401   119 K 1898    17272  1710 6.66    6.24      101   331   46K    44 26.52   26.50  
c rst  geom stb  vs   402   119 K 1898    17272  1710 6.66    6.24      101   331   47K    44 26.55   26.53  
c rst  geom stb  vs   403   120 K 1898    17272  1710 6.66    6.24      153   419   32K    44 26.52   26.48  
c rst  geom stb  vs   404   120 K 1898    17272  1710 6.66    6.24      153   419   33K    44 26.55   26.52  
c rst  geom stb  vs   405   120 K 1898    17272  1710 6.66    6.24      153   419   33K    44 26.57   26.54  
c rst  geom stb  vs   406   121 K 1898    17272  1710 6.66    6.24      153   419   33K    44 26.61   26.58  
c rst  geom stb  vs   407   121 K 1898    17272  1710 6.66    6.24      153   419   34K    44 26.66   26.63  
c rst  geom stb  vs   408   122 K 1898    17272  1710 6.66    6.24      153   419   34K    44 26.70   26.66  
c rst  geom stb  vs   409   122 K 1898    17272  1710 6.66    6.24      153   419   35K    44 26.76   26.73  
c rst  geom stb  vs   410   123 K 1898    17272  1710 6.66    6.24      153   419   35K    44 26.82   26.79  
c [full-probe]  bin_only: 0 set: 0 repl: 0 T: 0.00 T-out: N T-r: 98.17%
c rst  geom ibes vs   411   123 K 1898    17272  1710 6.66    6.24      153   420   36K    44 26.73   26.70  
c rst  geom ibes vs   412   124 K 1898    17272  1710 6.66    6.24      153   422   36K    44 26.61   26.58  
c rst  geom ibes vs   413   125 K 1898    17272  1710 6.66    6.24      153   422   37K    44 26.47   26.45  
c rst  geom ibes vs   414   125 K 1898    17272  1710 6.66    6.24      153   422   38K    44 26.34   26.31  
c rst  geom ibes vs   415   126 K 1898    17272  1710 6.66    6.24      153   422   39K    44 26.23   26.20  
c rst  geom ibes vs   416   127 K 1898    17272  1710 6.66    6.24      153   426   40K    44 26.08   26.05  
c [distill] watch-based irred--  cl tried 18184    cl-sh 0     cl-rem 0    lit-rem 0      T: 0.03 T-out: Y
c [distill] watch-based red  --  cl tried 306      cl-sh 2     cl-rem 0    lit-rem 2      T: 0.00 T-out: N
c rst  geom ibes vs   417   128 K 1898    17272  1710 6.66    6.24      153   426   41K    44 25.92   25.90  
c rst  geom ibes vs   418   129 K 1898    17272  1710 6.66    6.24      153   426   42K    44 25.77   25.75  
c [distill-long-red0] cls tried: 53/53 T: 0.00 T-out: N T-r: 99.87%
c [distill-long-red1] cls tried: 51/246 T: 0.01 T-out: Y T-r: -2.41%
c rst  geom svd  vs   419   131 K 1898    17272  1710 6.66    6.24      164   413   43K    44 25.91   25.88  
c rst  geom svd  vs   420   132 K 1898    17272  1710 6.66    6.24      164   419   45K    44 25.92   25.90  
c [ccnr] tries: 0 steps: 262143 best found: 3
c [ccnr] saving best assignment phase to stable_polar
c [ccnr] bumping based on var unsat frequency: conflict_ct
c [ccnr] Bumped vars: 1898 bump type: 6
c [ccnr] time: 0.26
c rst  geom svd  vs   421   134 K 1898    17272  1710 6.66    6.24      164   430   46K    44 25.88   25.86  
c rst  geom svd  vs   422   134 K 1898    17272  1710 6.66    6.24      164   433   47K    44 25.87   25.85  
c recursive minimization cost OK: 306Kcost/(% lits removed)
c [gauss] XOR-encoding clauses are not detached, so no need to reattach them.
c [g 0] truth-find prop checks  : 307K
c [g 0] -> of which prop        : 41.87 %
c [g 0] -> of which confl       :  1.66 %
c [g 0] elim called             : 29K
c [g 0] ---> which lead to prop : 162.78 %
c [g 0] ---> which lead to confl:  7.71 %
c [g 0] size: 40    x 80   
c --> Executing strategy token: scc-vrepl
c [scc] new: 0 BP 0M T: 0.00
c --> Executing strategy token: sub-impl
c [impl-sub] bin: 0 T: 0.00 T-out: N w-visit: 3796
c --> Executing strategy token: breakid
c --> Executing OCC strategy token(s): 'occ-backw-sub-str,occ-clean-implicit,occ-bve,occ-bva,occ-ternary-res,occ-xor,'
c [occ] mem usage for occur 1      MB
c [occ] Linked in IRRED BIN by default: 1710
c [occ] Linked in RED   BIN by default: 44
c [occ] mem usage for occur 0      MB
c Mem for watch alloc      : 5           MB (16.15     %)
c Mem for watch array      : 0           MB (0.27      %)
c --> Executing OCC strategy token: occ-backw-sub-str
c [occ-backw-sub-str-long-w-bins] subs: 0 str: 0 tried: 43718 0-depth ass: 0 T: 0.00 T-out: N T-r: 99.60%
c [occ-backw-sub-long-w-long] rem cl: 10 tried: 64915/64915 (100.0%) T: 0.01 T-out: N T-r: 96.97%
c [occ-backw-sub-str-long-w-long] sub: 0 str: 3 tried: 194745/64915 (300.0)  T: 0.06 T-out: N T-r: 87.50%
c --> Executing OCC strategy token: occ-clean-implicit
c --> Executing OCC strategy token: occ-bve
c [occ-empty-res] Empty resolvent elimed: 0 T: 0.00 T-out: N
c [occ-bve] turning off picosat-based irreg gate detection, added lits:  231K
c [occ-bve] iter v-elim 0
c cl_inc_rate=1.0, var_dec_rate=1.0 (grow=0)
c Reduced to 1898 vars, 18982 cls (grow=0)
c [occ-bve] iter v-elim 0
c cl_inc_rate=1.0, var_dec_rate=1.0 (grow=8)
c Reduced to 1898 vars, 18982 cls (grow=8)
c [occ-bve] iter v-elim 0
c cl_inc_rate=1.0, var_dec_rate=1.0 (grow=16)
c Reduced to 1898 vars, 18982 cls (grow=16)
c x n vars       : 1898
c #try to eliminate:  5694
c #var-elim        :     0
c #T-o: N
c #T-r: 99.99%
c #T  : 0.85
c [occur] 0.03 is overhead
c [occur] link-in T: 0.03 cleanup T: 0.00
c --> Executing OCC strategy token: occ-bva
c --> Executing OCC strategy token: occ-ternary-res
c [occ-ternary-res] Ternary res-tri: 0 res-bin: 0 sub: 0 str: 0 T: 0.00 T-out: N T-r: 99.80%
c --> Executing OCC strategy token: occ-xor
c [occ-xor] sort occur list T: 0.00
c [xor-clean-equiv] removed equivalent xors: 0 left with: 208
c [occ-xor] found    208 avg sz 5.6 min sz  4 max sz  6 T: 0.01 T-out: N T-r: 99.97%
c --> Executing strategy token: card-find
c --> Executing strategy token: cl-consolidate
c Not consolidating memory.
c --> Executing strategy token: scc-vrepl
c [scc] new: 0 BP 0M T: 0.00
c --> Executing strategy token: renumber
c --> Executing strategy token: bosphorus
c --> Executing strategy token: louvain-comms
c [consolidate] mini T: 0.00
c global_timeout_multiplier: 3.6300
c [branch] rebuilding order heap for all branchings. Current branching: vsid
c [find&init matx] performing matrix init
c [gauss] XOR-encoding clauses are not detached, so no need to reattach them.
c [xor-rem-unconnected] left with 208 xors from 208 non-empty xors T: 0.00
c [xor-together] xored together: 167 orig xors: 208 new xors: 41 T: 0.00
c [xor-rem-unconnected] left with 41 xors from 41 non-empty xors T: 0.00
c [xor-clean-equiv] removed equivalent xors: 0 left with: 41
c [matrix] unused xors from cleaning: 0
c [matrix] Good   matrix  0     41 x   85  density:0.2359  xorlen avg: 20.05
c [matrix] Using 1 matrices recovered from 0 xors T: 0.00 T-out: N
c [distill-bin] useful: 0/1710/1710 lits-rem: 0 cl-rem: 0 0-depth-assigns: 0 T: 0.01 T-out: N
c rst  geom  svd   vs   423  135K    1898 17272  1710    6.66    6.24   158   505   35K    44   26.39   26.36
c [branch] adjusting to: vmtf (from: vsid) var_decay:0.95 descr: VMTF
c rst  luby  svd  vmt   424  135K    1898 17272  1710    6.66    6.24   161   524   35K    44   26.36   26.33
c rst  luby  svd  vmt   425  136K    1898 17272  1710    6.66    6.24   161   529   35K    44   26.37   26.34
c rst  luby  svd  vmt   426  136K    1898 17272  1710    6.66    6.24   161   529   35K    44   26.41   26.38
c rst  luby  svd  vmt   427  136K    1898 17272  1710    6.66    6.24   161   529   35K    44   26.43   26.40
c rst  geom best  vmt   428  136K    1898 17272  1710    6.66    6.24   161   529   35K    44   26.42   26.39
c rst  geom best  vmt   429  136K    1898 17272  1710    6.66    6.24   161   529   35K    44   26.42   26.39
c rst  geom best  vmt   430  136K    1898 17272  1710    6.66    6.24   161   529   35K    44   26.42   26.39
c rst  geom best  vmt   431  136K    1898 17272  1710    6.66    6.24   161   529   36K    44   26.43   26.41
c rst  geom best  vmt   432  136K    1898 17272  1710    6.66    6.24   161   532   36K    44   26.47   26.44
c rst  geom best  vmt   433  137K    1898 17272  1710    6.66    6.24   161   532   36K    44   26.47   26.44
c rst  geom best  vmt   434  137K    1898 17272  1710    6.66    6.24   161   532   36K    44   26.47   26.44
c rst  geom best  vmt   435  137K    1898 17272  1710    6.66    6.24   162   534   36K    44   26.44   26.41
c rst  geom best  vmt   436  137K    1898 17272  1710    6.66    6.24   162   534   37K    44   26.44   26.41
c rst  geom best  vmt   437  138K    1898 17272  1710    6.66    6.24   162   534   37K    44   26.45   26.42
c rst  geom best  vmt   438  138K    1898 17272  1710    6.66    6.24   162   534   37K    44   26.42   26.40
c rst  geom best  vmt   439  138K    1898 17272  1710    6.66    6.24   162   535   37K    44   26.45   26.42
c rst  geom best  vmt   440  139K    1898 17272  1710    6.66    6.24   162   535   38K    44   26.41   26.39
c rst  geom best  vmt   441  139K    1898 17272  1710    6.66    6.24   162   536   38K    44   26.40   26.38
c rst  geom best  vmt   442  139K    1898 17272  1710    6.66    6.24   162   536   39K    44   26.46   26.44
c rst  geom best  vmt   443  140K    1898 17272  1710    6.66    6.24   183   506   39K    44   26.52   26.49
c rst  geom best  vmt   444  140K    1898 17272  1710    6.66    6.24   183   507   40K    44   26.56   26.53
c rst  geom best  vmt   445  141K    1898 17272  1710    6.66    6.24   183   507   40K    44   26.51   26.49
c rst  geom best  vmt   446  141K    1898 17272  1710    6.66    6.24   183   508   41K    44   26.53   26.50
c rst  geom best  vmt   447  142K    1898 17272  1710    6.66    6.24   183   508   41K    44   26.53   26.51
c rst  geom best  vmt   448  143K    1898 17272  1710    6.66    6.24   183   508   42K    44   26.56   26.54
c [full-probe]  bin_only: 1 set: 0 repl: 0 T: 0.01 T-out: N T-r: 99.82%
c rst  geom  stb  vmt   449  144K    1898 17272  1710    6.66    6.24   183   510   43K    44   26.59   26.57
c rst  geom  stb  vmt   450  144K    1898 17272  1710    6.66    6.24   184   513   44K    44   26.53   26.50
c [distill-long-red0] cls tried: 37/37 T: 0.00 T-out: N T-r: 99.93%
c [distill-long-red1] cls tried: 73/299 T: 0.01 T-out: Y T-r: -1.62%
c rst  geom  stb  vmt   451  145K    1898 17272  1710    6.66    6.24   184   517   45K    44   26.63   26.61
c rst  geom  stb  vmt   452  146K    1898 17272  1710    6.66    6.24   184   518   46K    44   26.62   26.60
c rst  geom  stb  vmt   453  148K    1898 17272  1710    6.66    6.24   184   530   47K    44   26.55   26.53
c rst  geom  stb  vmt   454  149K    1898 17272  1710    6.66    6.24   184   531   48K    44   26.69   26.67
c rst  geom  stb  vmt   455  150K    1898 17272  1710    6.66    6.24   213   577   36K    44   26.02   25.99
c rst  geom ibes  vmt   456  152K    1898 17272  1710    6.66    6.24   213   580   37K    44   25.90   25.87
c rst  geom ibes  vmt   457  154K    1898 17272  1710    6.66    6.24   213   583   39K    44   25.81   25.78
c [branch] adjusting to: vsid (from: vmtf) var_decay:0.95 descr: VSIDS
c [distill] watch-based irred--  cl tried    20112 cl-sh     0 cl-rem    0 lit-rem      0 T: 0.03 T-out: Y
c [distill] watch-based   red--  cl tried      426 cl-sh     0 cl-rem    0 lit-rem      0 T: 0.00 T-out: N
c rst  geom ibes   vs   458  154K    1898 17272  1710    6.66    6.24   213   584   39K    44   25.79   25.76
c rst  geom ibes   vs   459  154K    1898 17272  1710    6.66    6.24   213   584   39K    44   25.77   25.75
c rst  geom ibes   vs   460  154K    1898 17272  1710    6.66    6.24   213   584   39K    44   25.76   25.73
c rst  geom ibes   vs   461  154K    1898 17272  1710    6.66    6.24   213   584   39K    44   25.74   25.71
c [distill-bin] useful: 0/1710/1710 lits-rem: 0 cl-rem: 0 0-depth-assigns: 0 T: 0.01 T-out: N
c rst  geom ibes   vs   462  154K    1898 17272  1710    6.66    6.24   213   584   40K    44   25.71   25.69
c rst  geom ibes   vs   463  154K    1898 17272  1710    6.66    6.24   213   584   40K    44   25.70   25.67
c rst  geom ibes   vs   464  155K    1898 17272  1710    6.66    6.24   213   584   40K    44   25.68   25.65
c rst  geom ibes   vs   465  155K    1898 17272  1710    6.66    6.24   213   584   40K    44   25.64   25.62
c rst  geom ibes   vs   466  155K    1898 17272  1710    6.66    6.24   214   584   40K    44   25.62   25.59
c rst  geom ibes   vs   467  155K    1898 17272  1710    6.66    6.24   214   584   41K    44   25.58   25.55
c rst  geom ibes   vs   468  156K    1898 17272  1710    6.66    6.24   214   584   41K    44   25.54   25.52
c rst  geom ibes   vs   469  156K    1898 17272  1710    6.66    6.24   214   584   41K    44   25.49   25.47
c rst  geom ibes   vs   470  156K    1898 17272  1710    6.66    6.24   214   584   42K    44   25.46   25.44
c rst  geom ibes   vs   471  157K    1898 17272  1710    6.66    6.24   214   584   42K    44   25.44   25.41
c rst  geom ibes   vs   472  157K    1898 17272  1710    6.66    6.24   214   584   42K    44   25.39   25.37
c rst  geom  svd   vs   473  157K    1898 17272  1710    6.66    6.24   214   584   43K    44   25.36   25.34
c rst  geom  svd   vs   474  158K    1898 17272  1710    6.66    6.24   214   584   43K    44   25.35   25.33
c rst  geom  svd   vs   475  158K    1898 17272  1710    6.66    6.24   214   584   44K    44   25.40   25.37
c rst  geom  svd   vs   476  159K    1898 17272  1710    6.66    6.24   214   585   44K    44   25.44   25.42
c rst  geom  svd   vs   477  160K    1898 17272  1710    6.66    6.24   224   567   45K    44   25.47   25.45
c [distill-long-red0] cls tried: 37/37 T: 0.00 T-out: N T-r: 99.92%
c [distill-long-red1] cls tried: 94/312 T: 0.01 T-out: Y T-r: -3.08%
c rst  geom  svd   vs   478  160K    1898 17272  1710    6.66    6.24   224   571   46K    44   25.44   25.42
c [impl-str] lit bin: 0 set-var: 0 T: 0.00 T-out: N T-r: 99.95% w-visit: 3796
c [impl-sub] bin: 0 T: 0.00 T-out: N w-visit: 3796
c rst  geom  svd   vs   479  161K    1898 17272  1710    6.66    6.24   224   571   47K    44   25.48   25.46
c rst  geom  svd   vs   480  162K    1898 17272  1710    6.66    6.24   225   571   47K    44   25.46   25.44
c rst  geom  svd   vs   481  163K    1898 17272  1710    6.66    6.24   225   571   48K    44   25.48   25.46
c [full-probe]  bin_only: 0 set: 0 repl: 0 T: 0.01 T-out: N T-r: 98.00%
c rst  geom  svd   vs   482  164K    1898 17272  1710    6.66    6.24   225   571   49K    44   25.42   25.40
c rst  geom best   vs   483  165K    1898 17272  1710    6.66    6.24   227   622   36K    44   25.31   25.28
c rst  geom best   vs   484  167K    1898 17272  1710    6.66    6.24   227   624   38K    44   25.30   25.27
c rst  geom best   vs   485  168K    1898 17272  1710    6.66    6.24   227   627   39K    44   25.29   25.26
c rst  geom best   vs   486  170K    1898 17272  1710    6.66    6.24   227   627   41K    44   25.26   25.24
c rst  geom best   vs   487  171K    1898 17272  1710    6.66    6.24   233   587   42K    44   25.26   25.23
c rst  geom  stb   vs   488  173K    1898 17272  1710    6.66    6.24   233   589   44K    44   25.32   25.30
c rst  geom  stb   vs   489  175K    1898 17272  1710    6.66    6.24   233   590   46K    44   25.43   25.41
c [branch] adjusting to: vmtf (from: vsid) var_decay:0.95 descr: VMTF
c [distill-long-red0] cls tried: 9/9 T: 0.00 T-out: N T-r: 99.97%
c [distill-long-red1] cls tried: 80/266 T: 0.01 T-out: Y T-r: -1.38%
c [distill-bin] useful: 0/1710/1710 lits-rem: 0 cl-rem: 0 0-depth-assigns: 0 T: 0.00 T-out: N
c rst  luby  stb  vmt   490  175K    1898 17272  1710    6.66    6.24   233   590   46K    44   25.43   25.41
c rst  luby  stb  vmt   491  175K    1898 17272  1710    6.66    6.24   233   591   47K    44   25.44   25.42
c rst  luby  stb  vmt   492  176K    1898 17272  1710    6.66    6.24   233   593   47K    44   25.46   25.44
c rst  luby  stb  vmt   493  176K    1898 17272  1710    6.66    6.24   233   594   47K    44   25.46   25.44
c rst  luby  stb  vmt   494  176K    1898 17272  1710    6.66    6.24   233   595   47K    44   25.46   25.44
c rst  luby  stb  vmt   495  176K    1898 17272  1710    6.66    6.24   233   597   47K    44   25.46   25.44
c rst  luby  stb  vmt   496  176K    1898 17272  1710    6.66    6.24   233   598   48K    44   25.48   25.46
c [ccnr] tries: 0 steps: 262143 best found: 3
c [ccnr] saving best assignment phase to stable_polar
c [ccnr] bumping based on clause weights
c [ccnr] Bumped vars: 102 bump type: 6
c [ccnr] time: 0.27
c rst  luby  stb  vmt   497  176K    1898 17272  1710    6.66    6.24   233   599   48K    44   25.52   25.50
c rst  luby  stb  vmt   498  177K    1898 17272  1710    6.66    6.24   233   602   48K    44   25.55   25.52
c rst  luby  stb  vmt   499  177K    1898 17272  1710    6.66    6.24   233   610   48K    44   25.59   25.57
c rst  luby  stb  vmt   500  177K    1898 17272  1710    6.66    6.24   233   612   48K    44   25.60   25.58
c rst  luby  stb  vmt   501  177K    1898 17272  1710    6.66    6.24   233   623   48K    44   25.60   25.58
c rst  luby  stb  vmt   502  177K    1898 17272  1710    6.66    6.24   233   626   48K    44   25.63   25.61
c rst  luby  stb  vmt   503  178K    1898 17272  1710    6.66    6.24   233   629   49K    44   25.73   25.71
c rst  luby  stb  vmt   504  178K    1898 17272  1710    6.66    6.24   233   629   49K    44   25.87   25.84
c rst  luby ibes  vmt   505  178K    1898 17272  1710    6.66    6.24   233   629   50K    44   25.86   25.84
c rst  luby ibes  vmt   506  179K    1898 17272  1710    6.66    6.24   233   630   50K    44   25.86   25.84
c [distill] watch-based irred--  cl tried    16309 cl-sh     0 cl-rem    0 lit-rem      0 T: 0.03 T-out: Y
c [distill] watch-based   red--  cl tried      466 cl-sh     0 cl-rem    0 lit-rem      0 T: 0.00 T-out: N
c rst  luby ibes  vmt   507  179K    1898 17272  1710    6.66    6.24   234   636   50K    44   25.88   25.86
c rst  luby ibes  vmt   508  179K    1898 17272  1710    6.66    6.24   234   637   50K    44   25.88   25.86
c rst  luby ibes  vmt   509  179K    1898 17272  1710    6.66    6.24   234   637   50K    44   25.88   25.86
c rst  luby ibes  vmt   510  179K    1898 17272  1710    6.66    6.24   234   638   50K    44   25.88   25.86
c rst  luby ibes  vmt   511  180K    1898 17272  1710    6.66    6.24   311   576   35K    44   25.51   25.48
c rst  luby ibes  vmt   512  180K    1898 17272  1710    6.66    6.24   311   576   35K    44   25.50   25.48
c rst  luby ibes  vmt   513  180K    1898 17272  1710    6.66    6.24   311   576   35K    44   25.50   25.47
c rst  luby ibes  vmt   514  180K    1898 17272  1710    6.66    6.24   311   576   36K    44   25.46   25.43
c [gauss] XOR-encoding clauses are not detached, so no need to reattach them.
c [g 0] truth-find prop checks  : 811K
c [g 0] -> of which prop        : 36.39 %
c [g 0] -> of which confl       :  1.61 %
c [g 0] elim called             : 98K
c [g 0] ---> which lead to prop : 139.85 %
c [g 0] ---> which lead to confl:  7.06 %
c [g 0] size: 41    x 85   
c [scc] new: 0 BP 0M T: 0.00
c [vrep] vars 0 lits 0 rem-bin-cls 0 rem-long-cls 0 BP 0M T: 0.00
c [intree] Set 0 vars hyper-added: 0 trans-irred: 0 trans-red: 0 T: 0.01 T-out: N T-r: -0.75%
c [find&init matx] performing matrix init
c [gauss] XOR-encoding clauses are not detached, so no need to reattach them.
c [xor-rem-unconnected] left with 208 xors from 208 non-empty xors T: 0.00
c [xor-together] xored together: 167 orig xors: 208 new xors: 41 T: 0.00
c [xor-rem-unconnected] left with 41 xors from 41 non-empty xors T: 0.00
c [xor-clean-equiv] removed equivalent xors: 0 left with: 41
c [matrix] unused xors from cleaning: 0
c [matrix] Good   matrix 0 41      x85     density:0.2359  xorlen avg: 20.05
c [matrix] Using 1 matrices recovered from 0 xors T: 0.00 T-out: N
c rst  luby ibes vmt  515   180 K 1898    17272  1710 6.66    6.24      311   579   36K    44 25.45   25.42  
c rst  luby ibes vmt  516   180 K 1898    17272  1710 6.66    6.24      312   580   36K    44 25.46   25.43  
c rst  luby ibes vmt  517   180 K 1898    17272  1710 6.66    6.24      313   580   36K    44 25.45   25.42  
c rst  luby ibes vmt  518   181 K 1898    17272  1710 6.66    6.24      313   580   36K    44 25.43   25.40  
c rst  luby ibes vmt  519   182 K 1898    17272  1710 6.66    6.24      314   584   37K    44 25.39   25.37  
c rst  luby ibes vmt  520   183 K 1898    17272  1710 6.66    6.24      314   585   39K    44 25.44   25.41  
c [full-probe]  bin_only: 1 set: 0 repl: 0 T: 0.01 T-out: N T-r: 99.78%
c rst  luby ibes vmt  521   183 K 1898    17272  1710 6.66    6.24      314   586   39K    44 25.43   25.41  
c rst  luby ibes vmt  522   183 K 1898    17272  1710 6.66    6.24      314   587   39K    44 25.44   25.42  
c rst  luby ibes vmt  523   184 K 1898    17272  1710 6.66    6.24      315   593   39K    44 25.47   25.45  
c rst  luby ibes vmt  524   184 K 1898    17272  1710 6.66    6.24      315   593   39K    44 25.48   25.45  
c rst  luby ibes vmt  525   184 K 1898    17272  1710 6.66    6.24      315   593   39K    44 25.47   25.45  
c rst  luby ibes vmt  526   184 K 1898    17272  1710 6.66    6.24      315   593   40K    44 25.47   25.45  
c rst  luby ibes vmt  527   184 K 1898    17272  1710 6.66    6.24      315   594   40K    44 25.46   25.43  
c rst  luby ibes vmt  528   184 K 1898    17272  1710 6.66    6.24      315   594   40K    44 25.46   25.44  
c rst  luby ibes vmt  529   185 K 1898    17272  1710 6.66    6.24      315   594   40K    44 25.45   25.43  
c rst  luby ibes vmt  530   185 K 1898    17272  1710 6.66    6.24      315   601   40K    44 25.45   25.43  
c rst  luby ibes vmt  531   185 K 1898    17272  1710 6.66    6.24      315   602   40K    44 25.45   25.42  
c rst  luby ibes vmt  532   185 K 1898    17272  1710 6.66    6.24      315   602   41K    44 25.46   25.44  
c rst  luby ibes vmt  533   185 K 1898    17272  1710 6.66    6.24      315   603   41K    44 25.45   25.42  
c rst  luby svd  vmt  534   186 K 1898    17272  1710 6.66    6.24      316   604   41K    44 25.51   25.49  
c rst  luby svd  vmt  535   186 K 1898    17272  1710 6.66    6.24      316   604   42K    44 25.65   25.62  
c rst  luby svd  vmt  536   187 K 1898    17272  1710 6.66    6.24      316   608   42K    44 25.66   25.64  
c rst  luby svd  vmt  537   187 K 1898    17272  1710 6.66    6.24      316   608   42K    44 25.68   25.66  
c rst  luby svd  vmt  538   187 K 1898    17272  1710 6.66    6.24      316   608   42K    44 25.72   25.70  
c rst  luby svd  vmt  539   187 K 1898    17272  1710 6.66    6.24      316   608   42K    44 25.74   25.72  
c rst  luby svd  vmt  540   187 K 1898    17272  1710 6.66    6.24      316   608   43K    44 25.76   25.73  
c rst  luby svd  vmt  541   187 K 1898    17272  1710 6.66    6.24      316   609   43K    44 25.78   25.76  
c rst  luby svd  vmt  542   188 K 1898    17272  1710 6.66    6.24      316   610   43K    44 25.81   25.78  
c rst  luby svd  vmt  543   188 K 1898    17272  1710 6.66    6.24      316   610   43K    44 25.82   25.80  
c rst  luby svd  vmt  544   188 K 1898    17272  1710 6.66    6.24      316   610   43K    44 25.84   25.81  
c rst  luby svd  vmt  545   188 K 1898    17272  1710 6.66    6.24      316   610   44K    44 25.85   25.83  
c rst  luby svd  vmt  546   188 K 1898    17272  1710 6.66    6.24      316   610   44K    44 25.86   25.84  
c rst  luby svd  vmt  547   188 K 1898    17272  1710 6.66    6.24      316   611   44K    44 25.87   25.84  
c rst  luby svd  vmt  548   188 K 1898    17272  1710 6.66    6.24      316   611   44K    44 25.88   25.86  
c rst  luby svd  vmt  549   189 K 1898    17272  1710 6.66    6.24      316   612   44K    44 25.92   25.90  
c rst  luby svd  vmt  550   190 K 1898    17272  1710 6.66    6.24      356   495   45K    44 26.02   25.99  
c rst  luby svd  vmt  551   191 K 1898    17272  1710 6.66    6.24      356   499   47K    44 26.13   26.11  
c [distill-long-red0] cls tried: 111/111 T: 0.01 T-out: N T-r: 99.70%
c [distill-long-red1] cls tried: 68/225 T: 0.01 T-out: Y T-r: -1.56%
c rst  luby svd  vmt  552   194 K 1898    17272  1710 6.66    6.24      356   504   50K    44 26.30   26.28  
c rst  geom best vmt  553   195 K 1898    17272  1710 6.66    6.24      358   551   34K    44 26.86   26.83  
c rst  geom best vmt  554   195 K 1898    17272  1710 6.66    6.24      359   553   34K    44 26.88   26.85  
c rst  geom best vmt  555   195 K 1898    17272  1710 6.66    6.24      359   553   34K    44 26.89   26.86  
c rst  geom best vmt  556   195 K 1898    17272  1710 6.66    6.24      359   553   35K    44 26.88   26.85  
c rst  geom best vmt  557   195 K 1898    17272  1710 6.66    6.24      359   553   35K    44 26.89   26.86  
c rst  geom best vmt  558   195 K 1898    17272  1710 6.66    6.24      360   554   35K    44 26.89   26.86  
c [distill-bin] useful: 0/1710/1710 lits-rem: 0 cl-rem: 0 0-depth-assigns: 0 T: 0.01 T-out: N
c rst  geom best vmt  559   195 K 1898    17272  1710 6.66    6.24      360   555   35K    44 26.89   26.86  
c rst  geom best vmt  560   196 K 1898    17272  1710 6.66    6.24      360   555   35K    44 26.87   26.84  
c rst  geom best vmt  561   196 K 1898    17272  1710 6.66    6.24      360   555   36K    44 26.91   26.88  
c rst  geom best vmt  562   196 K 1898    17272  1710 6.66    6.24      362   566   36K    44 26.94   26.91  
c rst  geom best vmt  563   196 K 1898    17272  1710 6.66    6.24      362   566   36K    44 26.89   26.87  
c rst  geom best vmt  564   197 K 1898    17272  1710 6.66    6.24      362   568   36K    44 26.93   26.90  
c rst  geom best vmt  565   197 K 1898    17272  1710 6.66    6.24      362   568   37K    44 26.92   26.90  
c rst  geom best vmt  566   197 K 1898    17272  1710 6.66    6.24      362   568   37K    44 26.88   26.86  
c [branch] adjusting to: vsid (from: vmtf) var_decay:0.95 descr: VSIDS
c rst  geom best vs   567   198 K 1898    17272  1710 6.66    6.24      362   568   37K    44 26.89   26.87  
c rst  geom best vs   568   198 K 1898    17272  1710 6.66    6.24      362   568   37K    44 26.89   26.87  
c rst  geom best vs   569   198 K 1898    17272  1710 6.66    6.24      362   569   37K    44 26.90   26.87  
c rst  geom best vs   570   198 K 1898    17272  1710 6.66    6.24      362   569   38K    44 26.88   26.85  
c rst  geom best vs   571   198 K 1898    17272  1710 6.66    6.24      362   569   38K    44 26.88   26.85  
c rst  geom best vs   572   198 K 1898    17272  1710 6.66    6.24      362   569   38K    44 26.87   26.85  
c rst  geom best vs   573   199 K 1898    17272  1710 6.66    6.24      362   569   38K    44 26.88   26.85  
c rst  geom best vs   574   199 K 1898    17272  1710 6.66    6.24      362   570   38K    44 26.87   26.85  
c rst  geom best vs   575   199 K 1898    17272  1710 6.66    6.24      362   571   39K    44 26.87   26.85  
c rst  geom best vs   576   199 K 1898    17272  1710 6.66    6.24      362   571   39K    44 26.87   26.84  
c rst  geom best vs   577   200 K 1898    17272  1710 6.66    6.24      379   509   39K    44 26.85   26.83  
c rst  geom best vs   578   200 K 1898    17272  1710 6.66    6.24      379   509   40K    44 26.86   26.83  
c rst  geom best vs   579   200 K 1898    17272  1710 6.66    6.24      379   510   40K    44 26.86   26.83  
c rst  geom best vs   580   201 K 1898    17272  1710 6.66    6.24      379   510   40K    44 26.87   26.84  
c rst  geom best vs   581   201 K 1898    17272  1710 6.66    6.24      379   511   41K    44 26.85   26.82  
c rst  geom best vs   582   201 K 1898    17272  1710 6.66    6.24      379   511   41K    44 26.83   26.81  
c rst  geom best vs   583   202 K 1898    17272  1710 6.66    6.24      379   512   42K    44 26.82   26.80  
c rst  geom stb  vs   584   202 K 1898    17272  1710 6.66    6.24      379   512   42K    44 26.81   26.79  
c rst  geom stb  vs   585   203 K 1898    17272  1710 6.66    6.24      379   512   43K    44 26.80   26.78  
c rst  geom stb  vs   586   204 K 1898    17272  1710 6.66    6.24      379   512   43K    44 26.86   26.83  
c [full-probe]  bin_only: 0 set: 0 repl: 0 T: 0.01 T-out: N T-r: 97.84%
c [distill] watch-based irred--  cl tried 16662    cl-sh 0     cl-rem 0    lit-rem 0      T: 0.03 T-out: Y
c [distill] watch-based red  --  cl tried 758      cl-sh 1     cl-rem 0    lit-rem 1      T: 0.00 T-out: N
c rst  geom stb  vs   587   204 K 1898    17272  1710 6.66    6.24      379   512   44K    44 26.93   26.91  
c rst  geom stb  vs   588   205 K 1898    17272  1710 6.66    6.24      379   512   45K    44 26.99   26.96  
c rst  geom stb  vs   589   206 K 1898    17272  1710 6.66    6.24      379   512   46K    44 27.05   27.03  
c rst  geom stb  vs   590   207 K 1898    17272  1710 6.66    6.24      379   512   47K    44 27.12   27.10  
c [distill-long-red0] cls tried: 21/21 T: 0.00 T-out: N T-r: 99.94%
c [distill-long-red1] cls tried: 92/207 T: 0.01 T-out: Y T-r: -1.78%
c rst  geom stb  vs   591   208 K 1898    17272  1710 6.66    6.24      379   512   48K    44 27.20   27.18  
c rst  geom stb  vs   592   209 K 1898    17272  1710 6.66    6.24      379   517   49K    44 27.23   27.21  
c rst  geom ibes vs   593   211 K 1898    17272  1710 6.66    6.24      396   479   35K    44 27.69   27.66  
c rst  geom ibes vs   594   212 K 1898    17272  1710 6.66    6.24      396   479   36K    44 27.49   27.46  
c rst  geom ibes vs   595   213 K 1898    17272  1710 6.66    6.24      397   480   38K    44 27.27   27.24  
c rst  geom ibes vs   596   215 K 1898    17272  1710 6.66    6.24      399   482   39K    44 27.04   27.02  
c rst  geom ibes vs   597   217 K 1898    17272  1710 6.66    6.24      399   482   41K    44 26.77   26.75  
c [distill-bin] useful: 0/1710/1710 lits-rem: 0 cl-rem: 0 0-depth-assigns: 0 T: 0.01 T-out: N
c rst  geom svd  vs   598   219 K 1898    17272  1710 6.66    6.24      399   488   43K    44 26.57   26.54  
c rst  geom svd  vs   599   221 K 1898    17272  1710 6.66    6.24      410   439   46K    44 26.58   26.56  
c [impl-str] lit bin: 0 set-var: 0 T: 0.00 T-out: N T-r: 99.95% w-visit: 3796
c [impl-sub] bin: 0 T: 0.00 T-out: N w-visit: 3796
c [ccnr] tries: 0 steps: 262143 best found: 2
c [ccnr] saving best assignment phase to stable_polar
c [ccnr] bumping based on var unsat frequency: conflict_ct
c [ccnr] Bumped vars: 1898 bump type: 6
c [ccnr] time: 0.28
c rst  geom svd  vs   600   224 K 1898    17272  1710 6.66    6.24      410   443   48K    44 26.52   26.50  
c [branch] adjusting to: vmtf (from: vsid) var_decay:0.95 descr: VMTF
c [distill-long-red0] cls tried: 22/22 T: 0.00 T-out: N T-r: 99.96%
c [distill-long-red1] cls tried: 99/134 T: 0.01 T-out: Y T-r: -2.94%
c [full-probe]  bin_only: 1 set: 0 repl: 0 T: 0.00 T-out: N T-r: 99.84%
c rst  luby svd  vmt  601   224 K 1898    17272  1710 6.66    6.24      413   452   48K    45 26.50   26.48  
c rst  luby svd  vmt  602   224 K 1898    17272  1710 6.66    6.24      413   455   48K    45 26.53   26.51  
c rst  luby svd  vmt  603   224 K 1898    17272  1710 6.66    6.24      413   455   49K    45 26.55   26.53  
c rst  luby svd  vmt  604   224 K 1898    17272  1710 6.66    6.24      413   455   49K    45 26.56   26.54  
c rst  geom best vmt  605   224 K 1898    17272  1710 6.66    6.24      413   455   49K    45 26.56   26.53  
c rst  geom best vmt  606   225 K 1898    17272  1710 6.66    6.24      417   507   35K    45 25.79   25.76  
c rst  geom best vmt  607   225 K 1898    17272  1710 6.66    6.24      417   507   36K    45 25.79   25.76  
c rst  geom best vmt  608   225 K 1898    17272  1710 6.66    6.24      417   509   36K    45 25.80   25.77  
c rst  geom best vmt  609   225 K 1898    17272  1710 6.66    6.24      417   511   36K    45 25.80   25.77  
c rst  geom best vmt  610   225 K 1898    17272  1710 6.66    6.24      417   511   36K    45 25.79   25.77  
c rst  geom best vmt  611   225 K 1898    17272  1710 6.66    6.24      417   511   36K    45 25.84   25.81  
c rst  geom best vmt  612   226 K 1898    17272  1710 6.66    6.24      417   513   36K    45 25.82   25.79  
c rst  geom best vmt  613   226 K 1898    17272  1710 6.66    6.24      417   513   37K    45 25.81   25.79  
c rst  geom best vmt  614   226 K 1898    17272  1710 6.66    6.24      417   514   37K    45 25.79   25.76  
c rst  geom best vmt  615   226 K 1898    17272  1710 6.66    6.24      417   514   37K    45 25.78   25.75  
c rst  geom best vmt  616   227 K 1898    17272  1710 6.66    6.24      417   514   38K    45 25.79   25.76  
c rst  geom best vmt  617   227 K 1898    17272  1710 6.66    6.24      417   514   38K    45 25.80   25.78  
c rst  geom best vmt  618   227 K 1898    17272  1710 6.66    6.24      417   514   38K    45 25.81   25.79  
c rst  geom best vmt  619   228 K 1898    17272  1710 6.66    6.24      417   516   39K    45 25.87   25.84  
c rst  geom best vmt  620   228 K 1898    17272  1710 6.66    6.24      417   516   39K    45 25.86   25.83  
c rst  geom best vmt  621   229 K 1898    17272  1710 6.66    6.24      417   517   40K    45 25.85   25.82  
c [distill] watch-based irred--  cl tried 19430    cl-sh 0     cl-rem 0    lit-rem 0      T: 0.03 T-out: Y
c [distill] watch-based red  --  cl tried 833      cl-sh 0     cl-rem 1    lit-rem 0      T: 0.00 T-out: N
c rst  geom best vmt  622   229 K 1898    17272  1710 6.66    6.24      416   518   40K    45 25.84   25.81  
c rst  geom best vmt  623   230 K 1898    17272  1710 6.66    6.24      438   474   41K    45 25.81   25.78  
c rst  geom best vmt  624   231 K 1898    17272  1710 6.66    6.24      438   474   41K    45 25.86   25.83  
c rst  geom best vmt  625   231 K 1898    17272  1710 6.66    6.24      438   475   42K    45 25.93   25.91  
c rst  geom best vmt  626   232 K 1898    17272  1710 6.66    6.24      438   475   43K    45 25.90   25.88  
c rst  geom stb  vmt  627   233 K 1898    17272  1710 6.66    6.24      440   483   44K    45 26.04   26.01  
c rst  geom stb  vmt  628   234 K 1898    17272  1710 6.66    6.24      440   483   45K    45 26.19   26.16  
c rst  geom stb  vmt  629   235 K 1898    17272  1710 6.66    6.24      440   483   46K    45 26.28   26.26  
c rst  geom stb  vmt  630   236 K 1898    17272  1710 6.66    6.24      440   484   47K    45 26.43   26.41  
c rst  geom stb  vmt  631   237 K 1898    17272  1710 6.66    6.24      440   484   48K    45 26.58   26.56  
c [distill-bin] useful: 0/1710/1710 lits-rem: 0 cl-rem: 0 0-depth-assigns: 0 T: 0.01 T-out: N
c rst  geom stb  vmt  632   239 K 1898    17272  1710 6.66    6.24      440   485   50K    45 26.78   26.76  
c rst  geom stb  vmt  633   240 K 1898    17272  1710 6.66    6.24      469   486   34K    45 26.22   26.19  
c [distill-long-red0] cls tried: 45/45 T: 0.00 T-out: N T-r: 99.92%
c [distill-long-red1] cls tried: 96/137 T: 0.01 T-out: Y T-r: -1.50%
c rst  geom ibes vmt  634   242 K 1898    17272  1710 6.66    6.24      469   487   36K    45 26.40   26.37  
c rst  geom ibes vmt  635   244 K 1898    17272  1710 6.66    6.24      474   517   37K    45 26.35   26.32  
c recursive minimization cost OK: 449Kcost/(% lits removed)
c [gauss] XOR-encoding clauses are not detached, so no need to reattach them.
c [g 0] truth-find prop checks  : 1029K
c [g 0] -> of which prop        : 39.61 %
c [g 0] -> of which confl       :  1.70 %
c [g 0] elim called             : 124K
c [g 0] ---> which lead to prop : 156.04 %
c [g 0] ---> which lead to confl:  7.57 %
c [g 0] size: 41    x 85   
c --> Executing strategy token: scc-vrepl
c [scc] new: 0 BP 0M T: 0.00
c --> Executing strategy token: sub-impl
c [impl-sub] bin: 0 T: 0.00 T-out: N w-visit: 3796
c --> Executing strategy token: breakid
c --> Executing OCC strategy token(s): 'occ-backw-sub-str,occ-clean-implicit,occ-bve,occ-bva,occ-ternary-res,occ-xor,'
c [occ] mem usage for occur 1      MB
c [occ] Linked in IRRED BIN by default: 1710
c [occ] Linked in RED   BIN by default: 45
c [occ] mem usage for occur 0      MB
c Mem for watch alloc      : 7           MB (16.18     %)
c Mem for watch array      : 0           MB (0.19      %)
c --> Executing OCC strategy token: occ-backw-sub-str
c [occ-backw-sub-str-long-w-bins] subs: 0 str: 0 tried: 45473 0-depth ass: 0 T: 0.00 T-out: N T-r: 99.62%
c [occ-backw-sub-long-w-long] rem cl: 18 tried: 56073/56073 (100.0%) T: 0.01 T-out: N T-r: 97.32%
c [occ-backw-sub-str-long-w-long] sub: 1 str: 5 tried: 168219/56073 (300.0)  T: 0.06 T-out: N T-r: 89.67%
c --> Executing OCC strategy token: occ-clean-implicit
c --> Executing OCC strategy token: occ-bve
c [occ-empty-res] Empty resolvent elimed: 0 T: 0.00 T-out: N
c [occ-bve] turning off picosat-based irreg gate detection, added lits:  254K
c [occ-bve] iter v-elim 0
c cl_inc_rate=1.0, var_dec_rate=1.0 (grow=0)
c Reduced to 1898 vars, 18982 cls (grow=0)
c [occ-bve] iter v-elim 0
c cl_inc_rate=1.0, var_dec_rate=1.0 (grow=8)
c Reduced to 1898 vars, 18982 cls (grow=8)
c [occ-bve] iter v-elim 0
c cl_inc_rate=1.0, var_dec_rate=1.0 (grow=16)
c Reduced to 1898 vars, 18982 cls (grow=16)
c x n vars       : 1898
c #try to eliminate:  5694
c #var-elim        :     0
c #T-o: N
c #T-r: 99.99%
c #T  : 0.93
c [occur] 0.03 is overhead
c [occur] link-in T: 0.03 cleanup T: 0.00
c --> Executing OCC strategy token: occ-bva
c --> Executing OCC strategy token: occ-ternary-res
c [occ-ternary-res] Ternary res-tri: 0 res-bin: 0 sub: 0 str: 0 T: 0.00 T-out: N T-r: 99.85%
c --> Executing OCC strategy token: occ-xor
c [occ-xor] sort occur list T: 0.00
c [xor-clean-equiv] removed equivalent xors: 0 left with: 203
c [occ-xor] found    203 avg sz 5.6 min sz  4 max sz  6 T: 0.01 T-out: N T-r: 99.97%
c --> Executing strategy token: card-find
c --> Executing strategy token: cl-consolidate
c Not consolidating memory.
c --> Executing strategy token: scc-vrepl
c [scc] new: 0 BP 0M T: 0.00
c --> Executing strategy token: renumber
c --> Executing strategy token: bosphorus
c --> Executing strategy token: louvain-comms
c [consolidate] mini T: 0.00
c global_timeout_multiplier: 3.9930
c [branch] rebuilding order heap for all branchings. Current branching: vmtf
c [find&init matx] performing matrix init
c [gauss] XOR-encoding clauses are not detached, so no need to reattach them.
c [xor-rem-unconnected] left with 203 xors from 203 non-empty xors T: 0.00
c [xor-together] xored together: 161 orig xors: 203 new xors: 42 T: 0.00
c [xor-rem-unconnected] left with 42 xors from 42 non-empty xors T: 0.00
c [xor-clean-equiv] removed equivalent xors: 0 left with: 42
c [matrix] unused xors from cleaning: 0
c [matrix] Good   matrix  0     42 x   89  density:0.2156  xorlen avg: 19.19
c [matrix] Using 1 matrices recovered from 0 xors T: 0.00 T-out: N
c rst  geom ibes  vmt   636  244K    1898 17272  1710    6.66    6.24   496   500   38K    45   26.34   26.32
c [full-probe]  bin_only: 0 set: 0 repl: 0 T: 0.00 T-out: N T-r: 98.48%
c rst  geom ibes  vmt   637  246K    1898 17272  1710    6.66    6.24   498   502   40K    45   26.27   26.24
c [gauss] XOR-encoding clauses are not detached, so no need to reattach them.
c [g 0] truth-find prop checks  : 45K
c [g 0] -> of which prop        : 32.03 %
c [g 0] -> of which confl       :  1.70 %
c [g 0] elim called             : 6891
c [g 0] ---> which lead to prop : 114.50 %
c [g 0] ---> which lead to confl:  6.21 %
c [g 0] size: 42    x 89   
c [scc] new: 0 BP 0M T: 0.00
c [vrep] vars 0 lits 0 rem-bin-cls 0 rem-long-cls 0 BP 0M T: 0.00
c [intree] Set 0 vars hyper-added: 2 trans-irred: 0 trans-red: 0 T: 0.01 T-out: N T-r: 0.11%
c [find&init matx] performing matrix init
c [gauss] XOR-encoding clauses are not detached, so no need to reattach them.
c [xor-rem-unconnected] left with 203 xors from 203 non-empty xors T: 0.00
c [xor-together] xored together: 161 orig xors: 203 new xors: 42 T: 0.00
c [xor-rem-unconnected] left with 42 xors from 42 non-empty xors T: 0.00
c [xor-clean-equiv] removed equivalent xors: 0 left with: 42
c [matrix] unused xors from cleaning: 0
c [matrix] Good   matrix 0 42      x89     density:0.2156  xorlen avg: 19.19
c [matrix] Using 1 matrices recovered from 0 xors T: 0.00 T-out: N
c rst  geom ibes vmt  638   248 K 1898    17272  1710 6.66    6.24      499   534   42K    47 26.50   26.47  
c rst  geom svd  vmt  639   251 K 1898    17272  1710 6.66    6.24      521   458   44K    47 26.97   26.95  
c [branch] adjusting to: vsid (from: vmtf) var_decay:0.95 descr: VSIDS
c rst  geom svd  vs   640   251 K 1898    17272  1710 6.66    6.24      521   460   44K    47 26.98   26.96  
c rst  geom svd  vs   641   251 K 1898    17272  1710 6.66    6.24      521   460   45K    47 26.99   26.97  
c rst  geom svd  vs   642   251 K 1898    17272  1710 6.66    6.24      521   460   45K    47 27.00   26.98  
c rst  geom svd  vs   643   251 K 1898    17272  1710 6.66    6.24      521   460   45K    47 27.01   26.98  
c rst  geom svd  vs   644   251 K 1898    17272  1710 6.66    6.24      521   461   45K    47 27.03   27.00  
c rst  geom svd  vs   645   252 K 1898    17272  1710 6.66    6.24      521   461   45K    47 27.03   27.01  
c rst  geom svd  vs   646   252 K 1898    17272  1710 6.66    6.24      521   462   45K    47 27.03   27.01  
c rst  geom svd  vs   647   252 K 1898    17272  1710 6.66    6.24      521   463   46K    47 27.04   27.02  
c rst  geom svd  vs   648   252 K 1898    17272  1710 6.66    6.24      521   463   46K    47 27.05   27.02  
c rst  geom svd  vs   649   252 K 1898    17272  1710 6.66    6.24      521   463   46K    47 27.06   27.03  
c rst  geom svd  vs   650   253 K 1898    17272  1710 6.66    6.24      521   464   46K    47 27.07   27.05  
c rst  geom svd  vs   651   253 K 1898    17272  1710 6.66    6.24      522   464   47K    47 27.08   27.06  
c rst  geom svd  vs   652   253 K 1898    17272  1710 6.66    6.24      522   464   47K    47 27.09   27.07  
c rst  geom svd  vs   653   254 K 1898    17272  1710 6.66    6.24      522   464   47K    47 27.10   27.07  
c rst  geom svd  vs   654   254 K 1898    17272  1710 6.66    6.24      522   464   48K    47 27.11   27.08  
c [distill] watch-based irred--  cl tried 18690    cl-sh 0     cl-rem 0    lit-rem 0      T: 0.04 T-out: Y
c [distill] watch-based red  --  cl tried 1044     cl-sh 2     cl-rem 0    lit-rem 2      T: 0.00 T-out: N
c rst  geom svd  vs   655   255 K 1898    17272  1710 6.66    6.24      524   532   33K    47 28.38   28.34  
c rst  geom svd  vs   656   255 K 1898    17272  1710 6.66    6.24      524   532   34K    47 28.37   28.33  
c rst  geom svd  vs   657   256 K 1898    17272  1710 6.66    6.24      524   532   34K    47 28.37   28.34  
c [distill-long-red0] cls tried: 57/57 T: 0.00 T-out: N T-r: 99.93%
c [distill-long-red1] cls tried: 131/157 T: 0.01 T-out: Y T-r: -0.73%
c rst  geom svd  vs   658   256 K 1898    17272  1710 6.66    6.24      524   532   35K    47 28.37   28.33  
c rst  geom best vs   659   257 K 1898    17272  1710 6.66    6.24      524   532   36K    47 28.28   28.25  
c rst  geom best vs   660   258 K 1898    17272  1710 6.66    6.24      525   532   36K    47 28.20   28.17  
c [distill-bin] useful: 0/1710/1710 lits-rem: 0 cl-rem: 0 0-depth-assigns: 0 T: 0.01 T-out: N
c rst  geom best vs   661   258 K 1898    17272  1710 6.66    6.24      525   532   37K    47 28.12   28.09  
c rst  geom best vs   662   259 K 1898    17272  1710 6.66    6.24      525   532   38K    47 28.06   28.03  
c rst  geom best vs   663   260 K 1898    17272  1710 6.66    6.24      538   445   39K    47 27.99   27.96  
c rst  geom best vs   664   261 K 1898    17272  1710 6.66    6.24      538   446   40K    47 27.96   27.93  
c rst  geom best vs   665   262 K 1898    17272  1710 6.66    6.24      538   446   41K    47 27.91   27.88  
c rst  geom best vs   666   264 K 1898    17272  1710 6.66    6.24      538   446   42K    47 27.84   27.81  
c rst  geom best vs   667   265 K 1898    17272  1710 6.66    6.24      538   446   44K    47 27.72   27.70  
c [full-probe]  bin_only: 1 set: 0 repl: 0 T: 0.01 T-out: N T-r: 99.72%
c rst  geom stb  vs   668   267 K 1898    17272  1710 6.66    6.24      538   446   45K    47 27.66   27.63  
c [ccnr] tries: 0 steps: 262143 best found: 2
c [ccnr] saving best assignment phase to stable_polar
c [ccnr] bumping based on var unsat frequency: conflict_ct
c [ccnr] Bumped vars: 1898 bump type: 6
c [ccnr] time: 0.26
c rst  geom stb  vs   669   268 K 1898    17272  1710 6.66    6.24      539   449   47K    47 27.74   27.71  
c rst  geom stb  vs   670   270 K 1898    17272  1710 6.66    6.24      550   448   36K    47 27.93   27.90  
c rst  geom stb  vs   671   272 K 1898    17272  1710 6.66    6.24      551   448   38K    47 27.93   27.90  
c [distill-long-red0] cls tried: 15/15 T: 0.00 T-out: N T-r: 99.98%
c [distill-long-red1] cls tried: 37/37 T: 0.01 T-out: N T-r: 48.53%
c rst  geom stb  vs   672   275 K 1898    17272  1710 6.66    6.24      552   454   40K    47 27.70   27.67  
c rst  geom ibes vs   673   277 K 1898    17272  1710 6.66    6.24      556   464   42K    47 27.46   27.43  
c rst  geom ibes vs   674   280 K 1898    17272  1710 6.66    6.24      580   429   45K    47 27.21   27.18  
c [distill-bin] useful: 0/1710/1710 lits-rem: 0 cl-rem: 0 0-depth-assigns: 0 T: 0.01 T-out: N
c [distill] watch-based irred--  cl tried 19654    cl-sh 0     cl-rem 0    lit-rem 0      T: 0.03 T-out: Y
c [distill] watch-based red  --  cl tried 1160     cl-sh 0     cl-rem 0    lit-rem 0      T: 0.00 T-out: N
c rst  geom ibes vs   675   283 K 1898    17272  1710 6.66    6.24      580   433   48K    47 26.97   26.95  
c [branch] adjusting to: vmtf (from: vsid) var_decay:0.95 descr: VMTF
c [impl-str] lit bin: 0 set-var: 0 T: 0.00 T-out: N T-r: 99.96% w-visit: 3796
c [impl-sub] bin: 0 T: 0.00 T-out: N w-visit: 3796
c rst  luby svd  vmt  676   283 K 1898    17272  1710 6.66    6.24      582   444   48K    47 26.95   26.92  
c rst  luby svd  vmt  677   283 K 1898    17272  1710 6.66    6.24      582   451   48K    47 26.96   26.94  
c rst  luby svd  vmt  678   283 K 1898    17272  1710 6.66    6.24      582   451   48K    47 26.99   26.97  
c rst  luby svd  vmt  679   283 K 1898    17272  1710 6.66    6.24      582   452   49K    47 27.00   26.98  
c rst  luby svd  vmt  680   283 K 1898    17272  1710 6.66    6.24      582   452   49K    47 27.01   26.99  
c rst  luby svd  vmt  681   284 K 1898    17272  1710 6.66    6.24      583   453   49K    47 27.01   26.99  
c rst  luby svd  vmt  682   284 K 1898    17272  1710 6.66    6.24      583   454   49K    47 27.04   27.02  
c rst  luby svd  vmt  683   284 K 1898    17272  1710 6.66    6.24      583   454   49K    47 27.05   27.03  
c rst  luby svd  vmt  684   284 K 1898    17272  1710 6.66    6.24      583   458   49K    47 27.06   27.04  
c rst  luby svd  vmt  685   284 K 1898    17272  1710 6.66    6.24      583   458   50K    47 27.08   27.06  
c rst  luby svd  vmt  686   284 K 1898    17272  1710 6.66    6.24      583   459   50K    47 27.09   27.07  
c rst  luby svd  vmt  687   285 K 1898    17272  1710 6.66    6.24      589   509   35K    47 25.99   25.96  
c rst  luby svd  vmt  688   285 K 1898    17272  1710 6.66    6.24      589   509   36K    47 26.00   25.97  
c rst  luby svd  vmt  689   285 K 1898    17272  1710 6.66    6.24      589   509   36K    47 26.05   26.02  
c [full-probe]  bin_only: 0 set: 0 repl: 0 T: 0.00 T-out: N T-r: 98.54%
c rst  luby svd  vmt  690   286 K 1898    17272  1710 6.66    6.24      589   509   37K    47 26.17   26.14  
c rst  luby svd  vmt  691   286 K 1898    17272  1710 6.66    6.24      589   509   37K    47 26.19   26.16  
c rst  luby svd  vmt  692   286 K 1898    17272  1710 6.66    6.24      589   509   37K    47 26.21   26.18  
c rst  luby svd  vmt  693   286 K 1898    17272  1710 6.66    6.24      589   509   37K    47 26.24   26.21  
c rst  luby svd  vmt  694   287 K 1898    17272  1710 6.66    6.24      589   509   37K    47 26.25   26.23  
c rst  luby svd  vmt  695   287 K 1898    17272  1710 6.66    6.24      589   509   37K    47 26.26   26.23  
c rst  luby svd  vmt  696   287 K 1898    17272  1710 6.66    6.24      589   509   38K    47 26.27   26.24  
c rst  luby svd  vmt  697   287 K 1898    17272  1710 6.66    6.24      589   509   38K    47 26.32   26.29  
c rst  luby svd  vmt  698   287 K 1898    17272  1710 6.66    6.24      589   509   38K    47 26.32   26.29  
c [distill-long-red0] cls tried: 22/22 T: 0.00 T-out: N T-r: 99.97%
c [distill-long-red1] cls tried: 89/89 T: 0.01 T-out: N T-r: 31.41%
c rst  luby svd  vmt  699   287 K 1898    17272  1710 6.66    6.24      589   509   38K    47 26.33   26.31  
c rst  luby svd  vmt  700   288 K 1898    17272  1710 6.66    6.24      589   510   38K    47 26.35   26.33  
c rst  luby svd  vmt  701   288 K 1898    17272  1710 6.66    6.24      589   510   38K    47 26.37   26.34  
c rst  luby svd  vmt  702   288 K 1898    17272  1710 6.66    6.24      589   510   39K    47 26.38   26.35  
c rst  luby svd  vmt  703   288 K 1898    17272  1710 6.66    6.24      589   510   39K    47 26.42   26.39  
c rst  luby svd  vmt  704   288 K 1898    17272  1710 6.66    6.24      589   510   39K    47 26.45   26.43  
c rst  luby svd  vmt  705   289 K 1898    17272  1710 6.66    6.24      589   511   40K    47 26.47   26.44  
c rst  luby svd  vmt  706   291 K 1898    17272  1710 6.66    6.24      603   467   42K    47 26.63   26.60  
c rst  geom best vmt  707   291 K 1898    17272  1710 6.66    6.24      603   469   42K    47 26.61   26.58  
c rst  geom best vmt  708   291 K 1898    17272  1710 6.66    6.24      603   471   42K    47 26.62   26.59  
c rst  geom best vmt  709   291 K 1898    17272  1710 6.66    6.24      603   472   42K    47 26.61   26.58  
c rst  geom best vmt  710   291 K 1898    17272  1710 6.66    6.24      603   472   42K    47 26.61   26.58  
c rst  geom best vmt  711   292 K 1898    17272  1710 6.66    6.24      603   472   42K    47 26.61   26.59  
c rst  geom best vmt  712   292 K 1898    17272  1710 6.66    6.24      604   474   42K    47 26.60   26.58  
c rst  geom best vmt  713   292 K 1898    17272  1710 6.66    6.24      604   474   43K    47 26.60   26.58  
c rst  geom best vmt  714   292 K 1898    17272  1710 6.66    6.24      605   475   43K    47 26.62   26.59  
c rst  geom best vmt  715   292 K 1898    17272  1710 6.66    6.24      605   477   43K    47 26.62   26.59  
c rst  geom best vmt  716   293 K 1898    17272  1710 6.66    6.24      606   478   43K    47 26.63   26.60  
c rst  geom best vmt  717   293 K 1898    17272  1710 6.66    6.24      606   479   44K    47 26.61   26.59  
c rst  geom best vmt  718   293 K 1898    17272  1710 6.66    6.24      606   486   44K    47 26.61   26.59  
c rst  geom best vmt  719   294 K 1898    17272  1710 6.66    6.24      606   487   44K    47 26.56   26.54  
c rst  geom best vmt  720   294 K 1898    17272  1710 6.66    6.24      608   496   45K    47 26.58   26.55  
c rst  geom best vmt  721   294 K 1898    17272  1710 6.66    6.24      608   500   45K    47 26.57   26.55  
c rst  geom best vmt  722   295 K 1898    17272  1710 6.66    6.24      608   500   45K    47 26.59   26.57  
c rst  geom best vmt  723   295 K 1898    17272  1710 6.66    6.24      608   503   46K    47 26.58   26.56  
c rst  geom best vmt  724   296 K 1898    17272  1710 6.66    6.24      608   505   46K    47 26.63   26.60  
c rst  geom best vmt  725   296 K 1898    17272  1710 6.66    6.24      608   505   47K    47 26.65   26.63  
c rst  geom best vmt  726   297 K 1898    17272  1710 6.66    6.24      608   508   48K    47 26.62   26.60  
c rst  geom best vmt  727   298 K 1898    17272  1710 6.66    6.24      608   512   48K    47 26.58   26.56  
c rst  geom best vmt  728   299 K 1898    17272  1710 6.66    6.24      608   514   49K    47 26.56   26.54  
c rst  geom best vmt  729   299 K 1898    17272  1710 6.66    6.24      609   523   50K    47 26.58   26.55  
c rst  geom stb  vmt  730   300 K 1898    17272  1710 6.66    6.24      663   517   35K    47 26.15   26.12  
c [distill-bin] useful: 0/1710/1710 lits-rem: 0 cl-rem: 0 0-depth-assigns: 0 T: 0.01 T-out: N
c rst  geom stb  vmt  731   301 K 1898    17272  1710 6.66    6.24      663   518   37K    47 26.20   26.17  
c rst  geom stb  vmt  732   303 K 1898    17272  1710 6.66    6.24      663   522   38K    47 26.20   26.17  
c [distill-long-red0] cls tried: 43/43 T: 0.00 T-out: N T-r: 99.93%
c [distill-long-red1] cls tried: 120/125 T: 0.01 T-out: Y T-r: -0.23%
c rst  geom stb  vmt  733   304 K 1898    17272  1710 6.66    6.24      663   526   39K    47 26.30   26.27  
c rst  geom stb  vmt  734   305 K 1898    17272  1710 6.66    6.24      663   535   40K    47 26.31   26.28  
c [full-probe]  bin_only: 1 set: 0 repl: 0 T: 0.01 T-out: N T-r: 99.79%
c [distill] watch-based irred--  cl tried 19437    cl-sh 0     cl-rem 0    lit-rem 0      T: 0.04 T-out: Y
c [distill] watch-based red  --  cl tried 1326     cl-sh 0     cl-rem 0    lit-rem 0      T: 0.00 T-out: N
c rst  geom stb  vmt  735   307 K 1898    17272  1710 6.66    6.24      663   538   42K    47 26.39   26.36  
c rst  geom stb  vmt  736   309 K 1898    17272  1710 6.66    6.24      663   538   44K    47 26.47   26.44  
c rst  geom ibes vmt  737   310 K 1898    17272  1710 6.66    6.24      701   498   45K    47 26.49   26.47  
c rst  geom ibes vmt  738   312 K 1898    17272  1710 6.66    6.24      702   504   47K    47 26.71   26.69  
c [gauss] XOR-encoding clauses are not detached, so no need to reattach them.
c [g 0] truth-find prop checks  : 1108K
c [g 0] -> of which prop        : 36.83 %
c [g 0] -> of which confl       :  1.69 %
c [g 0] elim called             : 137K
c [g 0] ---> which lead to prop : 142.94 %
c [g 0] ---> which lead to confl:  7.27 %
c [g 0] size: 42    x 89   
c [scc] new: 0 BP 0M T: 0.00
c [vrep] vars 0 lits 0 rem-bin-cls 0 rem-long-cls 0 BP 0M T: 0.01
c [intree] Set 0 vars hyper-added: 0 trans-irred: 0 trans-red: 0 T: 0.01 T-out: N T-r: -1.04%
c [find&init matx] performing matrix init
c [gauss] XOR-encoding clauses are not detached, so no need to reattach them.
c [xor-rem-unconnected] left with 203 xors from 203 non-empty xors T: 0.00
c [xor-together] xored together: 161 orig xors: 203 new xors: 42 T: 0.00
c [xor-rem-unconnected] left with 42 xors from 42 non-empty xors T: 0.00
c [xor-clean-equiv] removed equivalent xors: 0 left with: 42
c [matrix] unused xors from cleaning: 0
c [matrix] Good   matrix 0 42      x89     density:0.2156  xorlen avg: 19.19
c [matrix] Using 1 matrices recovered from 0 xors T: 0.00 T-out: N
c [ccnr] tries: 0 steps: 262143 best found: 2
c [ccnr] saving best assignment phase to stable_polar
c [ccnr] bumping based on clause weights
c [ccnr] Bumped vars: 101 bump type: 6
c [ccnr] time: 0.27
c rst  geom ibes vmt  739   315 K 1898    17272  1710 6.66    6.24      724   743   36K    48 27.07   27.04  
c [branch] adjusting to: vsid (from: vmtf) var_decay:0.95 descr: VSIDS
c rst  geom ibes vs   740   315 K 1898    17272  1710 6.66    6.24      724   743   36K    48 27.06   27.03  
c rst  geom ibes vs   741   315 K 1898    17272  1710 6.66    6.24      725   743   36K    48 27.05   27.01  
c rst  geom ibes vs   742   315 K 1898    17272  1710 6.66    6.24      725   743   36K    48 27.03   27.00  
c rst  geom ibes vs   743   315 K 1898    17272  1710 6.66    6.24      725   743   36K    48 27.01   26.98  
c rst  geom ibes vs   744   315 K 1898    17272  1710 6.66    6.24      725   743   36K    48 26.99   26.96  
c rst  geom ibes vs   745   316 K 1898    17272  1710 6.66    6.24      725   743   37K    48 26.97   26.94  
c rst  geom ibes vs   746   316 K 1898    17272  1710 6.66    6.24      725   743   37K    48 26.95   26.92  
c rst  geom ibes vs   747   316 K 1898    17272  1710 6.66    6.24      725   743   37K    48 26.92   26.89  
c rst  geom ibes vs   748   316 K 1898    17272  1710 6.66    6.24      725   744   37K    48 26.90   26.87  
c rst  geom ibes vs   749   316 K 1898    17272  1710 6.66    6.24      725   744   37K    48 26.87   26.84  
c rst  geom ibes vs   750   317 K 1898    17272  1710 6.66    6.24      725   745   38K    48 26.83   26.80  
c rst  geom svd  vs   751   317 K 1898    17272  1710 6.66    6.24      725   746   38K    48 26.90   26.87  
c rst  geom svd  vs   752   317 K 1898    17272  1710 6.66    6.24      725   746   38K    48 26.95   26.92  
c rst  geom svd  vs   753   318 K 1898    17272  1710 6.66    6.24      725   748   39K    48 26.99   26.97  
c [distill-long-red0] cls tried: 41/41 T: 0.00 T-out: N T-r: 99.94%
c [distill-long-red1] cls tried: 125/268 T: 0.01 T-out: Y T-r: -1.75%
c rst  geom svd  vs   754   318 K 1898    17272  1710 6.66    6.24      721   751   39K    52 27.02   26.99  
c rst  geom svd  vs   755   319 K 1898    17272  1710 6.66    6.24      721   751   40K    52 27.04   27.01  
c rst  geom svd  vs   756   319 K 1898    17272  1710 6.66    6.24      721   755   40K    52 27.06   27.03  
c rst  geom svd  vs   757   320 K 1898    17272  1710 6.66    6.24      790   604   41K    52 27.05   27.02  
c rst  geom svd  vs   758   320 K 1898    17272  1710 6.66    6.24      790   605   41K    52 27.08   27.04  
c rst  geom svd  vs   759   321 K 1898    17272  1710 6.66    6.24      790   606   42K    52 27.11   27.08  
c [distill-bin] useful: 0/1710/1710 lits-rem: 0 cl-rem: 0 0-depth-assigns: 0 T: 0.01 T-out: N
c rst  geom svd  vs   760   322 K 1898    17272  1710 6.66    6.24      790   606   43K    52 27.18   27.15  
c rst  geom svd  vs   761   322 K 1898    17272  1710 6.66    6.24      790   606   44K    52 27.23   27.20  
c rst  geom svd  vs   762   323 K 1898    17272  1710 6.66    6.24      790   606   44K    52 27.24   27.21  
c rst  geom svd  vs   763   324 K 1898    17272  1710 6.66    6.24      790   609   45K    53 27.23   27.20  
c rst  geom svd  vs   764   325 K 1898    17272  1710 6.66    6.24      790   611   46K    53 27.23   27.20  
c [full-probe]  bin_only: 0 set: 1 repl: 0 T: 0.01 T-out: N T-r: 97.83%
c rst  geom best vs   765   326 K 1897    17272  1710 6.66    6.24      790   611   48K    53 27.20   27.17  
c rst  geom best vs   766   328 K 1897    17272  1710 6.66    6.24      790   611   49K    53 27.09   27.06  
c rst  geom best vs   767   329 K 1897    17272  1710 6.66    6.24      791   611   50K    53 26.98   26.95  
c rst  geom best vs   768   331 K 1897    17272  1710 6.66    6.24      814   617   36K    53 26.53   26.50  
c [distill] watch-based irred--  cl tried 19957    cl-sh 0     cl-rem 2    lit-rem 0      T: 0.03 T-out: Y
c [distill] watch-based red  --  cl tried 1625     cl-sh 3     cl-rem 3    lit-rem 3      T: 0.00 T-out: N
c rst  geom best vs   769   332 K 1897    17270  1706 6.66    6.24      811   617   38K    49 26.36   26.33  
c rst  geom best vs   770   334 K 1897    17270  1706 6.66    6.24      811   619   40K    49 26.17   26.14  
c [distill-long-red0] cls tried: 54/54 T: 0.01 T-out: N T-r: 99.89%
c [distill-long-red1] cls tried: 130/141 T: 0.01 T-out: Y T-r: -0.42%
c rst  geom stb  vs   771   336 K 1897    17270  1706 6.66    6.24      812   618   42K    51 26.15   26.12  
c rst  geom stb  vs   772   339 K 1897    17270  1706 6.66    6.24      812   619   44K    51 26.03   26.00  
c rst  geom stb  vs   773   341 K 1897    17270  1706 6.66    6.24      822   594   47K    51 25.81   25.79  
c [distill-bin] useful: 0/1706/1706 lits-rem: 0 cl-rem: 0 0-depth-assigns: 0 T: 0.01 T-out: N
c rst  geom stb  vs   774   344 K 1897    17270  1706 6.66    6.24      822   599   49K    51 25.60   25.58  
c [impl-str] lit bin: 0 set-var: 0 T: 0.00 T-out: N T-r: 99.96% w-visit: 3796
c [impl-sub] bin: 6 T: 0.00 T-out: N w-visit: 3796
c rst  geom ibes vs   775   347 K 1897    17270  1706 6.66    6.24      822   659   39K    45 24.80   24.78  
c [full-probe]  bin_only: 1 set: 0 repl: 0 T: 0.01 T-out: N T-r: 99.70%
c rst  geom ibes vs   776   350 K 1897    17270  1706 6.66    6.24      833   633   42K    45 24.62   24.59  
c [distill-long-red0] cls tried: 8/8 T: 0.00 T-out: N T-r: 99.99%
c [distill-long-red1] cls tried: 51/75 T: 0.01 T-out: Y T-r: -1.60%
c rst  geom ibes vs   777   354 K 1897    17270  1706 6.66    6.24      833   637   45K    45 24.35   24.33  
c [branch] adjusting to: vmtf (from: vsid) var_decay:0.95 descr: VMTF
c rst  luby svd  vmt  778   354 K 1897    17270  1706 6.66    6.24      833   637   46K    45 24.36   24.34  
c rst  luby svd  vmt  779   354 K 1897    17270  1706 6.66    6.24      833   638   46K    45 24.36   24.34  
c rst  luby svd  vmt  780   354 K 1897    17270  1706 6.66    6.24      833   638   46K    45 24.41   24.38  
c rst  luby svd  vmt  781   354 K 1897    17270  1706 6.66    6.24      833   638   46K    45 24.42   24.40  
c rst  luby svd  vmt  782   354 K 1897    17270  1706 6.66    6.24      833   640   46K    46 24.44   24.41  
c rst  luby svd  vmt  783   355 K 1897    17270  1706 6.66    6.24      834   641   46K    46 24.46   24.44  
c rst  luby svd  vmt  784   355 K 1897    17270  1706 6.66    6.24      834   643   47K    46 24.54   24.52  
c rst  luby svd  vmt  785   355 K 1897    17270  1706 6.66    6.24      834   643   47K    46 24.56   24.54  
c rst  luby svd  vmt  786   355 K 1897    17270  1706 6.66    6.24      834   643   47K    46 24.57   24.55  
c rst  luby svd  vmt  787   355 K 1897    17270  1706 6.66    6.24      834   644   47K    46 24.61   24.59  
c rst  luby svd  vmt  788   355 K 1897    17270  1706 6.66    6.24      834   644   47K    46 24.62   24.60  
c rst  luby svd  vmt  789   356 K 1897    17270  1706 6.66    6.24      834   644   47K    46 24.63   24.61  
c rst  luby svd  vmt  790   356 K 1897    17270  1706 6.66    6.24      834   645   47K    46 24.64   24.62  
c [distill] watch-based irred--  cl tried 17350    cl-sh 0     cl-rem 0    lit-rem 0      T: 0.04 T-out: Y
c [distill] watch-based red  --  cl tried 1668     cl-sh 0     cl-rem 0    lit-rem 0      T: 0.00 T-out: N
c rst  luby svd  vmt  791   356 K 1897    17270  1706 6.66    6.24      834   646   48K    46 24.65   24.63  
c rst  luby svd  vmt  792   357 K 1897    17270  1706 6.66    6.24      834   652   49K    46 24.74   24.72  
c [ccnr] tries: 0 steps: 262143 best found: 3
c [ccnr] saving best assignment phase to stable_polar
c [ccnr] bumping based on var unsat frequency: conflict_ct
c [ccnr] Bumped vars: 1898 bump type: 6
c [ccnr] time: 0.26
c rst  luby svd  vmt  793   357 K 1897    17270  1706 6.66    6.24      835   668   49K    46 24.74   24.72  
c rst  luby svd  vmt  794   357 K 1897    17270  1706 6.66    6.24      835   668   49K    46 24.75   24.73  
c rst  luby svd  vmt  795   357 K 1897    17270  1706 6.66    6.24      835   669   49K    46 24.78   24.76  
c rst  luby svd  vmt  796   357 K 1897    17270  1706 6.66    6.24      835   669   49K    46 24.80   24.78  
c rst  luby svd  vmt  797   358 K 1897    17270  1706 6.66    6.24      835   669   49K    46 24.81   24.79  
c rst  luby svd  vmt  798   358 K 1897    17270  1706 6.66    6.24      835   669   49K    46 24.86   24.84  
c rst  luby svd  vmt  799   358 K 1897    17270  1706 6.66    6.24      835   669   50K    46 24.91   24.89  
c rst  luby svd  vmt  800   358 K 1897    17270  1706 6.66    6.24      835   669   50K    46 24.93   24.91  
c rst  luby svd  vmt  801   358 K 1897    17270  1706 6.66    6.24      835   670   50K    46 24.94   24.92  
c rst  luby svd  vmt  802   359 K 1897    17270  1706 6.66    6.24      835   670   50K    46 24.95   24.93  
c rst  luby svd  vmt  803   359 K 1897    17270  1706 6.66    6.24      835   671   50K    46 24.94   24.92  
c rst  luby svd  vmt  804   359 K 1897    17270  1706 6.66    6.24      835   671   50K    46 24.94   24.92  
c rst  luby svd  vmt  805   359 K 1897    17270  1706 6.66    6.24      835   671   51K    46 24.98   24.96  
c rst  luby svd  vmt  806   359 K 1897    17270  1706 6.66    6.24      835   671   51K    46 25.03   25.01  
c rst  luby svd  vmt  807   360 K 1897    17270  1706 6.66    6.24      862   644   36K    46 23.63   23.60  
c rst  luby svd  vmt  808   362 K 1897    17270  1706 6.66    6.24      862   646   37K    46 23.96   23.93  
c [distill-bin] useful: 0/1706/1706 lits-rem: 0 cl-rem: 0 0-depth-assigns: 0 T: 0.01 T-out: N
c rst  luby svd  vmt  809   362 K 1897    17270  1706 6.66    6.24      862   647   38K    46 23.98   23.95  
c rst  luby svd  vmt  810   362 K 1897    17270  1706 6.66    6.24      862   647   38K    46 24.00   23.98  
c rst  luby svd  vmt  811   362 K 1897    17270  1706 6.66    6.24      862   648   38K    46 24.05   24.02  
c rst  luby svd  vmt  812   362 K 1897    17270  1706 6.66    6.24      862   649   38K    46 24.07   24.04  
c rst  luby svd  vmt  813   362 K 1897    17270  1706 6.66    6.24      862   650   38K    46 24.09   24.06  
c rst  geom best vmt  814   362 K 1897    17270  1706 6.66    6.24      862   651   38K    46 24.08   24.05  
c rst  geom best vmt  815   363 K 1897    17270  1706 6.66    6.24      862   651   38K    46 24.08   24.06  
c rst  geom best vmt  816   363 K 1897    17270  1706 6.66    6.24      862   653   38K    46 24.11   24.08  
c rst  geom best vmt  817   363 K 1897    17270  1706 6.66    6.24      863   655   39K    46 24.12   24.09  
c rst  geom best vmt  818   363 K 1897    17270  1706 6.66    6.24      863   656   39K    46 24.11   24.08  
c rst  geom best vmt  819   363 K 1897    17270  1706 6.66    6.24      863   656   39K    46 24.11   24.08  
c rst  geom best vmt  820   363 K 1897    17270  1706 6.66    6.24      863   656   39K    46 24.14   24.11  
c rst  geom best vmt  821   364 K 1897    17270  1706 6.66    6.24      863   657   39K    46 24.14   24.11  
c rst  geom best vmt  822   364 K 1897    17270  1706 6.66    6.24      863   659   40K    46 24.15   24.12  
c rst  geom best vmt  823   364 K 1897    17270  1706 6.66    6.24      863   659   40K    46 24.14   24.11  
c rst  geom best vmt  824   364 K 1897    17270  1706 6.66    6.24      863   659   40K    46 24.14   24.12  
c rst  geom best vmt  825   365 K 1897    17270  1706 6.66    6.24      863   659   40K    46 24.14   24.12  
c rst  geom best vmt  826   365 K 1897    17270  1706 6.66    6.24      863   662   41K    46 24.12   24.10  
c rst  geom best vmt  827   365 K 1897    17270  1706 6.66    6.24      863   664   41K    46 24.18   24.16  
c [distill-long-red0] cls tried: 16/16 T: 0.00 T-out: N T-r: 99.96%
c [distill-long-red1] cls tried: 95/122 T: 0.01 T-out: Y T-r: -0.94%
c rst  geom best vmt  828   366 K 1897    17270  1706 6.66    6.24      863   666   42K    46 24.16   24.14  
c rst  geom best vmt  829   366 K 1897    17270  1706 6.66    6.24      863   667   42K    46 24.15   24.13  
c rst  geom best vmt  830   367 K 1897    17270  1706 6.66    6.24      864   672   42K    46 24.17   24.15  
c [full-probe]  bin_only: 0 set: 0 repl: 0 T: 0.01 T-out: N T-r: 98.22%
c rst  geom best vmt  831   367 K 1897    17270  1706 6.66    6.24      865   675   43K    46 24.21   24.18  
c rst  geom best vmt  832   368 K 1897    17270  1706 6.66    6.24      865   680   44K    46 24.16   24.14  
c rst  geom best vmt  833   369 K 1897    17270  1706 6.66    6.24      865   686   44K    46 24.15   24.13  
c rst  geom best vmt  834   369 K 1897    17270  1706 6.66    6.24      869   699   45K    46 24.32   24.30  
c rst  geom best vmt  835   370 K 1897    17270  1706 6.66    6.24      921   581   46K    46 24.32   24.29  
c rst  geom best vmt  836   371 K 1897    17270  1706 6.66    6.24      924   596   47K    46 24.43   24.41  
c rst  geom best vmt  837   372 K 1897    17270  1706 6.66    6.24      925   619   48K    46 24.42   24.40  
c rst  geom stb  vmt  838   373 K 1897    17270  1706 6.66    6.24      926   621   49K    46 24.70   24.68  
c rst  geom stb  vmt  839   374 K 1897    17270  1706 6.66    6.24      928   627   50K    46 24.80   24.78  
c rst  geom stb  vmt  840   375 K 1897    17270  1706 6.66    6.24      934   740   35K    46 25.38   25.35  
c rst  geom stb  vmt  841   377 K 1897    17270  1706 6.66    6.24      934   743   36K    46 25.65   25.62  
c rst  geom stb  vmt  842   378 K 1897    17270  1706 6.66    6.24      936   747   38K    46 25.81   25.79  
c [gauss] XOR-encoding clauses are not detached, so no need to reattach them.
c [g 0] truth-find prop checks  : 1157K
c [g 0] -> of which prop        : 34.58 %
c [g 0] -> of which confl       :  1.61 %
c [g 0] elim called             : 156K
c [g 0] ---> which lead to prop : 123.25 %
c [g 0] ---> which lead to confl:  6.27 %
c [g 0] size: 42    x 89   
c [scc] new: 0 BP 0M T: 0.00
c [vrep] vars 0 lits 0 rem-bin-cls 0 rem-long-cls 0 BP 0M T: 0.00
c [intree] Set 0 vars hyper-added: 0 trans-irred: 0 trans-red: 0 T: 0.01 T-out: N T-r: -1.33%
c [find&init matx] performing matrix init
c [gauss] XOR-encoding clauses are not detached, so no need to reattach them.
c [xor-rem-unconnected] left with 203 xors from 203 non-empty xors T: 0.00
c [xor-together] xored together: 161 orig xors: 203 new xors: 42 T: 0.00
c [xor-rem-unconnected] left with 42 xors from 42 non-empty xors T: 0.00
c [xor-clean-equiv] removed equivalent xors: 0 left with: 42
c [matrix] unused xors from cleaning: 0
c [matrix] Good   matrix 0 42      x89     density:0.2156  xorlen avg: 19.19
c [matrix] Using 1 matrices recovered from 0 xors T: 0.00 T-out: N
c rst  geom stb  vmt  843   380 K 1897    17270  1706 6.66    6.24      986   675   40K    46 26.20   26.17  
c rst  geom stb  vmt  844   382 K 1897    17270  1706 6.66    6.24      987   690   41K    46 26.52   26.50  
c [distill-long-red0] cls tried: 88/88 T: 0.01 T-out: N T-r: 99.85%
c [distill-long-red1] cls tried: 71/180 T: 0.01 T-out: Y T-r: -1.48%
c [distill-bin] useful: 0/1706/1706 lits-rem: 0 cl-rem: 0 0-depth-assigns: 0 T: 0.01 T-out: N
c [distill] watch-based irred--  cl tried 18123    cl-sh 0     cl-rem 0    lit-rem 0      T: 0.04 T-out: Y
c [distill] watch-based red  --  cl tried 1971     cl-sh 3     cl-rem 1    lit-rem 3      T: 0.00 T-out: N
c rst  geom ibes vmt  845   384 K 1897    17270  1706 6.66    6.24      986   701   44K    47 26.51   26.49  
c rst  geom ibes vmt  846   386 K 1897    17270  1706 6.66    6.24      987   712   46K    47 26.55   26.52  
c rst  geom ibes vmt  847   389 K 1897    17270  1706 6.66    6.24      998   738   48K    47 26.76   26.74  
c [full-probe]  bin_only: 1 set: 0 repl: 0 T: 0.00 T-out: N T-r: 99.85%
c rst  geom ibes vmt  848   391 K 1897    17270  1706 6.66    6.24     1058   594   36K    47 28.30   28.26  
c rst  geom svd  vmt  849   394 K 1897    17270  1706 6.66    6.24     1059   606   39K    47 28.43   28.40  
c [branch] adjusting to: vsid (from: vmtf) var_decay:0.95 descr: VSIDS
c rst  geom svd  vs   850   395 K 1897    17270  1706 6.66    6.24     1059   606   39K    47 28.44   28.41  
c rst  geom svd  vs   851   395 K 1897    17270  1706 6.66    6.24     1059   606   39K    47 28.45   28.42  
c rst  geom svd  vs   852   395 K 1897    17270  1706 6.66    6.24     1059   606   39K    47 28.45   28.42  
c rst  geom svd  vs   853   395 K 1897    17270  1706 6.66    6.24     1059   606   39K    47 28.46   28.43  
c rst  geom svd  vs   854   395 K 1897    17270  1706 6.66    6.24     1059   606   39K    47 28.45   28.42  
c rst  geom svd  vs   855   395 K 1897    17270  1706 6.66    6.24     1059   606   39K    47 28.45   28.42  
c rst  geom svd  vs   856   396 K 1897    17270  1706 6.66    6.24     1059   606   40K    47 28.44   28.41  
c rst  geom svd  vs   857   396 K 1897    17270  1706 6.66    6.24     1059   606   40K    47 28.44   28.41  
c rst  geom svd  vs   858   396 K 1897    17270  1706 6.66    6.24     1059   608   40K    47 28.43   28.40  
c rst  geom svd  vs   859   396 K 1897    17270  1706 6.66    6.24     1059   608   40K    47 28.43   28.40  
c rst  geom svd  vs   860   397 K 1897    17270  1706 6.66    6.24     1059   608   41K    47 28.41   28.38  
c rst  geom svd  vs   861   397 K 1897    17270  1706 6.66    6.24     1059   608   41K    47 28.40   28.37  
c rst  geom svd  vs   862   397 K 1897    17270  1706 6.66    6.24     1059   609   41K    47 28.38   28.36  
c [distill-long-red0] cls tried: 65/65 T: 0.01 T-out: N T-r: 99.86%
c [distill-long-red1] cls tried: 74/186 T: 0.01 T-out: Y T-r: -2.78%
c rst  geom svd  vs   863   397 K 1897    17270  1706 6.66    6.24     1059   609   41K    47 28.37   28.34  
c recursive minimization cost OK: 649Kcost/(% lits removed)
c [gauss] XOR-encoding clauses are not detached, so no need to reattach them.
c [g 0] truth-find prop checks  : 331K
c [g 0] -> of which prop        : 45.46 %
c [g 0] -> of which confl       :  1.56 %
c [g 0] elim called             : 34K
c [g 0] ---> which lead to prop : 156.78 %
c [g 0] ---> which lead to confl:  7.03 %
c [g 0] size: 42    x 89   
c --> Executing strategy token: scc-vrepl
c [scc] new: 0 BP 0M T: 0.00
c --> Executing strategy token: sub-impl
c [impl-sub] bin: 1 T: 0.00 T-out: N w-visit: 3796
c --> Executing strategy token: breakid
c --> Executing OCC strategy token(s): 'occ-backw-sub-str,occ-clean-implicit,occ-bve,occ-bva,occ-ternary-res,occ-xor,'
c [occ] mem usage for occur 1      MB
c [occ] Linked in IRRED BIN by default: 1706
c [occ] Linked in RED   BIN by default: 46
c [occ] mem usage for occur 0      MB
c Mem for watch alloc      : 9           MB (20.02     %)
c Mem for watch array      : 0           MB (0.19      %)
c --> Executing OCC strategy token: occ-backw-sub-str
c [occ-backw-sub-str-long-w-bins] subs: 0 str: 1 tried: 47225 0-depth ass: 0 T: 0.00 T-out: N T-r: 99.65%
c [occ-backw-sub-long-w-long] rem cl: 48 tried: 60894/60894 (100.0%) T: 0.01 T-out: N T-r: 97.01%
c [occ-backw-sub-str-long-w-long] sub: 6 str: 18 tried: 182682/60894 (300.0)  T: 0.06 T-out: N T-r: 89.64%
c --> Executing OCC strategy token: occ-clean-implicit
c --> Executing OCC strategy token: occ-bve
c [occ-empty-res] Empty resolvent elimed: 0 T: 0.00 T-out: N
c [occ-bve] turning off picosat-based irreg gate detection, added lits:  279K
c [occ-bve] iter v-elim 0
c cl_inc_rate=1.0, var_dec_rate=1.0 (grow=0)
c Reduced to 1897 vars, 18962 cls (grow=0)
c [occ-bve] iter v-elim 0
c cl_inc_rate=1.0, var_dec_rate=1.0 (grow=8)
c Reduced to 1897 vars, 18962 cls (grow=8)
c [occ-bve] iter v-elim 0
c cl_inc_rate=1.0, var_dec_rate=1.0 (grow=16)
c Reduced to 1897 vars, 18962 cls (grow=16)
c x n vars       : 1897
c #try to eliminate:  5691
c #var-elim        :     0
c #T-o: N
c #T-r: 99.99%
c #T  : 0.97
c [occur] 0.04 is overhead
c [occur] link-in T: 0.04 cleanup T: 0.00
c --> Executing OCC strategy token: occ-bva
c --> Executing OCC strategy token: occ-ternary-res
c [occ-ternary-res] Ternary res-tri: 0 res-bin: 0 sub: 0 str: 0 T: 0.00 T-out: N T-r: 99.85%
c --> Executing OCC strategy token: occ-xor
c [occ-xor] sort occur list T: 0.00
c [xor-clean-equiv] removed equivalent xors: 0 left with: 194
c [occ-xor] found    194 avg sz 5.6 min sz  4 max sz  6 T: 0.01 T-out: N T-r: 99.97%
c --> Executing strategy token: card-find
c --> Executing strategy token: cl-consolidate
c Not consolidating memory.
c --> Executing strategy token: scc-vrepl
c [scc] new: 0 BP 0M T: 0.00
c --> Executing strategy token: renumber
c --> Executing strategy token: bosphorus
c --> Executing strategy token: louvain-comms
c [consolidate] mini T: 0.00
c global_timeout_multiplier: 4.3923
c [branch] rebuilding order heap for all branchings. Current branching: vsid
c [find&init matx] performing matrix init
c [gauss] XOR-encoding clauses are not detached, so no need to reattach them.
c [xor-rem-unconnected] left with 194 xors from 194 non-empty xors T: 0.00
c [xor-together] xored together: 152 orig xors: 194 new xors: 42 T: 0.00
c [xor-rem-unconnected] left with 42 xors from 42 non-empty xors T: 0.00
c [xor-clean-equiv] removed equivalent xors: 0 left with: 42
c [matrix] unused xors from cleaning: 0
c [matrix] Good   matrix  0     42 x   91  density:0.2028  xorlen avg: 18.45
c [matrix] Using 1 matrices recovered from 0 xors T: 0.00 T-out: N
c rst  geom  svd   vs   864  398K    1897 17256  1706    6.66    6.24  1049   611   42K    46   28.39   28.36
c rst  geom  svd   vs   865  398K    1897 17256  1706    6.66    6.24  1051   611   42K    46   28.41   28.38
c rst  geom  svd   vs   866  398K    1897 17256  1706    6.66    6.24  1052   615   42K    46   28.42   28.39
c rst  geom  svd   vs   867  399K    1897 17256  1706    6.66    6.24  1052   615   43K    46   28.45   28.42
c rst  geom  svd   vs   868  399K    1897 17256  1706    6.66    6.24  1054   615   44K    46   28.45   28.42
c rst  geom  svd   vs   869  400K    1897 17256  1706    6.66    6.24  1063   583   44K    46   28.43   28.40
c rst  geom  svd   vs   870  401K    1897 17256  1706    6.66    6.24  1063   583   45K    46   28.44   28.41
c rst  geom best   vs   871  401K    1897 17256  1706    6.66    6.24  1063   583   46K    46   28.34   28.31
c [ccnr] tries: 0 steps: 262143 best found: 2
c [ccnr] saving best assignment phase to stable_polar
c [ccnr] bumping based on var unsat frequency: conflict_ct
c [ccnr] Bumped vars: 1898 bump type: 6
c [ccnr] time: 0.26
c rst  geom best   vs   872  402K    1897 17256  1706    6.66    6.24  1063   586   46K    46   28.22   28.20
c [distill-bin] useful: 0/1706/1706 lits-rem: 0 cl-rem: 0 0-depth-assigns: 0 T: 0.01 T-out: N
c rst  geom best   vs   873  403K    1897 17256  1706    6.66    6.24  1066   587   47K    46   28.12   28.10
c rst  geom best   vs   874  404K    1897 17256  1706    6.66    6.24  1066   588   48K    46   28.03   28.00
c [impl-str] lit bin: 0 set-var: 0 T: 0.00 T-out: N T-r: 99.96% w-visit: 3796
c [impl-sub] bin: 0 T: 0.00 T-out: N w-visit: 3796
c rst  geom best   vs   875  405K    1897 17256  1706    6.66    6.24  1068   622   35K    46   27.81   27.78
c rst  geom best   vs   876  406K    1897 17256  1706    6.66    6.24  1069   628   36K    46   27.66   27.63
c rst  geom best   vs   877  408K    1897 17256  1706    6.66    6.24  1069   637   37K    46   27.56   27.53
c [distill] watch-based irred--  cl tried    23099 cl-sh     0 cl-rem    0 lit-rem      0 T: 0.03 T-out: Y
c [distill] watch-based   red--  cl tried     2138 cl-sh     0 cl-rem    0 lit-rem      0 T: 0.00 T-out: N
c rst  geom best   vs   878  409K    1897 17256  1706    6.66    6.24  1069   643   39K    46   27.38   27.35
c [full-probe]  bin_only: 0 set: 0 repl: 0 T: 0.01 T-out: N T-r: 98.53%
c rst  geom best   vs   879  410K    1897 17256  1706    6.66    6.24  1117   565   40K    46   27.25   27.23
c rst  geom  stb   vs   880  412K    1897 17256  1706    6.66    6.24  1117   571   42K    47   27.32   27.29
c [distill-long-red0] cls tried: 73/73 T: 0.00 T-out: N T-r: 99.96%
c [distill-long-red1] cls tried: 152/152 T: 0.01 T-out: N T-r: 2.49%
c rst  geom  stb   vs   881  414K    1897 17256  1706    6.66    6.24  1119   585   44K    47   27.36   27.33
c rst  geom  stb   vs   882  416K    1897 17256  1706    6.66    6.24  1123   596   46K    47   27.35   27.32
c rst  geom  stb   vs   883  418K    1897 17256  1706    6.66    6.24  1127   601   48K    47   27.34   27.32
c rst  geom  stb   vs   884  421K    1897 17256  1706    6.66    6.24  1212   559   37K    47   25.93   25.90
c rst  geom ibes   vs   885  424K    1897 17256  1706    6.66    6.24  1212   578   39K    47   25.69   25.66
c [distill-bin] useful: 0/1706/1706 lits-rem: 0 cl-rem: 0 0-depth-assigns: 0 T: 0.01 T-out: N
c rst  geom ibes   vs   886  427K    1897 17256  1706    6.66    6.24  1213   587   42K    47   25.58   25.55
c rst  geom ibes   vs   887  430K    1897 17256  1706    6.66    6.24  1257   491   46K    47   25.46   25.43
c [distill-long-red0] cls tried: 69/69 T: 0.00 T-out: N T-r: 99.94%
c [distill-long-red1] cls tried: 65/65 T: 0.01 T-out: N T-r: 48.19%
c [full-probe]  bin_only: 1 set: 0 repl: 0 T: 0.01 T-out: N T-r: 99.88%
c rst  geom ibes   vs   888  433K    1897 17256  1706    6.66    6.24  1257   511   49K    47   25.26   25.24
c [distill] watch-based irred--  cl tried    19540 cl-sh     0 cl-rem    3 lit-rem      0 T: 0.04 T-out: Y
c [distill] watch-based   red--  cl tried     2512 cl-sh     1 cl-rem    2 lit-rem      1 T: 0.00 T-out: N
c rst  geom  svd   vs   889  437K    1897 17253  1707    6.66    6.24  1258   579   39K    46   24.10   24.07
c [branch] adjusting to: vmtf (from: vsid) var_decay:0.95 descr: VMTF
c rst  luby  svd  vmt   890  438K    1897 17253  1707    6.66    6.24  1260   589   39K    46   24.09   24.07
c rst  luby  svd  vmt   891  438K    1897 17253  1707    6.66    6.24  1260   591   39K    46   24.13   24.10
c rst  luby  svd  vmt   892  438K    1897 17253  1707    6.66    6.24  1260   593   40K    46   24.19   24.16
c rst  luby  svd  vmt   893  438K    1897 17253  1707    6.66    6.24  1260   593   40K    46   24.20   24.18
c rst  luby  svd  vmt   894  438K    1897 17253  1707    6.66    6.24  1261   596   40K    46   24.21   24.19
c rst  luby  svd  vmt   895  438K    1897 17253  1707    6.66    6.24  1261   601   40K    46   24.26   24.24
c rst  luby  svd  vmt   896  439K    1897 17253  1707    6.66    6.24  1262   603   40K    46   24.36   24.33
c rst  luby  svd  vmt   897  439K    1897 17253  1707    6.66    6.24  1262   603   41K    46   24.37   24.35
c rst  luby  svd  vmt   898  439K    1897 17253  1707    6.66    6.24  1262   604   41K    46   24.38   24.36
c rst  luby  svd  vmt   899  439K    1897 17253  1707    6.66    6.24  1262   604   41K    46   24.42   24.40
c rst  luby  svd  vmt   900  439K    1897 17253  1707    6.66    6.24  1262   604   41K    46   24.43   24.41
c rst  luby  svd  vmt   901  439K    1897 17253  1707    6.66    6.24  1262   607   41K    46   24.45   24.43
c rst  luby  svd  vmt   902  439K    1897 17253  1707    6.66    6.24  1262   607   41K    46   24.49   24.47
c rst  luby  svd  vmt   903  440K    1897 17253  1707    6.66    6.24  1302   477   42K    46   24.55   24.53
c rst  luby  svd  vmt   904  441K    1897 17253  1707    6.66    6.24  1302   479   43K    46   24.56   24.53
c rst  luby  svd  vmt   905  441K    1897 17253  1707    6.66    6.24  1302   480   43K    46   24.57   24.55
c rst  luby  svd  vmt   906  441K    1897 17253  1707    6.66    6.24  1302   480   43K    46   24.59   24.57
c rst  luby  svd  vmt   907  441K    1897 17253  1707    6.66    6.24  1302   480   43K    46   24.62   24.59
c rst  luby  svd  vmt   908  441K    1897 17253  1707    6.66    6.24  1302   480   43K    46   24.63   24.61
c rst  luby  svd  vmt   909  441K    1897 17253  1707    6.66    6.24  1302   480   43K    46   24.65   24.63
c rst  luby  svd  vmt   910  441K    1897 17253  1707    6.66    6.24  1303   481   43K    46   24.68   24.66
c rst  luby  svd  vmt   911  442K    1897 17253  1707    6.66    6.24  1303   481   44K    46   24.73   24.71
c rst  luby  svd  vmt   912  442K    1897 17253  1707    6.66    6.24  1303   481   44K    46   24.74   24.72
c rst  luby  svd  vmt   913  442K    1897 17253  1707    6.66    6.24  1303   482   44K    46   24.75   24.73
c rst  luby  svd  vmt   914  442K    1897 17253  1707    6.66    6.24  1303   483   44K    46   24.79   24.77
c rst  luby  svd  vmt   915  442K    1897 17253  1707    6.66    6.24  1303   483   44K    46   24.79   24.77
c rst  luby  svd  vmt   916  443K    1897 17253  1707    6.66    6.24  1303   483   44K    46   24.80   24.78
c rst  luby  svd  vmt   917  443K    1897 17253  1707    6.66    6.24  1303   485   45K    46   24.84   24.82
c rst  luby  svd  vmt   918  443K    1897 17253  1707    6.66    6.24  1303   488   45K    46   24.88   24.86
c rst  geom best  vmt   919  443K    1897 17253  1707    6.66    6.24  1303   490   45K    46   24.88   24.86
c rst  geom best  vmt   920  443K    1897 17253  1707    6.66    6.24  1303   490   45K    46   24.90   24.87
c rst  geom best  vmt   921  443K    1897 17253  1707    6.66    6.24  1303   491   45K    46   24.90   24.88
c [gauss] XOR-encoding clauses are not detached, so no need to reattach them.
c [g 0] truth-find prop checks  : 768K
c [g 0] -> of which prop        : 33.27 %
c [g 0] -> of which confl       :  1.61 %
c [g 0] elim called             : 124K
c [g 0] ---> which lead to prop : 121.29 %
c [g 0] ---> which lead to confl:  5.95 %
c [g 0] size: 42    x 91   
c [scc] new: 0 BP 0M T: 0.00
c [vrep] vars 0 lits 0 rem-bin-cls 0 rem-long-cls 0 BP 0M T: 0.00
c [intree] Set 0 vars hyper-added: 0 trans-irred: 0 trans-red: 0 T: 0.01 T-out: N T-r: -0.47%
c [find&init matx] performing matrix init
c [gauss] XOR-encoding clauses are not detached, so no need to reattach them.
c [xor-rem-unconnected] left with 194 xors from 194 non-empty xors T: 0.00
c [xor-together] xored together: 152 orig xors: 194 new xors: 42 T: 0.00
c [xor-rem-unconnected] left with 42 xors from 42 non-empty xors T: 0.00
c [xor-clean-equiv] removed equivalent xors: 0 left with: 42
c [matrix] unused xors from cleaning: 0
c [matrix] Good   matrix 0 42      x91     density:0.2028  xorlen avg: 18.45
c [matrix] Using 1 matrices recovered from 0 xors T: 0.00 T-out: N
c rst  geom best vmt  922   444 K 1897    17253  1707 6.66    6.24     1303   491   45K    46 24.90   24.88  
c [distill-bin] useful: 0/1707/1707 lits-rem: 0 cl-rem: 0 0-depth-assigns: 0 T: 0.01 T-out: N
c rst  geom best vmt  923   444 K 1897    17253  1707 6.66    6.24     1303   492   46K    46 24.91   24.88  
c rst  geom best vmt  924   444 K 1897    17253  1707 6.66    6.24     1303   493   46K    46 24.90   24.88  
c rst  geom best vmt  925   444 K 1897    17253  1707 6.66    6.24     1303   493   46K    46 24.90   24.88  
c rst  geom best vmt  926   444 K 1897    17253  1707 6.66    6.24     1303   500   46K    46 24.90   24.88  
c rst  geom best vmt  927   445 K 1897    17253  1707 6.66    6.24     1303   500   46K    46 24.90   24.88  
c rst  geom best vmt  928   445 K 1897    17253  1707 6.66    6.24     1303   500   47K    46 24.93   24.91  
c [distill-long-red0] cls tried: 29/29 T: 0.00 T-out: N T-r: 99.95%
c [distill-long-red1] cls tried: 117/117 T: 0.01 T-out: N T-r: 5.87%
c rst  geom best vmt  929   445 K 1897    17253  1707 6.66    6.24     1303   501   47K    46 24.97   24.95  
c rst  geom best vmt  930   445 K 1897    17253  1707 6.66    6.24     1305   503   47K    46 25.00   24.98  
c [ccnr] tries: 0 steps: 262143 best found: 3
c [ccnr] saving best assignment phase to stable_polar
c [ccnr] bumping based on clause weights
c [ccnr] Bumped vars: 105 bump type: 6
c [ccnr] time: 0.26
c rst  geom best vmt  931   446 K 1897    17253  1707 6.66    6.24     1309   538   48K    46 24.97   24.95  
c rst  geom best vmt  932   446 K 1897    17253  1707 6.66    6.24     1309   539   48K    46 25.01   24.99  
c rst  geom best vmt  933   447 K 1897    17253  1707 6.66    6.24     1309   542   48K    46 25.05   25.02  
c rst  geom best vmt  934   447 K 1897    17253  1707 6.66    6.24     1309   542   49K    46 25.04   25.02  
c rst  geom best vmt  935   448 K 1897    17253  1707 6.66    6.24     1309   542   49K    46 25.02   25.00  
c rst  geom best vmt  936   448 K 1897    17253  1707 6.66    6.24     1309   542   50K    46 25.09   25.07  
c rst  geom best vmt  937   449 K 1897    17253  1707 6.66    6.24     1309   545   50K    46 25.17   25.15  
c rst  geom best vmt  938   449 K 1897    17253  1707 6.66    6.24     1309   548   51K    46 25.18   25.16  
c rst  geom best vmt  939   450 K 1897    17253  1707 6.66    6.24     1374   547   36K    46 25.09   25.07  
c [full-probe]  bin_only: 0 set: 0 repl: 0 T: 0.01 T-out: N T-r: 98.41%
c rst  geom best vmt  940   451 K 1897    17253  1707 6.66    6.24     1375   549   36K    46 25.11   25.08  
c rst  geom best vmt  941   452 K 1897    17253  1707 6.66    6.24     1379   567   37K    46 25.12   25.09  
c rst  geom best vmt  942   453 K 1897    17253  1707 6.66    6.24     1380   582   38K    46 25.15   25.12  
c rst  geom stb  vmt  943   454 K 1897    17253  1707 6.66    6.24     1380   584   39K    46 25.42   25.40  
c rst  geom stb  vmt  944   455 K 1897    17253  1707 6.66    6.24     1381   587   41K    46 25.68   25.65  
c rst  geom stb  vmt  945   456 K 1897    17253  1707 6.66    6.24     1381   591   42K    46 25.86   25.84  
c rst  geom stb  vmt  946   458 K 1897    17253  1707 6.66    6.24     1381   594   43K    46 26.11   26.08  
c rst  geom stb  vmt  947   459 K 1897    17253  1707 6.66    6.24     1381   605   45K    46 26.31   26.28  
c [distill] watch-based irred--  cl tried 18661    cl-sh 0     cl-rem 0    lit-rem 0      T: 0.04 T-out: Y
c [distill] watch-based red  --  cl tried 2762     cl-sh 0     cl-rem 0    lit-rem 0      T: 0.00 T-out: N
c rst  geom stb  vmt  948   461 K 1897    17253  1707 6.66    6.24     1443   499   46K    46 26.66   26.63  
c [distill-long-red0] cls tried: 77/77 T: 0.00 T-out: N T-r: 99.88%
c [distill-long-red1] cls tried: 82/153 T: 0.01 T-out: Y T-r: -0.93%
c rst  geom stb  vmt  949   463 K 1897    17253  1707 6.66    6.24     1443   503   48K    46 26.74   26.72  
c rst  geom ibes vmt  950   465 K 1897    17253  1707 6.66    6.24     1461   583   33K    46 27.71   27.68  
c [distill-bin] useful: 0/1707/1707 lits-rem: 0 cl-rem: 0 0-depth-assigns: 0 T: 0.01 T-out: N
c [impl-str] lit bin: 0 set-var: 0 T: 0.00 T-out: N T-r: 99.97% w-visit: 3796
c [impl-sub] bin: 0 T: 0.00 T-out: N w-visit: 3796
c rst  geom ibes vmt  951   467 K 1897    17253  1707 6.66    6.24     1461   598   35K    46 27.66   27.63  
c rst  geom ibes vmt  952   469 K 1897    17253  1707 6.66    6.24     1462   617   38K    46 27.85   27.82  
c rst  geom ibes vmt  953   472 K 1897    17253  1707 6.66    6.24     1505   553   41K    46 27.89   27.87  
c [full-probe]  bin_only: 1 set: 0 repl: 0 T: 0.01 T-out: N T-r: 99.79%
c rst  geom ibes vmt  954   475 K 1897    17253  1707 6.66    6.24     1505   570   44K    46 27.76   27.74  
c rst  geom svd  vmt  955   478 K 1897    17253  1707 6.66    6.24     1507   603   47K    46 27.71   27.69  
c [distill-long-red0] cls tried: 48/48 T: 0.01 T-out: N T-r: 99.88%
c [distill-long-red1] cls tried: 81/220 T: 0.01 T-out: Y T-r: -1.25%
c rst  geom svd  vmt  956   482 K 1897    17253  1707 6.66    6.24     1565   621   37K    46 27.86   27.83  
c rst  geom svd  vmt  957   486 K 1897    17253  1707 6.66    6.24     1570   636   41K    46 28.47   28.44  
c [distill-bin] useful: 0/1707/1707 lits-rem: 0 cl-rem: 0 0-depth-assigns: 0 T: 0.01 T-out: N
c [distill] watch-based irred--  cl tried 19251    cl-sh 0     cl-rem 0    lit-rem 0      T: 0.04 T-out: Y
c [distill] watch-based red  --  cl tried 3140     cl-sh 2     cl-rem 0    lit-rem 2      T: 0.00 T-out: N
c rst  geom best vmt  958   490 K 1897    17253  1707 6.66    6.24     1638   557   46K    46 28.48   28.45  
c [branch] adjusting to: vsid (from: vmtf) var_decay:0.95 descr: VSIDS
c [ccnr] tries: 0 steps: 262143 best found: 4
c [ccnr] saving best assignment phase to stable_polar
c [ccnr] bumping based on var unsat frequency: conflict_ct
c [ccnr] Bumped vars: 1898 bump type: 6
c [ccnr] time: 0.26
c rst  geom best vs   959   491 K 1897    17253  1707 6.66    6.24     1638   557   46K    46 28.48   28.46  
c rst  geom best vs   960   491 K 1897    17253  1707 6.66    6.24     1638   557   46K    46 28.47   28.45  
c rst  geom best vs   961   491 K 1897    17253  1707 6.66    6.24     1638   558   46K    46 28.46   28.44  
c rst  geom best vs   962   491 K 1897    17253  1707 6.66    6.24     1638   558   46K    46 28.46   28.44  
c rst  geom best vs   963   491 K 1897    17253  1707 6.66    6.24     1638   558   46K    46 28.46   28.43  
c rst  geom best vs   964   491 K 1897    17253  1707 6.66    6.24     1638   558   47K    46 28.45   28.43  
c rst  geom best vs   965   492 K 1897    17253  1707 6.66    6.24     1638   558   47K    46 28.44   28.42  
c rst  geom best vs   966   492 K 1897    17253  1707 6.66    6.24     1638   558   47K    46 28.42   28.40  
c rst  geom best vs   967   492 K 1897    17253  1707 6.66    6.24     1638   558   47K    46 28.40   28.38  
c rst  geom best vs   968   492 K 1897    17253  1707 6.66    6.24     1638   558   47K    46 28.38   28.36  
c [full-probe]  bin_only: 0 set: 0 repl: 0 T: 0.01 T-out: N T-r: 97.95%
c rst  geom best vs   969   493 K 1897    17253  1707 6.66    6.24     1638   558   48K    46 28.36   28.34  
c rst  geom best vs   970   493 K 1897    17253  1707 6.66    6.24     1638   558   48K    46 28.37   28.34  
c rst  geom best vs   971   493 K 1897    17253  1707 6.66    6.24     1638   558   48K    46 28.37   28.35  
c rst  geom best vs   972   494 K 1897    17253  1707 6.66    6.24     1638   559   49K    46 28.38   28.35  
c [distill-long-red0] cls tried: 113/113 T: 0.01 T-out: N T-r: 99.80%
c [distill-long-red1] cls tried: 98/149 T: 0.01 T-out: Y T-r: -1.04%
c rst  geom best vs   973   494 K 1897    17253  1707 6.66    6.24     1638   559   49K    46 28.37   28.35  
c rst  geom best vs   974   494 K 1897    17253  1707 6.66    6.24     1638   559   50K    46 28.35   28.32  
c rst  geom best vs   975   495 K 1897    17253  1707 6.66    6.24     1643   589   35K    46 27.66   27.63  
c rst  geom best vs   976   495 K 1897    17253  1707 6.66    6.24     1643   590   36K    46 27.67   27.64  
c rst  geom best vs   977   496 K 1897    17253  1707 6.66    6.24     1643   590   36K    46 27.66   27.63  
c rst  geom stb  vs   978   497 K 1897    17253  1707 6.66    6.24     1643   592   37K    46 27.77   27.74  
c rst  geom stb  vs   979   497 K 1897    17253  1707 6.66    6.24     1643   592   38K    46 27.84   27.81  
c rst  geom stb  vs   980   498 K 1897    17253  1707 6.66    6.24     1643   593   39K    46 27.85   27.82  
c rst  geom stb  vs   981   499 K 1897    17253  1707 6.66    6.24     1643   593   39K    46 27.83   27.80  
c rst  geom stb  vs   982   500 K 1897    17253  1707 6.66    6.24     1658   544   40K    46 27.83   27.81  
c rst  geom stb  vs   983   501 K 1897    17253  1707 6.66    6.24     1658   545   42K    46 27.83   27.81  
c rst  geom stb  vs   984   502 K 1897    17253  1707 6.66    6.24     1658   547   43K    46 27.81   27.78  
c rst  geom stb  vs   985   504 K 1897    17253  1707 6.66    6.24     1658   547   44K    46 27.78   27.76  
c rst  geom stb  vs   986   505 K 1897    17253  1707 6.66    6.24     1658   548   45K    46 27.74   27.71  
c rst  geom stb  vs   987   506 K 1897    17253  1707 6.66    6.24     1658   549   47K    46 27.71   27.68  
c [distill-bin] useful: 0/1707/1707 lits-rem: 0 cl-rem: 0 0-depth-assigns: 0 T: 0.01 T-out: N
c rst  geom ibes vs   988   508 K 1897    17253  1707 6.66    6.24     1658   552   49K    46 27.55   27.53  
c rst  geom ibes vs   989   510 K 1897    17253  1707 6.66    6.24     1679   517   36K    46 26.62   26.59  
c [distill-long-red0] cls tried: 16/16 T: 0.00 T-out: N T-r: 99.97%
c [distill-long-red1] cls tried: 108/108 T: 0.01 T-out: N T-r: 10.68%
c [gauss] XOR-encoding clauses are not detached, so no need to reattach them.
c [g 0] truth-find prop checks  : 1111K
c [g 0] -> of which prop        : 37.53 %
c [g 0] -> of which confl       :  1.73 %
c [g 0] elim called             : 162K
c [g 0] ---> which lead to prop : 135.66 %
c [g 0] ---> which lead to confl:  6.10 %
c [g 0] size: 42    x 91   
c [scc] new: 0 BP 0M T: 0.00
c [vrep] vars 0 lits 0 rem-bin-cls 0 rem-long-cls 0 BP 0M T: 0.00
c [intree] Set 0 vars hyper-added: 0 trans-irred: 0 trans-red: 0 T: 0.01 T-out: N T-r: -1.48%
c [find&init matx] performing matrix init
c [gauss] XOR-encoding clauses are not detached, so no need to reattach them.
c [xor-rem-unconnected] left with 194 xors from 194 non-empty xors T: 0.00
c [xor-together] xored together: 152 orig xors: 194 new xors: 42 T: 0.00
c [xor-rem-unconnected] left with 42 xors from 42 non-empty xors T: 0.00
c [xor-clean-equiv] removed equivalent xors: 0 left with: 42
c [matrix] unused xors from cleaning: 0
c [matrix] Good   matrix 0 42      x91     density:0.2028  xorlen avg: 18.45
c [matrix] Using 1 matrices recovered from 0 xors T: 0.00 T-out: N
c rst  geom ibes vs   990   512 K 1897    17253  1707 6.66    6.24     1679   520   38K    46 26.38   26.35  
c [distill] watch-based irred--  cl tried 19790    cl-sh 0     cl-rem 0    lit-rem 0      T: 0.04 T-out: Y
c [distill] watch-based red  --  cl tried 3358     cl-sh 1     cl-rem 0    lit-rem 1      T: 0.01 T-out: N
c rst  geom ibes vs   991   514 K 1897    17253  1707 6.66    6.24     1679   524   40K    46 26.23   26.21  
c [full-probe]  bin_only: 1 set: 0 repl: 0 T: 0.01 T-out: N T-r: 99.85%
c rst  geom ibes vs   992   517 K 1897    17253  1707 6.66    6.24     1680   531   43K    46 26.16   26.14  
c rst  geom svd  vs   993   520 K 1897    17253  1707 6.66    6.24     1709   432   46K    46 25.92   25.90  
c rst  geom svd  vs   994   523 K 1897    17253  1707 6.66    6.24     1709   443   49K    46 25.62   25.59  
c rst  geom svd  vs   995   526 K 1897    17253  1707 6.66    6.24     1710   510   38K    46 24.06   24.04  
c [distill-long-red0] cls tried: 11/11 T: 0.00 T-out: N T-r: 99.96%
c [distill-long-red1] cls tried: 86/86 T: 0.01 T-out: N T-r: 32.48%
c [impl-str] lit bin: 0 set-var: 0 T: 0.00 T-out: N T-r: 99.96% w-visit: 3796
c [impl-sub] bin: 0 T: 0.00 T-out: N w-visit: 3796
c rst  geom svd  vs   996   529 K 1897    17253  1707 6.66    6.24     1710   516   41K    46 24.21   24.18  
c [distill-bin] useful: 0/1707/1707 lits-rem: 0 cl-rem: 0 0-depth-assigns: 0 T: 0.01 T-out: N
c rst  geom best vs   997   533 K 1897    17253  1707 6.66    6.24     1721   460   45K    46 24.33   24.31  
c rst  geom best vs   998   538 K 1897    17253  1707 6.66    6.24     1721   467   50K    46 24.44   24.42  
c [full-probe]  bin_only: 0 set: 0 repl: 0 T: 0.01 T-out: N T-r: 98.09%
c [distill] watch-based irred--  cl tried 16150    cl-sh 0     cl-rem 0    lit-rem 0      T: 0.04 T-out: Y
c [distill] watch-based red  --  cl tried 3442     cl-sh 0     cl-rem 0    lit-rem 0      T: 0.01 T-out: N
c [ccnr] tries: 0 steps: 262143 best found: 3
c [ccnr] saving best assignment phase to stable_polar
c [ccnr] bumping based on var unsat frequency: conflict_ct
c [ccnr] Bumped vars: 1898 bump type: 6
c [ccnr] time: 0.26
c rst  geom best vs   999   543 K 1897    17253  1707 6.66    6.24     1731   441   40K    46 23.29   23.27  
c [branch] adjusting to: vmtf (from: vsid) var_decay:0.95 descr: VMTF
c [distill-long-red0] cls tried: 6/6 T: 0.00 T-out: N T-r: 100.00%
c [distill-long-red1] cls tried: 46/46 T: 0.00 T-out: N T-r: 75.16%
c rst  luby stb  vmt  1000  543 K 1897    17253  1707 6.66    6.24     1738   449   40K    46 23.31   23.29  
c rst  luby stb  vmt  1001  543 K 1897    17253  1707 6.66    6.24     1738   450   40K    46 23.32   23.29  
c rst  luby stb  vmt  1002  543 K 1897    17253  1707 6.66    6.24     1739   463   41K    46 23.32   23.29  
c rst  luby stb  vmt  1003  543 K 1897    17253  1707 6.66    6.24     1739   463   41K    46 23.32   23.30  
c rst  luby stb  vmt  1004  543 K 1897    17253  1707 6.66    6.24     1739   463   41K    46 23.32   23.30  
c rst  luby stb  vmt  1005  543 K 1897    17253  1707 6.66    6.24     1739   464   41K    46 23.34   23.32  
c rst  luby stb  vmt  1006  544 K 1897    17253  1707 6.66    6.24     1739   465   41K    46 23.34   23.32  
c rst  luby stb  vmt  1007  544 K 1897    17253  1707 6.66    6.24     1739   465   41K    46 23.36   23.34  
c rst  luby stb  vmt  1008  544 K 1897    17253  1707 6.66    6.24     1739   465   42K    46 23.37   23.35  
c rst  luby stb  vmt  1009  544 K 1897    17253  1707 6.66    6.24     1739   467   42K    46 23.41   23.38  
c rst  luby stb  vmt  1010  544 K 1897    17253  1707 6.66    6.24     1739   468   42K    46 23.41   23.39  
c rst  luby stb  vmt  1011  545 K 1897    17253  1707 6.66    6.24     1739   468   42K    46 23.42   23.40  
c rst  luby stb  vmt  1012  545 K 1897    17253  1707 6.66    6.24     1739   470   42K    46 23.46   23.44  
c rst  luby stb  vmt  1013  545 K 1897    17253  1707 6.66    6.24     1739   473   43K    46 23.48   23.45  
c rst  luby stb  vmt  1014  546 K 1897    17253  1707 6.66    6.24     1739   473   43K    46 23.50   23.48  
c rst  luby stb  vmt  1015  546 K 1897    17253  1707 6.66    6.24     1739   473   43K    46 23.50   23.48  
c rst  luby stb  vmt  1016  546 K 1897    17253  1707 6.66    6.24     1739   473   44K    46 23.51   23.49  
c rst  luby stb  vmt  1017  546 K 1897    17253  1707 6.66    6.24     1739   474   44K    46 23.52   23.49  
c rst  luby stb  vmt  1018  546 K 1897    17253  1707 6.66    6.24     1740   476   44K    46 23.52   23.50  
c rst  luby stb  vmt  1019  547 K 1897    17253  1707 6.66    6.24     1740   476   44K    46 23.52   23.50  
c rst  luby stb  vmt  1020  547 K 1897    17253  1707 6.66    6.24     1743   485   44K    46 23.52   23.50  
c rst  luby stb  vmt  1021  547 K 1897    17253  1707 6.66    6.24     1743   486   45K    46 23.53   23.51  
c rst  luby stb  vmt  1022  547 K 1897    17253  1707 6.66    6.24     1743   486   45K    46 23.53   23.51  
c rst  luby stb  vmt  1023  547 K 1897    17253  1707 6.66    6.24     1743   487   45K    46 23.55   23.53  
c rst  luby stb  vmt  1024  548 K 1897    17253  1707 6.66    6.24     1743   488   45K    46 23.57   23.55  
c rst  luby stb  vmt  1025  548 K 1897    17253  1707 6.66    6.24     1743   488   45K    46 23.58   23.56  
c rst  luby stb  vmt  1026  548 K 1897    17253  1707 6.66    6.24     1743   489   45K    46 23.59   23.56  
c rst  luby stb  vmt  1027  548 K 1897    17253  1707 6.66    6.24     1743   492   45K    46 23.60   23.58  
c rst  luby stb  vmt  1028  548 K 1897    17253  1707 6.66    6.24     1743   494   46K    46 23.62   23.60  
c rst  luby stb  vmt  1029  549 K 1897    17253  1707 6.66    6.24     1743   508   47K    46 23.66   23.64  
c rst  luby stb  vmt  1030  551 K 1897    17253  1707 6.66    6.24     1788   426   48K    46 23.72   23.70  
c [distill-bin] useful: 0/1707/1707 lits-rem: 0 cl-rem: 0 0-depth-assigns: 0 T: 0.01 T-out: N
c rst  luby stb  vmt  1031  551 K 1897    17253  1707 6.66    6.24     1788   426   48K    46 23.72   23.71  
c rst  luby stb  vmt  1032  551 K 1897    17253  1707 6.66    6.24     1788   426   48K    46 23.74   23.72  
c rst  luby stb  vmt  1033  551 K 1897    17253  1707 6.66    6.24     1788   427   49K    46 23.74   23.73  
c rst  luby stb  vmt  1034  551 K 1897    17253  1707 6.66    6.24     1788   427   49K    46 23.76   23.74  
c rst  luby stb  vmt  1035  551 K 1897    17253  1707 6.66    6.24     1788   427   49K    46 23.77   23.75  
c rst  luby stb  vmt  1036  552 K 1897    17253  1707 6.66    6.24     1788   427   49K    46 23.79   23.77  
c rst  luby stb  vmt  1037  552 K 1897    17253  1707 6.66    6.24     1788   427   49K    46 23.86   23.84  
c rst  luby stb  vmt  1038  552 K 1897    17253  1707 6.66    6.24     1788   427   50K    46 23.88   23.86  
c rst  luby stb  vmt  1039  552 K 1897    17253  1707 6.66    6.24     1788   428   50K    46 23.89   23.87  
c rst  luby stb  vmt  1040  552 K 1897    17253  1707 6.66    6.24     1788   429   50K    46 23.92   23.90  
c rst  luby stb  vmt  1041  552 K 1897    17253  1707 6.66    6.24     1788   429   50K    46 23.93   23.91  
c rst  luby stb  vmt  1042  553 K 1897    17253  1707 6.66    6.24     1788   429   50K    46 23.93   23.92  
c rst  luby stb  vmt  1043  553 K 1897    17253  1707 6.66    6.24     1788   429   50K    46 23.98   23.96  
c rst  luby stb  vmt  1044  553 K 1897    17253  1707 6.66    6.24     1788   429   51K    46 24.06   24.04  
c rst  luby ibes vmt  1045  554 K 1897    17253  1707 6.66    6.24     1788   436   51K    46 24.04   24.02  
c rst  luby ibes vmt  1046  554 K 1897    17253  1707 6.66    6.24     1788   438   52K    46 24.04   24.03  
c rst  luby ibes vmt  1047  554 K 1897    17253  1707 6.66    6.24     1788   438   52K    46 24.05   24.03  
c rst  luby ibes vmt  1048  554 K 1897    17253  1707 6.66    6.24     1788   439   52K    46 24.04   24.02  
c rst  luby ibes vmt  1049  554 K 1897    17253  1707 6.66    6.24     1788   439   52K    46 24.04   24.02  
c rst  luby ibes vmt  1050  555 K 1897    17253  1707 6.66    6.24     1802   519   36K    46 24.01   23.98  
c rst  luby ibes vmt  1051  555 K 1897    17253  1707 6.66    6.24     1802   525   36K    46 24.01   23.99  
c rst  luby ibes vmt  1052  555 K 1897    17253  1707 6.66    6.24     1802   530   36K    46 24.04   24.02  
c rst  luby ibes vmt  1053  555 K 1897    17253  1707 6.66    6.24     1802   530   37K    46 24.05   24.02  
c rst  luby ibes vmt  1054  555 K 1897    17253  1707 6.66    6.24     1802   530   37K    46 24.05   24.02  
c rst  luby ibes vmt  1055  556 K 1897    17253  1707 6.66    6.24     1802   530   37K    46 24.05   24.02  
c rst  luby ibes vmt  1056  556 K 1897    17253  1707 6.66    6.24     1803   530   37K    46 24.05   24.02  
c rst  luby ibes vmt  1057  556 K 1897    17253  1707 6.66    6.24     1803   534   37K    46 24.04   24.01  
c rst  luby ibes vmt  1058  556 K 1897    17253  1707 6.66    6.24     1804   545   37K    46 24.06   24.03  
c rst  luby ibes vmt  1059  556 K 1897    17253  1707 6.66    6.24     1804   545   38K    46 24.11   24.08  
c rst  luby ibes vmt  1060  557 K 1897    17253  1707 6.66    6.24     1810   581   38K    46 24.14   24.12  
c rst  luby ibes vmt  1061  559 K 1897    17253  1707 6.66    6.24     1812   587   40K    46 24.24   24.21  
c [distill-long-red0] cls tried: 43/43 T: 0.00 T-out: N T-r: 99.91%
c [distill-long-red1] cls tried: 131/206 T: 0.01 T-out: Y T-r: -0.77%
c [full-probe]  bin_only: 1 set: 0 repl: 0 T: 0.00 T-out: N T-r: 99.90%
c rst  luby ibes vmt  1062  562 K 1897    17253  1707 6.66    6.24     1871   523   43K    46 24.40   24.38  
c rst  luby ibes vmt  1063  562 K 1897    17253  1707 6.66    6.24     1871   527   43K    46 24.40   24.38  
c rst  luby ibes vmt  1064  562 K 1897    17253  1707 6.66    6.24     1871   528   43K    46 24.41   24.38  
c rst  luby ibes vmt  1065  562 K 1897    17253  1707 6.66    6.24     1871   529   44K    46 24.44   24.42  
c rst  luby ibes vmt  1066  563 K 1897    17253  1707 6.66    6.24     1871   530   44K    46 24.44   24.41  
c rst  luby ibes vmt  1067  563 K 1897    17253  1707 6.66    6.24     1871   530   44K    46 24.45   24.43  
c rst  luby ibes vmt  1068  563 K 1897    17253  1707 6.66    6.24     1871   530   44K    46 24.47   24.45  
c rst  luby ibes vmt  1069  563 K 1897    17253  1707 6.66    6.24     1871   535   44K    46 24.45   24.43  
c [distill] watch-based irred--  cl tried 19787    cl-sh 0     cl-rem 0    lit-rem 0      T: 0.04 T-out: Y
c [distill] watch-based red  --  cl tried 3742     cl-sh 1     cl-rem 0    lit-rem 1      T: 0.01 T-out: N
c rst  luby ibes vmt  1070  563 K 1897    17253  1707 6.66    6.24     1871   536   45K    46 24.45   24.42  
c rst  luby ibes vmt  1071  563 K 1897    17253  1707 6.66    6.24     1872   539   45K    46 24.45   24.43  
c rst  luby ibes vmt  1072  564 K 1897    17253  1707 6.66    6.24     1873   546   45K    46 24.45   24.43  
c rst  luby ibes vmt  1073  564 K 1897    17253  1707 6.66    6.24     1874   546   45K    46 24.46   24.44  
c rst  luby ibes vmt  1074  564 K 1897    17253  1707 6.66    6.24     1874   546   45K    46 24.47   24.44  
c rst  luby svd  vmt  1075  564 K 1897    17253  1707 6.66    6.24     1874   546   45K    46 24.50   24.47  
c rst  luby svd  vmt  1076  564 K 1897    17253  1707 6.66    6.24     1874   550   46K    46 24.61   24.59  
c rst  luby svd  vmt  1077  565 K 1897    17253  1707 6.66    6.24     1874   553   46K    46 24.82   24.80  
c rst  luby svd  vmt  1078  565 K 1897    17253  1707 6.66    6.24     1874   558   47K    46 24.83   24.81  
c rst  luby svd  vmt  1079  565 K 1897    17253  1707 6.66    6.24     1875   559   47K    46 24.85   24.83  
c rst  luby svd  vmt  1080  566 K 1897    17253  1707 6.66    6.24     1875   561   47K    46 24.86   24.84  
c rst  luby svd  vmt  1081  566 K 1897    17253  1707 6.66    6.24     1875   563   47K    46 24.86   24.84  
c rst  luby svd  vmt  1082  566 K 1897    17253  1707 6.66    6.24     1875   564   47K    46 24.87   24.85  
c rst  luby svd  vmt  1083  566 K 1897    17253  1707 6.66    6.24     1875   565   47K    46 24.90   24.88  
c rst  luby svd  vmt  1084  566 K 1897    17253  1707 6.66    6.24     1876   570   48K    46 24.94   24.92  
c rst  luby svd  vmt  1085  567 K 1897    17253  1707 6.66    6.24     1876   572   48K    46 24.96   24.94  
c rst  luby svd  vmt  1086  567 K 1897    17253  1707 6.66    6.24     1876   572   48K    46 24.98   24.96  
c rst  luby svd  vmt  1087  567 K 1897    17253  1707 6.66    6.24     1876   574   48K    46 25.02   25.00  
c rst  luby svd  vmt  1088  567 K 1897    17253  1707 6.66    6.24     1876   574   48K    46 25.02   25.00  
c rst  luby svd  vmt  1089  567 K 1897    17253  1707 6.66    6.24     1876   576   48K    46 25.03   25.01  
c rst  luby svd  vmt  1090  567 K 1897    17253  1707 6.66    6.24     1877   577   48K    46 25.05   25.03  
c rst  luby svd  vmt  1091  568 K 1897    17253  1707 6.66    6.24     1880   584   49K    46 25.09   25.07  
c rst  luby svd  vmt  1092  568 K 1897    17253  1707 6.66    6.24     1880   585   50K    46 25.18   25.16  
c rst  luby svd  vmt  1093  570 K 1897    17253  1707 6.66    6.24     1967   620   35K    46 26.13   26.10  
c rst  luby svd  vmt  1094  570 K 1897    17253  1707 6.66    6.24     1967   622   35K    46 26.15   26.12  
c rst  luby svd  vmt  1095  570 K 1897    17253  1707 6.66    6.24     1967   622   35K    46 26.15   26.12  
c rst  luby svd  vmt  1096  570 K 1897    17253  1707 6.66    6.24     1967   623   35K    46 26.15   26.12  
c rst  luby svd  vmt  1097  571 K 1897    17253  1707 6.66    6.24     1967   624   35K    46 26.17   26.14  
c rst  luby svd  vmt  1098  571 K 1897    17253  1707 6.66    6.24     1967   624   35K    46 26.18   26.16  
c rst  luby svd  vmt  1099  571 K 1897    17253  1707 6.66    6.24     1967   624   36K    46 26.20   26.17  
c [distill-bin] useful: 0/1707/1707 lits-rem: 0 cl-rem: 0 0-depth-assigns: 0 T: 0.01 T-out: N
c rst  luby svd  vmt  1100  571 K 1897    17253  1707 6.66    6.24     1967   626   36K    46 26.27   26.24  
c rst  luby svd  vmt  1101  571 K 1897    17253  1707 6.66    6.24     1967   626   36K    46 26.28   26.25  
c rst  luby svd  vmt  1102  571 K 1897    17253  1707 6.66    6.24     1967   626   36K    46 26.28   26.25  
c rst  luby svd  vmt  1103  572 K 1897    17253  1707 6.66    6.24     1967   627   36K    46 26.29   26.26  
c rst  luby svd  vmt  1104  572 K 1897    17253  1707 6.66    6.24     1967   629   37K    46 26.29   26.27  
c rst  luby svd  vmt  1105  572 K 1897    17253  1707 6.66    6.24     1967   630   37K    46 26.31   26.29  
c rst  luby svd  vmt  1106  572 K 1897    17253  1707 6.66    6.24     1967   633   37K    46 26.34   26.31  
c rst  luby svd  vmt  1107  573 K 1897    17253  1707 6.66    6.24     1967   633   37K    46 26.41   26.38  
c rst  luby svd  vmt  1108  573 K 1897    17253  1707 6.66    6.24     1967   635   38K    46 26.46   26.44  
c rst  luby svd  vmt  1109  573 K 1897    17253  1707 6.66    6.24     1967   636   38K    46 26.47   26.45  
c rst  luby svd  vmt  1110  574 K 1897    17253  1707 6.66    6.24     1967   639   38K    46 26.50   26.47  
c rst  luby svd  vmt  1111  574 K 1897    17253  1707 6.66    6.24     1967   639   38K    46 26.55   26.52  
c rst  luby svd  vmt  1112  574 K 1897    17253  1707 6.66    6.24     1967   639   39K    46 26.57   26.54  
c [distill-long-red0] cls tried: 100/100 T: 0.01 T-out: N T-r: 99.82%
c [distill-long-red1] cls tried: 118/210 T: 0.01 T-out: Y T-r: -0.59%
c rst  luby svd  vmt  1113  574 K 1897    17253  1707 6.66    6.24     1967   639   39K    46 26.58   26.55  
c rst  luby svd  vmt  1114  574 K 1897    17253  1707 6.66    6.24     1967   640   39K    46 26.62   26.59  
c rst  luby svd  vmt  1115  575 K 1897    17253  1707 6.66    6.24     1967   640   39K    46 26.71   26.68  
c rst  luby svd  vmt  1116  575 K 1897    17253  1707 6.66    6.24     1967   640   39K    46 26.71   26.69  
c rst  geom best vmt  1117  575 K 1897    17253  1707 6.66    6.24     1967   640   39K    46 26.73   26.70  
c rst  geom best vmt  1118  575 K 1897    17253  1707 6.66    6.24     1967   640   40K    46 26.73   26.70  
c rst  geom best vmt  1119  575 K 1897    17253  1707 6.66    6.24     1967   642   40K    46 26.73   26.70  
c rst  geom best vmt  1120  575 K 1897    17253  1707 6.66    6.24     1967   647   40K    46 26.73   26.70  
c [gauss] XOR-encoding clauses are not detached, so no need to reattach them.
c [g 0] truth-find prop checks  : 1118K
c [g 0] -> of which prop        : 34.65 %
c [g 0] -> of which confl       :  1.68 %
c [g 0] elim called             : 170K
c [g 0] ---> which lead to prop : 121.08 %
c [g 0] ---> which lead to confl:  5.57 %
c [g 0] size: 42    x 91   
c [scc] new: 0 BP 0M T: 0.00
c [vrep] vars 0 lits 0 rem-bin-cls 0 rem-long-cls 0 BP 0M T: 0.00
c [intree] Set 0 vars hyper-added: 0 trans-irred: 0 trans-red: 0 T: 0.01 T-out: N T-r: -0.84%
c [find&init matx] performing matrix init
c [gauss] XOR-encoding clauses are not detached, so no need to reattach them.
c [xor-rem-unconnected] left with 194 xors from 194 non-empty xors T: 0.00
c [xor-together] xored together: 152 orig xors: 194 new xors: 42 T: 0.00
c [xor-rem-unconnected] left with 42 xors from 42 non-empty xors T: 0.00
c [xor-clean-equiv] removed equivalent xors: 0 left with: 42
c [matrix] unused xors from cleaning: 0
c [matrix] Good   matrix 0 42      x91     density:0.2028  xorlen avg: 18.45
c [matrix] Using 1 matrices recovered from 0 xors T: 0.00 T-out: N
c rst  geom best vmt  1121  575 K 1897    17253  1707 6.66    6.24     1967   648   40K    46 26.75   26.72  
c rst  geom best vmt  1122  575 K 1897    17253  1707 6.66    6.24     1967   649   40K    46 26.75   26.72  
c rst  geom best vmt  1123  576 K 1897    17253  1707 6.66    6.24     1967   651   40K    46 26.77   26.74  
c rst  geom best vmt  1124  576 K 1897    17253  1707 6.66    6.24     1967   652   41K    46 26.76   26.73  
c rst  geom best vmt  1125  576 K 1897    17253  1707 6.66    6.24     1967   653   41K    46 26.76   26.74  
c rst  geom best vmt  1126  576 K 1897    17253  1707 6.66    6.24     1967   653   41K    46 26.77   26.75  
c rst  geom best vmt  1127  577 K 1897    17253  1707 6.66    6.24     1967   653   41K    46 26.77   26.74  
c rst  geom best vmt  1128  577 K 1897    17253  1707 6.66    6.24     1967   662   42K    46 26.77   26.75  
c rst  geom best vmt  1129  577 K 1897    17253  1707 6.66    6.24     1967   667   42K    46 26.79   26.77  
c rst  geom best vmt  1130  578 K 1897    17253  1707 6.66    6.24     1967   670   42K    46 26.84   26.82  
c rst  geom best vmt  1131  578 K 1897    17253  1707 6.66    6.24     1967   671   43K    46 26.86   26.83  
c rst  geom best vmt  1132  579 K 1897    17253  1707 6.66    6.24     1967   678   43K    46 26.86   26.84  
c rst  geom best vmt  1133  579 K 1897    17253  1707 6.66    6.24     1967   682   44K    46 26.88   26.85  
c [full-probe]  bin_only: 0 set: 0 repl: 0 T: 0.01 T-out: N T-r: 98.07%
c rst  geom best vmt  1134  580 K 1897    17253  1707 6.66    6.24     2041   607   44K    46 26.90   26.87  
c rst  geom best vmt  1135  580 K 1897    17253  1707 6.66    6.24     2041   610   45K    46 26.92   26.89  
c rst  geom best vmt  1136  581 K 1897    17253  1707 6.66    6.24     2041   621   46K    46 26.91   26.89  
c rst  geom best vmt  1137  582 K 1897    17253  1707 6.66    6.24     2041   624   46K    46 27.01   26.99  
c rst  geom best vmt  1138  582 K 1897    17253  1707 6.66    6.24     2041   633   47K    46 27.03   27.01  
c [ccnr] tries: 0 steps: 262143 best found: 2
c [ccnr] saving best assignment phase to stable_polar
c [ccnr] bumping based on clause weights
c [ccnr] Bumped vars: 101 bump type: 6
c [ccnr] time: 0.25
c rst  geom best vmt  1139  583 K 1897    17253  1707 6.66    6.24     2046   690   48K    46 26.98   26.95  
c rst  geom best vmt  1140  584 K 1897    17253  1707 6.66    6.24     2046   692   49K    46 26.98   26.96  
c rst  geom best vmt  1141  585 K 1897    17253  1707 6.66    6.24     2059   899   35K    46 27.33   27.30  
c rst  geom best vmt  1142  586 K 1897    17253  1707 6.66    6.24     2068   970   36K    46 27.33   27.30  
c [impl-str] lit bin: 0 set-var: 0 T: 0.00 T-out: N T-r: 99.96% w-visit: 3796
c [impl-sub] bin: 0 T: 0.00 T-out: N w-visit: 3796
c rst  geom stb  vmt  1143  588 K 1897    17253  1707 6.66    6.24     2068   983   37K    46 27.67   27.64  
c rst  geom stb  vmt  1144  589 K 1897    17253  1707 6.66    6.24     2073   991   39K    46 27.91   27.88  
c [distill-long-red0] cls tried: 84/84 T: 0.01 T-out: N T-r: 99.85%
c [distill-long-red1] cls tried: 88/479 T: 0.01 T-out: Y T-r: -1.44%
c [distill] watch-based irred--  cl tried 16339    cl-sh 0     cl-rem 0    lit-rem 0      T: 0.04 T-out: Y
c [distill] watch-based red  --  cl tried 4146     cl-sh 0     cl-rem 0    lit-rem 0      T: 0.01 T-out: N
c rst  geom stb  vmt  1145  591 K 1897    17253  1707 6.66    6.24     2266   786   40K    46 28.01   27.98  
c rst  geom stb  vmt  1146  592 K 1897    17253  1707 6.66    6.24     2266   800   42K    46 27.99   27.96  
c [distill-bin] useful: 0/1707/1707 lits-rem: 0 cl-rem: 0 0-depth-assigns: 0 T: 0.01 T-out: N
c rst  geom stb  vmt  1147  594 K 1897    17253  1707 6.66    6.24     2267   808   44K    46 27.95   27.93  
c rst  geom stb  vmt  1148  596 K 1897    17253  1707 6.66    6.24     2267   815   46K    46 27.92   27.90  
c rst  geom stb  vmt  1149  598 K 1897    17253  1707 6.66    6.24     2272   838   48K    46 28.05   28.03  
c rst  geom ibes vmt  1150  601 K 1897    17253  1707 6.66    6.24     2371   869   35K    46 28.30   28.27  
c [branch] adjusting to: vsid (from: vmtf) var_decay:0.95 descr: VSIDS
c [full-probe]  bin_only: 1 set: 0 repl: 0 T: 0.01 T-out: N T-r: 99.82%
c rst  geom ibes vs   1151  601 K 1897    17253  1707 6.66    6.24     2371   870   35K    46 28.28   28.25  
c rst  geom ibes vs   1152  601 K 1897    17253  1707 6.66    6.24     2371   872   35K    46 28.26   28.23  
c rst  geom ibes vs   1153  601 K 1897    17253  1707 6.66    6.24     2371   872   35K    46 28.23   28.20  
c rst  geom ibes vs   1154  601 K 1897    17253  1707 6.66    6.24     2371   876   36K    46 28.23   28.20  
c rst  geom ibes vs   1155  602 K 1897    17253  1707 6.66    6.24     2371   878   36K    46 28.20   28.16  
c rst  geom ibes vs   1156  602 K 1897    17253  1707 6.66    6.24     2371   879   36K    46 28.20   28.17  
c rst  geom ibes vs   1157  602 K 1897    17253  1707 6.66    6.24     2371   881   36K    46 28.18   28.15  
c rst  geom ibes vs   1158  602 K 1897    17253  1707 6.66    6.24     2371   883   36K    46 28.14   28.11  
c rst  geom ibes vs   1159  602 K 1897    17253  1707 6.66    6.24     2371   883   37K    46 28.11   28.08  
c rst  geom ibes vs   1160  603 K 1897    17253  1707 6.66    6.24     2371   883   37K    46 28.08   28.05  
c rst  geom ibes vs   1161  603 K 1897    17253  1707 6.66    6.24     2371   886   37K    46 28.06   28.03  
c rst  geom ibes vs   1162  603 K 1897    17253  1707 6.66    6.24     2371   892   37K    46 28.03   28.00  
c rst  geom ibes vs   1163  604 K 1897    17253  1707 6.66    6.24     2371   893   38K    46 28.00   27.97  
c rst  geom ibes vs   1164  604 K 1897    17253  1707 6.66    6.24     2371   896   38K    46 27.94   27.91  
c rst  geom ibes vs   1165  604 K 1897    17253  1707 6.66    6.24     2371   898   39K    46 27.89   27.86  
c [distill-long-red0] cls tried: 239/239 T: 0.02 T-out: N T-r: 99.58%
c [distill-long-red1] cls tried: 95/408 T: 0.01 T-out: Y T-r: -1.48%
c rst  geom ibes vs   1166  605 K 1897    17253  1707 6.66    6.24     2371   902   39K    46 27.81   27.78  
c rst  geom ibes vs   1167  605 K 1897    17253  1707 6.66    6.24     2371   906   40K    46 27.76   27.74  
c rst  geom ibes vs   1168  606 K 1897    17253  1707 6.66    6.24     2371   914   40K    46 27.69   27.66  
c rst  geom ibes vs   1169  607 K 1897    17253  1707 6.66    6.24     2371   920   41K    46 27.63   27.61  
c rst  geom ibes vs   1170  607 K 1897    17253  1707 6.66    6.24     2371   920   41K    46 27.59   27.56  
c rst  geom ibes vs   1171  608 K 1897    17253  1707 6.66    6.24     2372   922   42K    46 27.52   27.49  
c rst  geom ibes vs   1172  609 K 1897    17253  1707 6.66    6.24     2372   923   43K    46 27.49   27.47  
c rst  geom ibes vs   1173  610 K 1897    17253  1707 6.66    6.24     2441   851   44K    46 27.42   27.40  
c rst  geom svd  vs   1174  611 K 1897    17253  1707 6.66    6.24     2441   853   45K    46 27.51   27.48  
c rst  geom svd  vs   1175  612 K 1897    17253  1707 6.66    6.24     2441   857   46K    46 27.55   27.53  
c rst  geom svd  vs   1176  612 K 1897    17253  1707 6.66    6.24     2441   859   47K    46 27.57   27.55  
c recursive minimization cost OK: 912Kcost/(% lits removed)
c [gauss] XOR-encoding clauses are not detached, so no need to reattach them.
c [g 0] truth-find prop checks  : 668K
c [g 0] -> of which prop        : 38.37 %
c [g 0] -> of which confl       :  1.53 %
c [g 0] elim called             : 88K
c [g 0] ---> which lead to prop : 135.56 %
c [g 0] ---> which lead to confl:  5.97 %
c [g 0] size: 42    x 91   
c --> Executing strategy token: scc-vrepl
c [scc] new: 0 BP 0M T: 0.00
c --> Executing strategy token: sub-impl
c [impl-sub] bin: 0 T: 0.00 T-out: N w-visit: 3796
c --> Executing strategy token: breakid
c --> Executing OCC strategy token(s): 'occ-backw-sub-str,occ-clean-implicit,occ-bve,occ-bva,occ-ternary-res,occ-xor,'
c [occ] mem usage for occur 1      MB
c [occ] Linked in IRRED BIN by default: 1707
c [occ] Linked in RED   BIN by default: 46
c [occ] mem usage for occur 0      MB
c Mem for watch alloc      : 11          MB (24.44     %)
c Mem for watch array      : 0           MB (0.19      %)
c --> Executing OCC strategy token: occ-backw-sub-str
c [occ-backw-sub-str-long-w-bins] subs: 0 str: 2 tried: 48978 0-depth ass: 0 T: 0.00 T-out: N T-r: 99.66%
c [occ-backw-sub-long-w-long] rem cl: 105 tried: 67615/67615 (100.0%) T: 0.01 T-out: N T-r: 96.48%
c [occ-backw-sub-str-long-w-long] sub: 5 str: 40 tried: 202845/67615 (300.0)  T: 0.07 T-out: N T-r: 88.92%
c --> Executing OCC strategy token: occ-clean-implicit
c --> Executing OCC strategy token: occ-bve
c [occ-empty-res] Empty resolvent elimed: 0 T: 0.00 T-out: N
c [occ-bve] turning off picosat-based irreg gate detection, added lits:  307K
c [occ-bve] iter v-elim 0
c cl_inc_rate=1.0, var_dec_rate=1.0 (grow=0)
c Reduced to 1897 vars, 18959 cls (grow=0)
c [occ-bve] iter v-elim 0
c cl_inc_rate=1.0, var_dec_rate=1.0 (grow=8)
c Reduced to 1897 vars, 18959 cls (grow=8)
c [occ-bve] iter v-elim 0
c cl_inc_rate=1.0, var_dec_rate=1.0 (grow=16)
c Reduced to 1897 vars, 18959 cls (grow=16)
c x n vars       : 1897
c #try to eliminate:  5691
c #var-elim        :     0
c #T-o: N
c #T-r: 99.99%
c #T  : 0.99
c [occur] 0.04 is overhead
c [occur] link-in T: 0.04 cleanup T: 0.00
c --> Executing OCC strategy token: occ-bva
c --> Executing OCC strategy token: occ-ternary-res
c [occ-ternary-res] Ternary res-tri: 0 res-bin: 0 sub: 0 str: 0 T: 0.00 T-out: N T-r: 99.85%
c --> Executing OCC strategy token: occ-xor
c [occ-xor] sort occur list T: 0.00
c [xor-clean-equiv] removed equivalent xors: 0 left with: 186
c [occ-xor] found    186 avg sz 5.5 min sz  4 max sz  6 T: 0.01 T-out: N T-r: 99.97%
c --> Executing strategy token: card-find
c --> Executing strategy token: cl-consolidate
c Not consolidating memory.
c --> Executing strategy token: scc-vrepl
c [scc] new: 0 BP 0M T: 0.00
c --> Executing strategy token: renumber
c --> Executing strategy token: bosphorus
c --> Executing strategy token: louvain-comms
c [consolidate] mini T: 0.00
c global_timeout_multiplier: 4.8315
c [branch] rebuilding order heap for all branchings. Current branching: vsid
c [find&init matx] performing matrix init
c [gauss] XOR-encoding clauses are not detached, so no need to reattach them.
c [xor-rem-unconnected] left with 186 xors from 186 non-empty xors T: 0.00
c [xor-together] xored together: 142 orig xors: 186 new xors: 44 T: 0.00
c [xor-rem-unconnected] left with 44 xors from 44 non-empty xors T: 0.00
c [xor-clean-equiv] removed equivalent xors: 0 left with: 44
c [matrix] unused xors from cleaning: 0
c [matrix] Good   matrix  0     44 x   96  density:0.1771  xorlen avg: 17.00
c [matrix] Using 1 matrices recovered from 0 xors T: 0.00 T-out: N
c [distill-bin] useful: 0/1707/1707 lits-rem: 0 cl-rem: 0 0-depth-assigns: 0 T: 0.01 T-out: N
c rst  geom  svd   vs  1177  613K    1897 17252  1707    6.66    6.24  2352   928   47K    46   27.63   27.61
c rst  geom  svd   vs  1178  614K    1897 17252  1707    6.66    6.24  2352   930   48K    46   27.66   27.64
c rst  geom  svd   vs  1179  615K    1897 17252  1707    6.66    6.24  2354   938   35K    46   26.48   26.45
c [distill] watch-based irred--  cl tried    20352 cl-sh     0 cl-rem    0 lit-rem      0 T: 0.04 T-out: Y
c [distill] watch-based   red--  cl tried     4708 cl-sh     0 cl-rem    0 lit-rem      0 T: 0.01 T-out: N
c rst  geom  svd   vs  1180  617K    1897 17252  1707    6.66    6.24  2354   946   37K    46   26.54   26.51
c rst  geom  svd   vs  1181  619K    1897 17252  1707    6.66    6.24  2356   951   39K    46   26.66   26.63
c rst  geom  svd   vs  1182  621K    1897 17252  1707    6.66    6.24  2403   875   40K    46   26.57   26.55
c [distill-long-red0] cls tried: 96/96 T: 0.00 T-out: N T-r: 99.89%
c [distill-long-red1] cls tried: 122/361 T: 0.01 T-out: Y T-r: -1.51%
c rst  geom  svd   vs  1183  623K    1897 17252  1707    6.66    6.24  2403   882   42K    46   26.43   26.41
c [full-probe]  bin_only: 0 set: 0 repl: 0 T: 0.01 T-out: N T-r: 98.24%
c rst  geom best   vs  1184  625K    1897 17252  1707    6.66    6.24  2403   895   45K    46   26.37   26.35
c rst  geom best   vs  1185  627K    1897 17252  1707    6.66    6.24  2403   904   47K    46   26.26   26.24
c [ccnr] tries: 0 steps: 262143 best found: 2
c [ccnr] saving best assignment phase to stable_polar
c [ccnr] bumping based on var unsat frequency: conflict_ct
c [ccnr] Bumped vars: 1898 bump type: 6
c [ccnr] time: 0.26
c rst  geom best   vs  1186  630K    1897 17252  1707    6.66    6.24  2456   878   36K    46   24.69   24.67
c rst  geom best   vs  1187  633K    1897 17252  1707    6.66    6.24  2456   880   39K    46   24.61   24.59
c [distill-bin] useful: 0/1707/1707 lits-rem: 0 cl-rem: 0 0-depth-assigns: 0 T: 0.01 T-out: N
c rst  geom best   vs  1188  636K    1897 17252  1707    6.66    6.24  2456   891   43K    46   24.75   24.72
c [distill-long-red0] cls tried: 36/36 T: 0.00 T-out: N T-r: 99.94%
c [distill-long-red1] cls tried: 112/307 T: 0.01 T-out: Y T-r: -1.69%
c rst  geom  stb   vs  1189  640K    1897 17252  1707    6.66    6.24  2519   798   46K    47   25.06   25.04
c rst  geom  stb   vs  1190  644K    1897 17252  1707    6.66    6.24  2519   813   50K    47   25.48   25.46
c [full-probe]  bin_only: 1 set: 0 repl: 0 T: 0.01 T-out: N T-r: 99.84%
c [distill] watch-based irred--  cl tried    19130 cl-sh     0 cl-rem    3 lit-rem      0 T: 0.04 T-out: Y
c [distill] watch-based   red--  cl tried     5035 cl-sh     3 cl-rem    3 lit-rem      3 T: 0.01 T-out: N
c [gauss] XOR-encoding clauses are not detached, so no need to reattach them.
c [g 0] truth-find prop checks  : 536K
c [g 0] -> of which prop        : 34.80 %
c [g 0] -> of which confl       :  1.42 %
c [g 0] elim called             : 75K
c [g 0] ---> which lead to prop : 125.69 %
c [g 0] ---> which lead to confl:  4.94 %
c [g 0] size: 44    x 96   
c [scc] new: 0 BP 0M T: 0.00
c [vrep] vars 0 lits 0 rem-bin-cls 0 rem-long-cls 0 BP 0M T: 0.00
c [intree] Set 0 vars hyper-added: 0 trans-irred: 0 trans-red: 0 T: 0.01 T-out: N T-r: -0.40%
c [find&init matx] performing matrix init
c [gauss] XOR-encoding clauses are not detached, so no need to reattach them.
c [xor-rem-unconnected] left with 186 xors from 186 non-empty xors T: 0.00
c [xor-together] xored together: 142 orig xors: 186 new xors: 44 T: 0.00
c [xor-rem-unconnected] left with 44 xors from 44 non-empty xors T: 0.00
c [xor-clean-equiv] removed equivalent xors: 0 left with: 44
c [matrix] unused xors from cleaning: 0
c [matrix] Good   matrix 0 44      x96     density:0.1771  xorlen avg: 17.00
c [matrix] Using 1 matrices recovered from 0 xors T: 0.00 T-out: N
c rst  geom stb  vs   1191  648 K 1897    17249  1708 6.66    6.24     2532   872   39K    46 25.79   25.76  
c [impl-str] lit bin: 0 set-var: 0 T: 0.00 T-out: N T-r: 99.97% w-visit: 3796
c [impl-sub] bin: 0 T: 0.00 T-out: N w-visit: 3796
c rst  geom ibes vs   1192  653 K 1897    17249  1708 6.66    6.24     2579   795   44K    46 25.62   25.60  
c [distill-long-red0] cls tried: 83/83 T: 0.00 T-out: N T-r: 99.90%
c [distill-long-red1] cls tried: 138/231 T: 0.01 T-out: Y T-r: -0.99%
c [distill-bin] useful: 0/1708/1708 lits-rem: 0 cl-rem: 0 0-depth-assigns: 0 T: 0.01 T-out: N
c rst  geom ibes vs   1193  658 K 1897    17249  1708 6.66    6.24     2579   799   49K    46 25.62   25.60  
c rst  geom ibes vs   1194  664 K 1897    17249  1708 6.66    6.24     2610   673   40K    46 25.25   25.22  
c [full-probe]  bin_only: 0 set: 0 repl: 0 T: 0.01 T-out: N T-r: 98.34%
c rst  geom svd  vs   1195  671 K 1897    17249  1708 6.66    6.24     2626   596   47K    46 25.56   25.54  
c [branch] adjusting to: vmtf (from: vsid) var_decay:0.95 descr: VMTF
c [distill-long-red0] cls tried: 24/24 T: 0.00 T-out: N T-r: 99.96%
c [distill-long-red1] cls tried: 100/124 T: 0.01 T-out: Y T-r: -0.85%
c [distill] watch-based irred--  cl tried 21282    cl-sh 0     cl-rem 0    lit-rem 0      T: 0.04 T-out: Y
c [distill] watch-based red  --  cl tried 5252     cl-sh 2     cl-rem 0    lit-rem 2      T: 0.01 T-out: N
c rst  luby svd  vmt  1196  671 K 1897    17249  1708 6.66    6.24     2627   609   47K    46 25.55   25.53  
c rst  luby svd  vmt  1197  671 K 1897    17249  1708 6.66    6.24     2627   611   47K    46 25.55   25.53  
c rst  luby svd  vmt  1198  671 K 1897    17249  1708 6.66    6.24     2627   614   47K    46 25.60   25.58  
c rst  luby svd  vmt  1199  671 K 1897    17249  1708 6.66    6.24     2627   616   47K    46 25.61   25.59  
c rst  luby svd  vmt  1200  671 K 1897    17249  1708 6.66    6.24     2627   616   47K    46 25.62   25.60  
c [ccnr] tries: 0 steps: 262143 best found: 3
c [ccnr] saving best assignment phase to stable_polar
c [ccnr] bumping based on var unsat frequency: conflict_ct
c [ccnr] Bumped vars: 1898 bump type: 6
c [ccnr] time: 0.26
c rst  luby svd  vmt  1201  672 K 1897    17249  1708 6.66    6.24     2630   632   48K    46 25.62   25.59  
c rst  luby svd  vmt  1202  672 K 1897    17249  1708 6.66    6.24     2630   637   48K    46 25.69   25.67  
c rst  luby svd  vmt  1203  672 K 1897    17249  1708 6.66    6.24     2630   637   48K    46 25.71   25.68  
c rst  luby svd  vmt  1204  672 K 1897    17249  1708 6.66    6.24     2630   638   48K    46 25.72   25.70  
c rst  luby svd  vmt  1205  672 K 1897    17249  1708 6.66    6.24     2631   642   48K    46 25.75   25.73  
c rst  luby svd  vmt  1206  672 K 1897    17249  1708 6.66    6.24     2631   642   49K    46 25.75   25.73  
c rst  luby svd  vmt  1207  673 K 1897    17249  1708 6.66    6.24     2631   642   49K    46 25.76   25.74  
c rst  luby svd  vmt  1208  673 K 1897    17249  1708 6.66    6.24     2631   644   49K    46 25.80   25.78  
c rst  luby svd  vmt  1209  673 K 1897    17249  1708 6.66    6.24     2631   645   49K    46 25.81   25.79  
c rst  luby svd  vmt  1210  674 K 1897    17249  1708 6.66    6.24     2631   645   50K    46 25.81   25.79  
c [distill-bin] useful: 0/1708/1708 lits-rem: 0 cl-rem: 0 0-depth-assigns: 0 T: 0.01 T-out: N
c rst  luby svd  vmt  1211  674 K 1897    17249  1708 6.66    6.24     2631   645   50K    46 25.83   25.81  
c rst  luby svd  vmt  1212  674 K 1897    17249  1708 6.66    6.24     2631   648   50K    46 25.85   25.83  
c rst  luby svd  vmt  1213  674 K 1897    17249  1708 6.66    6.24     2631   648   50K    46 25.87   25.85  
c rst  luby svd  vmt  1214  674 K 1897    17249  1708 6.66    6.24     2631   648   51K    46 25.90   25.88  
c rst  luby svd  vmt  1215  675 K 1897    17249  1708 6.66    6.24     2641   712   36K    46 26.16   26.13  
c rst  luby svd  vmt  1216  675 K 1897    17249  1708 6.66    6.24     2641   712   36K    46 26.20   26.17  
c rst  luby svd  vmt  1217  675 K 1897    17249  1708 6.66    6.24     2641   718   36K    46 26.23   26.20  
c rst  luby svd  vmt  1218  675 K 1897    17249  1708 6.66    6.24     2641   719   36K    46 26.25   26.22  
c rst  luby svd  vmt  1219  675 K 1897    17249  1708 6.66    6.24     2641   719   36K    46 26.26   26.23  
c rst  luby svd  vmt  1220  676 K 1897    17249  1708 6.66    6.24     2641   720   37K    46 26.28   26.26  
c rst  luby svd  vmt  1221  676 K 1897    17249  1708 6.66    6.24     2641   720   37K    46 26.29   26.26  
c rst  luby svd  vmt  1222  676 K 1897    17249  1708 6.66    6.24     2641   720   37K    46 26.30   26.27  
c rst  luby svd  vmt  1223  676 K 1897    17249  1708 6.66    6.24     2641   720   37K    46 26.32   26.30  
c rst  luby svd  vmt  1224  676 K 1897    17249  1708 6.66    6.24     2642   722   37K    46 26.36   26.34  
c rst  geom best vmt  1225  676 K 1897    17249  1708 6.66    6.24     2642   728   38K    46 26.34   26.32  
c rst  geom best vmt  1226  677 K 1897    17249  1708 6.66    6.24     2642   728   38K    46 26.35   26.32  
c rst  geom best vmt  1227  677 K 1897    17249  1708 6.66    6.24     2642   728   38K    46 26.34   26.31  
c rst  geom best vmt  1228  677 K 1897    17249  1708 6.66    6.24     2642   729   38K    46 26.35   26.33  
c rst  geom best vmt  1229  677 K 1897    17249  1708 6.66    6.24     2642   729   38K    46 26.36   26.33  
c rst  geom best vmt  1230  677 K 1897    17249  1708 6.66    6.24     2642   730   38K    46 26.36   26.33  
c rst  geom best vmt  1231  677 K 1897    17249  1708 6.66    6.24     2642   730   38K    46 26.35   26.32  
c rst  geom best vmt  1232  678 K 1897    17249  1708 6.66    6.24     2642   732   39K    46 26.34   26.31  
c rst  geom best vmt  1233  678 K 1897    17249  1708 6.66    6.24     2643   733   39K    46 26.34   26.31  
c rst  geom best vmt  1234  678 K 1897    17249  1708 6.66    6.24     2644   733   39K    46 26.32   26.30  
c rst  geom best vmt  1235  678 K 1897    17249  1708 6.66    6.24     2644   733   39K    46 26.32   26.29  
c rst  geom best vmt  1236  679 K 1897    17249  1708 6.66    6.24     2644   733   40K    46 26.33   26.30  
c rst  geom best vmt  1237  679 K 1897    17249  1708 6.66    6.24     2644   739   40K    46 26.30   26.27  
c rst  geom best vmt  1238  679 K 1897    17249  1708 6.66    6.24     2647   775   40K    46 26.38   26.35  
c rst  geom best vmt  1239  680 K 1897    17249  1708 6.66    6.24     2739   613   41K    46 26.43   26.40  
c rst  geom best vmt  1240  680 K 1897    17249  1708 6.66    6.24     2742   644   41K    46 26.45   26.43  
c rst  geom best vmt  1241  681 K 1897    17249  1708 6.66    6.24     2742   646   42K    46 26.42   26.40  
c rst  geom best vmt  1242  681 K 1897    17249  1708 6.66    6.24     2742   648   42K    46 26.40   26.37  
c rst  geom best vmt  1243  682 K 1897    17249  1708 6.66    6.24     2742   667   43K    46 26.41   26.39  
c rst  geom best vmt  1244  683 K 1897    17249  1708 6.66    6.24     2745   690   44K    46 26.34   26.32  
c rst  geom best vmt  1245  683 K 1897    17249  1708 6.66    6.24     2746   706   44K    46 26.41   26.39  
c rst  geom best vmt  1246  684 K 1897    17249  1708 6.66    6.24     2746   707   45K    46 26.44   26.42  
c rst  geom best vmt  1247  685 K 1897    17249  1708 6.66    6.24     2746   709   46K    46 26.39   26.37  
c [full-probe]  bin_only: 1 set: 0 repl: 0 T: 0.01 T-out: N T-r: 99.69%
c rst  geom best vmt  1248  686 K 1897    17249  1708 6.66    6.24     2746   711   47K    46 26.34   26.32  
c [distill-long-red0] cls tried: 64/64 T: 0.01 T-out: N T-r: 99.84%
c [distill-long-red1] cls tried: 70/260 T: 0.01 T-out: Y T-r: -1.49%
c rst  geom best vmt  1249  687 K 1897    17249  1708 6.66    6.24     2747   736   48K    46 26.26   26.24  
c rst  geom best vmt  1250  688 K 1897    17249  1708 6.66    6.24     2751   776   49K    46 26.21   26.19  
c rst  geom best vmt  1251  689 K 1897    17249  1708 6.66    6.24     2753   780   50K    46 26.29   26.27  
c rst  geom stb  vmt  1252  691 K 1897    17249  1708 6.66    6.24     2875   836   37K    46 25.50   25.47  
c rst  geom stb  vmt  1253  692 K 1897    17249  1708 6.66    6.24     2876   836   38K    46 25.71   25.69  
c rst  geom stb  vmt  1254  694 K 1897    17249  1708 6.66    6.24     2876   837   40K    46 26.05   26.02  
c [distill-bin] useful: 0/1708/1708 lits-rem: 0 cl-rem: 0 0-depth-assigns: 0 T: 0.01 T-out: N
c rst  geom stb  vmt  1255  696 K 1897    17249  1708 6.66    6.24     2876   840   42K    46 26.43   26.40  
c [distill] watch-based irred--  cl tried 18769    cl-sh 0     cl-rem 0    lit-rem 0      T: 0.04 T-out: Y
c [distill] watch-based red  --  cl tried 5752     cl-sh 6     cl-rem 0    lit-rem 7      T: 0.01 T-out: N
c rst  geom stb  vmt  1256  698 K 1897    17249  1708 6.66    6.24     2876   842   44K    46 26.91   26.89  
c rst  geom stb  vmt  1257  700 K 1897    17249  1708 6.66    6.24     2922   755   46K    46 27.24   27.22  
c rst  geom stb  vmt  1258  703 K 1897    17249  1708 6.66    6.24     2923   770   49K    46 27.44   27.42  
c [distill-long-red0] cls tried: 146/146 T: 0.01 T-out: N T-r: 99.76%
c [distill-long-red1] cls tried: 61/329 T: 0.02 T-out: Y T-r: -2.47%
c rst  geom ibes vmt  1259  705 K 1897    17249  1708 6.66    6.24     2937   825   33K    46 27.68   27.65  
c [full-probe]  bin_only: 0 set: 0 repl: 0 T: 0.01 T-out: N T-r: 98.61%
c rst  geom ibes vmt  1260  708 K 1897    17249  1708 6.66    6.24     2940   845   36K    46 27.74   27.71  
c [impl-str] lit bin: 0 set-var: 0 T: 0.00 T-out: N T-r: 99.97% w-visit: 3796
c [impl-sub] bin: 0 T: 0.00 T-out: N w-visit: 3796
c rst  geom ibes vmt  1261  712 K 1897    17249  1708 6.66    6.24     2971   805   40K    46 28.11   28.08  
c [gauss] XOR-encoding clauses are not detached, so no need to reattach them.
c [g 0] truth-find prop checks  : 1144K
c [g 0] -> of which prop        : 39.80 %
c [g 0] -> of which confl       :  1.56 %
c [g 0] elim called             : 143K
c [g 0] ---> which lead to prop : 146.51 %
c [g 0] ---> which lead to confl:  5.94 %
c [g 0] size: 44    x 96   
c [scc] new: 0 BP 0M T: 0.00
c [vrep] vars 0 lits 0 rem-bin-cls 0 rem-long-cls 0 BP 0M T: 0.00
c [intree] Set 0 vars hyper-added: 0 trans-irred: 0 trans-red: 0 T: 0.01 T-out: N T-r: -1.01%
c [find&init matx] performing matrix init
c [gauss] XOR-encoding clauses are not detached, so no need to reattach them.
c [xor-rem-unconnected] left with 186 xors from 186 non-empty xors T: 0.00
c [xor-together] xored together: 142 orig xors: 186 new xors: 44 T: 0.00
c [xor-rem-unconnected] left with 44 xors from 44 non-empty xors T: 0.00
c [xor-clean-equiv] removed equivalent xors: 0 left with: 44
c [matrix] unused xors from cleaning: 0
c [matrix] Good   matrix 0 44      x96     density:0.1771  xorlen avg: 17.00
c [matrix] Using 1 matrices recovered from 0 xors T: 0.00 T-out: N
c rst  geom ibes vmt  1262  715 K 1897    17249  1708 6.66    6.24     2975   878   43K    46 28.06   28.04  
c [distill-bin] useful: 0/1708/1708 lits-rem: 0 cl-rem: 0 0-depth-assigns: 0 T: 0.01 T-out: N
c [ccnr] tries: 0 steps: 262143 best found: 2
c [ccnr] saving best assignment phase to stable_polar
c [ccnr] bumping based on clause weights
c [ccnr] Bumped vars: 104 bump type: 6
c [ccnr] time: 0.26
c rst  geom svd  vmt  1263  719 K 1897    17249  1708 6.66    6.24     2980   933   47K    46 28.19   28.17  
c [distill-long-red0] cls tried: 46/46 T: 0.00 T-out: N T-r: 99.91%
c [distill-long-red1] cls tried: 76/468 T: 0.01 T-out: Y T-r: -1.60%
c rst  geom svd  vmt  1264  724 K 1897    17249  1708 6.66    6.24     3094   921   39K    46 28.28   28.25  
c [distill] watch-based irred--  cl tried 18990    cl-sh 0     cl-rem 0    lit-rem 0      T: 0.04 T-out: Y
c [distill] watch-based red  --  cl tried 6188     cl-sh 4     cl-rem 0    lit-rem 4      T: 0.01 T-out: N
c rst  geom svd  vmt  1265  729 K 1897    17249  1708 6.66    6.24     3095   940   44K    46 28.59   28.57  
c [full-probe]  bin_only: 1 set: 0 repl: 0 T: 0.01 T-out: N T-r: 99.87%
c rst  geom best vmt  1266  734 K 1897    17249  1708 6.66    6.24     3123   895   49K    46 28.35   28.33  
c rst  geom best vmt  1267  740 K 1897    17249  1708 6.66    6.24     3162   992   39K    46 26.70   26.67  
c [branch] adjusting to: vsid (from: vmtf) var_decay:0.95 descr: VSIDS
c [distill-long-red0] cls tried: 160/160 T: 0.01 T-out: N T-r: 99.72%
c [distill-long-red1] cls tried: 103/574 T: 0.01 T-out: Y T-r: -1.66%
c [distill-bin] useful: 0/1708/1708 lits-rem: 0 cl-rem: 0 0-depth-assigns: 0 T: 0.01 T-out: N
c rst  geom best vs   1268  740 K 1897    17249  1708 6.66    6.24     3162   992   39K    46 26.68   26.65  
c rst  geom best vs   1269  740 K 1897    17249  1708 6.66    6.24     3162   992   39K    46 26.66   26.63  
c rst  geom best vs   1270  740 K 1897    17249  1708 6.66    6.24     3162   992   39K    46 26.63   26.61  
c rst  geom best vs   1271  740 K 1897    17249  1708 6.66    6.24     3162   992   39K    46 26.61   26.59  
c rst  geom best vs   1272  740 K 1897    17249  1708 6.66    6.24     3162   992   39K    46 26.59   26.56  
c rst  geom best vs   1273  741 K 1897    17249  1708 6.66    6.24     3162   992   40K    46 26.56   26.53  
c rst  geom best vs   1274  741 K 1897    17249  1708 6.66    6.24     3162   993   40K    46 26.54   26.51  
c rst  geom best vs   1275  741 K 1897    17249  1708 6.66    6.24     3162   994   40K    46 26.52   26.49  
c rst  geom stb  vs   1276  741 K 1897    17249  1708 6.66    6.24     3162   994   40K    46 26.57   26.54  
c rst  geom stb  vs   1277  741 K 1897    17249  1708 6.66    6.24     3162   996   40K    46 26.61   26.59  
c rst  geom stb  vs   1278  742 K 1897    17249  1708 6.66    6.24     3162   996   41K    46 26.65   26.62  
c rst  geom stb  vs   1279  742 K 1897    17249  1708 6.66    6.24     3162   996   41K    46 26.70   26.67  
c rst  geom stb  vs   1280  742 K 1897    17249  1708 6.66    6.24     3162   997   41K    46 26.72   26.70  
c rst  geom stb  vs   1281  743 K 1897    17249  1708 6.66    6.24     3162   997   42K    46 26.76   26.74  
c rst  geom stb  vs   1282  743 K 1897    17249  1708 6.66    6.24     3162   997   42K    46 26.80   26.77  
c rst  geom stb  vs   1283  744 K 1897    17249  1708 6.66    6.24     3162   997   43K    46 26.85   26.83  
c rst  geom stb  vs   1284  744 K 1897    17249  1708 6.66    6.24     3162   997   43K    46 26.89   26.87  
c rst  geom stb  vs   1285  745 K 1897    17249  1708 6.66    6.24     3162   997   44K    46 26.95   26.93  
c rst  geom stb  vs   1286  745 K 1897    17249  1708 6.66    6.24     3162   998   44K    46 27.00   26.98  
c rst  geom stb  vs   1287  746 K 1897    17249  1708 6.66    6.24     3162   998   45K    46 27.08   27.05  
c rst  geom stb  vs   1288  747 K 1897    17249  1708 6.66    6.24     3162   998   46K    46 27.13   27.11  
c rst  geom stb  vs   1289  747 K 1897    17249  1708 6.66    6.24     3162  1000   46K    46 27.20   27.18  
c rst  geom stb  vs   1290  748 K 1897    17249  1708 6.66    6.24     3162  1000   47K    46 27.26   27.24  
c rst  geom stb  vs   1291  749 K 1897    17249  1708 6.66    6.24     3162  1004   48K    46 27.27   27.25  
c [full-probe]  bin_only: 0 set: 0 repl: 0 T: 0.01 T-out: N T-r: 98.12%
c [distill] watch-based irred--  cl tried 16045    cl-sh 0     cl-rem 0    lit-rem 0      T: 0.04 T-out: Y
c [distill] watch-based red  --  cl tried 6324     cl-sh 0     cl-rem 0    lit-rem 0      T: 0.01 T-out: N
c rst  geom stb  vs   1292  750 K 1897    17249  1708 6.66    6.24     3192   934   33K    46 26.45   26.42  
c rst  geom stb  vs   1293  751 K 1897    17249  1708 6.66    6.24     3192   935   34K    46 26.59   26.57  
c rst  geom stb  vs   1294  753 K 1897    17249  1708 6.66    6.24     3192   935   36K    46 26.72   26.70  
c rst  geom stb  vs   1295  754 K 1897    17249  1708 6.66    6.24     3192   943   37K    46 26.90   26.87  
c rst  geom ibes vs   1296  756 K 1897    17249  1708 6.66    6.24     3192   954   39K    46 26.79   26.77  
c [distill-long-red0] cls tried: 20/20 T: 0.00 T-out: N T-r: 99.95%
c [distill-long-red1] cls tried: 118/506 T: 0.01 T-out: Y T-r: -0.78%
c rst  geom ibes vs   1297  757 K 1897    17249  1708 6.66    6.24     3192   962   40K    46 26.72   26.69  
c rst  geom ibes vs   1298  759 K 1897    17249  1708 6.66    6.24     3192   973   42K    46 26.60   26.58  
c rst  geom ibes vs   1299  761 K 1897    17249  1708 6.66    6.24     3239   790   44K    46 26.49   26.47  
c [distill-bin] useful: 0/1708/1708 lits-rem: 0 cl-rem: 0 0-depth-assigns: 0 T: 0.01 T-out: N
c [ccnr] tries: 0 steps: 262143 best found: 2
c [ccnr] saving best assignment phase to stable_polar
c [ccnr] bumping based on var unsat frequency: conflict_ct
c [ccnr] Bumped vars: 1898 bump type: 6
c [ccnr] time: 0.26
c rst  geom ibes vs   1300  764 K 1897    17249  1708 6.66    6.24     3239   804   47K    46 26.35   26.33  
c rst  geom ibes vs   1301  766 K 1897    17249  1708 6.66    6.24     3249   941   35K    46 24.70   24.67  
c rst  geom ibes vs   1302  769 K 1897    17249  1708 6.66    6.24     3249   941   38K    46 24.70   24.68  
c [impl-str] lit bin: 0 set-var: 0 T: 0.00 T-out: N T-r: 99.97% w-visit: 3796
c [impl-sub] bin: 0 T: 0.00 T-out: N w-visit: 3796
c rst  geom svd  vs   1303  772 K 1897    17249  1708 6.66    6.24     3300   877   41K    46 24.80   24.77  
c [distill-long-red0] cls tried: 93/93 T: 0.01 T-out: N T-r: 99.84%
c [distill-long-red1] cls tried: 121/443 T: 0.01 T-out: Y T-r: -1.73%
c [full-probe]  bin_only: 1 set: 0 repl: 0 T: 0.01 T-out: N T-r: 99.84%
c rst  geom svd  vs   1304  775 K 1897    17249  1708 6.66    6.24     3300   884   44K    46 24.97   24.95  
c [distill] watch-based irred--  cl tried 20161    cl-sh 0     cl-rem 0    lit-rem 0      T: 0.04 T-out: Y
c [distill] watch-based red  --  cl tried 6600     cl-sh 2     cl-rem 0    lit-rem 2      T: 0.01 T-out: N
c rst  geom svd  vs   1305  779 K 1897    17249  1708 6.66    6.24     3301   887   48K    46 25.12   25.10  
c [gauss] XOR-encoding clauses are not detached, so no need to reattach them.
c [g 0] truth-find prop checks  : 1097K
c [g 0] -> of which prop        : 37.85 %
c [g 0] -> of which confl       :  1.60 %
c [g 0] elim called             : 144K
c [g 0] ---> which lead to prop : 139.47 %
c [g 0] ---> which lead to confl:  5.61 %
c [g 0] size: 44    x 96   
c [scc] new: 0 BP 0M T: 0.00
c [vrep] vars 0 lits 0 rem-bin-cls 0 rem-long-cls 0 BP 0M T: 0.00
c [intree] Set 0 vars hyper-added: 0 trans-irred: 0 trans-red: 0 T: 0.01 T-out: N T-r: -0.91%
c [find&init matx] performing matrix init
c [gauss] XOR-encoding clauses are not detached, so no need to reattach them.
c [xor-rem-unconnected] left with 186 xors from 186 non-empty xors T: 0.00
c [xor-together] xored together: 142 orig xors: 186 new xors: 44 T: 0.00
c [xor-rem-unconnected] left with 44 xors from 44 non-empty xors T: 0.00
c [xor-clean-equiv] removed equivalent xors: 0 left with: 44
c [matrix] unused xors from cleaning: 0
c [matrix] Good   matrix 0 44      x96     density:0.1771  xorlen avg: 17.00
c [matrix] Using 1 matrices recovered from 0 xors T: 0.00 T-out: N
c rst  geom svd  vs   1306  783 K 1897    17249  1708 6.66    6.24     3355   878   39K    46 24.98   24.95  
c [distill-bin] useful: 0/1708/1708 lits-rem: 0 cl-rem: 0 0-depth-assigns: 0 T: 0.01 T-out: N
c rst  geom best vs   1307  787 K 1897    17249  1708 6.66    6.24     3355   894   43K    46 24.74   24.72  
c [distill-long-red0] cls tried: 45/45 T: 0.00 T-out: N T-r: 99.94%
c [distill-long-red1] cls tried: 137/371 T: 0.01 T-out: Y T-r: -0.39%
c rst  geom best vs   1308  792 K 1897    17249  1708 6.66    6.24     3376   789   48K    46 24.62   24.60  
c [full-probe]  bin_only: 0 set: 0 repl: 0 T: 0.01 T-out: N T-r: 98.19%
c rst  geom best vs   1309  797 K 1897    17249  1708 6.66    6.24     3383   887   39K    46 22.95   22.92  
c rst  geom stb  vs   1310  803 K 1897    17249  1708 6.66    6.24     3436   758   45K    46 23.36   23.34  
c [distill-long-red0] cls tried: 59/59 T: 0.00 T-out: N T-r: 99.91%
c [distill-long-red1] cls tried: 96/259 T: 0.01 T-out: Y T-r: -1.11%
c [distill-bin] useful: 0/1708/1708 lits-rem: 0 cl-rem: 0 0-depth-assigns: 0 T: 0.01 T-out: N
c [distill] watch-based irred--  cl tried 21360    cl-sh 0     cl-rem 0    lit-rem 0      T: 0.04 T-out: Y
c [distill] watch-based red  --  cl tried 6872     cl-sh 0     cl-rem 0    lit-rem 0      T: 0.01 T-out: N
c rst  geom stb  vs   1311  809 K 1897    17249  1708 6.66    6.24     3436   770   51K    46 23.57   23.55  
c [ccnr] tries: 0 steps: 262143 best found: 3
c [ccnr] saving best assignment phase to stable_polar
c [ccnr] bumping based on var unsat frequency: conflict_ct
c [ccnr] Bumped vars: 1898 bump type: 6
c [ccnr] time: 0.26
c rst  geom stb  vs   1312  817 K 1897    17249  1708 6.66    6.24     3465   756   44K    46 25.05   25.03  
c [full-probe]  bin_only: 1 set: 0 repl: 0 T: 0.01 T-out: N T-r: 99.86%
c rst  geom ibes vs   1313  824 K 1897    17249  1708 6.66    6.24     3547   657   52K    46 24.98   24.96  
c [branch] adjusting to: vmtf (from: vsid) var_decay:0.95 descr: VMTF
c [distill-long-red0] cls tried: 72/72 T: 0.00 T-out: N T-r: 99.91%
c [distill-long-red1] cls tried: 132/216 T: 0.01 T-out: Y T-r: -2.95%
c [distill-bin] useful: 0/1708/1708 lits-rem: 0 cl-rem: 0 0-depth-assigns: 0 T: 0.01 T-out: N
c rst  luby ibes vmt  1314  824 K 1897    17249  1708 6.66    6.24     3549   661   52K    46 24.96   24.94  
c rst  luby ibes vmt  1315  824 K 1897    17249  1708 6.66    6.24     3549   677   52K    46 24.97   24.95  
c rst  luby ibes vmt  1316  825 K 1897    17249  1708 6.66    6.24     3574   784   34K    46 24.79   24.76  
c rst  luby ibes vmt  1317  825 K 1897    17249  1708 6.66    6.24     3575   791   34K    46 24.80   24.78  
c rst  luby ibes vmt  1318  825 K 1897    17249  1708 6.66    6.24     3575   794   34K    46 24.81   24.79  
c rst  luby ibes vmt  1319  825 K 1897    17249  1708 6.66    6.24     3575   798   34K    46 24.85   24.82  
c rst  luby ibes vmt  1320  826 K 1897    17249  1708 6.66    6.24     3577   814   35K    46 24.89   24.86  
c rst  luby ibes vmt  1321  826 K 1897    17249  1708 6.66    6.24     3577   817   35K    46 24.91   24.88  
c rst  luby ibes vmt  1322  826 K 1897    17249  1708 6.66    6.24     3577   817   35K    46 24.93   24.90  
c rst  luby ibes vmt  1323  826 K 1897    17249  1708 6.66    6.24     3577   822   35K    46 24.93   24.91  
c rst  luby ibes vmt  1324  826 K 1897    17249  1708 6.66    6.24     3577   823   35K    46 24.94   24.91  
c rst  luby ibes vmt  1325  826 K 1897    17249  1708 6.66    6.24     3577   825   35K    46 24.96   24.94  
c rst  luby ibes vmt  1326  826 K 1897    17249  1708 6.66    6.24     3577   829   35K    46 24.98   24.95  
c rst  luby ibes vmt  1327  827 K 1897    17249  1708 6.66    6.24     3578   834   36K    46 25.06   25.03  
c rst  luby ibes vmt  1328  828 K 1897    17249  1708 6.66    6.24     3580   846   36K    46 25.14   25.11  
c rst  luby ibes vmt  1329  828 K 1897    17249  1708 6.66    6.24     3580   855   37K    46 25.14   25.12  
c rst  luby ibes vmt  1330  828 K 1897    17249  1708 6.66    6.24     3580   856   37K    46 25.15   25.12  
c rst  luby ibes vmt  1331  828 K 1897    17249  1708 6.66    6.24     3580   863   37K    46 25.16   25.13  
c rst  luby ibes vmt  1332  828 K 1897    17249  1708 6.66    6.24     3580   863   37K    46 25.15   25.13  
c rst  luby ibes vmt  1333  828 K 1897    17249  1708 6.66    6.24     3580   863   37K    46 25.15   25.13  
c [distill] watch-based irred--  cl tried 20460    cl-sh 0     cl-rem 0    lit-rem 0      T: 0.04 T-out: Y
c [distill] watch-based red  --  cl tried 7160     cl-sh 1     cl-rem 0    lit-rem 1      T: 0.01 T-out: N
c rst  luby ibes vmt  1334  828 K 1897    17249  1708 6.66    6.24     3580   864   37K    46 25.17   25.14  
c rst  luby ibes vmt  1335  829 K 1897    17249  1708 6.66    6.24     3580   864   38K    46 25.17   25.15  
c rst  luby ibes vmt  1336  829 K 1897    17249  1708 6.66    6.24     3582   865   38K    46 25.19   25.16  
c [impl-str] lit bin: 0 set-var: 0 T: 0.00 T-out: N T-r: 99.97% w-visit: 3796
c [impl-sub] bin: 0 T: 0.00 T-out: N w-visit: 3796
c rst  luby ibes vmt  1337  829 K 1897    17249  1708 6.66    6.24     3582   865   38K    46 25.19   25.17  
c rst  luby ibes vmt  1338  829 K 1897    17249  1708 6.66    6.24     3582   866   38K    46 25.19   25.17  
c rst  luby ibes vmt  1339  829 K 1897    17249  1708 6.66    6.24     3582   873   38K    46 25.19   25.17  
c rst  luby ibes vmt  1340  829 K 1897    17249  1708 6.66    6.24     3582   874   38K    46 25.20   25.17  
c rst  luby ibes vmt  1341  830 K 1897    17249  1708 6.66    6.24     3582   875   38K    46 25.21   25.19  
c rst  luby ibes vmt  1342  830 K 1897    17249  1708 6.66    6.24     3649   761   39K    46 25.25   25.22  
c rst  luby svd  vmt  1343  831 K 1897    17249  1708 6.66    6.24     3649   761   40K    46 25.28   25.26  
c rst  luby svd  vmt  1344  832 K 1897    17249  1708 6.66    6.24     3649   763   41K    46 25.49   25.46  
c rst  luby svd  vmt  1345  832 K 1897    17249  1708 6.66    6.24     3649   763   41K    46 25.51   25.49  
c rst  luby svd  vmt  1346  833 K 1897    17249  1708 6.66    6.24     3649   763   42K    46 25.52   25.49  
c rst  luby svd  vmt  1347  833 K 1897    17249  1708 6.66    6.24     3649   763   42K    46 25.54   25.52  
c rst  luby svd  vmt  1348  833 K 1897    17249  1708 6.66    6.24     3649   764   42K    46 25.55   25.52  
c rst  luby svd  vmt  1349  833 K 1897    17249  1708 6.66    6.24     3649   766   42K    46 25.55   25.53  
c rst  luby svd  vmt  1350  833 K 1897    17249  1708 6.66    6.24     3649   767   42K    46 25.59   25.56  
c rst  luby svd  vmt  1351  834 K 1897    17249  1708 6.66    6.24     3649   769   43K    46 25.64   25.62  
c rst  luby svd  vmt  1352  834 K 1897    17249  1708 6.66    6.24     3649   775   43K    46 25.65   25.63  
c rst  luby svd  vmt  1353  834 K 1897    17249  1708 6.66    6.24     3649   775   43K    46 25.66   25.63  
c rst  luby svd  vmt  1354  834 K 1897    17249  1708 6.66    6.24     3649   778   43K    46 25.67   25.65  
c rst  luby svd  vmt  1355  834 K 1897    17249  1708 6.66    6.24     3649   779   43K    46 25.68   25.65  
c rst  luby svd  vmt  1356  834 K 1897    17249  1708 6.66    6.24     3649   779   43K    46 25.69   25.66  
c rst  luby svd  vmt  1357  834 K 1897    17249  1708 6.66    6.24     3649   782   43K    46 25.72   25.70  
c rst  luby svd  vmt  1358  835 K 1897    17249  1708 6.66    6.24     3649   782   44K    46 25.82   25.79  
c rst  luby svd  vmt  1359  836 K 1897    17249  1708 6.66    6.24     3649   788   45K    46 25.92   25.90  
c rst  luby svd  vmt  1360  836 K 1897    17249  1708 6.66    6.24     3649   788   45K    46 25.94   25.92  
c rst  luby svd  vmt  1361  836 K 1897    17249  1708 6.66    6.24     3649   788   45K    46 25.96   25.93  
c rst  luby svd  vmt  1362  836 K 1897    17249  1708 6.66    6.24     3649   789   45K    47 25.98   25.96  
c rst  luby svd  vmt  1363  836 K 1897    17249  1708 6.66    6.24     3649   791   45K    47 26.00   25.98  
c rst  luby svd  vmt  1364  836 K 1897    17249  1708 6.66    6.24     3650   793   45K    47 26.01   25.99  
c rst  luby svd  vmt  1365  836 K 1897    17249  1708 6.66    6.24     3650   794   45K    47 26.04   26.02  
c rst  luby svd  vmt  1366  837 K 1897    17249  1708 6.66    6.24     3650   794   46K    47 26.10   26.07  
c [full-probe]  bin_only: 0 set: 0 repl: 0 T: 0.01 T-out: N T-r: 97.95%
c rst  luby svd  vmt  1367  837 K 1897    17249  1708 6.66    6.24     3650   796   46K    47 26.11   26.09  
c rst  luby svd  vmt  1368  837 K 1897    17249  1708 6.66    6.24     3650   796   46K    47 26.13   26.11  
c rst  luby svd  vmt  1369  837 K 1897    17249  1708 6.66    6.24     3650   797   46K    47 26.15   26.13  
c rst  luby svd  vmt  1370  837 K 1897    17249  1708 6.66    6.24     3650   798   46K    47 26.17   26.15  
c rst  luby svd  vmt  1371  837 K 1897    17249  1708 6.66    6.24     3650   798   46K    47 26.19   26.17  
c rst  luby svd  vmt  1372  838 K 1897    17249  1708 6.66    6.24     3650   799   47K    47 26.23   26.20  
c rst  luby svd  vmt  1373  838 K 1897    17249  1708 6.66    6.24     3650   802   47K    47 26.29   26.26  
c rst  luby svd  vmt  1374  839 K 1897    17249  1708 6.66    6.24     3650   805   48K    47 26.34   26.32  
c rst  luby svd  vmt  1375  840 K 1897    17249  1708 6.66    6.24     3716   812   33K    47 27.14   27.11  
c [distill-long-red0] cls tried: 120/120 T: 0.01 T-out: N T-r: 99.79%
c [distill-long-red1] cls tried: 114/371 T: 0.01 T-out: Y T-r: -1.09%
c rst  luby svd  vmt  1376  844 K 1897    17249  1708 6.66    6.24     3718   854   37K    47 27.31   27.28  
c rst  geom best vmt  1377  844 K 1897    17249  1708 6.66    6.24     3718   855   37K    47 27.31   27.28  
c [gauss] XOR-encoding clauses are not detached, so no need to reattach them.
c [g 0] truth-find prop checks  : 1051K
c [g 0] -> of which prop        : 37.36 %
c [g 0] -> of which confl       :  1.53 %
c [g 0] elim called             : 145K
c [g 0] ---> which lead to prop : 131.10 %
c [g 0] ---> which lead to confl:  5.30 %
c [g 0] size: 44    x 96   
c [scc] new: 0 BP 0M T: 0.00
c [vrep] vars 0 lits 0 rem-bin-cls 0 rem-long-cls 0 BP 0M T: 0.00
c [intree] Set 0 vars hyper-added: 0 trans-irred: 0 trans-red: 0 T: 0.01 T-out: N T-r: -0.86%
c [find&init matx] performing matrix init
c [gauss] XOR-encoding clauses are not detached, so no need to reattach them.
c [xor-rem-unconnected] left with 186 xors from 186 non-empty xors T: 0.00
c [xor-together] xored together: 142 orig xors: 186 new xors: 44 T: 0.00
c [xor-rem-unconnected] left with 44 xors from 44 non-empty xors T: 0.00
c [xor-clean-equiv] removed equivalent xors: 0 left with: 44
c [matrix] unused xors from cleaning: 0
c [matrix] Good   matrix 0 44      x96     density:0.1771  xorlen avg: 17.00
c [matrix] Using 1 matrices recovered from 0 xors T: 0.00 T-out: N
c rst  geom best vmt  1378  844 K 1897    17249  1708 6.66    6.24     3718   856   37K    47 27.30   27.27  
c rst  geom best vmt  1379  844 K 1897    17249  1708 6.66    6.24     3718   856   37K    47 27.29   27.27  
c rst  geom best vmt  1380  844 K 1897    17249  1708 6.66    6.24     3718   860   37K    47 27.28   27.26  
c rst  geom best vmt  1381  844 K 1897    17249  1708 6.66    6.24     3718   862   37K    47 27.29   27.26  
c [distill-bin] useful: 0/1708/1708 lits-rem: 0 cl-rem: 0 0-depth-assigns: 0 T: 0.01 T-out: N
c rst  geom best vmt  1382  844 K 1897    17249  1708 6.66    6.24     3718   862   37K    47 27.29   27.27  
c rst  geom best vmt  1383  845 K 1897    17249  1708 6.66    6.24     3718   863   38K    47 27.29   27.27  
c rst  geom best vmt  1384  845 K 1897    17249  1708 6.66    6.24     3718   863   38K    47 27.29   27.26  
c rst  geom best vmt  1385  845 K 1897    17249  1708 6.66    6.24     3718   863   38K    47 27.27   27.24  
c rst  geom best vmt  1386  845 K 1897    17249  1708 6.66    6.24     3718   863   38K    47 27.25   27.22  
c rst  geom best vmt  1387  846 K 1897    17249  1708 6.66    6.24     3718   864   39K    47 27.21   27.19  
c rst  geom best vmt  1388  846 K 1897    17249  1708 6.66    6.24     3718   865   39K    47 27.20   27.18  
c rst  geom best vmt  1389  846 K 1897    17249  1708 6.66    6.24     3718   865   39K    47 27.17   27.14  
c rst  geom best vmt  1390  847 K 1897    17249  1708 6.66    6.24     3719   868   40K    47 27.15   27.12  
c rst  geom best vmt  1391  847 K 1897    17249  1708 6.66    6.24     3719   868   40K    47 27.16   27.13  
c rst  geom best vmt  1392  848 K 1897    17249  1708 6.66    6.24     3719   869   41K    47 27.14   27.11  
c rst  geom best vmt  1393  848 K 1897    17249  1708 6.66    6.24     3719   871   41K    47 27.09   27.06  
c rst  geom best vmt  1394  849 K 1897    17249  1708 6.66    6.24     3719   873   42K    47 27.05   27.03  
c rst  geom best vmt  1395  849 K 1897    17249  1708 6.66    6.24     3719   874   42K    47 27.02   26.99  
c rst  geom best vmt  1396  850 K 1897    17249  1708 6.66    6.24     3818   764   43K    47 27.03   27.01  
c rst  geom best vmt  1397  851 K 1897    17249  1708 6.66    6.24     3818   765   44K    47 26.99   26.97  
c rst  geom best vmt  1398  851 K 1897    17249  1708 6.66    6.24     3819   789   44K    47 26.90   26.87  
c rst  geom best vmt  1399  852 K 1897    17249  1708 6.66    6.24     3821   797   45K    47 26.87   26.84  
c rst  geom best vmt  1400  853 K 1897    17249  1708 6.66    6.24     3821   807   46K    47 26.84   26.82  
c [distill] watch-based irred--  cl tried 19516    cl-sh 0     cl-rem 0    lit-rem 0      T: 0.04 T-out: Y
c [distill] watch-based red  --  cl tried 7642     cl-sh 1     cl-rem 0    lit-rem 1      T: 0.01 T-out: N
c rst  geom best vmt  1401  854 K 1897    17249  1708 6.66    6.24     3822   813   47K    47 26.84   26.82  
c [ccnr] tries: 0 steps: 262143 best found: 3
c [ccnr] saving best assignment phase to stable_polar
c [ccnr] bumping based on clause weights
c [ccnr] Bumped vars: 105 bump type: 6
c [ccnr] time: 0.27
c rst  geom best vmt  1402  855 K 1897    17249  1708 6.66    6.24     3842   965   35K    47 25.66   25.63  
c rst  geom best vmt  1403  857 K 1897    17249  1708 6.66    6.24     3858  1052   36K    47 25.60   25.57  
c [distill-long-red0] cls tried: 117/117 T: 0.01 T-out: N T-r: 99.83%
c [distill-long-red1] cls tried: 100/524 T: 0.01 T-out: Y T-r: -1.09%
c rst  geom best vmt  1404  858 K 1897    17249  1708 6.66    6.24     3858  1055   38K    47 25.77   25.75  
c [full-probe]  bin_only: 1 set: 0 repl: 0 T: 0.01 T-out: N T-r: 99.84%
c rst  geom stb  vmt  1405  860 K 1897    17249  1708 6.66    6.24     3958   930   39K    47 26.13   26.10  
c rst  geom stb  vmt  1406  861 K 1897    17249  1708 6.66    6.24     3958   951   41K    47 26.36   26.33  
c rst  geom stb  vmt  1407  863 K 1897    17249  1708 6.66    6.24     3958   954   43K    47 26.55   26.52  
c rst  geom stb  vmt  1408  865 K 1897    17249  1708 6.66    6.24     3958   973   45K    47 26.81   26.78  
c [distill-bin] useful: 0/1708/1708 lits-rem: 0 cl-rem: 0 0-depth-assigns: 0 T: 0.01 T-out: N
c rst  geom stb  vmt  1409  867 K 1897    17249  1708 6.66    6.24     3959   988   47K    47 27.09   27.07  
c rst  geom stb  vmt  1410  870 K 1897    17249  1708 6.66    6.24     4033  1072   33K    47 26.72   26.69  
c rst  geom stb  vmt  1411  873 K 1897    17249  1708 6.66    6.24     4033  1084   36K    47 26.78   26.75  
c [distill-long-red0] cls tried: 142/142 T: 0.01 T-out: N T-r: 99.72%
c [distill-long-red1] cls tried: 105/542 T: 0.01 T-out: Y T-r: -0.99%
c rst  geom ibes vmt  1412  876 K 1897    17249  1708 6.66    6.24     4038  1305   38K    48 26.63   26.60  
c rst  geom ibes vmt  1413  879 K 1897    17249  1708 6.66    6.24     4045  1414   42K    48 26.97   26.94  
c [full-probe]  bin_only: 0 set: 0 repl: 0 T: 0.01 T-out: N T-r: 98.57%
c [distill] watch-based irred--  cl tried 18500    cl-sh 0     cl-rem 0    lit-rem 0      T: 0.04 T-out: Y
c [distill] watch-based red  --  cl tried 8089     cl-sh 1     cl-rem 1    lit-rem 1      T: 0.02 T-out: N
c rst  geom ibes vmt  1414  883 K 1897    17249  1708 6.66    6.24     4214  1237   45K    48 27.33   27.30  
c rst  geom ibes vmt  1415  887 K 1897    17249  1708 6.66    6.24     4221  1621   36K    48 26.72   26.69  
c [distill-bin] useful: 0/1708/1708 lits-rem: 0 cl-rem: 0 0-depth-assigns: 0 T: 0.01 T-out: N
c rst  geom svd  vmt  1416  891 K 1897    17249  1708 6.66    6.24     4260  1563   41K    48 27.27   27.24  
c [distill-long-red0] cls tried: 198/198 T: 0.02 T-out: N T-r: 99.54%
c [distill-long-red1] cls tried: 73/1005 T: 0.01 T-out: Y T-r: -1.62%
c [impl-str] lit bin: 0 set-var: 0 T: 0.00 T-out: N T-r: 99.97% w-visit: 3796
c [impl-sub] bin: 1 T: 0.00 T-out: N w-visit: 3796
c rst  geom svd  vmt  1417  896 K 1897    17249  1708 6.66    6.24     4261  1598   45K    47 27.66   27.64  
c rst  geom svd  vmt  1418  901 K 1897    17249  1708 6.66    6.24     4300  1675   34K    47 27.05   27.02  
c [full-probe]  bin_only: 1 set: 0 repl: 0 T: 0.01 T-out: N T-r: 99.84%
c [ccnr] tries: 0 steps: 262143 best found: 2
c [ccnr] saving best assignment phase to stable_polar
c [ccnr] bumping based on var unsat frequency: conflict_ct
c [ccnr] Bumped vars: 1898 bump type: 6
c [ccnr] time: 0.26
c rst  geom best vmt  1419  907 K 1897    17249  1708 6.66    6.24     4315  1923   40K    47 27.69   27.67  
c [branch] adjusting to: vsid (from: vmtf) var_decay:0.95 descr: VSIDS
c [distill-long-red0] cls tried: 43/43 T: 0.00 T-out: N T-r: 99.92%
c [distill-long-red1] cls tried: 89/1361 T: 0.01 T-out: Y T-r: -1.49%
c [distill-bin] useful: 0/1708/1708 lits-rem: 0 cl-rem: 0 0-depth-assigns: 0 T: 0.01 T-out: N
c [distill] watch-based irred--  cl tried 18777    cl-sh 0     cl-rem 0    lit-rem 0      T: 0.04 T-out: Y
c [distill] watch-based red  --  cl tried 8630     cl-sh 1     cl-rem 0    lit-rem 1      T: 0.01 T-out: N
c rst  geom best vs   1420  907 K 1897    17249  1708 6.66    6.24     4315  1924   40K    47 27.69   27.66  
c rst  geom best vs   1421  907 K 1897    17249  1708 6.66    6.24     4315  1924   40K    47 27.69   27.66  
c rst  geom best vs   1422  907 K 1897    17249  1708 6.66    6.24     4315  1925   40K    47 27.69   27.67  
c rst  geom best vs   1423  907 K 1897    17249  1708 6.66    6.24     4315  1925   40K    47 27.69   27.66  
c rst  geom best vs   1424  908 K 1897    17249  1708 6.66    6.24     4315  1926   40K    47 27.69   27.66  
c rst  geom best vs   1425  908 K 1897    17249  1708 6.66    6.24     4315  1927   41K    47 27.68   27.65  
c rst  geom best vs   1426  908 K 1897    17249  1708 6.66    6.24     4315  1927   41K    47 27.69   27.66  
c rst  geom best vs   1427  908 K 1897    17249  1708 6.66    6.24     4315  1928   41K    47 27.67   27.65  
c rst  geom best vs   1428  908 K 1897    17249  1708 6.66    6.24     4315  1929   41K    47 27.66   27.64  
c rst  geom best vs   1429  909 K 1897    17249  1708 6.66    6.24     4315  1929   41K    47 27.65   27.63  
c rst  geom best vs   1430  909 K 1897    17249  1708 6.66    6.24     4315  1929   42K    47 27.65   27.62  
c [gauss] XOR-encoding clauses are not detached, so no need to reattach them.
c [g 0] truth-find prop checks  : 1118K
c [g 0] -> of which prop        : 39.99 %
c [g 0] -> of which confl       :  1.48 %
c [g 0] elim called             : 138K
c [g 0] ---> which lead to prop : 139.92 %
c [g 0] ---> which lead to confl:  5.26 %
c [g 0] size: 44    x 96   
c [scc] new: 0 BP 0M T: 0.00
c [vrep] vars 0 lits 0 rem-bin-cls 0 rem-long-cls 0 BP 0M T: 0.00
c [intree] Set 0 vars hyper-added: 0 trans-irred: 0 trans-red: 0 T: 0.01 T-out: N T-r: -1.11%
c [find&init matx] performing matrix init
c [gauss] XOR-encoding clauses are not detached, so no need to reattach them.
c [xor-rem-unconnected] left with 186 xors from 186 non-empty xors T: 0.00
c [xor-together] xored together: 142 orig xors: 186 new xors: 44 T: 0.00
c [xor-rem-unconnected] left with 44 xors from 44 non-empty xors T: 0.00
c [xor-clean-equiv] removed equivalent xors: 0 left with: 44
c [matrix] unused xors from cleaning: 0
c [matrix] Good   matrix 0 44      x96     density:0.1771  xorlen avg: 17.00
c [matrix] Using 1 matrices recovered from 0 xors T: 0.00 T-out: N
c rst  geom best vs   1431  909 K 1897    17249  1708 6.66    6.24     4315  1929   42K    47 27.63   27.61  
c rst  geom best vs   1432  910 K 1897    17249  1708 6.66    6.24     4467  1742   42K    47 27.61   27.58  
c rst  geom best vs   1433  910 K 1897    17249  1708 6.66    6.24     4467  1743   43K    47 27.58   27.56  
c rst  geom best vs   1434  910 K 1897    17249  1708 6.66    6.24     4467  1743   43K    47 27.57   27.54  
c rst  geom best vs   1435  911 K 1897    17249  1708 6.66    6.24     4467  1747   44K    47 27.57   27.55  
c rst  geom best vs   1436  911 K 1897    17249  1708 6.66    6.24     4467  1747   44K    47 27.52   27.49  
c rst  geom best vs   1437  912 K 1897    17249  1708 6.66    6.24     4467  1748   45K    47 27.47   27.45  
c rst  geom best vs   1438  913 K 1897    17249  1708 6.66    6.24     4467  1751   45K    47 27.47   27.45  
c rst  geom best vs   1439  913 K 1897    17249  1708 6.66    6.24     4467  1753   46K    47 27.46   27.43  
c rst  geom best vs   1440  914 K 1897    17249  1708 6.66    6.24     4467  1753   46K    47 27.47   27.45  
c recursive minimization cost OK: 1415Kcost/(% lits removed)
c [gauss] XOR-encoding clauses are not detached, so no need to reattach them.
c [g 0] truth-find prop checks  : 83K
c [g 0] -> of which prop        : 30.92 %
c [g 0] -> of which confl       :  1.55 %
c [g 0] elim called             : 14155
c [g 0] ---> which lead to prop : 115.32 %
c [g 0] ---> which lead to confl:  4.21 %
c [g 0] size: 44    x 96   
c --> Executing strategy token: scc-vrepl
c [scc] new: 0 BP 0M T: 0.00
c --> Executing strategy token: sub-impl
c [impl-sub] bin: 0 T: 0.00 T-out: N w-visit: 3796
c --> Executing strategy token: breakid
c --> Executing OCC strategy token(s): 'occ-backw-sub-str,occ-clean-implicit,occ-bve,occ-bva,occ-ternary-res,occ-xor,'
c [occ] mem usage for occur 1      MB
c [occ] Linked in IRRED BIN by default: 1708
c [occ] Linked in RED   BIN by default: 47
c [occ] mem usage for occur 0      MB
c Mem for watch alloc      : 13          MB (27.58     %)
c Mem for watch array      : 0           MB (0.18      %)
c --> Executing OCC strategy token: occ-backw-sub-str
c [occ-backw-sub-str-long-w-bins] subs: 0 str: 2 tried: 50733 0-depth ass: 0 T: 0.00 T-out: N T-r: 99.67%
c [occ-backw-sub-long-w-long] rem cl: 156 tried: 70404/70404 (100.0%) T: 0.01 T-out: N T-r: 95.78%
c [occ-backw-sub-str-long-w-long] sub: 2 str: 82 tried: 211212/70404 (300.0)  T: 0.08 T-out: N T-r: 88.54%
c --> Executing OCC strategy token: occ-clean-implicit
c --> Executing OCC strategy token: occ-bve
c [occ-empty-res] Empty resolvent elimed: 0 T: 0.00 T-out: N
c [occ-bve] turning off picosat-based irreg gate detection, added lits:  338K
c [occ-bve] iter v-elim 0
c cl_inc_rate=1.0, var_dec_rate=1.0 (grow=0)
c Reduced to 1897 vars, 18957 cls (grow=0)
c [occ-bve] iter v-elim 0
c cl_inc_rate=1.0, var_dec_rate=1.0 (grow=8)
c Reduced to 1897 vars, 18957 cls (grow=8)
c [occ-bve] iter v-elim 0
c cl_inc_rate=1.0, var_dec_rate=1.0 (grow=16)
c Reduced to 1897 vars, 18957 cls (grow=16)
c x n vars       : 1897
c #try to eliminate:  5691
c #var-elim        :     0
c #T-o: N
c #T-r: 99.99%
c #T  : 1.03
c [occur] 0.04 is overhead
c [occur] link-in T: 0.04 cleanup T: 0.00
c --> Executing OCC strategy token: occ-bva
c --> Executing OCC strategy token: occ-ternary-res
c [occ-ternary-res] Ternary res-tri: 0 res-bin: 0 sub: 0 str: 0 T: 0.00 T-out: N T-r: 99.85%
c --> Executing OCC strategy token: occ-xor
c [occ-xor] sort occur list T: 0.00
c [xor-clean-equiv] removed equivalent xors: 0 left with: 172
c [occ-xor] found    172 avg sz 5.5 min sz  4 max sz  6 T: 0.01 T-out: N T-r: 99.97%
c --> Executing strategy token: card-find
c --> Executing strategy token: cl-consolidate
c Not consolidating memory.
c --> Executing strategy token: scc-vrepl
c [scc] new: 0 BP 0M T: 0.00
c --> Executing strategy token: renumber
c --> Executing strategy token: bosphorus
c --> Executing strategy token: louvain-comms
c [consolidate] mini T: 0.00
c global_timeout_multiplier: 5.3147
c [branch] rebuilding order heap for all branchings. Current branching: vsid
c [find&init matx] performing matrix init
c [gauss] XOR-encoding clauses are not detached, so no need to reattach them.
c [xor-rem-unconnected] left with 172 xors from 172 non-empty xors T: 0.00
c [xor-together] xored together: 125 orig xors: 172 new xors: 47 T: 0.00
c [xor-rem-unconnected] left with 47 xors from 47 non-empty xors T: 0.00
c [xor-clean-equiv] removed equivalent xors: 0 left with: 47
c [matrix] unused xors from cleaning: 0
c [matrix] Good   matrix  0     47 x  106  density:0.1413  xorlen avg: 14.98
c [matrix] Using 1 matrices recovered from 0 xors T: 0.00 T-out: N
c rst  geom best   vs  1441  914K    1897 17249  1708    6.66    6.24  4328  2015   46K    47   27.55   27.53
c rst  geom best   vs  1442  915K    1897 17249  1708    6.66    6.24  4329  2036   34K    47   26.65   26.62
c rst  geom best   vs  1443  916K    1897 17249  1708    6.66    6.24  4329  2039   35K    47   26.64   26.61
c rst  geom  stb   vs  1444  917K    1897 17249  1708    6.66    6.24  4329  2049   36K    47   26.81   26.78
c rst  geom  stb   vs  1445  918K    1897 17249  1708    6.66    6.24  4330  2053   37K    47   26.96   26.94
c rst  geom  stb   vs  1446  919K    1897 17249  1708    6.66    6.24  4330  2054   38K    47   27.16   27.14
c rst  geom  stb   vs  1447  920K    1897 17249  1708    6.66    6.24  4361  1960   39K    47   27.31   27.29
c rst  geom  stb   vs  1448  921K    1897 17249  1708    6.66    6.24  4361  1965   41K    47   27.44   27.42
c [full-probe]  bin_only: 0 set: 0 repl: 0 T: 0.01 T-out: N T-r: 98.25%
c rst  geom  stb   vs  1449  923K    1897 17249  1708    6.66    6.24  4361  1971   42K    47   27.56   27.54
c [distill-long-red0] cls tried: 169/169 T: 0.02 T-out: N T-r: 99.66%
c [distill-long-red1] cls tried: 83/1405 T: 0.01 T-out: Y T-r: -1.42%
c rst  geom  stb   vs  1450  925K    1897 17249  1708    6.66    6.24  4361  1973   44K    47   27.70   27.68
c rst  geom  stb   vs  1451  927K    1897 17249  1708    6.66    6.24  4362  1986   46K    47   27.74   27.72
c rst  geom  stb   vs  1452  929K    1897 17249  1708    6.66    6.24  4362  1989   48K    47   27.78   27.76
c [distill-bin] useful: 0/1708/1708 lits-rem: 0 cl-rem: 0 0-depth-assigns: 0 T: 0.01 T-out: N
c rst  geom  stb   vs  1453  931K    1897 17249  1708    6.66    6.24  4437  1877   34K    47   26.57   26.54
c rst  geom ibes   vs  1454  933K    1897 17249  1708    6.66    6.24  4437  1878   36K    47   26.76   26.74
c [distill] watch-based irred--  cl tried    20689 cl-sh     0 cl-rem    0 lit-rem      0 T: 0.04 T-out: Y
c [distill] watch-based   red--  cl tried     8874 cl-sh     3 cl-rem    0 lit-rem      3 T: 0.02 T-out: N
c rst  geom ibes   vs  1455  936K    1897 17249  1708    6.66    6.24  4437  1896   39K    47   26.64   26.61
c rst  geom ibes   vs  1456  939K    1897 17249  1708    6.66    6.24  4438  1903   42K    47   26.37   26.34
c [distill-long-red0] cls tried: 70/70 T: 0.00 T-out: N T-r: 99.89%
c [distill-long-red1] cls tried: 107/1381 T: 0.01 T-out: Y T-r: -1.63%
c rst  geom ibes   vs  1457  942K    1897 17249  1708    6.66    6.24  4475  1817   45K    47   26.18   26.16
c [full-probe]  bin_only: 1 set: 0 repl: 0 T: 0.01 T-out: N T-r: 99.74%
c rst  geom ibes   vs  1458  946K    1897 17249  1708    6.66    6.24  4479  1875   37K    47   24.26   24.24
c [ccnr] tries: 0 steps: 262143 best found: 3
c [ccnr] saving best assignment phase to stable_polar
c [ccnr] bumping based on var unsat frequency: conflict_ct
c [ccnr] Bumped vars: 1898 bump type: 6
c [ccnr] time: 0.26
c rst  geom  svd   vs  1459  950K    1897 17249  1708    6.66    6.24  4519  1430   41K    47   24.10   24.07
c [distill-bin] useful: 0/1708/1708 lits-rem: 0 cl-rem: 0 0-depth-assigns: 0 T: 0.01 T-out: N
c rst  geom  svd   vs  1460  954K    1897 17249  1708    6.66    6.24  4519  1447   45K    47   24.17   24.15
c [distill-long-red0] cls tried: 75/75 T: 0.01 T-out: N T-r: 99.88%
c [distill-long-red1] cls tried: 87/956 T: 0.01 T-out: Y T-r: -1.45%
c [impl-str] lit bin: 0 set-var: 0 T: 0.00 T-out: N T-r: 99.97% w-visit: 3796
c [impl-sub] bin: 0 T: 0.00 T-out: N w-visit: 3796
c rst  geom  svd   vs  1461  959K    1897 17249  1708    6.66    6.24  4520  1457   50K    47   24.52   24.50
c [distill] watch-based irred--  cl tried    19403 cl-sh     0 cl-rem    0 lit-rem      0 T: 0.04 T-out: Y
c [distill] watch-based   red--  cl tried     9040 cl-sh     0 cl-rem    0 lit-rem      0 T: 0.02 T-out: N
c rst  geom  svd   vs  1462  964K    1897 17249  1708    6.66    6.24  4547  1464   42K    47   23.14   23.12
c [full-probe]  bin_only: 0 set: 0 repl: 0 T: 0.01 T-out: N T-r: 98.05%
c rst  geom best   vs  1463  970K    1897 17249  1708    6.66    6.24  4576  1337   47K    47   23.54   23.52
c [distill-long-red0] cls tried: 50/50 T: 0.00 T-out: N T-r: 99.90%
c [distill-long-red1] cls tried: 94/823 T: 0.01 T-out: Y T-r: -2.30%
c [distill-bin] useful: 0/1708/1708 lits-rem: 0 cl-rem: 0 0-depth-assigns: 0 T: 0.01 T-out: N
c rst  geom best   vs  1464  977K    1897 17249  1708    6.66    6.24  4583  1412   39K    47   22.44   22.42
c [gauss] XOR-encoding clauses are not detached, so no need to reattach them.
c [g 0] truth-find prop checks  : 1084K
c [g 0] -> of which prop        : 32.97 %
c [g 0] -> of which confl       :  1.65 %
c [g 0] elim called             : 158K
c [g 0] ---> which lead to prop : 126.92 %
c [g 0] ---> which lead to confl:  5.31 %
c [g 0] size: 47    x 106  
c [scc] new: 0 BP 0M T: 0.00
c [vrep] vars 0 lits 0 rem-bin-cls 0 rem-long-cls 0 BP 0M T: 0.00
c [intree] Set 0 vars hyper-added: 0 trans-irred: 0 trans-red: 0 T: 0.01 T-out: N T-r: -1.06%
c [find&init matx] performing matrix init
c [gauss] XOR-encoding clauses are not detached, so no need to reattach them.
c [xor-rem-unconnected] left with 172 xors from 172 non-empty xors T: 0.00
c [xor-together] xored together: 125 orig xors: 172 new xors: 47 T: 0.00
c [xor-rem-unconnected] left with 47 xors from 47 non-empty xors T: 0.00
c [xor-clean-equiv] removed equivalent xors: 0 left with: 47
c [matrix] unused xors from cleaning: 0
c [matrix] Good   matrix 0 47      x106    density:0.1413  xorlen avg: 14.98
c [matrix] Using 1 matrices recovered from 0 xors T: 0.00 T-out: N
c rst  geom best vs   1465  984 K 1897    17249  1708 6.66    6.24     4635   995   47K    47 22.70   22.69  
c rst  geom stb  vs   1466  992 K 1897    17249  1708 6.66    6.24     4671   976   37K    47 24.44   24.42  
c [distill-long-red0] cls tried: 83/83 T: 0.01 T-out: N T-r: 99.89%
c [distill-long-red1] cls tried: 126/632 T: 0.01 T-out: Y T-r: -0.66%
c [full-probe]  bin_only: 1 set: 0 repl: 0 T: 0.01 T-out: N T-r: 99.84%
c [distill-bin] useful: 0/1708/1708 lits-rem: 0 cl-rem: 0 0-depth-assigns: 0 T: 0.01 T-out: N
c [distill] watch-based irred--  cl tried 20758    cl-sh 0     cl-rem 0    lit-rem 0      T: 0.04 T-out: Y
c [distill] watch-based red  --  cl tried 9342     cl-sh 1     cl-rem 0    lit-rem 1      T: 0.01 T-out: N
c [ccnr] tries: 0 steps: 262143 best found: 3
c [ccnr] saving best assignment phase to stable_polar
c [ccnr] bumping based on clause weights
c [ccnr] Bumped vars: 103 bump type: 6
c [ccnr] time: 0.26
c rst  geom stb  vs   1467  1000K 1897    17249  1708 6.66    6.24     4698   890   46K    47 25.75   25.73  
c rst  geom ibes vs   1468  1009K 1897    17249  1708 6.66    6.24     4715  1037   37K    47 24.88   24.86  
c [branch] adjusting to: vmtf (from: vsid) var_decay:0.95 descr: VMTF
c [distill-long-red0] cls tried: 40/40 T: 0.00 T-out: N T-r: 99.92%
c [distill-long-red1] cls tried: 159/636 T: 0.01 T-out: Y T-r: -0.51%
c rst  luby ibes vmt  1469  1010K 1897    17249  1708 6.66    6.24     4770   904   37K    47 24.88   24.86  
c rst  luby ibes vmt  1470  1010K 1897    17249  1708 6.66    6.24     4770   904   37K    47 24.90   24.88  
c rst  luby ibes vmt  1471  1010K 1897    17249  1708 6.66    6.24     4770   904   37K    47 24.93   24.90  
c rst  luby ibes vmt  1472  1010K 1897    17249  1708 6.66    6.24     4770   906   38K    47 24.92   24.90  
c rst  luby ibes vmt  1473  1010K 1897    17249  1708 6.66    6.24     4770   918   38K    47 24.94   24.92  
c rst  luby ibes vmt  1474  1010K 1897    17249  1708 6.66    6.24     4770   925   38K    47 24.97   24.94  
c rst  luby ibes vmt  1475  1011K 1897    17249  1708 6.66    6.24     4770   934   38K    47 24.98   24.95  
c rst  luby ibes vmt  1476  1011K 1897    17249  1708 6.66    6.24     4770   935   38K    47 24.98   24.96  
c rst  luby ibes vmt  1477  1011K 1897    17249  1708 6.66    6.24     4770   937   38K    47 24.99   24.96  
c rst  luby ibes vmt  1478  1011K 1897    17249  1708 6.66    6.24     4772   956   39K    47 24.97   24.95  
c rst  luby ibes vmt  1479  1011K 1897    17249  1708 6.66    6.24     4772   961   39K    47 25.00   24.97  
c rst  luby ibes vmt  1480  1011K 1897    17249  1708 6.66    6.24     4772   967   39K    47 25.00   24.98  
c rst  luby ibes vmt  1481  1012K 1897    17249  1708 6.66    6.24     4772   969   39K    47 25.02   25.00  
c rst  luby ibes vmt  1482  1012K 1897    17249  1708 6.66    6.24     4772   970   39K    47 25.04   25.01  
c [full-probe]  bin_only: 0 set: 0 repl: 0 T: 0.01 T-out: N T-r: 98.30%
c [distill-bin] useful: 0/1708/1708 lits-rem: 0 cl-rem: 0 0-depth-assigns: 0 T: 0.01 T-out: N
c rst  luby ibes vmt  1483  1013K 1897    17249  1708 6.66    6.24     4772   973   40K    47 25.12   25.10  
c rst  luby ibes vmt  1484  1013K 1897    17249  1708 6.66    6.24     4772   976   40K    47 25.11   25.09  
c rst  luby ibes vmt  1485  1013K 1897    17249  1708 6.66    6.24     4772   980   40K    47 25.13   25.10  
c rst  luby ibes vmt  1486  1013K 1897    17249  1708 6.66    6.24     4772   983   41K    47 25.14   25.11  
c rst  luby ibes vmt  1487  1013K 1897    17249  1708 6.66    6.24     4772   991   41K    47 25.14   25.12  
c rst  luby ibes vmt  1488  1013K 1897    17249  1708 6.66    6.24     4772   992   41K    47 25.15   25.13  
c rst  luby ibes vmt  1489  1014K 1897    17249  1708 6.66    6.24     4773   997   41K    47 25.16   25.13  
c rst  luby ibes vmt  1490  1014K 1897    17249  1708 6.66    6.24     4783  1034   41K    47 25.18   25.16  
c rst  luby ibes vmt  1491  1014K 1897    17249  1708 6.66    6.24     4783  1035   41K    47 25.18   25.16  
c rst  luby ibes vmt  1492  1014K 1897    17249  1708 6.66    6.24     4783  1036   42K    47 25.19   25.17  
c rst  luby ibes vmt  1493  1014K 1897    17249  1708 6.66    6.24     4783  1039   42K    47 25.19   25.17  
c rst  luby ibes vmt  1494  1014K 1897    17249  1708 6.66    6.24     4785  1049   42K    47 25.19   25.17  
c [impl-str] lit bin: 0 set-var: 0 T: 0.00 T-out: N T-r: 99.97% w-visit: 3796
c [impl-sub] bin: 0 T: 0.00 T-out: N w-visit: 3796
c rst  luby ibes vmt  1495  1015K 1897    17249  1708 6.66    6.24     4785  1050   42K    47 25.21   25.18  
c rst  luby ibes vmt  1496  1015K 1897    17249  1708 6.66    6.24     4785  1052   42K    47 25.22   25.19  
c rst  luby ibes vmt  1497  1015K 1897    17249  1708 6.66    6.24     4785  1059   42K    47 25.26   25.23  
c rst  luby ibes vmt  1498  1016K 1897    17249  1708 6.66    6.24     4785  1066   43K    47 25.27   25.25  
c rst  luby svd  vmt  1499  1018K 1897    17249  1708 6.66    6.24     4785  1081   45K    47 25.42   25.40  
c [distill] watch-based irred--  cl tried 20744    cl-sh 0     cl-rem 0    lit-rem 0      T: 0.04 T-out: Y
c [distill] watch-based red  --  cl tried 9570     cl-sh 0     cl-rem 0    lit-rem 0      T: 0.02 T-out: N
c rst  luby svd  vmt  1500  1018K 1897    17249  1708 6.66    6.24     4785  1082   45K    47 25.44   25.41  
c rst  luby svd  vmt  1501  1018K 1897    17249  1708 6.66    6.24     4785  1083   45K    47 25.44   25.42  
c rst  luby svd  vmt  1502  1018K 1897    17249  1708 6.66    6.24     4785  1086   45K    47 25.47   25.45  
c rst  luby svd  vmt  1503  1018K 1897    17249  1708 6.66    6.24     4785  1087   45K    47 25.48   25.46  
c rst  luby svd  vmt  1504  1018K 1897    17249  1708 6.66    6.24     4785  1089   45K    47 25.49   25.47  
c rst  luby svd  vmt  1505  1018K 1897    17249  1708 6.66    6.24     4785  1093   46K    47 25.51   25.49  
c rst  luby svd  vmt  1506  1019K 1897    17249  1708 6.66    6.24     4785  1103   46K    47 25.53   25.51  
c rst  luby svd  vmt  1507  1019K 1897    17249  1708 6.66    6.24     4785  1107   46K    47 25.54   25.52  
c rst  luby svd  vmt  1508  1019K 1897    17249  1708 6.66    6.24     4785  1107   46K    47 25.56   25.54  
c rst  luby svd  vmt  1509  1019K 1897    17249  1708 6.66    6.24     4785  1108   46K    47 25.59   25.57  
c rst  luby svd  vmt  1510  1019K 1897    17249  1708 6.66    6.24     4785  1109   47K    47 25.60   25.58  
c rst  luby svd  vmt  1511  1019K 1897    17249  1708 6.66    6.24     4785  1109   47K    47 25.61   25.59  
c rst  luby svd  vmt  1512  1020K 1897    17249  1708 6.66    6.24     4821  1314   33K    47 25.74   25.71  
c rst  luby svd  vmt  1513  1020K 1897    17249  1708 6.66    6.24     4947  1146   34K    47 25.80   25.78  
c rst  luby svd  vmt  1514  1021K 1897    17249  1708 6.66    6.24     4947  1147   35K    47 25.93   25.90  
c rst  luby svd  vmt  1515  1021K 1897    17249  1708 6.66    6.24     4947  1148   35K    47 25.93   25.90  
c rst  luby svd  vmt  1516  1021K 1897    17249  1708 6.66    6.24     4947  1148   35K    47 25.93   25.91  
c rst  luby svd  vmt  1517  1021K 1897    17249  1708 6.66    6.24     4947  1151   35K    47 25.97   25.94  
c rst  luby svd  vmt  1518  1021K 1897    17249  1708 6.66    6.24     4947  1159   35K    47 25.97   25.94  
c rst  luby svd  vmt  1519  1021K 1897    17249  1708 6.66    6.24     4947  1160   35K    47 25.98   25.95  
c rst  luby svd  vmt  1520  1022K 1897    17249  1708 6.66    6.24     4947  1168   35K    47 26.00   25.97  
c rst  luby svd  vmt  1521  1022K 1897    17249  1708 6.66    6.24     4947  1180   36K    47 26.06   26.03  
c rst  luby svd  vmt  1522  1022K 1897    17249  1708 6.66    6.24     4947  1185   36K    48 26.08   26.05  
c rst  luby svd  vmt  1523  1022K 1897    17249  1708 6.66    6.24     4947  1188   36K    48 26.10   26.07  
c rst  luby svd  vmt  1524  1022K 1897    17249  1708 6.66    6.24     4947  1191   36K    48 26.11   26.09  
c rst  luby svd  vmt  1525  1022K 1897    17249  1708 6.66    6.24     4947  1191   36K    48 26.13   26.10  
c rst  luby svd  vmt  1526  1023K 1897    17249  1708 6.66    6.24     4947  1193   36K    48 26.15   26.12  
c rst  luby svd  vmt  1527  1023K 1897    17249  1708 6.66    6.24     4947  1194   37K    48 26.19   26.16  
c rst  luby svd  vmt  1528  1023K 1897    17249  1708 6.66    6.24     4947  1196   37K    48 26.24   26.21  
c rst  luby svd  vmt  1529  1024K 1897    17249  1708 6.66    6.24     4949  1199   38K    48 26.30   26.27  
c rst  luby svd  vmt  1530  1026K 1897    17249  1708 6.66    6.24     4949  1208   39K    48 26.51   26.48  
c [distill-long-red0] cls tried: 215/215 T: 0.02 T-out: N T-r: 99.53%
c [distill-long-red1] cls tried: 97/754 T: 0.02 T-out: Y T-r: -0.86%
c rst  luby svd  vmt  1531  1029K 1897    17249  1708 6.66    6.24     4949  1236   43K    48 26.96   26.93  
c rst  luby svd  vmt  1532  1029K 1897    17249  1708 6.66    6.24     4949  1236   43K    48 26.97   26.95  
c rst  luby svd  vmt  1533  1029K 1897    17249  1708 6.66    6.24     4949  1237   43K    48 26.99   26.96  
c rst  luby svd  vmt  1534  1029K 1897    17249  1708 6.66    6.24     4949  1237   43K    48 27.00   26.98  
c rst  luby svd  vmt  1535  1029K 1897    17249  1708 6.66    6.24     4949  1237   43K    48 27.01   26.99  
c rst  luby svd  vmt  1536  1029K 1897    17249  1708 6.66    6.24     4950  1239   43K    48 27.01   26.98  
c rst  luby svd  vmt  1537  1030K 1897    17249  1708 6.66    6.24     5071  1080   43K    48 27.03   27.01  
c rst  luby svd  vmt  1538  1030K 1897    17249  1708 6.66    6.24     5071  1081   44K    48 27.08   27.06  
c rst  luby svd  vmt  1539  1030K 1897    17249  1708 6.66    6.24     5071  1083   44K    48 27.08   27.06  
c rst  luby svd  vmt  1540  1030K 1897    17249  1708 6.66    6.24     5071  1084   44K    48 27.08   27.06  
c rst  luby svd  vmt  1541  1030K 1897    17249  1708 6.66    6.24     5071  1091   44K    48 27.10   27.08  
c rst  luby svd  vmt  1542  1031K 1897    17249  1708 6.66    6.24     5071  1091   44K    48 27.11   27.09  
c rst  luby svd  vmt  1543  1031K 1897    17249  1708 6.66    6.24     5071  1092   44K    48 27.12   27.09  
c rst  luby svd  vmt  1544  1031K 1897    17249  1708 6.66    6.24     5071  1097   45K    48 27.15   27.12  
c rst  luby svd  vmt  1545  1031K 1897    17249  1708 6.66    6.24     5071  1102   45K    48 27.22   27.20  
c rst  geom best vmt  1546  1031K 1897    17249  1708 6.66    6.24     5072  1106   45K    48 27.21   27.18  
c rst  geom best vmt  1547  1031K 1897    17249  1708 6.66    6.24     5072  1107   45K    48 27.22   27.19  
c rst  geom best vmt  1548  1032K 1897    17249  1708 6.66    6.24     5072  1107   45K    48 27.22   27.19  
c rst  geom best vmt  1549  1032K 1897    17249  1708 6.66    6.24     5072  1111   46K    48 27.21   27.19  
c rst  geom best vmt  1550  1032K 1897    17249  1708 6.66    6.24     5072  1114   46K    48 27.22   27.19  
c [full-probe]  bin_only: 1 set: 0 repl: 0 T: 0.01 T-out: N T-r: 99.81%
c [distill-bin] useful: 0/1708/1708 lits-rem: 0 cl-rem: 0 0-depth-assigns: 0 T: 0.01 T-out: N
c rst  geom best vmt  1551  1032K 1897    17249  1708 6.66    6.24     5072  1114   46K    48 27.21   27.18  
c rst  geom best vmt  1552  1032K 1897    17249  1708 6.66    6.24     5072  1116   46K    48 27.22   27.19  
c rst  geom best vmt  1553  1033K 1897    17249  1708 6.66    6.24     5073  1125   46K    48 27.22   27.19  
c rst  geom best vmt  1554  1033K 1897    17249  1708 6.66    6.24     5073  1131   46K    48 27.20   27.18  
c rst  geom best vmt  1555  1033K 1897    17249  1708 6.66    6.24     5073  1134   47K    48 27.22   27.20  
c rst  geom best vmt  1556  1033K 1897    17249  1708 6.66    6.24     5073  1136   47K    48 27.22   27.20  
c rst  geom best vmt  1557  1034K 1897    17249  1708 6.66    6.24     5073  1141   47K    48 27.23   27.21  
c rst  geom best vmt  1558  1034K 1897    17249  1708 6.66    6.24     5073  1147   48K    48 27.23   27.21  
c rst  geom best vmt  1559  1034K 1897    17249  1708 6.66    6.24     5073  1148   48K    48 27.25   27.23  
c rst  geom best vmt  1560  1035K 1897    17249  1708 6.66    6.24     5093  1306   32K    48 25.49   25.46  
c rst  geom best vmt  1561  1035K 1897    17249  1708 6.66    6.24     5096  1340   32K    48 25.56   25.53  
c rst  geom best vmt  1562  1036K 1897    17249  1708 6.66    6.24     5096  1340   33K    48 25.58   25.55  
c [ccnr] tries: 0 steps: 262143 best found: 3
c [ccnr] saving best assignment phase to stable_polar
c [ccnr] bumping based on var unsat frequency: conflict_ct
c [ccnr] Bumped vars: 1898 bump type: 6
c [ccnr] time: 0.26
c rst  geom best vmt  1563  1036K 1897    17249  1708 6.66    6.24     5099  1381   33K    48 25.61   25.58  
c rst  geom best vmt  1564  1037K 1897    17249  1708 6.66    6.24     5101  1410   34K    48 25.68   25.65  
c rst  geom best vmt  1565  1037K 1897    17249  1708 6.66    6.24     5101  1412   35K    48 25.70   25.67  
c rst  geom best vmt  1566  1038K 1897    17249  1708 6.66    6.24     5101  1417   35K    48 25.77   25.74  
c rst  geom best vmt  1567  1039K 1897    17249  1708 6.66    6.24     5102  1430   36K    48 25.77   25.74  
c rst  geom best vmt  1568  1040K 1897    17249  1708 6.66    6.24     5218  1297   37K    48 25.77   25.74  
c rst  geom best vmt  1569  1041K 1897    17249  1708 6.66    6.24     5237  1456   38K    48 25.69   25.66  
c [distill-long-red0] cls tried: 274/274 T: 0.02 T-out: N T-r: 99.61%
c [distill-long-red1] cls tried: 133/952 T: 0.02 T-out: Y T-r: -0.59%
c rst  geom best vmt  1570  1042K 1897    17249  1708 6.66    6.24     5238  1472   39K    48 25.85   25.82  
c [gauss] XOR-encoding clauses are not detached, so no need to reattach them.
c [g 0] truth-find prop checks  : 1099K
c [g 0] -> of which prop        : 38.87 %
c [g 0] -> of which confl       :  1.57 %
c [g 0] elim called             : 136K
c [g 0] ---> which lead to prop : 141.16 %
c [g 0] ---> which lead to confl:  5.37 %
c [g 0] size: 47    x 106  
c [scc] new: 0 BP 0M T: 0.00
c [vrep] vars 0 lits 0 rem-bin-cls 0 rem-long-cls 0 BP 0M T: 0.00
c [intree] Set 0 vars hyper-added: 1 trans-irred: 0 trans-red: 0 T: 0.01 T-out: N T-r: -0.97%
c [find&init matx] performing matrix init
c [gauss] XOR-encoding clauses are not detached, so no need to reattach them.
c [xor-rem-unconnected] left with 172 xors from 172 non-empty xors T: 0.00
c [xor-together] xored together: 125 orig xors: 172 new xors: 47 T: 0.00
c [xor-rem-unconnected] left with 47 xors from 47 non-empty xors T: 0.00
c [xor-clean-equiv] removed equivalent xors: 0 left with: 47
c [matrix] unused xors from cleaning: 0
c [matrix] Good   matrix 0 47      x106    density:0.1413  xorlen avg: 14.98
c [matrix] Using 1 matrices recovered from 0 xors T: 0.00 T-out: N
c rst  geom best vmt  1571  1043K 1897    17249  1708 6.66    6.24     5238  1478   40K    49 25.85   25.83  
c [distill] watch-based irred--  cl tried 17650    cl-sh 0     cl-rem 0    lit-rem 0      T: 0.04 T-out: Y
c [distill] watch-based red  --  cl tried 10476    cl-sh 1     cl-rem 0    lit-rem 1      T: 0.02 T-out: N
c rst  geom best vmt  1572  1044K 1897    17249  1708 6.66    6.24     5238  1498   41K    49 26.04   26.01  
c rst  geom best vmt  1573  1046K 1897    17249  1708 6.66    6.24     5238  1503   43K    49 26.18   26.16  
c rst  geom best vmt  1574  1047K 1897    17249  1708 6.66    6.24     5242  1513   44K    49 26.46   26.43  
c rst  geom stb  vmt  1575  1049K 1897    17249  1708 6.66    6.24     5243  1570   46K    49 26.71   26.69  
c rst  geom stb  vmt  1576  1051K 1897    17249  1708 6.66    6.24     5419  1701   34K    49 27.20   27.17  
c rst  geom stb  vmt  1577  1053K 1897    17249  1708 6.66    6.24     5420  1736   36K    49 27.50   27.47  
c [full-probe]  bin_only: 0 set: 0 repl: 0 T: 0.01 T-out: N T-r: 98.58%
c [distill-bin] useful: 0/1708/1708 lits-rem: 0 cl-rem: 0 0-depth-assigns: 0 T: 0.01 T-out: N
c rst  geom stb  vmt  1578  1055K 1897    17249  1708 6.66    6.24     5420  1751   38K    49 27.56   27.54  
c rst  geom stb  vmt  1579  1058K 1897    17249  1708 6.66    6.24     5421  1776   41K    49 27.78   27.75  
c [distill-long-red0] cls tried: 160/160 T: 0.02 T-out: N T-r: 99.64%
c [distill-long-red1] cls tried: 124/1200 T: 0.02 T-out: Y T-r: -2.17%
c rst  geom stb  vmt  1580  1060K 1897    17249  1708 6.66    6.24     5513  1652   44K    49 28.30   28.28  
c rst  geom stb  vmt  1581  1063K 1897    17249  1708 6.66    6.24     5514  1690   46K    49 28.46   28.43  
c rst  geom ibes vmt  1582  1067K 1897    17249  1708 6.66    6.24     5534  1861   35K    49 27.28   27.25  
c rst  geom ibes vmt  1583  1070K 1897    17249  1708 6.66    6.24     5604  1763   39K    49 27.11   27.08  
c [distill] watch-based irred--  cl tried 21558    cl-sh 0     cl-rem 0    lit-rem 0      T: 0.04 T-out: Y
c [distill] watch-based red  --  cl tried 11208    cl-sh 5     cl-rem 0    lit-rem 5      T: 0.02 T-out: N
c rst  geom ibes vmt  1584  1074K 1897    17249  1708 6.66    6.24     5610  1805   43K    49 27.13   27.10  
c [distill-long-red0] cls tried: 183/183 T: 0.02 T-out: N T-r: 99.62%
c [distill-long-red1] cls tried: 80/1177 T: 0.02 T-out: Y T-r: -2.10%
c [full-probe]  bin_only: 1 set: 0 repl: 0 T: 0.01 T-out: N T-r: 99.86%
c [distill-bin] useful: 0/1708/1708 lits-rem: 0 cl-rem: 0 0-depth-assigns: 0 T: 0.01 T-out: N
c rst  geom ibes vmt  1585  1079K 1897    17249  1708 6.66    6.24     5620  1884   47K    49 26.90   26.88  
c [impl-str] lit bin: 0 set-var: 0 T: 0.00 T-out: N T-r: 99.97% w-visit: 3796
c [impl-sub] bin: 1 T: 0.00 T-out: N w-visit: 3796
c rst  geom ibes vmt  1586  1083K 1897    17249  1708 6.66    6.24     5733  1951   39K    48 26.18   26.16  
c [ccnr] tries: 0 steps: 262143 best found: 2
c [ccnr] saving best assignment phase to stable_polar
c [ccnr] bumping based on var unsat frequency: conflict_ct
c [ccnr] Bumped vars: 1898 bump type: 6
c [ccnr] time: 0.25
c rst  geom svd  vmt  1587  1089K 1897    17249  1708 6.66    6.24     5752  2179   44K    49 26.78   26.76  
c rst  geom svd  vmt  1588  1095K 1897    17249  1708 6.66    6.24     5972  2237   35K    49 25.30   25.28  
c [distill-long-red0] cls tried: 335/335 T: 0.02 T-out: N T-r: 99.51%
c [distill-long-red1] cls tried: 91/1654 T: 0.02 T-out: Y T-r: -2.56%
c [full-probe]  bin_only: 0 set: 0 repl: 0 T: 0.00 T-out: N T-r: 98.74%
c [distill-bin] useful: 0/1708/1708 lits-rem: 0 cl-rem: 0 0-depth-assigns: 0 T: 0.01 T-out: N
c rst  geom svd  vmt  1589  1101K 1897    17249  1708 6.66    6.24     6048  2082   41K    57 25.86   25.83  
c [distill] watch-based irred--  cl tried 19438    cl-sh 0     cl-rem 0    lit-rem 0      T: 0.05 T-out: Y
c [distill] watch-based red  --  cl tried 12096    cl-sh 1     cl-rem 0    lit-rem 1      T: 0.02 T-out: N
c rst  geom best vmt  1590  1108K 1897    17249  1708 6.66    6.24     6051  2125   48K    57 26.12   26.10  
c [branch] adjusting to: vsid (from: vmtf) var_decay:0.95 descr: VSIDS
c [gauss] XOR-encoding clauses are not detached, so no need to reattach them.
c [g 0] truth-find prop checks  : 1130K
c [g 0] -> of which prop        : 36.54 %
c [g 0] -> of which confl       :  1.51 %
c [g 0] elim called             : 145K
c [g 0] ---> which lead to prop : 133.46 %
c [g 0] ---> which lead to confl:  4.86 %
c [g 0] size: 47    x 106  
c [scc] new: 0 BP 0M T: 0.00
c [vrep] vars 0 lits 0 rem-bin-cls 0 rem-long-cls 0 BP 0M T: 0.01
c [intree] Set 0 vars hyper-added: 0 trans-irred: 0 trans-red: 0 T: 0.01 T-out: N T-r: -0.82%
c [find&init matx] performing matrix init
c [gauss] XOR-encoding clauses are not detached, so no need to reattach them.
c [xor-rem-unconnected] left with 172 xors from 172 non-empty xors T: 0.00
c [xor-together] xored together: 125 orig xors: 172 new xors: 47 T: 0.00
c [xor-rem-unconnected] left with 47 xors from 47 non-empty xors T: 0.00
c [xor-clean-equiv] removed equivalent xors: 0 left with: 47
c [matrix] unused xors from cleaning: 0
c [matrix] Good   matrix 0 47      x106    density:0.1413  xorlen avg: 14.98
c [matrix] Using 1 matrices recovered from 0 xors T: 0.00 T-out: N
c rst  geom best vs   1591  1108K 1897    17249  1708 6.66    6.24     6051  2125   48K    57 26.13   26.10  
c rst  geom best vs   1592  1108K 1897    17249  1708 6.66    6.24     6051  2126   49K    57 26.13   26.10  
c rst  geom best vs   1593  1108K 1897    17249  1708 6.66    6.24     6051  2126   49K    57 26.13   26.11  
c rst  geom best vs   1594  1109K 1897    17249  1708 6.66    6.24     6051  2126   49K    57 26.13   26.11  
c rst  geom best vs   1595  1109K 1897    17249  1708 6.66    6.24     6051  2126   49K    57 26.13   26.10  
c rst  geom best vs   1596  1109K 1897    17249  1708 6.66    6.24     6051  2127   49K    57 26.13   26.11  
c rst  geom best vs   1597  1109K 1897    17249  1708 6.66    6.24     6051  2128   49K    57 26.13   26.11  
c rst  geom best vs   1598  1109K 1897    17249  1708 6.66    6.24     6051  2128   50K    57 26.14   26.11  
c rst  geom best vs   1599  1110K 1897    17249  1708 6.66    6.24     6053  2244   35K    57 25.13   25.10  
c rst  geom best vs   1600  1110K 1897    17249  1708 6.66    6.24     6116  2025   36K    57 25.12   25.10  
c [distill-long-red0] cls tried: 148/148 T: 0.01 T-out: N T-r: 99.80%
c [distill-long-red1] cls tried: 120/1461 T: 0.01 T-out: Y T-r: -1.02%
c rst  geom best vs   1601  1110K 1897    17249  1708 6.66    6.24     6116  2025   36K    57 25.13   25.10  
c rst  geom best vs   1602  1110K 1897    17249  1708 6.66    6.24     6116  2028   36K    57 25.13   25.10  
c rst  geom best vs   1603  1111K 1897    17249  1708 6.66    6.24     6116  2030   37K    57 25.13   25.10  
c rst  geom best vs   1604  1111K 1897    17249  1708 6.66    6.24     6116  2031   37K    57 25.11   25.08  
c rst  geom best vs   1605  1112K 1897    17249  1708 6.66    6.24     6117  2034   37K    57 25.12   25.09  
c rst  geom best vs   1606  1112K 1897    17249  1708 6.66    6.24     6117  2035   38K    57 25.11   25.08  
c rst  geom best vs   1607  1112K 1897    17249  1708 6.66    6.24     6117  2036   38K    57 25.12   25.09  
c rst  geom best vs   1608  1113K 1897    17249  1708 6.66    6.24     6117  2037   39K    57 25.11   25.08  
c rst  geom best vs   1609  1114K 1897    17249  1708 6.66    6.24     6117  2038   39K    57 25.16   25.13  
c rst  geom best vs   1610  1114K 1897    17249  1708 6.66    6.24     6117  2040   40K    57 25.14   25.12  
c rst  geom best vs   1611  1115K 1897    17249  1708 6.66    6.24     6117  2043   41K    57 25.13   25.10  
c [full-probe]  bin_only: 1 set: 0 repl: 0 T: 0.01 T-out: N T-r: 99.79%
c [distill-bin] useful: 0/1708/1708 lits-rem: 0 cl-rem: 0 0-depth-assigns: 0 T: 0.01 T-out: N
c rst  geom best vs   1612  1116K 1897    17249  1708 6.66    6.24     6117  2043   42K    57 25.13   25.10  
c rst  geom best vs   1613  1117K 1897    17249  1708 6.66    6.24     6117  2045   42K    57 25.11   25.08  
c rst  geom best vs   1614  1118K 1897    17249  1708 6.66    6.24     6117  2047   43K    57 25.09   25.07  
c rst  geom stb  vs   1615  1119K 1897    17249  1708 6.66    6.24     6122  2053   44K    57 25.28   25.25  
c rst  geom stb  vs   1616  1120K 1897    17249  1708 6.66    6.24     6170  1673   46K    57 25.42   25.40  
c rst  geom stb  vs   1617  1121K 1897    17249  1708 6.66    6.24     6171  1676   47K    57 25.54   25.51  
c rst  geom stb  vs   1618  1123K 1897    17249  1708 6.66    6.24     6171  1685   49K    57 25.58   25.55  
c rst  geom stb  vs   1619  1124K 1897    17249  1708 6.66    6.24     6171  1695   50K    57 25.62   25.60  
c rst  geom stb  vs   1620  1126K 1897    17249  1708 6.66    6.24     6179  1792   36K    57 24.52   24.49  
c [distill-long-red0] cls tried: 58/58 T: 0.01 T-out: N T-r: 99.89%
c [distill-long-red1] cls tried: 131/1309 T: 0.01 T-out: Y T-r: -0.73%
c rst  geom stb  vs   1621  1128K 1897    17249  1708 6.66    6.24     6180  1803   38K    57 24.56   24.54  
c [distill] watch-based irred--  cl tried 21599    cl-sh 0     cl-rem 0    lit-rem 0      T: 0.04 T-out: Y
c [distill] watch-based red  --  cl tried 12360    cl-sh 0     cl-rem 0    lit-rem 0      T: 0.02 T-out: N
c [ccnr] tries: 0 steps: 262143 best found: 4
c [ccnr] saving best assignment phase to stable_polar
c [ccnr] bumping based on clause weights
c [ccnr] Bumped vars: 104 bump type: 6
c [ccnr] time: 0.26
c rst  geom stb  vs   1622  1130K 1897    17249  1708 6.66    6.24     6218  1630   40K    57 25.01   24.98  
c rst  geom stb  vs   1623  1132K 1897    17249  1708 6.66    6.24     6218  1637   42K    57 25.42   25.40  
c rst  geom stb  vs   1624  1132K 1897    17249  1708 6.66    6.24     6218  1637   42K    57 25.43   25.40  
c ------- FINAL TOTAL SEARCH STATS ---------
c UIP search time          : 78.85       (92.25     % time)
c All times are for this thread only except if explicitly specified
c restarts                 : 1624        (697.33    confls per restart)
c blocked restarts         : 0           (0.00      per normal restart)
c time                     : 78.85       
c decisions                : 1327853     (0.00      % random)
c propagations             : 23M         (292K      props/s)
c decisions/conflicts      : 1.17        
c conflicts                : 1132461     
c LEARNT stats
c units learnt             : 0           (0.00      % of conflicts)
c bins learnt              : 10          (0.00      % of conflicts)
c long learnt              : 1132452     (100.00    % of conflicts)
c red which0               : 540         (0.05      % of confl)
c SEAMLESS HYPERBIN&TRANS-RED stats
c advProp called           : 0           
c hyper-bin add bin        : 0           (0.00      bin/call)
c trans-red rem irred bin  : 0           (0.00      bin/call)
c trans-red rem red bin    : 0           (0.00      bin/call)
c CONFL LITS stats
c orig                     : 46310193    (40.89     lit/confl)
c recurs-min effective     : 1056089     (93.26     % attempt successful)
c recurs-min lits          : 15147016    (32.71     % less overall)
c permDiff call%           : 0.62        (0.00      % attempt successful)
c permDiff lits-rem        : 0           (0.00      less lits/cl on attempts)
c further-min call%        : 0.00        (0.00      % attempt successful)
c bintri-min lits          : 0           (0.00      % less overall)
c final avg                : 27.52       
c all-threads sum CPU time : 78.85        s
c PROP stats
c Mbogo-props              : 125.89      (1.60      / sec)
c MHyper-props             : 0.19        (0.00      / sec)
c Mprops                   : 23.05       (0.29      / sec)
c -------- OccSimplifier STATS ----------
c time                     : 1.65        (0.00      % var-elim)
c called                   : 6           (0.27      s per call)
c 0-depth assigns          : 0           (0.00      % vars)
c -------- OccSimplifier STATS END ----------
c -------- SubsumeStrengthen STATS ----------
c cl-subs                  : 720          Clauses
c cl-str rem lit           : 34502        Lits
c cl-sub T                 : 0.22         s
c cl-str T                 : 1.12         s
c -------- SubsumeStrengthen STATS END ----------
c ----- SCC STATS --------
c time                     : 0.00        (0.00      per call)
c called                   : 29          (0.00      new found per call)
c found                    : 0           (0.00      % of all found)
c bogoprops                : 1025928     % of all found
c ----- SCC STATS END --------
c --------- VAR REPLACE STATS ----------
c time                     : 0.08        (0.00      per call)
c trees' crown             : 0           (0.00      % of vars)
c 0-depth assigns          : 0           (0.00      % vars)
c lits replaced            : 0           
c bin cls removed          : 0           
c long cls removed         : 0           
c long lits removed        : 0           
c bogoprops                : 3156141     
c --------- VAR REPLACE STATS END ----------
c vrep replace time        : 0.08        (0.10      % time)
c vrep tree roots          : 0           
c vrep trees' crown        : 0           (0.00      leafs/tree)
c -------- DISTILL-BIN STATS --------
c time                     : 0.49        (0.01      per call)
c timed out                : 0           (0.00      % of calls)
c distill/checked/potential: 2          /129778/129778
c lits-rem                 : 0           
c 0-depth-assigns          : 2           (0.01      % of vars)
c -------- DISTILL STATS END --------
c -------- STRENGTHEN STATS --------
c --> watch-based on irred cls
c time                     : 1.58        (0.02      s/call)
c shrinked/tried/total     : 164        /820550/1457432
c subsumed/tried/total     : 8          /820550/1457432
c lits-rem                 : 164         (0.00      % of lits tried)
c called                   : 86          (347555.81 % ran out of time)
c --> watch-based on red cls
c time                     : 0.35        (0.00      s/call)
c shrinked/tried/total     : 51         /198390/198390
c subsumed/tried/total     : 12         /198390/198390
c lits-rem                 : 52          (0.00      % of lits tried)
c called                   : 86          (0.00      % ran out of time)
c -------- STRENGTHEN STATS END --------
c -------- IMPLICIT SUB  STATS --------
c time                     : 0.04        (0.00      per call)
c timed out                : 0           (0.00      % of calls)
c rem bins                 : 10          
c -------- IMPLICIT SUB STATS END --------
c Mem used                 : 55          MB
c Mem for longclauses      : 9           MB (17.25     %)
c Mem for watch alloc      : 14          MB (26.66     %)
c Mem for watch array      : 0           MB (0.16      %)
c Mem for assings&vardata  : 0           MB (1.27      %)
c Mem for search&solve     : 0           MB (1.25      %)
c Mem for renumberer       : 0           MB (0.51      %)
c Mem for occsimplifier    : 2           MB (3.66      %)
c Mem for varReplacer&SCC  : 0           MB (0.67      %)
c Mem for impl subsume     : 0           MB (0.00      %)
c Mem for 3 distills       : 0           MB (0.00      %)
c Accounted for mem (rss)  : 51.43       %
c Accounted for mem (vm)   : 45.62       %
c restarts                 : 1624        (697.33    confls per restart)
c blocked restarts         : 0           (0.00      per normal restart)
c time                     : 78.85       
c decisions                : 1327853     (0.00      % random)
c propagations             : 23M         (292K      props/s)
c decisions/conflicts      : 1.17        
c conflicts                : 1132461     
c conf lits non-minim      : 46310193    (40.89     lit/confl)
c conf lits final          : 27.52       
c red which0               : 540         (0.05      % of confl)
c props/decision           : 0.00        
c props/conflict           : 0.00        
c 0-depth assigns          : 266         (14.01     % vars)
c 0-depth assigns by CNF   : 245         (12.91     % vars)
c reduceDB time            : 0.36        (0.42      % time)
c OccSimplifier time       : 1.65        (1.93      % time)
c [occur] 0.25 is overhead
c [occur] link-in T: 0.21 cleanup T: 0.04
c [occ-substr] long subBySub: 686 subByStr: 34 lits-rem-str: 34502 T: 1.34
c SCC time                 : 0.00        (0.01      % time)
c [scc] new: 0 BP 1M  T: 0.00
c vrep replace time        : 0.08        (0.10      % time)
c vrep tree roots          : 0           
c vrep trees' crown        : 0           (0.00      leafs/tree)
c distill long time        : 1.28        (1.50      % time)
c distill bin time         : 0.49        (0.58      % time)
c strength cache-irred time: 1.58        (1.85      % time)
c strength cache-red time  : 0.35        (0.41      % time)
c avg cls in red 0         : 2304.25     
c avg cls in red 1         : 822.10      
c avg cls in red 2         : 40668.68    
c Conflicts in UIP         : 1132461     (13248.05  confl/time_this_thread)
c Max Memory (rss) used    : 56872 kB    
c Total time (this thread) : 85.48       
s SATISFIABLE
v 1 -2 -3 4 -5 -6 -7 8 -9 10 11 12 -13 -14 -15 16 -17 -18 -19 -20 -21 -22 -23 24 
v -25 -26 -27 -28 -29 -30 -31 32 -33 -34 -35 -36 -37 -38 -39 -40 -41 -42 -43 
v -44 -45 -46 -47 -48 -49 -50 -51 -52 53 -54 -55 -56 -57 -58 -59 -60 -61 -62 
v -63 -64 -65 -66 -67 -68 -69 -70 71 72 -73 -74 -75 -76 -77 -78 -79 -80 -81 -82 
v 83 -84 -85 -86 87 -88 -89 -90 -91 -92 -93 -94 -95 -96 -97 -98 -99 -100 -101 
v -102 103 -104 -105 -106 -107 -108 -109 -110 -111 -112 -113 -114 -115 -116 117 
v -118 119 -120 -121 -122 -123 -124 125 -126 -127 -128 -129 -130 -131 -132 -133 
v -134 -135 -136 -137 -138 -139 -140 141 -142 -143 -144 -145 -146 -147 -148 
v -149 -150 151 -152 -153 -154 155 -156 -157 -158 159 160 -161 -162 163 -164 
v 165 -166 -167 -168 169 -170 171 172 173 -174 -175 -176 -177 -178 179 -180 181 
v -182 183 184 -185 -186 187 -188 189 190 191 -192 -193 -194 195 -196 197 198 
v 199 200 201 -202 -203 -204 -205 -206 -207 -208 -209 -210 211 -212 213 -214 
v -215 -216 -217 -218 219 -220 -221 -222 223 -224 -225 -226 -227 -228 229 230 
v -231 -232 233 234 -235 -236 -237 -238 239 -240 241 -242 243 244 245 -246 -247 
v -248 -249 -250 -251 -252 -253 -254 -255 -256 -257 -258 -259 -260 -261 -262 
v -263 -264 -265 -266 -267 -268 -269 -270 -271 -272 -273 -274 -275 -276 -277 
v -278 -279 -280 -281 -282 -283 -284 285 -286 287 -288 289 -290 -291 -292 -293 
v -294 -295 -296 297 -298 -299 -300 -301 -302 303 -304 305 -306 307 -308 309 
v -310 -311 -312 -313 -314 315 316 -317 -318 -319 -320 321 322 323 -324 325 
v -326 -327 -328 -329 -330 -331 -332 -333 -334 335 336 -337 -338 339 -340 341 
v -342 -343 -344 -345 -346 347 348 -349 -350 351 -352 -353 -354 -355 -356 357 
v -358 -359 -360 -361 -362 363 -364 -365 -366 367 368 369 370 -371 -372 -373 
v -374 375 376 -377 -378 379 -380 381 382 -383 -384 385 -386 387 388 389 -390 
v 391 392 -393 -394 395 -396 397 -398 -399 -400 -401 -402 403 404 -405 -406 407 
v 408 409 410 411 412 -413 -414 415 416 417 418 419 420 421 422 423 -424 425 
v -426 427 -428 -429 -430 -431 432 -433 -434 -435 436 -437 -438 -439 -440 -441 
v 442 -443 -444 -445 446 -447 -448 -449 -450 -451 452 453 -454 -455 456 457 
v -458 -459 -460 -461 -462 -463 464 -465 466 -467 -468 -469 -470 -471 472 -473 
v 474 -475 -476 -477 -478 -479 480 -481 -482 -483 484 -485 -486 -487 -488 -489 
v 490 491 -492 -493 494 -495 -496 -497 -498 -499 500 -501 502 -503 504 -505 
v -506 -507 508 509 -510 -511 512 -513 -514 -515 -516 -517 -518 -519 520 -521 
v -522 -523 -524 -525 526 527 -528 -529 530 -531 532 533 -534 -535 536 -537 538 
v 539 540 -541 -542 -543 544 545 546 -547 548 -549 550 -551 -552 -553 -554 -555 
v -556 -557 -558 -559 -560 -561 -562 -563 -564 -565 -566 -567 -568 -569 -570 
v -571 -572 -573 -574 -575 -576 -577 -578 -579 -580 -581 -582 -583 -584 -585 
v -586 -587 -588 -589 -590 -591 -592 -593 -594 -595 -596 -597 -598 -599 -600 
v -601 -602 -603 -604 -605 -606 -607 -608 -609 -610 -611 -612 -613 -614 -615 
v -616 -617 -618 -619 -620 -621 -622 -623 -624 -625 -626 -627 -628 -629 -630 
v -631 -632 -633 -634 -635 -636 -637 -638 -639 -640 -641 -642 -643 -644 -645 
v -646 -647 -648 -649 -650 -651 -652 -653 -654 -655 -656 -657 -658 -659 -660 
v -661 -662 -663 -664 -665 -666 -667 -668 -669 -670 -671 -672 -673 -674 -675 
v -676 -677 -678 -679 -680 -681 -682 -683 684 -685 -686 -687 -688 -689 -690 
v -691 -692 -693 -694 -695 -696 -697 698 -699 700 -701 -702 -703 -704 -705 -706 
v -707 -708 -709 -710 -711 -712 -713 -714 -715 716 -717 -718 -719 720 -721 -722 
v -723 724 -725 -726 -727 -728 -729 730 -731 -732 -733 -734 -735 736 -737 -738 
v -739 740 -741 -742 -743 744 -745 746 -747 -748 -749 -750 -751 752 753 -754 
v -755 756 757 758 -759 760 -761 -762 -763 764 765 766 -767 768 -769 770 -771 
v 772 -773 774 -775 -776 -777 -778 -779 -780 -781 -782 -783 -784 785 -786 -787 
v -788 -789 -790 -791 -792 -793 -794 -795 -796 -797 -798 -799 -800 801 -802 
v -803 -804 -805 -806 -807 -808 -809 -810 811 -812 -813 -814 815 -816 817 -818 
v -819 -820 -821 -822 -823 -824 -825 -826 -827 -828 -829 -830 -831 -832 833 
v -834 -835 -836 -837 -838 839 -840 -841 -842 -843 -844 -845 -846 -847 -848 
v -849 -850 -851 -852 -853 -854 -855 -856 857 858 859 -860 861 862 -863 -864 
v 865 -866 867 -868 869 -870 871 872 -873 -874 -875 -876 877 -878 879 -880 881 
v -882 -883 -884 -885 -886 887 888 -889 -890 -891 -892 893 -894 895 -896 897 
v 898 899 -900 -901 -902 -903 -904 -905 -906 907 -908 -909 -910 911 -912 -913 
v -914 -915 -916 -917 -918 -919 -920 -921 -922 -923 -924 -925 -926 927 -928 
v -929 -930 -931 -932 -933 -934 -935 -936 -937 -938 -939 -940 -941 -942 -943 
v -944 -945 -946 -947 -948 -949 -950 -951 -952 -953 -954 -955 -956 -957 -958 
v -959 -960 -961 -962 -963 -964 -965 -966 -967 -968 -969 -970 -971 -972 -973 
v -974 -975 -976 -977 -978 -979 -980 -981 -982 983 -984 -985 -986 -987 -988 
v -989 -990 -991 -992 -993 -994 -995 -996 -997 -998 -999 -1000 -1001 -1002 -1003 
v -1004 -1005 -1006 -1007 -1008 -1009 -1010 -1011 -1012 -1013 -1014 -1015 -1016 
v -1017 -1018 -1019 -1020 -1021 -1022 -1023 -1024 -1025 -1026 -1027 -1028 -1029 
v -1030 -1031 -1032 1033 1034 -1035 -1036 1037 -1038 -1039 -1040 -1041 -1042 
v -1043 -1044 1045 -1046 -1047 -1048 -1049 -1050 -1051 -1052 -1053 -1054 1055 
v -1056 -1057 -1058 -1059 -1060 1061 -1062 -1063 -1064 1065 -1066 1067 -1068 
v -1069 -1070 -1071 -1072 1073 -1074 -1075 -1076 -1077 -1078 1079 -1080 -1081 
v -1082 -1083 -1084 1085 -1086 -1087 -1088 1089 -1090 -1091 -1092 -1093 -1094 
v 1095 -1096 -1097 -1098 -1099 -1100 1101 -1102 -1103 -1104 1105 1106 1107 
v -1108 1109 -1110 -1111 -1112 1113 1114 1115 -1116 1117 1118 1119 -1120 -1121 
v -1122 1123 -1124 -1125 -1126 -1127 -1128 -1129 1130 -1131 -1132 -1133 1134 
v -1135 -1136 -1137 -1138 -1139 -1140 -1141 -1142 -1143 1144 -1145 -1146 -1147 
v -1148 -1149 1150 1151 -1152 -1153 1154 -1155 1156 -1157 -1158 -1159 -1160 
v -1161 1162 1163 -1164 -1165 -1166 -1167 -1168 -1169 -1170 -1171 -1172 -1173 
v -1174 -1175 -1176 -1177 -1178 -1179 1180 -1181 1182 -1183 -1184 -1185 -1186 
v -1187 1188 -1189 1190 -1191 1192 -1193 -1194 -1195 -1196 -1197 -1198 -1199 
v 1200 -1201 -1202 -1203 1204 -1205 1206 1207 -1208 -1209 1210 -1211 1212 -1213 
v 1214 -1215 1216 -1217 1218 1219 1220 -1221 -1222 -1223 1224 1225 1226 -1227 
v 1228 1229 -1230 -1231 -1232 -1233 1234 -1235 1236 -1237 1238 1239 -1240 -1241 
v 1242 1243 1244 1245 1246 -1247 1248 -1249 1250 -1251 -1252 -1253 -1254 -1255 
v 1256 -1257 -1258 -1259 1260 -1261 -1262 -1263 -1264 -1265 -1266 -1267 -1268 
v -1269 -1270 -1271 -1272 -1273 -1274 -1275 1276 -1277 -1278 -1279 -1280 -1281 
v -1282 -1283 -1284 -1285 -1286 -1287 -1288 -1289 -1290 -1291 -1292 -1293 -1294 
v -1295 -1296 -1297 -1298 -1299 -1300 -1301 -1302 -1303 -1304 -1305 -1306 -1307 
v -1308 -1309 -1310 -1311 -1312 -1313 -1314 -1315 -1316 -1317 -1318 -1319 -1320 
v -1321 -1322 -1323 -1324 -1325 -1326 -1327 -1328 -1329 -1330 -1331 1332 -1333 
v -1334 -1335 -1336 -1337 -1338 -1339 -1340 -1341 -1342 -1343 -1344 -1345 -1346 
v -1347 -1348 -1349 -1350 -1351 -1352 -1353 -1354 -1355 -1356 -1357 -1358 -1359 
v -1360 -1361 -1362 -1363 -1364 -1365 -1366 -1367 -1368 -1369 -1370 -1371 -1372 
v -1373 -1374 -1375 -1376 -1377 -1378 -1379 -1380 -1381 1382 1383 -1384 -1385 
v 1386 -1387 1388 -1389 -1390 -1391 -1392 -1393 1394 1395 1396 -1397 1398 -1399 
v -1400 -1401 -1402 -1403 -1404 -1405 -1406 -1407 -1408 -1409 -1410 -1411 -1412 
v -1413 1414 1415 1416 -1417 1418 -1419 -1420 -1421 1422 -1423 1424 -1425 1426 
v -1427 1428 -1429 -1430 -1431 -1432 -1433 1434 1435 -1436 -1437 1438 -1439 
v -1440 -1441 1442 -1443 1444 -1445 -1446 -1447 -1448 -1449 1450 1451 -1452 
v -1453 1454 1455 1456 1457 1458 -1459 -1460 -1461 1462 1463 1464 1465 1466 
v 1467 1468 -1469 1470 1471 1472 -1473 -1474 -1475 -1476 -1477 -1478 -1479 
v -1480 -1481 -1482 -1483 -1484 -1485 -1486 -1487 -1488 -1489 -1490 1491 -1492 
v 1493 -1494 -1495 -1496 -1497 -1498 1499 -1500 -1501 -1502 -1503 -1504 -1505 
v -1506 -1507 -1508 1509 -1510 1511 1512 1513 -1514 -1515 -1516 1517 -1518 1519 
v -1520 1521 1522 1523 -1524 1525 1526 1527 -1528 -1529 -1530 1531 -1532 -1533 
v -1534 -1535 -1536 1537 1538 1539 -1540 1541 1542 1543 -1544 -1545 -1546 1547 
v -1548 1549 1550 1551 1552 -1553 -1554 1555 1556 1557 -1558 1559 1560 1561 
v 1562 1563 -1564 1565 1566 1567 1568 1569 1570 1571 -1572 1573 1574 -1575 
v -1576 1577 -1578 1579 1580 -1581 -1582 1583 -1584 1585 1586 1587 -1588 -1589 
v -1590 1591 1592 1593 1594 1595 1596 1597 1598 1599 -1600 -1601 -1602 -1603 
v -1604 1605 -1606 -1607 -1608 1609 -1610 -1611 -1612 -1613 -1614 -1615 -1616 
v -1617 -1618 -1619 -1620 -1621 -1622 -1623 -1624 1625 -1626 -1627 -1628 -1629 
v -1630 1631 -1632 -1633 -1634 -1635 -1636 1637 -1638 -1639 -1640 -1641 -1642 
v -1643 -1644 -1645 -1646 -1647 -1648 -1649 -1650 -1651 -1652 -1653 -1654 -1655 
v -1656 -1657 -1658 -1659 -1660 -1661 -1662 -1663 -1664 -1665 -1666 -1667 -1668 
v -1669 -1670 -1671 -1672 -1673 -1674 -1675 -1676 -1677 -1678 -1679 -1680 1681 
v -1682 -1683 -1684 -1685 -1686 -1687 -1688 -1689 -1690 -1691 -1692 -1693 -1694 
v -1695 -1696 -1697 -1698 1699 -1700 -1701 -1702 -1703 -1704 -1705 -1706 -1707 
v -1708 -1709 -1710 1711 -1712 -1713 -1714 -1715 -1716 1717 -1718 1719 -1720 
v -1721 -1722 -1723 -1724 -1725 -1726 -1727 -1728 -1729 -1730 1731 1732 1733 
v -1734 1735 1736 1737 -1738 -1739 -1740 -1741 -1742 1743 1744 1745 -1746 1747 
v -1748 -1749 -1750 -1751 -1752 1753 -1754 -1755 -1756 -1757 -1758 1759 -1760 
v -1761 -1762 1763 1764 1765 1766 1767 -1768 -1769 -1770 1771 1772 1773 -1774 
v 1775 1776 1777 -1778 -1779 -1780 -1781 -1782 1783 1784 1785 -1786 1787 1788 
v -1789 -1790 1791 -1792 1793 -1794 -1795 -1796 -1797 -1798 1799 1800 -1801 
v -1802 1803 1804 1805 1806 1807 1808 -1809 -1810 1811 1812 1813 1814 1815 1816 
v 1817 1818 1819 1820 1821 -1822 1823 -1824 -1825 -1826 -1827 1828 -1829 -1830 
v -1831 1832 -1833 -1834 -1835 -1836 -1837 -1838 -1839 1840 -1841 1842 -1843 
v -1844 -1845 -1846 -1847 1848 1849 -1850 -1851 1852 -1853 -1854 -1855 -1856 
v -1857 -1858 -1859 1860 -1861 -1862 -1863 1864 -1865 -1866 -1867 -1868 -1869 
v 1870 -1871 -1872 -1873 -1874 -1875 -1876 -1877 -1878 -1879 -1880 -1881 -1882 
v -1883 -1884 -1885 1886 -1887 -1888 -1889 -1890 -1891 -1892 -1893 -1894 -1895 
v -1896 -1897 -1898 -1899 -1900 -1901 1902 -1903 1904 1905 -1906 -1907 1908 
v -1909 1910 -1911 1912 -1913 1914 -1915 1916 1917 1918 -1919 -1920 -1921 1922 
v -1923 1924 1925 1926 -1927 -1928 -1929 1930 -1931 1932 -1933 1934 -1935 1936 
v -1937 1938 -1939 1940 1941 1942 1943 1944 -1945 1946 -1947 -1948 -1949 1950 
v -1951 -1952 -1953 1954 -1955 1956 -1957 1958 1959 -1960 -1961 1962 -1963 1964 
v -1965 1966 -1967 1968 1969 -1970 -1971 1972 -1973 1974 1975 1976 -1977 1978 
v 1979 1980 1981 -1982 -1983 1984 -1985 1986 1987 1988 1989 -1990 -1991 -1992 
v -1993 -1994 -1995 -1996 -1997 -1998 -1999 -2000 -2001 -2002 -2003 -2004 -2005 
v -2006 -2007 -2008 -2009 -2010 -2011 -2012 -2013 -2014 -2015 -2016 -2017 -2018 
v -2019 -2020 -2021 -2022 -2023 -2024 -2025 -2026 -2027 -2028 -2029 2030 -2031 
v 2032 -2033 2034 -2035 2036 -2037 -2038 -2039 -2040 -2041 2042 2043 -2044 
v -2045 -2046 -2047 2048 -2049 -2050 -2051 -2052 -2053 2054 -2055 -2056 -2057 
v -2058 -2059 2060 -2061 -2062 -2063 -2064 -2065 2066 2067 2068 2069 -2070 
v -2071 -2072 -2073 -2074 -2075 -2076 -2077 -2078 -2079 2080 2081 -2082 -2083 
v 2084 -2085 2086 2087 -2088 -2089 2090 -2091 2092 2093 2094 -2095 2096 2097 
v -2098 -2099 2100 -2101 -2102 -2103 -2104 -2105 -2106 -2107 2108 -2109 -2110 
v -2111 2112 2113 2114 2115 2116 -2117 -2118 -2119 2120 2121 -2122 -2123 2124 
v -2125 2126 -2127 -2128 -2129 -2130 -2131 2132 2133 -2134 -2135 2136 2137 2138 
v -2139 2140 2141 2142 -2143 -2144 -2145 -2146 -2147 2148 2149 2150 -2151 2152 
v 2153 2154 2155 2156 -2157 2158 -2159 2160 2161 2162 2163 2164 2165 2166 2167 
v 2168 2169 2170 -2171 -2172 -2173 2174 -2175 -2176 -2177 -2178 -2179 -2180 
v 2181 -2182 -2183 -2184 -2185 -2186 -2187 -2188 -2189 -2190 2191 -2192 -2193 
v -2194 -2195 -2196 2197 2198 2199 -2200 2201 2202 2203 -2204 -2205 -2206 -2207 
v -2208 2209 2210 2211 -2212 -2213 -2214 2215 -2216 -2217 -2218 2219 -2220 
v -2221 -2222 -2223 -2224 2225 2226 -2227 -2228 2229 -2230 2231 -2232 2233 
v -2234 2235 2236 -2237 -2238 2239 -2240 2241 -2242 -2243 -2244 -2245 -2246 
v 2247 2248 -2249 -2250 -2251 -2252 2253 2254 -2255 -2256 2257 -2258 2259 2260 
v -2261 -2262 2263 -2264 2265 2266 2267 -2268 -2269 -2270 2271 2272 2273 -2274 
v 2275 2276 2277 -2278 -2279 -2280 2281 -2282 2283 2284 2285 2286 -2287 -2288 
v 2289 2290 2291 2292 2293 2294 2295 -2296 2297 -2298 -2299 -2300 -2301 -2302 
v -2303 -2304 -2305 -2306 -2307 -2308 -2309 -2310 -2311 -2312 -2313 -2314 -2315 
v -2316 -2317 -2318 -2319 -2320 -2321 -2322 -2323 -2324 -2325 -2326 -2327 -2328 
v -2329 -2330 -2331 -2332 -2333 -2334 -2335 -2336 -2337 -2338 -2339 -2340 -2341 
v -2342 -2343 -2344 -2345 -2346 -2347 -2348 -2349 -2350 -2351 -2352 -2353 -2354 
v -2355 -2356 -2357 -2358 -2359 -2360 -2361 -2362 -2363 -2364 -2365 -2366 -2367 
v -2368 -2369 -2370 -2371 -2372 -2373 -2374 -2375 -2376 -2377 -2378 -2379 -2380 
v -2381 -2382 -2383 -2384 -2385 -2386 -2387 -2388 -2389 -2390 -2391 -2392 -2393 
v -2394 -2395 -2396 -2397 -2398 -2399 -2400 -2401 -2402 -2403 -2404 -2405 -2406 
v -2407 -2408 -2409 -2410 -2411 -2412 -2413 -2414 -2415 -2416 -2417 -2418 -2419 
v -2420 -2421 -2422 -2423 -2424 -2425 -2426 -2427 -2428 2429 -2430 -2431 -2432 
v -2433 -2434 2435 -2436 -2437 -2438 -2439 -2440 2441 -2442 -2443 -2444 2445 
v -2446 -2447 -2448 -2449 -2450 2451 -2452 -2453 -2454 -2455 -2456 2457 -2458 
v -2459 -2460 2461 2462 2463 -2464 -2465 -2466 -2467 -2468 2469 -2470 2471 
v -2472 2473 -2474 2475 -2476 -2477 -2478 -2479 -2480 2481 2482 -2483 -2484 
v 2485 -2486 -2487 -2488 -2489 -2490 2491 -2492 -2493 -2494 -2495 -2496 2497 
v -2498 -2499 -2500 2501 2502 2503 2504 -2505 -2506 -2507 -2508 2509 2510 2511 
v 2512 2513 2514 2515 -2516 2517 -2518 -2519 -2520 -2521 -2522 -2523 -2524 
v -2525 2526 -2527 -2528 -2529 2530 -2531 -2532 -2533 -2534 -2535 2536 -2537 
v -2538 -2539 2540 -2541 -2542 -2543 -2544 -2545 2546 2547 2548 -2549 2550 2551 
v -2552 -2553 -2554 -2555 2556 -2557 2558 -2559 2560 2561 -2562 -2563 -2564 
v -2565 -2566 -2567 -2568 -2569 -2570 -2571 -2572 -2573 -2574 -2575 -2576 -2577 
v -2578 -2579 -2580 -2581 -2582 -2583 -2584 -2585 -2586 -2587 -2588 -2589 -2590 
v -2591 -2592 -2593 -2594 -2595 -2596 -2597 -2598 -2599 -2600 -2601 2602 -2603 
v 2604 -2605 2606 -2607 -2608 -2609 -2610 -2611 2612 -2613 2614 -2615 2616 
v -2617 -2618 -2619 2620 -2621 -2622 -2623 -2624 -2625 2626 -2627 -2628 -2629 
v -2630 -2631 2632 -2633 -2634 -2635 -2636 -2637 2638 2639 2640 -2641 2642 
v -2643 -2644 -2645 -2646 -2647 -2648 -2649 -2650 -2651 2652 -2653 2654 -2655 
v 2656 2657 -2658 -2659 2660 -2661 -2662 -2663 -2664 -2665 -2666 -2667 -2668 
v -2669 -2670 -2671 2672 -2673 -2674 -2675 -2676 -2677 2678 -2679 -2680 -2681 
v -2682 -2683 2684 -2685 -2686 -2687 -2688 -2689 -2690 -2691 -2692 -2693 -2694 
v -2695 -2696 -2697 -2698 -2699 -2700 -2701 -2702 -2703 -2704 -2705 -2706 -2707 
v -2708 -2709 -2710 -2711 -2712 -2713 -2714 -2715 -2716 -2717 -2718 -2719 -2720 
v -2721 -2722 -2723 -2724 -2725 -2726 -2727 2728 -2729 -2730 -2731 -2732 -2733 
v -2734 -2735 -2736 -2737 -2738 -2739 -2740 -2741 -2742 -2743 -2744 -2745 2746 
v -2747 -2748 -2749 -2750 -2751 -2752 -2753 -2754 -2755 -2756 -2757 -2758 -2759 
v -2760 -2761 -2762 -2763 2764 -2765 -2766 -2767 -2768 -2769 -2770 -2771 -2772 
v -2773 -2774 -2775 -2776 -2777 2778 2779 -2780 -2781 2782 -2783 -2784 -2785 
v -2786 -2787 -2788 -2789 2790 -2791 2792 -2793 2794 -2795 -2796 -2797 2798 
v -2799 2800 -2801 -2802 -2803 -2804 -2805 2806 2807 -2808 -2809 2810 2811 2812 
v -2813 2814 2815 -2816 -2817 2818 2819 -2820 -2821 2822 -2823 2824 -2825 -2826 
v -2827 -2828 -2829 2830 2831 -2832 -2833 2834 -2835 -2836 -2837 -2838 -2839 
v 2840 -2841 -2842 -2843 -2844 -2845 2846 -2847 -2848 -2849 2850 2851 2852 2853 
v -2854 -2855 -2856 -2857 2858 2859 2860 2861 2862 2863 2864 -2865 2866 2867 
v 2868 -2869 -2870 -2871 -2872 -2873 -2874 -2875 -2876 2877 -2878 2879 -2880 
v -2881 -2882 -2883 -2884 -2885 -2886 -2887 -2888 2889 -2890 -2891 -2892 -2893 
v -2894 2895 2896 -2897 -2898 2899 -2900 -2901 -2902 -2903 -2904 -2905 -2906 
v 2907 -2908 -2909 -2910 2911 -2912 -2913 -2914 -2915 -2916 -2917 -2918 -2919 
v -2920 -2921 -2922 2923 -2924 -2925 -2926 2927 -2928 -2929 -2930 -2931 -2932 
v 2933 -2934 -2935 -2936 -2937 -2938 -2939 -2940 -2941 -2942 -2943 -2944 -2945 
v -2946 -2947 -2948 -2949 -2950 2951 2952 2953 -2954 2955 2956 -2957 -2958 
v -2959 -2960 2961 -2962 2963 -2964 2965 2966 -2967 -2968 2969 -2970 2971 -2972 
v 2973 -2974 -2975 -2976 -2977 -2978 2979 -2980 2981 -2982 2983 -2984 -2985 
v -2986 2987 2988 2989 -2990 2991 -2992 2993 2994 2995 -2996 -2997 -2998 -2999 
v -3000 -3001 -3002 -3003 -3004 -3005 -3006 -3007 -3008 -3009 -3010 -3011 -3012 
v -3013 -3014 -3015 -3016 -3017 -3018 -3019 -3020 -3021 -3022 -3023 -3024 -3025 
v -3026 -3027 -3028 -3029 -3030 -3031 -3032 -3033 -3034 -3035 -3036 -3037 -3038 
v -3039 -3040 -3041 -3042 -3043 -3044 -3045 -3046 -3047 -3048 -3049 -3050 -3051 
v -3052 -3053 -3054 -3055 -3056 -3057 -3058 -3059 -3060 -3061 -3062 -3063 -3064 
v -3065 -3066 -3067 -3068 -3069 -3070 -3071 -3072 -3073 -3074 -3075 -3076 -3077 
v -3078 -3079 -3080 -3081 -3082 -3083 -3084 -3085 -3086 -3087 -3088 -3089 -3090 
v -3091 -3092 -3093 -3094 -3095 -3096 -3097 -3098 -3099 -3100 -3101 -3102 -3103 
v -3104 -3105 -3106 -3107 -3108 -3109 -3110 -3111 -3112 -3113 -3114 -3115 -3116 
v -3117 -3118 -3119 -3120 -3121 -3122 -3123 -3124 -3125 -3126 3127 -3128 3129 
v -3130 3131 -3132 -3133 -3134 -3135 -3136 -3137 -3138 3139 -3140 -3141 -3142 
v 3143 -3144 -3145 -3146 -3147 -3148 -3149 -3150 -3151 -3152 -3153 -3154 -3155 
v -3156 -3157 -3158 3159 3160 -3161 -3162 -3163 -3164 -3165 -3166 3167 -3168 
v 3169 -3170 3171 -3172 3173 -3174 -3175 -3176 -3177 -3178 3179 3180 -3181 
v -3182 3183 -3184 -3185 -3186 -3187 -3188 3189 -3190 -3191 -3192 -3193 -3194 
v 3195 -3196 -3197 -3198 3199 3200 3201 3202 3203 -3204 -3205 -3206 3207 3208 
v 3209 3210 3211 -3212 3213 -3214 3215 -3216 3217 -3218 -3219 -3220 -3221 -3222 
v -3223 3224 -3225 -3226 -3227 3228 -3229 -3230 -3231 -3232 -3233 -3234 -3235 
v -3236 -3237 -3238 -3239 -3240 -3241 -3242 -3243 3244 -3245 -3246 -3247 -3248 
v -3249 -3250 -3251 3252 -3253 3254 -3255 -3256 3257 3258 -3259 -3260 -3261 
v -3262 -3263 3264 -3265 3266 -3267 -3268 -3269 -3270 -3271 -3272 -3273 -3274 
v -3275 -3276 -3277 -3278 -3279 -3280 -3281 3282 -3283 -3284 -3285 -3286 -3287 
v 3288 -3289 -3290 -3291 -3292 -3293 3294 -3295 -3296 -3297 -3298 -3299 3300 
v 3301 -3302 -3303 3304 -3305 3306 -3307 3308 -3309 3310 -3311 3312 3313 3314 
v -3315 -3316 -3317 3318 -3319 3320 -3321 3322 -3323 3324 -3325 -3326 -3327 
v -3328 -3329 3330 3331 3332 -3333 -3334 -3335 3336 3337 3338 3339 3340 3341 
v 3342 -3343 -3344 -3345 -3346 -3347 -3348 -3349 -3350 -3351 -3352 -3353 -3354 
v -3355 -3356 -3357 -3358 -3359 -3360 -3361 -3362 -3363 -3364 -3365 -3366 -3367 
v -3368 -3369 -3370 -3371 -3372 -3373 -3374 -3375 -3376 -3377 -3378 -3379 -3380 
v -3381 -3382 -3383 -3384 -3385 -3386 -3387 -3388 -3389 -3390 -3391 -3392 -3393 
v -3394 -3395 -3396 -3397 -3398 -3399 -3400 -3401 -3402 -3403 -3404 -3405 -3406 
v -3407 -3408 -3409 -3410 -3411 -3412 -3413 -3414 -3415 -3416 -3417 -3418 -3419 
v -3420 -3421 -3422 -3423 -3424 -3425 -3426 -3427 -3428 -3429 -3430 -3431 -3432 
v -3433 -3434 -3435 -3436 -3437 -3438 -3439 -3440 -3441 -3442 -3443 -3444 -3445 
v -3446 -3447 -3448 -3449 -3450 -3451 -3452 -3453 -3454 -3455 -3456 -3457 -3458 
v -3459 -3460 -3461 -3462 -3463 -3464 -3465 -3466 -3467 -3468 -3469 -3470 -3471 
v -3472 -3473 -3474 -3475 3476 -3477 -3478 -3479 -3480 -3481 3482 -3483 -3484 
v -3485 -3486 -3487 3488 -3489 -3490 -3491 3492 -3493 -3494 -3495 -3496 -3497 
v 3498 -3499 -3500 -3501 -3502 -3503 3504 -3505 -3506 -3507 3508 3509 3510 
v -3511 -3512 -3513 -3514 -3515 3516 -3517 -3518 -3519 -3520 -3521 3522 -3523 
v -3524 -3525 -3526 -3527 3528 -3529 -3530 -3531 3532 -3533 -3534 -3535 -3536 
v -3537 3538 -3539 -3540 -3541 -3542 -3543 3544 -3545 -3546 -3547 3548 3549 
v 3550 -3551 -3552 -3553 -3554 -3555 3556 3557 3558 3559 3560 3561 3562 -3563 
v -3564 -3565 -3566 -3567 -3568 -3569 -3570 -3571 -3572 3573 -3574 -3575 -3576 
v 3577 -3578 -3579 -3580 -3581 -3582 -3583 -3584 -3585 -3586 3587 -3588 -3589 
v -3590 -3591 -3592 3593 3594 -3595 -3596 3597 -3598 -3599 -3600 -3601 -3602 
v -3603 -3604 3605 -3606 -3607 -3608 3609 -3610 -3611 -3612 -3613 -3614 3615 
v -3616 -3617 -3618 -3619 -3620 -3621 -3622 -3623 -3624 -3625 -3626 -3627 -3628 
v -3629 -3630 3631 -3632 -3633 -3634 -3635 -3636 -3637 -3638 -3639 -3640 3641 
v -3642 -3643 -3644 3645 -3646 3647 -3648 3649 3650 -3651 -3652 3653 -3654 
v -3655 -3656 -3657 -3658 3659 -3660 3661 -3662 3663 -3664 -3665 -3666 3667 
v -3668 3669 3670 3671 -3672 3673 -3674 -3675 -3676 -3677 -3678 3679 3680 -3681 
v -3682 3683 -3684 3685 3686 3687 -3688 3689 3690 -3691 -3692 -3693 -3694 3695 
v -3696 -3697 -3698 3699 -3700 -3701 -3702 3703 -3704 -3705 -3706 -3707 -3708 
v -3709 -3710 -3711 -3712 -3713 -3714 -3715 -3716 -3717 -3718 3719 -3720 -3721 
v -3722 -3723 -3724 -3725 -3726 -3727 -3728 -3729 -3730 -3731 -3732 -3733 -3734 
v -3735 -3736 -3737 -3738 -3739 -3740 -3741 -3742 -3743 -3744 -3745 -3746 -3747 
v -3748 -3749 -3750 -3751 -3752 -3753 -3754 -3755 -3756 -3757 -3758 -3759 -3760 
v -3761 -3762 -3763 -3764 -3765 -3766 -3767 -3768 -3769 -3770 -3771 -3772 -3773 
v -3774 3775 -3776 -3777 -3778 -3779 -3780 -3781 -3782 -3783 -3784 -3785 -3786 
v -3787 -3788 -3789 -3790 -3791 -3792 -3793 -3794 -3795 -3796 -3797 -3798 -3799 
v -3800 -3801 -3802 -3803 -3804 -3805 -3806 -3807 -3808 -3809 -3810 -3811 -3812 
v -3813 -3814 -3815 -3816 -3817 -3818 -3819 -3820 -3821 -3822 -3823 -3824 3825 
v 3826 -3827 -3828 3829 -3830 -3831 -3832 -3833 -3834 -3835 -3836 3837 -3838 
v -3839 -3840 3841 -3842 -3843 -3844 -3845 -3846 3847 -3848 -3849 -3850 -3851 
v -3852 3853 -3854 -3855 -3856 3857 3858 3859 -3860 -3861 -3862 -3863 -3864 
v 3865 -3866 -3867 -3868 -3869 -3870 3871 -3872 -3873 -3874 -3875 -3876 3877 
v -3878 -3879 -3880 3881 -3882 3883 -3884 3885 -3886 -3887 -3888 -3889 -3890 
v -3891 -3892 3893 -3894 -3895 -3896 3897 3898 3899 -3900 -3901 -3902 -3903 
v -3904 3905 3906 3907 3908 3909 3910 3911 -3912 -3913 -3914 -3915 -3916 -3917 
v -3918 -3919 -3920 3921 -3922 -3923 -3924 3925 -3926 -3927 -3928 -3929 -3930 
v 3931 -3932 3933 -3934 3935 3936 -3937 -3938 3939 -3940 3941 3942 3943 -3944 
v 3945 3946 3947 -3948 -3949 -3950 -3951 -3952 3953 3954 3955 -3956 -3957 -3958 
v 3959 -3960 3961 -3962 3963 3964 -3965 -3966 3967 -3968 3969 -3970 -3971 -3972 
v 3973 -3974 -3975 -3976 -3977 -3978 3979 3980 -3981 -3982 3983 -3984 3985 
v -3986 -3987 -3988 -3989 -3990 3991 3992 -3993 -3994 -3995 -3996 3997 3998 
v -3999 -4000 4001 -4002 4003 4004 -4005 -4006 4007 -4008 4009 4010 4011 -4012 
v -4013 -4014 4015 4016 -4017 -4018 4019 -4020 4021 -4022 -4023 -4024 -4025 
v -4026 4027 4028 -4029 -4030 -4031 -4032 4033 4034 4035 4036 4037 4038 -4039 
v -4040 -4041 -4042 -4043 -4044 -4045 -4046 -4047 -4048 -4049 -4050 -4051 4052 
v -4053 -4054 -4055 -4056 -4057 -4058 -4059 -4060 -4061 4062 -4063 -4064 -4065 
v -4066 -4067 4068 4069 4070 -4071 4072 4073 -4074 -4075 -4076 -4077 -4078 
v -4079 4080 -4081 4082 -4083 -4084 -4085 4086 -4087 -4088 -4089 4090 -4091 
v -4092 -4093 -4094 -4095 -4096 -4097 -4098 -4099 4100 4101 -4102 -4103 4104 
v -4105 4106 4107 4108 -4109 4110 4111 4112 -4113 -4114 -4115 -4116 -4117 4118 
v 4119 4120 -4121 4122 -4123 4124 4125 -4126 -4127 4128 -4129 4130 -4131 4132 
v -4133 4134 -4135 4136 4137 4138 -4139 -4140 -4141 4142 4143 4144 -4145 4146 
v 4147 4148 4149 -4150 -4151 4152 -4153 4154 4155 4156 4157 -4158 -4159 4160 
v 4161 4162 4163 4164 4165 4166 -4167 4168 -4169 -4170 -4171 -4172 -4173 -4174 
v -4175 -4176 -4177 -4178 -4179 -4180 -4181 -4182 -4183 4184 -4185 4186 -4187 
v 4188 4189 -4190 -4191 4192 -4193 4194 -4195 -4196 -4197 -4198 -4199 4200 
v -4201 -4202 -4203 -4204 -4205 4206 -4207 -4208 -4209 -4210 -4211 -4212 -4213 
v -4214 -4215 -4216 -4217 -4218 -4219 -4220 -4221 -4222 -4223 -4224 -4225 -4226 
v -4227 -4228 -4229 -4230 -4231 -4232 -4233 -4234 -4235 -4236 -4237 -4238 -4239 
v -4240 -4241 -4242 -4243 -4244 -4245 -4246 -4247 -4248 -4249 4250 4251 4252 
v -4253 4254 4255 -4256 -4257 -4258 -4259 -4260 -4261 4262 -4263 4264 -4265 
v -4266 -4267 4268 -4269 -4270 -4271 -4272 -4273 -4274 -4275 -4276 -4277 -4278 
v -4279 -4280 -4281 -4282 -4283 -4284 -4285 4286 4287 -4288 -4289 4290 -4291 
v -4292 -4293 -4294 -4295 -4296 -4297 -4298 -4299 4300 4301 -4302 -4303 4304 
v -4305 4306 -4307 -4308 -4309 -4310 -4311 4312 4313 -4314 -4315 4316 4317 
v -4318 -4319 4320 -4321 4322 -4323 -4324 -4325 -4326 -4327 4328 4329 -4330 
v -4331 4332 4333 4334 4335 4336 -4337 -4338 -4339 4340 4341 4342 -4343 4344 
v 4345 4346 4347 -4348 -4349 4350 -4351 4352 4353 4354 4355 4356 -4357 -4358 
v -4359 -4360 -4361 4362 -4363 -4364 -4365 -4366 -4367 4368 -4369 -4370 -4371 
v 4372 4373 4374 4375 4376 -4377 4378 -4379 4380 4381 4382 4383 4384 4385 4386 
v 4387 4388 4389 4390 -4391 -4392 -4393 4394 -4395 -4396 -4397 -4398 -4399 
v -4400 4401 -4402 -4403 -4404 -4405 -4406 -4407 -4408 -4409 -4410 -4411 -4412 
v -4413 -4414 -4415 -4416 4417 -4418 -4419 -4420 -4421 -4422 -4423 -4424 -4425 
v -4426 -4427 -4428 -4429 -4430 -4431 -4432 -4433 -4434 -4435 -4436 -4437 -4438 
v -4439 -4440 -4441 -4442 -4443 -4444 4445 -4446 4447 -4448 4449 4450 -4451 
v -4452 4453 -4454 4455 -4456 -4457 -4458 -4459 -4460 4461 -4462 -4463 -4464 
v -4465 -4466 4467 -4468 -4469 -4470 -4471 -4472 4473 4474 4475 -4476 4477 4478 
v 4479 -4480 -4481 -4482 -4483 -4484 4485 4486 4487 -4488 -4489 -4490 4491 
v -4492 -4493 -4494 -4495 -4496 4497 -4498 -4499 -4500 4501 -4502 4503 -4504 
v 4505 -4506 -4507 -4508 4509 4510 4511 4512 4513 -4514 4515 -4516 -4517 -4518 
v -4519 -4520 -4521 -4522 4523 -4524 -4525 -4526 4527 -4528 -4529 -4530 -4531 
v -4532 -4533 -4534 -4535 -4536 4537 -4538 -4539 -4540 -4541 -4542 4543 4544 
v -4545 -4546 4547 -4548 -4549 -4550 -4551 -4552 -4553 -4554 4555 -4556 -4557 
v -4558 -4559 -4560 -4561 -4562 -4563 -4564 -4565 -4566 -4567 -4568 -4569 -4570 
v -4571 -4572 -4573 -4574 -4575 -4576 -4577 -4578 -4579 -4580 -4581 -4582 -4583 
v -4584 -4585 -4586 -4587 -4588 -4589 -4590 -4591 -4592 -4593 -4594 -4595 -4596 
v -4597 -4598 4599 -4600 -4601 -4602 -4603 -4604 -4605 -4606 -4607 -4608 -4609 
v -4610 4611 -4612 -4613 -4614 -4615 -4616 4617 -4618 -4619 -4620 -4621 -4622 
v -4623 -4624 -4625 -4626 -4627 -4628 -4629 -4630 -4631 -4632 -4633 -4634 4635 
v 4636 -4637 -4638 -4639 -4640 -4641 -4642 -4643 -4644 -4645 -4646 -4647 -4648 
v 4649 4650 -4651 -4652 4653 -4654 4655 -4656 -4657 -4658 -4659 -4660 4661 4662 
v 4663 -4664 4665 4666 -4667 -4668 4669 -4670 -4671 -4672 -4673 -4674 -4675 
v -4676 4677 -4678 -4679 -4680 4681 4682 4683 4684 4685 -4686 -4687 -4688 4689 
v 4690 -4691 -4692 4693 -4694 4695 -4696 -4697 -4698 -4699 -4700 4701 4702 
v -4703 -4704 4705 -4706 -4707 -4708 -4709 -4710 4711 -4712 -4713 -4714 -4715 
v -4716 4717 -4718 -4719 -4720 4721 4722 4723 4724 4725 -4726 -4727 -4728 4729 
v 4730 4731 4732 4733 4734 4735 4736 4737 4738 4739 -4740 -4741 -4742 -4743 
v -4744 -4745 -4746 -4747 -4748 -4749 4750 -4751 -4752 -4753 -4754 -4755 -4756 
v -4757 -4758 -4759 4760 -4761 -4762 -4763 4764 -4765 4766 4767 -4768 -4769 
v 4770 -4771 4772 -4773 -4774 -4775 4776 -4777 4778 4779 4780 -4781 -4782 -4783 
v -4784 -4785 -4786 -4787 -4788 -4789 -4790 -4791 -4792 -4793 -4794 -4795 -4796 
v -4797 -4798 -4799 -4800 -4801 -4802 -4803 -4804 -4805 -4806 -4807 -4808 -4809 
v -4810 -4811 -4812 -4813 -4814 -4815 -4816 -4817 -4818 -4819 -4820 -4821 4822 
v -4823 4824 -4825 4826 -4827 4828 -4829 4830 -4831 4832 -4833 4834 4835 4836 
v -4837 -4838 -4839 4840 -4841 -4842 -4843 -4844 -4845 4846 -4847 -4848 -4849 
v -4850 -4851 4852 -4853 -4854 -4855 -4856 -4857 4858 4859 4860 4861 4862 -4863 
v -4864 -4865 -4866 -4867 -4868 -4869 -4870 -4871 -4872 -4873 -4874 -4875 -4876 
v -4877 -4878 -4879 -4880 -4881 4882 -4883 -4884 -4885 4886 -4887 -4888 -4889 
v -4890 -4891 4892 -4893 -4894 -4895 -4896 -4897 -4898 -4899 -4900 -4901 -4902 
v -4903 4904 -4905 -4906 -4907 -4908 -4909 -4910 -4911 -4912 -4913 -4914 -4915 
v -4916 -4917 -4918 -4919 -4920 -4921 -4922 -4923 -4924 -4925 -4926 -4927 -4928 
v -4929 -4930 -4931 -4932 -4933 -4934 -4935 -4936 -4937 -4938 -4939 -4940 -4941 
v -4942 -4943 -4944 -4945 -4946 -4947 4948 -4949 -4950 -4951 -4952 -4953 4954 
v -4955 -4956 -4957 -4958 -4959 4960 -4961 -4962 -4963 -4964 -4965 4966 -4967 
v -4968 -4969 -4970 -4971 -4972 -4973 -4974 -4975 -4976 -4977 -4978 -4979 -4980 
v -4981 -4982 -4983 4984 4985 -4986 -4987 -4988 -4989 -4990 -4991 -4992 -4993 
v -4994 -4995 -4996 -4997 4998 4999 -5000 -5001 5002 -5003 5004 -5005 -5006 
v -5007 -5008 -5009 5010 5011 5012 -5013 5014 5015 -5016 -5017 5018 -5019 -5020 
v -5021 -5022 -5023 -5024 -5025 5026 -5027 -5028 -5029 5030 5031 5032 5033 5034 
v -5035 -5036 -5037 5038 5039 -5040 -5041 5042 -5043 5044 -5045 -5046 -5047 
v -5048 -5049 5050 5051 -5052 -5053 5054 -5055 -5056 -5057 5058 -5059 -5060 
v -5061 -5062 -5063 -5064 -5065 5066 -5067 -5068 -5069 5070 5071 5072 5073 
v -5074 -5075 -5076 -5077 5078 5079 5080 5081 5082 5083 5084 5085 5086 5087 
v -5088 -5089 -5090 -5091 -5092 -5093 -5094 5095 -5096 -5097 -5098 5099 -5100 
v -5101 -5102 -5103 -5104 5105 -5106 -5107 -5108 5109 -5110 -5111 -5112 5113 
v -5114 5115 5116 -5117 -5118 5119 -5120 5121 -5122 -5123 -5124 5125 -5126 5127 
v 5128 5129 -5130 -5131 -5132 -5133 -5134 -5135 -5136 -5137 -5138 -5139 -5140 
v -5141 -5142 5143 -5144 5145 -5146 5147 5148 -5149 -5150 5151 -5152 5153 -5154 
v -5155 -5156 -5157 -5158 5159 -5160 -5161 -5162 -5163 -5164 5165 -5166 -5167 
v -5168 -5169 -5170 5171 5172 5173 -5174 5175 5176 5177 -5178 -5179 -5180 5181 
v -5182 5183 5184 5185 5186 -5187 -5188 5189 5190 -5191 -5192 5193 -5194 5195 
v -5196 -5197 -5198 -5199 -5200 5201 5202 -5203 -5204 -5205 -5206 5207 5208 
v 5209 5210 5211 5212 5213 -5214 -5215 -5216 -5217 -5218 -5219 -5220 -5221 
v -5222 -5223 -5224 -5225 -5226 -5227 -5228 -5229 -5230 -5231 -5232 -5233 -5234 
v -5235 -5236 -5237 -5238 -5239 -5240 -5241 -5242 -5243 -5244 -5245 -5246 -5247 
v -5248 -5249 -5250 -5251 -5252 -5253 -5254 -5255 -5256 -5257 -5258 -5259 -5260 
v -5261 -5262 -5263 -5264 -5265 -5266 -5267 -5268 -5269 -5270 -5271 -5272 -5273 
v -5274 -5275 -5276 -5277 -5278 -5279 -5280 -5281 -5282 -5283 -5284 -5285 -5286 
v -5287 -5288 -5289 -5290 -5291 -5292 -5293 -5294 -5295 -5296 -5297 -5298 -5299 
v -5300 -5301 -5302 -5303 -5304 -5305 -5306 -5307 -5308 -5309 -5310 -5311 -5312 
v -5313 -5314 -5315 -5316 -5317 -5318 -5319 -5320 -5321 -5322 -5323 -5324 -5325 
v -5326 -5327 -5328 -5329 -5330 -5331 -5332 -5333 -5334 -5335 -5336 -5337 -5338 
v -5339 -5340 -5341 -5342 -5343 -5344 -5345 -5346 5347 -5348 -5349 -5350 -5351 
v -5352 5353 -5354 -5355 -5356 -5357 -5358 5359 -5360 -5361 -5362 5363 -5364 
v -5365 -5366 5367 -5368 5369 -5370 -5371 -5372 -5373 -5374 5375 5376 -5377 
v -5378 5379 5380 5381 -5382 5383 -5384 -5385 -5386 5387 -5388 -5389 -5390 
v -5391 -5392 5393 -5394 -5395 -5396 -5397 -5398 5399 -5400 -5401 -5402 5403 
v -5404 -5405 -5406 -5407 -5408 5409 -5410 -5411 -5412 -5413 -5414 5415 -5416 
v -5417 -5418 5419 5420 5421 -5422 5423 -5424 -5425 -5426 5427 5428 5429 5430 
v 5431 5432 5433 -5434 5435 -5436 5437 -5438 -5439 -5440 -5441 -5442 -5443 
v -5444 -5445 -5446 -5447 -5448 -5449 -5450 -5451 -5452 -5453 -5454 -5455 -5456 
v -5457 -5458 5459 -5460 -5461 5462 -5463 -5464 5465 -5466 -5467 5468 -5469 
v 5470 -5471 -5472 -5473 5474 -5475 5476 5477 5478 -5479 -5480 -5481 -5482 
v -5483 5484 -5485 5486 -5487 -5488 -5489 -5490 -5491 -5492 -5493 -5494 -5495 
v -5496 -5497 -5498 -5499 -5500 -5501 5502 5503 5504 -5505 5506 5507 -5508 
v -5509 -5510 -5511 5512 -5513 5514 -5515 5516 5517 -5518 -5519 5520 -5521 5522 
v -5523 5524 -5525 5526 -5527 5528 -5529 5530 -5531 5532 5533 5534 -5535 -5536 
v -5537 5538 5539 -5540 -5541 5542 -5543 5544 5545 -5546 -5547 5548 -5549 5550 
v 5551 5552 -5553 -5554 -5555 5556 5557 5558 5559 5560 5561 5562 -5563 -5564 
v -5565 -5566 -5567 -5568 -5569 -5570 -5571 -5572 -5573 -5574 -5575 -5576 5577 
v -5578 5579 -5580 -5581 -5582 -5583 -5584 -5585 -5586 -5587 -5588 -5589 -5590 
v -5591 -5592 -5593 -5594 -5595 -5596 5597 -5598 -5599 -5600 5601 -5602 5603 
v -5604 5605 -5606 -5607 -5608 5609 -5610 -5611 -5612 5613 -5614 -5615 -5616 
v -5617 -5618 -5619 -5620 -5621 -5622 -5623 -5624 -5625 -5626 -5627 -5628 5629 
v -5630 -5631 -5632 -5633 5634 5635 -5636 -5637 -5638 -5639 -5640 5641 -5642 
v 5643 -5644 -5645 -5646 5647 -5648 -5649 -5650 -5651 -5652 -5653 -5654 5655 
v -5656 5657 -5658 -5659 -5660 5661 -5662 -5663 -5664 5665 5666 -5667 -5668 
v 5669 -5670 5671 5672 -5673 -5674 5675 -5676 5677 5678 5679 -5680 -5681 -5682 
v 5683 -5684 5685 -5686 5687 5688 5689 -5690 -5691 -5692 -5693 -5694 -5695 
v -5696 5697 5698 -5699 -5700 5701 -5702 5703 -5704 5705 -5706 -5707 -5708 
v -5709 -5710 -5711 -5712 -5713 -5714 -5715 -5716 5717 -5718 -5719 -5720 -5721 
v -5722 5723 -5724 -5725 -5726 -5727 -5728 5729 -5730 -5731 -5732 -5733 -5734 
v -5735 -5736 -5737 -5738 -5739 -5740 -5741 -5742 -5743 -5744 -5745 -5746 -5747 
v -5748 -5749 -5750 -5751 -5752 -5753 -5754 -5755 -5756 -5757 -5758 -5759 -5760 
v -5761 -5762 -5763 -5764 -5765 -5766 -5767 -5768 -5769 -5770 -5771 -5772 5773 
v -5774 -5775 -5776 -5777 -5778 -5779 -5780 -5781 -5782 -5783 -5784 5785 -5786 
v -5787 -5788 -5789 -5790 5791 -5792 -5793 -5794 -5795 -5796 -5797 -5798 -5799 
v -5800 -5801 -5802 -5803 -5804 -5805 -5806 -5807 -5808 5809 5810 -5811 -5812 
v -5813 -5814 -5815 -5816 -5817 -5818 -5819 -5820 -5821 -5822 5823 5824 -5825 
v -5826 5827 -5828 -5829 -5830 -5831 -5832 -5833 -5834 5835 -5836 5837 -5838 
v 5839 -5840 -5841 -5842 -5843 -5844 5845 -5846 -5847 -5848 -5849 -5850 5851 
v -5852 -5853 -5854 5855 5856 5857 -5858 5859 -5860 -5861 -5862 5863 5864 -5865 
v -5866 5867 -5868 5869 -5870 -5871 -5872 -5873 -5874 5875 5876 -5877 -5878 
v 5879 -5880 -5881 -5882 5883 -5884 5885 -5886 -5887 -5888 -5889 -5890 5891 
v 5892 -5893 -5894 5895 5896 5897 5898 5899 -5900 -5901 -5902 5903 5904 5905 
v 5906 5907 5908 5909 -5910 5911 5912 5913 -5914 -5915 -5916 -5917 -5918 -5919 
v 5920 -5921 -5922 -5923 5924 -5925 -5926 -5927 -5928 -5929 -5930 -5931 -5932 
v -5933 5934 -5935 -5936 -5937 5938 -5939 5940 5941 5942 -5943 5944 5945 5946 
v -5947 -5948 -5949 5950 -5951 5952 5953 5954 5955 -5956 -5957 5958 -5959 5960 
v -5961 5962 5963 -5964 -5965 5966 -5967 5968 -5969 -5970 -5971 5972 -5973 
v -5974 -5975 -5976 -5977 5978 5979 5980 -5981 5982 5983 5984 -5985 -5986 -5987 
v 5988 -5989 5990 5991 5992 5993 -5994 -5995 5996 5997 5998 5999 6000 6001 6002 
v 6003 -6004 -6005 6006 -6007 6008 6009 6010 6011 6012 -6013 6014 6015 -6016 
v -6017 6018 -6019 6020 6021 -6022 -6023 6024 -6025 6026 6027 6028 -6029 -6030 
v -6031 6032 6033 6034 6035 6036 6037 6038 6039 6040 -6041 -6042 -6043 -6044 
v -6045 -6046 -6047 -6048 -6049 -6050 6051 -6052 -6053 -6054 -6055 -6056 -6057 
v -6058 6059 -6060 6061 -6062 -6063 -6064 -6065 -6066 6067 6068 -6069 -6070 
v 6071 -6072 -6073 -6074 -6075 -6076 -6077 -6078 6079 -6080 -6081 -6082 6083 
v -6084 6085 -6086 -6087 -6088 6089 -6090 -6091 -6092 -6093 -6094 6095 -6096 
v -6097 -6098 6099 -6100 -6101 -6102 -6103 -6104 6105 6106 -6107 -6108 6109 
v -6110 -6111 -6112 -6113 -6114 6115 -6116 6117 -6118 6119 -6120 6121 -6122 
v 6123 6124 -6125 -6126 6127 -6128 -6129 -6130 -6131 -6132 -6133 -6134 6135 
v -6136 -6137 -6138 -6139 -6140 6141 6142 6143 6144 6145 6146 6147 -6148 -6149 
v -6150 6151 -6152 6153 6154 6155 6156 6157 -6158 6159 6160 6161 -6162 6163 
v -6164 6165 -6166 6167 -6168 6169 -6170 -6171 -6172 -6173 -6174 -6175 -6176 
v -6177 -6178 -6179 -6180 -6181 -6182 -6183 -6184 6185 6186 6187 -6188 6189 
v -6190 6191 -6192 6193 -6194 -6195 -6196 6197 -6198 6199 -6200 -6201 -6202 
v 6203 -6204 6205 6206 6207 -6208 -6209 -6210 -6211 -6212 -6213 -6214 -6215 
v -6216 -6217 -6218 -6219 -6220 -6221 -6222 -6223 -6224 -6225 -6226 -6227 -6228 
v -6229 -6230 -6231 -6232 -6233 -6234 -6235 -6236 -6237 -6238 -6239 -6240 -6241 
v -6242 -6243 -6244 -6245 -6246 -6247 -6248 6249 -6250 -6251 -6252 -6253 -6254 
v 6255 -6256 -6257 -6258 -6259 -6260 6261 -6262 -6263 -6264 -6265 -6266 6267 
v -6268 -6269 -6270 -6271 -6272 6273 -6274 -6275 -6276 6277 -6278 6279 -6280 
v 6281 -6282 -6283 -6284 6285 6286 6287 -6288 -6289 -6290 6291 -6292 -6293 
v -6294 -6295 -6296 -6297 -6298 6299 6300 -6301 -6302 6303 -6304 -6305 -6306 
v -6307 -6308 -6309 -6310 6311 -6312 -6313 -6314 6315 6316 -6317 -6318 6319 
v -6320 6321 -6322 -6323 -6324 -6325 -6326 6327 6328 -6329 -6330 6331 6332 6333 
v -6334 6335 -6336 -6337 -6338 6339 6340 6341 -6342 6343 6344 6345 -6346 -6347 
v -6348 -6349 -6350 6351 6352 6353 -6354 6355 6356 6357 -6358 6359 6360 6361 
v 6362 -6363 -6364 6365 -6366 6367 6368 6369 6370 6371 6372 6373 6374 6375 6376 
v 6377 -6378 6379 6380 6381 6382 6383 6384 6385 -6386 6387 6388 6389 -6390 6391 
v -6392 6393 -6394 -6395 -6396 -6397 -6398 -6399 -6400 -6401 -6402 -6403 -6404 
v -6405 -6406 -6407 -6408 -6409 6410 -6411 -6412 -6413 -6414 -6415 6416 -6417 
v -6418 -6419 -6420 -6421 -6422 -6423 -6424 -6425 -6426 -6427 -6428 -6429 -6430 
v -6431 6432 -6433 -6434 -6435 -6436 -6437 -6438 -6439 -6440 -6441 -6442 -6443 
v -6444 -6445 -6446 -6447 -6448 -6449 -6450 -6451 6452 -6453 -6454 -6455 -6456 
v -6457 -6458 -6459 6460 -6461 -6462 -6463 -6464 -6465 6466 -6467 -6468 -6469 
v 6470 -6471 6472 -6473 -6474 -6475 -6476 -6477 -6478 -6479 -6480 -6481 -6482 
v -6483 -6484 -6485 -6486 -6487 -6488 -6489 6490 -6491 6492 6493 6494 -6495 
v -6496 -6497 -6498 -6499 -6500 -6501 6502 -6503 -6504 -6505 6506 -6507 6508 
v -6509 6510 -6511 -6512 -6513 -6514 -6515 -6516 -6517 6518 -6519 -6520 -6521 
v -6522 -6523 -6524 -6525 -6526 -6527 -6528 -6529 -6530 -6531 -6532 -6533 -6534 
v -6535 -6536 -6537 -6538 -6539 -6540 -6541 -6542 -6543 -6544 -6545 -6546 -6547 
v -6548 -6549 -6550 -6551 -6552 -6553 -6554 -6555 -6556 -6557 -6558 -6559 -6560 
v -6561 -6562 -6563 -6564 -6565 -6566 -6567 -6568 -6569 -6570 -6571 -6572 -6573 
v -6574 -6575 -6576 -6577 -6578 -6579 -6580 -6581 -6582 -6583 -6584 -6585 -6586 
v -6587 -6588 -6589 -6590 -6591 -6592 -6593 -6594 -6595 -6596 -6597 -6598 -6599 
v -6600 -6601 -6602 -6603 -6604 -6605 -6606 -6607 -6608 -6609 -6610 -6611 -6612 
v -6613 -6614 -6615 -6616 -6617 -6618 -6619 -6620 -6621 -6622 -6623 -6624 -6625 
v -6626 -6627 -6628 -6629 -6630 -6631 -6632 -6633 -6634 -6635 -6636 -6637 -6638 
v -6639 -6640 -6641 -6642 -6643 -6644 -6645 -6646 -6647 6648 -6649 -6650 -6651 
v -6652 -6653 -6654 -6655 -6656 -6657 -6658 -6659 -6660 -6661 6662 -6663 -6664 
v -6665 -6666 -6667 -6668 -6669 -6670 -6671 -6672 -6673 -6674 -6675 -6676 -6677 
v -6678 -6679 -6680 -6681 -6682 -6683 6684 -6685 -6686 -6687 6688 -6689 -6690 
v -6691 -6692 -6693 -6694 -6695 -6696 -6697 -6698 -6699 -6700 -6701 -6702 -6703 
v 6704 -6705 6706 -6707 6708 -6709 -6710 -6711 -6712 -6713 -6714 -6715 6716 
v -6717 -6718 -6719 6720 -6721 6722 -6723 -6724 -6725 -6726 -6727 6728 -6729 
v 6730 -6731 -6732 -6733 6734 -6735 6736 -6737 -6738 -6739 -6740 -6741 -6742 
v -6743 -6744 -6745 -6746 -6747 -6748 -6749 -6750 -6751 -6752 -6753 -6754 -6755 
v -6756 6757 -6758 6759 -6760 -6761 -6762 -6763 -6764 6765 -6766 -6767 -6768 
v -6769 -6770 6771 -6772 -6773 -6774 -6775 -6776 6777 -6778 -6779 -6780 -6781 
v -6782 6783 -6784 -6785 -6786 6787 -6788 -6789 -6790 -6791 -6792 6793 -6794 
v 6795 -6796 6797 6798 -6799 -6800 6801 -6802 6803 6804 -6805 -6806 6807 -6808 
v 6809 -6810 6811 -6812 6813 -6814 6815 6816 6817 6818 -6819 -6820 6821 6822 
v 6823 -6824 6825 6826 6827 -6828 -6829 -6830 -6831 -6832 6833 6834 6835 -6836 
v -6837 -6838 6839 6840 -6841 -6842 6843 -6844 6845 -6846 -6847 -6848 6849 
v -6850 6851 6852 6853 -6854 -6855 -6856 6857 6858 6859 6860 6861 6862 6863 
v -6864 -6865 -6866 -6867 -6868 -6869 -6870 -6871 -6872 6873 -6874 6875 -6876 
v -6877 -6878 -6879 -6880 6881 -6882 -6883 -6884 6885 -6886 -6887 -6888 -6889 
v -6890 6891 6892 -6893 -6894 6895 -6896 -6897 -6898 -6899 -6900 -6901 -6902 
v 6903 -6904 -6905 -6906 -6907 -6908 -6909 -6910 -6911 -6912 -6913 -6914 -6915 
v -6916 -6917 -6918 -6919 -6920 -6921 -6922 -6923 -6924 -6925 -6926 -6927 -6928 
v -6929 -6930 -6931 -6932 -6933 -6934 -6935 -6936 -6937 -6938 -6939 -6940 -6941 
v -6942 -6943 -6944 -6945 -6946 6947 -6948 -6949 -6950 -6951 -6952 -6953 -6954 
v -6955 -6956 -6957 -6958 -6959 -6960 -6961 -6962 -6963 -6964 6965 -6966 -6967 
v -6968 -6969 -6970 -6971 -6972 -6973 -6974 -6975 -6976 -6977 -6978 -6979 -6980 
v -6981 -6982 6983 -6984 -6985 -6986 -6987 -6988 -6989 -6990 -6991 -6992 -6993 
v -6994 -6995 -6996 6997 6998 -6999 -7000 7001 -7002 7003 -7004 -7005 -7006 
v -7007 -7008 7009 7010 -7011 -7012 7013 -7014 -7015 -7016 -7017 -7018 7019 
v -7020 -7021 -7022 -7023 -7024 7025 -7026 -7027 -7028 7029 7030 7031 7032 
v -7033 -7034 -7035 -7036 7037 7038 -7039 -7040 7041 -7042 7043 -7044 -7045 
v -7046 -7047 -7048 7049 7050 -7051 -7052 7053 -7054 -7055 -7056 -7057 -7058 
v 7059 -7060 -7061 -7062 -7063 -7064 7065 -7066 -7067 -7068 7069 7070 7071 7072 
v -7073 -7074 -7075 -7076 7077 7078 7079 7080 7081 7082 7083 7084 7085 -7086 
v -7087 -7088 -7089 -7090 -7091 -7092 -7093 7094 -7095 -7096 -7097 7098 -7099 
v -7100 -7101 -7102 -7103 -7104 -7105 -7106 -7107 -7108 -7109 -7110 -7111 -7112 
v -7113 7114 -7115 -7116 -7117 -7118 -7119 7120 -7121 -7122 -7123 -7124 -7125 
v 7126 -7127 -7128 -7129 -7130 -7131 -7132 -7133 7134 -7135 7136 -7137 -7138 
v -7139 -7140 -7141 7142 -7143 -7144 -7145 7146 -7147 -7148 -7149 -7150 -7151 
v 7152 7153 -7154 -7155 7156 -7157 -7158 -7159 -7160 -7161 -7162 -7163 7164 
v -7165 -7166 -7167 7168 -7169 7170 7171 -7172 -7173 7174 -7175 -7176 -7177 
v -7178 -7179 7180 -7181 7182 -7183 7184 -7185 -7186 -7187 7188 7189 7190 -7191 
v 7192 7193 -7194 -7195 -7196 -7197 -7198 -7199 7200 -7201 7202 -7203 -7204 
v -7205 7206 7207 7208 -7209 7210 -7211 7212 -7213 -7214 -7215 -7216 -7217 
v -7218 -7219 7220 -7221 7222 -7223 7224 7225 7226 -7227 7228 7229 7230 -7231 
v -7232 -7233 7234 -7235 -7236 -7237 -7238 -7239 7240 7241 7242 -7243 7244 7245 
v 7246 -7247 -7248 -7249 -7250 -7251 7252 7253 7254 -7255 -7256 -7257 -7258 
v -7259 -7260 -7261 -7262 -7263 -7264 -7265 -7266 -7267 -7268 -7269 -7270 -7271 
v -7272 -7273 -7274 -7275 -7276 -7277 -7278 -7279 -7280 -7281 -7282 -7283 -7284 
v -7285 -7286 -7287 -7288 -7289 -7290 -7291 -7292 -7293 -7294 -7295 7296 7297 
v -7298 -7299 7300 -7301 7302 -7303 -7304 -7305 -7306 -7307 7308 7309 -7310 
v -7311 -7312 -7313 7314 -7315 -7316 -7317 -7318 -7319 7320 -7321 -7322 -7323 
v -7324 -7325 7326 -7327 -7328 -7329 -7330 -7331 7332 7333 7334 7335 -7336 
v -7337 -7338 -7339 -7340 -7341 -7342 -7343 -7344 -7345 7346 7347 -7348 -7349 
v 7350 -7351 7352 -7353 -7354 -7355 -7356 -7357 7358 7359 -7360 -7361 7362 7363 
v -7364 -7365 7366 -7367 7368 -7369 -7370 -7371 -7372 -7373 7374 7375 -7376 
v -7377 7378 7379 7380 7381 7382 -7383 -7384 -7385 7386 7387 -7388 -7389 7390 
v -7391 7392 -7393 -7394 -7395 -7396 -7397 7398 7399 -7400 -7401 7402 7403 
v -7404 -7405 7406 -7407 7408 -7409 -7410 -7411 -7412 -7413 7414 7415 -7416 
v -7417 7418 7419 7420 7421 7422 -7423 -7424 -7425 7426 7427 7428 7429 7430 
v 7431 7432 7433 7434 7435 7436 -7437 -7438 -7439 -7440 -7441 -7442 7443 -7444 
v -7445 -7446 7447 -7448 -7449 -7450 -7451 -7452 -7453 -7454 -7455 -7456 7457 
v -7458 -7459 -7460 -7461 -7462 7463 7464 -7465 -7466 7467 -7468 -7469 -7470 
v -7471 -7472 -7473 -7474 7475 -7476 -7477 -7478 -7479 -7480 7481 -7482 -7483 
v -7484 7485 -7486 -7487 -7488 -7489 -7490 -7491 -7492 -7493 -7494 -7495 -7496 
v 7497 -7498 7499 -7500 7501 -7502 -7503 -7504 -7505 -7506 7507 -7508 -7509 
v -7510 -7511 -7512 7513 -7514 -7515 7516 -7517 -7518 7519 7520 7521 -7522 7523 
v 7524 7525 -7526 -7527 -7528 7529 -7530 7531 7532 7533 7534 -7535 -7536 7537 
v 7538 -7539 -7540 7541 -7542 -7543 -7544 -7545 -7546 -7547 -7548 7549 -7550 
v -7551 -7552 -7553 -7554 7555 7556 7557 7558 7559 -7560 7561 -7562 -7563 -7564 
v -7565 -7566 -7567 -7568 -7569 -7570 -7571 -7572 -7573 -7574 -7575 -7576 -7577 
v -7578 7579 -7580 -7581 -7582 7583 -7584 -7585 -7586 -7587 -7588 7589 7590 
v 7591 -7592 7593 7594 -7595 -7596 -7597 -7598 -7599 -7600 7601 -7602 7603 
v -7604 -7605 -7606 -7607 -7608 -7609 -7610 -7611 -7612 -7613 -7614 -7615 -7616 
v -7617 -7618 -7619 -7620 -7621 -7622 -7623 -7624 -7625 -7626 -7627 -7628 -7629 
v -7630 -7631 -7632 -7633 -7634 -7635 -7636 -7637 -7638 -7639 -7640 -7641 -7642 
v -7643 -7644 7645 -7646 -7647 -7648 -7649 -7650 -7651 -7652 -7653 -7654 -7655 
v -7656 -7657 -7658 -7659 -7660 -7661 -7662 7663 -7664 -7665 -7666 7667 -7668 
v 7669 -7670 -7671 -7672 -7673 -7674 7675 7676 -7677 -7678 -7679 -7680 7681 
v -7682 7683 -7684 7685 -7686 -7687 -7688 -7689 -7690 -7691 -7692 -7693 -7694 
v 7695 7696 -7697 -7698 7699 -7700 7701 -7702 -7703 -7704 -7705 -7706 7707 7708 
v -7709 -7710 7711 -7712 -7713 -7714 -7715 -7716 7717 -7718 -7719 -7720 -7721 
v -7722 7723 -7724 -7725 -7726 7727 7728 7729 7730 -7731 -7732 -7733 -7734 7735 
v 7736 -7737 -7738 7739 -7740 7741 7742 -7743 -7744 7745 -7746 7747 7748 7749 
v -7750 7751 7752 -7753 -7754 7755 -7756 7757 -7758 -7759 -7760 -7761 -7762 
v 7763 7764 -7765 -7766 7767 7768 7769 7770 7771 7772 -7773 -7774 7775 7776 
v 7777 7778 7779 7780 7781 7782 7783 -7784 7785 -7786 7787 -7788 -7789 -7790 
v -7791 7792 -7793 -7794 -7795 7796 -7797 -7798 -7799 -7800 -7801 -7802 -7803 
v -7804 -7805 -7806 -7807 -7808 -7809 -7810 -7811 7812 -7813 -7814 -7815 -7816 
v -7817 7818 -7819 -7820 -7821 -7822 -7823 7824 -7825 -7826 7827 7828 -7829 
v -7830 -7831 -7832 -7833 -7834 -7835 7836 -7837 7838 -7839 -7840 -7841 -7842 
v -7843 -7844 -7845 7846 -7847 7848 -7849 -7850 -7851 -7852 -7853 7854 -7855 
v 7856 7857 7858 -7859 7860 7861 7862 7863 7864 -7865 7866 -7867 7868 -7869 
v 7870 -7871 7872 -7873 7874 -7875 -7876 -7877 -7878 -7879 7880 7881 -7882 
v -7883 -7884 -7885 7886 7887 7888 7889 7890 7891 7892 -7893 -7894 -7895 7896 
v -7897 7898 7899 7900 7901 7902 -7903 7904 7905 7906 7907 7908 -7909 7910 
v -7911 7912 -7913 7914 -7915 -7916 -7917 -7918 -7919 7920 -7921 7922 -7923 
v -7924 -7925 -7926 -7927 7928 -7929 7930 -7931 7932 7933 -7934 -7935 7936 
v -7937 7938 7939 -7940 -7941 7942 -7943 7944 -7945 -7946 -7947 -7948 -7949 
v 7950 7951 -7952 -7953 -7954 -7955 -7956 -7957 -7958 -7959 -7960 -7961 -7962 
v -7963 -7964 -7965 -7966 -7967 -7968 -7969 -7970 -7971 -7972 -7973 -7974 -7975 
v 7976 -7977 -7978 -7979 -7980 -7981 -7982 -7983 -7984 -7985 -7986 -7987 -7988 
v -7989 -7990 -7991 -7992 -7993 7994 7995 -7996 -7997 7998 -7999 8000 -8001 
v -8002 -8003 -8004 -8005 8006 8007 -8008 -8009 -8010 -8011 8012 -8013 -8014 
v -8015 -8016 -8017 -8018 -8019 -8020 -8021 -8022 -8023 -8024 -8025 -8026 -8027 
v -8028 -8029 8030 8031 8032 -8033 -8034 -8035 -8036 -8037 -8038 -8039 -8040 
v -8041 -8042 -8043 8044 8045 8046 -8047 8048 8049 8050 -8051 -8052 -8053 -8054 
v -8055 8056 8057 8058 -8059 8060 8061 -8062 -8063 8064 -8065 -8066 -8067 -8068 
v -8069 -8070 -8071 8072 -8073 -8074 -8075 8076 8077 8078 8079 8080 -8081 -8082 
v -8083 8084 8085 8086 -8087 8088 8089 8090 -8091 -8092 -8093 -8094 -8095 8096 
v 8097 8098 -8099 8100 8101 8102 -8103 8104 8105 8106 -8107 -8108 -8109 -8110 
v -8111 8112 8113 8114 -8115 8116 8117 8118 8119 8120 8121 8122 -8123 8124 8125 
v 8126 8127 8128 8129 8130 8131 8132 8133 8134 -8135 8136 -8137 8138 -8139 
v -8140 -8141 -8142 -8143 -8144 8145 8146 -8147 -8148 8149 -8150 8151 -8152 
v 8153 -8154 8155 8156 -8157 -8158 8159 -8160 8161 8162 -8163 -8164 8165 -8166 
v 8167 8168 -8169 -8170 8171 -8172 8173 8174 8175 -8176 -8177 -8178 -8179 -8180 
v -8181 -8182 8183 -8184 8185 -8186 8187 -8188 -8189 -8190 -8191 -8192 -8193 
v -8194 -8195 -8196 -8197 -8198 8199 -8200 -8201 -8202 8203 -8204 8205 -8206 
v -8207 -8208 -8209 -8210 8211 8212 8213 8214 8215 -8216 8217 8218 8219 -8220 
v 8221 8222 8223 8224 -8225 -8226 8227 -8228 8229 8230 8231 8232 -8233 -8234 
v 8235 8236 8237 -8238 8239 8240 8241 8242 -8243 -8244 8245 -8246 8247 8248 
v 8249 8250 -8251 -8252 8253 8254 8255 8256 8257 8258 8259 8260 8261 -8262 
v -8263 -8264 -8265 -8266 8267 -8268 -8269 -8270 8271 -8272 -8273 -8274 -8275 
v -8276 8277 -8278 -8279 -8280 8281 -8282 -8283 -8284 -8285 -8286 8287 8288 
v -8289 -8290 8291 -8292 -8293 -8294 -8295 -8296 -8297 -8298 8299 -8300 -8301 
v -8302 -8303 -8304 -8305 -8306 -8307 -8308 -8309 -8310 -8311 -8312 -8313 -8314 
v -8315 -8316 -8317 -8318 -8319 -8320 -8321 -8322 -8323 -8324 -8325 -8326 -8327 
v -8328 -8329 -8330 -8331 -8332 -8333 -8334 -8335 -8336 -8337 -8338 -8339 -8340 
v -8341 -8342 8343 -8344 -8345 -8346 -8347 -8348 -8349 -8350 -8351 -8352 -8353 
v -8354 -8355 -8356 -8357 -8358 -8359 -8360 8361 -8362 -8363 -8364 -8365 -8366 
v -8367 -8368 -8369 -8370 -8371 -8372 -8373 -8374 -8375 -8376 -8377 -8378 8379 
v -8380 -8381 -8382 -8383 -8384 -8385 -8386 -8387 -8388 -8389 -8390 -8391 -8392 
v 8393 8394 8395 -8396 8397 8398 8399 -8400 -8401 -8402 -8403 -8404 8405 8406 
v 8407 -8408 8409 -8410 -8411 -8412 -8413 -8414 8415 -8416 -8417 -8418 -8419 
v -8420 8421 -8422 -8423 -8424 8425 8426 8427 8428 8429 -8430 -8431 -8432 8433 
v 8434 8435 -8436 8437 8438 8439 -8440 -8441 -8442 -8443 -8444 8445 8446 8447 
v -8448 8449 -8450 -8451 -8452 -8453 -8454 8455 -8456 -8457 -8458 -8459 -8460 
v 8461 -8462 -8463 -8464 8465 8466 8467 8468 8469 -8470 -8471 -8472 8473 8474 
v 8475 8476 8477 8478 8479 8480 8481 8482 8483 -8484 -8485 -8486 -8487 -8488 
v -8489 -8490 -8491 -8492 -8493 -8494 -8495 -8496 -8497 -8498 -8499 -8500 -8501 
v -8502 -8503 -8504 -8505 -8506 -8507 -8508 -8509 -8510 -8511 -8512 -8513 -8514 
v -8515 8516 -8517 -8518 -8519 -8520 -8521 8522 -8523 -8524 -8525 -8526 -8527 
v -8528 -8529 -8530 -8531 8532 -8533 -8534 -8535 -8536 -8537 -8538 -8539 -8540 
v -8541 -8542 -8543 -8544 -8545 -8546 -8547 8548 -8549 -8550 -8551 -8552 -8553 
v 8554 -8555 -8556 -8557 8558 -8559 8560 -8561 8562 -8563 8564 -8565 8566 -8567 
v -8568 -8569 -8570 -8571 -8572 -8573 -8574 -8575 -8576 -8577 -8578 -8579 -8580 
v -8581 -8582 -8583 8584 8585 8586 -8587 8588 8589 8590 -8591 -8592 -8593 -8594 
v -8595 8596 8597 8598 -8599 -8600 -8601 8602 -8603 8604 -8605 8606 -8607 8608 
v -8609 -8610 -8611 -8612 -8613 -8614 -8615 8616 -8617 -8618 -8619 8620 -8621 
v 8622 -8623 8624 -8625 -8626 -8627 -8628 -8629 -8630 -8631 -8632 -8633 -8634 
v -8635 8636 -8637 -8638 -8639 8640 -8641 8642 -8643 -8644 -8645 8646 -8647 
v 8648 8649 8650 -8651 -8652 -8653 -8654 -8655 -8656 -8657 -8658 -8659 -8660 
v -8661 -8662 -8663 -8664 -8665 -8666 -8667 -8668 -8669 -8670 -8671 -8672 -8673 
v -8674 -8675 -8676 -8677 -8678 -8679 -8680 -8681 -8682 -8683 -8684 -8685 -8686 
v -8687 -8688 -8689 -8690 -8691 8692 -8693 -8694 -8695 -8696 -8697 8698 -8699 
v -8700 -8701 -8702 -8703 8704 -8705 -8706 -8707 -8708 -8709 8710 -8711 -8712 
v -8713 -8714 -8715 8716 -8717 -8718 -8719 -8720 -8721 8722 -8723 -8724 -8725 
v -8726 -8727 8728 8729 8730 -8731 -8732 -8733 -8734 -8735 -8736 -8737 -8738 
v -8739 -8740 -8741 8742 8743 8744 -8745 8746 8747 -8748 -8749 -8750 -8751 
v -8752 -8753 8754 -8755 8756 -8757 8758 -8759 -8760 -8761 -8762 -8763 -8764 
v -8765 -8766 -8767 -8768 -8769 -8770 -8771 -8772 -8773 8774 8775 -8776 -8777 
v 8778 -8779 -8780 -8781 8782 8783 -8784 -8785 8786 -8787 8788 -8789 -8790 
v -8791 -8792 -8793 8794 8795 -8796 -8797 8798 8799 -8800 -8801 8802 -8803 8804 
v -8805 -8806 -8807 -8808 -8809 8810 8811 -8812 -8813 8814 8815 8816 8817 8818 
v -8819 -8820 -8821 8822 8823 8824 8825 8826 -8827 8828 -8829 8830 8831 8832 
v -8833 -8834 -8835 -8836 -8837 -8838 -8839 -8840 -8841 -8842 -8843 -8844 -8845 
v -8846 -8847 -8848 -8849 -8850 -8851 -8852 -8853 -8854 -8855 -8856 -8857 -8858 
v -8859 -8860 8861 -8862 8863 -8864 -8865 -8866 -8867 -8868 8869 -8870 8871 
v -8872 8873 -8874 -8875 -8876 8877 -8878 -8879 -8880 8881 -8882 8883 -8884 
v 8885 -8886 -8887 -8888 -8889 -8890 -8891 -8892 -8893 -8894 -8895 -8896 8897 
v -8898 -8899 -8900 -8901 -8902 8903 -8904 -8905 -8906 -8907 -8908 8909 -8910 
v -8911 -8912 8913 -8914 8915 -8916 -8917 -8918 -8919 -8920 -8921 -8922 -8923 
v -8924 -8925 -8926 -8927 -8928 -8929 -8930 -8931 -8932 8933 8934 8935 -8936 
v 8937 8938 8939 -8940 -8941 -8942 8943 -8944 8945 8946 8947 8948 -8949 -8950 
v 8951 -8952 8953 -8954 8955 -8956 8957 -8958 8959 -8960 -8961 -8962 -8963 
v -8964 8965 -8966 8967 -8968 8969 8970 -8971 -8972 8973 -8974 8975 -8976 -8977 
v -8978 8979 -8980 -8981 -8982 -8983 -8984 8985 8986 -8987 -8988 8989 -8990 
v 8991 -8992 -8993 -8994 -8995 -8996 8997 8998 -8999 -9000 -9001 -9002 -9003 
v -9004 -9005 -9006 -9007 -9008 -9009 -9010 -9011 -9012 -9013 -9014 -9015 -9016 
v -9017 -9018 -9019 -9020 -9021 -9022 9023 -9024 -9025 -9026 -9027 -9028 -9029 
v -9030 -9031 -9032 -9033 -9034 -9035 -9036 -9037 -9038 -9039 -9040 9041 9042 
v -9043 -9044 9045 -9046 9047 -9048 -9049 -9050 -9051 -9052 9053 9054 -9055 
v -9056 -9057 -9058 9059 -9060 -9061 -9062 -9063 -9064 -9065 -9066 -9067 -9068 
v -9069 -9070 -9071 -9072 -9073 -9074 -9075 -9076 9077 9078 9079 -9080 -9081 
v -9082 -9083 -9084 -9085 -9086 -9087 -9088 -9089 -9090 9091 9092 -9093 -9094 
v 9095 -9096 -9097 -9098 -9099 -9100 -9101 -9102 9103 -9104 -9105 -9106 9107 
v -9108 -9109 -9110 -9111 -9112 -9113 -9114 -9115 -9116 -9117 -9118 -9119 -9120 
v -9121 -9122 9123 9124 -9125 -9126 -9127 -9128 -9129 -9130 9131 9132 9133 
v -9134 9135 9136 9137 -9138 -9139 -9140 -9141 -9142 9143 9144 9145 -9146 9147 
v 9148 -9149 -9150 9151 -9152 9153 -9154 -9155 -9156 -9157 -9158 9159 9160 
v -9161 -9162 9163 9164 9165 9166 9167 9168 -9169 -9170 9171 9172 9173 9174 
v 9175 -9176 9177 -9178 9179 -9180 9181 -9182 9183 -9184 -9185 -9186 -9187 
v -9188 -9189 -9190 -9191 -9192 -9193 -9194 -9195 -9196 -9197 -9198 -9199 9200 
v -9201 9202 -9203 -9204 -9205 -9206 -9207 9208 -9209 9210 -9211 9212 -9213 
v 9214 -9215 -9216 -9217 9218 -9219 9220 9221 9222 -9223 -9224 -9225 -9226 
v -9227 -9228 -9229 -9230 -9231 -9232 -9233 9234 -9235 -9236 -9237 -9238 -9239 
v -9240 -9241 -9242 -9243 -9244 -9245 -9246 -9247 -9248 -9249 -9250 -9251 9252 
v -9253 -9254 -9255 -9256 -9257 9258 -9259 -9260 -9261 -9262 -9263 9264 -9265 
v 9266 -9267 9268 -9269 9270 -9271 -9272 -9273 -9274 -9275 9276 9277 -9278 
v -9279 -9280 -9281 9282 9283 9284 -9285 9286 9287 9288 -9289 -9290 -9291 -9292 
v -9293 9294 9295 9296 -9297 -9298 -9299 9300 9301 9302 9303 9304 -9305 9306 
v -9307 -9308 -9309 -9310 -9311 -9312 -9313 9314 -9315 -9316 -9317 9318 -9319 
v -9320 -9321 -9322 -9323 -9324 -9325 -9326 -9327 -9328 -9329 -9330 -9331 -9332 
v -9333 9334 -9335 -9336 -9337 -9338 -9339 -9340 -9341 -9342 -9343 -9344 -9345 
v -9346 -9347 -9348 -9349 -9350 -9351 -9352 -9353 -9354 -9355 -9356 -9357 -9358 
v -9359 -9360 -9361 -9362 -9363 -9364 -9365 -9366 -9367 -9368 -9369 -9370 -9371 
v -9372 -9373 -9374 -9375 -9376 -9377 -9378 -9379 -9380 -9381 -9382 -9383 -9384 
v -9385 -9386 -9387 -9388 -9389 9390 -9391 -9392 -9393 -9394 -9395 -9396 -9397 
v -9398 -9399 -9400 -9401 -9402 -9403 -9404 -9405 -9406 -9407 -9408 -9409 -9410 
v -9411 -9412 -9413 -9414 -9415 -9416 -9417 -9418 -9419 -9420 -9421 -9422 -9423 
v -9424 -9425 -9426 -9427 -9428 -9429 -9430 -9431 -9432 -9433 -9434 -9435 -9436 
v -9437 -9438 -9439 9440 9441 -9442 -9443 9444 -9445 9446 -9447 -9448 -9449 
v -9450 -9451 9452 9453 -9454 -9455 9456 -9457 -9458 -9459 -9460 -9461 -9462 
v -9463 -9464 -9465 -9466 -9467 -9468 -9469 -9470 -9471 9472 9473 9474 -9475 
v -9476 -9477 -9478 -9479 9480 -9481 -9482 -9483 -9484 -9485 9486 -9487 -9488 
v -9489 -9490 -9491 9492 -9493 -9494 -9495 9496 -9497 -9498 -9499 9500 -9501 
v 9502 -9503 -9504 -9505 -9506 -9507 9508 9509 -9510 -9511 9512 9513 9514 -9515 
v 9516 -9517 -9518 -9519 9520 9521 9522 9523 9524 9525 9526 -9527 -9528 -9529 
v 9530 -9531 -9532 -9533 -9534 -9535 -9536 -9537 -9538 9539 -9540 9541 -9542 
v -9543 -9544 -9545 -9546 -9547 -9548 -9549 -9550 -9551 -9552 -9553 -9554 -9555 
v -9556 9557 -9558 9559 -9560 9561 -9562 9563 -9564 -9565 -9566 9567 -9568 9569 
v 9570 9571 -9572 -9573 -9574 9575 -9576 -9577 -9578 9579 -9580 -9581 -9582 
v -9583 -9584 9585 -9586 9587 -9588 9589 9590 -9591 -9592 9593 -9594 9595 9596 
v -9597 -9598 9599 -9600 9601 -9602 -9603 -9604 -9605 -9606 9607 9608 -9609 
v -9610 -9611 -9612 9613 9614 9615 -9616 9617 9618 9619 9620 9621 -9622 9623 
v 9624 9625 9626 9627 9628 9629 -9630 9631 9632 -9633 -9634 9635 -9636 9637 
v -9638 -9639 -9640 -9641 -9642 9643 9644 -9645 -9646 -9647 -9648 9649 9650 
v 9651 9652 9653 9654 9655 -9656 9657 -9658 -9659 -9660 -9661 -9662 -9663 -9664 
v -9665 -9666 -9667 -9668 -9669 -9670 -9671 -9672 -9673 -9674 -9675 -9676 -9677 
v -9678 -9679 -9680 -9681 -9682 -9683 -9684 -9685 -9686 -9687 -9688 -9689 -9690 
v -9691 -9692 -9693 -9694 -9695 -9696 -9697 -9698 -9699 -9700 -9701 -9702 -9703 
v -9704 -9705 -9706 -9707 -9708 -9709 -9710 -9711 -9712 -9713 -9714 -9715 -9716 
v -9717 -9718 -9719 -9720 -9721 -9722 -9723 -9724 -9725 -9726 -9727 -9728 -9729 
v -9730 -9731 -9732 -9733 -9734 -9735 -9736 -9737 -9738 -9739 -9740 -9741 -9742 
v -9743 -9744 -9745 -9746 -9747 -9748 -9749 -9750 -9751 -9752 -9753 -9754 -9755 
v -9756 -9757 -9758 -9759 -9760 -9761 -9762 -9763 -9764 -9765 -9766 -9767 -9768 
v -9769 -9770 -9771 -9772 -9773 -9774 -9775 -9776 -9777 -9778 -9779 -9780 -9781 
v -9782 -9783 -9784 -9785 -9786 -9787 -9788 9789 -9790 -9791 -9792 -9793 -9794 
v 9795 -9796 -9797 -9798 -9799 -9800 9801 -9802 -9803 -9804 9805 -9806 -9807 
v -9808 -9809 -9810 9811 -9812 -9813 -9814 -9815 -9816 9817 -9818 -9819 -9820 
v 9821 9822 9823 -9824 -9825 -9826 -9827 -9828 9829 -9830 9831 -9832 9833 -9834 
v 9835 -9836 -9837 -9838 -9839 -9840 9841 9842 -9843 -9844 9845 -9846 -9847 
v -9848 -9849 -9850 9851 -9852 -9853 -9854 -9855 -9856 9857 -9858 -9859 -9860 
v 9861 9862 9863 9864 -9865 -9866 -9867 -9868 9869 9870 9871 9872 9873 9874 
v 9875 -9876 9877 -9878 -9879 -9880 -9881 -9882 -9883 -9884 -9885 -9886 -9887 
v -9888 -9889 -9890 -9891 -9892 -9893 -9894 -9895 -9896 -9897 9898 -9899 9900 
v -9901 -9902 -9903 9904 -9905 9906 -9907 9908 -9909 9910 -9911 9912 -9913 
v -9914 -9915 -9916 -9917 9918 9919 -9920 9921 9922 -9923 -9924 -9925 -9926 
v -9927 -9928 -9929 -9930 -9931 -9932 -9933 -9934 -9935 -9936 -9937 -9938 -9939 
v -9940 -9941 -9942 -9943 -9944 -9945 -9946 -9947 -9948 -9949 -9950 -9951 -9952 
v -9953 -9954 -9955 -9956 -9957 -9958 9959 -9960 -9961 9962 -9963 9964 9965 
v 9966 -9967 9968 -9969 9970 -9971 9972 -9973 9974 9975 9976 -9977 9978 -9979 
v 9980 -9981 9982 -9983 9984 -9985 -9986 -9987 -9988 -9989 -9990 -9991 9992 
v -9993 -9994 -9995 -9996 -9997 9998 9999 10000 10001 10002 -10003 -10004 -10005 
v 10006 -10007 -10008 -10009 -10010 -10011 10012 10013 -10014 -10015 10016 
v -10017 10018 -10019 10020 -10021 -10022 -10023 -10024 -10025 -10026 -10027 
v -10028 -10029 -10030 -10031 10032 -10033 -10034 -10035 -10036 -10037 10038 
v -10039 -10040 -10041 -10042 -10043 10044 -10045 -10046 -10047 -10048 -10049 
v -10050 -10051 -10052 -10053 -10054 -10055 -10056 -10057 -10058 -10059 -10060 
v -10061 -10062 -10063 -10064 -10065 -10066 -10067 -10068 -10069 -10070 -10071 
v -10072 -10073 -10074 -10075 -10076 -10077 -10078 -10079 -10080 -10081 -10082 
v -10083 -10084 -10085 -10086 -10087 10088 -10089 -10090 -10091 -10092 -10093 
v -10094 -10095 -10096 -10097 -10098 -10099 -10100 -10101 -10102 -10103 -10104 
v -10105 10106 -10107 -10108 -10109 -10110 -10111 10112 -10113 -10114 -10115 
v -10116 -10117 10118 -10119 -10120 -10121 -10122 -10123 10124 -10125 10126 
v -10127 -10128 -10129 -10130 -10131 -10132 -10133 -10134 -10135 -10136 -10137 
v 10138 10139 -10140 -10141 10142 -10143 10144 -10145 -10146 -10147 -10148 
v -10149 10150 10151 -10152 -10153 10154 -10155 -10156 -10157 -10158 -10159 
v -10160 -10161 -10162 -10163 -10164 -10165 -10166 -10167 -10168 -10169 10170 
v 10171 10172 -10173 -10174 -10175 -10176 -10177 10178 10179 10180 -10181 10182 
v 10183 10184 -10185 -10186 -10187 -10188 -10189 10190 10191 10192 -10193 10194 
v 10195 -10196 -10197 10198 -10199 10200 -10201 -10202 -10203 -10204 -10205 
v 10206 10207 -10208 -10209 10210 10211 10212 10213 10214 10215 -10216 -10217 
v 10218 10219 10220 10221 10222 10223 10224 -10225 10226 -10227 10228 -10229 
v 10230 -10231 -10232 -10233 -10234 10235 -10236 -10237 -10238 10239 -10240 
v -10241 -10242 -10243 -10244 10245 -10246 10247 -10248 10249 10250 10251 
v -10252 10253 10254 10255 10256 10257 -10258 10259 10260 10261 -10262 -10263 
v -10264 -10265 -10266 10267 10268 10269 -10270 -10271 -10272 10273 -10274 
v -10275 -10276 10277 -10278 -10279 -10280 -10281 -10282 10283 -10284 10285 
v -10286 10287 10288 -10289 -10290 10291 -10292 10293 10294 -10295 -10296 10297 
v -10298 10299 -10300 -10301 -10302 -10303 -10304 10305 10306 -10307 -10308 
v -10309 -10310 10311 10312 -10313 -10314 10315 -10316 10317 10318 10319 -10320 
v 10321 10322 10323 10324 10325 -10326 10327 -10328 10329 10330 -10331 -10332 
v 10333 -10334 10335 -10336 -10337 -10338 -10339 -10340 10341 10342 -10343 
v -10344 -10345 -10346 10347 10348 10349 10350 10351 10352 -10353 -10354 10355 
v -10356 -10357 -10358 -10359 -10360 -10361 -10362 -10363 -10364 -10365 -10366 
v -10367 -10368 -10369 -10370 -10371 -10372 -10373 -10374 -10375 -10376 -10377 
v -10378 -10379 -10380 -10381 -10382 -10383 -10384 -10385 -10386 -10387 -10388 
v -10389 -10390 -10391 -10392 -10393 -10394 -10395 -10396 -10397 -10398 -10399 
v -10400 -10401 -10402 -10403 -10404 -10405 -10406 -10407 -10408 -10409 -10410 
v -10411 -10412 -10413 -10414 -10415 -10416 -10417 -10418 -10419 -10420 -10421 
v -10422 -10423 -10424 -10425 -10426 -10427 -10428 -10429 -10430 -10431 -10432 
v -10433 -10434 -10435 -10436 10437 -10438 -10439 -10440 -10441 -10442 -10443 
v -10444 -10445 -10446 -10447 -10448 -10449 -10450 -10451 -10452 -10453 -10454 
v -10455 -10456 -10457 -10458 -10459 -10460 -10461 -10462 -10463 -10464 -10465 
v -10466 -10467 -10468 -10469 -10470 -10471 -10472 -10473 -10474 -10475 -10476 
v -10477 -10478 -10479 -10480 -10481 -10482 -10483 -10484 -10485 -10486 10487 
v 10488 -10489 -10490 10491 -10492 10493 -10494 -10495 -10496 -10497 -10498 
v 10499 10500 10501 -10502 10503 -10504 -10505 -10506 -10507 -10508 10509 
v -10510 -10511 -10512 -10513 -10514 10515 -10516 -10517 -10518 10519 10520 
v 10521 10522 10523 -10524 -10525 -10526 10527 -10528 10529 -10530 10531 -10532 
v 10533 -10534 -10535 -10536 -10537 -10538 10539 10540 -10541 -10542 10543 
v -10544 -10545 -10546 -10547 -10548 -10549 -10550 -10551 -10552 -10553 -10554 
v -10555 -10556 -10557 -10558 10559 10560 10561 -10562 10563 -10564 -10565 
v -10566 10567 10568 10569 10570 10571 10572 10573 10574 10575 -10576 10577 
v -10578 -10579 -10580 -10581 -10582 -10583 -10584 -10585 -10586 -10587 -10588 
v -10589 -10590 -10591 -10592 -10593 -10594 -10595 -10596 -10597 -10598 -10599 
v -10600 -10601 -10602 -10603 -10604 -10605 -10606 -10607 -10608 -10609 -10610 
v -10611 -10612 -10613 -10614 -10615 -10616 -10617 -10618 -10619 10620 -10621 
v 10622 -10623 -10624 -10625 10626 -10627 -10628 -10629 -10630 -10631 -10632 
v -10633 -10634 -10635 -10636 -10637 -10638 -10639 -10640 -10641 10642 -10643 
v -10644 -10645 -10646 -10647 -10648 -10649 -10650 -10651 -10652 -10653 -10654 
v -10655 -10656 -10657 10658 -10659 10660 -10661 -10662 -10663 -10664 -10665 
v 10666 -10667 -10668 -10669 -10670 -10671 10672 -10673 -10674 -10675 -10676 
v -10677 -10678 -10679 10680 10681 10682 -10683 -10684 -10685 -10686 -10687 
v 10688 -10689 10690 -10691 10692 -10693 10694 -10695 10696 -10697 10698 -10699 
v -10700 -10701 10702 -10703 -10704 -10705 10706 -10707 -10708 -10709 10710 
v -10711 10712 -10713 10714 10715 -10716 -10717 10718 -10719 -10720 -10721 
v -10722 -10723 -10724 -10725 -10726 -10727 -10728 -10729 10730 -10731 -10732 
v -10733 -10734 10735 10736 -10737 -10738 -10739 -10740 -10741 10742 -10743 
v 10744 -10745 -10746 -10747 -10748 -10749 -10750 -10751 -10752 -10753 -10754 
v -10755 -10756 -10757 -10758 -10759 -10760 -10761 -10762 -10763 -10764 -10765 
v -10766 -10767 10768 -10769 -10770 -10771 -10772 -10773 -10774 -10775 -10776 
v -10777 -10778 -10779 10780 -10781 -10782 -10783 -10784 -10785 10786 10787 
v -10788 -10789 10790 -10791 10792 -10793 -10794 -10795 -10796 -10797 10798 
v 10799 -10800 -10801 -10802 -10803 10804 10805 10806 -10807 10808 10809 10810 
v -10811 -10812 -10813 -10814 -10815 10816 10817 10818 -10819 -10820 -10821 
v 10822 10823 10824 10825 10826 -10827 10828 -10829 -10830 -10831 -10832 -10833 
v -10834 -10835 10836 10837 -10838 -10839 10840 -10841 10842 -10843 -10844 
v -10845 -10846 -10847 10848 10849 10850 -10851 10852 -10853 -10854 -10855 
v -10856 -10857 10858 -10859 -10860 -10861 -10862 -10863 10864 -10865 -10866 
v -10867 10868 10869 10870 10871 10872 -10873 -10874 -10875 10876 10877 10878 
v -10879 10880 10881 10882 -10883 -10884 -10885 -10886 -10887 10888 10889 10890 
v -10891 10892 10893 10894 -10895 10896 10897 10898 10899 -10900 -10901 10902 
v -10903 10904 10905 10906 10907 10908 10909 10910 10911 10912 10913 10914 
v -10915 10916 10917 10918 10919 10920 10921 10922 10923 10924 10925 10926 
v -10927 10928 -10929 10930 -10931 -10932 10933 -10934 10935 -10936 10937 10938 
v -10939 -10940 10941 -10942 -10943 -10944 -10945 -10946 -10947 -10948 -10949 
v -10950 -10951 -10952 10953 -10954 -10955 -10956 10957 10958 10959 -10960 
v -10961 -10962 10963 -10964 10965 10966 10967 10968 -10969 -10970 -10971 
v -10972 -10973 -10974 -10975 -10976 -10977 -10978 -10979 -10980 -10981 -10982 
v -10983 -10984 10985 -10986 -10987 -10988 -10989 -10990 10991 -10992 -10993 
v -10994 -10995 -10996 -10997 -10998 -10999 -11000 -11001 -11002 -11003 -11004 
v -11005 -11006 -11007 -11008 11009 11010 11011 -11012 11013 11014 11015 -11016 
v -11017 -11018 -11019 -11020 11021 11022 11023 -11024 -11025 -11026 11027 
v -11028 -11029 -11030 -11031 -11032 11033 -11034 -11035 -11036 11037 -11038 
v 11039 -11040 11041 -11042 -11043 -11044 11045 11046 11047 11048 11049 -11050 
v 11051 -11052 -11053 -11054 -11055 -11056 -11057 -11058 11059 -11060 11061 
v 11062 11063 11064 11065 -11066 11067 11068 -11069 -11070 -11071 -11072 11073 
v -11074 -11075 -11076 -11077 -11078 11079 11080 11081 -11082 11083 11084 11085 
v -11086 -11087 -11088 -11089 -11090 11091 11092 11093 -11094 -11095 -11096 
v -11097 -11098 -11099 -11100 -11101 -11102 -11103 -11104 -11105 -11106 -11107 
v -11108 -11109 -11110 -11111 -11112 -11113 -11114 -11115 -11116 -11117 -11118 
v -11119 -11120 -11121 -11122 -11123 -11124 -11125 -11126 -11127 -11128 -11129 
v -11130 -11131 -11132 -11133 -11134 11135 -11136 -11137 -11138 -11139 -11140 
v 11141 -11142 -11143 -11144 -11145 -11146 11147 -11148 -11149 -11150 -11151 
v -11152 11153 -11154 -11155 -11156 -11157 -11158 11159 -11160 -11161 -11162 
v -11163 -11164 11165 -11166 -11167 -11168 -11169 -11170 11171 11172 11173 
v -11174 -11175 -11176 -11177 -11178 -11179 -11180 -11181 -11182 -11183 -11184 
v 11185 11186 -11187 -11188 11189 -11190 11191 -11192 -11193 -11194 -11195 
v -11196 11197 11198 -11199 -11200 11201 11202 -11203 -11204 11205 -11206 
v -11207 -11208 -11209 -11210 -11211 -11212 11213 -11214 -11215 -11216 11217 
v 11218 11219 11220 -11221 -11222 -11223 -11224 11225 11226 -11227 -11228 11229 
v -11230 11231 -11232 -11233 -11234 -11235 -11236 11237 11238 -11239 -11240 
v 11241 11242 -11243 -11244 11245 -11246 11247 -11248 -11249 -11250 -11251 
v -11252 11253 11254 -11255 -11256 11257 11258 11259 11260 11261 -11262 -11263 
v -11264 11265 11266 11267 11268 11269 11270 11271 11272 11273 -11274 11275 
v -11276 -11277 -11278 -11279 -11280 -11281 -11282 -11283 -11284 -11285 -11286 
v -11287 -11288 -11289 -11290 -11291 -11292 -11293 11294 -11295 11296 -11297 
v -11298 -11299 -11300 -11301 11302 -11303 -11304 -11305 -11306 -11307 -11308 
v -11309 -11310 -11311 -11312 -11313 -11314 -11315 -11316 -11317 -11318 -11319 
v -11320 -11321 -11322 -11323 -11324 -11325 -11326 -11327 -11328 -11329 -11330 
v -11331 -11332 -11333 11334 -11335 -11336 -11337 -11338 -11339 11340 -11341 
v 11342 -11343 11344 -11345 -11346 -11347 -11348 -11349 -11350 -11351 11352 
v -11353 -11354 -11355 -11356 -11357 11358 11359 -11360 -11361 11362 -11363 
v -11364 -11365 11366 -11367 11368 -11369 11370 -11371 11372 -11373 -11374 
v -11375 11376 -11377 -11378 -11379 -11380 -11381 -11382 -11383 -11384 -11385 
v -11386 -11387 -11388 -11389 -11390 -11391 -11392 -11393 11394 11395 -11396 
v -11397 11398 -11399 -11400 -11401 -11402 -11403 -11404 -11405 -11406 -11407 
v 11408 -11409 11410 11411 11412 11413 11414 -11415 11416 11417 -11418 -11419 
v -11420 -11421 -11422 -11423 11424 -11425 11426 -11427 11428 -11429 11430 
v -11431 11432 -11433 11434 11435 -11436 -11437 11438 -11439 11440 11441 11442 
v -11443 -11444 -11445 -11446 -11447 -11448 -11449 -11450 -11451 -11452 -11453 
v -11454 -11455 -11456 -11457 -11458 -11459 -11460 -11461 -11462 -11463 -11464 
v -11465 -11466 -11467 -11468 -11469 -11470 -11471 -11472 -11473 -11474 -11475 
v -11476 -11477 -11478 -11479 -11480 -11481 -11482 -11483 11484 -11485 -11486 
v -11487 -11488 -11489 11490 -11491 -11492 -11493 -11494 -11495 11496 -11497 
v -11498 -11499 -11500 -11501 11502 -11503 -11504 -11505 -11506 -11507 11508 
v -11509 -11510 -11511 -11512 -11513 11514 -11515 -11516 -11517 -11518 -11519 
v 11520 11521 11522 -11523 -11524 -11525 -11526 -11527 -11528 -11529 -11530 
v -11531 -11532 -11533 11534 11535 11536 -11537 11538 11539 -11540 -11541 
v -11542 -11543 -11544 -11545 11546 -11547 11548 -11549 11550 11551 -11552 
v -11553 11554 -11555 -11556 -11557 -11558 -11559 -11560 -11561 11562 -11563 
v -11564 -11565 11566 11567 11568 -11569 11570 -11571 -11572 -11573 11574 11575 
v -11576 -11577 11578 -11579 11580 -11581 -11582 -11583 -11584 -11585 11586 
v 11587 -11588 -11589 11590 -11591 -11592 -11593 -11594 -11595 11596 -11597 
v -11598 -11599 -11600 -11601 11602 -11603 -11604 -11605 11606 11607 11608 
v 11609 -11610 -11611 -11612 -11613 11614 11615 11616 11617 11618 11619 11620 
v -11621 11622 11623 -11624 -11625 -11626 -11627 -11628 -11629 -11630 11631 
v -11632 -11633 -11634 11635 -11636 -11637 -11638 -11639 -11640 -11641 -11642 
v -11643 -11644 -11645 -11646 -11647 -11648 -11649 -11650 11651 11652 -11653 
v -11654 11655 -11656 -11657 -11658 -11659 -11660 11661 -11662 11663 -11664 
v 11665 -11666 11667 -11668 -11669 -11670 -11671 -11672 11673 -11674 -11675 
v -11676 -11677 -11678 -11679 -11680 -11681 -11682 -11683 -11684 -11685 -11686 
v -11687 -11688 11689 -11690 11691 -11692 11693 -11694 -11695 -11696 -11697 
v -11698 -11699 -11700 11701 -11702 -11703 -11704 -11705 -11706 11707 11708 
v -11709 -11710 11711 -11712 -11713 -11714 -11715 -11716 11717 -11718 11719 
v -11720 11721 -11722 -11723 -11724 11725 11726 11727 -11728 11729 11730 11731 
v -11732 -11733 -11734 11735 -11736 11737 11738 11739 11740 -11741 -11742 11743 
v 11744 11745 -11746 11747 11748 11749 -11750 11751 -11752 -11753 -11754 -11755 
v -11756 -11757 -11758 -11759 -11760 -11761 -11762 -11763 -11764 -11765 -11766 
v -11767 -11768 -11769 -11770 -11771 -11772 -11773 -11774 -11775 -11776 -11777 
v -11778 -11779 -11780 -11781 -11782 -11783 -11784 -11785 -11786 -11787 -11788 
v -11789 -11790 -11791 -11792 -11793 -11794 -11795 -11796 -11797 -11798 -11799 
v -11800 -11801 -11802 -11803 -11804 -11805 -11806 -11807 -11808 -11809 -11810 
v -11811 -11812 -11813 -11814 -11815 -11816 -11817 -11818 -11819 -11820 -11821 
v -11822 -11823 -11824 -11825 -11826 -11827 -11828 -11829 -11830 -11831 -11832 
v -11833 -11834 -11835 -11836 -11837 -11838 -11839 -11840 -11841 -11842 -11843 
v -11844 -11845 -11846 -11847 -11848 -11849 -11850 -11851 -11852 -11853 -11854 
v -11855 -11856 -11857 -11858 -11859 -11860 -11861 -11862 -11863 -11864 -11865 
v -11866 -11867 -11868 -11869 -11870 -11871 -11872 -11873 -11874 -11875 -11876 
v -11877 -11878 -11879 -11880 -11881 -11882 11883 -11884 -11885 -11886 -11887 
v -11888 -11889 -11890 -11891 -11892 -11893 -11894 -11895 -11896 -11897 -11898 
v 11899 -11900 -11901 -11902 -11903 -11904 11905 -11906 -11907 -11908 -11909 
v -11910 11911 -11912 -11913 -11914 11915 -11916 11917 -11918 -11919 -11920 
v -11921 -11922 11923 -11924 11925 -11926 11927 -11928 11929 -11930 -11931 
v -11932 -11933 -11934 11935 11936 -11937 -11938 11939 -11940 -11941 -11942 
v -11943 -11944 11945 -11946 -11947 -11948 -11949 -11950 11951 -11952 -11953 
v -11954 11955 11956 11957 11958 11959 -11960 -11961 -11962 11963 11964 11965 
v -11966 11967 11968 11969 -11970 11971 -11972 11973 -11974 -11975 -11976 
v -11977 -11978 -11979 -11980 -11981 -11982 -11983 11984 -11985 -11986 -11987 
v -11988 -11989 -11990 -11991 -11992 -11993 -11994 11995 -11996 -11997 11998 
v -11999 12000 -12001 -12002 -12003 -12004 -12005 12006 -12007 -12008 -12009 
v -12010 -12011 12012 -12013 -12014 -12015 12016 -12017 12018 -12019 -12020 
v -12021 12022 -12023 -12024 -12025 -12026 -12027 -12028 -12029 -12030 -12031 
v -12032 -12033 -12034 -12035 -12036 -12037 12038 -12039 12040 -12041 12042 
v -12043 -12044 -12045 -12046 -12047 -12048 -12049 12050 -12051 -12052 -12053 
v 12054 -12055 12056 12057 -12058 -12059 12060 -12061 12062 -12063 -12064 
v -12065 -12066 -12067 12068 12069 -12070 -12071 -12072 -12073 12074 12075 
v 12076 12077 12078 12079 12080 -12081 -12082 -12083 12084 -12085 12086 12087 
v 12088 12089 12090 -12091 12092 12093 12094 12095 12096 -12097 12098 -12099 
v 12100 -12101 12102 -12103 -12104 -12105 -12106 -12107 -12108 -12109 -12110 
v -12111 -12112 -12113 -12114 -12115 -12116 -12117 -12118 -12119 -12120 -12121 
v -12122 -12123 -12124 -12125 -12126 -12127 -12128 -12129 -12130 -12131 -12132 
v -12133 -12134 -12135 -12136 -12137 -12138 -12139 -12140 -12141 12142 -12143 
v -12144 -12145 -12146 -12147 -12148 -12149 -12150 -12151 -12152 -12153 -12154 
v -12155 -12156 -12157 -12158 -12159 -12160 -12161 -12162 -12163 -12164 -12165 
v -12166 -12167 -12168 -12169 -12170 -12171 -12172 -12173 -12174 -12175 -12176 
v -12177 -12178 -12179 -12180 -12181 -12182 -12183 -12184 -12185 -12186 -12187 
v -12188 -12189 -12190 -12191 -12192 -12193 12194 -12195 12196 -12197 -12198 
v -12199 -12200 -12201 12202 -12203 12204 -12205 -12206 -12207 -12208 -12209 
v -12210 -12211 12212 -12213 -12214 -12215 -12216 -12217 12218 -12219 12220 
v -12221 12222 -12223 -12224 -12225 -12226 -12227 -12228 -12229 -12230 -12231 
v 12232 -12233 -12234 -12235 -12236 -12237 12238 -12239 -12240 -12241 -12242 
v -12243 12244 -12245 -12246 -12247 12248 -12249 -12250 -12251 -12252 -12253 
v -12254 -12255 -12256 -12257 -12258 -12259 -12260 -12261 -12262 -12263 12264 
v 12265 -12266 -12267 -12268 -12269 -12270 -12271 12272 12273 12274 -12275 
v 12276 12277 12278 12279 -12280 -12281 12282 -12283 12284 12285 12286 12287 
v 12288 12289 12290 -12291 12292 12293 12294 -12295 -12296 -12297 -12298 -12299 
v 12300 12301 12302 -12303 12304 12305 12306 12307 12308 12309 12310 12311 
v 12312 12313 12314 12315 12316 -12317 12318 -12319 12320 -12321 12322 -12323 
v 12324 -12325 12326 -12327 -12328 -12329 -12330 -12331 -12332 12333 -12334 
v -12335 -12336 -12337 -12338 -12339 -12340 -12341 -12342 -12343 -12344 -12345 
v -12346 -12347 -12348 12349 -12350 -12351 -12352 -12353 -12354 -12355 -12356 
v -12357 -12358 -12359 -12360 -12361 -12362 -12363 -12364 -12365 -12366 -12367 
v -12368 -12369 -12370 -12371 -12372 -12373 -12374 -12375 -12376 12377 12378 
v -12379 -12380 12381 -12382 12383 -12384 12385 -12386 12387 -12388 12389 
v -12390 12391 -12392 12393 -12394 -12395 -12396 -12397 -12398 12399 12400 
v -12401 -12402 12403 -12404 12405 12406 -12407 -12408 12409 -12410 12411 
v -12412 -12413 -12414 -12415 -12416 12417 12418 -12419 -12420 12421 -12422 
v 12423 -12424 12425 -12426 12427 -12428 -12429 -12430 -12431 -12432 -12433 
v -12434 12435 -12436 -12437 -12438 -12439 -12440 12441 12442 12443 12444 
v -12445 -12446 -12447 -12448 12449 -12450 -12451 -12452 -12453 -12454 -12455 
v -12456 -12457 -12458 -12459 -12460 -12461 -12462 -12463 -12464 -12465 -12466 
v -12467 -12468 -12469 -12470 -12471 -12472 -12473 -12474 -12475 -12476 -12477 
v -12478 -12479 -12480 -12481 -12482 -12483 -12484 -12485 -12486 -12487 -12488 
v -12489 -12490 -12491 -12492 -12493 -12494 -12495 -12496 -12497 -12498 -12499 
v -12500 -12501 -12502 -12503 -12504 -12505 -12506 -12507 -12508 -12509 -12510 
v -12511 -12512 -12513 -12514 -12515 -12516 -12517 -12518 -12519 -12520 -12521 
v -12522 -12523 -12524 -12525 -12526 -12527 -12528 -12529 -12530 -12531 -12532 
v -12533 -12534 -12535 -12536 -12537 -12538 -12539 -12540 -12541 -12542 -12543 
v -12544 -12545 -12546 -12547 -12548 -12549 -12550 -12551 -12552 -12553 -12554 
v -12555 -12556 -12557 -12558 -12559 -12560 -12561 -12562 -12563 -12564 -12565 
v -12566 -12567 -12568 -12569 -12570 -12571 -12572 -12573 -12574 -12575 -12576 
v -12577 -12578 -12579 -12580 12581 -12582 -12583 -12584 -12585 -12586 12587 
v -12588 -12589 -12590 -12591 -12592 12593 -12594 12595 -12596 12597 -12598 
v -12599 -12600 -12601 -12602 -12603 -12604 -12605 -12606 -12607 -12608 -12609 
v -12610 -12611 -12612 12613 12614 -12615 -12616 12617 -12618 -12619 -12620 
v 12621 -12622 12623 -12624 12625 -12626 -12627 -12628 -12629 -12630 -12631 
v -12632 12633 -12634 -12635 -12636 12637 -12638 -12639 -12640 -12641 -12642 
v -12643 -12644 -12645 -12646 -12647 -12648 -12649 -12650 -12651 -12652 12653 
v 12654 -12655 -12656 -12657 -12658 -12659 -12660 12661 12662 12663 12664 12665 
v -12666 -12667 -12668 12669 -12670 -12671 -12672 -12673 -12674 -12675 -12676 
v -12677 -12678 -12679 -12680 -12681 -12682 -12683 12684 -12685 12686 -12687 
v -12688 -12689 12690 -12691 12692 -12693 -12694 -12695 -12696 -12697 12698 
v -12699 -12700 -12701 -12702 -12703 12704 -12705 -12706 -12707 -12708 -12709 
v 12710 -12711 -12712 -12713 -12714 -12715 12716 -12717 -12718 -12719 12720 
v -12721 -12722 -12723 -12724 -12725 -12726 -12727 -12728 -12729 12730 -12731 
v -12732 -12733 -12734 -12735 12736 12737 12738 -12739 12740 12741 12742 -12743 
v -12744 -12745 12746 -12747 12748 12749 12750 12751 -12752 -12753 12754 12755 
v 12756 -12757 12758 12759 12760 -12761 -12762 -12763 -12764 -12765 12766 12767 
v 12768 -12769 -12770 -12771 12772 12773 -12774 -12775 12776 -12777 12778 
v -12779 -12780 -12781 -12782 -12783 12784 12785 -12786 -12787 -12788 -12789 
v 12790 12791 12792 12793 12794 12795 -12796 -12797 -12798 -12799 -12800 -12801 
v -12802 -12803 12804 -12805 -12806 -12807 12808 -12809 -12810 -12811 -12812 
v -12813 -12814 -12815 -12816 -12817 -12818 -12819 -12820 -12821 -12822 -12823 
v 12824 -12825 -12826 -12827 -12828 -12829 -12830 -12831 -12832 -12833 -12834 
v -12835 -12836 -12837 -12838 -12839 -12840 -12841 -12842 -12843 -12844 -12845 
v -12846 -12847 -12848 -12849 -12850 -12851 -12852 -12853 -12854 -12855 -12856 
v -12857 -12858 -12859 -12860 -12861 -12862 -12863 -12864 -12865 -12866 -12867 
v -12868 -12869 -12870 -12871 -12872 -12873 -12874 -12875 -12876 -12877 -12878 
v -12879 12880 -12881 -12882 -12883 -12884 -12885 -12886 -12887 -12888 -12889 
v -12890 -12891 12892 -12893 -12894 -12895 -12896 -12897 12898 -12899 -12900 
v -12901 -12902 -12903 -12904 -12905 -12906 -12907 -12908 -12909 -12910 -12911 
v -12912 -12913 -12914 -12915 12916 12917 -12918 -12919 -12920 -12921 -12922 
v -12923 -12924 -12925 -12926 -12927 -12928 -12929 12930 12931 12932 -12933 
v 12934 12935 12936 -12937 -12938 -12939 -12940 -12941 12942 12943 12944 -12945 
v 12946 12947 -12948 -12949 12950 -12951 12952 -12953 -12954 -12955 -12956 
v -12957 12958 12959 -12960 -12961 12962 12963 12964 12965 12966 12967 -12968 
v -12969 12970 12971 -12972 -12973 12974 -12975 12976 -12977 -12978 -12979 
v -12980 -12981 12982 12983 -12984 -12985 12986 -12987 -12988 -12989 -12990 
v -12991 12992 -12993 -12994 -12995 -12996 -12997 12998 -12999 -13000 -13001 
v 13002 13003 13004 13005 -13006 -13007 -13008 -13009 13010 13011 13012 13013 
v 13014 13015 13016 13017 13018 13019 13020 -13021 -13022 -13023 -13024 -13025 
v -13026 -13027 -13028 13029 -13030 13031 -13032 -13033 -13034 -13035 -13036 
v 13037 -13038 13039 -13040 13041 13042 -13043 -13044 13045 -13046 13047 13048 
v 13049 -13050 13051 13052 13053 -13054 -13055 -13056 13057 -13058 13059 13060 
v 13061 13062 -13063 -13064 -13065 -13066 -13067 -13068 -13069 -13070 -13071 
v -13072 -13073 -13074 -13075 -13076 13077 -13078 13079 -13080 -13081 -13082 
v -13083 -13084 13085 -13086 -13087 -13088 -13089 -13090 -13091 -13092 -13093 
v -13094 13095 -13096 -13097 13098 13099 -13100 -13101 -13102 13103 13104 13105 
v -13106 13107 13108 13109 13110 -13111 -13112 13113 -13114 13115 13116 13117 
v 13118 -13119 -13120 13121 -13122 -13123 -13124 -13125 -13126 13127 13128 
v -13129 -13130 13131 -13132 13133 -13134 13135 -13136 -13137 -13138 13139 
v 13140 13141 13142 13143 -13144 13145 13146 -13147 -13148 -13149 -13150 -13151 
v -13152 -13153 -13154 -13155 -13156 -13157 -13158 -13159 -13160 -13161 -13162 
v -13163 -13164 -13165 -13166 -13167 -13168 -13169 -13170 -13171 -13172 -13173 
v -13174 13175 -13176 13177 -13178 -13179 -13180 -13181 -13182 -13183 -13184 
v 13185 -13186 -13187 -13188 -13189 -13190 -13191 -13192 -13193 -13194 -13195 
v -13196 -13197 -13198 -13199 -13200 -13201 -13202 -13203 -13204 -13205 -13206 
v -13207 -13208 -13209 -13210 -13211 -13212 -13213 -13214 -13215 -13216 -13217 
v -13218 -13219 -13220 -13221 -13222 -13223 -13224 -13225 -13226 -13227 -13228 
v -13229 -13230 -13231 -13232 -13233 -13234 -13235 -13236 -13237 -13238 -13239 
v -13240 13241 -13242 -13243 -13244 -13245 -13246 13247 -13248 -13249 -13250 
v -13251 -13252 -13253 -13254 -13255 -13256 -13257 -13258 -13259 -13260 -13261 
v -13262 -13263 -13264 13265 13266 -13267 -13268 -13269 -13270 -13271 -13272 
v -13273 -13274 -13275 -13276 -13277 -13278 13279 -13280 13281 -13282 13283 
v -13284 13285 -13286 -13287 -13288 -13289 -13290 13291 13292 -13293 -13294 
v 13295 13296 -13297 -13298 13299 -13300 -13301 -13302 -13303 -13304 -13305 
v -13306 13307 -13308 -13309 -13310 13311 13312 13313 13314 -13315 -13316 
v -13317 -13318 13319 13320 -13321 -13322 13323 -13324 13325 -13326 -13327 
v -13328 -13329 -13330 13331 13332 -13333 -13334 13335 -13336 -13337 -13338 
v -13339 -13340 13341 -13342 -13343 -13344 -13345 -13346 13347 -13348 -13349 
v -13350 13351 13352 13353 13354 13355 -13356 -13357 -13358 13359 13360 13361 
v 13362 13363 13364 13365 13366 13367 -13368 13369 -13370 -13371 -13372 -13373 
v 13374 13375 -13376 13377 -13378 13379 13380 -13381 -13382 13383 -13384 -13385 
v -13386 13387 -13388 13389 -13390 -13391 -13392 -13393 -13394 13395 13396 
v -13397 -13398 13399 -13400 13401 -13402 -13403 -13404 -13405 -13406 13407 
v 13408 -13409 -13410 -13411 -13412 13413 -13414 13415 13416 13417 13418 13419 
v -13420 13421 13422 -13423 -13424 13425 -13426 13427 -13428 -13429 -13430 
v -13431 -13432 13433 13434 13435 -13436 13437 13438 13439 -13440 -13441 -13442 
v -13443 -13444 13445 13446 13447 -13448 -13449 -13450 13451 13452 -13453 
v -13454 13455 -13456 13457 13458 -13459 -13460 13461 -13462 13463 13464 13465 
v -13466 -13467 -13468 13469 13470 -13471 -13472 13473 -13474 13475 -13476 
v -13477 -13478 -13479 -13480 13481 13482 -13483 -13484 -13485 -13486 13487 
v 13488 13489 13490 13491 13492 -13493 -13494 -13495 -13496 -13497 -13498 
v -13499 -13500 -13501 -13502 -13503 -13504 -13505 -13506 -13507 -13508 -13509 
v -13510 -13511 -13512 13513 -13514 13515 -13516 -13517 -13518 -13519 -13520 
v 13521 -13522 -13523 -13524 -13525 -13526 -13527 -13528 -13529 -13530 -13531 
v -13532 -13533 -13534 -13535 -13536 -13537 -13538 -13539 -13540 -13541 -13542 
v -13543 -13544 -13545 -13546 -13547 -13548 -13549 -13550 13551 -13552 13553 
v -13554 -13555 -13556 -13557 -13558 13559 -13560 -13561 -13562 -13563 -13564 
v -13565 -13566 -13567 -13568 -13569 -13570 -13571 -13572 -13573 -13574 -13575 
v -13576 13577 13578 -13579 -13580 13581 -13582 -13583 -13584 -13585 -13586 
v -13587 -13588 13589 -13590 -13591 -13592 -13593 -13594 -13595 -13596 -13597 
v -13598 -13599 -13600 -13601 -13602 -13603 -13604 -13605 -13606 -13607 -13608 
v -13609 -13610 -13611 -13612 13613 -13614 -13615 -13616 -13617 -13618 -13619 
v -13620 -13621 -13622 -13623 -13624 -13625 -13626 -13627 -13628 -13629 -13630 
v -13631 -13632 -13633 -13634 -13635 -13636 -13637 -13638 -13639 -13640 -13641 
v -13642 -13643 -13644 -13645 -13646 -13647 -13648 -13649 -13650 -13651 -13652 
v -13653 -13654 -13655 -13656 -13657 -13658 -13659 -13660 -13661 -13662 -13663 
v -13664 -13665 -13666 -13667 -13668 -13669 -13670 -13671 -13672 -13673 -13674 
v -13675 -13676 -13677 -13678 -13679 -13680 -13681 -13682 -13683 -13684 -13685 
v -13686 -13687 -13688 -13689 -13690 -13691 -13692 -13693 -13694 -13695 -13696 
v -13697 -13698 -13699 -13700 -13701 -13702 -13703 -13704 -13705 -13706 -13707 
v -13708 -13709 -13710 -13711 -13712 -13713 -13714 -13715 -13716 -13717 -13718 
v -13719 -13720 -13721 -13722 -13723 -13724 -13725 -13726 -13727 -13728 -13729 
v -13730 -13731 -13732 -13733 -13734 -13735 -13736 -13737 -13738 -13739 -13740 
v -13741 -13742 -13743 -13744 -13745 -13746 -13747 -13748 -13749 -13750 -13751 
v -13752 -13753 -13754 -13755 -13756 -13757 -13758 -13759 -13760 -13761 -13762 
v 13763 -13764 -13765 -13766 13767 -13768 -13769 -13770 -13771 -13772 13773 
v -13774 -13775 -13776 -13777 -13778 -13779 -13780 -13781 -13782 -13783 -13784 
v -13785 -13786 -13787 -13788 -13789 -13790 -13791 -13792 -13793 -13794 -13795 
v -13796 -13797 -13798 -13799 -13800 -13801 -13802 -13803 -13804 -13805 -13806 
v -13807 -13808 -13809 -13810 -13811 -13812 -13813 -13814 -13815 -13816 -13817 
v -13818 -13819 -13820 -13821 -13822 -13823 -13824 -13825 -13826 -13827 -13828 
v 13829 -13830 -13831 -13832 -13833 -13834 -13835 -13836 -13837 -13838 -13839 
v -13840 -13841 -13842 -13843 -13844 -13845 -13846 -13847 -13848 -13849 -13850 
v -13851 -13852 -13853 -13854 -13855 -13856 -13857 -13858 -13859 -13860 -13861 
v -13862 -13863 -13864 -13865 -13866 -13867 -13868 -13869 -13870 -13871 -13872 
v -13873 -13874 -13875 -13876 -13877 -13878 -13879 -13880 -13881 -13882 -13883 
v -13884 -13885 -13886 -13887 -13888 -13889 -13890 13891 13892 13893 -13894 
v 13895 -13896 13897 -13898 13899 -13900 -13901 -13902 -13903 -13904 13905 
v -13906 -13907 -13908 -13909 -13910 13911 -13912 -13913 -13914 -13915 -13916 
v -13917 -13918 -13919 -13920 -13921 -13922 -13923 -13924 -13925 -13926 -13927 
v -13928 -13929 -13930 -13931 -13932 -13933 -13934 -13935 -13936 -13937 -13938 
v -13939 -13940 -13941 -13942 -13943 -13944 -13945 -13946 -13947 -13948 -13949 
v -13950 -13951 -13952 -13953 -13954 13955 -13956 -13957 -13958 -13959 -13960 
v -13961 -13962 -13963 -13964 -13965 -13966 -13967 -13968 -13969 -13970 -13971 
v -13972 13973 -13974 -13975 -13976 -13977 -13978 -13979 -13980 -13981 -13982 
v -13983 -13984 -13985 -13986 -13987 -13988 -13989 -13990 13991 -13992 -13993 
v -13994 -13995 -13996 -13997 -13998 -13999 -14000 -14001 -14002 -14003 -14004 
v 14005 14006 -14007 -14008 14009 -14010 -14011 -14012 -14013 -14014 -14015 
v -14016 14017 -14018 -14019 -14020 -14021 -14022 -14023 -14024 -14025 -14026 
v -14027 -14028 -14029 -14030 -14031 -14032 -14033 -14034 -14035 -14036 14037 
v -14038 -14039 -14040 -14041 -14042 -14043 -14044 14045 -14046 -14047 -14048 
v -14049 -14050 -14051 -14052 -14053 -14054 -14055 -14056 -14057 -14058 -14059 
v -14060 -14061 -14062 -14063 -14064 -14065 -14066 -14067 -14068 -14069 -14070 
v -14071 -14072 -14073 -14074 -14075 -14076 -14077 -14078 -14079 -14080 -14081 
v -14082 -14083 -14084 14085 14086 -14087 -14088 -14089 -14090 -14091 -14092 
v -14093 -14094 -14095 -14096 -14097 -14098 -14099 -14100 14101 -14102 -14103 
v -14104 -14105 -14106 -14107 -14108 -14109 -14110 -14111 -14112 -14113 -14114 
v -14115 -14116 14117 -14118 -14119 -14120 -14121 -14122 -14123 -14124 -14125 
v -14126 -14127 -14128 -14129 -14130 -14131 -14132 14133 -14134 -14135 -14136 
v -14137 -14138 -14139 -14140 14141 -14142 -14143 -14144 -14145 -14146 -14147 
v -14148 -14149 -14150 -14151 -14152 -14153 -14154 -14155 -14156 -14157 -14158 
v -14159 -14160 -14161 -14162 -14163 -14164 -14165 -14166 -14167 -14168 -14169 
v -14170 -14171 -14172 -14173 -14174 -14175 -14176 -14177 -14178 -14179 -14180 
v 14181 14182 -14183 -14184 -14185 -14186 -14187 -14188 -14189 -14190 -14191 
v -14192 -14193 -14194 -14195 -14196 14197 14198 -14199 -14200 14201 -14202 
v -14203 -14204 -14205 -14206 -14207 -14208 14209 -14210 -14211 -14212 14213 
v -14214 -14215 -14216 -14217 -14218 -14219 -14220 -14221 -14222 -14223 -14224 
v -14225 -14226 -14227 -14228 14229 14230 -14231 -14232 -14233 -14234 -14235 
v -14236 14237 14238 14239 -14240 14241 14242 -14243 -14244 -14245 -14246 
v -14247 -14248 14249 -14250 14251 -14252 -14253 -14254 -14255 -14256 -14257 
v -14258 -14259 -14260 -14261 -14262 -14263 -14264 -14265 -14266 -14267 -14268 
v 14269 -14270 -14271 -14272 14273 -14274 -14275 -14276 14277 14278 14279 14280 
v -14281 -14282 -14283 -14284 -14285 -14286 14287 -14288 -14289 -14290 -14291 
v -14292 14293 14294 -14295 -14296 14297 -14298 14299 14300 -14301 -14302 14303 
v -14304 14305 14306 14307 -14308 14309 14310 -14311 -14312 14313 -14314 14315 
v -14316 -14317 -14318 -14319 -14320 14321 14322 -14323 -14324 14325 14326 
v 14327 14328 14329 14330 -14331 -14332 14333 14334 -14335 -14336 14337 -14338 
v 14339 -14340 -14341 -14342 -14343 -14344 14345 14346 -14347 -14348 14349 
v 14350 14351 -14352 14353 14354 -14355 -14356 -14357 -14358 -14359 -14360 
v 14361 -14362 14363 -14364 14365 14366 14367 14368 -14369 -14370 14371 -14372 
v 14373 14374 14375 14376 14377 14378 14379 14380 14381 14382 14383 -14384 
v -14385 -14386 14387 -14388 14389 14390 14391 14392 14393 14394 14395 14396 
v 14397 14398 14399 14400 14401 14402 14403 14404 14405 14406 14407 14408 14409 
v 14410 14411 14412 14413 14414 14415 14416 14417 14418 14419 14420 14421 14422 
v 14423 14424 14425 14426 14427 14428 14429 14430 14431 14432 14433 14434 14435 
v 14436 14437 14438 14439 14440 14441 14442 14443 14444 14445 14446 14447 14448 
v 14449 14450 14451 14452 14453 14454 14455 14456 14457 14458 14459 14460 14461 
v 14462 14463 14464 14465 14466 14467 14468 14469 14470 14471 14472 14473 14474 
v 14475 14476 14477 14478 14479 14480 14481 14482 14483 14484 14485 14486 14487 
v 14488 14489 14490 14491 14492 14493 14494 14495 14496 14497 14498 14499 14500 
v 14501 14502 14503 14504 14505 14506 14507 14508 14509 14510 14511 14512 14513 
v 14514 14515 14516 14517 14518 14519 14520 14521 14522 14523 14524 14525 14526 
v 14527 14528 14529 14530 14531 14532 14533 14534 14535 14536 14537 14538 14539 
v 14540 14541 14542 14543 14544 14545 14546 14547 14548 14549 14550 14551 14552 
v 14553 14554 14555 14556 14557 14558 14559 14560 14561 14562 14563 14564 14565 
v 14566 14567 14568 14569 14570 14571 14572 14573 14574 14575 14576 14577 14578 
v 14579 14580 14581 14582 14583 14584 14585 14586 14587 14588 14589 14590 14591 
v 14592 14593 14594 14595 14596 14597 14598 14599 14600 14601 14602 14603 14604 
v 14605 14606 14607 14608 14609 14610 14611 14612 14613 14614 14615 14616 14617 
v 14618 14619 14620 14621 14622 14623 14624 14625 14626 14627 14628 14629 14630 
v 14631 14632 14633 14634 14635 14636 14637 14638 14639 14640 14641 14642 14643 
v 14644 14645 14646 14647 14648 14649 14650 14651 14652 14653 14654 14655 14656 
v 14657 14658 14659 14660 14661 14662 14663 14664 14665 14666 14667 14668 14669 
v 14670 14671 14672 14673 14674 14675 14676 14677 14678 14679 14680 14681 14682 
v 14683 14684 14685 14686 14687 14688 14689 14690 14691 14692 14693 14694 14695 
v 14696 14697 14698 14699 14700 14701 14702 14703 14704 14705 14706 14707 14708 
v 14709 14710 14711 14712 14713 14714 14715 14716 14717 14718 14719 14720 14721 
v 14722 14723 14724 14725 14726 14727 14728 14729 14730 14731 14732 14733 14734 
v 14735 14736 14737 14738 14739 14740 14741 14742 14743 14744 14745 14746 14747 
v 14748 14749 14750 14751 14752 14753 14754 14755 14756 14757 14758 14759 14760 
v 14761 14762 14763 14764 14765 14766 14767 14768 14769 14770 14771 14772 14773 
v 14774 14775 14776 14777 14778 14779 14780 14781 14782 14783 14784 14785 14786 0
c [g 0] truth-find prop checks  : 381K
c [g 0] -> of which prop        : 39.35 %
c [g 0] -> of which confl       :  1.67 %
c [g 0] elim called             : 43K
c [g 0] ---> which lead to prop : 141.21 %
c [g 0] ---> which lead to confl:  6.37 %
c [g 0] size: 47    x 106  

real	1m26.186s
user	1m25.484s
sys	0m0.152s
