c BreakID not compiled in, disabling
c CryptoMiniSat version 5.11.19
c CMS Copyright (C) 2009-2020 Authors of CryptoMiniSat, see AUTHORS file
c CMS SHA revision b80e09ebd7703fc13b987401d693d7d406a50441
c Using VMTF code by Armin Biere from CaDiCaL
c Using Yalsat by Armin Biere, see Balint et al. Improving implementation of SLS solvers [...], SAT'14
c Using WalkSAT by Henry Kautz, see Kautz and Selman Pushing the envelope: planning, propositional logic, and stochastic search, AAAI'96,
c CMS is MIT licensed
c Using code from 'When Boolean Satisfiability Meets Gauss-E. in a Simplex Way'
c       by C.-S. Han and J.-H. Roland Jiang in CAV 2012. Fixes by M. Soos
c Using CCAnr from 'CCAnr: A Conf. Checking Based Local Search Solver [...]'
c       by Shaowei Cai, Chuan Luo, and Kaile Su, SAT 2015
c CMS compilation env CMAKE_CXX_COMPILER = /usr/bin/c++ | CMAKE_CXX_FLAGS =  -fvisibility=hidden -Wall -Wextra -Wunused -Wsign-compare -fno-omit-frame-pointer -Wtype-limits -Wuninitialized -Wno-deprecated -Wstrict-aliasing -Wpointer-arith -Wpointer-arith -Wformat-nonliteral -Winit-self -Wparentheses -Wunreachable-code -g -Wno-class-memaccess -mpopcnt -msse4.2 -ggdb3 -Wlogical-op -Wrestrict -Wnull-dereference -Wdouble-promotion -Wshadow -Wformat=2 -Wextra-semi -pedantic | COMPILE_DEFINES =  -DRDB0_ONLY_FEATURES -DUSE_ZLIB -DYALSAT_FPU | STATICCOMPILE = OFF | ONLY_SIMPLE =  | STATS = OFF | SQLITE3_FOUND =  | ZLIB_FOUND = TRUE | VALGRIND_FOUND =  | ENABLE_TESTING = OFF | SLOW_DEBUG = OFF | ENABLE_ASSERTIONS = ON | PYTHON_EXECUTABLE =  | PYTHON_LIBRARY =  | PYTHON_INCLUDE_DIRS =  | MY_TARGETS =  | LARGEMEM = OFF | LIMITMEM = OFF | BREAKID_LIBRARIES =  | BREAKID-VER = . | BOSPHORUS_LIBRARIES =  | BOSPH-VER = . | compilation date time = Jul 13 2026 14:05:03
c CMS compiled with gcc version 11.5.0 20240719 (Red Hat 11.5.0-5)
c Executed with command line: ./cryptominisat5 ./instancesBreak/Syndrome_80_100/SD_80_50000.cnf_break.cnf
c Reading file './instancesBreak/Syndrome_80_100/SD_80_50000.cnf_break.cnf'
c -- header says num vars:          14910
c -- header says num clauses:       22592
c -- clauses added: 22552
c -- xor clauses added: 40
c -- vars added 14910
c Parsing time: 0.00 s
c [find&init matx] performing matrix init
c [gauss] XOR-encoding clauses are not detached, so no need to reattach them.
c [xor-rem-unconnected] left with 40 xors from 40 non-empty xors T: 0.00
c [xor-together] xored together: 0 orig xors: 40 new xors: 40 T: 0.00
c [xor-rem-unconnected] left with 40 xors from 40 non-empty xors T: 0.00
c [xor-clean-equiv] removed equivalent xors: 0 left with: 40
c [matrix] unused xors from cleaning: 0
c [matrix] Good   matrix  0     40 x   80  density:0.2731  xorlen avg: 21.85
c [matrix] Using 1 matrices recovered from 0 xors T: 0.00 T-out: N
c [branch] adjusting to: vsid (from: vsid) var_decay:0.95 descr: VSIDS
c rst  geom  stb   vs     1   112   15020 10881 14507    3.29    2.55     9    28    74     1   41.44   41.09
c rst  geom  stb   vs     2   236   15020 10881 14507    3.29    2.55    10    54   170     2   34.31   34.04
c  res  pol bran  nres  conf freevar  IrrL  IrrB l/longC  l/allC RedL0 RedL1 RedL2  RedB l/longC  l/allC
c rst  geom  stb   vs     3   370   15020 10881 14507    3.29    2.55    10    54   304     2   29.45   29.31
c rst  geom  stb   vs     4   517   15020 10881 14507    3.29    2.55    10    54   451     2   28.51   28.41
c rst  geom  stb   vs     5   679   15020 10881 14507    3.29    2.55    10    54   613     2   28.54   28.46
c rst  geom  stb   vs     6   857   15020 10881 14507    3.29    2.55    10    54   791     2   28.51   28.45
c rst  geom  stb   vs     7  1051   15020 10881 14507    3.29    2.55    10    54   985     2   28.25   28.20
c rst  geom  stb   vs     8  1264   15020 10881 14507    3.29    2.55    10    54  1198     2   27.85   27.81
c rst  geom  stb   vs     9  1499   15020 10881 14507    3.29    2.55    10    54  1433     2   27.94   27.91
c rst  geom  stb   vs    10  1756   15020 10881 14507    3.29    2.55    10    54  1690     2   28.46   28.43
c rst  geom  stb   vs    11  2038   15020 10881 14507    3.29    2.55    10    54  1972     2   28.81   28.79
c rst  geom  stb   vs    12  2349   15020 10881 14507    3.29    2.55    10    54  2283     2   28.87   28.85
c rst  geom  stb   vs    13  2689   15020 10881 14507    3.29    2.55    10    54  2623     2   28.76   28.74
c rst  geom  stb   vs    14  3062   15020 10881 14507    3.29    2.55    10    54  2996     2   29.12   29.10
c rst  geom  stb   vs    15  3472   15020 10881 14507    3.29    2.55    10    54  3406     2   29.01   29.00
c rst  geom  stb   vs    16  3922   15020 10881 14507    3.29    2.55    10    54  3856     2   28.81   28.80
c rst  geom  stb   vs    17  4416   15020 10881 14507    3.29    2.55    10    54  4350     2   28.76   28.75
c rst  geom  stb   vs    18  4959   15020 10881 14507    3.29    2.55    10    54  4893     2   28.82   28.81
c rst  geom  stb   vs    19  5556   15020 10881 14507    3.29    2.55    10    54  5490     2   28.81   28.80
c [branch] adjusting to: vmtf (from: vsid) var_decay:0.95 descr: VMTF
c [distill-long-red0] cls tried: 10/10 T: 0.00 T-out: N T-r: 100.00%
c [distill-long-red1] cls tried: 54/54 T: 0.00 T-out: N T-r: 93.83%
c rst  luby ibes  vmt    20  5657   15020 10881 14507    3.29    2.55    19    79  5554     5   28.78   28.76
c rst  luby ibes  vmt    21  5758   15020 10881 14507    3.29    2.55    19    79  5655     5   28.75   28.72
c rst  luby ibes  vmt    22  5959   15020 10881 14507    3.29    2.55    19    80  5855     5   28.55   28.53
c rst  luby ibes  vmt    23  6062   15020 10881 14507    3.29    2.55    19    80  5958     5   28.52   28.50
c rst  luby ibes  vmt    24  6164   15020 10881 14507    3.29    2.55    19    80  6060     5   28.56   28.54
c rst  luby ibes  vmt    25  6365   15020 10881 14507    3.29    2.55    19    80  6261     5   28.37   28.35
c rst  luby ibes  vmt    26  6766   15020 10881 14507    3.29    2.55    19    80  6662     5   28.27   28.25
c rst  luby ibes  vmt    27  6868   15020 10881 14507    3.29    2.55    19    80  6764     5   28.29   28.27
c rst  luby ibes  vmt    28  6971   15020 10881 14507    3.29    2.55    19    80  6867     5   28.22   28.21
c rst  luby ibes  vmt    29  7174   15020 10881 14507    3.29    2.55    19    81  7069     5   28.11   28.09
c rst  luby ibes  vmt    30  7276   15020 10881 14507    3.29    2.55    19    81  7171     5   28.05   28.03
c rst  luby ibes  vmt    31  7377   15020 10881 14507    3.29    2.55    19    82  7271     5   28.09   28.07
c rst  luby ibes  vmt    32  7580   15020 10881 14507    3.29    2.55    19    83  7473     5   27.94   27.93
c rst  luby ibes  vmt    33  7982   15020 10881 14507    3.29    2.55    19    83  7875     5   27.66   27.64
c rst  luby ibes  vmt    34  8783   15020 10881 14507    3.29    2.55    19    83  8676     5   27.75   27.74
c rst  luby ibes  vmt    35  8885   15020 10881 14507    3.29    2.55    19    83  8778     5   27.68   27.67
c rst  luby ibes  vmt    36  8988   15020 10881 14507    3.29    2.55    19    84  8880     5   27.61   27.59
c rst  luby ibes  vmt    37  9190   15020 10881 14507    3.29    2.55    19    84  9082     5   27.63   27.61
c rst  luby ibes  vmt    38  9291   15020 10881 14507    3.29    2.55    19    84  9183     5   27.55   27.54
c rst  luby ibes  vmt    39  9392   15020 10881 14507    3.29    2.55    19    84  9284     5   27.58   27.56
c rst  luby ibes  vmt    40  9594   15020 10881 14507    3.29    2.55    19    84  9486     5   27.54   27.52
c rst  luby ibes  vmt    41  9995   15020 10881 14507    3.29    2.55    19    84  9887     5   27.75   27.74
c rst  luby ibes  vmt    42 10096   15020 10881 14507    3.29    2.55    48    55  9988     5   27.69   27.68
c rst  luby ibes  vmt    43 10197   15020 10881 14507    3.29    2.55    48    63 10081     5   27.65   27.64
c rst  luby ibes  vmt    44 10398   15020 10881 14507    3.29    2.55    48    63 10282     5   27.55   27.54
c rst  luby ibes  vmt    45 10500   15020 10881 14507    3.29    2.55    48    63 10384     5   27.58   27.57
c rst  luby ibes  vmt    46 10601   15020 10881 14507    3.29    2.55    48    63 10485     5   27.63   27.62
c rst  luby ibes  vmt    47 10802   15020 10881 14507    3.29    2.55    48    63 10686     5   27.58   27.57
c rst  luby  svd  vmt    48 11203   15020 10881 14507    3.29    2.55    48    63 11087     5   27.72   27.71
c rst  luby  svd  vmt    49 12006   15020 10881 14507    3.29    2.55    48    63 11890     5   27.71   27.70
c [branch] adjusting to: vsid (from: vmtf) var_decay:0.95 descr: VSIDS
c [distill-bin] useful: 176/14507/14507 lits-rem: 0 cl-rem: 176 0-depth-assigns: 0 T: 0.01 T-out: N
c rst  geom  svd   vs    50 12121   15020 10881 14045    3.29    2.56    48    63 12005     5   27.74   27.73
c rst  geom  svd   vs    51 12244   15020 10881 14045    3.29    2.56    48    63 12128     5   27.74   27.73
c rst  geom  svd   vs    52 12379   15020 10881 14045    3.29    2.56    48    63 12263     5   27.75   27.74
c rst  geom  svd   vs    53 12526   15020 10881 14045    3.29    2.56    48    63 12410     5   27.76   27.75
c rst  geom  svd   vs    54 12687   15020 10881 14045    3.29    2.56    48    63 12571     5   27.80   27.79
c rst  geom  svd   vs    55 12864   15020 10881 14045    3.29    2.56    48    63 12748     5   27.82   27.81
c rst  geom  svd   vs    56 13060   15020 10881 14045    3.29    2.56    48    63 12944     5   27.84   27.83
c rst  geom  svd   vs    57 13274   15020 10881 14045    3.29    2.56    48    63 13158     5   27.89   27.88
c rst  geom  svd   vs    58 13508   15020 10881 14045    3.29    2.56    48    63 13392     5   27.89   27.88
c rst  geom  svd   vs    59 13766   15020 10881 14045    3.29    2.56    48    63 13650     5   27.89   27.88
c rst  geom  svd   vs    60 14048   15020 10881 14045    3.29    2.56    48    63 13932     5   27.89   27.88
c rst  geom  svd   vs    61 14361   15020 10881 14045    3.29    2.56    48    63 14245     5   27.88   27.87
c rst  geom  svd   vs    62 14701   15020 10881 14045    3.29    2.56    48    63 14585     5   27.91   27.90
c rst  geom  svd   vs    63 15074   15020 10881 14045    3.29    2.56    50   104 14915     5   27.95   27.94
c rst  geom  svd   vs    64 15487   15020 10881 14045    3.29    2.56    50   104 15328     5   27.96   27.95
c rst  geom  svd   vs    65 15939   15020 10881 14045    3.29    2.56    50   104 15780     5   28.02   28.01
c rst  geom  svd   vs    66 16434   15020 10881 14045    3.29    2.56    50   104 16275     5   28.02   28.01
c rst  geom best   vs    67 16978   15020 10881 14045    3.29    2.56    50   104 16819     5   28.31   28.30
c rst  geom best   vs    68 17575   15020 10881 14045    3.29    2.56    50   104 17416     5   28.51   28.50
c rst  geom best   vs    69 18232   15020 10881 14045    3.29    2.56    50   104 18073     5   28.66   28.65
c [branch] adjusting to: vmtf (from: vsid) var_decay:0.95 descr: VMTF
c rst  luby best  vmt    70 18337   15020 10881 14045    3.29    2.56    50   104 18178     5   28.67   28.67
c rst  luby best  vmt    71 18439   15020 10881 14045    3.29    2.56    50   104 18280     5   28.68   28.67
c rst  luby best  vmt    72 18640   15020 10881 14045    3.29    2.56    50   104 18481     5   28.67   28.66
c rst  luby best  vmt    73 18742   15020 10881 14045    3.29    2.56    50   104 18583     5   28.66   28.65
c rst  luby best  vmt    74 18843   15020 10881 14045    3.29    2.56    50   104 18684     5   28.69   28.69
c rst  luby best  vmt    75 19044   15020 10881 14045    3.29    2.56    50   104 18885     5   28.73   28.72
c rst  luby best  vmt    76 19446   15020 10881 14045    3.29    2.56    50   104 19287     5   28.77   28.76
c rst  luby best  vmt    77 19547   15020 10881 14045    3.29    2.56    50   104 19388     5   28.77   28.76
c rst  luby best  vmt    78 19648   15020 10881 14045    3.29    2.56    50   104 19489     5   28.77   28.77
c rst  luby best  vmt    79 19853   15020 10881 14045    3.29    2.56    50   104 19694     5   28.78   28.78
c rst  luby best  vmt    80 19955   15020 10881 14045    3.29    2.56    50   104 19796     5   28.81   28.80
c rst  luby best  vmt    81   20K   15020 10881 14045    3.29    2.56    52   102 19898     5   28.83   28.82
c [full-probe]  bin_only: 1 set: 0 repl: 0 T: 0.01 T-out: N T-r: 99.42%
c rst  luby best  vmt    82   20K   15020 10881 14045    3.29    2.56    52   102   20K     5   28.87   28.86
c rst  luby best  vmt    83   20K   15020 10881 14045    3.29    2.56    52   102   20K     5   28.89   28.88
c [distill-long-red0] cls tried: 18/18 T: 0.00 T-out: N T-r: 99.96%
c [distill-long-red1] cls tried: 72/72 T: 0.01 T-out: N T-r: 44.62%
c rst  luby best  vmt    84   21K   15020 10881 14045    3.29    2.56    52   102   21K     5   28.89   28.89
c rst  luby best  vmt    85   21K   15020 10881 14045    3.29    2.56    52   102   21K     5   28.90   28.89
c rst  luby best  vmt    86   21K   15020 10881 14045    3.29    2.56    52   102   21K     5   28.91   28.91
c rst  luby  stb  vmt    87   21K   15020 10881 14045    3.29    2.56    52   102   21K     5   28.89   28.88
c rst  luby  stb  vmt    88   21K   15020 10881 14045    3.29    2.56    52   102   21K     5   28.89   28.89
c rst  luby  stb  vmt    89   22K   15020 10881 14045    3.29    2.56    52   102   21K     5   28.87   28.86
c rst  luby  stb  vmt    90   22K   15020 10881 14045    3.29    2.56    52   103   22K     5   28.89   28.88
c rst  luby  stb  vmt    91   22K   15020 10881 14045    3.29    2.56    52   103   22K     5   28.95   28.94
c rst  luby  stb  vmt    92   22K   15020 10881 14045    3.29    2.56    52   103   22K     5   28.96   28.95
c rst  luby  stb  vmt    93   22K   15020 10881 14045    3.29    2.56    52   103   22K     5   28.97   28.96
c rst  luby  stb  vmt    94   23K   15020 10881 14045    3.29    2.56    52   103   22K     5   29.02   29.02
c rst  luby  stb  vmt    95   23K   15020 10881 14045    3.29    2.56    52   103   23K     5   29.04   29.03
c rst  luby  stb  vmt    96   23K   15020 10881 14045    3.29    2.56    52   103   23K     5   29.05   29.05
c rst  luby  stb  vmt    97   23K   15020 10881 14045    3.29    2.56    52   103   23K     5   29.11   29.10
c rst  luby  stb  vmt    98   23K   15020 10881 14045    3.29    2.56    52   103   23K     5   29.19   29.18
c rst  luby  stb  vmt    99   24K   15020 10881 14045    3.29    2.56    52   103   24K     5   29.28   29.27
c rst  luby  stb  vmt   100   26K   15020 10881 14045    3.29    2.56    52   103   26K     5   29.72   29.72
c [branch] adjusting to: vsid (from: vmtf) var_decay:0.95 descr: VSIDS
c [distill] watch-based irred--  cl tried    15298 cl-sh   174 cl-rem    0 lit-rem    174 T: 0.00 T-out: N
c [distill] watch-based   red--  cl tried      104 cl-sh     0 cl-rem    0 lit-rem      0 T: 0.00 T-out: N
c rst  geom  stb   vs   101   26K   15020 10651 14262    3.29    2.55    52   103   26K     5   29.72   29.72
c rst  geom  stb   vs   102   26K   15020 10651 14262    3.29    2.55    52   103   26K     5   29.73   29.73
c rst  geom  stb   vs   103   26K   15020 10651 14262    3.29    2.55    52   103   26K     5   29.73   29.73
c rst  geom  stb   vs   104   26K   15020 10651 14262    3.29    2.55    52   103   26K     5   29.74   29.73
c rst  geom  stb   vs   105   26K   15020 10651 14262    3.29    2.55    52   103   26K     5   29.74   29.73
c rst  geom ibes   vs   106   27K   15020 10651 14262    3.29    2.55    52   103   26K     5   29.68   29.67
c rst  geom ibes   vs   107   27K   15020 10651 14262    3.29    2.55    52   106   27K     5   29.59   29.59
c rst  geom ibes   vs   108   27K   15020 10651 14262    3.29    2.55    52   107   27K     5   29.51   29.51
c rst  geom ibes   vs   109   27K   15020 10651 14262    3.29    2.55    52   107   27K     5   29.44   29.44
c rst  geom ibes   vs   110   28K   15020 10651 14262    3.29    2.55    52   107   27K     5   29.35   29.35
c rst  geom ibes   vs   111   28K   15020 10651 14262    3.29    2.55    52   108   28K     5   29.25   29.25
c rst  geom ibes   vs   112   28K   15020 10651 14262    3.29    2.55    52   110   28K     5   29.16   29.16
c rst  geom ibes   vs   113   28K   15020 10651 14262    3.29    2.55    52   111   28K     5   29.05   29.05
c rst  geom ibes   vs   114   29K   15020 10651 14262    3.29    2.55    52   111   29K     5   28.93   28.93
c rst  geom ibes   vs   115   29K   15020 10651 14262    3.29    2.55    52   112   29K     5   28.81   28.81
c rst  geom ibes   vs   116   30K   15020 10651 14262    3.29    2.55    66   158   24K     5   28.59   28.59
c rst  geom ibes   vs   117   30K   15020 10651 14262    3.29    2.55    66   160   24K     5   28.40   28.39
c rst  geom ibes   vs   118   31K   15020 10651 14262    3.29    2.55    66   162   25K     5   28.20   28.20
c rst  geom ibes   vs   119   31K   15020 10651 14262    3.29    2.55    66   163   25K     5   28.00   28.00
c rst  geom ibes   vs   120   32K   15020 10651 14262    3.29    2.55    66   167   26K     5   27.81   27.80
c [distill-bin] useful: 0/14262/14262 lits-rem: 0 cl-rem: 0 0-depth-assigns: 0 T: 0.02 T-out: N
c rst  geom  svd   vs   121   33K   15020 10651 14262    3.29    2.55    66   167   27K     5   27.85   27.84
c rst  geom  svd   vs   122   34K   15020 10651 14262    3.29    2.55    66   167   27K     5   27.88   27.87
c [branch] adjusting to: vmtf (from: vsid) var_decay:0.95 descr: VMTF
c rst  luby  svd  vmt   123   34K   15020 10651 14262    3.29    2.55    66   167   28K     5   27.90   27.89
c rst  luby  svd  vmt   124   34K   15020 10651 14262    3.29    2.55    66   167   28K     5   27.91   27.91
c rst  luby  svd  vmt   125   34K   15020 10651 14262    3.29    2.55    66   167   28K     5   27.95   27.95
c rst  luby  svd  vmt   126   34K   15020 10651 14262    3.29    2.55    66   167   28K     5   27.97   27.97
c rst  luby  svd  vmt   127   34K   15020 10651 14262    3.29    2.55    66   167   28K     5   27.99   27.98
c rst  luby  svd  vmt   128   34K   15020 10651 14262    3.29    2.55    66   167   28K     5   27.99   27.99
c rst  luby  svd  vmt   129   35K   15020 10651 14262    3.29    2.55    66   167   29K     5   27.99   27.99
c rst  luby  svd  vmt   130   35K   15020 10651 14262    3.29    2.55    66   167   29K     5   28.00   28.00
c rst  luby  svd  vmt   131   35K   15020 10651 14262    3.29    2.55    66   167   29K     5   28.01   28.00
c rst  luby  svd  vmt   132   35K   15020 10651 14262    3.29    2.55    66   167   29K     5   28.05   28.05
c [distill-long-red0] cls tried: 11/11 T: 0.00 T-out: N T-r: 99.95%
c [distill-long-red1] cls tried: 68/68 T: 0.01 T-out: N T-r: 20.63%
c rst  luby  svd  vmt   133   35K   15020 10651 14262    3.29    2.55    66   166   29K     6   28.09   28.08
c rst  luby  svd  vmt   134   35K   15020 10651 14262    3.29    2.55    66   166   29K     6   28.11   28.10
c rst  luby  svd  vmt   135   36K   15020 10651 14262    3.29    2.55    66   166   29K     6   28.14   28.14
c rst  luby  svd  vmt   136   36K   15020 10651 14262    3.29    2.55    66   166   30K     6   28.19   28.19
c rst  luby  svd  vmt   137   37K   15020 10651 14262    3.29    2.55    66   166   31K     6   28.27   28.26
c rst  luby  svd  vmt   138   37K   15020 10651 14262    3.29    2.55    66   166   31K     6   28.26   28.26
c rst  luby  svd  vmt   139   37K   15020 10651 14262    3.29    2.55    66   166   31K     6   28.26   28.25
c rst  luby  svd  vmt   140   37K   15020 10651 14262    3.29    2.55    66   166   31K     6   28.29   28.29
c rst  luby  svd  vmt   141   37K   15020 10651 14262    3.29    2.55    66   166   31K     6   28.31   28.31
c rst  luby  svd  vmt   142   37K   15020 10651 14262    3.29    2.55    66   166   31K     6   28.33   28.32
c rst  luby  svd  vmt   143   38K   15020 10651 14262    3.29    2.55    66   166   31K     6   28.35   28.34
c rst  geom best  vmt   144   38K   15020 10651 14262    3.29    2.55    66   166   32K     6   28.33   28.33
c rst  geom best  vmt   145   38K   15020 10651 14262    3.29    2.55    66   166   32K     6   28.31   28.30
c rst  geom best  vmt   146   38K   15020 10651 14262    3.29    2.55    66   166   32K     6   28.27   28.26
c rst  geom best  vmt   147   38K   15020 10651 14262    3.29    2.55    66   166   32K     6   28.25   28.24
c rst  geom best  vmt   148   38K   15020 10651 14262    3.29    2.55    66   166   32K     6   28.23   28.23
c rst  geom best  vmt   149   38K   15020 10651 14262    3.29    2.55    66   166   32K     6   28.21   28.20
c rst  geom best  vmt   150   39K   15020 10651 14262    3.29    2.55    67   167   33K     6   28.16   28.16
c rst  geom best  vmt   151   39K   15020 10651 14262    3.29    2.55    67   167   33K     6   28.13   28.13
c rst  geom best  vmt   152   39K   15020 10651 14262    3.29    2.55    68   168   33K     6   28.14   28.14
c rst  geom best  vmt   153   39K   15020 10651 14262    3.29    2.55    68   168   33K     6   28.11   28.10
c rst  geom best  vmt   154   40K   15020 10651 14262    3.29    2.55    84   154   33K     6   28.08   28.08
c [full-probe]  bin_only: 0 set: 17 repl: 0 T: 0.01 T-out: N T-r: 97.59%
c [impl-str] lit bin: 0 set-var: 0 T: 0.00 T-out: N T-r: 99.86% w-visit: 30548
c [impl-sub] bin: 1 T: 0.00 T-out: N w-visit: 30548
c rst  geom best  vmt   155   40K   15003 10651 14262    3.29    2.55    84   154   34K     5   28.05   28.04
c rst  geom best  vmt   156   40K   15003 10651 14262    3.29    2.55    84   155   34K     5   28.01   28.00
c rst  geom best  vmt   157   41K   15003 10651 14262    3.29    2.55    84   157   35K     5   28.05   28.05
c rst  geom best  vmt   158   41K   15003 10651 14262    3.29    2.55    84   158   35K     5   27.99   27.99
c rst  geom best  vmt   159   42K   15003 10651 14262    3.29    2.55    84   158   35K     5   27.94   27.94
c rst  geom best  vmt   160   42K   15003 10651 14262    3.29    2.55    84   158   36K     5   27.95   27.95
c [branch] adjusting to: vsid (from: vmtf) var_decay:0.95 descr: VSIDS
c rst  geom best   vs   161   42K   15003 10651 14262    3.29    2.55    84   158   36K     5   27.95   27.94
c rst  geom best   vs   162   42K   15003 10651 14262    3.29    2.55    84   158   36K     5   27.94   27.93
c rst  geom best   vs   163   42K   15003 10651 14262    3.29    2.55    84   158   36K     5   27.93   27.92
c rst  geom best   vs   164   43K   15003 10651 14262    3.29    2.55    84   158   36K     5   27.92   27.91
c rst  geom best   vs   165   43K   15003 10651 14262    3.29    2.55    84   158   37K     5   27.90   27.90
c rst  geom best   vs   166   43K   15003 10651 14262    3.29    2.55    84   158   37K     5   27.90   27.89
c rst  geom best   vs   167   43K   15003 10651 14262    3.29    2.55    84   158   37K     5   27.88   27.88
c rst  geom  stb   vs   168   43K   15003 10651 14262    3.29    2.55    84   158   37K     5   27.89   27.88
c rst  geom  stb   vs   169   44K   15003 10651 14262    3.29    2.55    84   159   37K     5   27.89   27.89
c [ccnr] tries: 0 steps: 262143 best found: 1
c [ccnr] tries: 0 steps: 524287 best found: 1
c [ccnr] tries: 0 steps: 786431 best found: 1
c [ccnr] tries: 1 steps: 262143 best found: 1
c [ccnr] tries: 1 steps: 524287 best found: 1
c [ccnr] tries: 1 steps: 786431 best found: 1
c [ccnr] saving best assignment phase to stable_polar
c [ccnr] bumping based on clause weights
c [ccnr] Bumped vars: 101 bump type: 6
c [ccnr] time: 0.62
c rst  geom  stb   vs   170   44K   15003 10651 14262    3.29    2.55    84   159   38K     5   27.89   27.89
c rst  geom  stb   vs   171   44K   15003 10651 14262    3.29    2.55    84   159   38K     5   27.90   27.90
c rst  geom  stb   vs   172   44K   15003 10651 14262    3.29    2.55    84   160   38K     5   27.87   27.86
c rst  geom  stb   vs   173   45K   15003 10651 14262    3.29    2.55    88   213   30K     5   27.88   27.88
c rst  geom  stb   vs   174   45K   15003 10651 14262    3.29    2.55    88   213   30K     5   27.85   27.85
c rst  geom  stb   vs   175   45K   15003 10651 14262    3.29    2.55    88   213   30K     5   27.88   27.87
c rst  geom  stb   vs   176   46K   15003 10651 14262    3.29    2.55    88   213   31K     5   27.92   27.92
c rst  geom  stb   vs   177   46K   15003 10651 14262    3.29    2.55    88   213   31K     5   27.95   27.94
c rst  geom  stb   vs   178   47K   15003 10651 14262    3.29    2.55    88   213   32K     5   27.98   27.97
c rst  geom  stb   vs   179   48K   15003 10651 14262    3.29    2.55    88   213   33K     5   28.03   28.02
c rst  geom  stb   vs   180   48K   15003 10651 14262    3.29    2.55    88   213   33K     5   28.04   28.04
c rst  geom  stb   vs   181   49K   15003 10651 14262    3.29    2.55    88   213   34K     5   28.08   28.08
c rst  geom ibes   vs   182   50K   15003 10651 14262    3.29    2.55    92   209   35K     5   27.92   27.92
c [gauss] XOR-encoding clauses are not detached, so no need to reattach them.
c [g 0] truth-find prop checks  : 805K
c [g 0] -> of which prop        : 41.05 %
c [g 0] -> of which confl       :  1.77 %
c [g 0] elim called             : 102K
c [g 0] ---> which lead to prop : 151.80 %
c [g 0] ---> which lead to confl:  9.86 %
c [g 0] size: 40    x 80   
c [scc] new: 0 BP 0M T: 0.00
c [vrep] vars 0 lits 0 rem-bin-cls 0 rem-long-cls 0 BP 0M T: 0.00
c [intree] Set 2 vars hyper-added: 1292 trans-irred: 0 trans-red: 50 T: 0.02 T-out: N T-r: -0.38%
c [find&init matx] performing matrix init
c [gauss] XOR-encoding clauses are not detached, so no need to reattach them.
c [xor-rem-unconnected] left with 40 xors from 40 non-empty xors T: 0.00
c [xor-together] xored together: 0 orig xors: 40 new xors: 40 T: 0.00
c [xor-rem-unconnected] left with 40 xors from 40 non-empty xors T: 0.00
c [xor-clean-equiv] removed equivalent xors: 0 left with: 40
c [matrix] unused xors from cleaning: 0
c [matrix] Good   matrix 0 40      x80     density:0.2731  xorlen avg: 21.85
c [matrix] Using 1 matrices recovered from 0 xors T: 0.00 T-out: N
c rst  geom ibes vs   183   51  K 15001   10651 14229 3.29    2.55       92   212   36K  1247 27.73   26.88  
c [distill-long-red0] cls tried: 9/9 T: 0.00 T-out: N T-r: 99.96%
c [distill-long-red1] cls tried: 61/61 T: 0.01 T-out: N T-r: 29.25%
c rst  geom ibes vs   184   52  K 15001   10651 14229 3.29    2.55       93   222   37K  1247 27.52   26.70  
c [distill] watch-based irred--  cl tried 14946    cl-sh 0     cl-rem 0    lit-rem 0      T: 0.00 T-out: N
c [distill] watch-based red  --  cl tried 184      cl-sh 0     cl-rem 0    lit-rem 0      T: 0.00 T-out: N
c rst  geom ibes vs   185   53  K 15001   10649 14228 3.29    2.55       92   222   38K  1246 27.43   26.63  
c [branch] adjusting to: vmtf (from: vsid) var_decay:0.95 descr: VMTF
c [distill-bin] useful: 0/14228/14228 lits-rem: 0 cl-rem: 0 0-depth-assigns: 0 T: 0.02 T-out: N
c rst  luby ibes vmt  186   53  K 15001   10649 14228 3.29    2.55       93   222   38K  1246 27.44   26.65  
c rst  luby ibes vmt  187   53  K 15001   10649 14228 3.29    2.55       93   222   38K  1246 27.44   26.64  
c rst  luby ibes vmt  188   53  K 15001   10649 14228 3.29    2.55       93   223   38K  1246 27.45   26.66  
c rst  luby ibes vmt  189   53  K 15001   10649 14228 3.29    2.55       93   223   38K  1246 27.46   26.67  
c rst  luby ibes vmt  190   53  K 15001   10649 14228 3.29    2.55       93   223   38K  1246 27.47   26.68  
c rst  luby ibes vmt  191   53  K 15001   10649 14228 3.29    2.55       93   223   38K  1246 27.45   26.66  
c rst  luby ibes vmt  192   54  K 15001   10649 14228 3.29    2.55       93   223   39K  1246 27.52   26.74  
c rst  luby ibes vmt  193   54  K 15001   10649 14228 3.29    2.55       93   223   39K  1246 27.51   26.74  
c rst  luby ibes vmt  194   54  K 15001   10649 14228 3.29    2.55       93   223   39K  1246 27.51   26.73  
c rst  luby ibes vmt  195   54  K 15001   10649 14228 3.29    2.55       93   223   39K  1246 27.50   26.73  
c rst  luby ibes vmt  196   54  K 15001   10649 14228 3.29    2.55       93   223   39K  1246 27.49   26.73  
c rst  luby ibes vmt  197   54  K 15001   10649 14228 3.29    2.55       93   223   39K  1246 27.51   26.74  
c rst  luby ibes vmt  198   55  K 15001   10649 14228 3.29    2.55       93   223   40K  1246 27.50   26.74  
c rst  luby svd  vmt  199   55  K 15001   10649 14228 3.29    2.55       93   223   40K  1246 27.50   26.75  
c rst  luby svd  vmt  200   56  K 15001   10649 14228 3.29    2.55       93   223   40K  1246 27.56   26.81  
c recursive minimization cost OK: 345Kcost/(% lits removed)
c [gauss] XOR-encoding clauses are not detached, so no need to reattach them.
c [g 0] truth-find prop checks  : 99K
c [g 0] -> of which prop        : 36.61 %
c [g 0] -> of which confl       :  1.64 %
c [g 0] elim called             : 15470
c [g 0] ---> which lead to prop : 128.36 %
c [g 0] ---> which lead to confl:  7.49 %
c [g 0] size: 40    x 80   
c --> Executing strategy token: scc-vrepl
c [scc] new: 0 BP 0M T: 0.00
c --> Executing strategy token: sub-impl
c [impl-sub] bin: 0 T: 0.00 T-out: N w-visit: 30548
c --> Executing strategy token: breakid
c --> Executing OCC strategy token(s): 'occ-backw-sub-str,occ-clean-implicit,occ-bve,occ-bva,occ-ternary-res,occ-xor,'
c [occ] mem usage for occur 1      MB
c [occ] Linked in IRRED BIN by default: 14228
c [occ] Linked in RED   BIN by default: 1246
c [occ] mem usage for occur 1      MB
c Mem for watch alloc      : 3           MB (17.30     %)
c Mem for watch array      : 0           MB (3.74      %)
c --> Executing OCC strategy token: occ-backw-sub-str
c [occ-backw-sub-str-long-w-bins] subs: 0 str: 0 tried: 15474 0-depth ass: 0 T: 0.00 T-out: N T-r: 98.24%
c [occ-backw-sub-long-w-long] rem cl: 26 tried: 51911/51911 (100.0%) T: 0.01 T-out: N T-r: 99.12%
c [occ-backw-sub-str-long-w-long] sub: 0 str: 0 tried: 155733/51911 (300.0)  T: 0.03 T-out: N T-r: 94.22%
c --> Executing OCC strategy token: occ-clean-implicit
c --> Executing OCC strategy token: occ-bve
c [occ-empty-res] Empty resolvent elimed: 2314 T: 0.00 T-out: N
c [occ-bve] turning off picosat-based irreg gate detection, added lits:  210K
c [occ-bve] iter v-elim 9272
c cl_inc_rate=0.5, var_dec_rate=3.7 (grow=0)
c Reduced to 3415 vars, 10324 cls (grow=0)
c [occ-bve] iter v-elim 1002
c cl_inc_rate=1.3, var_dec_rate=1.4 (grow=8)
c Reduced to 2413 vars, 13174 cls (grow=8)
c [occ-bve] iter v-elim 472
c cl_inc_rate=1.5, var_dec_rate=1.2 (grow=16)
c Reduced to 1941 vars, 19202 cls (grow=16)
c x n vars       : 1941
c #try to eliminate:   29K
c #var-elim        : 10746
c #T-o: N
c #T-r: 99.95%
c #T  : 1.07
c [occur] 0.03 is overhead
c [occur] link-in T: 0.03 cleanup T: 0.00
c --> Executing OCC strategy token: occ-bva
c --> Executing OCC strategy token: occ-ternary-res
c [occ-ternary-res] Ternary res-tri: 8 res-bin: 0 sub: 6 str: 0 T: 0.00 T-out: N T-r: 95.62%
c --> Executing OCC strategy token: occ-xor
c [occ-xor] sort occur list T: 0.00
c [xor-clean-equiv] removed equivalent xors: 0 left with: 228
c [occ-xor] found    228 avg sz 5.4 min sz  4 max sz  6 T: 0.01 T-out: N T-r: 99.96%
c --> Executing strategy token: card-find
c --> Executing strategy token: cl-consolidate
c [mem] consolidate  old-sz: 8122K new-sz: 1103K new bits offs: 18 T: 0.00
c --> Executing strategy token: scc-vrepl
c [scc] new: 0 BP 0M T: 0.00
c --> Executing strategy token: renumber
c [gauss] XOR-encoding clauses are not detached, so no need to reattach them.
c [renumber] T: 0.00
c --> Executing strategy token: bosphorus
c --> Executing strategy token: louvain-comms
c [consolidate] mini T: 0.00
c global_timeout_multiplier: 3.3000
c [branch] rebuilding order heap for all branchings. Current branching: vmtf
c [find&init matx] performing matrix init
c [gauss] XOR-encoding clauses are not detached, so no need to reattach them.
c [xor-rem-unconnected] left with 228 xors from 228 non-empty xors T: 0.00
c [xor-together] xored together: 188 orig xors: 228 new xors: 40 T: 0.00
c [xor-rem-unconnected] left with 40 xors from 40 non-empty xors T: 0.00
c [xor-clean-equiv] removed equivalent xors: 0 left with: 40
c [matrix] unused xors from cleaning: 0
c [matrix] Good   matrix  0     40 x   80  density:0.2681  xorlen avg: 21.45
c [matrix] Using 1 matrices recovered from 0 xors T: 0.00 T-out: N
c rst  luby  svd  vmt   201   56K    1941 17429  1773    6.52    6.11    11    31  1815   146   21.63   20.20
c rst  luby  svd  vmt   202   56K    1941 17429  1773    6.52    6.11    11    31  1919   146   22.18   20.78
c rst  luby  svd  vmt   203   56K    1941 17429  1773    6.52    6.11    11    31  2020   146   22.73   21.36
c rst  luby  svd  vmt   204   56K    1941 17429  1773    6.52    6.11    11    31  2221   146   23.52   22.21
c rst  luby  svd  vmt   205   56K    1941 17429  1773    6.52    6.11    11    32  2321   146   23.87   22.60
c rst  luby  svd  vmt   206   56K    1941 17429  1773    6.52    6.11    11    32  2422   146   23.98   22.75
c rst  luby  svd  vmt   207   57K    1941 17429  1773    6.52    6.11    11    32  2624   146   24.32   23.16
c rst  luby  svd  vmt   208   57K    1941 17429  1773    6.52    6.11    11    33  3025   146   25.14   24.09
c rst  luby  svd  vmt   209   57K    1941 17429  1773    6.52    6.11    11    34  3126   146   25.18   24.16
c rst  luby  svd  vmt   210   57K    1941 17429  1773    6.52    6.11    11    34  3230   146   25.52   24.51
c rst  luby  svd  vmt   211   57K    1941 17429  1773    6.52    6.11    12    35  3430   146   25.88   24.91
c rst  luby  svd  vmt   212   58K    1941 17429  1773    6.52    6.11    12    35  3533   146   26.01   25.07
c rst  luby  svd  vmt   213   58K    1941 17429  1773    6.52    6.11    12    35  3636   146   26.19   25.27
c rst  luby  svd  vmt   214   58K    1941 17429  1773    6.52    6.11    12    35  3837   146   26.48   25.59
c rst  luby  svd  vmt   215   58K    1941 17429  1773    6.52    6.11    12    36  4238   146   26.92   26.10
c rst  luby  svd  vmt   216   59K    1941 17429  1773    6.52    6.11    12    36  5039   146   27.80   27.08
c rst  luby  svd  vmt   217   61K    1941 17429  1773    6.52    6.11    16    32  6640   146   29.09   28.51
c [full-probe]  bin_only: 1 set: 0 repl: 0 T: 0.00 T-out: N T-r: 99.92%
c rst  geom best  vmt   218   61K    1941 17429  1773    6.52    6.11    16    32  6751   146   29.10   28.53
c rst  geom best  vmt   219   61K    1941 17429  1773    6.52    6.11    16    32  6873   146   29.08   28.52
c rst  geom best  vmt   220   61K    1941 17429  1773    6.52    6.11    16    32  7008   146   29.04   28.49
c rst  geom best  vmt   221   61K    1941 17429  1773    6.52    6.11    17    32  7154   146   29.01   28.48
c rst  geom best  vmt   222   61K    1941 17429  1773    6.52    6.11    17    33  7314   146   28.99   28.46
c rst  geom best  vmt   223   62K    1941 17429  1773    6.52    6.11    19    37  7485   146   28.91   28.40
c rst  geom best  vmt   224   62K    1941 17429  1773    6.52    6.11    19    39  7677   146   28.81   28.31
c rst  geom best  vmt   225   62K    1941 17429  1773    6.52    6.11    19    40  7890   146   28.65   28.16
c rst  geom best  vmt   226   62K    1941 17429  1773    6.52    6.11    19    42  8123   146   28.71   28.24
c rst  geom best  vmt   227   62K    1941 17429  1773    6.52    6.11    19    42  8381   146   28.72   28.26
c [branch] adjusting to: vsid (from: vmtf) var_decay:0.95 descr: VSIDS
c rst  geom best   vs   228   63K    1941 17429  1773    6.52    6.11    19    42  8492   146   28.68   28.23
c rst  geom best   vs   229   63K    1941 17429  1773    6.52    6.11    19    42  8615   146   28.67   28.23
c rst  geom best   vs   230   63K    1941 17429  1773    6.52    6.11    19    42  8750   146   28.66   28.22
c rst  geom best   vs   231   63K    1941 17429  1773    6.52    6.11    19    42  8897   146   28.65   28.22
c rst  geom best   vs   232   63K    1941 17429  1773    6.52    6.11    19    42  9058   146   28.61   28.19
c rst  geom best   vs   233   63K    1941 17429  1773    6.52    6.11    19    42  9236   146   28.52   28.11
c rst  geom best   vs   234   63K    1941 17429  1773    6.52    6.11    19    42  9431   146   28.49   28.09
c rst  geom best   vs   235   64K    1941 17429  1773    6.52    6.11    19    42  9645   146   28.42   28.03
c rst  geom best   vs   236   64K    1941 17429  1773    6.52    6.11    19    42  9881   146   28.37   27.99
c rst  geom best   vs   237   64K    1941 17429  1773    6.52    6.11    19    42 10139   146   28.26   27.89
c rst  geom best   vs   238   64K    1941 17429  1773    6.52    6.11    19    42 10422   146   28.17   27.81
c rst  geom best   vs   239   65K    1941 17429  1773    6.52    6.11    19    42 10733   146   28.06   27.72
c rst  geom best   vs   240   65K    1941 17429  1773    6.52    6.11    19    42 11073   146   27.96   27.62
c rst  geom best   vs   241   66K    1941 17429  1773    6.52    6.11    19    42 11446   146   27.85   27.52
c rst  geom best   vs   242   66K    1941 17429  1773    6.52    6.11    19    42 11860   146   27.73   27.42
c [distill-long-red0] cls tried: 12/12 T: 0.00 T-out: N T-r: 99.99%
c [distill-long-red1] cls tried: 19/19 T: 0.00 T-out: N T-r: 97.21%
c rst  geom best   vs   243   66K    1941 17429  1773    6.52    6.11    19    42 12312   146   27.60   27.30
c rst  geom  stb   vs   244   67K    1941 17429  1773    6.52    6.11    19    42 12807   146   27.65   27.36
c rst  geom  stb   vs   245   67K    1941 17429  1773    6.52    6.11    19    42 13350   146   27.59   27.31
c rst  geom  stb   vs   246   68K    1941 17429  1773    6.52    6.11    19    42 13948   146   27.58   27.32
c rst  geom  stb   vs   247   69K    1941 17429  1773    6.52    6.11    19    42 14605   146   27.60   27.35
c rst  geom  stb   vs   248   69K    1941 17429  1773    6.52    6.11    19    42 15326   146   27.64   27.40
c rst  geom  stb   vs   249   70K    1941 17429  1773    6.52    6.11    27    34 16119   146   27.55   27.33
c rst  geom  stb   vs   250   71K    1941 17429  1773    6.52    6.11    27    34 16991   146   27.52   27.30
c rst  geom  stb   vs   251   72K    1941 17429  1773    6.52    6.11    27    34 17950   146   27.54   27.34
c rst  geom  stb   vs   252   73K    1941 17429  1773    6.52    6.11    27    34 19004   146   27.47   27.27
c [distill-bin] useful: 0/1773/1773 lits-rem: 0 cl-rem: 0 0-depth-assigns: 0 T: 0.01 T-out: N
c rst  geom ibes   vs   253   74K    1941 17429  1773    6.52    6.11    27    34   20K   146   27.14   26.96
c [branch] adjusting to: vmtf (from: vsid) var_decay:0.95 descr: VMTF
c rst  luby ibes  vmt   254   74K    1941 17429  1773    6.52    6.11    27    35   20K   146   27.14   26.96
c rst  luby ibes  vmt   255   74K    1941 17429  1773    6.52    6.11    29    38   20K   146   27.14   26.96
c rst  luby ibes  vmt   256   75K    1941 17429  1773    6.52    6.11    29    54   20K   146   27.15   26.97
c rst  luby ibes  vmt   257   75K    1941 17429  1773    6.52    6.11    29    62   20K   146   27.18   27.00
c rst  luby ibes  vmt   258   75K    1941 17429  1773    6.52    6.11    29    62   20K   146   27.20   27.02
c rst  luby ibes  vmt   259   75K    1941 17429  1773    6.52    6.11    29    63   20K   146   27.25   27.07
c rst  luby ibes  vmt   260   75K    1941 17429  1773    6.52    6.11    29    64   21K   146   27.26   27.09
c rst  luby ibes  vmt   261   76K    1941 17429  1773    6.52    6.11    29    65   21K   146   27.25   27.08
c rst  luby ibes  vmt   262   76K    1941 17429  1773    6.52    6.11    29    65   21K   146   27.27   27.10
c rst  luby ibes  vmt   263   76K    1941 17429  1773    6.52    6.11    29    66   21K   146   27.26   27.09
c rst  luby ibes  vmt   264   76K    1941 17429  1773    6.52    6.11    29    66   21K   146   27.27   27.10
c rst  luby ibes  vmt   265   76K    1941 17429  1773    6.52    6.11    29    66   21K   146   27.26   27.10
c rst  luby ibes  vmt   266   76K    1941 17429  1773    6.52    6.11    29    68   22K   146   27.27   27.11
c rst  luby ibes  vmt   267   77K    1941 17429  1773    6.52    6.11    30    81   22K   146   27.38   27.22
c [distill] watch-based irred--  cl tried    19010 cl-sh     0 cl-rem    0 lit-rem      0 T: 0.03 T-out: Y
c [distill] watch-based   red--  cl tried       60 cl-sh     1 cl-rem    0 lit-rem      1 T: 0.00 T-out: N
c rst  luby ibes  vmt   268   77K    1941 17429  1773    6.52    6.11    30    87   23K   146   27.30   27.15
c rst  luby ibes  vmt   269   78K    1941 17429  1773    6.52    6.11    31    90   23K   146   27.29   27.14
c rst  luby ibes  vmt   270   78K    1941 17429  1773    6.52    6.11    31    91   23K   146   27.28   27.12
c rst  luby ibes  vmt   271   78K    1941 17429  1773    6.52    6.11    31    97   23K   146   27.24   27.08
c rst  luby ibes  vmt   272   78K    1941 17429  1773    6.52    6.11    31    99   23K   146   27.24   27.09
c rst  luby ibes  vmt   273   78K    1941 17429  1773    6.52    6.11    31   101   23K   146   27.23   27.08
c rst  luby ibes  vmt   274   78K    1941 17429  1773    6.52    6.11    31   103   24K   146   27.21   27.06
c rst  luby ibes  vmt   275   79K    1941 17429  1773    6.52    6.11    31   106   24K   146   27.13   26.98
c rst  luby ibes  vmt   276   79K    1941 17429  1773    6.52    6.11    31   108   24K   146   27.13   26.98
c rst  luby ibes  vmt   277   79K    1941 17429  1773    6.52    6.11    31   108   24K   146   27.13   26.98
c rst  luby  svd  vmt   278   79K    1941 17429  1773    6.52    6.11    31   110   24K   146   27.16   27.02
c rst  luby  svd  vmt   279   79K    1941 17429  1773    6.52    6.11    31   110   25K   146   27.19   27.05
c rst  luby  svd  vmt   280   79K    1941 17429  1773    6.52    6.11    31   110   25K   146   27.21   27.06
c rst  luby  svd  vmt   281   79K    1941 17429  1773    6.52    6.11    31   110   25K   146   27.20   27.06
c rst  luby  svd  vmt   282   80K    1941 17429  1773    6.52    6.11    69    64   25K   146   27.22   27.08
c rst  luby  svd  vmt   283   81K    1941 17429  1773    6.52    6.11    69    65   26K   146   27.24   27.10
c rst  luby  svd  vmt   284   82K    1941 17429  1773    6.52    6.11    69    66   28K   146   27.39   27.26
c [distill-long-red0] cls tried: 41/41 T: 0.00 T-out: N T-r: 99.95%
c [distill-long-red1] cls tried: 41/41 T: 0.00 T-out: N T-r: 72.09%
c [full-probe]  bin_only: 0 set: 0 repl: 0 T: 0.00 T-out: N T-r: 98.59%
c rst  luby  svd  vmt   285   82K    1941 17429  1773    6.52    6.11    69    67   28K   146   27.41   27.28
c rst  luby  svd  vmt   286   82K    1941 17429  1773    6.52    6.11    69    67   28K   146   27.41   27.28
c rst  luby  svd  vmt   287   83K    1941 17429  1773    6.52    6.11    69    67   28K   146   27.43   27.30
c rst  luby  svd  vmt   288   83K    1941 17429  1773    6.52    6.11    69    68   28K   146   27.46   27.33
c rst  luby  svd  vmt   289   83K    1941 17429  1773    6.52    6.11    69    68   28K   146   27.49   27.36
c rst  luby  svd  vmt   290   83K    1941 17429  1773    6.52    6.11    69    68   28K   146   27.53   27.41
c rst  luby  svd  vmt   291   84K    1941 17429  1773    6.52    6.11    69    71   29K   146   27.62   27.50
c rst  luby  svd  vmt   292   84K    1941 17429  1773    6.52    6.11    69    72   29K   146   27.65   27.53
c rst  luby  svd  vmt   293   84K    1941 17429  1773    6.52    6.11    69    73   29K   146   27.67   27.54
c rst  luby  svd  vmt   294   84K    1941 17429  1773    6.52    6.11    70    75   29K   146   27.71   27.58
c rst  luby  svd  vmt   295   84K    1941 17429  1773    6.52    6.11    70    76   29K   146   27.72   27.60
c rst  luby  svd  vmt   296   84K    1941 17429  1773    6.52    6.11    70    76   29K   146   27.73   27.60
c rst  luby  svd  vmt   297   84K    1941 17429  1773    6.52    6.11    70    80   30K   146   27.75   27.63
c rst  luby  svd  vmt   298   85K    1941 17429  1773    6.52    6.11    70    82   30K   146   27.77   27.65
c rst  luby  svd  vmt   299   86K    1941 17429  1773    6.52    6.11    71    82   31K   146   27.69   27.57
c rst  geom best  vmt   300   86K    1941 17429  1773    6.52    6.11    71    82   31K   146   27.67   27.56
c rst  geom best  vmt   301   86K    1941 17429  1773    6.52    6.11    71    82   31K   146   27.65   27.54
c rst  geom best  vmt   302   86K    1941 17429  1773    6.52    6.11    71    83   31K   146   27.65   27.53
c rst  geom best  vmt   303   86K    1941 17429  1773    6.52    6.11    72    91   31K   146   27.63   27.51
c rst  geom best  vmt   304   86K    1941 17429  1773    6.52    6.11    73    93   32K   146   27.61   27.49
c rst  geom best  vmt   305   86K    1941 17429  1773    6.52    6.11    73    93   32K   146   27.59   27.47
c rst  geom best  vmt   306   87K    1941 17429  1773    6.52    6.11    73    99   32K   146   27.57   27.45
c rst  geom best  vmt   307   87K    1941 17429  1773    6.52    6.11    75   100   32K   146   27.56   27.45
c rst  geom best  vmt   308   87K    1941 17429  1773    6.52    6.11    75   100   32K   146   27.58   27.46
c rst  geom best  vmt   309   87K    1941 17429  1773    6.52    6.11    75   100   33K   146   27.56   27.45
c [branch] adjusting to: vsid (from: vmtf) var_decay:0.95 descr: VSIDS
c rst  geom best   vs   310   87K    1941 17429  1773    6.52    6.11    75   100   33K   146   27.54   27.43
c rst  geom best   vs   311   88K    1941 17429  1773    6.52    6.11    75   101   33K   146   27.52   27.41
c rst  geom best   vs   312   88K    1941 17429  1773    6.52    6.11    75   101   33K   146   27.50   27.39
c [ccnr] tries: 0 steps: 262143 best found: 3
c [ccnr] saving best assignment phase to stable_polar
c [ccnr] bumping based on var unsat frequency: conflict_ct
c [ccnr] Bumped vars: 1941 bump type: 6
c [ccnr] time: 0.26
c rst  geom best   vs   313   88K    1941 17429  1773    6.52    6.11    75   101   33K   146   27.48   27.37
c rst  geom best   vs   314   88K    1941 17429  1773    6.52    6.11    75   102   33K   146   27.45   27.34
c rst  geom best   vs   315   88K    1941 17429  1773    6.52    6.11    75   102   33K   146   27.40   27.29
c rst  geom best   vs   316   88K    1941 17429  1773    6.52    6.11    76   104   34K   146   27.36   27.25
c rst  geom best   vs   317   89K    1941 17429  1773    6.52    6.11    76   105   34K   146   27.31   27.20
c rst  geom best   vs   318   89K    1941 17429  1773    6.52    6.11    76   106   34K   146   27.25   27.15
c rst  geom best   vs   319   89K    1941 17429  1773    6.52    6.11    76   106   34K   146   27.20   27.09
c rst  geom best   vs   320   89K    1941 17429  1773    6.52    6.11    76   108   35K   146   27.14   27.03
c rst  geom best   vs   321   90K    1941 17429  1773    6.52    6.11   119   137   28K   146   26.54   26.42
c rst  geom best   vs   322   90K    1941 17429  1773    6.52    6.11   119   137   28K   146   26.47   26.34
c rst  geom best   vs   323   90K    1941 17429  1773    6.52    6.11   119   137   28K   146   26.39   26.27
c rst  geom best   vs   324   91K    1941 17429  1773    6.52    6.11   119   140   29K   146   26.29   26.17
c rst  geom best   vs   325   91K    1941 17429  1773    6.52    6.11   119   141   29K   146   26.21   26.09
c rst  geom best   vs   326   92K    1941 17429  1773    6.52    6.11   119   142   30K   146   26.13   26.01
c rst  geom  stb   vs   327   92K    1941 17429  1773    6.52    6.11   120   146   30K   146   26.27   26.15
c rst  geom  stb   vs   328   93K    1941 17429  1773    6.52    6.11   120   147   31K   146   26.31   26.20
c rst  geom  stb   vs   329   93K    1941 17429  1773    6.52    6.11   120   147   32K   146   26.34   26.23
c [distill-bin] useful: 0/1773/1773 lits-rem: 0 cl-rem: 0 0-depth-assigns: 0 T: 0.01 T-out: N
c rst  geom  stb   vs   330   94K    1941 17429  1773    6.52    6.11   120   147   32K   146   26.36   26.25
c rst  geom  stb   vs   331   95K    1941 17429  1773    6.52    6.11   120   152   33K   146   26.34   26.24
c rst  geom  stb   vs   332   96K    1941 17429  1773    6.52    6.11   120   153   34K   146   26.31   26.21
c rst  geom  stb   vs   333   97K    1941 17429  1773    6.52    6.11   120   153   35K   146   26.40   26.30
c rst  geom  stb   vs   334   98K    1941 17429  1773    6.52    6.11   120   156   36K   146   26.36   26.26
c [distill-long-red0] cls tried: 38/38 T: 0.00 T-out: N T-r: 99.92%
c [distill-long-red1] cls tried: 104/104 T: 0.01 T-out: N T-r: 12.11%
c rst  geom ibes   vs   335   99K    1941 17429  1773    6.52    6.11   120   158   37K   146   26.16   26.07
c rst  geom ibes   vs   336  100K    1941 17429  1773    6.52    6.11   143   141   38K   146   26.03   25.94
c [impl-str] lit bin: 0 set-var: 0 T: 0.00 T-out: N T-r: 99.95% w-visit: 3882
c [impl-sub] bin: 1 T: 0.00 T-out: N w-visit: 3882
c rst  geom ibes   vs   337  102K    1941 17429  1773    6.52    6.11   146   144   40K   145   25.84   25.76
c [branch] adjusting to: vmtf (from: vsid) var_decay:0.95 descr: VMTF
c [distill] watch-based irred--  cl tried    18595 cl-sh     0 cl-rem    0 lit-rem      0 T: 0.03 T-out: Y
c [distill] watch-based   red--  cl tried      292 cl-sh     0 cl-rem    0 lit-rem      0 T: 0.00 T-out: N
c rst  luby ibes  vmt   338  102K    1941 17429  1773    6.52    6.11   149   146   40K   145   25.85   25.76
c rst  luby ibes  vmt   339  102K    1941 17429  1773    6.52    6.11   150   147   40K   145   25.86   25.77
c rst  luby ibes  vmt   340  102K    1941 17429  1773    6.52    6.11   150   147   40K   145   25.86   25.77
c rst  luby ibes  vmt   341  102K    1941 17429  1773    6.52    6.11   150   152   40K   145   25.85   25.77
c rst  luby ibes  vmt   342  102K    1941 17429  1773    6.52    6.11   150   153   40K   145   25.86   25.77
c [full-probe]  bin_only: 1 set: 0 repl: 0 T: 0.00 T-out: N T-r: 99.84%
c rst  luby ibes  vmt   343  103K    1941 17429  1773    6.52    6.11   150   155   41K   145   25.85   25.77
c rst  luby ibes  vmt   344  103K    1941 17429  1773    6.52    6.11   150   156   41K   145   25.85   25.77
c rst  luby ibes  vmt   345  103K    1941 17429  1773    6.52    6.11   150   156   41K   145   25.85   25.77
c rst  luby ibes  vmt   346  103K    1941 17429  1773    6.52    6.11   150   156   41K   145   25.85   25.77
c rst  luby ibes  vmt   347  103K    1941 17429  1773    6.52    6.11   150   158   41K   145   25.83   25.75
c rst  luby ibes  vmt   348  103K    1941 17429  1773    6.52    6.11   151   158   41K   145   25.82   25.74
c rst  luby ibes  vmt   349  104K    1941 17429  1773    6.52    6.11   151   159   42K   145   25.83   25.75
c rst  luby ibes  vmt   350  104K    1941 17429  1773    6.52    6.11   151   162   42K   145   25.86   25.78
c rst  luby ibes  vmt   351  104K    1941 17429  1773    6.52    6.11   151   162   42K   145   25.89   25.81
c rst  luby  svd  vmt   352  105K    1941 17429  1773    6.52    6.11   154   200   33K   145   25.69   25.59
c rst  luby  svd  vmt   353  105K    1941 17429  1773    6.52    6.11   154   200   33K   145   25.71   25.61
c rst  luby  svd  vmt   354  105K    1941 17429  1773    6.52    6.11   154   200   33K   145   25.74   25.63
c rst  luby  svd  vmt   355  105K    1941 17429  1773    6.52    6.11   154   200   33K   145   25.75   25.65
c rst  luby  svd  vmt   356  105K    1941 17429  1773    6.52    6.11   154   200   33K   145   25.77   25.67
c rst  luby  svd  vmt   357  106K    1941 17429  1773    6.52    6.11   154   200   33K   145   25.78   25.68
c rst  luby  svd  vmt   358  106K    1941 17429  1773    6.52    6.11   154   202   33K   145   25.81   25.71
c rst  luby  svd  vmt   359  106K    1941 17429  1773    6.52    6.11   154   202   34K   145   25.85   25.75
c rst  luby  svd  vmt   360  106K    1941 17429  1773    6.52    6.11   154   202   34K   145   25.86   25.76
c rst  luby  svd  vmt   361  106K    1941 17429  1773    6.52    6.11   154   203   34K   145   25.87   25.77
c rst  luby  svd  vmt   362  107K    1941 17429  1773    6.52    6.11   154   203   34K   145   25.88   25.78
c rst  luby  svd  vmt   363  107K    1941 17429  1773    6.52    6.11   154   203   34K   145   25.88   25.79
c rst  luby  svd  vmt   364  107K    1941 17429  1773    6.52    6.11   154   203   34K   145   25.90   25.80
c rst  luby  svd  vmt   365  107K    1941 17429  1773    6.52    6.11   154   204   35K   145   25.94   25.84
c rst  luby  svd  vmt   366  107K    1941 17429  1773    6.52    6.11   154   207   35K   145   25.95   25.86
c rst  luby  svd  vmt   367  108K    1941 17429  1773    6.52    6.11   155   210   36K   145   26.05   25.95
c rst  luby  svd  vmt   368  110K    1941 17429  1773    6.52    6.11   199   168   37K   145   26.10   26.01
c rst  luby  svd  vmt   369  110K    1941 17429  1773    6.52    6.11   199   168   37K   145   26.10   26.01
c rst  luby  svd  vmt   370  110K    1941 17429  1773    6.52    6.11   199   168   38K   145   26.12   26.03
c rst  luby  svd  vmt   371  110K    1941 17429  1773    6.52    6.11   199   170   38K   145   26.14   26.05
c rst  luby  svd  vmt   372  110K    1941 17429  1773    6.52    6.11   199   170   38K   145   26.16   26.07
c rst  geom best  vmt   373  110K    1941 17429  1773    6.52    6.11   199   171   38K   145   26.15   26.06
c rst  geom best  vmt   374  111K    1941 17429  1773    6.52    6.11   199   173   38K   145   26.14   26.05
c rst  geom best  vmt   375  111K    1941 17429  1773    6.52    6.11   201   173   38K   145   26.14   26.05
c rst  geom best  vmt   376  111K    1941 17429  1773    6.52    6.11   202   175   38K   145   26.15   26.06
c rst  geom best  vmt   377  111K    1941 17429  1773    6.52    6.11   202   177   39K   145   26.13   26.04
c rst  geom best  vmt   378  111K    1941 17429  1773    6.52    6.11   202   177   39K   145   26.11   26.03
c rst  geom best  vmt   379  111K    1941 17429  1773    6.52    6.11   203   180   39K   145   26.09   26.00
c rst  geom best  vmt   380  112K    1941 17429  1773    6.52    6.11   203   180   39K   145   26.09   26.00
c rst  geom best  vmt   381  112K    1941 17429  1773    6.52    6.11   203   182   39K   145   26.07   25.98
c rst  geom best  vmt   382  112K    1941 17429  1773    6.52    6.11   205   182   40K   145   26.05   25.96
c rst  geom best  vmt   383  112K    1941 17429  1773    6.52    6.11   205   183   40K   145   26.02   25.93
c rst  geom best  vmt   384  113K    1941 17429  1773    6.52    6.11   205   183   40K   145   26.00   25.91
c rst  geom best  vmt   385  113K    1941 17429  1773    6.52    6.11   205   188   41K   145   25.98   25.90
c [distill-long-red0] cls tried: 48/48 T: 0.00 T-out: N T-r: 99.93%
c [distill-long-red1] cls tried: 72/72 T: 0.01 T-out: N T-r: 41.34%
c rst  geom best  vmt   386  113K    1941 17429  1773    6.52    6.11   205   188   41K   145   25.97   25.89
c rst  geom best  vmt   387  114K    1941 17429  1773    6.52    6.11   210   196   41K   145   25.95   25.87
c [distill-bin] useful: 0/1773/1773 lits-rem: 0 cl-rem: 0 0-depth-assigns: 0 T: 0.01 T-out: N
c rst  geom best  vmt   388  114K    1941 17429  1773    6.52    6.11   210   198   42K   145   25.99   25.91
c rst  geom best  vmt   389  115K    1941 17429  1773    6.52    6.11   210   199   42K   145   26.02   25.94
c rst  geom best  vmt   390  115K    1941 17429  1773    6.52    6.11   210   207   43K   145   25.94   25.86
c [gauss] XOR-encoding clauses are not detached, so no need to reattach them.
c [g 0] truth-find prop checks  : 938K
c [g 0] -> of which prop        : 35.62 %
c [g 0] -> of which confl       :  1.93 %
c [g 0] elim called             : 145K
c [g 0] ---> which lead to prop : 138.50 %
c [g 0] ---> which lead to confl:  8.49 %
c [g 0] size: 40    x 80   
c [scc] new: 0 BP 0M T: 0.00
c [vrep] vars 0 lits 0 rem-bin-cls 0 rem-long-cls 0 BP 0M T: 0.00
c [intree] Set 0 vars hyper-added: 24 trans-irred: 0 trans-red: 0 T: 0.01 T-out: N T-r: -0.81%
c [find&init matx] performing matrix init
c [gauss] XOR-encoding clauses are not detached, so no need to reattach them.
c [xor-rem-unconnected] left with 228 xors from 228 non-empty xors T: 0.00
c [xor-together] xored together: 188 orig xors: 228 new xors: 40 T: 0.00
c [xor-rem-unconnected] left with 40 xors from 40 non-empty xors T: 0.00
c [xor-clean-equiv] removed equivalent xors: 0 left with: 40
c [matrix] unused xors from cleaning: 0
c [matrix] Good   matrix 0 40      x80     density:0.2681  xorlen avg: 21.45
c [matrix] Using 1 matrices recovered from 0 xors T: 0.00 T-out: N
c rst  geom best vmt  391   116 K 1941    17429  1773 6.52    6.11      211   211   43K   169 25.88   25.79  
c rst  geom best vmt  392   117 K 1941    17429  1773 6.52    6.11      212   214   44K   169 25.90   25.81  
c rst  geom stb  vmt  393   117 K 1941    17429  1773 6.52    6.11      212   218   45K   169 25.96   25.87  
c [branch] adjusting to: vsid (from: vmtf) var_decay:0.95 descr: VSIDS
c rst  geom stb  vs   394   117 K 1941    17429  1773 6.52    6.11      212   219   45K   169 25.96   25.88  
c rst  geom stb  vs   395   117 K 1941    17429  1773 6.52    6.11      212   219   45K   169 25.96   25.88  
c rst  geom stb  vs   396   118 K 1941    17429  1773 6.52    6.11      212   219   45K   169 25.97   25.88  
c rst  geom stb  vs   397   118 K 1941    17429  1773 6.52    6.11      212   221   45K   169 25.98   25.89  
c rst  geom stb  vs   398   118 K 1941    17429  1773 6.52    6.11      212   227   45K   169 25.99   25.90  
c rst  geom stb  vs   399   118 K 1941    17429  1773 6.52    6.11      212   228   46K   169 25.98   25.90  
c rst  geom stb  vs   400   118 K 1941    17429  1773 6.52    6.11      212   228   46K   169 25.98   25.90  
c rst  geom stb  vs   401   119 K 1941    17429  1773 6.52    6.11      212   228   46K   169 25.99   25.90  
c rst  geom stb  vs   402   119 K 1941    17429  1773 6.52    6.11      212   228   46K   169 26.00   25.91  
c rst  geom stb  vs   403   119 K 1941    17429  1773 6.52    6.11      212   228   47K   169 26.00   25.92  
c rst  geom stb  vs   404   119 K 1941    17429  1773 6.52    6.11      212   228   47K   169 26.01   25.93  
c rst  geom stb  vs   405   120 K 1941    17429  1773 6.52    6.11      280   235   34K   169 25.22   25.11  
c rst  geom stb  vs   406   120 K 1941    17429  1773 6.52    6.11      280   236   34K   169 25.27   25.16  
c rst  geom stb  vs   407   120 K 1941    17429  1773 6.52    6.11      280   236   34K   169 25.32   25.21  
c rst  geom stb  vs   408   121 K 1941    17429  1773 6.52    6.11      280   238   35K   169 25.36   25.25  
c rst  geom stb  vs   409   121 K 1941    17429  1773 6.52    6.11      280   239   35K   169 25.42   25.31  
c rst  geom stb  vs   410   122 K 1941    17429  1773 6.52    6.11      280   240   36K   169 25.46   25.35  
c rst  geom stb  vs   411   122 K 1941    17429  1773 6.52    6.11      280   244   36K   169 25.52   25.41  
c rst  geom stb  vs   412   123 K 1941    17429  1773 6.52    6.11      281   244   37K   169 25.57   25.46  
c [full-probe]  bin_only: 0 set: 0 repl: 0 T: 0.01 T-out: N T-r: 98.23%
c rst  geom ibes vs   413   123 K 1941    17429  1773 6.52    6.11      281   244   37K   169 25.53   25.42  
c rst  geom ibes vs   414   124 K 1941    17429  1773 6.52    6.11      281   247   38K   169 25.46   25.35  
c rst  geom ibes vs   415   125 K 1941    17429  1773 6.52    6.11      281   248   39K   169 25.40   25.31  
c rst  geom ibes vs   416   126 K 1941    17429  1773 6.52    6.11      281   248   40K   169 25.32   25.23  
c rst  geom ibes vs   417   127 K 1941    17429  1773 6.52    6.11      281   248   41K   169 25.24   25.14  
c [distill] watch-based irred--  cl tried 19101    cl-sh 0     cl-rem 0    lit-rem 0      T: 0.03 T-out: Y
c [distill] watch-based red  --  cl tried 562      cl-sh 5     cl-rem 0    lit-rem 5      T: 0.00 T-out: N
c rst  geom ibes vs   418   128 K 1941    17429  1773 6.52    6.11      281   248   42K   169 25.18   25.09  
c rst  geom ibes vs   419   129 K 1941    17429  1773 6.52    6.11      281   249   43K   169 25.10   25.01  
c [distill-long-red0] cls tried: 40/40 T: 0.00 T-out: N T-r: 99.93%
c [distill-long-red1] cls tried: 75/99 T: 0.01 T-out: Y T-r: -0.74%
c rst  geom ibes vs   420   130 K 1941    17429  1773 6.52    6.11      296   227   44K   169 24.98   24.90  
c rst  geom svd  vs   421   132 K 1941    17429  1773 6.52    6.11      296   227   46K   169 25.15   25.07  
c [ccnr] tries: 0 steps: 262143 best found: 2
c [ccnr] saving best assignment phase to stable_polar
c [ccnr] bumping based on var unsat frequency: conflict_ct
c [ccnr] Bumped vars: 1941 bump type: 6
c [ccnr] time: 0.28
c rst  geom svd  vs   422   133 K 1941    17429  1773 6.52    6.11      296   230   47K   169 25.32   25.23  
c rst  geom svd  vs   423   134 K 1941    17429  1773 6.52    6.11      296   231   48K   169 25.35   25.27  
c recursive minimization cost OK: 295Kcost/(% lits removed)
c [gauss] XOR-encoding clauses are not detached, so no need to reattach them.
c [g 0] truth-find prop checks  : 300K
c [g 0] -> of which prop        : 34.69 %
c [g 0] -> of which confl       :  1.63 %
c [g 0] elim called             : 39K
c [g 0] ---> which lead to prop : 144.59 %
c [g 0] ---> which lead to confl:  8.29 %
c [g 0] size: 40    x 80   
c --> Executing strategy token: scc-vrepl
c [scc] new: 0 BP 0M T: 0.00
c --> Executing strategy token: sub-impl
c [impl-sub] bin: 0 T: 0.00 T-out: N w-visit: 3882
c --> Executing strategy token: breakid
c --> Executing OCC strategy token(s): 'occ-backw-sub-str,occ-clean-implicit,occ-bve,occ-bva,occ-ternary-res,occ-xor,'
c [occ] mem usage for occur 1      MB
c [occ] Linked in IRRED BIN by default: 1773
c [occ] Linked in RED   BIN by default: 169
c [occ] mem usage for occur 0      MB
c Mem for watch alloc      : 5           MB (15.13     %)
c Mem for watch array      : 0           MB (0.27      %)
c --> Executing OCC strategy token: occ-backw-sub-str
c [occ-backw-sub-str-long-w-bins] subs: 0 str: 0 tried: 44883 0-depth ass: 0 T: 0.00 T-out: N T-r: 99.55%
c [occ-backw-sub-long-w-long] rem cl: 16 tried: 66327/66327 (100.0%) T: 0.01 T-out: N T-r: 97.37%
c [occ-backw-sub-str-long-w-long] sub: 0 str: 1 tried: 198981/66327 (300.0)  T: 0.07 T-out: N T-r: 87.76%
c --> Executing OCC strategy token: occ-clean-implicit
c --> Executing OCC strategy token: occ-bve
c [occ-empty-res] Empty resolvent elimed: 0 T: 0.00 T-out: N
c [occ-bve] turning off picosat-based irreg gate detection, added lits:  231K
c [occ-bve] iter v-elim 0
c cl_inc_rate=1.0, var_dec_rate=1.0 (grow=0)
c Reduced to 1941 vars, 19202 cls (grow=0)
c [occ-bve] iter v-elim 0
c cl_inc_rate=1.0, var_dec_rate=1.0 (grow=8)
c Reduced to 1941 vars, 19202 cls (grow=8)
c [occ-bve] iter v-elim 0
c cl_inc_rate=1.0, var_dec_rate=1.0 (grow=16)
c Reduced to 1941 vars, 19202 cls (grow=16)
c x n vars       : 1941
c #try to eliminate:  5823
c #var-elim        :     0
c #T-o: N
c #T-r: 99.99%
c #T  : 0.85
c [occur] 0.04 is overhead
c [occur] link-in T: 0.04 cleanup T: 0.00
c --> Executing OCC strategy token: occ-bva
c --> Executing OCC strategy token: occ-ternary-res
c [occ-ternary-res] Ternary res-tri: 0 res-bin: 0 sub: 0 str: 0 T: 0.00 T-out: N T-r: 99.80%
c --> Executing OCC strategy token: occ-xor
c [occ-xor] sort occur list T: 0.00
c [xor-clean-equiv] removed equivalent xors: 0 left with: 223
c [occ-xor] found    223 avg sz 5.4 min sz  4 max sz  6 T: 0.01 T-out: N T-r: 99.97%
c --> Executing strategy token: card-find
c --> Executing strategy token: cl-consolidate
c Not consolidating memory.
c --> Executing strategy token: scc-vrepl
c [scc] new: 0 BP 0M T: 0.00
c --> Executing strategy token: renumber
c --> Executing strategy token: bosphorus
c --> Executing strategy token: louvain-comms
c [consolidate] mini T: 0.00
c global_timeout_multiplier: 3.6300
c [branch] rebuilding order heap for all branchings. Current branching: vsid
c [find&init matx] performing matrix init
c [gauss] XOR-encoding clauses are not detached, so no need to reattach them.
c [xor-rem-unconnected] left with 223 xors from 223 non-empty xors T: 0.00
c [xor-together] xored together: 180 orig xors: 223 new xors: 43 T: 0.00
c [xor-rem-unconnected] left with 43 xors from 43 non-empty xors T: 0.00
c [xor-clean-equiv] removed equivalent xors: 0 left with: 43
c [matrix] unused xors from cleaning: 0
c [matrix] Good   matrix  0     43 x   87  density:0.2256  xorlen avg: 19.63
c [matrix] Using 1 matrices recovered from 0 xors T: 0.00 T-out: N
c [distill-bin] useful: 0/1773/1773 lits-rem: 0 cl-rem: 0 0-depth-assigns: 0 T: 0.01 T-out: N
c rst  geom  svd   vs   424  135K    1941 17429  1773    6.52    6.11   292   301   35K   169   25.80   25.69
c [branch] adjusting to: vmtf (from: vsid) var_decay:0.95 descr: VMTF
c rst  luby  svd  vmt   425  135K    1941 17429  1773    6.52    6.11   294   312   35K   169   25.78   25.67
c rst  luby  svd  vmt   426  135K    1941 17429  1773    6.52    6.11   294   317   35K   169   25.79   25.68
c rst  luby  svd  vmt   427  135K    1941 17429  1773    6.52    6.11   294   319   36K   169   25.82   25.71
c rst  luby  svd  vmt   428  135K    1941 17429  1773    6.52    6.11   295   319   36K   169   25.83   25.72
c rst  luby  svd  vmt   429  136K    1941 17429  1773    6.52    6.11   295   320   36K   169   25.84   25.73
c rst  luby  svd  vmt   430  136K    1941 17429  1773    6.52    6.11   295   321   36K   169   25.89   25.78
c rst  luby  svd  vmt   431  136K    1941 17429  1773    6.52    6.11   295   322   36K   169   25.94   25.83
c rst  luby  svd  vmt   432  136K    1941 17429  1773    6.52    6.11   295   324   36K   169   25.95   25.84
c rst  luby  svd  vmt   433  136K    1941 17429  1773    6.52    6.11   295   325   37K   169   25.97   25.86
c rst  luby  svd  vmt   434  137K    1941 17429  1773    6.52    6.11   295   325   37K   169   26.00   25.89
c rst  luby  svd  vmt   435  137K    1941 17429  1773    6.52    6.11   295   325   37K   169   26.01   25.91
c rst  luby  svd  vmt   436  137K    1941 17429  1773    6.52    6.11   295   325   37K   169   26.03   25.93
c rst  geom best  vmt   437  137K    1941 17429  1773    6.52    6.11   295   330   37K   169   26.02   25.92
c rst  geom best  vmt   438  137K    1941 17429  1773    6.52    6.11   295   330   37K   169   26.06   25.95
c rst  geom best  vmt   439  137K    1941 17429  1773    6.52    6.11   295   331   37K   169   26.05   25.95
c rst  geom best  vmt   440  137K    1941 17429  1773    6.52    6.11   295   331   37K   169   26.06   25.96
c rst  geom best  vmt   441  137K    1941 17429  1773    6.52    6.11   296   337   38K   169   26.07   25.96
c rst  geom best  vmt   442  138K    1941 17429  1773    6.52    6.11   296   338   38K   169   26.06   25.96
c rst  geom best  vmt   443  138K    1941 17429  1773    6.52    6.11   296   338   38K   169   26.06   25.96
c rst  geom best  vmt   444  138K    1941 17429  1773    6.52    6.11   296   338   38K   169   26.06   25.95
c rst  geom best  vmt   445  138K    1941 17429  1773    6.52    6.11   296   339   38K   169   26.06   25.96
c rst  geom best  vmt   446  139K    1941 17429  1773    6.52    6.11   298   343   39K   169   26.04   25.94
c rst  geom best  vmt   447  139K    1941 17429  1773    6.52    6.11   298   345   39K   169   26.05   25.95
c rst  geom best  vmt   448  139K    1941 17429  1773    6.52    6.11   298   348   39K   169   26.05   25.95
c rst  geom best  vmt   449  139K    1941 17429  1773    6.52    6.11   298   348   40K   169   26.07   25.97
c rst  geom best  vmt   450  140K    1941 17429  1773    6.52    6.11   329   315   40K   169   26.12   26.02
c rst  geom best  vmt   451  140K    1941 17429  1773    6.52    6.11   329   315   40K   169   26.16   26.06
c rst  geom best  vmt   452  141K    1941 17429  1773    6.52    6.11   329   318   41K   169   26.15   26.06
c rst  geom best  vmt   453  141K    1941 17429  1773    6.52    6.11   329   318   41K   169   26.17   26.08
c rst  geom best  vmt   454  142K    1941 17429  1773    6.52    6.11   329   318   42K   169   26.20   26.11
c rst  geom best  vmt   455  142K    1941 17429  1773    6.52    6.11   329   318   42K   169   26.20   26.10
c rst  geom best  vmt   456  143K    1941 17429  1773    6.52    6.11   329   318   43K   169   26.16   26.07
c [full-probe]  bin_only: 1 set: 0 repl: 0 T: 0.01 T-out: N T-r: 99.83%
c rst  geom best  vmt   457  144K    1941 17429  1773    6.52    6.11   329   323   44K   169   26.15   26.06
c rst  geom  stb  vmt   458  144K    1941 17429  1773    6.52    6.11   329   343   45K   169   26.16   26.07
c [distill-long-red0] cls tried: 40/40 T: 0.00 T-out: N T-r: 99.95%
c [distill-long-red1] cls tried: 100/153 T: 0.01 T-out: Y T-r: -0.41%
c rst  geom  stb  vmt   459  145K    1941 17429  1773    6.52    6.11   330   360   45K   169   26.20   26.12
c rst  geom  stb  vmt   460  146K    1941 17429  1773    6.52    6.11   330   361   46K   169   26.27   26.19
c rst  geom  stb  vmt   461  147K    1941 17429  1773    6.52    6.11   330   368   47K   169   26.28   26.20
c rst  geom  stb  vmt   462  149K    1941 17429  1773    6.52    6.11   330   373   49K   169   26.32   26.23
c rst  geom  stb  vmt   463  150K    1941 17429  1773    6.52    6.11   386   404   35K   169   26.30   26.19
c rst  geom  stb  vmt   464  151K    1941 17429  1773    6.52    6.11   386   404   36K   169   26.58   26.47
c rst  geom ibes  vmt   465  153K    1941 17429  1773    6.52    6.11   389   407   38K   169   26.47   26.36
c [distill] watch-based irred--  cl tried    19975 cl-sh     0 cl-rem    0 lit-rem      0 T: 0.03 T-out: Y
c [distill] watch-based   red--  cl tried      778 cl-sh     2 cl-rem    0 lit-rem      2 T: 0.00 T-out: N
c rst  geom ibes  vmt   466  154K    1941 17429  1773    6.52    6.11   389   407   40K   169   26.40   26.30
c [branch] adjusting to: vsid (from: vmtf) var_decay:0.95 descr: VSIDS
c [distill-bin] useful: 0/1773/1773 lits-rem: 0 cl-rem: 0 0-depth-assigns: 0 T: 0.01 T-out: N
c rst  geom ibes   vs   467  155K    1941 17429  1773    6.52    6.11   389   407   40K   169   26.39   26.29
c rst  geom ibes   vs   468  155K    1941 17429  1773    6.52    6.11   389   408   40K   169   26.37   26.27
c rst  geom ibes   vs   469  155K    1941 17429  1773    6.52    6.11   389   409   40K   169   26.36   26.26
c rst  geom ibes   vs   470  155K    1941 17429  1773    6.52    6.11   389   409   40K   169   26.34   26.24
c rst  geom ibes   vs   471  155K    1941 17429  1773    6.52    6.11   389   409   40K   169   26.32   26.22
c rst  geom ibes   vs   472  155K    1941 17429  1773    6.52    6.11   389   409   41K   169   26.30   26.21
c rst  geom ibes   vs   473  156K    1941 17429  1773    6.52    6.11   389   410   41K   169   26.32   26.22
c rst  geom ibes   vs   474  156K    1941 17429  1773    6.52    6.11   389   410   41K   169   26.30   26.20
c rst  geom ibes   vs   475  156K    1941 17429  1773    6.52    6.11   389   410   41K   169   26.29   26.19
c rst  geom ibes   vs   476  156K    1941 17429  1773    6.52    6.11   389   410   41K   169   26.26   26.17
c rst  geom ibes   vs   477  156K    1941 17429  1773    6.52    6.11   389   410   42K   169   26.22   26.13
c rst  geom ibes   vs   478  157K    1941 17429  1773    6.52    6.11   389   411   42K   169   26.18   26.09
c rst  geom ibes   vs   479  157K    1941 17429  1773    6.52    6.11   389   411   42K   169   26.14   26.04
c rst  geom ibes   vs   480  158K    1941 17429  1773    6.52    6.11   389   411   43K   169   26.09   26.00
c rst  geom ibes   vs   481  158K    1941 17429  1773    6.52    6.11   389   411   43K   169   26.05   25.96
c rst  geom  svd   vs   482  158K    1941 17429  1773    6.52    6.11   389   411   44K   169   26.03   25.94
c rst  geom  svd   vs   483  159K    1941 17429  1773    6.52    6.11   389   412   44K   169   25.99   25.90
c rst  geom  svd   vs   484  159K    1941 17429  1773    6.52    6.11   389   413   45K   169   25.98   25.89
c rst  geom  svd   vs   485  160K    1941 17429  1773    6.52    6.11   415   371   45K   169   25.98   25.89
c [distill-long-red0] cls tried: 61/61 T: 0.00 T-out: N T-r: 99.90%
c [distill-long-red1] cls tried: 86/149 T: 0.01 T-out: Y T-r: -0.72%
c rst  geom  svd   vs   486  161K    1941 17429  1773    6.52    6.11   415   372   46K   169   25.97   25.89
c [impl-str] lit bin: 0 set-var: 0 T: 0.00 T-out: N T-r: 99.95% w-visit: 3882
c [impl-sub] bin: 0 T: 0.00 T-out: N w-visit: 3882
c rst  geom  svd   vs   487  161K    1941 17429  1773    6.52    6.11   415   372   47K   169   25.98   25.89
c rst  geom  svd   vs   488  162K    1941 17429  1773    6.52    6.11   415   373   47K   169   26.00   25.92
c rst  geom  svd   vs   489  163K    1941 17429  1773    6.52    6.11   415   374   48K   169   26.01   25.93
c [full-probe]  bin_only: 0 set: 0 repl: 0 T: 0.01 T-out: N T-r: 98.06%
c rst  geom  svd   vs   490  164K    1941 17429  1773    6.52    6.11   415   374   49K   169   26.01   25.93
c rst  geom  svd   vs   491  165K    1941 17429  1773    6.52    6.11   418   430   36K   169   26.25   26.14
c rst  geom best   vs   492  166K    1941 17429  1773    6.52    6.11   418   433   37K   169   26.23   26.12
c rst  geom best   vs   493  168K    1941 17429  1773    6.52    6.11   418   433   38K   169   26.19   26.09
c rst  geom best   vs   494  169K    1941 17429  1773    6.52    6.11   419   434   40K   169   26.17   26.07
c rst  geom best   vs   495  170K    1941 17429  1773    6.52    6.11   444   400   41K   169   26.12   26.02
c rst  geom best   vs   496  172K    1941 17429  1773    6.52    6.11   444   400   43K   169   26.05   25.95
c rst  geom  stb   vs   497  174K    1941 17429  1773    6.52    6.11   445   400   45K   169   26.14   26.06
c rst  geom  stb   vs   498  176K    1941 17429  1773    6.52    6.11   445   400   47K   169   26.14   26.06
c [branch] adjusting to: vmtf (from: vsid) var_decay:0.95 descr: VMTF
c [distill-long-red0] cls tried: 20/20 T: 0.00 T-out: N T-r: 99.95%
c [distill-long-red1] cls tried: 94/112 T: 0.01 T-out: Y T-r: -1.81%
c [distill-bin] useful: 0/1773/1773 lits-rem: 0 cl-rem: 0 0-depth-assigns: 0 T: 0.01 T-out: N
c [ccnr] tries: 0 steps: 262143 best found: 1
c [ccnr] saving best assignment phase to stable_polar
c [ccnr] bumping based on clause weights
c [ccnr] Bumped vars: 101 bump type: 6
c [ccnr] time: 0.27
c rst  luby  stb  vmt   499  176K    1941 17429  1773    6.52    6.11   446   405   47K   169   26.17   26.09
c rst  luby  stb  vmt   500  176K    1941 17429  1773    6.52    6.11   446   408   47K   169   26.20   26.11
c rst  luby  stb  vmt   501  176K    1941 17429  1773    6.52    6.11   446   410   47K   169   26.24   26.15
c rst  luby  stb  vmt   502  177K    1941 17429  1773    6.52    6.11   447   411   47K   169   26.26   26.18
c rst  luby  stb  vmt   503  177K    1941 17429  1773    6.52    6.11   447   412   48K   169   26.28   26.20
c rst  luby  stb  vmt   504  177K    1941 17429  1773    6.52    6.11   447   420   48K   169   26.32   26.24
c rst  luby  stb  vmt   505  177K    1941 17429  1773    6.52    6.11   447   422   48K   169   26.38   26.30
c rst  luby  stb  vmt   506  177K    1941 17429  1773    6.52    6.11   447   422   48K   169   26.40   26.32
c rst  luby  stb  vmt   507  177K    1941 17429  1773    6.52    6.11   447   423   48K   169   26.41   26.33
c rst  luby  stb  vmt   508  178K    1941 17429  1773    6.52    6.11   447   423   49K   169   26.44   26.36
c rst  luby  stb  vmt   509  178K    1941 17429  1773    6.52    6.11   448   423   49K   169   26.46   26.38
c [distill] watch-based irred--  cl tried    18907 cl-sh     0 cl-rem    0 lit-rem      0 T: 0.03 T-out: Y
c [distill] watch-based   red--  cl tried      896 cl-sh     0 cl-rem    0 lit-rem      0 T: 0.00 T-out: N
c rst  luby  stb  vmt   510  178K    1941 17429  1773    6.52    6.11   448   424   49K   169   26.48   26.40
c rst  luby  stb  vmt   511  178K    1941 17429  1773    6.52    6.11   448   426   49K   169   26.51   26.43
c rst  luby  stb  vmt   512  178K    1941 17429  1773    6.52    6.11   448   436   49K   169   26.57   26.48
c rst  luby  stb  vmt   513  179K    1941 17429  1773    6.52    6.11   449   442   50K   169   26.64   26.55
c rst  luby ibes  vmt   514  179K    1941 17429  1773    6.52    6.11   449   444   50K   169   26.63   26.55
c rst  luby ibes  vmt   515  180K    1941 17429  1773    6.52    6.11   449   444   50K   169   26.64   26.56
c rst  luby ibes  vmt   516  180K    1941 17429  1773    6.52    6.11   504   447   34K   169   26.16   26.05
c rst  luby ibes  vmt   517  180K    1941 17429  1773    6.52    6.11   504   448   34K   169   26.16   26.04
c rst  luby ibes  vmt   518  180K    1941 17429  1773    6.52    6.11   504   448   34K   169   26.16   26.04
c rst  luby ibes  vmt   519  180K    1941 17429  1773    6.52    6.11   504   448   35K   169   26.16   26.05
c rst  luby ibes  vmt   520  181K    1941 17429  1773    6.52    6.11   504   450   35K   169   26.15   26.04
c [gauss] XOR-encoding clauses are not detached, so no need to reattach them.
c [g 0] truth-find prop checks  : 790K
c [g 0] -> of which prop        : 34.81 %
c [g 0] -> of which confl       :  1.62 %
c [g 0] elim called             : 104K
c [g 0] ---> which lead to prop : 150.12 %
c [g 0] ---> which lead to confl:  8.02 %
c [g 0] size: 43    x 87   
c [scc] new: 0 BP 0M T: 0.00
c [vrep] vars 0 lits 0 rem-bin-cls 0 rem-long-cls 0 BP 0M T: 0.00
c [intree] Set 0 vars hyper-added: 0 trans-irred: 0 trans-red: 5 T: 0.01 T-out: N T-r: -0.81%
c [find&init matx] performing matrix init
c [gauss] XOR-encoding clauses are not detached, so no need to reattach them.
c [xor-rem-unconnected] left with 223 xors from 223 non-empty xors T: 0.00
c [xor-together] xored together: 180 orig xors: 223 new xors: 43 T: 0.00
c [xor-rem-unconnected] left with 43 xors from 43 non-empty xors T: 0.00
c [xor-clean-equiv] removed equivalent xors: 0 left with: 43
c [matrix] unused xors from cleaning: 0
c [matrix] Good   matrix 0 43      x87     density:0.2256  xorlen avg: 19.63
c [matrix] Using 1 matrices recovered from 0 xors T: 0.00 T-out: N
c rst  luby ibes vmt  521   181 K 1941    17429  1773 6.52    6.11      504   453   35K   164 26.14   26.04  
c rst  luby ibes vmt  522   181 K 1941    17429  1773 6.52    6.11      504   455   35K   164 26.13   26.03  
c rst  luby ibes vmt  523   181 K 1941    17429  1773 6.52    6.11      504   456   35K   164 26.12   26.02  
c rst  luby ibes vmt  524   181 K 1941    17429  1773 6.52    6.11      504   456   36K   164 26.12   26.02  
c rst  luby ibes vmt  525   181 K 1941    17429  1773 6.52    6.11      504   456   36K   164 26.12   26.02  
c rst  luby ibes vmt  526   181 K 1941    17429  1773 6.52    6.11      507   457   36K   164 26.12   26.02  
c rst  luby ibes vmt  527   182 K 1941    17429  1773 6.52    6.11      507   460   36K   164 26.13   26.02  
c rst  luby ibes vmt  528   183 K 1941    17429  1773 6.52    6.11      507   467   37K   164 26.21   26.11  
c rst  luby ibes vmt  529   184 K 1941    17429  1773 6.52    6.11      511   493   39K   164 26.11   26.01  
c [full-probe]  bin_only: 1 set: 0 repl: 0 T: 0.01 T-out: N T-r: 99.83%
c rst  luby ibes vmt  530   184 K 1941    17429  1773 6.52    6.11      511   494   39K   164 26.11   26.01  
c rst  luby ibes vmt  531   184 K 1941    17429  1773 6.52    6.11      511   494   39K   164 26.10   26.01  
c rst  luby ibes vmt  532   185 K 1941    17429  1773 6.52    6.11      511   495   39K   164 26.09   25.99  
c rst  luby ibes vmt  533   185 K 1941    17429  1773 6.52    6.11      511   497   39K   164 26.08   25.99  
c rst  luby ibes vmt  534   185 K 1941    17429  1773 6.52    6.11      511   499   39K   164 26.08   25.99  
c rst  luby ibes vmt  535   185 K 1941    17429  1773 6.52    6.11      511   500   39K   164 26.08   25.98  
c rst  luby ibes vmt  536   185 K 1941    17429  1773 6.52    6.11      511   504   40K   164 26.07   25.98  
c rst  luby ibes vmt  537   185 K 1941    17429  1773 6.52    6.11      511   504   40K   164 26.07   25.97  
c rst  luby ibes vmt  538   186 K 1941    17429  1773 6.52    6.11      511   506   40K   164 26.06   25.97  
c rst  luby ibes vmt  539   186 K 1941    17429  1773 6.52    6.11      512   507   40K   164 26.09   25.99  
c rst  luby ibes vmt  540   186 K 1941    17429  1773 6.52    6.11      512   512   40K   164 26.08   25.99  
c rst  luby ibes vmt  541   186 K 1941    17429  1773 6.52    6.11      512   512   40K   164 26.09   26.00  
c rst  luby ibes vmt  542   186 K 1941    17429  1773 6.52    6.11      514   512   41K   164 26.10   26.00  
c rst  luby svd  vmt  543   187 K 1941    17429  1773 6.52    6.11      516   513   41K   164 26.17   26.08  
c rst  luby svd  vmt  544   187 K 1941    17429  1773 6.52    6.11      516   527   42K   164 26.26   26.17  
c rst  luby svd  vmt  545   187 K 1941    17429  1773 6.52    6.11      516   527   42K   164 26.27   26.18  
c rst  luby svd  vmt  546   188 K 1941    17429  1773 6.52    6.11      516   527   42K   164 26.28   26.19  
c rst  luby svd  vmt  547   188 K 1941    17429  1773 6.52    6.11      516   529   42K   164 26.30   26.21  
c rst  luby svd  vmt  548   188 K 1941    17429  1773 6.52    6.11      516   530   42K   164 26.32   26.23  
c rst  luby svd  vmt  549   188 K 1941    17429  1773 6.52    6.11      516   531   42K   164 26.33   26.24  
c rst  luby svd  vmt  550   188 K 1941    17429  1773 6.52    6.11      516   532   43K   164 26.36   26.27  
c rst  luby svd  vmt  551   189 K 1941    17429  1773 6.52    6.11      517   537   43K   164 26.35   26.26  
c rst  luby svd  vmt  552   189 K 1941    17429  1773 6.52    6.11      517   541   43K   164 26.36   26.27  
c rst  luby svd  vmt  553   189 K 1941    17429  1773 6.52    6.11      517   541   43K   164 26.38   26.29  
c rst  luby svd  vmt  554   189 K 1941    17429  1773 6.52    6.11      519   541   43K   164 26.38   26.29  
c rst  luby svd  vmt  555   189 K 1941    17429  1773 6.52    6.11      519   541   44K   164 26.40   26.31  
c rst  luby svd  vmt  556   189 K 1941    17429  1773 6.52    6.11      519   541   44K   164 26.41   26.33  
c rst  luby svd  vmt  557   189 K 1941    17429  1773 6.52    6.11      520   541   44K   164 26.43   26.34  
c rst  luby svd  vmt  558   190 K 1941    17429  1773 6.52    6.11      613   430   44K   164 26.45   26.36  
c rst  luby svd  vmt  559   191 K 1941    17429  1773 6.52    6.11      613   443   45K   164 26.60   26.51  
c rst  luby svd  vmt  560   192 K 1941    17429  1773 6.52    6.11      616   457   47K   164 26.81   26.73  
c [distill-long-red0] cls tried: 130/130 T: 0.01 T-out: N T-r: 99.77%
c [distill-long-red1] cls tried: 82/165 T: 0.01 T-out: Y T-r: -0.85%
c rst  luby svd  vmt  561   195 K 1941    17429  1773 6.52    6.11      637   611   34K   164 27.69   27.58  
c rst  geom best vmt  562   196 K 1941    17429  1773 6.52    6.11      637   611   35K   164 27.68   27.57  
c rst  geom best vmt  563   196 K 1941    17429  1773 6.52    6.11      638   617   35K   164 27.70   27.59  
c rst  geom best vmt  564   196 K 1941    17429  1773 6.52    6.11      638   617   35K   164 27.70   27.58  
c rst  geom best vmt  565   196 K 1941    17429  1773 6.52    6.11      638   617   35K   164 27.70   27.59  
c rst  geom best vmt  566   196 K 1941    17429  1773 6.52    6.11      638   617   35K   164 27.69   27.57  
c [distill-bin] useful: 0/1773/1773 lits-rem: 0 cl-rem: 0 0-depth-assigns: 0 T: 0.01 T-out: N
c rst  geom best vmt  567   196 K 1941    17429  1773 6.52    6.11      639   622   35K   164 27.66   27.54  
c rst  geom best vmt  568   196 K 1941    17429  1773 6.52    6.11      639   622   35K   164 27.66   27.55  
c rst  geom best vmt  569   197 K 1941    17429  1773 6.52    6.11      639   622   36K   164 27.65   27.54  
c rst  geom best vmt  570   197 K 1941    17429  1773 6.52    6.11      639   628   36K   164 27.66   27.55  
c rst  geom best vmt  571   197 K 1941    17429  1773 6.52    6.11      640   628   36K   165 27.63   27.52  
c rst  geom best vmt  572   197 K 1941    17429  1773 6.52    6.11      640   629   36K   165 27.63   27.52  
c [branch] adjusting to: vsid (from: vmtf) var_decay:0.95 descr: VSIDS
c rst  geom best vs   573   198 K 1941    17429  1773 6.52    6.11      640   630   37K   165 27.63   27.52  
c rst  geom best vs   574   198 K 1941    17429  1773 6.52    6.11      640   630   37K   165 27.62   27.51  
c rst  geom best vs   575   198 K 1941    17429  1773 6.52    6.11      640   630   37K   165 27.61   27.50  
c rst  geom best vs   576   198 K 1941    17429  1773 6.52    6.11      641   631   37K   165 27.59   27.48  
c rst  geom best vs   577   198 K 1941    17429  1773 6.52    6.11      641   631   37K   165 27.56   27.45  
c rst  geom best vs   578   198 K 1941    17429  1773 6.52    6.11      641   631   37K   165 27.54   27.43  
c rst  geom best vs   579   198 K 1941    17429  1773 6.52    6.11      641   631   37K   165 27.51   27.40  
c rst  geom best vs   580   199 K 1941    17429  1773 6.52    6.11      641   631   38K   165 27.48   27.37  
c rst  geom best vs   581   199 K 1941    17429  1773 6.52    6.11      641   631   38K   165 27.45   27.34  
c rst  geom best vs   582   199 K 1941    17429  1773 6.52    6.11      641   631   38K   165 27.43   27.32  
c rst  geom best vs   583   199 K 1941    17429  1773 6.52    6.11      641   631   38K   165 27.42   27.31  
c rst  geom best vs   584   200 K 1941    17429  1773 6.52    6.11      728   524   39K   165 27.39   27.29  
c rst  geom best vs   585   200 K 1941    17429  1773 6.52    6.11      728   525   39K   165 27.36   27.26  
c rst  geom best vs   586   200 K 1941    17429  1773 6.52    6.11      728   530   40K   165 27.32   27.22  
c rst  geom best vs   587   201 K 1941    17429  1773 6.52    6.11      728   530   40K   165 27.28   27.18  
c rst  geom best vs   588   201 K 1941    17429  1773 6.52    6.11      728   531   40K   165 27.23   27.14  
c rst  geom best vs   589   202 K 1941    17429  1773 6.52    6.11      728   532   41K   165 27.24   27.14  
c rst  geom best vs   590   202 K 1941    17429  1773 6.52    6.11      728   533   41K   165 27.17   27.07  
c rst  geom best vs   591   203 K 1941    17429  1773 6.52    6.11      728   534   42K   165 27.15   27.05  
c [distill] watch-based irred--  cl tried 21921    cl-sh 0     cl-rem 0    lit-rem 0      T: 0.03 T-out: Y
c [distill] watch-based red  --  cl tried 1456     cl-sh 7     cl-rem 0    lit-rem 7      T: 0.00 T-out: N
c rst  geom stb  vs   592   204 K 1941    17429  1773 6.52    6.11      728   542   43K   165 27.13   27.04  
c rst  geom stb  vs   593   204 K 1941    17429  1773 6.52    6.11      728   545   43K   165 27.13   27.04  
c [full-probe]  bin_only: 0 set: 0 repl: 0 T: 0.01 T-out: N T-r: 97.92%
c rst  geom stb  vs   594   205 K 1941    17429  1773 6.52    6.11      729   548   44K   165 27.18   27.09  
c rst  geom stb  vs   595   206 K 1941    17429  1773 6.52    6.11      730   548   45K   165 27.22   27.13  
c rst  geom stb  vs   596   207 K 1941    17429  1773 6.52    6.11      730   549   46K   165 27.29   27.21  
c rst  geom stb  vs   597   208 K 1941    17429  1773 6.52    6.11      730   561   47K   165 27.35   27.27  
c [distill-long-red0] cls tried: 83/83 T: 0.01 T-out: N T-r: 99.79%
c [distill-long-red1] cls tried: 66/235 T: 0.01 T-out: Y T-r: -1.55%
c rst  geom stb  vs   598   209 K 1941    17429  1773 6.52    6.11      731   565   48K   165 27.39   27.31  
c rst  geom stb  vs   599   210 K 1941    17429  1773 6.52    6.11      776   553   35K   165 27.93   27.81  
c rst  geom ibes vs   600   212 K 1941    17429  1773 6.52    6.11      777   556   37K   165 27.69   27.58  
c rst  geom ibes vs   601   213 K 1941    17429  1773 6.52    6.11      777   557   38K   165 27.53   27.42  
c rst  geom ibes vs   602   215 K 1941    17429  1773 6.52    6.11      778   559   40K   165 27.35   27.25  
c rst  geom ibes vs   603   217 K 1941    17429  1773 6.52    6.11      778   559   42K   165 27.11   27.01  
c [distill-bin] useful: 0/1773/1773 lits-rem: 0 cl-rem: 0 0-depth-assigns: 0 T: 0.01 T-out: N
c rst  geom ibes vs   604   219 K 1941    17429  1773 6.52    6.11      778   561   44K   165 26.94   26.85  
c rst  geom svd  vs   605   221 K 1941    17429  1773 6.52    6.11      803   503   46K   165 26.86   26.77  
c [impl-str] lit bin: 0 set-var: 0 T: 0.00 T-out: N T-r: 99.95% w-visit: 3882
c [impl-sub] bin: 1 T: 0.00 T-out: N w-visit: 3882
c [ccnr] tries: 0 steps: 262143 best found: 4
c [ccnr] saving best assignment phase to stable_polar
c [ccnr] bumping based on var unsat frequency: conflict_ct
c [ccnr] Bumped vars: 1941 bump type: 6
c [ccnr] time: 0.27
c rst  geom svd  vs   606   224 K 1941    17429  1773 6.52    6.11      804   510   49K   164 26.78   26.70  
c [branch] adjusting to: vmtf (from: vsid) var_decay:0.95 descr: VMTF
c [distill-long-red0] cls tried: 68/68 T: 0.01 T-out: N T-r: 99.87%
c [distill-long-red1] cls tried: 65/198 T: 0.01 T-out: Y T-r: -3.66%
c rst  luby svd  vmt  607   224 K 1941    17429  1773 6.52    6.11      804   515   49K   164 26.77   26.69  
c rst  luby svd  vmt  608   224 K 1941    17429  1773 6.52    6.11      806   517   49K   164 26.78   26.70  
c rst  luby svd  vmt  609   224 K 1941    17429  1773 6.52    6.11      806   517   49K   164 26.79   26.71  
c rst  luby svd  vmt  610   224 K 1941    17429  1773 6.52    6.11      806   517   49K   164 26.80   26.73  
c rst  luby svd  vmt  611   224 K 1941    17429  1773 6.52    6.11      806   517   49K   164 26.81   26.73  
c [full-probe]  bin_only: 1 set: 0 repl: 0 T: 0.01 T-out: N T-r: 99.78%
c rst  luby svd  vmt  612   225 K 1941    17429  1773 6.52    6.11      810   561   36K   164 26.08   25.97  
c rst  luby svd  vmt  613   225 K 1941    17429  1773 6.52    6.11      811   562   36K   164 26.13   26.03  
c rst  luby svd  vmt  614   225 K 1941    17429  1773 6.52    6.11      811   563   36K   164 26.16   26.05  
c rst  luby svd  vmt  615   225 K 1941    17429  1773 6.52    6.11      811   564   36K   164 26.17   26.07  
c rst  luby svd  vmt  616   225 K 1941    17429  1773 6.52    6.11      811   564   36K   164 26.20   26.09  
c rst  luby svd  vmt  617   226 K 1941    17429  1773 6.52    6.11      811   567   36K   164 26.21   26.10  
c rst  luby svd  vmt  618   226 K 1941    17429  1773 6.52    6.11      811   569   37K   164 26.22   26.12  
c rst  luby svd  vmt  619   226 K 1941    17429  1773 6.52    6.11      811   570   37K   164 26.26   26.15  
c rst  luby svd  vmt  620   226 K 1941    17429  1773 6.52    6.11      812   570   37K   164 26.35   26.24  
c rst  luby svd  vmt  621   227 K 1941    17429  1773 6.52    6.11      814   587   38K   164 26.46   26.36  
c rst  geom best vmt  622   227 K 1941    17429  1773 6.52    6.11      814   589   38K   164 26.45   26.35  
c rst  geom best vmt  623   227 K 1941    17429  1773 6.52    6.11      814   591   38K   164 26.45   26.36  
c rst  geom best vmt  624   227 K 1941    17429  1773 6.52    6.11      814   591   38K   164 26.47   26.37  
c rst  geom best vmt  625   228 K 1941    17429  1773 6.52    6.11      814   595   38K   164 26.50   26.40  
c rst  geom best vmt  626   228 K 1941    17429  1773 6.52    6.11      814   596   39K   164 26.50   26.40  
c rst  geom best vmt  627   228 K 1941    17429  1773 6.52    6.11      814   598   39K   164 26.50   26.40  
c rst  geom best vmt  628   228 K 1941    17429  1773 6.52    6.11      814   598   39K   164 26.50   26.40  
c [distill] watch-based irred--  cl tried 21695    cl-sh 0     cl-rem 0    lit-rem 0      T: 0.03 T-out: Y
c [distill] watch-based red  --  cl tried 1628     cl-sh 1     cl-rem 0    lit-rem 1      T: 0.00 T-out: N
c rst  geom best vmt  629   228 K 1941    17429  1773 6.52    6.11      815   599   39K   164 26.51   26.41  
c rst  geom best vmt  630   229 K 1941    17429  1773 6.52    6.11      815   612   39K   164 26.47   26.37  
c rst  geom best vmt  631   229 K 1941    17429  1773 6.52    6.11      815   614   40K   164 26.48   26.38  
c rst  geom best vmt  632   229 K 1941    17429  1773 6.52    6.11      818   617   40K   164 26.47   26.38  
c rst  geom best vmt  633   229 K 1941    17429  1773 6.52    6.11      820   622   40K   164 26.50   26.40  
c rst  geom best vmt  634   230 K 1941    17429  1773 6.52    6.11      890   526   41K   164 26.47   26.37  
c rst  geom best vmt  635   230 K 1941    17429  1773 6.52    6.11      890   528   41K   164 26.43   26.34  
c rst  geom best vmt  636   230 K 1941    17429  1773 6.52    6.11      890   530   41K   164 26.47   26.38  
c rst  geom best vmt  637   231 K 1941    17429  1773 6.52    6.11      890   535   42K   164 26.47   26.38  
c rst  geom best vmt  638   231 K 1941    17429  1773 6.52    6.11      890   535   42K   164 26.44   26.35  
c rst  geom best vmt  639   232 K 1941    17429  1773 6.52    6.11      890   547   43K   164 26.49   26.40  
c rst  geom best vmt  640   233 K 1941    17429  1773 6.52    6.11      891   556   43K   164 26.45   26.36  
c rst  geom best vmt  641   233 K 1941    17429  1773 6.52    6.11      891   568   44K   164 26.44   26.35  
c rst  geom best vmt  642   234 K 1941    17429  1773 6.52    6.11      891   572   45K   164 26.40   26.31  
c rst  geom best vmt  643   235 K 1941    17429  1773 6.52    6.11      891   584   46K   164 26.33   26.25  
c rst  geom stb  vmt  644   236 K 1941    17429  1773 6.52    6.11      893   596   46K   164 26.39   26.31  
c rst  geom stb  vmt  645   237 K 1941    17429  1773 6.52    6.11      896   610   47K   164 26.46   26.38  
c rst  geom stb  vmt  646   238 K 1941    17429  1773 6.52    6.11      896   610   48K   164 26.48   26.40  
c [distill-bin] useful: 0/1773/1773 lits-rem: 0 cl-rem: 0 0-depth-assigns: 0 T: 0.01 T-out: N
c rst  geom stb  vmt  647   239 K 1941    17429  1773 6.52    6.11      896   617   50K   164 26.55   26.47  
c [distill-long-red0] cls tried: 81/81 T: 0.01 T-out: N T-r: 99.81%
c [distill-long-red1] cls tried: 87/281 T: 0.01 T-out: Y T-r: -3.00%
c rst  geom stb  vmt  648   240 K 1941    17429  1773 6.52    6.11      967   656   35K   164 25.98   25.87  
c rst  geom stb  vmt  649   241 K 1941    17429  1773 6.52    6.11      968   664   37K   164 26.27   26.17  
c rst  geom stb  vmt  650   243 K 1941    17429  1773 6.52    6.11      968   680   38K   164 26.48   26.38  
c rst  geom ibes vmt  651   244 K 1941    17429  1773 6.52    6.11      968   691   39K   164 26.43   26.34  
c recursive minimization cost OK: 459Kcost/(% lits removed)
c [gauss] XOR-encoding clauses are not detached, so no need to reattach them.
c [g 0] truth-find prop checks  : 1106K
c [g 0] -> of which prop        : 37.72 %
c [g 0] -> of which confl       :  1.62 %
c [g 0] elim called             : 135K
c [g 0] ---> which lead to prop : 153.98 %
c [g 0] ---> which lead to confl:  7.25 %
c [g 0] size: 43    x 87   
c --> Executing strategy token: scc-vrepl
c [scc] new: 0 BP 0M T: 0.00
c --> Executing strategy token: sub-impl
c [impl-sub] bin: 0 T: 0.00 T-out: N w-visit: 3882
c --> Executing strategy token: breakid
c --> Executing OCC strategy token(s): 'occ-backw-sub-str,occ-clean-implicit,occ-bve,occ-bva,occ-ternary-res,occ-xor,'
c [occ] mem usage for occur 1      MB
c [occ] Linked in IRRED BIN by default: 1773
c [occ] Linked in RED   BIN by default: 164
c [occ] mem usage for occur 0      MB
c Mem for watch alloc      : 7           MB (17.62     %)
c Mem for watch array      : 0           MB (0.21      %)
c --> Executing OCC strategy token: occ-backw-sub-str
c [occ-backw-sub-str-long-w-bins] subs: 0 str: 0 tried: 46820 0-depth ass: 0 T: 0.00 T-out: N T-r: 99.58%
c [occ-backw-sub-long-w-long] rem cl: 56 tried: 58549/58549 (100.0%) T: 0.01 T-out: N T-r: 97.35%
c [occ-backw-sub-str-long-w-long] sub: 2 str: 16 tried: 175647/58549 (300.0)  T: 0.06 T-out: N T-r: 89.12%
c --> Executing OCC strategy token: occ-clean-implicit
c --> Executing OCC strategy token: occ-bve
c [occ-empty-res] Empty resolvent elimed: 0 T: 0.00 T-out: N
c [occ-bve] turning off picosat-based irreg gate detection, added lits:  254K
c [occ-bve] iter v-elim 0
c cl_inc_rate=1.0, var_dec_rate=1.0 (grow=0)
c Reduced to 1941 vars, 19202 cls (grow=0)
c [occ-bve] iter v-elim 0
c cl_inc_rate=1.0, var_dec_rate=1.0 (grow=8)
c Reduced to 1941 vars, 19202 cls (grow=8)
c [occ-bve] iter v-elim 0
c cl_inc_rate=1.0, var_dec_rate=1.0 (grow=16)
c Reduced to 1941 vars, 19202 cls (grow=16)
c x n vars       : 1941
c #try to eliminate:  5823
c #var-elim        :     0
c #T-o: N
c #T-r: 99.99%
c #T  : 0.92
c [occur] 0.03 is overhead
c [occur] link-in T: 0.03 cleanup T: 0.00
c --> Executing OCC strategy token: occ-bva
c --> Executing OCC strategy token: occ-ternary-res
c [occ-ternary-res] Ternary res-tri: 0 res-bin: 0 sub: 0 str: 0 T: 0.00 T-out: N T-r: 99.84%
c --> Executing OCC strategy token: occ-xor
c [occ-xor] sort occur list T: 0.00
c [xor-clean-equiv] removed equivalent xors: 0 left with: 215
c [occ-xor] found    215 avg sz 5.4 min sz  4 max sz  6 T: 0.01 T-out: N T-r: 99.97%
c --> Executing strategy token: card-find
c --> Executing strategy token: cl-consolidate
c Not consolidating memory.
c --> Executing strategy token: scc-vrepl
c [scc] new: 0 BP 0M T: 0.00
c --> Executing strategy token: renumber
c --> Executing strategy token: bosphorus
c --> Executing strategy token: louvain-comms
c [consolidate] mini T: 0.00
c global_timeout_multiplier: 3.9930
c [branch] rebuilding order heap for all branchings. Current branching: vmtf
c [find&init matx] performing matrix init
c [gauss] XOR-encoding clauses are not detached, so no need to reattach them.
c [xor-rem-unconnected] left with 215 xors from 215 non-empty xors T: 0.00
c [xor-together] xored together: 170 orig xors: 215 new xors: 45 T: 0.00
c [xor-rem-unconnected] left with 45 xors from 45 non-empty xors T: 0.00
c [xor-clean-equiv] removed equivalent xors: 0 left with: 45
c [matrix] unused xors from cleaning: 0
c [matrix] Good   matrix  0     45 x   93  density:0.1950  xorlen avg: 18.13
c [matrix] Using 1 matrices recovered from 0 xors T: 0.00 T-out: N
c rst  geom ibes  vmt   652  245K    1941 17429  1773    6.52    6.11   946   700   40K   164   26.52   26.43
c [full-probe]  bin_only: 0 set: 0 repl: 0 T: 0.01 T-out: N T-r: 98.29%
c rst  geom ibes  vmt   653  247K    1941 17429  1773    6.52    6.11   949   721   42K   164   26.63   26.54
c [gauss] XOR-encoding clauses are not detached, so no need to reattach them.
c [g 0] truth-find prop checks  : 53K
c [g 0] -> of which prop        : 51.58 %
c [g 0] -> of which confl       :  1.40 %
c [g 0] elim called             : 3132
c [g 0] ---> which lead to prop : 227.78 %
c [g 0] ---> which lead to confl:  9.45 %
c [g 0] size: 45    x 93   
c [scc] new: 0 BP 0M T: 0.00
c [vrep] vars 0 lits 0 rem-bin-cls 0 rem-long-cls 0 BP 0M T: 0.00
c [intree] Set 0 vars hyper-added: 0 trans-irred: 0 trans-red: 0 T: 0.01 T-out: N T-r: 0.12%
c [find&init matx] performing matrix init
c [gauss] XOR-encoding clauses are not detached, so no need to reattach them.
c [xor-rem-unconnected] left with 215 xors from 215 non-empty xors T: 0.00
c [xor-together] xored together: 170 orig xors: 215 new xors: 45 T: 0.00
c [xor-rem-unconnected] left with 45 xors from 45 non-empty xors T: 0.00
c [xor-clean-equiv] removed equivalent xors: 0 left with: 45
c [matrix] unused xors from cleaning: 0
c [matrix] Good   matrix 0 45      x93     density:0.1950  xorlen avg: 18.13
c [matrix] Using 1 matrices recovered from 0 xors T: 0.00 T-out: N
c rst  geom ibes vmt  654   249 K 1941    17429  1773 6.52    6.11      949   754   44K   164 26.56   26.47  
c rst  geom ibes vmt  655   251 K 1941    17429  1773 6.52    6.11      991   698   46K   164 26.72   26.63  
c [branch] adjusting to: vsid (from: vmtf) var_decay:0.95 descr: VSIDS
c rst  geom svd  vs   656   251 K 1941    17429  1773 6.52    6.11      991   698   46K   164 26.73   26.65  
c rst  geom svd  vs   657   251 K 1941    17429  1773 6.52    6.11      991   698   46K   164 26.74   26.65  
c rst  geom svd  vs   658   251 K 1941    17429  1773 6.52    6.11      991   698   46K   164 26.75   26.66  
c rst  geom svd  vs   659   251 K 1941    17429  1773 6.52    6.11      991   701   47K   164 26.75   26.67  
c rst  geom svd  vs   660   252 K 1941    17429  1773 6.52    6.11      991   701   47K   164 26.76   26.67  
c rst  geom svd  vs   661   252 K 1941    17429  1773 6.52    6.11      991   701   47K   164 26.76   26.68  
c rst  geom svd  vs   662   252 K 1941    17429  1773 6.52    6.11      991   701   47K   164 26.77   26.69  
c rst  geom svd  vs   663   252 K 1941    17429  1773 6.52    6.11      992   701   47K   164 26.78   26.70  
c rst  geom svd  vs   664   252 K 1941    17429  1773 6.52    6.11      992   701   48K   164 26.78   26.69  
c rst  geom svd  vs   665   253 K 1941    17429  1773 6.52    6.11      992   701   48K   164 26.80   26.72  
c rst  geom svd  vs   666   253 K 1941    17429  1773 6.52    6.11      992   702   48K   164 26.81   26.73  
c rst  geom svd  vs   667   253 K 1941    17429  1773 6.52    6.11      993   705   48K   164 26.80   26.72  
c [distill] watch-based irred--  cl tried 19768    cl-sh 0     cl-rem 0    lit-rem 0      T: 0.04 T-out: Y
c [distill] watch-based red  --  cl tried 1986     cl-sh 1     cl-rem 0    lit-rem 1      T: 0.00 T-out: N
c rst  geom svd  vs   668   254 K 1941    17429  1773 6.52    6.11      994   705   49K   164 26.82   26.74  
c rst  geom svd  vs   669   254 K 1941    17429  1773 6.52    6.11      994   705   49K   164 26.83   26.75  
c [distill-long-red0] cls tried: 129/129 T: 0.01 T-out: N T-r: 99.85%
c [distill-long-red1] cls tried: 81/331 T: 0.01 T-out: Y T-r: -1.19%
c rst  geom svd  vs   670   254 K 1941    17429  1773 6.52    6.11      994   708   50K   164 26.86   26.78  
c rst  geom svd  vs   671   255 K 1941    17429  1773 6.52    6.11      999   796   35K   164 27.23   27.12  
c rst  geom svd  vs   672   255 K 1941    17429  1773 6.52    6.11      999   797   36K   164 27.20   27.09  
c rst  geom svd  vs   673   256 K 1941    17429  1773 6.52    6.11      999   799   36K   164 27.13   27.02  
c rst  geom svd  vs   674   256 K 1941    17429  1773 6.52    6.11      999   799   37K   164 27.09   26.99  
c rst  geom svd  vs   675   257 K 1941    17429  1773 6.52    6.11      999   800   38K   164 27.05   26.94  
c rst  geom svd  vs   676   258 K 1941    17429  1773 6.52    6.11      999   800   38K   164 26.98   26.88  
c [distill-bin] useful: 0/1773/1773 lits-rem: 0 cl-rem: 0 0-depth-assigns: 0 T: 0.01 T-out: N
c rst  geom svd  vs   677   259 K 1941    17429  1773 6.52    6.11      999   800   39K   164 26.95   26.85  
c rst  geom best vs   678   259 K 1941    17429  1773 6.52    6.11      999   801   40K   164 26.89   26.79  
c rst  geom best vs   679   260 K 1941    17429  1773 6.52    6.11     1036   730   41K   164 26.75   26.65  
c rst  geom best vs   680   262 K 1941    17429  1773 6.52    6.11     1036   730   42K   164 26.63   26.54  
c rst  geom best vs   681   263 K 1941    17429  1773 6.52    6.11     1036   730   43K   164 26.54   26.45  
c rst  geom best vs   682   264 K 1941    17429  1773 6.52    6.11     1036   731   44K   164 26.57   26.48  
c rst  geom best vs   683   265 K 1941    17429  1773 6.52    6.11     1036   733   46K   164 26.54   26.46  
c [full-probe]  bin_only: 1 set: 0 repl: 0 T: 0.01 T-out: N T-r: 99.70%
c [ccnr] tries: 0 steps: 262143 best found: 3
c [ccnr] saving best assignment phase to stable_polar
c [ccnr] bumping based on var unsat frequency: conflict_ct
c [ccnr] Bumped vars: 1941 bump type: 6
c [ccnr] time: 0.26
c rst  geom best vs   684   267 K 1941    17429  1773 6.52    6.11     1036   735   47K   164 26.52   26.44  
c rst  geom stb  vs   685   269 K 1941    17429  1773 6.52    6.11     1037   752   49K   164 26.63   26.55  
c rst  geom stb  vs   686   270 K 1941    17429  1773 6.52    6.11     1076   722   37K   164 26.58   26.47  
c [distill-long-red0] cls tried: 67/67 T: 0.00 T-out: N T-r: 99.92%
c [distill-long-red1] cls tried: 111/355 T: 0.01 T-out: Y T-r: -1.87%
c rst  geom stb  vs   687   272 K 1941    17429  1773 6.52    6.11     1080   730   39K   164 26.65   26.55  
c rst  geom stb  vs   688   275 K 1941    17429  1773 6.52    6.11     1081   732   41K   164 26.72   26.62  
c rst  geom ibes vs   689   277 K 1941    17429  1773 6.52    6.11     1083   735   43K   164 26.60   26.51  
c rst  geom ibes vs   690   280 K 1941    17429  1773 6.52    6.11     1118   674   46K   164 26.82   26.74  
c [distill-bin] useful: 0/1773/1773 lits-rem: 0 cl-rem: 0 0-depth-assigns: 0 T: 0.01 T-out: N
c [distill] watch-based irred--  cl tried 19233    cl-sh 0     cl-rem 0    lit-rem 0      T: 0.04 T-out: Y
c [distill] watch-based red  --  cl tried 2236     cl-sh 4     cl-rem 0    lit-rem 4      T: 0.00 T-out: N
c rst  geom ibes vs   691   283 K 1941    17429  1773 6.52    6.11     1118   691   49K   164 26.62   26.55  
c [branch] adjusting to: vmtf (from: vsid) var_decay:0.95 descr: VMTF
c [impl-str] lit bin: 0 set-var: 0 T: 0.00 T-out: N T-r: 99.95% w-visit: 3882
c [impl-sub] bin: 0 T: 0.00 T-out: N w-visit: 3882
c rst  luby svd  vmt  692   283 K 1941    17429  1773 6.52    6.11     1118   717   49K   164 26.60   26.52  
c rst  luby svd  vmt  693   283 K 1941    17429  1773 6.52    6.11     1118   718   49K   164 26.62   26.54  
c rst  luby svd  vmt  694   283 K 1941    17429  1773 6.52    6.11     1118   719   49K   164 26.60   26.53  
c rst  luby svd  vmt  695   283 K 1941    17429  1773 6.52    6.11     1118   719   49K   164 26.62   26.54  
c rst  luby svd  vmt  696   284 K 1941    17429  1773 6.52    6.11     1118   719   50K   164 26.63   26.55  
c rst  luby svd  vmt  697   284 K 1941    17429  1773 6.52    6.11     1119   719   50K   164 26.66   26.58  
c rst  luby svd  vmt  698   284 K 1941    17429  1773 6.52    6.11     1119   721   50K   164 26.70   26.62  
c rst  luby svd  vmt  699   284 K 1941    17429  1773 6.52    6.11     1119   721   50K   164 26.70   26.63  
c rst  luby svd  vmt  700   284 K 1941    17429  1773 6.52    6.11     1119   721   50K   164 26.72   26.64  
c rst  luby svd  vmt  701   285 K 1941    17429  1773 6.52    6.11     1123   799   35K   164 25.93   25.83  
c rst  luby svd  vmt  702   285 K 1941    17429  1773 6.52    6.11     1123   799   36K   164 25.94   25.84  
c rst  luby svd  vmt  703   285 K 1941    17429  1773 6.52    6.11     1123   800   36K   164 25.96   25.86  
c rst  luby svd  vmt  704   285 K 1941    17429  1773 6.52    6.11     1123   801   36K   164 25.98   25.88  
c rst  luby svd  vmt  705   285 K 1941    17429  1773 6.52    6.11     1125   801   36K   164 26.03   25.93  
c [full-probe]  bin_only: 0 set: 0 repl: 0 T: 0.01 T-out: N T-r: 98.41%
c rst  luby svd  vmt  706   286 K 1941    17429  1773 6.52    6.11     1127   812   37K   164 26.08   25.98  
c [distill-long-red0] cls tried: 41/41 T: 0.00 T-out: N T-r: 99.93%
c [distill-long-red1] cls tried: 154/368 T: 0.01 T-out: Y T-r: -0.42%
c rst  luby svd  vmt  707   286 K 1941    17429  1773 6.52    6.11     1127   812   37K   164 26.08   25.98  
c rst  luby svd  vmt  708   286 K 1941    17429  1773 6.52    6.11     1127   812   37K   164 26.10   26.00  
c rst  luby svd  vmt  709   287 K 1941    17429  1773 6.52    6.11     1127   812   37K   164 26.11   26.01  
c rst  luby svd  vmt  710   287 K 1941    17429  1773 6.52    6.11     1127   812   38K   164 26.12   26.02  
c rst  luby svd  vmt  711   287 K 1941    17429  1773 6.52    6.11     1128   812   38K   164 26.13   26.03  
c rst  luby svd  vmt  712   287 K 1941    17429  1773 6.52    6.11     1128   813   38K   164 26.13   26.04  
c rst  luby svd  vmt  713   287 K 1941    17429  1773 6.52    6.11     1130   817   38K   164 26.15   26.06  
c rst  luby svd  vmt  714   287 K 1941    17429  1773 6.52    6.11     1130   818   38K   164 26.18   26.09  
c rst  luby svd  vmt  715   288 K 1941    17429  1773 6.52    6.11     1130   819   38K   164 26.20   26.10  
c rst  luby svd  vmt  716   288 K 1941    17429  1773 6.52    6.11     1131   819   39K   164 26.23   26.13  
c rst  luby svd  vmt  717   288 K 1941    17429  1773 6.52    6.11     1131   819   39K   164 26.23   26.14  
c rst  luby svd  vmt  718   288 K 1941    17429  1773 6.52    6.11     1131   819   39K   164 26.24   26.14  
c rst  luby svd  vmt  719   288 K 1941    17429  1773 6.52    6.11     1131   819   39K   164 26.26   26.16  
c rst  luby svd  vmt  720   289 K 1941    17429  1773 6.52    6.11     1131   831   39K   164 26.30   26.21  
c rst  luby svd  vmt  721   289 K 1941    17429  1773 6.52    6.11     1131   839   40K   164 26.38   26.29  
c rst  luby svd  vmt  722   291 K 1941    17429  1773 6.52    6.11     1207   735   42K   164 26.43   26.34  
c rst  geom best vmt  723   291 K 1941    17429  1773 6.52    6.11     1207   737   42K   164 26.43   26.34  
c rst  geom best vmt  724   291 K 1941    17429  1773 6.52    6.11     1207   737   42K   164 26.42   26.33  
c rst  geom best vmt  725   291 K 1941    17429  1773 6.52    6.11     1209   741   42K   164 26.42   26.33  
c rst  geom best vmt  726   292 K 1941    17429  1773 6.52    6.11     1209   742   42K   164 26.43   26.34  
c rst  geom best vmt  727   292 K 1941    17429  1773 6.52    6.11     1209   744   43K   164 26.42   26.33  
c rst  geom best vmt  728   292 K 1941    17429  1773 6.52    6.11     1209   744   43K   164 26.41   26.33  
c rst  geom best vmt  729   292 K 1941    17429  1773 6.52    6.11     1210   749   43K   164 26.41   26.32  
c rst  geom best vmt  730   292 K 1941    17429  1773 6.52    6.11     1211   749   43K   164 26.39   26.30  
c rst  geom best vmt  731   293 K 1941    17429  1773 6.52    6.11     1211   749   43K   164 26.39   26.30  
c rst  geom best vmt  732   293 K 1941    17429  1773 6.52    6.11     1211   750   44K   164 26.41   26.32  
c rst  geom best vmt  733   293 K 1941    17429  1773 6.52    6.11     1211   753   44K   164 26.41   26.32  
c rst  geom best vmt  734   293 K 1941    17429  1773 6.52    6.11     1212   757   44K   164 26.41   26.32  
c rst  geom best vmt  735   294 K 1941    17429  1773 6.52    6.11     1212   759   45K   164 26.41   26.33  
c rst  geom best vmt  736   294 K 1941    17429  1773 6.52    6.11     1212   765   45K   164 26.38   26.30  
c rst  geom best vmt  737   294 K 1941    17429  1773 6.52    6.11     1212   777   45K   164 26.36   26.28  
c rst  geom best vmt  738   295 K 1941    17429  1773 6.52    6.11     1212   781   46K   164 26.35   26.27  
c rst  geom best vmt  739   295 K 1941    17429  1773 6.52    6.11     1212   789   46K   164 26.33   26.25  
c rst  geom best vmt  740   296 K 1941    17429  1773 6.52    6.11     1212   790   47K   164 26.35   26.27  
c rst  geom best vmt  741   297 K 1941    17429  1773 6.52    6.11     1212   798   47K   164 26.34   26.26  
c rst  geom best vmt  742   297 K 1941    17429  1773 6.52    6.11     1213   801   48K   164 26.32   26.24  
c rst  geom best vmt  743   298 K 1941    17429  1773 6.52    6.11     1213   812   49K   164 26.27   26.20  
c rst  geom best vmt  744   299 K 1941    17429  1773 6.52    6.11     1213   814   50K   164 26.27   26.19  
c rst  geom best vmt  745   300 K 1941    17429  1773 6.52    6.11     1299   797   35K   164 26.43   26.32  
c rst  geom stb  vmt  746   301 K 1941    17429  1773 6.52    6.11     1299   802   36K   164 26.58   26.48  
c [distill-bin] useful: 0/1773/1773 lits-rem: 0 cl-rem: 0 0-depth-assigns: 0 T: 0.01 T-out: N
c rst  geom stb  vmt  747   302 K 1941    17429  1773 6.52    6.11     1301   809   37K   164 26.73   26.62  
c [distill-long-red0] cls tried: 160/160 T: 0.01 T-out: N T-r: 99.80%
c [distill-long-red1] cls tried: 152/297 T: 0.01 T-out: Y T-r: -1.30%
c rst  geom stb  vmt  748   303 K 1941    17429  1773 6.52    6.11     1301   819   38K   164 26.84   26.74  
c rst  geom stb  vmt  749   304 K 1941    17429  1773 6.52    6.11     1302   832   39K   164 26.93   26.83  
c rst  geom stb  vmt  750   305 K 1941    17429  1773 6.52    6.11     1302   836   41K   164 27.18   27.08  
c [full-probe]  bin_only: 1 set: 0 repl: 0 T: 0.01 T-out: N T-r: 99.79%
c [distill] watch-based irred--  cl tried 19813    cl-sh 0     cl-rem 0    lit-rem 0      T: 0.04 T-out: Y
c [distill] watch-based red  --  cl tried 2604     cl-sh 0     cl-rem 0    lit-rem 0      T: 0.00 T-out: N
c rst  geom stb  vmt  751   307 K 1941    17429  1773 6.52    6.11     1309   852   42K   164 27.30   27.21  
c rst  geom stb  vmt  752   309 K 1941    17429  1773 6.52    6.11     1309   855   44K   164 27.31   27.22  
c rst  geom ibes vmt  753   311 K 1941    17429  1773 6.52    6.11     1391   720   46K   164 27.50   27.42  
c [ccnr] tries: 0 steps: 262143 best found: 4
c [ccnr] saving best assignment phase to stable_polar
c [ccnr] bumping based on clause weights
c [ccnr] Bumped vars: 101 bump type: 6
c [ccnr] time: 0.26
c rst  geom ibes vmt  754   313 K 1941    17429  1773 6.52    6.11     1391   729   48K   164 27.75   27.66  
c [gauss] XOR-encoding clauses are not detached, so no need to reattach them.
c [g 0] truth-find prop checks  : 1112K
c [g 0] -> of which prop        : 35.31 %
c [g 0] -> of which confl       :  1.58 %
c [g 0] elim called             : 141K
c [g 0] ---> which lead to prop : 145.80 %
c [g 0] ---> which lead to confl:  7.41 %
c [g 0] size: 45    x 93   
c [scc] new: 0 BP 0M T: 0.00
c [vrep] vars 0 lits 0 rem-bin-cls 0 rem-long-cls 0 BP 0M T: 0.01
c [intree] Set 0 vars hyper-added: 0 trans-irred: 0 trans-red: 0 T: 0.01 T-out: N T-r: -1.32%
c [find&init matx] performing matrix init
c [gauss] XOR-encoding clauses are not detached, so no need to reattach them.
c [xor-rem-unconnected] left with 215 xors from 215 non-empty xors T: 0.00
c [xor-together] xored together: 170 orig xors: 215 new xors: 45 T: 0.00
c [xor-rem-unconnected] left with 45 xors from 45 non-empty xors T: 0.00
c [xor-clean-equiv] removed equivalent xors: 0 left with: 45
c [matrix] unused xors from cleaning: 0
c [matrix] Good   matrix 0 45      x93     density:0.1950  xorlen avg: 18.13
c [matrix] Using 1 matrices recovered from 0 xors T: 0.00 T-out: N
c rst  geom ibes vmt  755   315 K 1941    17429  1773 6.52    6.11     1414   903   35K   164 27.87   27.75  
c [branch] adjusting to: vsid (from: vmtf) var_decay:0.95 descr: VSIDS
c rst  geom ibes vs   756   315 K 1941    17429  1773 6.52    6.11     1414   905   35K   164 27.85   27.74  
c rst  geom ibes vs   757   315 K 1941    17429  1773 6.52    6.11     1414   907   35K   164 27.83   27.72  
c rst  geom ibes vs   758   315 K 1941    17429  1773 6.52    6.11     1414   908   35K   164 27.81   27.70  
c rst  geom ibes vs   759   315 K 1941    17429  1773 6.52    6.11     1415   909   35K   164 27.80   27.69  
c rst  geom ibes vs   760   316 K 1941    17429  1773 6.52    6.11     1415   909   35K   164 27.77   27.66  
c rst  geom ibes vs   761   316 K 1941    17429  1773 6.52    6.11     1415   909   36K   164 27.76   27.65  
c rst  geom ibes vs   762   316 K 1941    17429  1773 6.52    6.11     1416   909   36K   164 27.75   27.65  
c rst  geom ibes vs   763   316 K 1941    17429  1773 6.52    6.11     1416   909   36K   164 27.74   27.63  
c rst  geom ibes vs   764   316 K 1941    17429  1773 6.52    6.11     1417   911   36K   164 27.72   27.62  
c rst  geom ibes vs   765   317 K 1941    17429  1773 6.52    6.11     1419   911   36K   164 27.70   27.59  
c rst  geom ibes vs   766   317 K 1941    17429  1773 6.52    6.11     1419   913   37K   164 27.67   27.56  
c [distill-long-red0] cls tried: 96/96 T: 0.01 T-out: N T-r: 99.85%
c [distill-long-red1] cls tried: 132/324 T: 0.01 T-out: Y T-r: -1.37%
c rst  geom svd  vs   767   317 K 1941    17429  1773 6.52    6.11     1421   920   37K   164 27.69   27.59  
c rst  geom svd  vs   768   318 K 1941    17429  1773 6.52    6.11     1422   922   37K   164 27.72   27.61  
c rst  geom svd  vs   769   318 K 1941    17429  1773 6.52    6.11     1422   923   38K   164 27.71   27.60  
c rst  geom svd  vs   770   318 K 1941    17429  1773 6.52    6.11     1422   924   38K   164 27.68   27.58  
c rst  geom svd  vs   771   319 K 1941    17429  1773 6.52    6.11     1422   925   39K   164 27.67   27.57  
c rst  geom svd  vs   772   319 K 1941    17429  1773 6.52    6.11     1422   930   39K   164 27.66   27.56  
c rst  geom svd  vs   773   320 K 1941    17429  1773 6.52    6.11     1520   738   40K   164 27.65   27.55  
c rst  geom svd  vs   774   320 K 1941    17429  1773 6.52    6.11     1520   739   40K   164 27.65   27.55  
c rst  geom svd  vs   775   321 K 1941    17429  1773 6.52    6.11     1521   744   41K   164 27.60   27.50  
c [distill-bin] useful: 0/1773/1773 lits-rem: 0 cl-rem: 0 0-depth-assigns: 0 T: 0.01 T-out: N
c rst  geom svd  vs   776   322 K 1941    17429  1773 6.52    6.11     1521   746   42K   164 27.52   27.42  
c rst  geom svd  vs   777   323 K 1941    17429  1773 6.52    6.11     1521   749   42K   164 27.44   27.35  
c rst  geom svd  vs   778   323 K 1941    17429  1773 6.52    6.11     1521   751   43K   164 27.35   27.26  
c rst  geom svd  vs   779   324 K 1941    17429  1773 6.52    6.11     1521   755   44K   164 27.26   27.18  
c rst  geom svd  vs   780   325 K 1941    17429  1773 6.52    6.11     1521   757   45K   164 27.23   27.15  
c [full-probe]  bin_only: 0 set: 0 repl: 0 T: 0.01 T-out: N T-r: 97.86%
c rst  geom best vs   781   327 K 1941    17429  1773 6.52    6.11     1522   762   46K   164 27.22   27.14  
c rst  geom best vs   782   328 K 1941    17429  1773 6.52    6.11     1523   765   48K   164 27.20   27.12  
c rst  geom best vs   783   329 K 1941    17429  1773 6.52    6.11     1523   773   49K   164 27.15   27.07  
c rst  geom best vs   784   331 K 1941    17429  1773 6.52    6.11     1581   747   37K   164 26.72   26.62  
c [distill] watch-based irred--  cl tried 20298    cl-sh 0     cl-rem 0    lit-rem 0      T: 0.03 T-out: Y
c [distill] watch-based red  --  cl tried 3162     cl-sh 0     cl-rem 0    lit-rem 0      T: 0.00 T-out: N
c rst  geom best vs   785   333 K 1941    17429  1773 6.52    6.11     1581   755   38K   164 26.86   26.76  
c [distill-long-red0] cls tried: 115/115 T: 0.01 T-out: N T-r: 99.81%
c [distill-long-red1] cls tried: 168/180 T: 0.01 T-out: Y T-r: -0.19%
c rst  geom best vs   786   334 K 1941    17429  1773 6.52    6.11     1581   764   40K   164 26.85   26.76  
c rst  geom stb  vs   787   336 K 1941    17429  1773 6.52    6.11     1581   771   42K   164 26.87   26.78  
c rst  geom stb  vs   788   339 K 1941    17429  1773 6.52    6.11     1581   777   45K   164 26.94   26.85  
c rst  geom stb  vs   789   341 K 1941    17429  1773 6.52    6.11     1616   719   47K   164 27.02   26.93  
c [distill-bin] useful: 0/1773/1773 lits-rem: 0 cl-rem: 0 0-depth-assigns: 0 T: 0.01 T-out: N
c rst  geom stb  vs   790   344 K 1941    17429  1773 6.52    6.11     1617   724   50K   164 27.08   27.01  
c [impl-str] lit bin: 0 set-var: 0 T: 0.00 T-out: N T-r: 99.95% w-visit: 3882
c [impl-sub] bin: 0 T: 0.00 T-out: N w-visit: 3882
c rst  geom ibes vs   791   347 K 1941    17429  1773 6.52    6.11     1619   828   38K   164 26.23   26.13  
c [full-probe]  bin_only: 1 set: 0 repl: 0 T: 0.01 T-out: N T-r: 99.80%
c rst  geom ibes vs   792   350 K 1941    17429  1773 6.52    6.11     1650   769   42K   164 25.96   25.87  
c [distill-long-red0] cls tried: 24/24 T: 0.00 T-out: N T-r: 99.94%
c [distill-long-red1] cls tried: 134/134 T: 0.01 T-out: N T-r: 4.31%
c rst  geom ibes vs   793   354 K 1941    17429  1773 6.52    6.11     1651   785   45K   164 25.73   25.64  
c [branch] adjusting to: vmtf (from: vsid) var_decay:0.95 descr: VMTF
c rst  luby svd  vmt  794   354 K 1941    17429  1773 6.52    6.11     1651   785   45K   164 25.72   25.64  
c rst  luby svd  vmt  795   354 K 1941    17429  1773 6.52    6.11     1651   785   45K   164 25.73   25.65  
c rst  luby svd  vmt  796   354 K 1941    17429  1773 6.52    6.11     1651   785   46K   164 25.76   25.68  
c rst  luby svd  vmt  797   354 K 1941    17429  1773 6.52    6.11     1651   786   46K   164 25.78   25.70  
c rst  luby svd  vmt  798   354 K 1941    17429  1773 6.52    6.11     1651   787   46K   164 25.79   25.71  
c rst  luby svd  vmt  799   355 K 1941    17429  1773 6.52    6.11     1651   787   46K   164 25.83   25.75  
c [ccnr] tries: 0 steps: 262143 best found: 2
c [ccnr] saving best assignment phase to stable_polar
c [ccnr] bumping based on var unsat frequency: conflict_ct
c [ccnr] Bumped vars: 1941 bump type: 6
c [ccnr] time: 0.27
c rst  luby svd  vmt  800   355 K 1941    17429  1773 6.52    6.11     1655   844   46K   164 25.82   25.74  
c rst  luby svd  vmt  801   355 K 1941    17429  1773 6.52    6.11     1655   844   46K   164 25.85   25.77  
c rst  luby svd  vmt  802   355 K 1941    17429  1773 6.52    6.11     1655   844   46K   164 25.86   25.78  
c rst  luby svd  vmt  803   355 K 1941    17429  1773 6.52    6.11     1655   845   47K   164 25.89   25.82  
c rst  luby svd  vmt  804   356 K 1941    17429  1773 6.52    6.11     1655   845   47K   164 25.92   25.84  
c rst  luby svd  vmt  805   356 K 1941    17429  1773 6.52    6.11     1655   845   47K   164 25.93   25.85  
c rst  luby svd  vmt  806   356 K 1941    17429  1773 6.52    6.11     1655   848   47K   164 25.95   25.87  
c [distill] watch-based irred--  cl tried 19928    cl-sh 0     cl-rem 0    lit-rem 0      T: 0.04 T-out: Y
c [distill] watch-based red  --  cl tried 3310     cl-sh 0     cl-rem 0    lit-rem 0      T: 0.00 T-out: N
c rst  luby svd  vmt  807   356 K 1941    17429  1773 6.52    6.11     1655   848   48K   164 25.98   25.90  
c rst  luby svd  vmt  808   357 K 1941    17429  1773 6.52    6.11     1655   850   48K   164 26.04   25.96  
c rst  luby svd  vmt  809   357 K 1941    17429  1773 6.52    6.11     1655   850   48K   164 26.06   25.98  
c rst  luby svd  vmt  810   357 K 1941    17429  1773 6.52    6.11     1655   851   49K   164 26.07   26.00  
c rst  luby svd  vmt  811   357 K 1941    17429  1773 6.52    6.11     1655   851   49K   164 26.09   26.01  
c rst  luby svd  vmt  812   358 K 1941    17429  1773 6.52    6.11     1655   851   49K   164 26.09   26.01  
c rst  luby svd  vmt  813   358 K 1941    17429  1773 6.52    6.11     1655   851   49K   164 26.10   26.03  
c rst  luby svd  vmt  814   358 K 1941    17429  1773 6.52    6.11     1655   852   49K   164 26.12   26.05  
c rst  luby svd  vmt  815   358 K 1941    17429  1773 6.52    6.11     1655   852   50K   164 26.18   26.10  
c rst  luby svd  vmt  816   358 K 1941    17429  1773 6.52    6.11     1655   852   50K   164 26.19   26.11  
c rst  luby svd  vmt  817   359 K 1941    17429  1773 6.52    6.11     1655   852   50K   164 26.20   26.13  
c rst  luby svd  vmt  818   359 K 1941    17429  1773 6.52    6.11     1655   853   50K   164 26.23   26.16  
c rst  luby svd  vmt  819   359 K 1941    17429  1773 6.52    6.11     1655   853   50K   164 26.25   26.18  
c rst  luby svd  vmt  820   359 K 1941    17429  1773 6.52    6.11     1655   854   50K   164 26.27   26.19  
c rst  luby svd  vmt  821   359 K 1941    17429  1773 6.52    6.11     1655   854   50K   164 26.29   26.22  
c rst  luby svd  vmt  822   360 K 1941    17429  1773 6.52    6.11     1655   854   51K   164 26.34   26.27  
c rst  luby svd  vmt  823   360 K 1941    17429  1773 6.52    6.11     1740   806   36K   164 25.67   25.57  
c rst  luby svd  vmt  824   362 K 1941    17429  1773 6.52    6.11     1741   810   37K   164 25.75   25.66  
c [distill-bin] useful: 0/1773/1773 lits-rem: 0 cl-rem: 0 0-depth-assigns: 0 T: 0.01 T-out: N
c rst  luby svd  vmt  825   362 K 1941    17429  1773 6.52    6.11     1741   811   37K   164 25.76   25.67  
c rst  luby svd  vmt  826   362 K 1941    17429  1773 6.52    6.11     1741   811   37K   164 25.78   25.68  
c rst  luby svd  vmt  827   362 K 1941    17429  1773 6.52    6.11     1741   814   38K   164 25.81   25.72  
c rst  luby svd  vmt  828   362 K 1941    17429  1773 6.52    6.11     1741   817   38K   164 25.82   25.73  
c rst  luby svd  vmt  829   363 K 1941    17429  1773 6.52    6.11     1741   817   38K   164 25.85   25.75  
c rst  geom best vmt  830   363 K 1941    17429  1773 6.52    6.11     1741   817   38K   164 25.84   25.75  
c rst  geom best vmt  831   363 K 1941    17429  1773 6.52    6.11     1741   817   38K   164 25.85   25.75  
c rst  geom best vmt  832   363 K 1941    17429  1773 6.52    6.11     1741   817   38K   164 25.86   25.76  
c rst  geom best vmt  833   363 K 1941    17429  1773 6.52    6.11     1741   820   38K   164 25.89   25.80  
c rst  geom best vmt  834   363 K 1941    17429  1773 6.52    6.11     1741   823   38K   164 25.88   25.79  
c rst  geom best vmt  835   363 K 1941    17429  1773 6.52    6.11     1741   827   39K   164 25.88   25.79  
c rst  geom best vmt  836   364 K 1941    17429  1773 6.52    6.11     1741   829   39K   164 25.90   25.81  
c rst  geom best vmt  837   364 K 1941    17429  1773 6.52    6.11     1741   831   39K   164 25.93   25.84  
c rst  geom best vmt  838   364 K 1941    17429  1773 6.52    6.11     1741   832   39K   164 25.95   25.86  
c rst  geom best vmt  839   364 K 1941    17429  1773 6.52    6.11     1741   833   39K   164 25.97   25.87  
c rst  geom best vmt  840   365 K 1941    17429  1773 6.52    6.11     1741   838   40K   164 26.01   25.91  
c rst  geom best vmt  841   365 K 1941    17429  1773 6.52    6.11     1741   839   40K   164 26.01   25.92  
c rst  geom best vmt  842   365 K 1941    17429  1773 6.52    6.11     1741   840   40K   164 26.02   25.93  
c rst  geom best vmt  843   366 K 1941    17429  1773 6.52    6.11     1744   876   41K   164 26.02   25.93  
c [distill-long-red0] cls tried: 37/37 T: 0.00 T-out: N T-r: 99.93%
c [distill-long-red1] cls tried: 104/243 T: 0.01 T-out: Y T-r: -1.16%
c rst  geom best vmt  844   366 K 1941    17429  1773 6.52    6.11     1744   879   41K   164 26.08   25.99  
c rst  geom best vmt  845   366 K 1941    17429  1773 6.52    6.11     1744   881   42K   164 26.12   26.03  
c rst  geom best vmt  846   367 K 1941    17429  1773 6.52    6.11     1744   888   42K   164 26.16   26.07  
c rst  geom best vmt  847   367 K 1941    17429  1773 6.52    6.11     1744   894   43K   164 26.18   26.09  
c [full-probe]  bin_only: 0 set: 0 repl: 0 T: 0.01 T-out: N T-r: 98.21%
c rst  geom best vmt  848   368 K 1941    17429  1773 6.52    6.11     1744   899   43K   164 26.26   26.18  
c rst  geom best vmt  849   369 K 1941    17429  1773 6.52    6.11     1745   902   44K   164 26.37   26.29  
c rst  geom best vmt  850   369 K 1941    17429  1773 6.52    6.11     1745   913   45K   164 26.38   26.29  
c rst  geom best vmt  851   370 K 1941    17429  1773 6.52    6.11     1851   740   45K   164 26.40   26.31  
c rst  geom best vmt  852   371 K 1941    17429  1773 6.52    6.11     1851   751   46K   164 26.43   26.35  
c rst  geom best vmt  853   372 K 1941    17429  1773 6.52    6.11     1851   755   47K   164 26.52   26.44  
c rst  geom stb  vmt  854   373 K 1941    17429  1773 6.52    6.11     1856   768   48K   164 26.82   26.74  
c rst  geom stb  vmt  855   374 K 1941    17429  1773 6.52    6.11     1858   780   49K   164 26.95   26.87  
c rst  geom stb  vmt  856   376 K 1941    17429  1773 6.52    6.11     1881   913   35K   164 26.94   26.83  
c rst  geom stb  vmt  857   377 K 1941    17429  1773 6.52    6.11     1882   920   37K   164 27.11   27.01  
c rst  geom stb  vmt  858   379 K 1941    17429  1773 6.52    6.11     1883   925   38K   164 27.21   27.11  
c [gauss] XOR-encoding clauses are not detached, so no need to reattach them.
c [g 0] truth-find prop checks  : 1077K
c [g 0] -> of which prop        : 37.29 %
c [g 0] -> of which confl       :  1.63 %
c [g 0] elim called             : 131K
c [g 0] ---> which lead to prop : 155.19 %
c [g 0] ---> which lead to confl:  7.30 %
c [g 0] size: 45    x 93   
c [scc] new: 0 BP 0M T: 0.00
c [vrep] vars 0 lits 0 rem-bin-cls 0 rem-long-cls 0 BP 0M T: 0.00
c [intree] Set 0 vars hyper-added: 0 trans-irred: 0 trans-red: 0 T: 0.01 T-out: N T-r: -1.40%
c [find&init matx] performing matrix init
c [gauss] XOR-encoding clauses are not detached, so no need to reattach them.
c [xor-rem-unconnected] left with 215 xors from 215 non-empty xors T: 0.00
c [xor-together] xored together: 170 orig xors: 215 new xors: 45 T: 0.00
c [xor-rem-unconnected] left with 45 xors from 45 non-empty xors T: 0.00
c [xor-clean-equiv] removed equivalent xors: 0 left with: 45
c [matrix] unused xors from cleaning: 0
c [matrix] Good   matrix 0 45      x93     density:0.1950  xorlen avg: 18.13
c [matrix] Using 1 matrices recovered from 0 xors T: 0.00 T-out: N
c rst  geom stb  vmt  859   380 K 1941    17429  1773 6.52    6.11     1953   847   40K   164 27.35   27.25  
c rst  geom stb  vmt  860   382 K 1941    17429  1773 6.52    6.11     1953   851   42K   164 27.40   27.31  
c [distill-long-red0] cls tried: 128/128 T: 0.01 T-out: N T-r: 99.72%
c [distill-long-red1] cls tried: 69/277 T: 0.01 T-out: Y T-r: -0.95%
c [distill-bin] useful: 0/1773/1773 lits-rem: 0 cl-rem: 0 0-depth-assigns: 0 T: 0.01 T-out: N
c [distill] watch-based irred--  cl tried 19671    cl-sh 0     cl-rem 0    lit-rem 0      T: 0.03 T-out: Y
c [distill] watch-based red  --  cl tried 3906     cl-sh 6     cl-rem 0    lit-rem 6      T: 0.01 T-out: N
c rst  geom ibes vmt  861   384 K 1941    17429  1773 6.52    6.11     1953   883   44K   164 27.37   27.28  
c rst  geom ibes vmt  862   386 K 1941    17429  1773 6.52    6.11     1953   899   46K   164 27.53   27.45  
c rst  geom ibes vmt  863   389 K 1941    17429  1773 6.52    6.11     1954   946   49K   164 27.40   27.32  
c [full-probe]  bin_only: 1 set: 0 repl: 0 T: 0.01 T-out: N T-r: 99.77%
c rst  geom ibes vmt  864   392 K 1941    17429  1773 6.52    6.11     2041   967   37K   164 28.11   28.01  
c rst  geom svd  vmt  865   395 K 1941    17429  1773 6.52    6.11     2041   992   40K   164 28.30   28.20  
c [branch] adjusting to: vsid (from: vmtf) var_decay:0.95 descr: VSIDS
c rst  geom svd  vs   866   395 K 1941    17429  1773 6.52    6.11     2041   994   40K   164 28.29   28.19  
c rst  geom svd  vs   867   395 K 1941    17429  1773 6.52    6.11     2041   996   40K   164 28.28   28.18  
c rst  geom svd  vs   868   395 K 1941    17429  1773 6.52    6.11     2041   996   40K   164 28.27   28.17  
c rst  geom svd  vs   869   395 K 1941    17429  1773 6.52    6.11     2041   997   41K   164 28.27   28.17  
c rst  geom svd  vs   870   395 K 1941    17429  1773 6.52    6.11     2041   997   41K   164 28.28   28.18  
c rst  geom svd  vs   871   395 K 1941    17429  1773 6.52    6.11     2041   997   41K   164 28.27   28.17  
c rst  geom svd  vs   872   396 K 1941    17429  1773 6.52    6.11     2041   997   41K   164 28.26   28.17  
c rst  geom svd  vs   873   396 K 1941    17429  1773 6.52    6.11     2041   997   41K   164 28.26   28.16  
c rst  geom svd  vs   874   396 K 1941    17429  1773 6.52    6.11     2041   997   41K   164 28.24   28.14  
c rst  geom svd  vs   875   396 K 1941    17429  1773 6.52    6.11     2041   998   42K   164 28.20   28.11  
c rst  geom svd  vs   876   397 K 1941    17429  1773 6.52    6.11     2041  1000   42K   164 28.14   28.05  
c rst  geom svd  vs   877   397 K 1941    17429  1773 6.52    6.11     2041  1000   42K   164 28.11   28.02  
c rst  geom svd  vs   878   397 K 1941    17429  1773 6.52    6.11     2041  1000   43K   164 28.08   27.98  
c [distill-long-red0] cls tried: 79/79 T: 0.01 T-out: N T-r: 99.83%
c [distill-long-red1] cls tried: 84/458 T: 0.01 T-out: Y T-r: -1.11%
c rst  geom svd  vs   879   397 K 1941    17429  1773 6.52    6.11     2041  1000   43K   164 28.07   27.98  
c recursive minimization cost OK: 682Kcost/(% lits removed)
c [gauss] XOR-encoding clauses are not detached, so no need to reattach them.
c [g 0] truth-find prop checks  : 330K
c [g 0] -> of which prop        : 36.14 %
c [g 0] -> of which confl       :  1.62 %
c [g 0] elim called             : 45K
c [g 0] ---> which lead to prop : 146.51 %
c [g 0] ---> which lead to confl:  6.38 %
c [g 0] size: 45    x 93   
c --> Executing strategy token: scc-vrepl
c [scc] new: 0 BP 0M T: 0.00
c --> Executing strategy token: sub-impl
c [impl-sub] bin: 0 T: 0.00 T-out: N w-visit: 3882
c --> Executing strategy token: breakid
c --> Executing OCC strategy token(s): 'occ-backw-sub-str,occ-clean-implicit,occ-bve,occ-bva,occ-ternary-res,occ-xor,'
c [occ] mem usage for occur 1      MB
c [occ] Linked in IRRED BIN by default: 1773
c [occ] Linked in RED   BIN by default: 164
c [occ] mem usage for occur 0      MB
c Mem for watch alloc      : 9           MB (21.18     %)
c Mem for watch array      : 0           MB (0.20      %)
c --> Executing OCC strategy token: occ-backw-sub-str
c [occ-backw-sub-str-long-w-bins] subs: 0 str: 0 tried: 48757 0-depth ass: 0 T: 0.00 T-out: N T-r: 99.59%
c [occ-backw-sub-long-w-long] rem cl: 73 tried: 63690/63690 (100.0%) T: 0.01 T-out: N T-r: 96.72%
c [occ-backw-sub-str-long-w-long] sub: 7 str: 32 tried: 191070/63690 (300.0)  T: 0.07 T-out: N T-r: 88.99%
c --> Executing OCC strategy token: occ-clean-implicit
c --> Executing OCC strategy token: occ-bve
c [occ-empty-res] Empty resolvent elimed: 0 T: 0.00 T-out: N
c [occ-bve] turning off picosat-based irreg gate detection, added lits:  279K
c [occ-bve] iter v-elim 0
c cl_inc_rate=1.0, var_dec_rate=1.0 (grow=0)
c Reduced to 1941 vars, 19202 cls (grow=0)
c [occ-bve] iter v-elim 0
c cl_inc_rate=1.0, var_dec_rate=1.0 (grow=8)
c Reduced to 1941 vars, 19202 cls (grow=8)
c [occ-bve] iter v-elim 0
c cl_inc_rate=1.0, var_dec_rate=1.0 (grow=16)
c Reduced to 1941 vars, 19202 cls (grow=16)
c x n vars       : 1941
c #try to eliminate:  5823
c #var-elim        :     0
c #T-o: N
c #T-r: 99.99%
c #T  : 0.94
c [occur] 0.04 is overhead
c [occur] link-in T: 0.04 cleanup T: 0.00
c --> Executing OCC strategy token: occ-bva
c --> Executing OCC strategy token: occ-ternary-res
c [occ-ternary-res] Ternary res-tri: 0 res-bin: 0 sub: 0 str: 0 T: 0.00 T-out: N T-r: 99.84%
c --> Executing OCC strategy token: occ-xor
c [occ-xor] sort occur list T: 0.00
c [xor-clean-equiv] removed equivalent xors: 0 left with: 211
c [occ-xor] found    211 avg sz 5.4 min sz  4 max sz  6 T: 0.01 T-out: N T-r: 99.97%
c --> Executing strategy token: card-find
c --> Executing strategy token: cl-consolidate
c Not consolidating memory.
c --> Executing strategy token: scc-vrepl
c [scc] new: 0 BP 0M T: 0.00
c --> Executing strategy token: renumber
c --> Executing strategy token: bosphorus
c --> Executing strategy token: louvain-comms
c [consolidate] mini T: 0.00
c global_timeout_multiplier: 4.3923
c [branch] rebuilding order heap for all branchings. Current branching: vsid
c [find&init matx] performing matrix init
c [gauss] XOR-encoding clauses are not detached, so no need to reattach them.
c [xor-rem-unconnected] left with 211 xors from 211 non-empty xors T: 0.00
c [xor-together] xored together: 167 orig xors: 211 new xors: 44 T: 0.00
c [xor-rem-unconnected] left with 44 xors from 44 non-empty xors T: 0.00
c [xor-clean-equiv] removed equivalent xors: 0 left with: 44
c [matrix] unused xors from cleaning: 0
c [matrix] Good   matrix  0     44 x   92  density:0.1976  xorlen avg: 18.18
c [matrix] Using 1 matrices recovered from 0 xors T: 0.00 T-out: N
c rst  geom  svd   vs   880  398K    1941 17429  1773    6.52    6.11  2028  1015   43K   164   28.09   28.00
c rst  geom  svd   vs   881  398K    1941 17429  1773    6.52    6.11  2028  1015   43K   164   28.03   27.94
c rst  geom  svd   vs   882  399K    1941 17429  1773    6.52    6.11  2028  1015   44K   164   27.97   27.88
c rst  geom  svd   vs   883  399K    1941 17429  1773    6.52    6.11  2028  1015   44K   164   27.93   27.84
c [ccnr] tries: 0 steps: 262143 best found: 2
c [ccnr] saving best assignment phase to stable_polar
c [ccnr] bumping based on var unsat frequency: conflict_ct
c [ccnr] Bumped vars: 1941 bump type: 6
c [ccnr] time: 0.27
c rst  geom  svd   vs   884  400K    1941 17429  1773    6.52    6.11  2037   972   45K   164   27.92   27.84
c rst  geom  svd   vs   885  400K    1941 17429  1773    6.52    6.11  2037   972   46K   164   27.94   27.85
c rst  geom  svd   vs   886  401K    1941 17429  1773    6.52    6.11  2037   973   46K   164   27.95   27.87
c rst  geom best   vs   887  402K    1941 17429  1773    6.52    6.11  2037   973   47K   164   27.87   27.79
c rst  geom best   vs   888  402K    1941 17429  1773    6.52    6.11  2037   974   48K   164   27.81   27.73
c [distill-bin] useful: 0/1773/1773 lits-rem: 0 cl-rem: 0 0-depth-assigns: 0 T: 0.01 T-out: N
c rst  geom best   vs   889  403K    1941 17429  1773    6.52    6.11  2037   976   49K   164   27.76   27.68
c rst  geom best   vs   890  404K    1941 17429  1773    6.52    6.11  2037   977   50K   164   27.67   27.60
c [impl-str] lit bin: 0 set-var: 0 T: 0.00 T-out: N T-r: 99.96% w-visit: 3882
c [impl-sub] bin: 0 T: 0.00 T-out: N w-visit: 3882
c rst  geom best   vs   891  405K    1941 17429  1773    6.52    6.11  2041  1021   36K   164   26.51   26.41
c rst  geom best   vs   892  406K    1941 17429  1773    6.52    6.11  2041  1023   37K   164   26.42   26.32
c rst  geom best   vs   893  408K    1941 17429  1773    6.52    6.11  2042  1024   38K   164   26.31   26.21
c [distill] watch-based irred--  cl tried    20992 cl-sh     0 cl-rem    0 lit-rem      0 T: 0.04 T-out: Y
c [distill] watch-based   red--  cl tried     4084 cl-sh     0 cl-rem    0 lit-rem      0 T: 0.01 T-out: N
c rst  geom best   vs   894  409K    1941 17429  1773    6.52    6.11  2045  1047   40K   164   26.16   26.07
c [full-probe]  bin_only: 0 set: 0 repl: 0 T: 0.01 T-out: N T-r: 98.08%
c rst  geom best   vs   895  411K    1941 17429  1773    6.52    6.11  2095   978   41K   164   26.11   26.02
c rst  geom  stb   vs   896  412K    1941 17429  1773    6.52    6.11  2096   987   43K   165   26.03   25.95
c [distill-long-red0] cls tried: 111/111 T: 0.01 T-out: N T-r: 99.84%
c [distill-long-red1] cls tried: 77/429 T: 0.01 T-out: Y T-r: -1.11%
c rst  geom  stb   vs   897  414K    1941 17429  1773    6.52    6.11  2096   993   45K   165   25.96   25.88
c rst  geom  stb   vs   898  416K    1941 17429  1773    6.52    6.11  2097  1003   47K   165   25.95   25.87
c rst  geom  stb   vs   899  418K    1941 17429  1773    6.52    6.11  2097  1021   49K   165   25.90   25.82
c rst  geom  stb   vs   900  421K    1941 17429  1773    6.52    6.11  2164  1014   38K   165   24.08   23.99
c rst  geom ibes   vs   901  424K    1941 17429  1773    6.52    6.11  2164  1029   40K   165   23.93   23.85
c [distill-bin] useful: 0/1773/1773 lits-rem: 0 cl-rem: 0 0-depth-assigns: 0 T: 0.01 T-out: N
c rst  geom ibes   vs   902  427K    1941 17429  1773    6.52    6.11  2164  1036   43K   165   23.88   23.81
c rst  geom ibes   vs   903  430K    1941 17429  1773    6.52    6.11  2215   898   47K   165   23.68   23.61
c [distill-long-red0] cls tried: 97/97 T: 0.01 T-out: N T-r: 99.87%
c [distill-long-red1] cls tried: 75/374 T: 0.01 T-out: Y T-r: -1.85%
c [full-probe]  bin_only: 1 set: 0 repl: 0 T: 0.01 T-out: N T-r: 99.82%
c rst  geom ibes   vs   904  434K    1941 17429  1773    6.52    6.11  2215   903   50K   165   23.65   23.59
c [distill] watch-based irred--  cl tried    18469 cl-sh     0 cl-rem    0 lit-rem      0 T: 0.04 T-out: Y
c [distill] watch-based   red--  cl tried     4430 cl-sh     1 cl-rem    0 lit-rem      1 T: 0.01 T-out: N
c rst  geom  svd   vs   905  438K    1941 17429  1773    6.52    6.11  2221   998   40K   165   22.40   22.33
c [branch] adjusting to: vmtf (from: vsid) var_decay:0.95 descr: VMTF
c rst  luby  svd  vmt   906  438K    1941 17429  1773    6.52    6.11  2222  1006   40K   165   22.40   22.32
c rst  luby  svd  vmt   907  438K    1941 17429  1773    6.52    6.11  2222  1006   40K   165   22.40   22.32
c rst  luby  svd  vmt   908  438K    1941 17429  1773    6.52    6.11  2224  1011   40K   165   22.45   22.37
c rst  luby  svd  vmt   909  438K    1941 17429  1773    6.52    6.11  2224  1011   40K   165   22.47   22.39
c rst  luby  svd  vmt   910  438K    1941 17429  1773    6.52    6.11  2224  1012   40K   165   22.48   22.41
c rst  luby  svd  vmt   911  438K    1941 17429  1773    6.52    6.11  2224  1017   41K   165   22.52   22.44
c rst  luby  svd  vmt   912  439K    1941 17429  1773    6.52    6.11  2224  1018   41K   165   22.60   22.53
c rst  luby  svd  vmt   913  439K    1941 17429  1773    6.52    6.11  2224  1018   41K   165   22.62   22.55
c rst  luby  svd  vmt   914  439K    1941 17429  1773    6.52    6.11  2224  1019   41K   165   22.64   22.57
c rst  luby  svd  vmt   915  439K    1941 17429  1773    6.52    6.11  2224  1021   41K   165   22.67   22.60
c rst  luby  svd  vmt   916  439K    1941 17429  1773    6.52    6.11  2224  1022   42K   165   22.70   22.63
c rst  luby  svd  vmt   917  439K    1941 17429  1773    6.52    6.11  2224  1022   42K   165   22.73   22.66
c rst  luby  svd  vmt   918  440K    1941 17429  1773    6.52    6.11  2241   935   42K   165   22.79   22.71
c rst  luby  svd  vmt   919  440K    1941 17429  1773    6.52    6.11  2241   935   42K   165   22.87   22.80
c rst  luby  svd  vmt   920  441K    1941 17429  1773    6.52    6.11  2243   939   43K   165   23.04   22.96
c rst  luby  svd  vmt   921  441K    1941 17429  1773    6.52    6.11  2244   942   43K   165   23.05   22.98
c rst  luby  svd  vmt   922  441K    1941 17429  1773    6.52    6.11  2244   946   43K   165   23.07   23.00
c rst  luby  svd  vmt   923  441K    1941 17429  1773    6.52    6.11  2244   947   44K   165   23.12   23.04
c rst  luby  svd  vmt   924  441K    1941 17429  1773    6.52    6.11  2244   947   44K   165   23.13   23.05
c rst  luby  svd  vmt   925  441K    1941 17429  1773    6.52    6.11  2244   947   44K   165   23.15   23.07
c rst  luby  svd  vmt   926  442K    1941 17429  1773    6.52    6.11  2244   947   44K   165   23.18   23.11
c rst  luby  svd  vmt   927  442K    1941 17429  1773    6.52    6.11  2244   950   44K   165   23.27   23.20
c rst  luby  svd  vmt   928  442K    1941 17429  1773    6.52    6.11  2244   950   44K   165   23.29   23.22
c rst  luby  svd  vmt   929  442K    1941 17429  1773    6.52    6.11  2244   951   45K   165   23.31   23.24
c rst  luby  svd  vmt   930  442K    1941 17429  1773    6.52    6.11  2244   951   45K   165   23.34   23.27
c rst  luby  svd  vmt   931  443K    1941 17429  1773    6.52    6.11  2244   951   45K   165   23.36   23.29
c rst  luby  svd  vmt   932  443K    1941 17429  1773    6.52    6.11  2244   951   45K   165   23.38   23.31
c rst  luby  svd  vmt   933  443K    1941 17429  1773    6.52    6.11  2244   951   45K   165   23.42   23.34
c rst  luby  svd  vmt   934  443K    1941 17429  1773    6.52    6.11  2244   955   46K   165   23.47   23.40
c [ccnr] tries: 0 steps: 262143 best found: 2
c [ccnr] saving best assignment phase to stable_polar
c [ccnr] bumping based on clause weights
c [ccnr] Bumped vars: 103 bump type: 6
c [ccnr] time: 0.27
c rst  geom best  vmt   935  443K    1941 17429  1773    6.52    6.11  2244   958   46K   165   23.49   23.42
c rst  geom best  vmt   936  443K    1941 17429  1773    6.52    6.11  2244   959   46K   165   23.50   23.43
c rst  geom best  vmt   937  444K    1941 17429  1773    6.52    6.11  2244   959   46K   165   23.50   23.43
c [gauss] XOR-encoding clauses are not detached, so no need to reattach them.
c [g 0] truth-find prop checks  : 795K
c [g 0] -> of which prop        : 29.62 %
c [g 0] -> of which confl       :  1.61 %
c [g 0] elim called             : 141K
c [g 0] ---> which lead to prop : 115.96 %
c [g 0] ---> which lead to confl:  5.29 %
c [g 0] size: 44    x 92   
c [scc] new: 0 BP 0M T: 0.00
c [vrep] vars 0 lits 0 rem-bin-cls 0 rem-long-cls 0 BP 0M T: 0.00
c [intree] Set 0 vars hyper-added: 0 trans-irred: 0 trans-red: 0 T: 0.01 T-out: N T-r: -0.79%
c [find&init matx] performing matrix init
c [gauss] XOR-encoding clauses are not detached, so no need to reattach them.
c [xor-rem-unconnected] left with 211 xors from 211 non-empty xors T: 0.00
c [xor-together] xored together: 167 orig xors: 211 new xors: 44 T: 0.00
c [xor-rem-unconnected] left with 44 xors from 44 non-empty xors T: 0.00
c [xor-clean-equiv] removed equivalent xors: 0 left with: 44
c [matrix] unused xors from cleaning: 0
c [matrix] Good   matrix 0 44      x92     density:0.1976  xorlen avg: 18.18
c [matrix] Using 1 matrices recovered from 0 xors T: 0.00 T-out: N
c rst  geom best vmt  938   444 K 1941    17429  1773 6.52    6.11     2244   962   46K   165 23.51   23.44  
c [distill-bin] useful: 0/1773/1773 lits-rem: 0 cl-rem: 0 0-depth-assigns: 0 T: 0.01 T-out: N
c rst  geom best vmt  939   444 K 1941    17429  1773 6.52    6.11     2244   964   46K   165 23.51   23.44  
c rst  geom best vmt  940   444 K 1941    17429  1773 6.52    6.11     2244   968   46K   165 23.52   23.45  
c rst  geom best vmt  941   444 K 1941    17429  1773 6.52    6.11     2244   970   47K   165 23.54   23.47  
c rst  geom best vmt  942   445 K 1941    17429  1773 6.52    6.11     2244   979   47K   165 23.55   23.48  
c rst  geom best vmt  943   445 K 1941    17429  1773 6.52    6.11     2244   980   47K   165 23.54   23.47  
c rst  geom best vmt  944   445 K 1941    17429  1773 6.52    6.11     2244   983   47K   165 23.56   23.49  
c [distill-long-red0] cls tried: 21/21 T: 0.00 T-out: N T-r: 99.95%
c [distill-long-red1] cls tried: 67/435 T: 0.01 T-out: Y T-r: -3.10%
c rst  geom best vmt  945   445 K 1941    17429  1773 6.52    6.11     2244   984   48K   165 23.56   23.49  
c rst  geom best vmt  946   446 K 1941    17429  1773 6.52    6.11     2244   984   48K   165 23.57   23.50  
c rst  geom best vmt  947   446 K 1941    17429  1773 6.52    6.11     2244   985   48K   165 23.60   23.53  
c rst  geom best vmt  948   446 K 1941    17429  1773 6.52    6.11     2244   986   49K   165 23.59   23.52  
c rst  geom best vmt  949   447 K 1941    17429  1773 6.52    6.11     2244   990   49K   165 23.59   23.52  
c rst  geom best vmt  950   447 K 1941    17429  1773 6.52    6.11     2246  1008   49K   165 23.58   23.52  
c rst  geom best vmt  951   448 K 1941    17429  1773 6.52    6.11     2249  1034   50K   165 23.59   23.52  
c rst  geom best vmt  952   448 K 1941    17429  1773 6.52    6.11     2249  1037   50K   165 23.63   23.56  
c rst  geom best vmt  953   449 K 1941    17429  1773 6.52    6.11     2249  1037   51K   165 23.64   23.57  
c rst  geom best vmt  954   449 K 1941    17429  1773 6.52    6.11     2249  1044   52K   165 23.70   23.64  
c rst  geom best vmt  955   450 K 1941    17429  1773 6.52    6.11     2346  1060   35K   165 23.62   23.53  
c [full-probe]  bin_only: 0 set: 0 repl: 0 T: 0.01 T-out: N T-r: 98.38%
c rst  geom best vmt  956   451 K 1941    17429  1773 6.52    6.11     2348  1077   36K   165 23.70   23.62  
c rst  geom best vmt  957   452 K 1941    17429  1773 6.52    6.11     2349  1086   37K   165 23.75   23.67  
c rst  geom best vmt  958   453 K 1941    17429  1773 6.52    6.11     2353  1098   38K   165 23.87   23.79  
c rst  geom stb  vmt  959   454 K 1941    17429  1773 6.52    6.11     2354  1114   39K   165 24.10   24.02  
c rst  geom stb  vmt  960   455 K 1941    17429  1773 6.52    6.11     2354  1121   40K   165 24.34   24.25  
c rst  geom stb  vmt  961   456 K 1941    17429  1773 6.52    6.11     2354  1127   41K   165 24.57   24.49  
c rst  geom stb  vmt  962   458 K 1941    17429  1773 6.52    6.11     2354  1134   43K   165 24.79   24.71  
c rst  geom stb  vmt  963   459 K 1941    17429  1773 6.52    6.11     2354  1136   44K   165 24.86   24.78  
c [distill] watch-based irred--  cl tried 18789    cl-sh 0     cl-rem 0    lit-rem 0      T: 0.04 T-out: Y
c [distill] watch-based red  --  cl tried 4708     cl-sh 5     cl-rem 0    lit-rem 5      T: 0.01 T-out: N
c rst  geom stb  vmt  964   461 K 1941    17429  1773 6.52    6.11     2426  1007   46K   165 24.94   24.87  
c [distill-long-red0] cls tried: 158/158 T: 0.02 T-out: N T-r: 99.60%
c [distill-long-red1] cls tried: 77/515 T: 0.01 T-out: Y T-r: -0.97%
c rst  geom stb  vmt  965   463 K 1941    17429  1773 6.52    6.11     2426  1008   48K   165 25.26   25.19  
c rst  geom ibes vmt  966   465 K 1941    17429  1773 6.52    6.11     2437  1144   34K   165 26.07   25.97  
c [distill-bin] useful: 0/1773/1773 lits-rem: 0 cl-rem: 0 0-depth-assigns: 0 T: 0.01 T-out: N
c [impl-str] lit bin: 0 set-var: 0 T: 0.00 T-out: N T-r: 99.96% w-visit: 3882
c [impl-sub] bin: 1 T: 0.00 T-out: N w-visit: 3882
c rst  geom ibes vmt  967   467 K 1941    17429  1773 6.52    6.11     2439  1150   37K   164 26.12   26.03  
c rst  geom ibes vmt  968   470 K 1941    17429  1773 6.52    6.11     2531  1076   39K   164 26.19   26.10  
c rst  geom ibes vmt  969   472 K 1941    17429  1773 6.52    6.11     2534  1104   42K   164 26.25   26.16  
c [full-probe]  bin_only: 1 set: 0 repl: 0 T: 0.01 T-out: N T-r: 99.83%
c rst  geom ibes vmt  970   475 K 1941    17429  1773 6.52    6.11     2537  1149   45K   164 26.42   26.34  
c rst  geom svd  vmt  971   479 K 1941    17429  1773 6.52    6.11     2538  1162   48K   164 27.03   26.96  
c [distill-long-red0] cls tried: 103/103 T: 0.01 T-out: N T-r: 99.73%
c [distill-long-red1] cls tried: 65/640 T: 0.01 T-out: Y T-r: -1.57%
c rst  geom svd  vmt  972   482 K 1941    17429  1773 6.52    6.11     2616  1247   36K   164 27.39   27.29  
c rst  geom svd  vmt  973   486 K 1941    17429  1773 6.52    6.11     2616  1267   40K   164 27.57   27.48  
c [branch] adjusting to: vsid (from: vmtf) var_decay:0.95 descr: VSIDS
c [distill-bin] useful: 0/1773/1773 lits-rem: 0 cl-rem: 0 0-depth-assigns: 0 T: 0.01 T-out: N
c [distill] watch-based irred--  cl tried 19720    cl-sh 0     cl-rem 0    lit-rem 0      T: 0.04 T-out: Y
c [distill] watch-based red  --  cl tried 5232     cl-sh 1     cl-rem 0    lit-rem 1      T: 0.01 T-out: N
c rst  geom best vs   974   486 K 1941    17429  1773 6.52    6.11     2616  1267   40K   164 27.57   27.48  
c rst  geom best vs   975   486 K 1941    17429  1773 6.52    6.11     2616  1267   41K   164 27.57   27.47  
c rst  geom best vs   976   487 K 1941    17429  1773 6.52    6.11     2616  1267   41K   164 27.56   27.46  
c rst  geom best vs   977   487 K 1941    17429  1773 6.52    6.11     2616  1267   41K   164 27.55   27.46  
c rst  geom best vs   978   487 K 1941    17429  1773 6.52    6.11     2616  1267   41K   164 27.54   27.45  
c rst  geom best vs   979   487 K 1941    17429  1773 6.52    6.11     2616  1267   41K   164 27.53   27.44  
c rst  geom best vs   980   487 K 1941    17429  1773 6.52    6.11     2616  1267   42K   164 27.52   27.43  
c [ccnr] tries: 0 steps: 262143 best found: 2
c [ccnr] saving best assignment phase to stable_polar
c [ccnr] bumping based on var unsat frequency: conflict_ct
c [ccnr] Bumped vars: 1941 bump type: 6
c [ccnr] time: 0.26
c rst  geom best vs   981   488 K 1941    17429  1773 6.52    6.11     2616  1267   42K   164 27.50   27.41  
c rst  geom best vs   982   488 K 1941    17429  1773 6.52    6.11     2616  1267   42K   164 27.48   27.39  
c rst  geom best vs   983   488 K 1941    17429  1773 6.52    6.11     2616  1267   42K   164 27.47   27.38  
c rst  geom best vs   984   488 K 1941    17429  1773 6.52    6.11     2616  1267   43K   164 27.45   27.36  
c rst  geom best vs   985   489 K 1941    17429  1773 6.52    6.11     2616  1267   43K   164 27.43   27.34  
c rst  geom best vs   986   489 K 1941    17429  1773 6.52    6.11     2616  1267   43K   164 27.42   27.33  
c rst  geom best vs   987   490 K 1941    17429  1773 6.52    6.11     2650  1210   44K   164 27.40   27.31  
c rst  geom best vs   988   490 K 1941    17429  1773 6.52    6.11     2650  1210   44K   164 27.38   27.30  
c rst  geom best vs   989   491 K 1941    17429  1773 6.52    6.11     2650  1210   45K   164 27.35   27.27  
c rst  geom best vs   990   491 K 1941    17429  1773 6.52    6.11     2651  1215   45K   164 27.32   27.24  
c rst  geom best vs   991   492 K 1941    17429  1773 6.52    6.11     2651  1216   46K   164 27.31   27.23  
c rst  geom best vs   992   492 K 1941    17429  1773 6.52    6.11     2651  1217   46K   164 27.28   27.19  
c [full-probe]  bin_only: 0 set: 0 repl: 0 T: 0.01 T-out: N T-r: 97.80%
c rst  geom best vs   993   493 K 1941    17429  1773 6.52    6.11     2651  1217   47K   164 27.23   27.15  
c rst  geom best vs   994   494 K 1941    17429  1773 6.52    6.11     2651  1217   48K   164 27.17   27.09  
c [distill-long-red0] cls tried: 105/105 T: 0.01 T-out: N T-r: 99.73%
c [distill-long-red1] cls tried: 54/681 T: 0.01 T-out: Y T-r: -2.56%
c rst  geom best vs   995   495 K 1941    17429  1773 6.52    6.11     2656  1279   35K   164 26.47   26.37  
c rst  geom best vs   996   496 K 1941    17429  1773 6.52    6.11     2656  1279   36K   164 26.44   26.34  
c rst  geom best vs   997   497 K 1941    17429  1773 6.52    6.11     2656  1279   37K   164 26.36   26.26  
c rst  geom stb  vs   998   498 K 1941    17429  1773 6.52    6.11     2656  1281   38K   164 26.59   26.49  
c rst  geom stb  vs   999   499 K 1941    17429  1773 6.52    6.11     2656  1281   39K   164 26.74   26.65  
c rst  geom stb  vs   1000  501 K 1941    17429  1773 6.52    6.11     2685  1199   40K   164 26.84   26.75  
c rst  geom stb  vs   1001  502 K 1941    17429  1773 6.52    6.11     2685  1201   42K   164 26.87   26.78  
c rst  geom stb  vs   1002  504 K 1941    17429  1773 6.52    6.11     2685  1202   44K   164 26.85   26.76  
c rst  geom stb  vs   1003  506 K 1941    17429  1773 6.52    6.11     2685  1204   46K   164 26.94   26.86  
c rst  geom stb  vs   1004  508 K 1941    17429  1773 6.52    6.11     2685  1205   48K   164 27.05   26.97  
c [distill-bin] useful: 0/1773/1773 lits-rem: 0 cl-rem: 0 0-depth-assigns: 0 T: 0.01 T-out: N
c rst  geom ibes vs   1005  510 K 1941    17429  1773 6.52    6.11     2712  1166   34K   164 26.26   26.16  
c [distill-long-red0] cls tried: 52/52 T: 0.00 T-out: N T-r: 99.93%
c [distill-long-red1] cls tried: 84/647 T: 0.01 T-out: Y T-r: -1.03%
c [gauss] XOR-encoding clauses are not detached, so no need to reattach them.
c [g 0] truth-find prop checks  : 1117K
c [g 0] -> of which prop        : 37.14 %
c [g 0] -> of which confl       :  1.66 %
c [g 0] elim called             : 146K
c [g 0] ---> which lead to prop : 149.59 %
c [g 0] ---> which lead to confl:  6.35 %
c [g 0] size: 44    x 92   
c [scc] new: 0 BP 0M T: 0.00
c [vrep] vars 0 lits 0 rem-bin-cls 0 rem-long-cls 0 BP 0M T: 0.00
c [intree] Set 0 vars hyper-added: 0 trans-irred: 0 trans-red: 0 T: 0.01 T-out: N T-r: -1.77%
c [find&init matx] performing matrix init
c [gauss] XOR-encoding clauses are not detached, so no need to reattach them.
c [xor-rem-unconnected] left with 211 xors from 211 non-empty xors T: 0.00
c [xor-together] xored together: 167 orig xors: 211 new xors: 44 T: 0.00
c [xor-rem-unconnected] left with 44 xors from 44 non-empty xors T: 0.00
c [xor-clean-equiv] removed equivalent xors: 0 left with: 44
c [matrix] unused xors from cleaning: 0
c [matrix] Good   matrix 0 44      x92     density:0.1976  xorlen avg: 18.18
c [matrix] Using 1 matrices recovered from 0 xors T: 0.00 T-out: N
c rst  geom ibes vs   1006  512 K 1941    17429  1773 6.52    6.11     2712  1167   37K   164 26.02   25.92  
c [full-probe]  bin_only: 1 set: 0 repl: 0 T: 0.01 T-out: N T-r: 99.75%
c [distill] watch-based irred--  cl tried 19595    cl-sh 0     cl-rem 0    lit-rem 0      T: 0.04 T-out: Y
c [distill] watch-based red  --  cl tried 5424     cl-sh 1     cl-rem 0    lit-rem 1      T: 0.01 T-out: N
c rst  geom ibes vs   1007  515 K 1941    17429  1773 6.52    6.11     2712  1167   40K   164 25.76   25.67  
c rst  geom ibes vs   1008  518 K 1941    17429  1773 6.52    6.11     2712  1171   43K   164 25.48   25.40  
c rst  geom svd  vs   1009  521 K 1941    17429  1773 6.52    6.11     2724  1040   46K   164 25.31   25.23  
c rst  geom svd  vs   1010  525 K 1941    17429  1773 6.52    6.11     2725  1082   37K   164 23.29   23.20  
c [distill-long-red0] cls tried: 12/12 T: 0.00 T-out: N T-r: 99.97%
c [distill-long-red1] cls tried: 92/554 T: 0.01 T-out: Y T-r: -1.51%
c [impl-str] lit bin: 0 set-var: 0 T: 0.00 T-out: N T-r: 99.96% w-visit: 3882
c [impl-sub] bin: 0 T: 0.00 T-out: N w-visit: 3882
c rst  geom svd  vs   1011  529 K 1941    17429  1773 6.52    6.11     2725  1082   41K   164 23.15   23.08  
c [distill-bin] useful: 0/1773/1773 lits-rem: 0 cl-rem: 0 0-depth-assigns: 0 T: 0.01 T-out: N
c rst  geom best vs   1012  533 K 1941    17429  1773 6.52    6.11     2734   960   45K   164 23.34   23.27  
c [full-probe]  bin_only: 0 set: 0 repl: 0 T: 0.01 T-out: N T-r: 97.91%
c [ccnr] tries: 0 steps: 262143 best found: 2
c [ccnr] saving best assignment phase to stable_polar
c [ccnr] bumping based on var unsat frequency: conflict_ct
c [ccnr] Bumped vars: 1941 bump type: 6
c [ccnr] time: 0.26
c rst  geom best vs   1013  538 K 1941    17429  1773 6.52    6.11     2734   962   50K   164 23.42   23.36  
c [distill] watch-based irred--  cl tried 20371    cl-sh 0     cl-rem 0    lit-rem 0      T: 0.04 T-out: Y
c [distill] watch-based red  --  cl tried 5468     cl-sh 0     cl-rem 0    lit-rem 0      T: 0.01 T-out: N
c rst  geom best vs   1014  544 K 1941    17429  1773 6.52    6.11     2740   834   41K   164 22.47   22.40  
c [branch] adjusting to: vmtf (from: vsid) var_decay:0.95 descr: VMTF
c [distill-long-red0] cls tried: 10/10 T: 0.00 T-out: N T-r: 99.97%
c [distill-long-red1] cls tried: 82/378 T: 0.01 T-out: Y T-r: -1.32%
c rst  luby stb  vmt  1015  544 K 1941    17429  1773 6.52    6.11     2740   840   41K   165 22.54   22.47  
c rst  luby stb  vmt  1016  544 K 1941    17429  1773 6.52    6.11     2742   845   41K   165 22.54   22.47  
c rst  luby stb  vmt  1017  544 K 1941    17429  1773 6.52    6.11     2742   848   42K   165 22.56   22.49  
c rst  luby stb  vmt  1018  544 K 1941    17429  1773 6.52    6.11     2742   848   42K   165 22.56   22.49  
c rst  luby stb  vmt  1019  544 K 1941    17429  1773 6.52    6.11     2742   848   42K   165 22.57   22.49  
c rst  luby stb  vmt  1020  544 K 1941    17429  1773 6.52    6.11     2742   858   42K   165 22.58   22.50  
c rst  luby stb  vmt  1021  545 K 1941    17429  1773 6.52    6.11     2742   863   42K   165 22.60   22.52  
c rst  luby stb  vmt  1022  545 K 1941    17429  1773 6.52    6.11     2742   865   43K   165 22.60   22.52  
c rst  luby stb  vmt  1023  545 K 1941    17429  1773 6.52    6.11     2742   865   43K   165 22.60   22.53  
c rst  luby stb  vmt  1024  545 K 1941    17429  1773 6.52    6.11     2742   881   43K   165 22.61   22.54  
c rst  luby stb  vmt  1025  545 K 1941    17429  1773 6.52    6.11     2742   882   43K   165 22.62   22.55  
c rst  luby stb  vmt  1026  545 K 1941    17429  1773 6.52    6.11     2742   883   43K   165 22.62   22.55  
c rst  luby stb  vmt  1027  546 K 1941    17429  1773 6.52    6.11     2742   887   43K   165 22.61   22.54  
c rst  luby stb  vmt  1028  546 K 1941    17429  1773 6.52    6.11     2742   894   44K   165 22.58   22.50  
c rst  luby stb  vmt  1029  547 K 1941    17429  1773 6.52    6.11     2742   900   44K   165 22.54   22.47  
c rst  luby stb  vmt  1030  547 K 1941    17429  1773 6.52    6.11     2742   902   45K   165 22.55   22.48  
c rst  luby stb  vmt  1031  547 K 1941    17429  1773 6.52    6.11     2742   902   45K   165 22.56   22.49  
c rst  luby stb  vmt  1032  547 K 1941    17429  1773 6.52    6.11     2742   903   45K   165 22.57   22.50  
c rst  luby stb  vmt  1033  547 K 1941    17429  1773 6.52    6.11     2742   905   45K   165 22.57   22.50  
c rst  luby stb  vmt  1034  547 K 1941    17429  1773 6.52    6.11     2742   907   45K   165 22.57   22.50  
c rst  luby stb  vmt  1035  548 K 1941    17429  1773 6.52    6.11     2747   912   45K   165 22.58   22.51  
c rst  luby stb  vmt  1036  548 K 1941    17429  1773 6.52    6.11     2747   916   46K   165 22.61   22.55  
c rst  luby stb  vmt  1037  548 K 1941    17429  1773 6.52    6.11     2747   917   46K   165 22.62   22.55  
c rst  luby stb  vmt  1038  548 K 1941    17429  1773 6.52    6.11     2747   917   46K   165 22.63   22.57  
c rst  luby stb  vmt  1039  548 K 1941    17429  1773 6.52    6.11     2747   917   46K   165 22.65   22.58  
c rst  luby stb  vmt  1040  549 K 1941    17429  1773 6.52    6.11     2747   918   46K   165 22.65   22.58  
c rst  luby stb  vmt  1041  549 K 1941    17429  1773 6.52    6.11     2747   920   46K   165 22.65   22.58  
c rst  luby stb  vmt  1042  549 K 1941    17429  1773 6.52    6.11     2747   922   46K   165 22.65   22.59  
c rst  luby stb  vmt  1043  549 K 1941    17429  1773 6.52    6.11     2747   929   47K   165 22.67   22.60  
c [distill-bin] useful: 0/1773/1773 lits-rem: 0 cl-rem: 0 0-depth-assigns: 0 T: 0.02 T-out: N
c rst  luby stb  vmt  1044  550 K 1941    17429  1773 6.52    6.11     2810   775   48K   165 22.70   22.63  
c rst  luby stb  vmt  1045  552 K 1941    17429  1773 6.52    6.11     2810   778   49K   165 22.96   22.90  
c rst  luby stb  vmt  1046  552 K 1941    17429  1773 6.52    6.11     2810   780   49K   165 22.97   22.91  
c rst  luby stb  vmt  1047  552 K 1941    17429  1773 6.52    6.11     2810   781   50K   165 22.98   22.91  
c rst  luby stb  vmt  1048  552 K 1941    17429  1773 6.52    6.11     2810   785   50K   165 23.00   22.93  
c rst  luby stb  vmt  1049  552 K 1941    17429  1773 6.52    6.11     2810   787   50K   165 23.00   22.94  
c rst  luby stb  vmt  1050  552 K 1941    17429  1773 6.52    6.11     2810   791   50K   165 23.01   22.94  
c rst  luby stb  vmt  1051  552 K 1941    17429  1773 6.52    6.11     2810   792   50K   165 23.04   22.97  
c rst  luby stb  vmt  1052  553 K 1941    17429  1773 6.52    6.11     2810   794   51K   165 23.08   23.01  
c rst  luby stb  vmt  1053  553 K 1941    17429  1773 6.52    6.11     2810   795   51K   165 23.07   23.01  
c rst  luby stb  vmt  1054  553 K 1941    17429  1773 6.52    6.11     2810   795   51K   165 23.07   23.01  
c rst  luby stb  vmt  1055  553 K 1941    17429  1773 6.52    6.11     2810   796   51K   165 23.09   23.02  
c rst  luby stb  vmt  1056  553 K 1941    17429  1773 6.52    6.11     2810   796   51K   165 23.08   23.02  
c rst  luby stb  vmt  1057  554 K 1941    17429  1773 6.52    6.11     2810   797   51K   165 23.08   23.01  
c [full-probe]  bin_only: 1 set: 0 repl: 0 T: 0.01 T-out: N T-r: 99.71%
c rst  luby stb  vmt  1058  554 K 1941    17429  1773 6.52    6.11     2810   797   51K   165 23.08   23.02  
c rst  luby stb  vmt  1059  554 K 1941    17429  1773 6.52    6.11     2810   800   52K   165 23.09   23.03  
c rst  luby stb  vmt  1060  555 K 1941    17429  1773 6.52    6.11     2826   977   37K   165 22.78   22.70  
c rst  luby ibes vmt  1061  555 K 1941    17429  1773 6.52    6.11     2826   977   37K   165 22.79   22.71  
c rst  luby ibes vmt  1062  555 K 1941    17429  1773 6.52    6.11     2826   978   37K   165 22.79   22.71  
c rst  luby ibes vmt  1063  555 K 1941    17429  1773 6.52    6.11     2826   978   38K   165 22.83   22.75  
c rst  luby ibes vmt  1064  555 K 1941    17429  1773 6.52    6.11     2826   978   38K   165 22.85   22.77  
c rst  luby ibes vmt  1065  556 K 1941    17429  1773 6.52    6.11     2826   984   38K   165 22.86   22.78  
c rst  luby ibes vmt  1066  556 K 1941    17429  1773 6.52    6.11     2826   984   38K   165 22.89   22.81  
c rst  luby ibes vmt  1067  556 K 1941    17429  1773 6.52    6.11     2826   986   38K   165 22.94   22.86  
c rst  luby ibes vmt  1068  556 K 1941    17429  1773 6.52    6.11     2826   987   38K   165 22.97   22.89  
c rst  luby ibes vmt  1069  556 K 1941    17429  1773 6.52    6.11     2826   988   39K   165 22.97   22.89  
c rst  luby ibes vmt  1070  557 K 1941    17429  1773 6.52    6.11     2827   993   39K   165 23.02   22.94  
c rst  luby ibes vmt  1071  557 K 1941    17429  1773 6.52    6.11     2829   999   39K   165 23.02   22.94  
c rst  luby ibes vmt  1072  557 K 1941    17429  1773 6.52    6.11     2829  1002   39K   165 23.04   22.96  
c rst  luby ibes vmt  1073  557 K 1941    17429  1773 6.52    6.11     2829  1004   39K   165 23.04   22.96  
c rst  luby ibes vmt  1074  557 K 1941    17429  1773 6.52    6.11     2829  1015   40K   165 23.09   23.01  
c rst  luby ibes vmt  1075  558 K 1941    17429  1773 6.52    6.11     2829  1020   40K   165 23.16   23.08  
c rst  luby ibes vmt  1076  560 K 1941    17429  1773 6.52    6.11     2896   900   42K   165 23.23   23.15  
c [distill-long-red0] cls tried: 142/142 T: 0.01 T-out: N T-r: 99.65%
c [distill-long-red1] cls tried: 62/466 T: 0.01 T-out: Y T-r: -2.87%
c rst  luby ibes vmt  1077  563 K 1941    17429  1773 6.52    6.11     2907  1004   45K   165 23.92   23.85  
c rst  luby ibes vmt  1078  563 K 1941    17429  1773 6.52    6.11     2908  1006   45K   165 23.93   23.86  
c rst  luby ibes vmt  1079  563 K 1941    17429  1773 6.52    6.11     2908  1006   45K   165 23.93   23.86  
c rst  luby ibes vmt  1080  563 K 1941    17429  1773 6.52    6.11     2908  1007   45K   165 23.93   23.86  
c [distill] watch-based irred--  cl tried 13494    cl-sh 0     cl-rem 0    lit-rem 0      T: 0.04 T-out: Y
c [distill] watch-based red  --  cl tried 5816     cl-sh 1     cl-rem 0    lit-rem 1      T: 0.01 T-out: N
c rst  luby ibes vmt  1081  563 K 1941    17429  1773 6.52    6.11     2908  1008   46K   165 23.93   23.85  
c rst  luby ibes vmt  1082  564 K 1941    17429  1773 6.52    6.11     2908  1008   46K   165 23.94   23.87  
c rst  luby ibes vmt  1083  564 K 1941    17429  1773 6.52    6.11     2908  1009   46K   165 23.96   23.89  
c rst  luby ibes vmt  1084  564 K 1941    17429  1773 6.52    6.11     2908  1009   46K   165 23.99   23.92  
c rst  luby ibes vmt  1085  564 K 1941    17429  1773 6.52    6.11     2908  1010   46K   165 24.01   23.94  
c rst  luby ibes vmt  1086  564 K 1941    17429  1773 6.52    6.11     2908  1010   46K   165 24.01   23.94  
c rst  luby ibes vmt  1087  565 K 1941    17429  1773 6.52    6.11     2908  1011   47K   165 24.03   23.96  
c rst  luby ibes vmt  1088  565 K 1941    17429  1773 6.52    6.11     2908  1011   47K   165 24.05   23.98  
c rst  luby ibes vmt  1089  565 K 1941    17429  1773 6.52    6.11     2908  1012   47K   165 24.07   24.00  
c rst  luby ibes vmt  1090  565 K 1941    17429  1773 6.52    6.11     2908  1020   47K   165 24.08   24.01  
c rst  luby ibes vmt  1091  565 K 1941    17429  1773 6.52    6.11     2908  1040   47K   165 24.11   24.04  
c rst  luby ibes vmt  1092  566 K 1941    17429  1773 6.52    6.11     2909  1068   48K   165 24.21   24.14  
c rst  luby svd  vmt  1093  566 K 1941    17429  1773 6.52    6.11     2909  1068   48K   165 24.23   24.16  
c rst  luby svd  vmt  1094  566 K 1941    17429  1773 6.52    6.11     2909  1068   48K   165 24.24   24.17  
c rst  luby svd  vmt  1095  567 K 1941    17429  1773 6.52    6.11     2909  1068   49K   165 24.29   24.22  
c rst  luby svd  vmt  1096  567 K 1941    17429  1773 6.52    6.11     2909  1068   49K   165 24.30   24.23  
c rst  luby svd  vmt  1097  567 K 1941    17429  1773 6.52    6.11     2909  1068   49K   165 24.32   24.25  
c rst  luby svd  vmt  1098  567 K 1941    17429  1773 6.52    6.11     2909  1068   49K   165 24.35   24.28  
c rst  luby svd  vmt  1099  567 K 1941    17429  1773 6.52    6.11     2909  1071   49K   165 24.42   24.35  
c rst  luby svd  vmt  1100  567 K 1941    17429  1773 6.52    6.11     2909  1072   50K   165 24.43   24.36  
c rst  luby svd  vmt  1101  568 K 1941    17429  1773 6.52    6.11     2909  1072   50K   165 24.45   24.38  
c rst  luby svd  vmt  1102  568 K 1941    17429  1773 6.52    6.11     2909  1075   50K   165 24.47   24.40  
c rst  luby svd  vmt  1103  568 K 1941    17429  1773 6.52    6.11     2909  1075   50K   165 24.48   24.42  
c rst  luby svd  vmt  1104  568 K 1941    17429  1773 6.52    6.11     2909  1075   50K   165 24.50   24.43  
c rst  luby svd  vmt  1105  568 K 1941    17429  1773 6.52    6.11     2909  1075   50K   165 24.52   24.45  
c rst  luby svd  vmt  1106  569 K 1941    17429  1773 6.52    6.11     2909  1080   51K   165 24.56   24.50  
c rst  luby svd  vmt  1107  569 K 1941    17429  1773 6.52    6.11     2909  1081   51K   165 24.64   24.58  
c [distill-bin] useful: 0/1773/1773 lits-rem: 0 cl-rem: 0 0-depth-assigns: 0 T: 0.01 T-out: N
c rst  luby svd  vmt  1108  571 K 1941    17429  1773 6.52    6.11     3040  1171   36K   165 25.36   25.26  
c rst  luby svd  vmt  1109  571 K 1941    17429  1773 6.52    6.11     3041  1171   37K   165 25.37   25.28  
c rst  luby svd  vmt  1110  571 K 1941    17429  1773 6.52    6.11     3041  1172   37K   165 25.39   25.30  
c rst  luby svd  vmt  1111  571 K 1941    17429  1773 6.52    6.11     3041  1174   37K   165 25.43   25.33  
c rst  luby svd  vmt  1112  571 K 1941    17429  1773 6.52    6.11     3041  1175   37K   165 25.44   25.35  
c rst  luby svd  vmt  1113  572 K 1941    17429  1773 6.52    6.11     3041  1175   37K   165 25.47   25.37  
c rst  luby svd  vmt  1114  572 K 1941    17429  1773 6.52    6.11     3041  1175   37K   165 25.51   25.42  
c rst  luby svd  vmt  1115  572 K 1941    17429  1773 6.52    6.11     3041  1175   38K   165 25.59   25.50  
c rst  luby svd  vmt  1116  572 K 1941    17429  1773 6.52    6.11     3041  1175   38K   165 25.60   25.51  
c rst  luby svd  vmt  1117  572 K 1941    17429  1773 6.52    6.11     3041  1176   38K   165 25.61   25.52  
c rst  luby svd  vmt  1118  573 K 1941    17429  1773 6.52    6.11     3041  1177   38K   165 25.63   25.54  
c rst  luby svd  vmt  1119  573 K 1941    17429  1773 6.52    6.11     3041  1177   38K   165 25.64   25.55  
c rst  luby svd  vmt  1120  573 K 1941    17429  1773 6.52    6.11     3041  1179   38K   165 25.66   25.57  
c rst  luby svd  vmt  1121  573 K 1941    17429  1773 6.52    6.11     3041  1180   39K   165 25.69   25.60  
c rst  luby svd  vmt  1122  573 K 1941    17429  1773 6.52    6.11     3041  1183   39K   165 25.72   25.64  
c rst  luby svd  vmt  1123  574 K 1941    17429  1773 6.52    6.11     3042  1189   40K   165 25.88   25.79  
c [full-probe]  bin_only: 0 set: 0 repl: 0 T: 0.01 T-out: N T-r: 98.12%
c rst  luby svd  vmt  1124  574 K 1941    17429  1773 6.52    6.11     3042  1191   40K   165 25.89   25.80  
c rst  luby svd  vmt  1125  574 K 1941    17429  1773 6.52    6.11     3042  1191   40K   165 25.91   25.82  
c rst  luby svd  vmt  1126  575 K 1941    17429  1773 6.52    6.11     3042  1191   40K   165 25.94   25.86  
c rst  luby svd  vmt  1127  575 K 1941    17429  1773 6.52    6.11     3042  1191   40K   165 25.96   25.87  
c rst  luby svd  vmt  1128  575 K 1941    17429  1773 6.52    6.11     3042  1192   40K   165 25.97   25.89  
c [distill-long-red0] cls tried: 138/138 T: 0.01 T-out: N T-r: 99.68%
c [distill-long-red1] cls tried: 78/703 T: 0.01 T-out: Y T-r: -2.95%
c rst  luby svd  vmt  1129  575 K 1941    17429  1773 6.52    6.11     3042  1197   41K   165 26.01   25.92  
c [gauss] XOR-encoding clauses are not detached, so no need to reattach them.
c [g 0] truth-find prop checks  : 1106K
c [g 0] -> of which prop        : 33.39 %
c [g 0] -> of which confl       :  1.60 %
c [g 0] elim called             : 166K
c [g 0] ---> which lead to prop : 125.99 %
c [g 0] ---> which lead to confl:  5.94 %
c [g 0] size: 44    x 92   
c [scc] new: 0 BP 0M T: 0.00
c [vrep] vars 0 lits 0 rem-bin-cls 0 rem-long-cls 0 BP 0M T: 0.00
c [intree] Set 0 vars hyper-added: 0 trans-irred: 0 trans-red: 0 T: 0.01 T-out: N T-r: -1.54%
c [find&init matx] performing matrix init
c [gauss] XOR-encoding clauses are not detached, so no need to reattach them.
c [xor-rem-unconnected] left with 211 xors from 211 non-empty xors T: 0.00
c [xor-together] xored together: 167 orig xors: 211 new xors: 44 T: 0.00
c [xor-rem-unconnected] left with 44 xors from 44 non-empty xors T: 0.00
c [xor-clean-equiv] removed equivalent xors: 0 left with: 44
c [matrix] unused xors from cleaning: 0
c [matrix] Good   matrix 0 44      x92     density:0.1976  xorlen avg: 18.18
c [matrix] Using 1 matrices recovered from 0 xors T: 0.00 T-out: N
c rst  luby svd  vmt  1130  575 K 1941    17429  1773 6.52    6.11     3042  1202   41K   165 26.08   26.00  
c rst  luby svd  vmt  1131  576 K 1941    17429  1773 6.52    6.11     3042  1204   41K   165 26.08   26.00  
c rst  luby svd  vmt  1132  576 K 1941    17429  1773 6.52    6.11     3042  1209   41K   165 26.09   26.00  
c rst  luby svd  vmt  1133  576 K 1941    17429  1773 6.52    6.11     3042  1211   41K   165 26.13   26.04  
c rst  luby svd  vmt  1134  576 K 1941    17429  1773 6.52    6.11     3042  1211   41K   165 26.15   26.06  
c rst  luby svd  vmt  1135  576 K 1941    17429  1773 6.52    6.11     3042  1211   42K   165 26.16   26.08  
c rst  luby svd  vmt  1136  576 K 1941    17429  1773 6.52    6.11     3042  1211   42K   165 26.18   26.09  
c rst  luby svd  vmt  1137  577 K 1941    17429  1773 6.52    6.11     3042  1212   42K   165 26.24   26.15  
c rst  luby svd  vmt  1138  577 K 1941    17429  1773 6.52    6.11     3043  1215   43K   165 26.30   26.22  
c rst  geom best vmt  1139  578 K 1941    17429  1773 6.52    6.11     3043  1215   43K   165 26.30   26.22  
c [ccnr] tries: 0 steps: 262143 best found: 4
c [ccnr] saving best assignment phase to stable_polar
c [ccnr] bumping based on clause weights
c [ccnr] Bumped vars: 102 bump type: 6
c [ccnr] time: 0.27
c rst  geom best vmt  1140  578 K 1941    17429  1773 6.52    6.11     3043  1216   43K   165 26.31   26.22  
c rst  geom best vmt  1141  578 K 1941    17429  1773 6.52    6.11     3043  1218   43K   165 26.29   26.21  
c rst  geom best vmt  1142  578 K 1941    17429  1773 6.52    6.11     3044  1218   43K   165 26.29   26.20  
c rst  geom best vmt  1143  578 K 1941    17429  1773 6.52    6.11     3044  1219   44K   165 26.27   26.19  
c rst  geom best vmt  1144  578 K 1941    17429  1773 6.52    6.11     3045  1222   44K   165 26.27   26.19  
c rst  geom best vmt  1145  578 K 1941    17429  1773 6.52    6.11     3045  1223   44K   165 26.26   26.18  
c rst  geom best vmt  1146  579 K 1941    17429  1773 6.52    6.11     3045  1224   44K   165 26.24   26.15  
c rst  geom best vmt  1147  579 K 1941    17429  1773 6.52    6.11     3045  1225   44K   165 26.25   26.17  
c rst  geom best vmt  1148  579 K 1941    17429  1773 6.52    6.11     3045  1229   45K   165 26.25   26.17  
c rst  geom best vmt  1149  579 K 1941    17429  1773 6.52    6.11     3045  1233   45K   165 26.27   26.19  
c rst  geom best vmt  1150  580 K 1941    17429  1773 6.52    6.11     3106  1149   45K   165 26.25   26.17  
c rst  geom best vmt  1151  580 K 1941    17429  1773 6.52    6.11     3106  1164   46K   165 26.28   26.20  
c rst  geom best vmt  1152  581 K 1941    17429  1773 6.52    6.11     3106  1165   46K   165 26.28   26.20  
c rst  geom best vmt  1153  581 K 1941    17429  1773 6.52    6.11     3106  1169   46K   165 26.30   26.23  
c rst  geom best vmt  1154  581 K 1941    17429  1773 6.52    6.11     3106  1172   47K   165 26.33   26.25  
c rst  geom best vmt  1155  582 K 1941    17429  1773 6.52    6.11     3106  1174   47K   165 26.31   26.24  
c rst  geom best vmt  1156  582 K 1941    17429  1773 6.52    6.11     3106  1177   48K   165 26.32   26.25  
c rst  geom best vmt  1157  583 K 1941    17429  1773 6.52    6.11     3106  1180   48K   165 26.34   26.26  
c rst  geom best vmt  1158  584 K 1941    17429  1773 6.52    6.11     3106  1181   49K   165 26.37   26.29  
c rst  geom best vmt  1159  584 K 1941    17429  1773 6.52    6.11     3106  1184   50K   165 26.44   26.36  
c rst  geom best vmt  1160  585 K 1941    17429  1773 6.52    6.11     3122  1325   34K   165 27.23   27.12  
c [impl-str] lit bin: 0 set-var: 0 T: 0.00 T-out: N T-r: 99.96% w-visit: 3882
c [impl-sub] bin: 1 T: 0.00 T-out: N w-visit: 3882
c rst  geom best vmt  1161  586 K 1941    17429  1773 6.52    6.11     3122  1326   35K   164 27.29   27.19  
c rst  geom best vmt  1162  587 K 1941    17429  1773 6.52    6.11     3122  1336   36K   164 27.34   27.24  
c rst  geom best vmt  1163  588 K 1941    17429  1773 6.52    6.11     3122  1345   37K   164 27.25   27.16  
c rst  geom best vmt  1164  589 K 1941    17429  1773 6.52    6.11     3138  1501   38K   164 27.18   27.08  
c [distill] watch-based irred--  cl tried 19363    cl-sh 0     cl-rem 0    lit-rem 0      T: 0.04 T-out: Y
c [distill] watch-based red  --  cl tried 6276     cl-sh 8     cl-rem 0    lit-rem 8      T: 0.01 T-out: N
c rst  geom stb  vmt  1165  591 K 1941    17429  1773 6.52    6.11     3263  1367   39K   164 27.48   27.38  
c [distill-long-red0] cls tried: 200/200 T: 0.02 T-out: N T-r: 99.55%
c [distill-long-red1] cls tried: 78/852 T: 0.01 T-out: Y T-r: -3.03%
c [distill-bin] useful: 0/1773/1773 lits-rem: 0 cl-rem: 0 0-depth-assigns: 0 T: 0.01 T-out: N
c rst  geom stb  vmt  1166  592 K 1941    17429  1773 6.52    6.11     3263  1374   41K   164 27.64   27.55  
c rst  geom stb  vmt  1167  593 K 1941    17429  1773 6.52    6.11     3263  1378   42K   164 27.80   27.71  
c rst  geom stb  vmt  1168  595 K 1941    17429  1773 6.52    6.11     3263  1388   44K   164 27.93   27.85  
c [full-probe]  bin_only: 1 set: 0 repl: 0 T: 0.01 T-out: N T-r: 99.77%
c rst  geom stb  vmt  1169  597 K 1941    17429  1773 6.52    6.11     3263  1390   46K   164 28.19   28.10  
c rst  geom stb  vmt  1170  599 K 1941    17429  1773 6.52    6.11     3268  1402   48K   164 28.18   28.10  
c rst  geom stb  vmt  1171  601 K 1941    17429  1773 6.52    6.11     3365  1611   33K   164 27.58   27.47  
c [branch] adjusting to: vsid (from: vmtf) var_decay:0.95 descr: VSIDS
c rst  geom ibes vs   1172  601 K 1941    17429  1773 6.52    6.11     3366  1612   33K   164 27.56   27.45  
c rst  geom ibes vs   1173  602 K 1941    17429  1773 6.52    6.11     3366  1612   33K   164 27.55   27.44  
c rst  geom ibes vs   1174  602 K 1941    17429  1773 6.52    6.11     3366  1613   34K   164 27.52   27.42  
c rst  geom ibes vs   1175  602 K 1941    17429  1773 6.52    6.11     3366  1617   34K   164 27.51   27.40  
c rst  geom ibes vs   1176  602 K 1941    17429  1773 6.52    6.11     3366  1617   34K   164 27.49   27.39  
c rst  geom ibes vs   1177  602 K 1941    17429  1773 6.52    6.11     3366  1617   34K   164 27.48   27.37  
c rst  geom ibes vs   1178  602 K 1941    17429  1773 6.52    6.11     3366  1618   34K   164 27.45   27.35  
c rst  geom ibes vs   1179  603 K 1941    17429  1773 6.52    6.11     3366  1619   34K   164 27.43   27.33  
c rst  geom ibes vs   1180  603 K 1941    17429  1773 6.52    6.11     3366  1623   35K   164 27.45   27.34  
c rst  geom ibes vs   1181  603 K 1941    17429  1773 6.52    6.11     3366  1623   35K   164 27.42   27.32  
c rst  geom ibes vs   1182  603 K 1941    17429  1773 6.52    6.11     3366  1623   35K   164 27.40   27.30  
c rst  geom ibes vs   1183  604 K 1941    17429  1773 6.52    6.11     3366  1623   36K   164 27.37   27.27  
c rst  geom ibes vs   1184  604 K 1941    17429  1773 6.52    6.11     3366  1623   36K   164 27.33   27.23  
c rst  geom ibes vs   1185  604 K 1941    17429  1773 6.52    6.11     3366  1623   36K   164 27.30   27.20  
c rst  geom ibes vs   1186  605 K 1941    17429  1773 6.52    6.11     3366  1625   37K   164 27.25   27.15  
c rst  geom ibes vs   1187  605 K 1941    17429  1773 6.52    6.11     3366  1625   37K   164 27.22   27.12  
c rst  geom ibes vs   1188  606 K 1941    17429  1773 6.52    6.11     3366  1625   38K   164 27.16   27.07  
c [distill-long-red0] cls tried: 86/86 T: 0.01 T-out: N T-r: 99.80%
c [distill-long-red1] cls tried: 62/1047 T: 0.02 T-out: Y T-r: -1.77%
c rst  geom ibes vs   1189  606 K 1941    17429  1773 6.52    6.11     3366  1625   38K   164 27.10   27.00  
c rst  geom ibes vs   1190  607 K 1941    17429  1773 6.52    6.11     3366  1625   39K   164 27.03   26.93  
c rst  geom ibes vs   1191  608 K 1941    17429  1773 6.52    6.11     3366  1625   39K   164 26.94   26.85  
c rst  geom ibes vs   1192  608 K 1941    17429  1773 6.52    6.11     3367  1633   40K   164 26.83   26.74  
c rst  geom ibes vs   1193  609 K 1941    17429  1773 6.52    6.11     3367  1634   41K   164 26.76   26.67  
c rst  geom ibes vs   1194  610 K 1941    17429  1773 6.52    6.11     3438  1556   42K   164 26.71   26.62  
c rst  geom ibes vs   1195  611 K 1941    17429  1773 6.52    6.11     3438  1565   43K   164 26.60   26.52  
c [distill-bin] useful: 0/1773/1773 lits-rem: 0 cl-rem: 0 0-depth-assigns: 0 T: 0.01 T-out: N
c rst  geom ibes vs   1196  612 K 1941    17429  1773 6.52    6.11     3438  1578   44K   164 26.51   26.43  
c rst  geom ibes vs   1197  612 K 1941    17429  1773 6.52    6.11     3438  1581   44K   164 26.49   26.41  
c recursive minimization cost OK: 936Kcost/(% lits removed)
c [gauss] XOR-encoding clauses are not detached, so no need to reattach them.
c [g 0] truth-find prop checks  : 640K
c [g 0] -> of which prop        : 34.80 %
c [g 0] -> of which confl       :  1.65 %
c [g 0] elim called             : 92K
c [g 0] ---> which lead to prop : 129.18 %
c [g 0] ---> which lead to confl:  5.98 %
c [g 0] size: 44    x 92   
c --> Executing strategy token: scc-vrepl
c [scc] new: 0 BP 0M T: 0.00
c --> Executing strategy token: sub-impl
c [impl-sub] bin: 0 T: 0.00 T-out: N w-visit: 3882
c --> Executing strategy token: breakid
c --> Executing OCC strategy token(s): 'occ-backw-sub-str,occ-clean-implicit,occ-bve,occ-bva,occ-ternary-res,occ-xor,'
c [occ] mem usage for occur 1      MB
c [occ] Linked in IRRED BIN by default: 1773
c [occ] Linked in RED   BIN by default: 164
c [occ] mem usage for occur 0      MB
c Mem for watch alloc      : 11          MB (25.00     %)
c Mem for watch array      : 0           MB (0.20      %)
c --> Executing OCC strategy token: occ-backw-sub-str
c [occ-backw-sub-str-long-w-bins] subs: 0 str: 8 tried: 50694 0-depth ass: 0 T: 0.00 T-out: N T-r: 99.61%
c [occ-backw-sub-long-w-long] rem cl: 75 tried: 67248/67248 (100.0%) T: 0.01 T-out: N T-r: 96.27%
c [occ-backw-sub-str-long-w-long] sub: 1 str: 49 tried: 201744/67248 (300.0)  T: 0.07 T-out: N T-r: 88.70%
c --> Executing OCC strategy token: occ-clean-implicit
c --> Executing OCC strategy token: occ-bve
c [occ-empty-res] Empty resolvent elimed: 0 T: 0.00 T-out: N
c [occ-bve] turning off picosat-based irreg gate detection, added lits:  307K
c [occ-bve] iter v-elim 0
c cl_inc_rate=1.0, var_dec_rate=1.0 (grow=0)
c Reduced to 1941 vars, 19202 cls (grow=0)
c [occ-bve] iter v-elim 0
c cl_inc_rate=1.0, var_dec_rate=1.0 (grow=8)
c Reduced to 1941 vars, 19202 cls (grow=8)
c [occ-bve] iter v-elim 0
c cl_inc_rate=1.0, var_dec_rate=1.0 (grow=16)
c Reduced to 1941 vars, 19202 cls (grow=16)
c x n vars       : 1941
c #try to eliminate:  5823
c #var-elim        :     0
c #T-o: N
c #T-r: 99.99%
c #T  : 0.97
c [occur] 0.04 is overhead
c [occur] link-in T: 0.04 cleanup T: 0.00
c --> Executing OCC strategy token: occ-bva
c --> Executing OCC strategy token: occ-ternary-res
c [occ-ternary-res] Ternary res-tri: 0 res-bin: 0 sub: 0 str: 0 T: 0.00 T-out: N T-r: 99.85%
c --> Executing OCC strategy token: occ-xor
c [occ-xor] sort occur list T: 0.00
c [xor-clean-equiv] removed equivalent xors: 0 left with: 210
c [occ-xor] found    210 avg sz 5.4 min sz  4 max sz  6 T: 0.01 T-out: N T-r: 99.97%
c --> Executing strategy token: card-find
c --> Executing strategy token: cl-consolidate
c Not consolidating memory.
c --> Executing strategy token: scc-vrepl
c [scc] new: 0 BP 0M T: 0.00
c --> Executing strategy token: renumber
c --> Executing strategy token: bosphorus
c --> Executing strategy token: louvain-comms
c [consolidate] mini T: 0.00
c global_timeout_multiplier: 4.8315
c [branch] rebuilding order heap for all branchings. Current branching: vsid
c [find&init matx] performing matrix init
c [gauss] XOR-encoding clauses are not detached, so no need to reattach them.
c [xor-rem-unconnected] left with 210 xors from 210 non-empty xors T: 0.00
c [xor-together] xored together: 166 orig xors: 210 new xors: 44 T: 0.00
c [xor-rem-unconnected] left with 44 xors from 44 non-empty xors T: 0.00
c [xor-clean-equiv] removed equivalent xors: 0 left with: 44
c [matrix] unused xors from cleaning: 0
c [matrix] Good   matrix  0     44 x   92  density:0.1966  xorlen avg: 18.09
c [matrix] Using 1 matrices recovered from 0 xors T: 0.00 T-out: N
c rst  geom  svd   vs  1198  613K    1941 17429  1773    6.52    6.11  3387  1698   45K   164   26.50   26.42
c rst  geom  svd   vs  1199  614K    1941 17429  1773    6.52    6.11  3387  1700   46K   164   26.47   26.39
c [distill] watch-based irred--  cl tried    20685 cl-sh     0 cl-rem    0 lit-rem      0 T: 0.04 T-out: Y
c [distill] watch-based   red--  cl tried     6774 cl-sh     1 cl-rem    0 lit-rem      1 T: 0.01 T-out: N
c rst  geom  svd   vs  1200  616K    1941 17429  1773    6.52    6.11  3389  1719   35K   164   25.14   25.05
c [full-probe]  bin_only: 0 set: 0 repl: 0 T: 0.01 T-out: N T-r: 98.57%
c rst  geom  svd   vs  1201  617K    1941 17429  1773    6.52    6.11  3389  1726   37K   164   25.19   25.10
c rst  geom  svd   vs  1202  619K    1941 17429  1773    6.52    6.11  3389  1731   39K   164   25.34   25.25
c rst  geom  svd   vs  1203  621K    1941 17429  1773    6.52    6.11  3414  1608   41K   164   25.37   25.29
c [distill-long-red0] cls tried: 112/112 T: 0.01 T-out: N T-r: 99.83%
c [distill-long-red1] cls tried: 78/1046 T: 0.01 T-out: Y T-r: -1.17%
c rst  geom  svd   vs  1204  623K    1941 17429  1773    6.52    6.11  3414  1626   43K   164   25.38   25.30
c [ccnr] tries: 0 steps: 262143 best found: 2
c [ccnr] saving best assignment phase to stable_polar
c [ccnr] bumping based on var unsat frequency: conflict_ct
c [ccnr] Bumped vars: 1941 bump type: 6
c [ccnr] time: 0.26
c rst  geom  svd   vs  1205  625K    1941 17429  1773    6.52    6.11  3415  1634   45K   164   25.33   25.26
c rst  geom best   vs  1206  628K    1941 17429  1773    6.52    6.11  3417  1650   47K   164   25.19   25.12
c rst  geom best   vs  1207  630K    1941 17429  1773    6.52    6.11  3453  1641   36K   164   23.49   23.41
c rst  geom best   vs  1208  633K    1941 17429  1773    6.52    6.11  3453  1643   39K   164   23.45   23.37
c [distill-bin] useful: 0/1773/1773 lits-rem: 0 cl-rem: 0 0-depth-assigns: 0 T: 0.01 T-out: N
c rst  geom best   vs  1209  637K    1941 17429  1773    6.52    6.11  3453  1643   43K   164   23.40   23.32
c [distill-long-red0] cls tried: 38/38 T: 0.00 T-out: N T-r: 99.92%
c [distill-long-red1] cls tried: 79/1043 T: 0.01 T-out: Y T-r: -1.95%
c [full-probe]  bin_only: 1 set: 0 repl: 0 T: 0.01 T-out: N T-r: 99.87%
c rst  geom  stb   vs  1210  640K    1941 17429  1773    6.52    6.11  3479  1448   47K   164   23.99   23.92
c [distill] watch-based irred--  cl tried    18825 cl-sh     0 cl-rem    0 lit-rem      0 T: 0.04 T-out: Y
c [distill] watch-based   red--  cl tried     6958 cl-sh     5 cl-rem    0 lit-rem      7 T: 0.01 T-out: N
c [gauss] XOR-encoding clauses are not detached, so no need to reattach them.
c [g 0] truth-find prop checks  : 463K
c [g 0] -> of which prop        : 31.20 %
c [g 0] -> of which confl       :  1.67 %
c [g 0] elim called             : 73K
c [g 0] ---> which lead to prop : 126.78 %
c [g 0] ---> which lead to confl:  5.58 %
c [g 0] size: 44    x 92   
c [scc] new: 0 BP 0M T: 0.00
c [vrep] vars 0 lits 0 rem-bin-cls 0 rem-long-cls 0 BP 0M T: 0.00
c [intree] Set 0 vars hyper-added: 0 trans-irred: 0 trans-red: 0 T: 0.01 T-out: N T-r: -0.41%
c [find&init matx] performing matrix init
c [gauss] XOR-encoding clauses are not detached, so no need to reattach them.
c [xor-rem-unconnected] left with 210 xors from 210 non-empty xors T: 0.00
c [xor-together] xored together: 166 orig xors: 210 new xors: 44 T: 0.00
c [xor-rem-unconnected] left with 44 xors from 44 non-empty xors T: 0.00
c [xor-clean-equiv] removed equivalent xors: 0 left with: 44
c [matrix] unused xors from cleaning: 0
c [matrix] Good   matrix 0 44      x92     density:0.1966  xorlen avg: 18.09
c [matrix] Using 1 matrices recovered from 0 xors T: 0.00 T-out: N
c rst  geom stb  vs   1211  644 K 1941    17429  1773 6.52    6.11     3480  1462   51K   164 24.52   24.46  
c rst  geom stb  vs   1212  649 K 1941    17429  1773 6.52    6.11     3487  1531   38K   164 24.19   24.11  
c [impl-str] lit bin: 0 set-var: 0 T: 0.00 T-out: N T-r: 99.97% w-visit: 3882
c [impl-sub] bin: 0 T: 0.00 T-out: N w-visit: 3882
c rst  geom ibes vs   1213  654 K 1941    17429  1773 6.52    6.11     3531  1422   43K   164 24.28   24.21  
c [distill-long-red0] cls tried: 71/71 T: 0.01 T-out: N T-r: 99.87%
c [distill-long-red1] cls tried: 85/852 T: 0.01 T-out: Y T-r: -1.72%
c [distill-bin] useful: 0/1773/1773 lits-rem: 0 cl-rem: 0 0-depth-assigns: 0 T: 0.01 T-out: N
c rst  geom ibes vs   1214  659 K 1941    17429  1773 6.52    6.11     3531  1432   49K   164 24.09   24.02  
c [full-probe]  bin_only: 0 set: 0 repl: 0 T: 0.01 T-out: N T-r: 97.70%
c rst  geom ibes vs   1215  665 K 1941    17429  1773 6.52    6.11     3550  1209   41K   164 23.41   23.33  
c rst  geom svd  vs   1216  671 K 1941    17429  1773 6.52    6.11     3567  1112   47K   164 23.67   23.60  
c [branch] adjusting to: vmtf (from: vsid) var_decay:0.95 descr: VMTF
c [distill-long-red0] cls tried: 36/36 T: 0.01 T-out: N T-r: 99.89%
c [distill-long-red1] cls tried: 86/718 T: 0.01 T-out: Y T-r: -4.95%
c [distill] watch-based irred--  cl tried 21080    cl-sh 0     cl-rem 0    lit-rem 0      T: 0.04 T-out: Y
c [distill] watch-based red  --  cl tried 7134     cl-sh 1     cl-rem 0    lit-rem 1      T: 0.01 T-out: N
c [ccnr] tries: 0 steps: 262143 best found: 4
c [ccnr] saving best assignment phase to stable_polar
c [ccnr] bumping based on var unsat frequency: conflict_ct
c [ccnr] Bumped vars: 1941 bump type: 6
c [ccnr] time: 0.27
c rst  luby svd  vmt  1217  671 K 1941    17429  1773 6.52    6.11     3568  1127   47K   164 23.66   23.59  
c rst  luby svd  vmt  1218  671 K 1941    17429  1773 6.52    6.11     3570  1134   47K   164 23.65   23.58  
c rst  luby svd  vmt  1219  671 K 1941    17429  1773 6.52    6.11     3570  1137   48K   164 23.66   23.60  
c rst  luby svd  vmt  1220  672 K 1941    17429  1773 6.52    6.11     3570  1137   48K   164 23.67   23.60  
c rst  luby svd  vmt  1221  672 K 1941    17429  1773 6.52    6.11     3570  1138   48K   164 23.68   23.61  
c rst  luby svd  vmt  1222  672 K 1941    17429  1773 6.52    6.11     3570  1140   48K   164 23.72   23.65  
c rst  luby svd  vmt  1223  672 K 1941    17429  1773 6.52    6.11     3570  1140   48K   164 23.78   23.71  
c rst  luby svd  vmt  1224  672 K 1941    17429  1773 6.52    6.11     3570  1140   49K   164 23.79   23.73  
c rst  luby svd  vmt  1225  672 K 1941    17429  1773 6.52    6.11     3570  1140   49K   164 23.81   23.74  
c rst  luby svd  vmt  1226  673 K 1941    17429  1773 6.52    6.11     3570  1141   49K   164 23.84   23.78  
c rst  luby svd  vmt  1227  673 K 1941    17429  1773 6.52    6.11     3570  1141   49K   164 23.86   23.80  
c rst  luby svd  vmt  1228  673 K 1941    17429  1773 6.52    6.11     3570  1143   49K   164 23.88   23.81  
c rst  luby svd  vmt  1229  673 K 1941    17429  1773 6.52    6.11     3570  1143   49K   164 23.91   23.84  
c rst  luby svd  vmt  1230  673 K 1941    17429  1773 6.52    6.11     3570  1143   50K   164 23.97   23.91  
c rst  luby svd  vmt  1231  674 K 1941    17429  1773 6.52    6.11     3570  1144   50K   164 24.11   24.05  
c [distill-bin] useful: 0/1773/1773 lits-rem: 0 cl-rem: 0 0-depth-assigns: 0 T: 0.01 T-out: N
c rst  luby svd  vmt  1232  674 K 1941    17429  1773 6.52    6.11     3570  1144   51K   164 24.13   24.07  
c rst  luby svd  vmt  1233  675 K 1941    17429  1773 6.52    6.11     3570  1146   51K   164 24.14   24.08  
c rst  luby svd  vmt  1234  675 K 1941    17429  1773 6.52    6.11     3577  1239   36K   164 24.14   24.05  
c rst  luby svd  vmt  1235  675 K 1941    17429  1773 6.52    6.11     3577  1239   36K   164 24.16   24.07  
c rst  luby svd  vmt  1236  675 K 1941    17429  1773 6.52    6.11     3577  1239   36K   164 24.18   24.09  
c rst  luby svd  vmt  1237  675 K 1941    17429  1773 6.52    6.11     3577  1241   36K   164 24.19   24.11  
c rst  luby svd  vmt  1238  676 K 1941    17429  1773 6.52    6.11     3578  1242   37K   164 24.23   24.14  
c rst  luby svd  vmt  1239  676 K 1941    17429  1773 6.52    6.11     3578  1242   37K   164 24.24   24.15  
c rst  luby svd  vmt  1240  676 K 1941    17429  1773 6.52    6.11     3578  1242   37K   164 24.26   24.17  
c rst  luby svd  vmt  1241  676 K 1941    17429  1773 6.52    6.11     3578  1244   37K   164 24.31   24.23  
c rst  luby svd  vmt  1242  676 K 1941    17429  1773 6.52    6.11     3578  1244   37K   164 24.33   24.25  
c rst  luby svd  vmt  1243  676 K 1941    17429  1773 6.52    6.11     3578  1245   37K   164 24.35   24.26  
c rst  luby svd  vmt  1244  676 K 1941    17429  1773 6.52    6.11     3578  1246   37K   164 24.39   24.30  
c rst  luby svd  vmt  1245  677 K 1941    17429  1773 6.52    6.11     3578  1249   38K   164 24.45   24.37  
c rst  geom best vmt  1246  677 K 1941    17429  1773 6.52    6.11     3579  1254   38K   164 24.48   24.39  
c rst  geom best vmt  1247  677 K 1941    17429  1773 6.52    6.11     3579  1254   38K   164 24.50   24.41  
c rst  geom best vmt  1248  677 K 1941    17429  1773 6.52    6.11     3579  1256   38K   164 24.50   24.41  
c rst  geom best vmt  1249  677 K 1941    17429  1773 6.52    6.11     3579  1256   38K   164 24.50   24.41  
c rst  geom best vmt  1250  677 K 1941    17429  1773 6.52    6.11     3579  1260   38K   164 24.49   24.41  
c rst  geom best vmt  1251  678 K 1941    17429  1773 6.52    6.11     3579  1264   39K   164 24.48   24.40  
c rst  geom best vmt  1252  678 K 1941    17429  1773 6.52    6.11     3579  1264   39K   164 24.47   24.39  
c rst  geom best vmt  1253  678 K 1941    17429  1773 6.52    6.11     3579  1266   39K   164 24.45   24.37  
c rst  geom best vmt  1254  678 K 1941    17429  1773 6.52    6.11     3579  1267   39K   164 24.45   24.36  
c rst  geom best vmt  1255  678 K 1941    17429  1773 6.52    6.11     3579  1276   40K   164 24.46   24.38  
c rst  geom best vmt  1256  679 K 1941    17429  1773 6.52    6.11     3579  1280   40K   164 24.48   24.40  
c rst  geom best vmt  1257  679 K 1941    17429  1773 6.52    6.11     3579  1286   40K   164 24.48   24.40  
c [full-probe]  bin_only: 1 set: 0 repl: 0 T: 0.01 T-out: N T-r: 99.80%
c rst  geom best vmt  1258  679 K 1941    17429  1773 6.52    6.11     3581  1288   40K   164 24.50   24.41  
c rst  geom best vmt  1259  680 K 1941    17429  1773 6.52    6.11     3649  1163   41K   164 24.48   24.40  
c rst  geom best vmt  1260  680 K 1941    17429  1773 6.52    6.11     3649  1175   41K   164 24.51   24.43  
c rst  geom best vmt  1261  681 K 1941    17429  1773 6.52    6.11     3649  1177   42K   164 24.57   24.49  
c rst  geom best vmt  1262  681 K 1941    17429  1773 6.52    6.11     3649  1179   42K   164 24.61   24.53  
c rst  geom best vmt  1263  682 K 1941    17429  1773 6.52    6.11     3649  1179   43K   164 24.60   24.53  
c rst  geom best vmt  1264  682 K 1941    17429  1773 6.52    6.11     3649  1179   43K   164 24.62   24.54  
c rst  geom best vmt  1265  683 K 1941    17429  1773 6.52    6.11     3649  1191   44K   164 24.60   24.53  
c rst  geom best vmt  1266  684 K 1941    17429  1773 6.52    6.11     3649  1191   45K   164 24.68   24.61  
c rst  geom best vmt  1267  684 K 1941    17429  1773 6.52    6.11     3649  1198   46K   164 24.70   24.63  
c rst  geom best vmt  1268  685 K 1941    17429  1773 6.52    6.11     3651  1212   46K   164 24.71   24.63  
c rst  geom best vmt  1269  686 K 1941    17429  1773 6.52    6.11     3651  1224   47K   164 24.69   24.62  
c [distill-long-red0] cls tried: 81/81 T: 0.01 T-out: N T-r: 99.78%
c [distill-long-red1] cls tried: 84/790 T: 0.01 T-out: Y T-r: -1.56%
c rst  geom best vmt  1270  687 K 1941    17429  1773 6.52    6.11     3652  1240   48K   164 24.71   24.64  
c rst  geom best vmt  1271  689 K 1941    17429  1773 6.52    6.11     3654  1307   49K   164 24.64   24.58  
c rst  geom best vmt  1272  690 K 1941    17429  1773 6.52    6.11     3790  1385   35K   164 23.28   23.20  
c rst  geom stb  vmt  1273  691 K 1941    17429  1773 6.52    6.11     3790  1398   37K   164 23.39   23.31  
c rst  geom stb  vmt  1274  693 K 1941    17429  1773 6.52    6.11     3790  1412   38K   164 23.64   23.56  
c rst  geom stb  vmt  1275  694 K 1941    17429  1773 6.52    6.11     3795  1431   40K   164 23.72   23.64  
c [distill-bin] useful: 0/1773/1773 lits-rem: 0 cl-rem: 0 0-depth-assigns: 0 T: 0.01 T-out: N
c rst  geom stb  vmt  1276  696 K 1941    17429  1773 6.52    6.11     3796  1439   42K   164 23.83   23.76  
c [distill] watch-based irred--  cl tried 20102    cl-sh 0     cl-rem 0    lit-rem 0      T: 0.04 T-out: Y
c [distill] watch-based red  --  cl tried 7592     cl-sh 4     cl-rem 0    lit-rem 4      T: 0.01 T-out: N
c rst  geom stb  vmt  1277  698 K 1941    17429  1773 6.52    6.11     3797  1447   44K   164 23.92   23.85  
c rst  geom stb  vmt  1278  701 K 1941    17429  1773 6.52    6.11     3856  1335   46K   164 23.99   23.92  
c [full-probe]  bin_only: 0 set: 0 repl: 0 T: 0.01 T-out: N T-r: 97.77%
c rst  geom stb  vmt  1279  703 K 1941    17429  1773 6.52    6.11     3856  1346   49K   164 24.28   24.21  
c [distill-long-red0] cls tried: 197/197 T: 0.02 T-out: N T-r: 99.51%
c [distill-long-red1] cls tried: 77/882 T: 0.01 T-out: Y T-r: -1.91%
c rst  geom ibes vmt  1280  706 K 1941    17429  1773 6.52    6.11     3876  1606   37K   164 24.99   24.90  
c [gauss] XOR-encoding clauses are not detached, so no need to reattach them.
c [g 0] truth-find prop checks  : 1087K
c [g 0] -> of which prop        : 34.49 %
c [g 0] -> of which confl       :  1.61 %
c [g 0] elim called             : 158K
c [g 0] ---> which lead to prop : 132.21 %
c [g 0] ---> which lead to confl:  5.96 %
c [g 0] size: 44    x 92   
c [scc] new: 0 BP 0M T: 0.00
c [vrep] vars 0 lits 0 rem-bin-cls 0 rem-long-cls 0 BP 0M T: 0.01
c [intree] Set 0 vars hyper-added: 0 trans-irred: 0 trans-red: 0 T: 0.01 T-out: N T-r: -1.30%
c [find&init matx] performing matrix init
c [gauss] XOR-encoding clauses are not detached, so no need to reattach them.
c [xor-rem-unconnected] left with 210 xors from 210 non-empty xors T: 0.00
c [xor-together] xored together: 166 orig xors: 210 new xors: 44 T: 0.00
c [xor-rem-unconnected] left with 44 xors from 44 non-empty xors T: 0.00
c [xor-clean-equiv] removed equivalent xors: 0 left with: 44
c [matrix] unused xors from cleaning: 0
c [matrix] Good   matrix 0 44      x92     density:0.1966  xorlen avg: 18.09
c [matrix] Using 1 matrices recovered from 0 xors T: 0.00 T-out: N
c rst  geom ibes vmt  1281  709 K 1941    17429  1773 6.52    6.11     3877  1632   40K   164 25.10   25.02  
c [impl-str] lit bin: 0 set-var: 0 T: 0.00 T-out: N T-r: 99.96% w-visit: 3882
c [impl-sub] bin: 0 T: 0.00 T-out: N w-visit: 3882
c rst  geom ibes vmt  1282  712 K 1941    17429  1773 6.52    6.11     3996  1542   43K   164 25.40   25.32  
c rst  geom ibes vmt  1283  716 K 1941    17429  1773 6.52    6.11     3996  1586   47K   164 25.57   25.50  
c [distill-bin] useful: 0/1773/1773 lits-rem: 0 cl-rem: 0 0-depth-assigns: 0 T: 0.01 T-out: N
c [ccnr] tries: 0 steps: 262143 best found: 4
c [ccnr] saving best assignment phase to stable_polar
c [ccnr] bumping based on clause weights
c [ccnr] Bumped vars: 106 bump type: 6
c [ccnr] time: 0.26
c rst  geom svd  vmt  1284  720 K 1941    17429  1773 6.52    6.11     4122  1721   36K   164 24.94   24.85  
c [distill-long-red0] cls tried: 259/259 T: 0.02 T-out: N T-r: 99.44%
c [distill-long-red1] cls tried: 91/1230 T: 0.01 T-out: Y T-r: -2.21%
c rst  geom svd  vmt  1285  724 K 1941    17429  1773 6.52    6.11     4124  1752   40K   164 25.30   25.22  
c [full-probe]  bin_only: 1 set: 0 repl: 0 T: 0.01 T-out: N T-r: 99.83%
c [distill] watch-based irred--  cl tried 17877    cl-sh 0     cl-rem 0    lit-rem 0      T: 0.04 T-out: Y
c [distill] watch-based red  --  cl tried 8248     cl-sh 3     cl-rem 0    lit-rem 3      T: 0.02 T-out: N
c rst  geom svd  vmt  1286  729 K 1941    17429  1773 6.52    6.11     4126  1788   45K   164 25.67   25.59  
c rst  geom best vmt  1287  734 K 1941    17429  1773 6.52    6.11     4211  1742   50K   164 25.77   25.71  
c rst  geom best vmt  1288  740 K 1941    17429  1773 6.52    6.11     4338  1821   41K   164 25.48   25.40  
c [branch] adjusting to: vsid (from: vmtf) var_decay:0.95 descr: VSIDS
c [distill-long-red0] cls tried: 207/207 T: 0.02 T-out: N T-r: 99.55%
c [distill-long-red1] cls tried: 82/1312 T: 0.01 T-out: Y T-r: -0.83%
c [distill-bin] useful: 0/1773/1773 lits-rem: 0 cl-rem: 0 0-depth-assigns: 0 T: 0.01 T-out: N
c rst  geom best vs   1289  740 K 1941    17429  1773 6.52    6.11     4338  1824   41K   164 25.47   25.39  
c rst  geom best vs   1290  740 K 1941    17429  1773 6.52    6.11     4338  1825   42K   164 25.46   25.38  
c rst  geom best vs   1291  740 K 1941    17429  1773 6.52    6.11     4338  1825   42K   164 25.44   25.36  
c rst  geom best vs   1292  741 K 1941    17429  1773 6.52    6.11     4338  1826   42K   164 25.43   25.35  
c rst  geom best vs   1293  741 K 1941    17429  1773 6.52    6.11     4338  1828   42K   164 25.41   25.33  
c rst  geom best vs   1294  741 K 1941    17429  1773 6.52    6.11     4338  1829   42K   164 25.39   25.31  
c rst  geom best vs   1295  741 K 1941    17429  1773 6.52    6.11     4338  1831   42K   164 25.37   25.29  
c rst  geom best vs   1296  741 K 1941    17429  1773 6.52    6.11     4338  1831   43K   164 25.36   25.28  
c rst  geom stb  vs   1297  742 K 1941    17429  1773 6.52    6.11     4338  1832   43K   164 25.39   25.31  
c rst  geom stb  vs   1298  742 K 1941    17429  1773 6.52    6.11     4339  1832   43K   164 25.43   25.36  
c rst  geom stb  vs   1299  742 K 1941    17429  1773 6.52    6.11     4339  1833   43K   164 25.47   25.39  
c rst  geom stb  vs   1300  742 K 1941    17429  1773 6.52    6.11     4339  1837   44K   164 25.51   25.43  
c rst  geom stb  vs   1301  743 K 1941    17429  1773 6.52    6.11     4339  1837   44K   164 25.55   25.48  
c rst  geom stb  vs   1302  743 K 1941    17429  1773 6.52    6.11     4339  1837   44K   164 25.59   25.51  
c rst  geom stb  vs   1303  744 K 1941    17429  1773 6.52    6.11     4339  1837   45K   164 25.63   25.55  
c rst  geom stb  vs   1304  744 K 1941    17429  1773 6.52    6.11     4339  1837   45K   164 25.68   25.60  
c rst  geom stb  vs   1305  744 K 1941    17429  1773 6.52    6.11     4341  1837   46K   164 25.69   25.62  
c [full-probe]  bin_only: 0 set: 0 repl: 0 T: 0.01 T-out: N T-r: 98.00%
c rst  geom stb  vs   1306  745 K 1941    17429  1773 6.52    6.11     4341  1838   46K   164 25.73   25.65  
c rst  geom stb  vs   1307  746 K 1941    17429  1773 6.52    6.11     4341  1838   47K   164 25.78   25.71  
c rst  geom stb  vs   1308  746 K 1941    17429  1773 6.52    6.11     4341  1838   48K   164 25.79   25.72  
c rst  geom stb  vs   1309  747 K 1941    17429  1773 6.52    6.11     4341  1843   48K   164 25.80   25.73  
c rst  geom stb  vs   1310  748 K 1941    17429  1773 6.52    6.11     4341  1844   49K   164 25.88   25.81  
c rst  geom stb  vs   1311  749 K 1941    17429  1773 6.52    6.11     4341  1846   50K   164 25.87   25.80  
c rst  geom stb  vs   1312  750 K 1941    17429  1773 6.52    6.11     4437  1748   35K   164 24.70   24.61  
c [distill] watch-based irred--  cl tried 20576    cl-sh 0     cl-rem 0    lit-rem 0      T: 0.04 T-out: Y
c [distill] watch-based red  --  cl tried 8874     cl-sh 5     cl-rem 0    lit-rem 5      T: 0.01 T-out: N
c rst  geom stb  vs   1313  751 K 1941    17429  1773 6.52    6.11     4437  1757   36K   164 24.64   24.56  
c rst  geom stb  vs   1314  752 K 1941    17429  1773 6.52    6.11     4437  1764   37K   164 24.74   24.66  
c rst  geom stb  vs   1315  753 K 1941    17429  1773 6.52    6.11     4437  1770   38K   164 24.78   24.69  
c rst  geom stb  vs   1316  755 K 1941    17429  1773 6.52    6.11     4437  1772   40K   164 24.85   24.77  
c rst  geom ibes vs   1317  756 K 1941    17429  1773 6.52    6.11     4438  1777   41K   164 24.77   24.69  
c [distill-long-red0] cls tried: 98/98 T: 0.01 T-out: N T-r: 99.82%
c [distill-long-red1] cls tried: 105/1218 T: 0.01 T-out: Y T-r: -1.44%
c rst  geom ibes vs   1318  758 K 1941    17429  1773 6.52    6.11     4438  1777   43K   164 24.67   24.60  
c rst  geom ibes vs   1319  760 K 1941    17429  1773 6.52    6.11     4478  1545   45K   164 24.65   24.58  
c rst  geom ibes vs   1320  762 K 1941    17429  1773 6.52    6.11     4478  1562   47K   164 24.68   24.61  
c [distill-bin] useful: 0/1773/1773 lits-rem: 0 cl-rem: 0 0-depth-assigns: 0 T: 0.01 T-out: N
c [ccnr] tries: 0 steps: 262143 best found: 2
c [ccnr] saving best assignment phase to stable_polar
c [ccnr] bumping based on var unsat frequency: conflict_ct
c [ccnr] Bumped vars: 1941 bump type: 6
c [ccnr] time: 0.27
c rst  geom ibes vs   1321  764 K 1941    17429  1773 6.52    6.11     4478  1563   49K   164 24.68   24.61  
c rst  geom ibes vs   1322  766 K 1941    17429  1773 6.52    6.11     4487  1673   38K   164 23.37   23.29  
c [full-probe]  bin_only: 1 set: 0 repl: 0 T: 0.01 T-out: N T-r: 99.84%
c rst  geom ibes vs   1323  769 K 1941    17429  1773 6.52    6.11     4487  1673   41K   164 23.43   23.36  
c [impl-str] lit bin: 0 set-var: 0 T: 0.00 T-out: N T-r: 99.96% w-visit: 3882
c [impl-sub] bin: 0 T: 0.00 T-out: N w-visit: 3882
c rst  geom svd  vs   1324  772 K 1941    17429  1773 6.52    6.11     4510  1603   44K   164 23.73   23.66  
c [distill-long-red0] cls tried: 62/62 T: 0.01 T-out: N T-r: 99.86%
c [distill-long-red1] cls tried: 100/1045 T: 0.01 T-out: Y T-r: -0.81%
c [gauss] XOR-encoding clauses are not detached, so no need to reattach them.
c [g 0] truth-find prop checks  : 1083K
c [g 0] -> of which prop        : 32.38 %
c [g 0] -> of which confl       :  1.62 %
c [g 0] elim called             : 164K
c [g 0] ---> which lead to prop : 129.20 %
c [g 0] ---> which lead to confl:  6.05 %
c [g 0] size: 44    x 92   
c [scc] new: 0 BP 0M T: 0.00
c [vrep] vars 0 lits 0 rem-bin-cls 0 rem-long-cls 0 BP 0M T: 0.00
c [intree] Set 0 vars hyper-added: 0 trans-irred: 0 trans-red: 0 T: 0.01 T-out: N T-r: -1.22%
c [find&init matx] performing matrix init
c [gauss] XOR-encoding clauses are not detached, so no need to reattach them.
c [xor-rem-unconnected] left with 210 xors from 210 non-empty xors T: 0.00
c [xor-together] xored together: 166 orig xors: 210 new xors: 44 T: 0.00
c [xor-rem-unconnected] left with 44 xors from 44 non-empty xors T: 0.00
c [xor-clean-equiv] removed equivalent xors: 0 left with: 44
c [matrix] unused xors from cleaning: 0
c [matrix] Good   matrix 0 44      x92     density:0.1966  xorlen avg: 18.09
c [matrix] Using 1 matrices recovered from 0 xors T: 0.00 T-out: N
c rst  geom svd  vs   1325  775 K 1941    17429  1773 6.52    6.11     4510  1607   47K   164 23.83   23.76  
c [distill] watch-based irred--  cl tried 18149    cl-sh 0     cl-rem 0    lit-rem 0      T: 0.04 T-out: Y
c [distill] watch-based red  --  cl tried 9020     cl-sh 2     cl-rem 0    lit-rem 2      T: 0.02 T-out: N
c rst  geom svd  vs   1326  779 K 1941    17429  1773 6.52    6.11     4510  1614   51K   164 23.62   23.56  
c rst  geom svd  vs   1327  783 K 1941    17429  1773 6.52    6.11     4529  1511   40K   164 22.63   22.55  
c [distill-bin] useful: 0/1773/1773 lits-rem: 0 cl-rem: 0 0-depth-assigns: 0 T: 0.01 T-out: N
c rst  geom best vs   1328  787 K 1941    17429  1773 6.52    6.11     4529  1543   45K   164 22.60   22.53  
c [distill-long-red0] cls tried: 20/20 T: 0.00 T-out: N T-r: 99.94%
c [distill-long-red1] cls tried: 84/979 T: 0.01 T-out: Y T-r: -1.54%
c [full-probe]  bin_only: 0 set: 0 repl: 0 T: 0.01 T-out: N T-r: 98.55%
c rst  geom best vs   1329  792 K 1941    17429  1773 6.52    6.11     4577  1355   50K   164 22.71   22.65  
c rst  geom best vs   1330  798 K 1941    17429  1773 6.52    6.11     4588  1453   40K   164 21.68   21.61  
c rst  geom stb  vs   1331  803 K 1941    17429  1773 6.52    6.11     4625  1273   46K   164 22.17   22.11  
c [distill-long-red0] cls tried: 89/89 T: 0.01 T-out: N T-r: 99.75%
c [distill-long-red1] cls tried: 78/791 T: 0.01 T-out: Y T-r: -1.48%
c [distill-bin] useful: 0/1773/1773 lits-rem: 0 cl-rem: 0 0-depth-assigns: 0 T: 0.01 T-out: N
c [distill] watch-based irred--  cl tried 20344    cl-sh 0     cl-rem 0    lit-rem 0      T: 0.04 T-out: Y
c [distill] watch-based red  --  cl tried 9250     cl-sh 1     cl-rem 0    lit-rem 1      T: 0.02 T-out: N
c rst  geom stb  vs   1332  810 K 1941    17429  1773 6.52    6.11     4640  1151   38K   164 21.58   21.51  
c [full-probe]  bin_only: 1 set: 0 repl: 0 T: 0.01 T-out: N T-r: 99.74%
c [ccnr] tries: 0 steps: 262143 best found: 2
c [ccnr] saving best assignment phase to stable_polar
c [ccnr] bumping based on var unsat frequency: conflict_ct
c [ccnr] Bumped vars: 1941 bump type: 6
c [ccnr] time: 0.26
c rst  geom stb  vs   1333  817 K 1941    17429  1773 6.52    6.11     4640  1184   45K   164 23.09   23.02  
c rst  geom ibes vs   1334  825 K 1941    17429  1773 6.52    6.11     4697  1144   34K   164 23.13   23.05  
c [branch] adjusting to: vmtf (from: vsid) var_decay:0.95 descr: VMTF
c [distill-long-red0] cls tried: 56/56 T: 0.00 T-out: N T-r: 99.91%
c [distill-long-red1] cls tried: 114/701 T: 0.01 T-out: Y T-r: -0.73%
c [distill-bin] useful: 0/1773/1773 lits-rem: 0 cl-rem: 0 0-depth-assigns: 0 T: 0.01 T-out: N
c rst  luby ibes vmt  1335  825 K 1941    17429  1773 6.52    6.11     4702  1167   35K   164 23.11   23.03  
c rst  luby ibes vmt  1336  825 K 1941    17429  1773 6.52    6.11     4702  1167   35K   164 23.14   23.05  
c rst  luby ibes vmt  1337  825 K 1941    17429  1773 6.52    6.11     4702  1169   35K   164 23.15   23.07  
c rst  luby ibes vmt  1338  825 K 1941    17429  1773 6.52    6.11     4702  1169   35K   164 23.16   23.08  
c rst  luby ibes vmt  1339  825 K 1941    17429  1773 6.52    6.11     4702  1169   35K   164 23.17   23.09  
c rst  luby ibes vmt  1340  825 K 1941    17429  1773 6.52    6.11     4702  1173   35K   164 23.18   23.09  
c rst  luby ibes vmt  1341  826 K 1941    17429  1773 6.52    6.11     4703  1195   36K   164 23.21   23.13  
c rst  luby ibes vmt  1342  826 K 1941    17429  1773 6.52    6.11     4703  1196   36K   164 23.22   23.14  
c rst  luby ibes vmt  1343  826 K 1941    17429  1773 6.52    6.11     4703  1196   36K   164 23.23   23.15  
c rst  luby ibes vmt  1344  826 K 1941    17429  1773 6.52    6.11     4703  1196   36K   164 23.25   23.17  
c rst  luby ibes vmt  1345  826 K 1941    17429  1773 6.52    6.11     4703  1196   36K   164 23.27   23.19  
c rst  luby ibes vmt  1346  826 K 1941    17429  1773 6.52    6.11     4703  1197   36K   164 23.27   23.19  
c rst  luby ibes vmt  1347  827 K 1941    17429  1773 6.52    6.11     4704  1204   36K   164 23.28   23.20  
c rst  luby ibes vmt  1348  827 K 1941    17429  1773 6.52    6.11     4704  1204   37K   164 23.33   23.25  
c rst  luby ibes vmt  1349  828 K 1941    17429  1773 6.52    6.11     4704  1218   38K   164 23.52   23.44  
c rst  luby ibes vmt  1350  828 K 1941    17429  1773 6.52    6.11     4704  1218   38K   164 23.52   23.44  
c rst  luby ibes vmt  1351  828 K 1941    17429  1773 6.52    6.11     4704  1220   38K   164 23.55   23.47  
c rst  luby ibes vmt  1352  828 K 1941    17429  1773 6.52    6.11     4704  1220   38K   164 23.57   23.49  
c rst  luby ibes vmt  1353  828 K 1941    17429  1773 6.52    6.11     4704  1220   38K   164 23.57   23.49  
c rst  luby ibes vmt  1354  828 K 1941    17429  1773 6.52    6.11     4704  1221   38K   164 23.56   23.49  
c [distill] watch-based irred--  cl tried 20537    cl-sh 0     cl-rem 0    lit-rem 0      T: 0.04 T-out: Y
c [distill] watch-based red  --  cl tried 9408     cl-sh 5     cl-rem 0    lit-rem 5      T: 0.02 T-out: N
c rst  luby ibes vmt  1355  829 K 1941    17429  1773 6.52    6.11     4704  1223   38K   164 23.60   23.53  
c rst  luby ibes vmt  1356  829 K 1941    17429  1773 6.52    6.11     4707  1250   39K   164 23.61   23.54  
c rst  luby ibes vmt  1357  829 K 1941    17429  1773 6.52    6.11     4707  1250   39K   164 23.61   23.54  
c [impl-str] lit bin: 0 set-var: 0 T: 0.00 T-out: N T-r: 99.96% w-visit: 3882
c [impl-sub] bin: 0 T: 0.00 T-out: N w-visit: 3882
c rst  luby ibes vmt  1358  829 K 1941    17429  1773 6.52    6.11     4707  1251   39K   164 23.61   23.54  
c rst  luby ibes vmt  1359  829 K 1941    17429  1773 6.52    6.11     4707  1253   39K   164 23.65   23.57  
c rst  luby ibes vmt  1360  830 K 1941    17429  1773 6.52    6.11     4811  1094   39K   164 23.66   23.58  
c rst  luby ibes vmt  1361  830 K 1941    17429  1773 6.52    6.11     4811  1094   39K   164 23.66   23.59  
c rst  luby ibes vmt  1362  830 K 1941    17429  1773 6.52    6.11     4811  1094   40K   164 23.67   23.59  
c [full-probe]  bin_only: 0 set: 0 repl: 0 T: 0.01 T-out: N T-r: 98.45%
c rst  luby ibes vmt  1363  830 K 1941    17429  1773 6.52    6.11     4811  1098   40K   164 23.69   23.61  
c rst  luby svd  vmt  1364  831 K 1941    17429  1773 6.52    6.11     4811  1103   41K   164 23.77   23.69  
c rst  luby svd  vmt  1365  833 K 1941    17429  1773 6.52    6.11     4811  1109   42K   164 23.98   23.90  
c rst  luby svd  vmt  1366  833 K 1941    17429  1773 6.52    6.11     4811  1109   43K   164 23.99   23.92  
c rst  luby svd  vmt  1367  833 K 1941    17429  1773 6.52    6.11     4811  1112   43K   164 24.00   23.92  
c rst  luby svd  vmt  1368  833 K 1941    17429  1773 6.52    6.11     4811  1117   43K   164 24.01   23.94  
c rst  luby svd  vmt  1369  833 K 1941    17429  1773 6.52    6.11     4812  1119   43K   164 24.03   23.96  
c rst  luby svd  vmt  1370  833 K 1941    17429  1773 6.52    6.11     4812  1119   43K   164 24.05   23.98  
c rst  luby svd  vmt  1371  834 K 1941    17429  1773 6.52    6.11     4812  1121   43K   164 24.09   24.02  
c rst  luby svd  vmt  1372  834 K 1941    17429  1773 6.52    6.11     4812  1122   44K   164 24.15   24.08  
c rst  luby svd  vmt  1373  834 K 1941    17429  1773 6.52    6.11     4812  1124   44K   164 24.16   24.09  
c rst  luby svd  vmt  1374  834 K 1941    17429  1773 6.52    6.11     4812  1125   44K   164 24.18   24.11  
c rst  luby svd  vmt  1375  834 K 1941    17429  1773 6.52    6.11     4812  1125   44K   164 24.21   24.13  
c rst  luby svd  vmt  1376  834 K 1941    17429  1773 6.52    6.11     4812  1125   44K   164 24.23   24.16  
c rst  luby svd  vmt  1377  835 K 1941    17429  1773 6.52    6.11     4812  1126   44K   164 24.26   24.19  
c rst  luby svd  vmt  1378  835 K 1941    17429  1773 6.52    6.11     4813  1126   44K   164 24.29   24.22  
c rst  luby svd  vmt  1379  835 K 1941    17429  1773 6.52    6.11     4813  1132   45K   164 24.35   24.28  
c rst  luby svd  vmt  1380  836 K 1941    17429  1773 6.52    6.11     4813  1133   46K   164 24.48   24.41  
c rst  luby svd  vmt  1381  836 K 1941    17429  1773 6.52    6.11     4813  1135   46K   164 24.50   24.43  
c rst  luby svd  vmt  1382  836 K 1941    17429  1773 6.52    6.11     4813  1135   46K   164 24.52   24.45  
c rst  luby svd  vmt  1383  836 K 1941    17429  1773 6.52    6.11     4813  1138   46K   164 24.54   24.47  
c rst  luby svd  vmt  1384  836 K 1941    17429  1773 6.52    6.11     4813  1139   46K   164 24.55   24.48  
c rst  luby svd  vmt  1385  837 K 1941    17429  1773 6.52    6.11     4813  1141   46K   164 24.57   24.50  
c rst  luby svd  vmt  1386  837 K 1941    17429  1773 6.52    6.11     4813  1141   46K   164 24.59   24.52  
c rst  luby svd  vmt  1387  837 K 1941    17429  1773 6.52    6.11     4813  1144   47K   164 24.64   24.57  
c [gauss] XOR-encoding clauses are not detached, so no need to reattach them.
c [g 0] truth-find prop checks  : 1102K
c [g 0] -> of which prop        : 33.40 %
c [g 0] -> of which confl       :  1.64 %
c [g 0] elim called             : 171K
c [g 0] ---> which lead to prop : 130.88 %
c [g 0] ---> which lead to confl:  5.66 %
c [g 0] size: 44    x 92   
c [scc] new: 0 BP 0M T: 0.00
c [vrep] vars 0 lits 0 rem-bin-cls 0 rem-long-cls 0 BP 0M T: 0.00
c [intree] Set 0 vars hyper-added: 0 trans-irred: 0 trans-red: 0 T: 0.01 T-out: N T-r: -0.87%
c [find&init matx] performing matrix init
c [gauss] XOR-encoding clauses are not detached, so no need to reattach them.
c [xor-rem-unconnected] left with 210 xors from 210 non-empty xors T: 0.00
c [xor-together] xored together: 166 orig xors: 210 new xors: 44 T: 0.00
c [xor-rem-unconnected] left with 44 xors from 44 non-empty xors T: 0.00
c [xor-clean-equiv] removed equivalent xors: 0 left with: 44
c [matrix] unused xors from cleaning: 0
c [matrix] Good   matrix 0 44      x92     density:0.1966  xorlen avg: 18.09
c [matrix] Using 1 matrices recovered from 0 xors T: 0.00 T-out: N
c rst  luby svd  vmt  1388  837 K 1941    17429  1773 6.52    6.11     4813  1146   47K   164 24.65   24.58  
c rst  luby svd  vmt  1389  837 K 1941    17429  1773 6.52    6.11     4813  1146   47K   164 24.67   24.60  
c rst  luby svd  vmt  1390  838 K 1941    17429  1773 6.52    6.11     4813  1146   47K   164 24.69   24.62  
c rst  luby svd  vmt  1391  838 K 1941    17429  1773 6.52    6.11     4813  1148   47K   164 24.71   24.64  
c rst  luby svd  vmt  1392  838 K 1941    17429  1773 6.52    6.11     4813  1151   47K   164 24.72   24.65  
c rst  luby svd  vmt  1393  838 K 1941    17429  1773 6.52    6.11     4813  1151   48K   164 24.76   24.69  
c rst  luby svd  vmt  1394  838 K 1941    17429  1773 6.52    6.11     4813  1153   48K   164 24.79   24.72  
c rst  luby svd  vmt  1395  839 K 1941    17429  1773 6.52    6.11     4814  1159   49K   164 24.92   24.85  
c rst  luby svd  vmt  1396  841 K 1941    17429  1773 6.52    6.11     4893  1206   35K   164 25.24   25.14  
c [distill-long-red0] cls tried: 183/183 T: 0.02 T-out: N T-r: 99.64%
c [distill-long-red1] cls tried: 96/738 T: 0.01 T-out: Y T-r: -1.51%
c rst  luby svd  vmt  1397  844 K 1941    17429  1773 6.52    6.11     4893  1223   38K   164 25.68   25.59  
c rst  geom best vmt  1398  844 K 1941    17429  1773 6.52    6.11     4893  1228   38K   164 25.68   25.59  
c rst  geom best vmt  1399  844 K 1941    17429  1773 6.52    6.11     4893  1232   38K   164 25.67   25.58  
c rst  geom best vmt  1400  844 K 1941    17429  1773 6.52    6.11     4893  1232   38K   164 25.66   25.58  
c rst  geom best vmt  1401  844 K 1941    17429  1773 6.52    6.11     4893  1235   38K   164 25.67   25.58  
c rst  geom best vmt  1402  845 K 1941    17429  1773 6.52    6.11     4893  1241   38K   164 25.67   25.58  
c rst  geom best vmt  1403  845 K 1941    17429  1773 6.52    6.11     4893  1242   39K   164 25.68   25.59  
c [distill-bin] useful: 0/1773/1773 lits-rem: 0 cl-rem: 0 0-depth-assigns: 0 T: 0.01 T-out: N
c rst  geom best vmt  1404  845 K 1941    17429  1773 6.52    6.11     4893  1242   39K   164 25.68   25.60  
c rst  geom best vmt  1405  845 K 1941    17429  1773 6.52    6.11     4893  1243   39K   164 25.70   25.61  
c rst  geom best vmt  1406  845 K 1941    17429  1773 6.52    6.11     4893  1247   39K   164 25.72   25.64  
c rst  geom best vmt  1407  846 K 1941    17429  1773 6.52    6.11     4894  1253   39K   164 25.75   25.66  
c rst  geom best vmt  1408  846 K 1941    17429  1773 6.52    6.11     4894  1259   40K   164 25.75   25.67  
c rst  geom best vmt  1409  846 K 1941    17429  1773 6.52    6.11     4894  1260   40K   164 25.77   25.68  
c rst  geom best vmt  1410  847 K 1941    17429  1773 6.52    6.11     4894  1261   40K   164 25.79   25.70  
c rst  geom best vmt  1411  847 K 1941    17429  1773 6.52    6.11     4894  1262   41K   164 25.79   25.71  
c rst  geom best vmt  1412  847 K 1941    17429  1773 6.52    6.11     4894  1271   41K   164 25.78   25.70  
c rst  geom best vmt  1413  848 K 1941    17429  1773 6.52    6.11     4895  1277   42K   164 25.84   25.75  
c rst  geom best vmt  1414  848 K 1941    17429  1773 6.52    6.11     4895  1279   42K   164 25.83   25.75  
c rst  geom best vmt  1415  849 K 1941    17429  1773 6.52    6.11     4895  1280   43K   164 25.83   25.75  
c rst  geom best vmt  1416  850 K 1941    17429  1773 6.52    6.11     4896  1293   43K   164 25.88   25.80  
c rst  geom best vmt  1417  850 K 1941    17429  1773 6.52    6.11     4983  1166   44K   164 25.85   25.77  
c [full-probe]  bin_only: 1 set: 0 repl: 0 T: 0.01 T-out: N T-r: 99.87%
c rst  geom best vmt  1418  851 K 1941    17429  1773 6.52    6.11     4988  1238   45K   164 25.90   25.82  
c rst  geom best vmt  1419  852 K 1941    17429  1773 6.52    6.11     4988  1239   45K   164 25.96   25.89  
c rst  geom best vmt  1420  853 K 1941    17429  1773 6.52    6.11     4988  1252   46K   164 25.97   25.89  
c rst  geom best vmt  1421  854 K 1941    17429  1773 6.52    6.11     4988  1270   47K   164 25.94   25.87  
c [distill] watch-based irred--  cl tried 20046    cl-sh 0     cl-rem 0    lit-rem 0      T: 0.04 T-out: Y
c [distill] watch-based red  --  cl tried 9976     cl-sh 3     cl-rem 0    lit-rem 3      T: 0.02 T-out: N
c rst  geom best vmt  1422  855 K 1941    17429  1773 6.52    6.11     5007  1553   34K   164 25.30   25.21  
c [ccnr] tries: 0 steps: 262143 best found: 2
c [ccnr] saving best assignment phase to stable_polar
c [ccnr] bumping based on clause weights
c [ccnr] Bumped vars: 104 bump type: 6
c [ccnr] time: 0.27
c rst  geom best vmt  1423  856 K 1941    17429  1773 6.52    6.11     5007  1556   35K   164 25.58   25.49  
c rst  geom best vmt  1424  857 K 1941    17429  1773 6.52    6.11     5007  1569   36K   164 25.57   25.48  
c [distill-long-red0] cls tried: 101/101 T: 0.01 T-out: N T-r: 99.76%
c [distill-long-red1] cls tried: 97/1049 T: 0.02 T-out: Y T-r: -1.43%
c rst  geom best vmt  1425  858 K 1941    17429  1773 6.52    6.11     5007  1581   38K   164 25.55   25.46  
c rst  geom stb  vmt  1426  860 K 1941    17429  1773 6.52    6.11     5109  1456   39K   164 25.85   25.77  
c rst  geom stb  vmt  1427  862 K 1941    17429  1773 6.52    6.11     5109  1464   41K   164 26.05   25.96  
c rst  geom stb  vmt  1428  864 K 1941    17429  1773 6.52    6.11     5109  1475   43K   164 26.18   26.10  
c rst  geom stb  vmt  1429  866 K 1941    17429  1773 6.52    6.11     5109  1498   45K   164 26.51   26.43  
c [distill-bin] useful: 0/1773/1773 lits-rem: 0 cl-rem: 0 0-depth-assigns: 0 T: 0.01 T-out: N
c rst  geom stb  vmt  1430  868 K 1941    17429  1773 6.52    6.11     5109  1509   47K   164 26.61   26.54  
c rst  geom stb  vmt  1431  870 K 1941    17429  1773 6.52    6.11     5158  1654   34K   164 26.26   26.16  
c [full-probe]  bin_only: 0 set: 0 repl: 0 T: 0.01 T-out: N T-r: 98.06%
c rst  geom stb  vmt  1432  873 K 1941    17429  1773 6.52    6.11     5158  1663   37K   164 26.42   26.33  
c [distill-long-red0] cls tried: 138/138 T: 0.02 T-out: N T-r: 99.64%
c [distill-long-red1] cls tried: 90/1082 T: 0.01 T-out: Y T-r: -1.98%
c rst  geom ibes vmt  1433  876 K 1941    17429  1773 6.52    6.11     5160  1762   39K   164 26.34   26.26  
c rst  geom ibes vmt  1434  879 K 1941    17429  1773 6.52    6.11     5161  1776   43K   164 26.62   26.54  
c [distill] watch-based irred--  cl tried 19306    cl-sh 0     cl-rem 0    lit-rem 0      T: 0.04 T-out: Y
c [distill] watch-based red  --  cl tried 10322    cl-sh 1     cl-rem 0    lit-rem 1      T: 0.02 T-out: N
c rst  geom ibes vmt  1435  883 K 1941    17429  1773 6.52    6.11     5244  1675   46K   164 26.67   26.60  
c rst  geom ibes vmt  1436  887 K 1941    17429  1773 6.52    6.11     5260  2050   37K   164 25.66   25.57  
c [distill-bin] useful: 0/1773/1773 lits-rem: 0 cl-rem: 0 0-depth-assigns: 0 T: 0.01 T-out: N
c rst  geom svd  vmt  1437  891 K 1941    17429  1773 6.52    6.11     5326  1974   42K   164 25.78   25.70  
c [distill-long-red0] cls tried: 156/156 T: 0.02 T-out: N T-r: 99.55%
c [distill-long-red1] cls tried: 87/1344 T: 0.01 T-out: Y T-r: -2.30%
c [full-probe]  bin_only: 1 set: 0 repl: 0 T: 0.01 T-out: N T-r: 99.81%
c [impl-str] lit bin: 0 set-var: 0 T: 0.00 T-out: N T-r: 99.96% w-visit: 3882
c [impl-sub] bin: 0 T: 0.00 T-out: N w-visit: 3882
c rst  geom svd  vmt  1438  896 K 1941    17429  1773 6.52    6.11     5326  2005   46K   164 26.43   26.35  
c rst  geom svd  vmt  1439  901 K 1941    17429  1773 6.52    6.11     5377  2129   35K   164 25.64   25.55  
c [ccnr] tries: 0 steps: 262143 best found: 2
c [ccnr] saving best assignment phase to stable_polar
c [ccnr] bumping based on var unsat frequency: conflict_ct
c [ccnr] Bumped vars: 1941 bump type: 6
c [ccnr] time: 0.26
c rst  geom best vmt  1440  907 K 1941    17429  1773 6.52    6.11     5390  2291   41K   164 26.54   26.46  
c [branch] adjusting to: vsid (from: vmtf) var_decay:0.95 descr: VSIDS
c [distill-long-red0] cls tried: 61/61 T: 0.01 T-out: N T-r: 99.84%
c [distill-long-red1] cls tried: 90/1626 T: 0.02 T-out: Y T-r: -0.39%
c [distill-bin] useful: 0/1773/1773 lits-rem: 0 cl-rem: 0 0-depth-assigns: 0 T: 0.01 T-out: N
c [distill] watch-based irred--  cl tried 18980    cl-sh 0     cl-rem 0    lit-rem 0      T: 0.04 T-out: Y
c [distill] watch-based red  --  cl tried 10780    cl-sh 0     cl-rem 0    lit-rem 0      T: 0.02 T-out: N
c [gauss] XOR-encoding clauses are not detached, so no need to reattach them.
c [g 0] truth-find prop checks  : 1167K
c [g 0] -> of which prop        : 38.33 %
c [g 0] -> of which confl       :  1.60 %
c [g 0] elim called             : 141K
c [g 0] ---> which lead to prop : 153.88 %
c [g 0] ---> which lead to confl:  6.00 %
c [g 0] size: 44    x 92   
c [scc] new: 0 BP 0M T: 0.00
c [vrep] vars 0 lits 0 rem-bin-cls 0 rem-long-cls 0 BP 0M T: 0.00
c [intree] Set 0 vars hyper-added: 0 trans-irred: 0 trans-red: 0 T: 0.01 T-out: N T-r: -1.55%
c [find&init matx] performing matrix init
c [gauss] XOR-encoding clauses are not detached, so no need to reattach them.
c [xor-rem-unconnected] left with 210 xors from 210 non-empty xors T: 0.00
c [xor-together] xored together: 166 orig xors: 210 new xors: 44 T: 0.00
c [xor-rem-unconnected] left with 44 xors from 44 non-empty xors T: 0.00
c [xor-clean-equiv] removed equivalent xors: 0 left with: 44
c [matrix] unused xors from cleaning: 0
c [matrix] Good   matrix 0 44      x92     density:0.1966  xorlen avg: 18.09
c [matrix] Using 1 matrices recovered from 0 xors T: 0.00 T-out: N
c rst  geom best vs   1441  907 K 1941    17429  1773 6.52    6.11     5390  2291   41K   164 26.52   26.44  
c rst  geom best vs   1442  908 K 1941    17429  1773 6.52    6.11     5390  2291   41K   164 26.51   26.43  
c rst  geom best vs   1443  908 K 1941    17429  1773 6.52    6.11     5390  2292   41K   164 26.51   26.42  
c rst  geom best vs   1444  908 K 1941    17429  1773 6.52    6.11     5390  2295   42K   164 26.49   26.41  
c rst  geom best vs   1445  908 K 1941    17429  1773 6.52    6.11     5390  2296   42K   164 26.47   26.39  
c rst  geom best vs   1446  908 K 1941    17429  1773 6.52    6.11     5390  2298   42K   164 26.46   26.38  
c rst  geom best vs   1447  908 K 1941    17429  1773 6.52    6.11     5390  2301   42K   164 26.44   26.36  
c rst  geom best vs   1448  909 K 1941    17429  1773 6.52    6.11     5390  2304   42K   164 26.42   26.34  
c rst  geom best vs   1449  909 K 1941    17429  1773 6.52    6.11     5390  2306   42K   164 26.39   26.31  
c rst  geom best vs   1450  909 K 1941    17429  1773 6.52    6.11     5390  2307   43K   164 26.37   26.29  
c rst  geom best vs   1451  909 K 1941    17429  1773 6.52    6.11     5390  2308   43K   164 26.34   26.26  
c rst  geom best vs   1452  910 K 1941    17429  1773 6.52    6.11     5562  2061   43K   164 26.31   26.24  
c rst  geom best vs   1453  910 K 1941    17429  1773 6.52    6.11     5562  2061   44K   164 26.31   26.23  
c rst  geom best vs   1454  910 K 1941    17429  1773 6.52    6.11     5562  2063   44K   164 26.27   26.20  
c rst  geom best vs   1455  911 K 1941    17429  1773 6.52    6.11     5562  2063   45K   164 26.25   26.17  
c rst  geom best vs   1456  911 K 1941    17429  1773 6.52    6.11     5562  2066   45K   164 26.20   26.13  
c rst  geom best vs   1457  912 K 1941    17429  1773 6.52    6.11     5562  2070   45K   164 26.18   26.10  
c [full-probe]  bin_only: 0 set: 0 repl: 0 T: 0.01 T-out: N T-r: 97.91%
c rst  geom best vs   1458  912 K 1941    17429  1773 6.52    6.11     5562  2070   46K   164 26.15   26.08  
c rst  geom best vs   1459  913 K 1941    17429  1773 6.52    6.11     5563  2070   47K   164 26.11   26.03  
c rst  geom best vs   1460  914 K 1941    17429  1773 6.52    6.11     5563  2072   47K   164 26.06   25.99  
c rst  geom best vs   1461  914 K 1941    17429  1773 6.52    6.11     5564  2079   47K   164 26.05   25.98  
c recursive minimization cost OK: 1363Kcost/(% lits removed)
c [gauss] XOR-encoding clauses are not detached, so no need to reattach them.
c [g 0] truth-find prop checks  : 120K
c [g 0] -> of which prop        : 22.80 %
c [g 0] -> of which confl       :  1.55 %
c [g 0] elim called             : 30K
c [g 0] ---> which lead to prop : 84.42 %
c [g 0] ---> which lead to confl:  4.10 %
c [g 0] size: 44    x 92   
c --> Executing strategy token: scc-vrepl
c [scc] new: 0 BP 0M T: 0.00
c --> Executing strategy token: sub-impl
c [impl-sub] bin: 0 T: 0.00 T-out: N w-visit: 3882
c --> Executing strategy token: breakid
c --> Executing OCC strategy token(s): 'occ-backw-sub-str,occ-clean-implicit,occ-bve,occ-bva,occ-ternary-res,occ-xor,'
c [occ] mem usage for occur 1      MB
c [occ] Linked in IRRED BIN by default: 1773
c [occ] Linked in RED   BIN by default: 164
c [occ] mem usage for occur 0      MB
c Mem for watch alloc      : 13          MB (28.91     %)
c Mem for watch array      : 0           MB (0.20      %)
c --> Executing OCC strategy token: occ-backw-sub-str
c [occ-backw-sub-str-long-w-bins] subs: 0 str: 4 tried: 52631 0-depth ass: 0 T: 0.00 T-out: N T-r: 99.62%
c [occ-backw-sub-long-w-long] rem cl: 157 tried: 72943/72943 (100.0%) T: 0.02 T-out: N T-r: 94.87%
c [occ-backw-sub-str-long-w-long] sub: 7 str: 107 tried: 218829/72943 (300.0)  T: 0.09 T-out: N T-r: 87.43%
c --> Executing OCC strategy token: occ-clean-implicit
c --> Executing OCC strategy token: occ-bve
c [occ-empty-res] Empty resolvent elimed: 0 T: 0.00 T-out: N
c [occ-bve] turning off picosat-based irreg gate detection, added lits:  338K
c [occ-bve] iter v-elim 0
c cl_inc_rate=1.0, var_dec_rate=1.0 (grow=0)
c Reduced to 1941 vars, 19202 cls (grow=0)
c [occ-bve] iter v-elim 0
c cl_inc_rate=1.0, var_dec_rate=1.0 (grow=8)
c Reduced to 1941 vars, 19202 cls (grow=8)
c [occ-bve] iter v-elim 0
c cl_inc_rate=1.0, var_dec_rate=1.0 (grow=16)
c Reduced to 1941 vars, 19202 cls (grow=16)
c x n vars       : 1941
c #try to eliminate:  5823
c #var-elim        :     0
c #T-o: N
c #T-r: 99.99%
c #T  : 1.01
c [occur] 0.04 is overhead
c [occur] link-in T: 0.04 cleanup T: 0.00
c --> Executing OCC strategy token: occ-bva
c --> Executing OCC strategy token: occ-ternary-res
c [occ-ternary-res] Ternary res-tri: 0 res-bin: 0 sub: 0 str: 0 T: 0.00 T-out: N T-r: 99.85%
c --> Executing OCC strategy token: occ-xor
c [occ-xor] sort occur list T: 0.00
c [xor-clean-equiv] removed equivalent xors: 0 left with: 203
c [occ-xor] found    203 avg sz 5.4 min sz  4 max sz  6 T: 0.01 T-out: N T-r: 99.97%
c --> Executing strategy token: card-find
c --> Executing strategy token: cl-consolidate
c Not consolidating memory.
c --> Executing strategy token: scc-vrepl
c [scc] new: 0 BP 0M T: 0.00
c --> Executing strategy token: renumber
c --> Executing strategy token: bosphorus
c --> Executing strategy token: louvain-comms
c [consolidate] mini T: 0.00
c global_timeout_multiplier: 5.3147
c [branch] rebuilding order heap for all branchings. Current branching: vsid
c [find&init matx] performing matrix init
c [gauss] XOR-encoding clauses are not detached, so no need to reattach them.
c [xor-rem-unconnected] left with 203 xors from 203 non-empty xors T: 0.00
c [xor-together] xored together: 156 orig xors: 203 new xors: 47 T: 0.00
c [xor-rem-unconnected] left with 47 xors from 47 non-empty xors T: 0.00
c [xor-clean-equiv] removed equivalent xors: 0 left with: 47
c [matrix] unused xors from cleaning: 0
c [matrix] Good   matrix  0     47 x   98  density:0.1689  xorlen avg: 16.55
c [matrix] Using 1 matrices recovered from 0 xors T: 0.00 T-out: N
c rst  geom best   vs  1462  914K    1941 17429  1773    6.52    6.11  5461  2326   48K   164   26.07   26.00
c rst  geom best   vs  1463  915K    1941 17429  1773    6.52    6.11  5463  2358   35K   164   25.22   25.13
c rst  geom best   vs  1464  916K    1941 17429  1773    6.52    6.11  5463  2359   36K   164   25.20   25.12
c rst  geom  stb   vs  1465  917K    1941 17429  1773    6.52    6.11  5463  2362   37K   164   25.40   25.32
c ------- FINAL TOTAL SEARCH STATS ---------
c UIP search time          : 66.24       (90.93     % time)
c All times are for this thread only except if explicitly specified
c restarts                 : 1465        (626.13    confls per restart)
c blocked restarts         : 0           (0.00      per normal restart)
c time                     : 66.24       
c decisions                : 1081904     (0.00      % random)
c propagations             : 19690K      (297K      props/s)
c decisions/conflicts      : 1.18        
c conflicts                : 917281      
c LEARNT stats
c units learnt             : 0           (0.00      % of conflicts)
c bins learnt              : 8           (0.00      % of conflicts)
c long learnt              : 917280      (100.00    % of conflicts)
c red which0               : 427         (0.05      % of confl)
c SEAMLESS HYPERBIN&TRANS-RED stats
c advProp called           : 0           
c hyper-bin add bin        : 0           (0.00      bin/call)
c trans-red rem irred bin  : 0           (0.00      bin/call)
c trans-red rem red bin    : 0           (0.00      bin/call)
c CONFL LITS stats
c orig                     : 36397908    (39.68     lit/confl)
c recurs-min effective     : 851765      (92.86     % attempt successful)
c recurs-min lits          : 11545296    (31.72     % less overall)
c permDiff call%           : 0.66        (0.00      % attempt successful)
c permDiff lits-rem        : 0           (0.00      less lits/cl on attempts)
c further-min call%        : 0.00        (0.00      % attempt successful)
c bintri-min lits          : 0           (0.00      % less overall)
c final avg                : 27.09       
c all-threads sum CPU time : 66.24        s
c PROP stats
c Mbogo-props              : 115.57      (1.74      / sec)
c MHyper-props             : 0.22        (0.00      / sec)
c Mprops                   : 19.69       (0.30      / sec)
c -------- OccSimplifier STATS ----------
c time                     : 1.74        (0.00      % var-elim)
c called                   : 6           (0.29      s per call)
c 0-depth assigns          : 0           (0.00      % vars)
c -------- OccSimplifier STATS END ----------
c -------- SubsumeStrengthen STATS ----------
c cl-subs                  : 1024         Clauses
c cl-str rem lit           : 33756        Lits
c cl-sub T                 : 0.24         s
c cl-str T                 : 1.17         s
c -------- SubsumeStrengthen STATS END ----------
c ----- SCC STATS --------
c time                     : 0.01        (0.00      per call)
c called                   : 26          (0.00      new found per call)
c found                    : 0           (0.00      % of all found)
c bogoprops                : 938176      % of all found
c ----- SCC STATS END --------
c --------- VAR REPLACE STATS ----------
c time                     : 0.07        (0.01      per call)
c trees' crown             : 0           (0.00      % of vars)
c 0-depth assigns          : 0           (0.00      % vars)
c lits replaced            : 0           
c bin cls removed          : 0           
c long cls removed         : 0           
c long lits removed        : 0           
c bogoprops                : 2611923     
c --------- VAR REPLACE STATS END ----------
c vrep replace time        : 0.07        (0.10      % time)
c vrep tree roots          : 0           
c vrep trees' crown        : 0           (0.00      leafs/tree)
c -------- DISTILL-BIN STATS --------
c time                     : 0.48        (0.01      per call)
c timed out                : 0           (0.00      % of calls)
c distill/checked/potential: 0          /115690/115690
c lits-rem                 : 0           
c 0-depth-assigns          : 0           (0.00      % of vars)
c -------- DISTILL STATS END --------
c -------- STRENGTHEN STATS --------
c --> watch-based on irred cls
c time                     : 1.25        (0.02      s/call)
c shrinked/tried/total     : 174        /675459/1193262
c subsumed/tried/total     : 0          /675459/1193262
c lits-rem                 : 174         (0.00      % of lits tried)
c called                   : 70          (328077.14 % ran out of time)
c --> watch-based on red cls
c time                     : 0.31        (0.00      s/call)
c shrinked/tried/total     : 75         /168938/168938
c subsumed/tried/total     : 0          /168938/168938
c lits-rem                 : 77          (0.01      % of lits tried)
c called                   : 70          (0.00      % ran out of time)
c -------- STRENGTHEN STATS END --------
c -------- IMPLICIT SUB  STATS --------
c time                     : 0.03        (0.00      per call)
c timed out                : 0           (0.00      % of calls)
c rem bins                 : 5           
c -------- IMPLICIT SUB STATS END --------
c Mem used                 : 45          MB
c Mem for longclauses      : 9           MB (21.41     %)
c Mem for watch alloc      : 13          MB (29.58     %)
c Mem for watch array      : 0           MB (0.20      %)
c Mem for assings&vardata  : 0           MB (1.57      %)
c Mem for search&solve     : 0           MB (1.55      %)
c Mem for renumberer       : 0           MB (0.63      %)
c Mem for occsimplifier    : 2           MB (4.50      %)
c Mem for varReplacer&SCC  : 0           MB (0.83      %)
c Mem for impl subsume     : 0           MB (0.00      %)
c Mem for 3 distills       : 0           MB (0.00      %)
c Accounted for mem (rss)  : 60.27       %
c Accounted for mem (vm)   : 53.29       %
c restarts                 : 1465        (626.13    confls per restart)
c blocked restarts         : 0           (0.00      per normal restart)
c time                     : 66.24       
c decisions                : 1081904     (0.00      % random)
c propagations             : 19690K      (297K      props/s)
c decisions/conflicts      : 1.18        
c conflicts                : 917281      
c conf lits non-minim      : 36397908    (39.68     lit/confl)
c conf lits final          : 27.09       
c red which0               : 427         (0.05      % of confl)
c props/decision           : 0.00        
c props/conflict           : 0.00        
c 0-depth assigns          : 273         (14.06     % vars)
c 0-depth assigns by CNF   : 254         (13.09     % vars)
c reduceDB time            : 0.32        (0.44      % time)
c OccSimplifier time       : 1.74        (2.39      % time)
c [occur] 0.26 is overhead
c [occur] link-in T: 0.21 cleanup T: 0.05
c [occ-substr] long subBySub: 986 subByStr: 38 lits-rem-str: 33756 T: 1.41
c SCC time                 : 0.01        (0.01      % time)
c [scc] new: 0 BP 0M  T: 0.01
c vrep replace time        : 0.07        (0.10      % time)
c vrep tree roots          : 0           
c vrep trees' crown        : 0           (0.00      leafs/tree)
c distill long time        : 1.15        (1.57      % time)
c distill bin time         : 0.48        (0.66      % time)
c strength cache-irred time: 1.25        (1.71      % time)
c strength cache-red time  : 0.31        (0.42      % time)
c avg cls in red 0         : 2396.29     
c avg cls in red 1         : 987.61      
c avg cls in red 2         : 40634.75    
c Conflicts in UIP         : 917281      (12591.57  confl/time_this_thread)
c Max Memory (rss) used    : 46344 kB    
c Total time (this thread) : 72.85       
s SATISFIABLE
v -1 2 -3 -4 -5 -6 7 -8 -9 10 -11 -12 13 -14 -15 16 -17 -18 -19 20 -21 -22 -23 
v -24 -25 -26 -27 -28 -29 -30 -31 32 -33 -34 35 -36 37 -38 -39 -40 -41 -42 -43 
v -44 -45 -46 -47 48 -49 -50 -51 -52 -53 -54 -55 -56 -57 -58 -59 -60 -61 -62 
v -63 -64 65 -66 -67 -68 -69 -70 -71 -72 -73 -74 -75 76 -77 -78 -79 -80 -81 -82 
v 83 -84 -85 -86 87 -88 -89 -90 -91 -92 -93 -94 -95 -96 -97 -98 -99 -100 -101 
v -102 103 -104 -105 -106 -107 -108 -109 -110 -111 -112 -113 -114 -115 116 117 
v -118 -119 -120 -121 -122 -123 -124 125 -126 -127 -128 -129 -130 -131 -132 
v -133 -134 -135 -136 -137 -138 -139 -140 141 -142 -143 -144 -145 -146 -147 
v -148 -149 -150 -151 -152 -153 -154 -155 -156 -157 -158 159 160 -161 -162 163 
v -164 165 -166 -167 -168 169 -170 171 172 173 -174 -175 -176 -177 -178 -179 
v -180 -181 -182 183 -184 -185 -186 -187 -188 189 -190 -191 -192 -193 -194 195 
v -196 197 198 199 -200 -201 -202 -203 -204 -205 -206 -207 -208 209 -210 -211 
v -212 213 -214 -215 -216 -217 -218 -219 -220 221 -222 223 -224 -225 -226 -227 
v -228 229 230 -231 -232 233 -234 -235 -236 -237 -238 -239 -240 241 -242 -243 
v -244 -245 -246 -247 -248 249 -250 251 -252 -253 -254 -255 -256 -257 -258 -259 
v -260 -261 -262 -263 -264 -265 -266 267 -268 -269 -270 -271 -272 273 -274 -275 
v -276 -277 -278 279 -280 -281 -282 -283 -284 285 286 -287 -288 289 -290 -291 
v -292 -293 -294 -295 -296 297 -298 -299 -300 -301 -302 303 304 -305 -306 307 
v -308 -309 -310 -311 -312 -313 -314 315 -316 -317 -318 -319 -320 321 322 323 
v -324 -325 -326 -327 -328 -329 -330 -331 -332 -333 -334 335 336 -337 -338 339 
v -340 341 -342 -343 -344 -345 -346 347 348 -349 -350 351 -352 -353 -354 -355 
v -356 -357 -358 -359 -360 -361 -362 -363 -364 -365 -366 367 368 369 -370 -371 
v -372 -373 -374 375 376 -377 -378 379 -380 381 -382 -383 -384 -385 -386 387 
v 388 -389 -390 391 392 -393 -394 395 -396 -397 -398 -399 -400 -401 -402 403 
v -404 -405 -406 407 408 409 410 -411 -412 -413 -414 415 416 417 418 419 420 
v 421 -422 423 -424 -425 -426 -427 -428 -429 -430 -431 432 -433 -434 -435 436 
v -437 -438 -439 -440 -441 442 -443 -444 -445 446 -447 -448 -449 450 -451 452 
v 453 454 -455 456 457 458 -459 -460 -461 -462 -463 464 465 466 -467 -468 -469 
v -470 -471 472 -473 474 -475 -476 -477 -478 -479 -480 -481 -482 -483 -484 -485 
v -486 -487 -488 -489 490 -491 -492 -493 -494 -495 -496 -497 -498 -499 -500 
v -501 -502 -503 -504 -505 -506 -507 508 509 -510 -511 512 -513 514 -515 -516 
v -517 -518 -519 520 521 -522 -523 -524 -525 526 -527 -528 -529 -530 -531 532 
v -533 -534 -535 -536 -537 538 -539 -540 -541 -542 -543 544 545 546 547 -548 
v -549 -550 -551 -552 -553 -554 -555 -556 -557 558 -559 560 -561 562 563 -564 
v -565 566 -567 568 -569 570 -571 572 573 574 -575 576 577 578 579 580 -581 582 
v 583 584 585 -586 -587 588 -589 590 591 592 593 -594 -595 596 -597 -598 -599 
v 600 601 -602 -603 604 -605 -606 -607 -608 -609 -610 -611 -612 -613 -614 -615 
v 616 -617 -618 -619 -620 -621 622 -623 -624 -625 -626 -627 628 -629 -630 -631 
v -632 -633 634 635 636 -637 638 639 640 -641 -642 -643 -644 -645 646 647 648 
v -649 -650 -651 652 653 -654 -655 656 -657 658 -659 -660 -661 -662 -663 664 
v 665 -666 -667 -668 -669 670 671 672 673 674 675 -676 -677 -678 -679 -680 -681 
v -682 -683 684 685 -686 -687 688 -689 690 691 -692 -693 694 -695 696 697 698 
v -699 700 701 -702 -703 704 -705 706 -707 -708 -709 -710 -711 712 713 -714 
v -715 716 717 718 719 720 721 -722 -723 724 725 -726 -727 728 -729 730 -731 
v -732 -733 -734 -735 736 737 -738 -739 740 741 -742 -743 744 -745 -746 -747 
v -748 -749 -750 -751 752 -753 -754 -755 756 757 758 759 -760 -761 -762 -763 
v 764 765 766 767 768 769 770 771 772 773 774 -775 -776 -777 -778 -779 -780 
v -781 -782 -783 -784 785 -786 -787 -788 -789 -790 791 -792 -793 -794 795 -796 
v -797 -798 -799 -800 801 802 -803 -804 805 -806 807 -808 -809 -810 811 -812 
v 813 814 815 -816 817 -818 -819 -820 -821 -822 -823 -824 -825 -826 -827 -828 
v -829 -830 831 -832 833 -834 -835 -836 837 838 839 -840 841 -842 843 -844 845 
v -846 -847 -848 -849 -850 851 852 -853 -854 855 -856 857 858 859 -860 861 862 
v 863 864 865 -866 867 868 869 870 871 872 873 -874 875 876 877 878 879 880 881 
v -882 -883 -884 885 -886 887 888 889 890 891 -892 893 894 895 896 897 898 899 
v 900 901 902 903 -904 -905 -906 -907 -908 -909 -910 -911 -912 -913 -914 -915 
v -916 -917 -918 -919 -920 -921 -922 -923 -924 -925 -926 -927 -928 -929 -930 
v -931 -932 933 -934 -935 -936 -937 -938 939 -940 -941 -942 -943 -944 -945 -946 
v -947 -948 -949 -950 -951 -952 -953 -954 -955 -956 -957 -958 -959 -960 -961 
v -962 -963 -964 -965 -966 -967 -968 -969 -970 -971 -972 -973 -974 -975 -976 
v -977 -978 -979 -980 -981 -982 -983 -984 -985 -986 -987 -988 -989 -990 -991 
v -992 -993 -994 -995 -996 -997 -998 -999 -1000 1001 -1002 -1003 -1004 -1005 
v -1006 -1007 -1008 -1009 -1010 -1011 -1012 -1013 -1014 -1015 -1016 -1017 -1018 
v 1019 -1020 -1021 -1022 -1023 -1024 -1025 -1026 -1027 -1028 -1029 -1030 -1031 
v -1032 1033 -1034 1035 -1036 1037 -1038 1039 -1040 -1041 -1042 -1043 -1044 
v 1045 1046 -1047 -1048 1049 -1050 1051 -1052 1053 -1054 1055 -1056 -1057 -1058 
v -1059 -1060 1061 1062 -1063 -1064 1065 1066 1067 1068 1069 -1070 -1071 -1072 
v 1073 1074 1075 -1076 1077 1078 1079 -1080 -1081 -1082 -1083 -1084 1085 1086 
v 1087 -1088 1089 -1090 1091 -1092 1093 -1094 1095 -1096 -1097 -1098 -1099 
v -1100 1101 1102 -1103 -1104 1105 1106 1107 1108 1109 1110 -1111 -1112 1113 
v 1114 1115 1116 1117 1118 1119 1120 1121 1122 1123 -1124 1125 -1126 -1127 
v -1128 -1129 1130 -1131 -1132 -1133 1134 -1135 -1136 -1137 -1138 -1139 1140 
v -1141 1142 -1143 1144 1145 -1146 -1147 1148 -1149 1150 1151 -1152 -1153 1154 
v -1155 1156 -1157 -1158 -1159 -1160 -1161 1162 1163 -1164 1165 -1166 -1167 
v 1168 -1169 1170 -1171 1172 1173 -1174 -1175 1176 -1177 -1178 -1179 1180 -1181 
v 1182 -1183 -1184 -1185 -1186 -1187 1188 1189 -1190 -1191 1192 1193 1194 -1195 
v -1196 -1197 -1198 -1199 1200 1201 1202 -1203 -1204 -1205 1206 1207 1208 -1209 
v 1210 1211 1212 1213 1214 -1215 1216 1217 1218 1219 1220 1221 1222 -1223 1224 
v 1225 -1226 -1227 1228 -1229 1230 -1231 -1232 -1233 -1234 -1235 1236 1237 
v -1238 -1239 -1240 -1241 1242 1243 1244 1245 1246 1247 1248 -1249 1250 -1251 
v -1252 -1253 -1254 -1255 -1256 -1257 -1258 -1259 -1260 -1261 -1262 -1263 -1264 
v -1265 -1266 -1267 -1268 -1269 -1270 -1271 -1272 -1273 -1274 -1275 -1276 -1277 
v -1278 -1279 -1280 -1281 -1282 -1283 -1284 -1285 -1286 -1287 -1288 -1289 -1290 
v -1291 -1292 -1293 -1294 -1295 -1296 -1297 -1298 -1299 -1300 -1301 -1302 -1303 
v -1304 -1305 -1306 -1307 -1308 -1309 -1310 -1311 -1312 -1313 -1314 -1315 -1316 
v -1317 -1318 -1319 -1320 -1321 -1322 -1323 -1324 -1325 -1326 -1327 -1328 -1329 
v -1330 -1331 -1332 -1333 -1334 -1335 -1336 -1337 -1338 -1339 -1340 -1341 -1342 
v -1343 -1344 -1345 -1346 -1347 -1348 -1349 -1350 -1351 -1352 -1353 -1354 -1355 
v -1356 -1357 -1358 -1359 -1360 -1361 -1362 -1363 -1364 -1365 -1366 -1367 -1368 
v -1369 -1370 -1371 -1372 -1373 -1374 -1375 -1376 -1377 -1378 -1379 -1380 -1381 
v 1382 -1383 -1384 -1385 -1386 -1387 1388 -1389 -1390 -1391 -1392 -1393 1394 
v -1395 1396 -1397 1398 -1399 -1400 -1401 -1402 -1403 1404 -1405 -1406 -1407 
v -1408 -1409 1410 -1411 -1412 -1413 1414 1415 1416 -1417 1418 -1419 -1420 
v -1421 1422 -1423 1424 -1425 1426 -1427 1428 -1429 -1430 -1431 -1432 -1433 
v 1434 1435 -1436 -1437 1438 -1439 -1440 -1441 -1442 -1443 1444 -1445 -1446 
v -1447 -1448 -1449 1450 -1451 -1452 -1453 1454 1455 1456 1457 -1458 -1459 
v -1460 -1461 1462 1463 1464 1465 1466 1467 1468 -1469 1470 1471 -1472 -1473 
v -1474 -1475 -1476 -1477 -1478 -1479 -1480 -1481 -1482 -1483 -1484 -1485 -1486 
v -1487 -1488 -1489 -1490 -1491 -1492 -1493 -1494 -1495 -1496 -1497 -1498 -1499 
v -1500 -1501 -1502 -1503 -1504 -1505 -1506 -1507 -1508 -1509 -1510 -1511 -1512 
v -1513 -1514 -1515 -1516 -1517 -1518 -1519 -1520 -1521 -1522 -1523 -1524 -1525 
v -1526 -1527 -1528 1529 -1530 1531 1532 -1533 -1534 1535 -1536 1537 -1538 1539 
v -1540 1541 -1542 1543 -1544 -1545 -1546 -1547 -1548 1549 1550 -1551 -1552 
v -1553 -1554 1555 -1556 -1557 -1558 -1559 -1560 1561 -1562 1563 -1564 1565 
v -1566 1567 -1568 1569 -1570 -1571 -1572 1573 -1574 -1575 -1576 -1577 -1578 
v -1579 -1580 -1581 -1582 1583 -1584 -1585 -1586 1587 -1588 -1589 -1590 1591 
v 1592 -1593 -1594 1595 -1596 1597 -1598 1599 -1600 -1601 -1602 -1603 -1604 
v -1605 -1606 -1607 -1608 1609 -1610 -1611 -1612 -1613 -1614 -1615 -1616 1617 
v -1618 1619 -1620 -1621 -1622 1623 -1624 1625 1626 -1627 -1628 1629 -1630 1631 
v -1632 -1633 -1634 1635 -1636 1637 1638 1639 -1640 -1641 -1642 -1643 -1644 
v -1645 -1646 -1647 -1648 -1649 -1650 -1651 -1652 -1653 -1654 -1655 -1656 -1657 
v -1658 -1659 -1660 -1661 -1662 -1663 -1664 -1665 -1666 -1667 -1668 -1669 -1670 
v -1671 -1672 -1673 -1674 -1675 -1676 -1677 -1678 -1679 -1680 1681 -1682 -1683 
v -1684 1685 -1686 1687 -1688 -1689 -1690 -1691 -1692 1693 1694 -1695 -1696 
v -1697 -1698 1699 -1700 -1701 -1702 1703 -1704 1705 -1706 -1707 -1708 -1709 
v -1710 1711 1712 -1713 -1714 -1715 -1716 1717 1718 1719 1720 1721 -1722 -1723 
v -1724 -1725 -1726 -1727 -1728 -1729 -1730 1731 1732 -1733 -1734 1735 -1736 
v 1737 -1738 -1739 -1740 -1741 -1742 1743 1744 -1745 -1746 1747 1748 -1749 
v -1750 1751 -1752 -1753 -1754 -1755 -1756 -1757 -1758 1759 -1760 -1761 -1762 
v 1763 1764 1765 1766 -1767 -1768 -1769 -1770 1771 1772 1773 -1774 1775 1776 
v 1777 1778 -1779 -1780 1781 -1782 1783 1784 1785 1786 1787 -1788 -1789 -1790 
v -1791 -1792 1793 -1794 -1795 -1796 -1797 -1798 1799 -1800 -1801 -1802 1803 
v 1804 1805 1806 1807 -1808 1809 -1810 1811 1812 1813 1814 1815 1816 1817 1818 
v 1819 -1820 1821 -1822 -1823 -1824 1825 -1826 -1827 1828 -1829 -1830 -1831 
v 1832 -1833 -1834 -1835 -1836 -1837 -1838 -1839 -1840 -1841 -1842 -1843 -1844 
v -1845 -1846 -1847 1848 -1849 1850 -1851 1852 -1853 -1854 -1855 -1856 -1857 
v 1858 -1859 1860 -1861 1862 -1863 -1864 -1865 1866 -1867 -1868 -1869 1870 
v -1871 -1872 -1873 -1874 -1875 -1876 -1877 -1878 -1879 -1880 -1881 -1882 -1883 
v -1884 -1885 1886 -1887 1888 -1889 1890 -1891 1892 -1893 -1894 -1895 1896 
v -1897 1898 1899 1900 -1901 -1902 -1903 1904 1905 -1906 -1907 1908 -1909 1910 
v -1911 -1912 -1913 -1914 -1915 1916 1917 -1918 -1919 -1920 -1921 1922 1923 
v -1924 -1925 1926 -1927 1928 1929 -1930 -1931 1932 -1933 1934 1935 1936 -1937 
v -1938 -1939 1940 1941 1942 1943 1944 -1945 1946 -1947 -1948 -1949 -1950 -1951 
v -1952 -1953 -1954 -1955 1956 -1957 1958 -1959 -1960 -1961 -1962 -1963 -1964 
v -1965 -1966 -1967 -1968 -1969 -1970 -1971 -1972 -1973 1974 -1975 -1976 -1977 
v -1978 -1979 -1980 -1981 -1982 -1983 -1984 -1985 -1986 -1987 -1988 -1989 -1990 
v -1991 -1992 -1993 -1994 -1995 -1996 -1997 -1998 -1999 -2000 -2001 -2002 -2003 
v -2004 -2005 -2006 -2007 -2008 -2009 -2010 -2011 -2012 -2013 -2014 -2015 -2016 
v -2017 -2018 -2019 -2020 -2021 -2022 -2023 -2024 -2025 -2026 -2027 -2028 -2029 
v 2030 -2031 -2032 -2033 -2034 -2035 -2036 -2037 -2038 -2039 -2040 -2041 -2042 
v -2043 -2044 -2045 -2046 -2047 -2048 -2049 -2050 -2051 -2052 -2053 -2054 -2055 
v -2056 -2057 -2058 -2059 -2060 -2061 -2062 -2063 -2064 -2065 -2066 -2067 -2068 
v -2069 -2070 -2071 -2072 -2073 -2074 -2075 -2076 -2077 -2078 -2079 2080 2081 
v -2082 -2083 2084 -2085 2086 -2087 -2088 -2089 -2090 -2091 2092 2093 2094 
v -2095 2096 -2097 -2098 -2099 -2100 -2101 -2102 -2103 -2104 -2105 -2106 -2107 
v -2108 -2109 -2110 -2111 2112 2113 2114 -2115 2116 -2117 -2118 -2119 2120 
v -2121 -2122 -2123 -2124 -2125 2126 -2127 -2128 -2129 -2130 -2131 2132 -2133 
v -2134 -2135 2136 -2137 -2138 -2139 -2140 -2141 2142 -2143 -2144 -2145 -2146 
v -2147 2148 -2149 -2150 -2151 2152 2153 2154 -2155 2156 -2157 -2158 -2159 2160 
v 2161 2162 2163 2164 2165 2166 -2167 2168 -2169 2170 -2171 -2172 -2173 -2174 
v -2175 -2176 -2177 -2178 2179 -2180 2181 -2182 -2183 -2184 -2185 -2186 -2187 
v -2188 2189 -2190 2191 -2192 -2193 -2194 -2195 -2196 2197 2198 -2199 -2200 
v 2201 -2202 2203 -2204 -2205 -2206 2207 -2208 2209 2210 2211 -2212 -2213 -2214 
v 2215 -2216 -2217 -2218 2219 -2220 -2221 -2222 -2223 -2224 -2225 -2226 -2227 
v -2228 2229 -2230 -2231 -2232 -2233 -2234 2235 2236 -2237 -2238 2239 -2240 
v 2241 -2242 -2243 -2244 -2245 -2246 2247 2248 -2249 -2250 -2251 -2252 2253 
v 2254 2255 -2256 2257 2258 2259 2260 -2261 -2262 2263 -2264 2265 2266 2267 
v 2268 -2269 -2270 2271 2272 -2273 -2274 2275 -2276 2277 -2278 -2279 -2280 
v -2281 -2282 2283 2284 -2285 -2286 -2287 -2288 2289 2290 2291 2292 2293 2294 
v 2295 -2296 2297 -2298 -2299 -2300 -2301 -2302 -2303 -2304 -2305 -2306 -2307 
v -2308 -2309 -2310 -2311 -2312 2313 -2314 -2315 -2316 2317 -2318 -2319 -2320 
v -2321 -2322 2323 -2324 -2325 -2326 -2327 -2328 -2329 -2330 -2331 -2332 -2333 
v -2334 -2335 -2336 -2337 -2338 -2339 -2340 -2341 -2342 -2343 -2344 -2345 -2346 
v -2347 -2348 -2349 -2350 -2351 -2352 -2353 -2354 -2355 -2356 -2357 -2358 -2359 
v -2360 -2361 -2362 -2363 -2364 -2365 -2366 -2367 -2368 -2369 -2370 -2371 -2372 
v -2373 -2374 -2375 -2376 -2377 -2378 2379 -2380 -2381 -2382 -2383 -2384 -2385 
v -2386 -2387 -2388 -2389 -2390 -2391 -2392 -2393 -2394 -2395 -2396 -2397 -2398 
v -2399 -2400 -2401 -2402 -2403 -2404 -2405 -2406 -2407 -2408 -2409 -2410 -2411 
v -2412 -2413 -2414 -2415 -2416 -2417 -2418 -2419 -2420 -2421 -2422 -2423 -2424 
v -2425 -2426 -2427 -2428 2429 2430 -2431 -2432 2433 -2434 2435 -2436 -2437 
v -2438 -2439 -2440 2441 2442 -2443 -2444 2445 -2446 -2447 -2448 -2449 -2450 
v 2451 -2452 -2453 -2454 -2455 -2456 2457 -2458 -2459 -2460 2461 2462 2463 2464 
v -2465 -2466 -2467 -2468 2469 -2470 2471 -2472 2473 -2474 2475 -2476 -2477 
v -2478 -2479 -2480 2481 2482 -2483 -2484 2485 -2486 -2487 -2488 -2489 -2490 
v 2491 -2492 -2493 -2494 -2495 -2496 2497 -2498 -2499 -2500 2501 2502 2503 2504 
v -2505 -2506 -2507 -2508 2509 2510 2511 2512 2513 2514 2515 2516 2517 -2518 
v -2519 -2520 -2521 -2522 -2523 -2524 -2525 -2526 -2527 -2528 -2529 -2530 -2531 
v -2532 -2533 -2534 -2535 -2536 -2537 2538 -2539 2540 -2541 -2542 -2543 -2544 
v -2545 2546 -2547 -2548 -2549 -2550 -2551 -2552 -2553 2554 -2555 2556 -2557 
v -2558 -2559 2560 -2561 -2562 -2563 2564 -2565 -2566 -2567 2568 -2569 -2570 
v -2571 -2572 -2573 -2574 -2575 2576 -2577 2578 -2579 -2580 -2581 -2582 -2583 
v 2584 2585 -2586 -2587 2588 -2589 -2590 -2591 -2592 -2593 -2594 -2595 2596 
v -2597 -2598 -2599 2600 -2601 2602 2603 -2604 -2605 2606 -2607 -2608 -2609 
v 2610 -2611 2612 -2613 2614 -2615 2616 -2617 -2618 -2619 2620 2621 2622 -2623 
v 2624 2625 2626 -2627 -2628 -2629 -2630 -2631 2632 2633 2634 -2635 -2636 -2637 
v 2638 2639 2640 -2641 2642 2643 2644 -2645 -2646 -2647 -2648 -2649 -2650 -2651 
v -2652 -2653 -2654 -2655 -2656 -2657 -2658 -2659 -2660 -2661 -2662 -2663 -2664 
v -2665 -2666 -2667 -2668 -2669 -2670 -2671 -2672 -2673 -2674 -2675 -2676 -2677 
v -2678 -2679 -2680 -2681 -2682 -2683 -2684 -2685 -2686 -2687 -2688 -2689 -2690 
v -2691 -2692 -2693 -2694 -2695 -2696 -2697 -2698 -2699 -2700 -2701 -2702 -2703 
v -2704 -2705 -2706 -2707 -2708 -2709 -2710 -2711 -2712 -2713 -2714 -2715 -2716 
v -2717 -2718 -2719 -2720 -2721 -2722 -2723 -2724 -2725 -2726 -2727 -2728 -2729 
v -2730 -2731 -2732 -2733 -2734 -2735 -2736 -2737 -2738 -2739 -2740 -2741 -2742 
v -2743 -2744 -2745 -2746 -2747 -2748 -2749 -2750 -2751 -2752 -2753 -2754 -2755 
v -2756 -2757 -2758 -2759 -2760 -2761 -2762 -2763 -2764 -2765 -2766 -2767 -2768 
v -2769 -2770 -2771 -2772 -2773 -2774 -2775 -2776 -2777 2778 -2779 -2780 -2781 
v -2782 -2783 -2784 -2785 -2786 -2787 -2788 -2789 -2790 -2791 -2792 -2793 2794 
v -2795 -2796 -2797 -2798 -2799 2800 -2801 -2802 -2803 -2804 -2805 2806 -2807 
v -2808 -2809 2810 -2811 2812 -2813 -2814 -2815 -2816 -2817 2818 -2819 -2820 
v -2821 -2822 -2823 2824 -2825 -2826 -2827 -2828 -2829 2830 -2831 -2832 -2833 
v 2834 -2835 -2836 -2837 -2838 -2839 2840 -2841 -2842 -2843 -2844 -2845 2846 
v -2847 -2848 -2849 2850 2851 2852 -2853 -2854 -2855 -2856 -2857 2858 2859 2860 
v -2861 2862 2863 2864 -2865 -2866 -2867 -2868 -2869 -2870 -2871 -2872 -2873 
v -2874 2875 -2876 -2877 -2878 2879 -2880 -2881 -2882 -2883 -2884 -2885 -2886 
v -2887 -2888 -2889 -2890 -2891 -2892 -2893 -2894 2895 -2896 2897 -2898 2899 
v -2900 -2901 -2902 -2903 -2904 2905 -2906 2907 -2908 2909 -2910 -2911 -2912 
v 2913 -2914 2915 -2916 2917 2918 -2919 -2920 2921 -2922 -2923 -2924 -2925 
v -2926 -2927 -2928 -2929 -2930 -2931 -2932 2933 -2934 2935 -2936 2937 -2938 
v 2939 -2940 -2941 -2942 -2943 -2944 2945 2946 -2947 -2948 -2949 -2950 2951 
v 2952 2953 -2954 2955 2956 2957 -2958 -2959 -2960 -2961 -2962 2963 2964 2965 
v -2966 -2967 -2968 2969 2970 -2971 -2972 2973 -2974 2975 -2976 -2977 -2978 
v 2979 -2980 2981 2982 2983 -2984 -2985 -2986 2987 2988 2989 2990 2991 2992 
v 2993 -2994 -2995 -2996 -2997 -2998 -2999 -3000 -3001 -3002 -3003 -3004 -3005 
v -3006 -3007 -3008 -3009 -3010 -3011 -3012 -3013 -3014 -3015 -3016 -3017 -3018 
v -3019 -3020 -3021 -3022 -3023 -3024 -3025 -3026 -3027 -3028 -3029 -3030 -3031 
v -3032 -3033 -3034 -3035 -3036 -3037 -3038 -3039 -3040 -3041 -3042 -3043 -3044 
v -3045 -3046 -3047 -3048 -3049 -3050 -3051 -3052 -3053 -3054 -3055 -3056 -3057 
v -3058 -3059 -3060 -3061 -3062 -3063 -3064 -3065 -3066 -3067 -3068 -3069 -3070 
v -3071 -3072 -3073 -3074 -3075 -3076 -3077 -3078 -3079 -3080 -3081 -3082 -3083 
v -3084 -3085 -3086 -3087 -3088 -3089 -3090 -3091 -3092 -3093 -3094 3095 -3096 
v -3097 -3098 -3099 -3100 -3101 -3102 -3103 -3104 -3105 -3106 -3107 -3108 -3109 
v -3110 -3111 -3112 3113 -3114 -3115 -3116 -3117 -3118 -3119 -3120 -3121 -3122 
v -3123 -3124 -3125 -3126 3127 -3128 -3129 -3130 -3131 -3132 3133 -3134 -3135 
v -3136 -3137 -3138 3139 -3140 -3141 -3142 3143 -3144 -3145 -3146 -3147 -3148 
v 3149 -3150 -3151 -3152 -3153 -3154 3155 -3156 -3157 -3158 3159 3160 3161 
v -3162 -3163 -3164 -3165 -3166 3167 3168 -3169 -3170 3171 -3172 3173 -3174 
v -3175 -3176 -3177 -3178 3179 3180 -3181 -3182 3183 -3184 -3185 -3186 -3187 
v -3188 3189 -3190 -3191 -3192 -3193 -3194 3195 -3196 -3197 -3198 3199 3200 
v 3201 3202 -3203 -3204 -3205 -3206 3207 3208 3209 3210 3211 3212 3213 -3214 
v 3215 -3216 -3217 -3218 -3219 -3220 -3221 -3222 -3223 3224 -3225 -3226 -3227 
v 3228 -3229 -3230 -3231 -3232 -3233 3234 -3235 -3236 -3237 3238 -3239 -3240 
v -3241 -3242 -3243 3244 3245 -3246 -3247 3248 -3249 -3250 -3251 -3252 -3253 
v 3254 -3255 3256 -3257 3258 -3259 -3260 -3261 3262 -3263 -3264 -3265 3266 
v -3267 3268 -3269 3270 -3271 -3272 -3273 3274 -3275 3276 -3277 -3278 -3279 
v -3280 -3281 3282 3283 -3284 -3285 3286 -3287 3288 -3289 -3290 -3291 -3292 
v -3293 3294 3295 -3296 -3297 -3298 -3299 3300 3301 -3302 -3303 3304 -3305 3306 
v -3307 3308 -3309 3310 -3311 3312 3313 3314 -3315 -3316 -3317 3318 3319 -3320 
v -3321 3322 -3323 3324 -3325 -3326 -3327 -3328 -3329 3330 3331 -3332 -3333 
v 3334 -3335 3336 3337 3338 3339 3340 3341 -3342 -3343 -3344 -3345 3346 -3347 
v -3348 -3349 -3350 -3351 -3352 -3353 -3354 -3355 -3356 -3357 -3358 -3359 -3360 
v -3361 -3362 -3363 -3364 -3365 -3366 -3367 -3368 -3369 -3370 -3371 -3372 -3373 
v -3374 -3375 -3376 -3377 -3378 -3379 -3380 -3381 -3382 -3383 -3384 -3385 -3386 
v -3387 -3388 -3389 -3390 -3391 -3392 -3393 -3394 -3395 -3396 -3397 -3398 -3399 
v -3400 -3401 -3402 -3403 -3404 -3405 -3406 -3407 -3408 -3409 -3410 -3411 -3412 
v -3413 -3414 -3415 -3416 -3417 -3418 -3419 -3420 -3421 -3422 -3423 -3424 -3425 
v -3426 -3427 -3428 -3429 -3430 -3431 -3432 -3433 -3434 -3435 -3436 -3437 -3438 
v -3439 -3440 -3441 -3442 -3443 -3444 -3445 -3446 -3447 -3448 -3449 -3450 -3451 
v -3452 -3453 -3454 -3455 -3456 -3457 -3458 -3459 -3460 -3461 -3462 -3463 -3464 
v -3465 -3466 -3467 -3468 -3469 -3470 -3471 -3472 -3473 -3474 -3475 3476 -3477 
v -3478 -3479 -3480 -3481 3482 -3483 -3484 -3485 -3486 -3487 3488 -3489 3490 
v -3491 3492 -3493 -3494 -3495 -3496 -3497 3498 -3499 -3500 -3501 -3502 -3503 
v 3504 -3505 -3506 -3507 3508 3509 3510 -3511 3512 -3513 -3514 -3515 3516 -3517 
v -3518 -3519 -3520 -3521 3522 -3523 -3524 -3525 -3526 -3527 3528 -3529 -3530 
v -3531 3532 -3533 3534 -3535 3536 -3537 -3538 -3539 -3540 -3541 -3542 -3543 
v 3544 -3545 -3546 -3547 3548 3549 3550 -3551 -3552 -3553 -3554 -3555 3556 3557 
v 3558 3559 3560 3561 3562 -3563 3564 -3565 -3566 -3567 -3568 -3569 -3570 -3571 
v -3572 -3573 -3574 -3575 -3576 3577 -3578 -3579 -3580 -3581 -3582 3583 -3584 
v 3585 -3586 3587 3588 -3589 -3590 3591 -3592 3593 3594 -3595 -3596 3597 -3598 
v 3599 -3600 -3601 -3602 -3603 -3604 3605 3606 -3607 -3608 3609 -3610 -3611 
v -3612 -3613 -3614 3615 -3616 -3617 -3618 -3619 -3620 -3621 -3622 -3623 -3624 
v -3625 -3626 -3627 -3628 -3629 -3630 3631 -3632 3633 -3634 3635 -3636 -3637 
v -3638 -3639 -3640 3641 -3642 3643 -3644 3645 -3646 3647 -3648 3649 3650 3651 
v -3652 3653 3654 3655 -3656 -3657 -3658 3659 -3660 3661 3662 3663 3664 3665 
v -3666 3667 3668 3669 3670 3671 3672 3673 -3674 -3675 -3676 -3677 -3678 3679 
v 3680 3681 -3682 3683 -3684 3685 3686 3687 3688 3689 3690 3691 3692 3693 -3694 
v 3695 -3696 -3697 -3698 -3699 -3700 -3701 -3702 -3703 -3704 -3705 -3706 -3707 
v -3708 -3709 -3710 -3711 -3712 -3713 -3714 -3715 -3716 -3717 -3718 -3719 -3720 
v -3721 -3722 -3723 -3724 -3725 -3726 -3727 -3728 -3729 -3730 -3731 -3732 -3733 
v -3734 -3735 -3736 -3737 -3738 -3739 -3740 -3741 -3742 -3743 -3744 -3745 -3746 
v -3747 -3748 -3749 -3750 -3751 -3752 -3753 -3754 -3755 -3756 -3757 -3758 -3759 
v -3760 -3761 -3762 -3763 -3764 -3765 -3766 -3767 -3768 -3769 -3770 -3771 -3772 
v -3773 -3774 -3775 -3776 -3777 -3778 -3779 -3780 -3781 -3782 -3783 -3784 -3785 
v -3786 -3787 -3788 -3789 -3790 -3791 -3792 -3793 -3794 -3795 -3796 -3797 -3798 
v -3799 -3800 -3801 -3802 -3803 -3804 -3805 -3806 -3807 -3808 -3809 -3810 -3811 
v -3812 -3813 -3814 -3815 -3816 -3817 -3818 -3819 -3820 -3821 -3822 -3823 -3824 
v 3825 -3826 3827 -3828 3829 -3830 3831 -3832 -3833 -3834 -3835 -3836 3837 3838 
v -3839 -3840 3841 -3842 -3843 -3844 -3845 -3846 3847 -3848 -3849 -3850 -3851 
v -3852 3853 -3854 -3855 -3856 3857 3858 3859 3860 -3861 -3862 -3863 -3864 3865 
v -3866 3867 -3868 3869 -3870 3871 -3872 -3873 -3874 -3875 -3876 3877 3878 
v -3879 -3880 3881 -3882 3883 -3884 3885 -3886 3887 -3888 -3889 -3890 -3891 
v -3892 3893 3894 -3895 -3896 3897 3898 3899 3900 3901 -3902 -3903 -3904 3905 
v 3906 3907 3908 3909 3910 3911 3912 3913 -3914 3915 -3916 -3917 -3918 -3919 
v -3920 -3921 3922 -3923 -3924 -3925 3926 -3927 -3928 -3929 -3930 -3931 -3932 
v -3933 -3934 -3935 -3936 -3937 -3938 -3939 3940 -3941 3942 3943 -3944 -3945 
v 3946 -3947 3948 -3949 -3950 -3951 -3952 -3953 3954 3955 -3956 -3957 3958 
v -3959 -3960 -3961 -3962 -3963 -3964 -3965 -3966 -3967 -3968 -3969 -3970 -3971 
v 3972 -3973 3974 -3975 -3976 -3977 -3978 -3979 3980 -3981 -3982 -3983 -3984 
v -3985 -3986 -3987 -3988 -3989 3990 -3991 -3992 -3993 3994 -3995 3996 -3997 
v 3998 3999 4000 -4001 4002 4003 4004 -4005 4006 -4007 4008 -4009 4010 4011 
v 4012 4013 -4014 -4015 4016 -4017 4018 4019 4020 -4021 4022 -4023 -4024 -4025 
v -4026 -4027 4028 4029 -4030 -4031 4032 -4033 4034 4035 4036 4037 4038 4039 
v 4040 -4041 -4042 -4043 4044 -4045 -4046 -4047 -4048 -4049 4050 -4051 4052 
v -4053 4054 -4055 4056 -4057 4058 -4059 -4060 -4061 4062 -4063 -4064 -4065 
v -4066 -4067 4068 4069 -4070 -4071 4072 -4073 4074 -4075 4076 -4077 4078 -4079 
v 4080 4081 4082 -4083 -4084 -4085 -4086 -4087 -4088 -4089 -4090 -4091 -4092 
v -4093 -4094 -4095 -4096 -4097 -4098 -4099 -4100 -4101 -4102 -4103 -4104 -4105 
v -4106 -4107 -4108 -4109 -4110 -4111 -4112 -4113 -4114 -4115 -4116 -4117 -4118 
v -4119 -4120 -4121 -4122 -4123 4124 -4125 -4126 -4127 -4128 -4129 4130 -4131 
v -4132 -4133 -4134 -4135 4136 -4137 -4138 -4139 -4140 -4141 4142 -4143 -4144 
v -4145 -4146 -4147 4148 -4149 -4150 -4151 -4152 -4153 4154 -4155 -4156 -4157 
v -4158 -4159 4160 4161 4162 -4163 -4164 -4165 -4166 -4167 -4168 -4169 -4170 
v -4171 -4172 -4173 4174 4175 -4176 -4177 4178 -4179 4180 -4181 -4182 -4183 
v -4184 -4185 4186 4187 -4188 -4189 4190 4191 -4192 -4193 4194 -4195 4196 -4197 
v -4198 -4199 -4200 -4201 4202 4203 -4204 -4205 4206 4207 4208 4209 4210 -4211 
v -4212 -4213 4214 4215 -4216 -4217 4218 -4219 4220 -4221 -4222 -4223 -4224 
v -4225 4226 4227 -4228 -4229 4230 4231 4232 -4233 4234 4235 4236 -4237 -4238 
v -4239 -4240 -4241 4242 4243 4244 -4245 4246 4247 4248 4249 4250 -4251 4252 
v -4253 4254 4255 4256 4257 4258 4259 4260 4261 4262 4263 4264 -4265 -4266 
v -4267 4268 -4269 -4270 -4271 -4272 -4273 -4274 -4275 -4276 4277 -4278 4279 
v -4280 4281 -4282 4283 -4284 4285 4286 -4287 -4288 4289 -4290 4291 -4292 -4293 
v -4294 -4295 -4296 4297 4298 -4299 -4300 4301 -4302 4303 -4304 4305 4306 4307 
v -4308 4309 -4310 4311 -4312 4313 4314 -4315 -4316 4317 -4318 -4319 -4320 
v -4321 -4322 -4323 -4324 -4325 -4326 -4327 -4328 4329 -4330 -4331 -4332 -4333 
v -4334 4335 -4336 -4337 -4338 -4339 -4340 4341 -4342 -4343 -4344 -4345 -4346 
v 4347 4348 4349 -4350 4351 4352 -4353 -4354 -4355 -4356 -4357 -4358 4359 -4360 
v 4361 -4362 -4363 -4364 4365 4366 4367 -4368 4369 4370 4371 -4372 -4373 -4374 
v -4375 -4376 4377 4378 4379 -4380 -4381 -4382 4383 4384 4385 -4386 4387 4388 
v 4389 -4390 -4391 -4392 -4393 -4394 -4395 -4396 4397 -4398 4399 -4400 4401 
v 4402 4403 -4404 4405 4406 -4407 -4408 4409 -4410 4411 -4412 4413 -4414 4415 
v -4416 4417 4418 4419 -4420 4421 4422 4423 4424 -4425 -4426 4427 -4428 4429 
v 4430 4431 4432 -4433 -4434 -4435 -4436 -4437 -4438 -4439 -4440 -4441 -4442 
v -4443 -4444 -4445 -4446 -4447 -4448 -4449 -4450 -4451 -4452 -4453 -4454 4455 
v -4456 -4457 -4458 -4459 -4460 -4461 -4462 -4463 -4464 -4465 -4466 -4467 -4468 
v -4469 -4470 -4471 -4472 4473 4474 4475 -4476 4477 4478 4479 -4480 -4481 -4482 
v -4483 -4484 4485 4486 4487 -4488 -4489 -4490 4491 -4492 -4493 -4494 -4495 
v -4496 4497 -4498 -4499 -4500 -4501 -4502 4503 -4504 -4505 -4506 -4507 -4508 
v 4509 4510 4511 4512 4513 -4514 -4515 -4516 -4517 -4518 -4519 -4520 -4521 
v -4522 4523 4524 -4525 -4526 4527 -4528 4529 -4530 -4531 -4532 -4533 -4534 
v 4535 4536 -4537 -4538 4539 4540 -4541 -4542 4543 -4544 4545 -4546 -4547 -4548 
v -4549 -4550 4551 4552 -4553 -4554 4555 4556 4557 4558 4559 -4560 -4561 -4562 
v 4563 4564 -4565 -4566 4567 -4568 4569 4570 -4571 -4572 4573 -4574 4575 4576 
v 4577 -4578 4579 4580 -4581 -4582 4583 -4584 4585 -4586 -4587 -4588 -4589 
v -4590 4591 4592 -4593 -4594 4595 4596 4597 4598 4599 4600 -4601 -4602 4603 
v 4604 4605 4606 4607 4608 4609 4610 4611 4612 4613 -4614 4615 -4616 -4617 
v -4618 -4619 -4620 -4621 -4622 -4623 -4624 -4625 -4626 -4627 -4628 -4629 -4630 
v -4631 -4632 -4633 4634 -4635 -4636 -4637 -4638 -4639 4640 -4641 -4642 -4643 
v -4644 -4645 -4646 -4647 -4648 -4649 -4650 -4651 -4652 -4653 -4654 -4655 -4656 
v -4657 -4658 -4659 -4660 -4661 -4662 -4663 -4664 -4665 -4666 -4667 4668 -4669 
v 4670 -4671 4672 4673 -4674 -4675 4676 -4677 4678 -4679 -4680 -4681 -4682 
v -4683 4684 -4685 -4686 -4687 -4688 -4689 4690 -4691 -4692 -4693 -4694 -4695 
v 4696 4697 -4698 -4699 4700 -4701 -4702 -4703 4704 -4705 4706 -4707 4708 -4709 
v 4710 -4711 -4712 -4713 4714 -4715 -4716 -4717 -4718 -4719 -4720 -4721 -4722 
v -4723 4724 -4725 -4726 -4727 4728 -4729 -4730 -4731 4732 4733 -4734 -4735 
v 4736 -4737 4738 -4739 -4740 -4741 -4742 -4743 -4744 -4745 -4746 -4747 -4748 
v -4749 4750 -4751 -4752 -4753 -4754 -4755 -4756 -4757 4758 -4759 4760 4761 
v 4762 -4763 4764 4765 4766 4767 4768 -4769 4770 4771 4772 -4773 4774 -4775 
v 4776 -4777 4778 4779 4780 4781 -4782 -4783 -4784 -4785 -4786 -4787 -4788 
v -4789 -4790 -4791 -4792 -4793 -4794 -4795 -4796 -4797 -4798 -4799 -4800 -4801 
v -4802 -4803 -4804 -4805 -4806 -4807 -4808 -4809 -4810 -4811 -4812 -4813 -4814 
v -4815 -4816 -4817 -4818 -4819 -4820 -4821 4822 -4823 4824 -4825 4826 -4827 
v 4828 -4829 -4830 -4831 -4832 -4833 4834 4835 -4836 -4837 -4838 -4839 4840 
v -4841 -4842 -4843 -4844 -4845 4846 -4847 -4848 -4849 -4850 -4851 4852 -4853 
v -4854 -4855 -4856 -4857 4858 4859 4860 4861 -4862 -4863 -4864 -4865 -4866 
v -4867 -4868 -4869 -4870 -4871 4872 4873 -4874 -4875 4876 -4877 4878 -4879 
v -4880 -4881 -4882 -4883 4884 4885 -4886 -4887 4888 4889 -4890 -4891 4892 
v -4893 4894 -4895 -4896 -4897 -4898 -4899 4900 4901 -4902 -4903 4904 4905 4906 
v 4907 4908 -4909 -4910 -4911 4912 4913 -4914 -4915 4916 -4917 4918 -4919 -4920 
v -4921 -4922 -4923 4924 4925 -4926 -4927 4928 -4929 -4930 -4931 -4932 -4933 
v 4934 -4935 -4936 -4937 -4938 -4939 4940 -4941 -4942 -4943 4944 4945 4946 4947 
v -4948 -4949 -4950 -4951 4952 4953 4954 4955 4956 4957 4958 4959 4960 4961 
v -4962 -4963 -4964 -4965 -4966 -4967 -4968 4969 -4970 4971 -4972 4973 4974 
v -4975 -4976 4977 -4978 -4979 -4980 4981 -4982 4983 -4984 -4985 -4986 -4987 
v -4988 4989 4990 -4991 -4992 4993 -4994 4995 -4996 -4997 -4998 -4999 -5000 
v 5001 5002 -5003 -5004 -5005 -5006 5007 -5008 -5009 -5010 5011 -5012 -5013 
v -5014 -5015 -5016 -5017 -5018 5019 -5020 5021 -5022 -5023 -5024 -5025 -5026 
v 5027 5028 -5029 -5030 5031 -5032 -5033 -5034 -5035 -5036 -5037 -5038 5039 
v 5040 -5041 -5042 5043 -5044 5045 5046 5047 -5048 5049 5050 5051 5052 -5053 
v -5054 5055 -5056 5057 5058 5059 5060 -5061 -5062 5063 5064 5065 -5066 5067 
v 5068 -5069 -5070 -5071 -5072 5073 -5074 5075 -5076 5077 5078 -5079 -5080 5081 
v 5082 5083 5084 5085 -5086 5087 5088 5089 -5090 -5091 -5092 -5093 -5094 -5095 
v -5096 5097 -5098 5099 5100 -5101 -5102 5103 -5104 -5105 -5106 -5107 -5108 
v -5109 -5110 -5111 -5112 -5113 -5114 5115 -5116 -5117 -5118 -5119 -5120 5121 
v -5122 -5123 -5124 -5125 -5126 5127 -5128 -5129 -5130 -5131 -5132 -5133 -5134 
v -5135 -5136 -5137 -5138 -5139 -5140 -5141 -5142 -5143 -5144 -5145 -5146 -5147 
v -5148 -5149 -5150 -5151 -5152 -5153 -5154 -5155 -5156 -5157 -5158 -5159 -5160 
v -5161 -5162 -5163 -5164 -5165 -5166 -5167 -5168 -5169 -5170 5171 -5172 -5173 
v -5174 -5175 -5176 -5177 -5178 -5179 -5180 -5181 -5182 -5183 -5184 -5185 -5186 
v -5187 -5188 5189 -5190 -5191 -5192 -5193 -5194 -5195 -5196 -5197 -5198 -5199 
v -5200 -5201 -5202 -5203 -5204 -5205 -5206 5207 -5208 -5209 -5210 -5211 -5212 
v -5213 -5214 -5215 -5216 -5217 -5218 -5219 -5220 5221 5222 5223 -5224 5225 
v 5226 5227 -5228 -5229 -5230 -5231 -5232 5233 5234 5235 -5236 5237 -5238 -5239 
v -5240 -5241 -5242 -5243 -5244 -5245 -5246 -5247 -5248 -5249 -5250 -5251 -5252 
v 5253 5254 5255 -5256 5257 -5258 -5259 -5260 5261 5262 5263 -5264 5265 5266 
v 5267 -5268 -5269 -5270 -5271 -5272 5273 5274 5275 -5276 5277 -5278 -5279 
v -5280 -5281 -5282 5283 -5284 -5285 -5286 -5287 -5288 5289 -5290 -5291 -5292 
v 5293 5294 5295 5296 5297 -5298 -5299 -5300 5301 5302 5303 5304 5305 5306 5307 
v -5308 5309 5310 5311 -5312 -5313 -5314 -5315 -5316 -5317 -5318 -5319 5320 
v -5321 5322 -5323 -5324 -5325 -5326 -5327 5328 -5329 5330 -5331 5332 5333 
v -5334 -5335 5336 -5337 5338 5339 -5340 -5341 5342 -5343 5344 -5345 -5346 
v -5347 5348 -5349 5350 5351 5352 -5353 5354 -5355 -5356 -5357 5358 -5359 5360 
v -5361 -5362 -5363 -5364 -5365 -5366 -5367 5368 -5369 5370 -5371 -5372 -5373 
v -5374 -5375 5376 5377 -5378 -5379 5380 -5381 5382 -5383 -5384 -5385 -5386 
v -5387 5388 5389 -5390 -5391 -5392 -5393 5394 5395 -5396 -5397 5398 -5399 5400 
v 5401 5402 -5403 5404 5405 5406 5407 5408 -5409 5410 -5411 5412 5413 5414 
v -5415 5416 5417 5418 -5419 -5420 -5421 -5422 -5423 5424 5425 5426 -5427 -5428 
v -5429 5430 5431 5432 5433 5434 5435 5436 -5437 5438 -5439 -5440 -5441 -5442 
v -5443 -5444 -5445 -5446 -5447 -5448 -5449 -5450 -5451 -5452 -5453 -5454 -5455 
v 5456 -5457 5458 -5459 5460 -5461 5462 -5463 5464 -5465 -5466 -5467 -5468 
v -5469 5470 -5471 -5472 -5473 -5474 -5475 5476 -5477 -5478 -5479 -5480 -5481 
v -5482 -5483 -5484 -5485 -5486 -5487 -5488 -5489 -5490 -5491 -5492 -5493 -5494 
v -5495 -5496 -5497 -5498 -5499 -5500 -5501 -5502 -5503 -5504 -5505 -5506 -5507 
v -5508 -5509 -5510 -5511 -5512 -5513 -5514 -5515 -5516 -5517 -5518 -5519 5520 
v -5521 -5522 -5523 -5524 -5525 -5526 -5527 -5528 -5529 -5530 -5531 -5532 -5533 
v 5534 -5535 -5536 -5537 5538 -5539 -5540 -5541 5542 -5543 -5544 -5545 -5546 
v -5547 -5548 -5549 5550 -5551 -5552 -5553 -5554 -5555 5556 -5557 5558 -5559 
v 5560 -5561 -5562 -5563 -5564 -5565 -5566 -5567 -5568 -5569 5570 5571 -5572 
v -5573 5574 -5575 5576 -5577 -5578 -5579 -5580 -5581 5582 5583 -5584 -5585 
v 5586 -5587 -5588 -5589 -5590 -5591 5592 -5593 -5594 -5595 -5596 -5597 5598 
v -5599 -5600 -5601 5602 5603 5604 5605 -5606 -5607 -5608 -5609 5610 5611 5612 
v -5613 5614 5615 5616 5617 -5618 -5619 5620 -5621 5622 5623 5624 5625 5626 
v 5627 -5628 -5629 5630 -5631 5632 -5633 -5634 -5635 -5636 -5637 5638 5639 
v -5640 -5641 5642 5643 5644 5645 5646 5647 5648 -5649 5650 5651 5652 5653 5654 
v 5655 5656 5657 5658 -5659 5660 -5661 5662 -5663 5664 -5665 -5666 -5667 -5668 
v 5669 -5670 5671 -5672 -5673 -5674 -5675 -5676 -5677 -5678 -5679 -5680 -5681 
v -5682 -5683 -5684 -5685 -5686 5687 -5688 -5689 -5690 -5691 -5692 -5693 -5694 
v -5695 -5696 -5697 -5698 -5699 -5700 -5701 -5702 5703 -5704 -5705 -5706 -5707 
v -5708 5709 -5710 -5711 -5712 -5713 -5714 5715 -5716 -5717 -5718 5719 -5720 
v -5721 -5722 -5723 -5724 5725 5726 -5727 -5728 5729 -5730 5731 -5732 -5733 
v -5734 -5735 -5736 5737 5738 -5739 -5740 -5741 -5742 5743 5744 5745 -5746 5747 
v 5748 5749 -5750 5751 -5752 5753 -5754 5755 5756 5757 5758 -5759 -5760 5761 
v -5762 5763 -5764 5765 -5766 -5767 -5768 -5769 -5770 -5771 -5772 5773 -5774 
v -5775 -5776 -5777 -5778 5779 5780 5781 5782 5783 -5784 5785 -5786 -5787 -5788 
v -5789 -5790 -5791 -5792 -5793 -5794 -5795 -5796 -5797 -5798 -5799 -5800 -5801 
v -5802 5803 -5804 -5805 -5806 5807 -5808 -5809 -5810 5811 -5812 5813 -5814 
v -5815 -5816 -5817 -5818 5819 -5820 -5821 -5822 -5823 -5824 5825 -5826 -5827 
v -5828 -5829 -5830 -5831 -5832 -5833 -5834 -5835 -5836 -5837 -5838 -5839 -5840 
v -5841 -5842 -5843 -5844 -5845 -5846 -5847 -5848 -5849 -5850 -5851 -5852 -5853 
v -5854 -5855 -5856 -5857 -5858 -5859 -5860 -5861 -5862 -5863 -5864 -5865 -5866 
v -5867 -5868 5869 -5870 -5871 -5872 -5873 -5874 -5875 -5876 -5877 -5878 -5879 
v -5880 -5881 -5882 -5883 -5884 -5885 -5886 5887 -5888 -5889 -5890 -5891 -5892 
v -5893 -5894 -5895 -5896 -5897 -5898 -5899 -5900 -5901 -5902 -5903 -5904 5905 
v -5906 -5907 -5908 -5909 -5910 -5911 -5912 -5913 -5914 -5915 -5916 -5917 -5918 
v 5919 5920 -5921 -5922 5923 -5924 5925 -5926 -5927 -5928 -5929 -5930 5931 5932 
v -5933 -5934 5935 -5936 -5937 -5938 5939 -5940 -5941 -5942 -5943 -5944 -5945 
v -5946 5947 -5948 -5949 -5950 5951 5952 5953 5954 -5955 -5956 -5957 -5958 5959 
v 5960 -5961 -5962 5963 -5964 5965 -5966 -5967 -5968 -5969 -5970 5971 5972 
v -5973 -5974 5975 -5976 -5977 -5978 -5979 -5980 5981 -5982 -5983 -5984 -5985 
v -5986 5987 -5988 -5989 -5990 5991 5992 5993 5994 -5995 -5996 -5997 -5998 5999 
v 6000 6001 6002 6003 6004 6005 6006 6007 -6008 -6009 -6010 -6011 -6012 -6013 
v -6014 -6015 6016 -6017 6018 -6019 6020 6021 -6022 -6023 6024 -6025 6026 -6027 
v -6028 -6029 6030 -6031 -6032 -6033 -6034 -6035 6036 6037 -6038 -6039 6040 
v -6041 6042 -6043 -6044 -6045 6046 -6047 6048 6049 6050 -6051 6052 -6053 -6054 
v -6055 -6056 -6057 6058 -6059 -6060 -6061 -6062 -6063 -6064 -6065 -6066 -6067 
v -6068 -6069 -6070 -6071 -6072 -6073 6074 -6075 6076 -6077 6078 -6079 6080 
v -6081 6082 -6083 6084 -6085 6086 6087 6088 -6089 6090 -6091 6092 6093 -6094 
v -6095 6096 -6097 6098 6099 -6100 -6101 6102 -6103 6104 6105 6106 -6107 -6108 
v -6109 6110 6111 6112 6113 6114 6115 6116 6117 -6118 -6119 6120 -6121 6122 
v 6123 6124 6125 6126 -6127 6128 6129 6130 6131 6132 6133 6134 -6135 6136 -6137 
v 6138 -6139 -6140 -6141 -6142 -6143 -6144 -6145 6146 -6147 -6148 -6149 -6150 
v -6151 -6152 -6153 6154 -6155 6156 -6157 -6158 -6159 -6160 -6161 6162 6163 
v 6164 -6165 6166 6167 -6168 -6169 -6170 -6171 -6172 -6173 6174 -6175 6176 
v -6177 -6178 -6179 -6180 -6181 -6182 -6183 -6184 -6185 -6186 -6187 -6188 -6189 
v -6190 -6191 -6192 -6193 -6194 -6195 -6196 -6197 -6198 -6199 -6200 -6201 -6202 
v -6203 -6204 -6205 -6206 -6207 -6208 -6209 -6210 -6211 -6212 -6213 -6214 -6215 
v -6216 -6217 6218 -6219 -6220 -6221 -6222 -6223 -6224 -6225 -6226 -6227 -6228 
v -6229 -6230 -6231 -6232 -6233 -6234 -6235 6236 -6237 -6238 -6239 6240 -6241 
v 6242 -6243 -6244 -6245 -6246 -6247 6248 6249 -6250 -6251 -6252 -6253 6254 
v -6255 6256 -6257 6258 -6259 -6260 -6261 -6262 -6263 -6264 -6265 -6266 -6267 
v 6268 6269 -6270 -6271 6272 -6273 6274 -6275 -6276 -6277 -6278 -6279 6280 6281 
v -6282 -6283 6284 -6285 -6286 -6287 6288 -6289 6290 -6291 -6292 -6293 -6294 
v -6295 6296 6297 -6298 -6299 6300 6301 6302 6303 6304 -6305 -6306 -6307 6308 
v 6309 6310 -6311 6312 6313 6314 6315 -6316 -6317 6318 -6319 6320 6321 6322 
v 6323 6324 6325 6326 -6327 6328 6329 6330 -6331 -6332 -6333 -6334 -6335 6336 
v 6337 6338 -6339 6340 6341 6342 6343 6344 6345 6346 6347 6348 6349 6350 6351 
v 6352 6353 6354 6355 6356 6357 6358 -6359 6360 -6361 6362 -6363 -6364 6365 
v -6366 -6367 -6368 6369 -6370 -6371 -6372 -6373 -6374 6375 -6376 -6377 -6378 
v 6379 -6380 -6381 -6382 -6383 -6384 6385 6386 -6387 -6388 6389 -6390 -6391 
v -6392 -6393 -6394 -6395 -6396 6397 -6398 -6399 -6400 6401 -6402 -6403 -6404 
v 6405 -6406 6407 -6408 6409 -6410 6411 -6412 -6413 -6414 -6415 -6416 -6417 
v -6418 6419 -6420 6421 -6422 6423 6424 -6425 -6426 6427 -6428 6429 6430 -6431 
v -6432 6433 -6434 6435 6436 6437 -6438 6439 -6440 6441 6442 -6443 -6444 6445 
v -6446 6447 -6448 -6449 -6450 6451 -6452 6453 6454 6455 -6456 -6457 -6458 6459 
v 6460 6461 6462 6463 6464 6465 -6466 -6467 -6468 -6469 -6470 6471 6472 6473 
v -6474 6475 -6476 6477 6478 6479 6480 6481 6482 6483 -6484 -6485 -6486 6487 
v -6488 -6489 -6490 -6491 -6492 -6493 -6494 -6495 -6496 6497 -6498 6499 -6500 
v -6501 -6502 -6503 -6504 -6505 -6506 6507 -6508 6509 -6510 -6511 -6512 -6513 
v -6514 -6515 -6516 6517 6518 -6519 -6520 6521 -6522 6523 -6524 6525 -6526 
v -6527 -6528 -6529 -6530 -6531 -6532 -6533 -6534 -6535 -6536 -6537 -6538 -6539 
v -6540 -6541 -6542 -6543 -6544 -6545 -6546 -6547 -6548 -6549 -6550 -6551 -6552 
v -6553 -6554 -6555 -6556 -6557 -6558 -6559 -6560 -6561 -6562 -6563 -6564 -6565 
v -6566 -6567 -6568 -6569 -6570 -6571 -6572 6573 -6574 -6575 -6576 -6577 -6578 
v 6579 -6580 -6581 -6582 -6583 -6584 6585 -6586 -6587 -6588 -6589 -6590 6591 
v -6592 -6593 -6594 -6595 -6596 6597 -6598 -6599 -6600 -6601 -6602 6603 6604 
v 6605 -6606 -6607 -6608 -6609 -6610 -6611 -6612 -6613 -6614 -6615 -6616 6617 
v -6618 6619 -6620 6621 -6622 6623 -6624 -6625 -6626 -6627 -6628 6629 6630 
v -6631 -6632 6633 6634 -6635 -6636 6637 -6638 6639 -6640 -6641 -6642 -6643 
v -6644 6645 6646 -6647 -6648 6649 6650 6651 6652 6653 -6654 -6655 -6656 6657 
v 6658 -6659 -6660 6661 -6662 6663 -6664 -6665 -6666 -6667 -6668 6669 6670 
v -6671 -6672 6673 6674 6675 -6676 6677 6678 6679 -6680 -6681 -6682 -6683 -6684 
v 6685 6686 6687 -6688 6689 6690 6691 6692 6693 -6694 6695 -6696 6697 6698 6699 
v 6700 6701 6702 6703 6704 6705 6706 6707 -6708 -6709 -6710 6711 -6712 -6713 
v 6714 -6715 6716 -6717 6718 6719 -6720 -6721 6722 -6723 6724 -6725 -6726 -6727 
v 6728 -6729 6730 -6731 6732 -6733 6734 6735 -6736 -6737 6738 -6739 6740 6741 
v -6742 -6743 6744 -6745 6746 6747 6748 -6749 6750 -6751 -6752 -6753 -6754 
v -6755 6756 -6757 -6758 -6759 -6760 -6761 -6762 -6763 -6764 -6765 6766 -6767 
v -6768 -6769 6770 -6771 6772 6773 6774 -6775 6776 6777 6778 -6779 -6780 -6781 
v -6782 -6783 6784 6785 6786 -6787 6788 -6789 6790 6791 6792 -6793 6794 6795 
v 6796 6797 -6798 -6799 6800 -6801 6802 6803 6804 6805 -6806 -6807 6808 6809 
v 6810 6811 6812 6813 6814 6815 -6816 -6817 6818 -6819 6820 6821 6822 6823 6824 
v -6825 6826 6827 6828 6829 6830 6831 6832 6833 6834 -6835 6836 -6837 -6838 
v -6839 6840 -6841 -6842 -6843 6844 -6845 -6846 -6847 -6848 -6849 -6850 -6851 
v -6852 -6853 -6854 -6855 -6856 -6857 -6858 -6859 6860 -6861 -6862 -6863 -6864 
v -6865 -6866 -6867 -6868 -6869 -6870 -6871 -6872 -6873 -6874 -6875 -6876 -6877 
v -6878 -6879 -6880 -6881 -6882 -6883 -6884 -6885 -6886 -6887 -6888 -6889 -6890 
v -6891 -6892 -6893 -6894 -6895 -6896 -6897 -6898 -6899 -6900 -6901 -6902 -6903 
v -6904 -6905 -6906 -6907 -6908 -6909 -6910 -6911 -6912 -6913 -6914 -6915 6916 
v -6917 -6918 -6919 -6920 -6921 -6922 -6923 -6924 -6925 -6926 -6927 -6928 -6929 
v -6930 -6931 -6932 -6933 -6934 -6935 -6936 -6937 -6938 -6939 -6940 -6941 -6942 
v -6943 -6944 -6945 -6946 -6947 -6948 -6949 -6950 -6951 -6952 -6953 -6954 -6955 
v -6956 -6957 -6958 -6959 -6960 -6961 -6962 -6963 -6964 -6965 6966 6967 6968 
v -6969 6970 6971 6972 -6973 -6974 -6975 -6976 -6977 6978 6979 6980 -6981 6982 
v -6983 -6984 -6985 -6986 -6987 6988 -6989 -6990 -6991 -6992 -6993 6994 -6995 
v -6996 -6997 6998 6999 7000 7001 7002 -7003 -7004 -7005 7006 -7007 7008 -7009 
v 7010 -7011 7012 -7013 -7014 -7015 -7016 -7017 7018 7019 -7020 -7021 7022 
v -7023 7024 -7025 7026 -7027 7028 -7029 -7030 -7031 -7032 -7033 7034 7035 
v -7036 -7037 7038 7039 7040 7041 7042 -7043 -7044 -7045 7046 7047 7048 7049 
v 7050 7051 7052 7053 7054 7055 7056 -7057 -7058 -7059 -7060 -7061 -7062 7063 
v -7064 -7065 -7066 7067 -7068 -7069 -7070 -7071 -7072 -7073 -7074 7075 -7076 
v 7077 -7078 -7079 -7080 -7081 -7082 7083 7084 -7085 -7086 7087 -7088 -7089 
v -7090 7091 -7092 7093 -7094 7095 -7096 7097 -7098 -7099 -7100 -7101 -7102 
v -7103 -7104 -7105 -7106 -7107 -7108 -7109 -7110 7111 -7112 7113 -7114 7115 
v 7116 -7117 -7118 7119 -7120 7121 -7122 7123 -7124 7125 -7126 7127 -7128 -7129 
v -7130 7131 -7132 7133 7134 7135 -7136 -7137 -7138 7139 7140 -7141 -7142 7143 
v -7144 7145 -7146 -7147 -7148 -7149 -7150 7151 7152 -7153 -7154 -7155 -7156 
v 7157 7158 7159 -7160 7161 7162 7163 7164 -7165 -7166 7167 -7168 7169 7170 
v 7171 7172 -7173 -7174 7175 7176 7177 7178 7179 -7180 7181 -7182 7183 -7184 
v -7185 -7186 -7187 -7188 -7189 -7190 7191 -7192 7193 -7194 -7195 -7196 -7197 
v -7198 -7199 -7200 -7201 -7202 -7203 7204 -7205 -7206 7207 -7208 7209 -7210 
v -7211 -7212 -7213 -7214 7215 -7216 -7217 -7218 -7219 -7220 7221 -7222 -7223 
v -7224 -7225 -7226 -7227 -7228 -7229 -7230 -7231 -7232 -7233 -7234 -7235 -7236 
v -7237 -7238 -7239 -7240 -7241 -7242 -7243 -7244 -7245 -7246 -7247 -7248 -7249 
v -7250 -7251 -7252 -7253 -7254 -7255 -7256 -7257 -7258 -7259 -7260 -7261 -7262 
v -7263 -7264 7265 -7266 -7267 -7268 -7269 -7270 -7271 -7272 -7273 -7274 -7275 
v -7276 -7277 -7278 -7279 -7280 -7281 -7282 7283 -7284 -7285 -7286 -7287 -7288 
v -7289 -7290 -7291 -7292 -7293 -7294 -7295 -7296 -7297 -7298 -7299 -7300 7301 
v -7302 -7303 -7304 -7305 -7306 -7307 -7308 -7309 -7310 -7311 -7312 -7313 -7314 
v 7315 7316 -7317 -7318 7319 -7320 7321 -7322 -7323 -7324 -7325 -7326 7327 7328 
v -7329 -7330 7331 -7332 -7333 -7334 -7335 -7336 -7337 -7338 -7339 -7340 -7341 
v -7342 -7343 -7344 -7345 -7346 7347 7348 7349 -7350 -7351 -7352 -7353 -7354 
v 7355 7356 7357 -7358 7359 7360 7361 -7362 -7363 -7364 -7365 -7366 7367 7368 
v 7369 -7370 7371 -7372 -7373 -7374 -7375 -7376 7377 -7378 -7379 -7380 -7381 
v -7382 7383 -7384 -7385 -7386 7387 7388 7389 7390 7391 -7392 -7393 -7394 7395 
v 7396 7397 7398 7399 7400 7401 -7402 7403 -7404 7405 -7406 -7407 -7408 -7409 
v -7410 -7411 -7412 -7413 -7414 -7415 -7416 -7417 -7418 -7419 -7420 -7421 -7422 
v -7423 -7424 -7425 7426 -7427 -7428 -7429 -7430 7431 7432 -7433 7434 -7435 
v 7436 7437 7438 -7439 -7440 -7441 7442 -7443 7444 7445 7446 7447 -7448 -7449 
v -7450 -7451 -7452 -7453 7454 -7455 -7456 -7457 -7458 -7459 7460 -7461 -7462 
v -7463 7464 -7465 -7466 -7467 -7468 -7469 7470 7471 -7472 -7473 7474 -7475 
v -7476 -7477 -7478 -7479 -7480 -7481 7482 -7483 -7484 -7485 -7486 -7487 7488 
v 7489 7490 -7491 7492 7493 7494 -7495 -7496 -7497 -7498 -7499 7500 7501 7502 
v -7503 -7504 -7505 7506 7507 -7508 -7509 7510 -7511 7512 -7513 -7514 -7515 
v 7516 -7517 7518 7519 7520 -7521 -7522 -7523 7524 7525 7526 7527 7528 7529 
v 7530 -7531 -7532 -7533 -7534 -7535 -7536 -7537 -7538 -7539 -7540 -7541 -7542 
v -7543 -7544 -7545 -7546 -7547 -7548 -7549 -7550 -7551 -7552 -7553 -7554 -7555 
v -7556 -7557 -7558 -7559 -7560 -7561 -7562 -7563 -7564 -7565 -7566 -7567 -7568 
v -7569 -7570 -7571 -7572 -7573 -7574 -7575 -7576 -7577 -7578 -7579 -7580 -7581 
v -7582 -7583 -7584 -7585 -7586 -7587 -7588 -7589 -7590 -7591 -7592 -7593 -7594 
v -7595 -7596 -7597 -7598 -7599 -7600 -7601 -7602 -7603 -7604 -7605 -7606 -7607 
v -7608 -7609 -7610 -7611 -7612 -7613 -7614 -7615 -7616 -7617 -7618 -7619 -7620 
v -7621 -7622 -7623 -7624 -7625 -7626 -7627 -7628 -7629 -7630 -7631 -7632 -7633 
v -7634 -7635 -7636 -7637 -7638 -7639 -7640 -7641 -7642 -7643 -7644 -7645 -7646 
v -7647 -7648 -7649 -7650 -7651 -7652 -7653 -7654 -7655 -7656 -7657 -7658 -7659 
v -7660 -7661 -7662 -7663 7664 -7665 -7666 -7667 -7668 -7669 7670 -7671 -7672 
v -7673 -7674 -7675 7676 -7677 7678 -7679 7680 -7681 -7682 -7683 -7684 -7685 
v 7686 -7687 -7688 -7689 -7690 -7691 7692 -7693 -7694 -7695 7696 7697 7698 
v -7699 7700 -7701 -7702 -7703 7704 -7705 -7706 -7707 -7708 -7709 7710 -7711 
v -7712 -7713 -7714 -7715 7716 -7717 -7718 -7719 7720 -7721 -7722 -7723 -7724 
v -7725 7726 -7727 -7728 -7729 -7730 -7731 7732 -7733 -7734 -7735 7736 7737 
v 7738 -7739 -7740 -7741 -7742 -7743 7744 7745 7746 7747 7748 7749 7750 -7751 
v 7752 -7753 -7754 -7755 -7756 -7757 -7758 -7759 -7760 -7761 -7762 -7763 -7764 
v -7765 -7766 -7767 -7768 7769 7770 -7771 -7772 7773 -7774 7775 -7776 7777 
v -7778 7779 -7780 7781 -7782 7783 -7784 7785 -7786 7787 7788 7789 -7790 7791 
v 7792 7793 7794 7795 -7796 7797 -7798 -7799 -7800 7801 -7802 7803 -7804 -7805 
v -7806 -7807 -7808 7809 -7810 -7811 -7812 7813 -7814 7815 -7816 7817 -7818 
v 7819 7820 -7821 -7822 7823 -7824 7825 -7826 7827 -7828 7829 -7830 7831 7832 
v 7833 -7834 7835 -7836 7837 7838 -7839 -7840 7841 7842 7843 7844 -7845 -7846 
v 7847 -7848 7849 7850 7851 7852 -7853 -7854 7855 7856 7857 7858 7859 7860 7861 
v 7862 -7863 -7864 7865 -7866 7867 7868 7869 7870 7871 -7872 7873 7874 7875 
v 7876 7877 7878 7879 7880 7881 -7882 7883 -7884 -7885 -7886 -7887 -7888 -7889 
v -7890 -7891 -7892 -7893 -7894 -7895 -7896 -7897 -7898 -7899 -7900 -7901 -7902 
v -7903 -7904 -7905 -7906 -7907 -7908 -7909 -7910 -7911 -7912 -7913 -7914 -7915 
v -7916 -7917 -7918 -7919 -7920 -7921 -7922 -7923 -7924 -7925 -7926 -7927 -7928 
v -7929 -7930 -7931 -7932 -7933 -7934 -7935 -7936 -7937 -7938 -7939 -7940 -7941 
v -7942 -7943 -7944 -7945 -7946 -7947 -7948 -7949 -7950 -7951 -7952 -7953 -7954 
v -7955 -7956 -7957 -7958 -7959 -7960 -7961 -7962 -7963 -7964 -7965 -7966 -7967 
v -7968 -7969 -7970 -7971 -7972 -7973 -7974 -7975 -7976 -7977 -7978 -7979 -7980 
v -7981 -7982 -7983 -7984 -7985 -7986 -7987 -7988 -7989 -7990 -7991 -7992 -7993 
v -7994 -7995 -7996 -7997 -7998 -7999 -8000 -8001 -8002 -8003 -8004 -8005 -8006 
v -8007 -8008 -8009 -8010 -8011 -8012 8013 -8014 8015 -8016 8017 -8018 8019 
v -8020 -8021 -8022 -8023 -8024 8025 8026 -8027 -8028 8029 -8030 -8031 -8032 
v -8033 -8034 8035 -8036 -8037 -8038 -8039 -8040 8041 -8042 -8043 -8044 8045 
v 8046 8047 8048 -8049 -8050 -8051 -8052 8053 -8054 8055 -8056 8057 -8058 8059 
v -8060 -8061 -8062 -8063 -8064 8065 8066 -8067 -8068 8069 -8070 8071 -8072 
v 8073 -8074 8075 -8076 -8077 -8078 -8079 -8080 8081 8082 -8083 -8084 8085 8086 
v 8087 8088 8089 -8090 -8091 -8092 8093 8094 8095 8096 8097 8098 8099 8100 8101 
v -8102 8103 -8104 -8105 -8106 -8107 -8108 -8109 -8110 -8111 8112 -8113 8114 
v -8115 -8116 -8117 -8118 -8119 -8120 -8121 -8122 -8123 -8124 -8125 -8126 -8127 
v -8128 -8129 8130 -8131 -8132 -8133 -8134 -8135 -8136 -8137 -8138 -8139 -8140 
v -8141 -8142 -8143 8144 -8145 8146 -8147 -8148 -8149 -8150 -8151 -8152 -8153 
v -8154 -8155 8156 -8157 -8158 -8159 -8160 -8161 8162 -8163 -8164 -8165 -8166 
v -8167 8168 -8169 -8170 -8171 -8172 -8173 8174 -8175 -8176 -8177 -8178 -8179 
v 8180 -8181 -8182 -8183 -8184 -8185 8186 8187 -8188 -8189 8190 -8191 -8192 
v -8193 -8194 -8195 -8196 -8197 8198 -8199 -8200 -8201 -8202 -8203 8204 -8205 
v 8206 -8207 8208 -8209 8210 -8211 -8212 -8213 -8214 -8215 8216 8217 -8218 
v -8219 -8220 -8221 8222 8223 8224 -8225 8226 -8227 -8228 -8229 -8230 -8231 
v -8232 -8233 -8234 -8235 -8236 -8237 -8238 -8239 8240 -8241 -8242 -8243 -8244 
v 8245 8246 -8247 8248 -8249 8250 8251 -8252 -8253 8254 -8255 8256 8257 8258 
v -8259 8260 8261 8262 -8263 -8264 -8265 -8266 -8267 8268 8269 8270 -8271 -8272 
v -8273 -8274 -8275 -8276 -8277 -8278 -8279 -8280 -8281 -8282 -8283 -8284 -8285 
v -8286 -8287 -8288 -8289 -8290 -8291 -8292 -8293 -8294 -8295 -8296 -8297 -8298 
v -8299 -8300 -8301 -8302 -8303 -8304 -8305 -8306 -8307 -8308 -8309 -8310 -8311 
v 8312 -8313 8314 -8315 8316 -8317 8318 -8319 -8320 -8321 -8322 -8323 8324 8325 
v -8326 -8327 -8328 -8329 8330 -8331 -8332 -8333 -8334 -8335 8336 -8337 -8338 
v -8339 -8340 -8341 8342 -8343 -8344 -8345 -8346 -8347 8348 8349 8350 8351 
v -8352 -8353 -8354 -8355 -8356 -8357 -8358 -8359 -8360 -8361 8362 8363 -8364 
v -8365 8366 -8367 8368 -8369 -8370 -8371 -8372 -8373 8374 8375 -8376 -8377 
v 8378 8379 -8380 -8381 8382 -8383 -8384 -8385 -8386 -8387 -8388 -8389 8390 
v -8391 -8392 -8393 8394 8395 8396 8397 -8398 -8399 -8400 -8401 8402 8403 -8404 
v -8405 8406 -8407 8408 -8409 -8410 -8411 -8412 -8413 8414 8415 -8416 -8417 
v 8418 8419 -8420 -8421 8422 -8423 -8424 -8425 -8426 -8427 -8428 -8429 8430 
v -8431 -8432 -8433 8434 8435 8436 8437 -8438 -8439 -8440 -8441 8442 8443 8444 
v 8445 8446 8447 8448 8449 8450 -8451 -8452 -8453 -8454 -8455 -8456 -8457 -8458 
v -8459 -8460 -8461 -8462 -8463 -8464 -8465 -8466 -8467 -8468 -8469 -8470 8471 
v -8472 8473 -8474 -8475 -8476 -8477 -8478 8479 -8480 8481 -8482 8483 -8484 
v -8485 -8486 -8487 -8488 -8489 -8490 8491 -8492 -8493 -8494 -8495 -8496 -8497 
v -8498 -8499 -8500 8501 -8502 -8503 -8504 8505 8506 -8507 -8508 -8509 -8510 
v 8511 -8512 -8513 -8514 -8515 -8516 8517 8518 8519 -8520 8521 8522 8523 -8524 
v -8525 -8526 -8527 -8528 8529 8530 8531 -8532 -8533 -8534 8535 8536 -8537 
v -8538 8539 -8540 8541 -8542 -8543 -8544 8545 -8546 8547 8548 8549 -8550 -8551 
v -8552 8553 8554 -8555 -8556 8557 -8558 8559 -8560 -8561 -8562 -8563 -8564 
v 8565 8566 -8567 -8568 -8569 -8570 8571 8572 8573 8574 8575 8576 -8577 -8578 
v -8579 -8580 -8581 -8582 -8583 -8584 -8585 -8586 -8587 -8588 8589 -8590 -8591 
v -8592 -8593 -8594 8595 -8596 -8597 -8598 8599 -8600 -8601 -8602 -8603 -8604 
v 8605 8606 -8607 -8608 8609 -8610 -8611 -8612 -8613 -8614 -8615 -8616 8617 
v -8618 -8619 -8620 -8621 -8622 -8623 -8624 -8625 -8626 -8627 -8628 -8629 -8630 
v -8631 -8632 -8633 -8634 -8635 -8636 -8637 -8638 -8639 -8640 -8641 -8642 -8643 
v -8644 -8645 -8646 -8647 -8648 -8649 -8650 -8651 -8652 -8653 -8654 -8655 -8656 
v -8657 -8658 -8659 -8660 8661 -8662 -8663 -8664 -8665 -8666 8667 -8668 -8669 
v -8670 -8671 -8672 8673 -8674 -8675 -8676 -8677 -8678 8679 -8680 -8681 -8682 
v -8683 -8684 -8685 -8686 -8687 -8688 -8689 -8690 -8691 -8692 -8693 -8694 -8695 
v -8696 8697 8698 -8699 -8700 -8701 -8702 -8703 -8704 -8705 -8706 -8707 -8708 
v -8709 -8710 8711 8712 -8713 -8714 8715 -8716 8717 -8718 -8719 -8720 -8721 
v -8722 8723 8724 -8725 -8726 8727 8728 -8729 -8730 8731 -8732 8733 -8734 -8735 
v -8736 -8737 -8738 8739 8740 -8741 -8742 8743 8744 8745 8746 8747 -8748 -8749 
v -8750 8751 8752 -8753 -8754 8755 -8756 8757 -8758 -8759 -8760 -8761 -8762 
v 8763 8764 -8765 -8766 8767 -8768 -8769 -8770 -8771 -8772 -8773 -8774 -8775 
v -8776 -8777 -8778 -8779 -8780 -8781 -8782 8783 8784 8785 -8786 -8787 -8788 
v -8789 -8790 8791 8792 8793 8794 8795 8796 8797 8798 8799 -8800 -8801 -8802 
v -8803 -8804 -8805 -8806 -8807 -8808 -8809 -8810 -8811 8812 -8813 -8814 -8815 
v -8816 -8817 -8818 -8819 -8820 -8821 -8822 -8823 -8824 -8825 -8826 -8827 8828 
v -8829 -8830 -8831 -8832 -8833 -8834 -8835 -8836 -8837 8838 -8839 -8840 -8841 
v 8842 -8843 -8844 -8845 -8846 -8847 8848 -8849 8850 -8851 -8852 -8853 -8854 
v -8855 -8856 -8857 -8858 -8859 8860 -8861 -8862 -8863 -8864 -8865 8866 8867 
v 8868 -8869 8870 8871 8872 -8873 -8874 -8875 -8876 -8877 8878 8879 8880 -8881 
v -8882 -8883 8884 8885 -8886 -8887 8888 -8889 8890 -8891 8892 -8893 8894 -8895 
v 8896 8897 8898 -8899 -8900 -8901 8902 -8903 -8904 -8905 -8906 -8907 8908 8909 
v 8910 -8911 8912 8913 8914 -8915 8916 -8917 8918 -8919 8920 8921 8922 8923 
v 8924 -8925 8926 -8927 -8928 -8929 8930 -8931 -8932 -8933 8934 -8935 -8936 
v -8937 8938 -8939 -8940 -8941 -8942 -8943 -8944 -8945 -8946 -8947 -8948 -8949 
v -8950 -8951 -8952 -8953 8954 -8955 -8956 -8957 -8958 -8959 -8960 -8961 -8962 
v -8963 -8964 -8965 -8966 -8967 -8968 -8969 -8970 -8971 -8972 -8973 -8974 -8975 
v -8976 -8977 -8978 -8979 -8980 -8981 -8982 -8983 -8984 -8985 -8986 -8987 -8988 
v -8989 -8990 -8991 8992 -8993 -8994 -8995 -8996 -8997 -8998 -8999 -9000 -9001 
v -9002 -9003 -9004 -9005 -9006 -9007 -9008 -9009 9010 9011 -9012 -9013 9014 
v -9015 -9016 -9017 -9018 -9019 -9020 -9021 9022 -9023 -9024 -9025 -9026 -9027 
v -9028 -9029 -9030 -9031 -9032 -9033 9034 -9035 -9036 -9037 -9038 -9039 9040 
v -9041 -9042 -9043 9044 -9045 9046 -9047 9048 -9049 -9050 -9051 -9052 -9053 
v -9054 -9055 9056 -9057 -9058 -9059 9060 9061 9062 -9063 9064 9065 9066 -9067 
v -9068 -9069 -9070 -9071 9072 9073 9074 -9075 9076 -9077 -9078 -9079 -9080 
v -9081 -9082 -9083 -9084 -9085 -9086 -9087 -9088 -9089 -9090 -9091 9092 9093 
v 9094 -9095 9096 -9097 -9098 -9099 9100 9101 -9102 -9103 9104 -9105 9106 -9107 
v -9108 -9109 -9110 -9111 9112 9113 -9114 -9115 9116 9117 9118 9119 9120 9121 
v 9122 -9123 -9124 -9125 -9126 -9127 9128 9129 9130 -9131 9132 9133 9134 9135 
v 9136 -9137 9138 -9139 9140 9141 9142 9143 9144 9145 9146 -9147 9148 9149 9150 
v -9151 -9152 -9153 9154 -9155 -9156 -9157 -9158 9159 -9160 9161 -9162 -9163 
v -9164 -9165 -9166 -9167 -9168 -9169 -9170 -9171 -9172 -9173 -9174 -9175 -9176 
v 9177 -9178 -9179 -9180 -9181 -9182 -9183 -9184 -9185 -9186 9187 -9188 -9189 
v -9190 9191 -9192 9193 -9194 -9195 -9196 -9197 -9198 -9199 -9200 -9201 -9202 
v -9203 -9204 -9205 -9206 9207 -9208 9209 -9210 -9211 -9212 -9213 -9214 9215 
v -9216 -9217 -9218 -9219 -9220 -9221 -9222 -9223 -9224 9225 -9226 -9227 -9228 
v 9229 -9230 9231 -9232 9233 9234 -9235 -9236 9237 -9238 9239 -9240 9241 -9242 
v 9243 -9244 9245 9246 9247 -9248 -9249 -9250 -9251 -9252 9253 9254 9255 -9256 
v 9257 9258 -9259 -9260 9261 -9262 9263 9264 9265 -9266 9267 -9268 9269 -9270 
v 9271 9272 9273 9274 9275 -9276 -9277 -9278 9279 -9280 -9281 -9282 -9283 -9284 
v -9285 -9286 -9287 -9288 -9289 -9290 9291 -9292 9293 -9294 -9295 -9296 9297 
v -9298 9299 -9300 9301 -9302 9303 -9304 -9305 -9306 9307 -9308 9309 9310 9311 
v -9312 9313 9314 9315 9316 9317 -9318 9319 -9320 -9321 -9322 -9323 -9324 -9325 
v -9326 -9327 -9328 -9329 -9330 -9331 -9332 -9333 -9334 -9335 -9336 -9337 -9338 
v -9339 -9340 -9341 -9342 -9343 -9344 -9345 -9346 -9347 -9348 -9349 -9350 -9351 
v -9352 -9353 -9354 -9355 -9356 -9357 -9358 9359 -9360 -9361 -9362 -9363 -9364 
v 9365 -9366 -9367 -9368 -9369 -9370 9371 -9372 -9373 -9374 -9375 -9376 9377 
v -9378 9379 -9380 9381 -9382 9383 -9384 -9385 -9386 -9387 -9388 9389 9390 
v -9391 -9392 -9393 -9394 9395 9396 9397 -9398 9399 -9400 -9401 -9402 -9403 
v -9404 -9405 -9406 -9407 -9408 9409 9410 -9411 -9412 9413 -9414 9415 -9416 
v -9417 -9418 -9419 -9420 9421 9422 9423 -9424 9425 -9426 -9427 -9428 -9429 
v -9430 9431 -9432 -9433 -9434 -9435 -9436 9437 -9438 -9439 -9440 9441 9442 
v 9443 9444 9445 -9446 -9447 -9448 9449 9450 -9451 -9452 9453 -9454 9455 9456 
v -9457 -9458 9459 -9460 9461 9462 9463 -9464 9465 9466 9467 -9468 9469 9470 
v 9471 -9472 -9473 -9474 -9475 -9476 9477 9478 9479 -9480 9481 9482 9483 9484 
v 9485 9486 9487 -9488 9489 9490 9491 9492 9493 9494 9495 9496 9497 9498 9499 
v -9500 9501 -9502 9503 -9504 -9505 -9506 -9507 -9508 -9509 -9510 -9511 -9512 
v -9513 -9514 -9515 9516 -9517 -9518 -9519 9520 -9521 -9522 -9523 9524 -9525 
v 9526 -9527 -9528 -9529 -9530 9531 9532 -9533 -9534 -9535 9536 -9537 9538 
v -9539 9540 9541 -9542 -9543 -9544 -9545 9546 -9547 9548 -9549 -9550 -9551 
v -9552 -9553 -9554 -9555 -9556 -9557 9558 -9559 -9560 -9561 -9562 -9563 9564 
v 9565 -9566 -9567 9568 -9569 9570 -9571 -9572 -9573 9574 -9575 9576 9577 9578 
v -9579 -9580 -9581 9582 9583 9584 -9585 9586 9587 9588 -9589 9590 -9591 9592 
v -9593 9594 9595 9596 9597 -9598 -9599 9600 9601 9602 -9603 9604 9605 9606 
v 9607 -9608 -9609 9610 -9611 9612 9613 9614 9615 -9616 -9617 9618 9619 9620 
v 9621 9622 9623 9624 9625 9626 -9627 -9628 -9629 -9630 -9631 -9632 -9633 -9634 
v -9635 -9636 -9637 -9638 -9639 9640 -9641 -9642 -9643 -9644 -9645 9646 -9647 
v -9648 -9649 -9650 -9651 9652 -9653 -9654 -9655 -9656 -9657 9658 -9659 -9660 
v -9661 -9662 -9663 9664 -9665 -9666 -9667 -9668 -9669 -9670 -9671 -9672 -9673 
v -9674 -9675 -9676 -9677 -9678 -9679 -9680 -9681 -9682 -9683 -9684 -9685 -9686 
v -9687 -9688 -9689 -9690 -9691 -9692 -9693 -9694 -9695 -9696 -9697 -9698 -9699 
v -9700 -9701 -9702 -9703 -9704 -9705 -9706 -9707 9708 -9709 -9710 -9711 -9712 
v -9713 -9714 -9715 -9716 -9717 -9718 -9719 -9720 -9721 -9722 -9723 -9724 -9725 
v 9726 -9727 -9728 -9729 -9730 -9731 -9732 -9733 -9734 -9735 -9736 -9737 -9738 
v -9739 -9740 -9741 -9742 -9743 9744 -9745 -9746 -9747 -9748 -9749 -9750 -9751 
v -9752 -9753 -9754 -9755 -9756 -9757 9758 9759 9760 -9761 9762 9763 9764 -9765 
v -9766 -9767 -9768 -9769 9770 9771 9772 -9773 9774 -9775 -9776 -9777 -9778 
v -9779 9780 -9781 -9782 -9783 -9784 -9785 9786 -9787 -9788 -9789 9790 9791 
v 9792 9793 9794 -9795 -9796 -9797 9798 9799 9800 -9801 9802 9803 9804 -9805 
v -9806 -9807 -9808 -9809 9810 9811 9812 -9813 9814 -9815 -9816 -9817 -9818 
v -9819 9820 -9821 -9822 -9823 -9824 -9825 9826 -9827 -9828 -9829 9830 9831 
v 9832 9833 9834 -9835 -9836 -9837 9838 9839 9840 9841 9842 9843 9844 9845 9846 
v 9847 9848 -9849 -9850 -9851 -9852 -9853 -9854 -9855 -9856 -9857 -9858 -9859 
v -9860 -9861 -9862 -9863 -9864 -9865 -9866 9867 -9868 9869 -9870 -9871 -9872 
v 9873 -9874 9875 -9876 -9877 -9878 -9879 -9880 9881 -9882 -9883 -9884 -9885 
v -9886 9887 -9888 -9889 -9890 -9891 -9892 -9893 -9894 -9895 -9896 9897 9898 
v -9899 -9900 9901 -9902 -9903 -9904 9905 -9906 9907 -9908 -9909 -9910 -9911 
v -9912 9913 9914 9915 -9916 9917 9918 9919 -9920 -9921 -9922 -9923 -9924 9925 
v 9926 9927 -9928 -9929 -9930 9931 9932 -9933 -9934 9935 -9936 9937 -9938 -9939 
v -9940 -9941 -9942 9943 9944 -9945 -9946 -9947 -9948 9949 9950 -9951 -9952 
v 9953 -9954 9955 -9956 -9957 -9958 -9959 -9960 9961 9962 -9963 -9964 -9965 
v -9966 9967 9968 9969 9970 9971 -9972 -9973 -9974 -9975 -9976 -9977 -9978 
v -9979 -9980 9981 -9982 -9983 -9984 9985 -9986 -9987 -9988 -9989 -9990 -9991 
v -9992 -9993 -9994 -9995 -9996 -9997 -9998 -9999 -10000 10001 -10002 -10003 
v -10004 -10005 -10006 -10007 -10008 -10009 -10010 -10011 -10012 -10013 -10014 
v -10015 -10016 -10017 -10018 -10019 -10020 -10021 -10022 -10023 -10024 -10025 
v -10026 -10027 -10028 -10029 -10030 -10031 -10032 -10033 -10034 -10035 -10036 
v -10037 -10038 -10039 -10040 -10041 -10042 -10043 -10044 -10045 -10046 -10047 
v -10048 -10049 -10050 -10051 -10052 -10053 -10054 -10055 -10056 10057 -10058 
v -10059 -10060 -10061 -10062 -10063 -10064 -10065 -10066 -10067 -10068 -10069 
v -10070 -10071 -10072 -10073 -10074 -10075 -10076 -10077 -10078 -10079 -10080 
v -10081 -10082 -10083 -10084 -10085 -10086 -10087 -10088 -10089 -10090 -10091 
v -10092 -10093 -10094 -10095 -10096 -10097 -10098 -10099 -10100 -10101 -10102 
v -10103 -10104 -10105 -10106 10107 10108 -10109 -10110 10111 -10112 10113 
v -10114 -10115 -10116 -10117 -10118 10119 10120 10121 -10122 10123 -10124 
v -10125 -10126 -10127 -10128 10129 -10130 -10131 -10132 -10133 -10134 10135 
v -10136 -10137 -10138 10139 10140 10141 10142 10143 -10144 -10145 -10146 10147 
v -10148 -10149 -10150 -10151 -10152 10153 -10154 -10155 -10156 -10157 -10158 
v 10159 -10160 -10161 -10162 10163 -10164 -10165 -10166 -10167 -10168 -10169 
v -10170 -10171 -10172 -10173 -10174 -10175 -10176 -10177 -10178 10179 10180 
v -10181 -10182 -10183 -10184 -10185 -10186 10187 10188 10189 10190 10191 10192 
v 10193 -10194 10195 -10196 -10197 -10198 -10199 -10200 -10201 -10202 -10203 
v -10204 -10205 -10206 -10207 -10208 -10209 -10210 -10211 -10212 -10213 10214 
v -10215 10216 -10217 10218 10219 -10220 -10221 10222 -10223 10224 -10225 
v -10226 -10227 10228 -10229 10230 -10231 -10232 -10233 -10234 -10235 10236 
v 10237 -10238 -10239 -10240 -10241 10242 -10243 10244 -10245 10246 10247 
v -10248 -10249 10250 -10251 -10252 -10253 -10254 -10255 -10256 -10257 -10258 
v -10259 -10260 -10261 10262 -10263 -10264 -10265 10266 -10267 10268 -10269 
v -10270 -10271 -10272 -10273 10274 10275 10276 -10277 -10278 -10279 10280 
v 10281 -10282 -10283 10284 -10285 10286 10287 10288 -10289 10290 10291 10292 
v 10293 10294 -10295 10296 -10297 10298 10299 -10300 -10301 10302 -10303 10304 
v -10305 -10306 -10307 10308 -10309 10310 10311 10312 -10313 -10314 -10315 
v 10316 10317 10318 10319 10320 10321 10322 -10323 10324 -10325 -10326 -10327 
v -10328 -10329 -10330 -10331 -10332 -10333 -10334 -10335 -10336 -10337 -10338 
v -10339 -10340 -10341 -10342 -10343 -10344 -10345 -10346 -10347 -10348 -10349 
v -10350 -10351 -10352 -10353 -10354 -10355 -10356 -10357 -10358 -10359 -10360 
v -10361 -10362 -10363 -10364 -10365 -10366 -10367 -10368 -10369 -10370 -10371 
v -10372 -10373 -10374 -10375 -10376 -10377 -10378 -10379 -10380 -10381 -10382 
v -10383 -10384 -10385 -10386 -10387 -10388 -10389 -10390 -10391 -10392 -10393 
v -10394 -10395 -10396 -10397 -10398 -10399 -10400 -10401 -10402 -10403 -10404 
v -10405 -10406 -10407 -10408 -10409 -10410 -10411 -10412 -10413 -10414 -10415 
v -10416 -10417 -10418 -10419 -10420 -10421 -10422 -10423 -10424 -10425 -10426 
v -10427 -10428 -10429 -10430 -10431 -10432 -10433 -10434 -10435 -10436 -10437 
v -10438 -10439 -10440 -10441 -10442 -10443 -10444 -10445 -10446 -10447 -10448 
v -10449 -10450 -10451 -10452 -10453 -10454 -10455 10456 -10457 -10458 -10459 
v -10460 -10461 10462 -10463 -10464 -10465 -10466 -10467 10468 -10469 10470 
v -10471 10472 -10473 -10474 -10475 -10476 -10477 10478 -10479 -10480 -10481 
v -10482 -10483 10484 -10485 -10486 -10487 10488 10489 10490 -10491 10492 
v -10493 -10494 -10495 10496 -10497 10498 -10499 10500 -10501 10502 -10503 
v -10504 -10505 -10506 -10507 10508 10509 -10510 -10511 10512 -10513 -10514 
v -10515 -10516 -10517 10518 -10519 -10520 -10521 -10522 -10523 10524 -10525 
v -10526 -10527 10528 10529 10530 10531 10532 -10533 -10534 -10535 10536 10537 
v 10538 10539 10540 10541 10542 -10543 10544 10545 10546 -10547 -10548 -10549 
v -10550 -10551 -10552 10553 -10554 -10555 -10556 10557 -10558 -10559 -10560 
v -10561 -10562 10563 -10564 -10565 -10566 10567 -10568 -10569 -10570 -10571 
v -10572 10573 10574 10575 -10576 10577 10578 -10579 -10580 -10581 -10582 
v -10583 -10584 10585 -10586 10587 -10588 -10589 -10590 -10591 -10592 10593 
v -10594 10595 -10596 10597 -10598 10599 -10600 10601 -10602 -10603 -10604 
v 10605 -10606 -10607 -10608 -10609 -10610 10611 10612 -10613 -10614 10615 
v -10616 10617 -10618 -10619 -10620 -10621 -10622 10623 10624 -10625 -10626 
v -10627 -10628 10629 10630 -10631 -10632 10633 -10634 10635 -10636 -10637 
v -10638 -10639 -10640 10641 10642 -10643 -10644 -10645 -10646 10647 10648 
v -10649 -10650 10651 -10652 10653 -10654 -10655 -10656 10657 -10658 10659 
v 10660 10661 -10662 -10663 -10664 10665 10666 10667 10668 10669 -10670 10671 
v -10672 -10673 -10674 -10675 -10676 -10677 -10678 -10679 -10680 -10681 -10682 
v -10683 -10684 -10685 -10686 -10687 -10688 10689 -10690 -10691 -10692 10693 
v -10694 -10695 -10696 -10697 -10698 10699 -10700 -10701 -10702 10703 -10704 
v -10705 -10706 -10707 -10708 -10709 -10710 10711 -10712 -10713 -10714 -10715 
v -10716 -10717 -10718 -10719 -10720 -10721 -10722 -10723 -10724 -10725 -10726 
v -10727 -10728 -10729 -10730 -10731 -10732 -10733 -10734 -10735 -10736 -10737 
v -10738 -10739 -10740 -10741 -10742 -10743 -10744 -10745 -10746 -10747 -10748 
v -10749 -10750 -10751 -10752 -10753 -10754 10755 -10756 -10757 -10758 -10759 
v -10760 -10761 -10762 -10763 -10764 -10765 -10766 -10767 -10768 -10769 -10770 
v -10771 -10772 10773 -10774 -10775 -10776 -10777 -10778 -10779 -10780 -10781 
v -10782 -10783 -10784 10785 -10786 -10787 -10788 -10789 -10790 10791 -10792 
v 10793 -10794 -10795 -10796 -10797 -10798 -10799 -10800 -10801 -10802 -10803 
v -10804 10805 10806 -10807 -10808 10809 -10810 10811 -10812 -10813 -10814 
v -10815 -10816 10817 10818 -10819 -10820 10821 -10822 -10823 -10824 -10825 
v -10826 -10827 -10828 -10829 -10830 -10831 -10832 -10833 -10834 -10835 -10836 
v 10837 10838 10839 -10840 -10841 -10842 -10843 -10844 10845 10846 -10847 
v -10848 10849 -10850 10851 -10852 -10853 -10854 -10855 -10856 10857 10858 
v -10859 -10860 10861 10862 -10863 -10864 10865 -10866 10867 -10868 -10869 
v -10870 -10871 -10872 10873 10874 -10875 -10876 10877 10878 10879 10880 10881 
v -10882 -10883 -10884 10885 10886 10887 10888 10889 10890 10891 -10892 10893 
v -10894 10895 -10896 -10897 -10898 -10899 -10900 -10901 10902 -10903 -10904 
v -10905 10906 -10907 -10908 -10909 -10910 -10911 10912 -10913 -10914 -10915 
v 10916 -10917 -10918 -10919 -10920 -10921 10922 10923 -10924 -10925 10926 
v -10927 -10928 -10929 -10930 -10931 10932 -10933 10934 -10935 10936 -10937 
v -10938 -10939 -10940 -10941 -10942 -10943 10944 -10945 -10946 -10947 -10948 
v -10949 -10950 -10951 -10952 -10953 -10954 -10955 -10956 -10957 -10958 -10959 
v 10960 -10961 10962 -10963 10964 -10965 10966 -10967 -10968 -10969 10970 
v -10971 10972 10973 10974 -10975 -10976 -10977 10978 10979 -10980 -10981 10982 
v -10983 10984 -10985 -10986 -10987 -10988 -10989 10990 10991 -10992 -10993 
v -10994 -10995 10996 10997 10998 -10999 11000 11001 11002 11003 -11004 -11005 
v 11006 -11007 11008 11009 11010 11011 -11012 -11013 11014 11015 11016 11017 
v 11018 -11019 11020 -11021 11022 -11023 -11024 -11025 -11026 -11027 -11028 
v -11029 -11030 -11031 -11032 -11033 -11034 -11035 -11036 -11037 -11038 -11039 
v -11040 -11041 -11042 -11043 -11044 -11045 -11046 -11047 -11048 -11049 -11050 
v -11051 -11052 -11053 -11054 -11055 -11056 -11057 -11058 -11059 -11060 -11061 
v -11062 -11063 -11064 -11065 -11066 -11067 -11068 -11069 -11070 -11071 -11072 
v -11073 -11074 -11075 -11076 -11077 -11078 -11079 -11080 -11081 -11082 -11083 
v -11084 -11085 -11086 -11087 -11088 -11089 -11090 -11091 -11092 -11093 -11094 
v -11095 -11096 -11097 -11098 -11099 -11100 -11101 -11102 -11103 -11104 -11105 
v -11106 -11107 -11108 -11109 -11110 -11111 -11112 -11113 -11114 -11115 -11116 
v -11117 -11118 -11119 -11120 -11121 -11122 -11123 -11124 -11125 -11126 -11127 
v -11128 -11129 -11130 -11131 -11132 -11133 -11134 -11135 -11136 -11137 -11138 
v -11139 -11140 -11141 -11142 -11143 -11144 -11145 -11146 -11147 -11148 -11149 
v -11150 -11151 -11152 -11153 11154 -11155 -11156 -11157 -11158 -11159 11160 
v -11161 -11162 -11163 -11164 -11165 11166 -11167 -11168 -11169 11170 -11171 
v -11172 -11173 -11174 -11175 -11176 -11177 -11178 -11179 -11180 -11181 -11182 
v -11183 -11184 -11185 11186 11187 -11188 -11189 -11190 -11191 -11192 -11193 
v 11194 -11195 11196 -11197 11198 -11199 11200 -11201 -11202 -11203 -11204 
v -11205 11206 11207 -11208 -11209 11210 -11211 -11212 -11213 -11214 -11215 
v 11216 -11217 -11218 -11219 -11220 -11221 11222 -11223 -11224 -11225 11226 
v 11227 11228 11229 -11230 -11231 -11232 -11233 11234 11235 11236 11237 11238 
v -11239 11240 -11241 11242 -11243 -11244 -11245 -11246 -11247 -11248 -11249 
v -11250 -11251 -11252 -11253 -11254 -11255 -11256 -11257 -11258 -11259 -11260 
v -11261 -11262 -11263 -11264 11265 -11266 -11267 -11268 -11269 -11270 11271 
v -11272 -11273 -11274 -11275 -11276 -11277 -11278 -11279 -11280 -11281 -11282 
v -11283 -11284 -11285 11286 -11287 -11288 -11289 -11290 -11291 -11292 -11293 
v -11294 -11295 -11296 -11297 -11298 -11299 -11300 -11301 -11302 -11303 -11304 
v -11305 -11306 -11307 -11308 11309 -11310 11311 -11312 11313 -11314 -11315 
v -11316 -11317 -11318 11319 -11320 11321 -11322 11323 -11324 -11325 -11326 
v 11327 11328 11329 -11330 11331 11332 -11333 -11334 11335 -11336 11337 -11338 
v 11339 -11340 11341 11342 -11343 -11344 11345 -11346 -11347 -11348 -11349 
v -11350 11351 -11352 -11353 -11354 -11355 -11356 11357 -11358 -11359 -11360 
v -11361 -11362 11363 11364 11365 -11366 11367 -11368 11369 -11370 -11371 
v -11372 -11373 -11374 -11375 -11376 11377 -11378 11379 -11380 11381 11382 
v -11383 -11384 11385 -11386 11387 -11388 -11389 -11390 11391 -11392 -11393 
v -11394 -11395 -11396 11397 11398 -11399 -11400 11401 -11402 11403 -11404 
v 11405 -11406 11407 -11408 11409 11410 11411 -11412 -11413 -11414 -11415 
v -11416 -11417 -11418 -11419 -11420 -11421 -11422 -11423 -11424 -11425 -11426 
v -11427 -11428 -11429 -11430 -11431 -11432 -11433 -11434 -11435 -11436 -11437 
v -11438 -11439 -11440 -11441 -11442 -11443 -11444 -11445 -11446 -11447 -11448 
v -11449 -11450 -11451 -11452 11453 -11454 -11455 -11456 11457 -11458 11459 
v -11460 -11461 -11462 -11463 -11464 11465 11466 -11467 -11468 -11469 -11470 
v 11471 -11472 -11473 -11474 -11475 -11476 11477 -11478 -11479 -11480 -11481 
v -11482 11483 -11484 -11485 -11486 -11487 -11488 11489 11490 11491 11492 
v -11493 -11494 -11495 -11496 -11497 -11498 -11499 -11500 -11501 -11502 11503 
v 11504 -11505 -11506 11507 -11508 11509 -11510 -11511 -11512 -11513 -11514 
v 11515 11516 -11517 -11518 11519 11520 -11521 -11522 11523 -11524 -11525 
v -11526 -11527 -11528 -11529 -11530 11531 -11532 -11533 -11534 11535 11536 
v 11537 11538 -11539 -11540 -11541 -11542 11543 11544 11545 -11546 11547 11548 
v 11549 -11550 -11551 -11552 -11553 -11554 11555 11556 11557 -11558 11559 11560 
v -11561 -11562 11563 -11564 11565 -11566 -11567 -11568 -11569 -11570 11571 
v 11572 -11573 -11574 11575 11576 11577 11578 11579 11580 -11581 -11582 11583 
v 11584 11585 11586 11587 11588 11589 11590 11591 -11592 11593 -11594 11595 
v -11596 -11597 -11598 -11599 11600 -11601 -11602 -11603 11604 -11605 -11606 
v -11607 -11608 -11609 -11610 -11611 -11612 -11613 11614 -11615 -11616 -11617 
v -11618 -11619 11620 11621 11622 -11623 11624 11625 -11626 -11627 -11628 
v -11629 -11630 -11631 11632 -11633 11634 -11635 -11636 -11637 -11638 -11639 
v -11640 -11641 11642 -11643 -11644 -11645 -11646 -11647 -11648 -11649 11650 
v -11651 11652 -11653 -11654 -11655 -11656 -11657 11658 11659 -11660 -11661 
v 11662 -11663 11664 -11665 -11666 -11667 -11668 -11669 11670 11671 -11672 
v -11673 -11674 -11675 11676 11677 -11678 -11679 11680 -11681 11682 -11683 
v -11684 -11685 11686 -11687 11688 11689 11690 -11691 -11692 -11693 11694 11695 
v 11696 -11697 11698 11699 11700 -11701 -11702 -11703 -11704 -11705 11706 11707 
v 11708 -11709 -11710 -11711 11712 11713 11714 11715 11716 11717 11718 -11719 
v -11720 -11721 -11722 -11723 -11724 -11725 -11726 -11727 11728 -11729 11730 
v -11731 -11732 -11733 -11734 -11735 -11736 -11737 -11738 -11739 -11740 -11741 
v -11742 -11743 -11744 -11745 11746 -11747 -11748 -11749 -11750 -11751 -11752 
v -11753 -11754 -11755 -11756 -11757 -11758 -11759 -11760 -11761 -11762 -11763 
v -11764 -11765 -11766 -11767 -11768 -11769 -11770 -11771 -11772 -11773 -11774 
v -11775 -11776 -11777 -11778 -11779 -11780 -11781 -11782 -11783 -11784 -11785 
v -11786 -11787 -11788 -11789 -11790 -11791 -11792 -11793 -11794 -11795 -11796 
v -11797 -11798 -11799 -11800 -11801 11802 -11803 -11804 -11805 -11806 -11807 
v -11808 -11809 -11810 -11811 -11812 -11813 -11814 -11815 -11816 -11817 -11818 
v -11819 -11820 -11821 -11822 -11823 -11824 -11825 -11826 -11827 -11828 -11829 
v -11830 -11831 -11832 -11833 -11834 -11835 -11836 -11837 -11838 -11839 -11840 
v -11841 -11842 -11843 -11844 -11845 -11846 -11847 -11848 -11849 -11850 -11851 
v 11852 11853 -11854 -11855 11856 -11857 11858 -11859 -11860 -11861 -11862 
v -11863 11864 11865 -11866 -11867 11868 -11869 -11870 -11871 -11872 -11873 
v 11874 -11875 -11876 -11877 -11878 -11879 11880 -11881 -11882 -11883 11884 
v 11885 11886 11887 -11888 -11889 -11890 -11891 11892 -11893 -11894 -11895 
v -11896 -11897 11898 -11899 -11900 -11901 -11902 -11903 11904 -11905 -11906 
v -11907 11908 -11909 -11910 -11911 -11912 -11913 11914 -11915 -11916 -11917 
v -11918 -11919 11920 -11921 -11922 -11923 11924 11925 11926 -11927 -11928 
v -11929 -11930 -11931 11932 11933 11934 11935 11936 11937 11938 11939 -11940 
v -11941 -11942 -11943 -11944 -11945 -11946 -11947 -11948 11949 -11950 -11951 
v -11952 11953 -11954 -11955 -11956 -11957 -11958 -11959 -11960 -11961 -11962 
v 11963 -11964 -11965 -11966 -11967 11968 11969 11970 11971 -11972 11973 11974 
v -11975 -11976 -11977 -11978 -11979 -11980 11981 -11982 11983 11984 -11985 
v -11986 -11987 -11988 -11989 -11990 11991 11992 -11993 -11994 11995 -11996 
v -11997 -11998 -11999 -12000 12001 -12002 -12003 -12004 -12005 -12006 12007 
v 12008 12009 -12010 12011 12012 12013 -12014 -12015 -12016 -12017 -12018 12019 
v 12020 12021 -12022 -12023 -12024 12025 12026 12027 -12028 12029 12030 12031 
v -12032 -12033 -12034 12035 -12036 12037 12038 12039 12040 -12041 -12042 12043 
v 12044 -12045 -12046 12047 -12048 12049 12050 -12051 -12052 12053 -12054 12055 
v 12056 12057 -12058 -12059 -12060 12061 12062 12063 12064 12065 12066 12067 
v 12068 -12069 -12070 -12071 -12072 -12073 -12074 -12075 -12076 -12077 -12078 
v -12079 -12080 -12081 -12082 -12083 -12084 -12085 -12086 -12087 -12088 -12089 
v -12090 -12091 -12092 -12093 -12094 -12095 -12096 -12097 -12098 -12099 -12100 
v -12101 -12102 -12103 -12104 -12105 -12106 -12107 -12108 -12109 -12110 -12111 
v -12112 -12113 -12114 -12115 -12116 -12117 -12118 -12119 -12120 -12121 -12122 
v -12123 -12124 -12125 -12126 -12127 -12128 -12129 -12130 -12131 -12132 -12133 
v -12134 -12135 -12136 -12137 -12138 -12139 -12140 -12141 -12142 -12143 -12144 
v -12145 -12146 -12147 -12148 -12149 -12150 -12151 -12152 -12153 -12154 -12155 
v -12156 -12157 -12158 -12159 -12160 -12161 -12162 -12163 -12164 -12165 -12166 
v -12167 -12168 -12169 -12170 -12171 -12172 -12173 -12174 -12175 -12176 -12177 
v -12178 -12179 -12180 -12181 -12182 -12183 -12184 -12185 -12186 -12187 -12188 
v -12189 -12190 -12191 -12192 -12193 -12194 -12195 -12196 -12197 -12198 -12199 
v -12200 12201 -12202 12203 -12204 12205 -12206 12207 -12208 -12209 -12210 
v -12211 -12212 12213 12214 12215 -12216 12217 -12218 -12219 -12220 12221 
v -12222 12223 -12224 -12225 -12226 -12227 -12228 12229 12230 -12231 -12232 
v 12233 12234 12235 12236 12237 12238 -12239 -12240 12241 -12242 -12243 -12244 
v -12245 -12246 12247 -12248 -12249 -12250 -12251 -12252 12253 -12254 -12255 
v -12256 12257 -12258 -12259 -12260 -12261 -12262 12263 -12264 -12265 -12266 
v -12267 -12268 12269 -12270 -12271 -12272 12273 12274 12275 -12276 -12277 
v -12278 -12279 -12280 12281 12282 12283 12284 12285 12286 12287 12288 12289 
v -12290 12291 -12292 -12293 -12294 -12295 -12296 -12297 12298 -12299 12300 
v -12301 12302 12303 12304 -12305 12306 12307 -12308 -12309 -12310 -12311 
v -12312 12313 -12314 -12315 12316 -12317 12318 12319 12320 -12321 12322 12323 
v 12324 12325 -12326 -12327 12328 -12329 12330 12331 12332 12333 -12334 -12335 
v 12336 -12337 12338 -12339 12340 12341 -12342 -12343 12344 -12345 -12346 
v -12347 -12348 -12349 -12350 -12351 -12352 -12353 -12354 -12355 12356 -12357 
v -12358 -12359 -12360 -12361 12362 -12363 -12364 -12365 -12366 -12367 12368 
v -12369 -12370 -12371 -12372 -12373 12374 12375 12376 -12377 12378 12379 12380 
v -12381 -12382 -12383 -12384 -12385 12386 12387 12388 -12389 -12390 -12391 
v 12392 12393 -12394 -12395 12396 -12397 12398 -12399 -12400 -12401 -12402 
v -12403 12404 12405 -12406 -12407 12408 -12409 12410 12411 12412 12413 12414 
v 12415 -12416 -12417 -12418 -12419 12420 -12421 -12422 -12423 -12424 12425 
v -12426 12427 -12428 12429 12430 -12431 -12432 12433 -12434 -12435 -12436 
v 12437 -12438 12439 -12440 -12441 -12442 -12443 -12444 12445 12446 -12447 
v -12448 12449 -12450 12451 -12452 -12453 -12454 12455 -12456 12457 12458 12459 
v -12460 -12461 -12462 -12463 -12464 -12465 -12466 12467 -12468 -12469 -12470 
v -12471 -12472 -12473 -12474 -12475 -12476 -12477 -12478 -12479 -12480 -12481 
v -12482 12483 -12484 -12485 -12486 -12487 -12488 -12489 -12490 -12491 -12492 
v -12493 -12494 -12495 -12496 -12497 -12498 -12499 -12500 12501 12502 -12503 
v -12504 12505 -12506 12507 -12508 12509 -12510 12511 -12512 12513 12514 12515 
v -12516 -12517 -12518 12519 -12520 -12521 -12522 -12523 -12524 12525 -12526 
v -12527 -12528 -12529 -12530 12531 -12532 -12533 -12534 -12535 -12536 12537 
v 12538 12539 12540 12541 -12542 -12543 -12544 -12545 -12546 -12547 -12548 
v -12549 -12550 -12551 -12552 -12553 -12554 -12555 -12556 -12557 -12558 -12559 
v -12560 -12561 -12562 -12563 -12564 -12565 -12566 -12567 -12568 -12569 -12570 
v -12571 -12572 -12573 -12574 -12575 -12576 -12577 -12578 -12579 -12580 -12581 
v -12582 -12583 -12584 -12585 -12586 -12587 -12588 -12589 -12590 -12591 -12592 
v -12593 -12594 -12595 -12596 -12597 -12598 -12599 -12600 -12601 -12602 -12603 
v -12604 -12605 -12606 -12607 -12608 -12609 -12610 -12611 -12612 -12613 -12614 
v -12615 -12616 -12617 -12618 -12619 -12620 -12621 -12622 -12623 -12624 -12625 
v -12626 -12627 -12628 -12629 -12630 -12631 -12632 -12633 -12634 -12635 -12636 
v -12637 -12638 -12639 -12640 -12641 -12642 -12643 -12644 -12645 -12646 -12647 
v -12648 -12649 -12650 -12651 -12652 -12653 -12654 -12655 -12656 -12657 -12658 
v -12659 -12660 -12661 -12662 -12663 -12664 -12665 -12666 -12667 -12668 -12669 
v -12670 -12671 -12672 -12673 -12674 -12675 -12676 12677 -12678 -12679 -12680 
v -12681 -12682 12683 -12684 -12685 -12686 -12687 -12688 12689 -12690 12691 
v -12692 12693 -12694 -12695 -12696 12697 -12698 -12699 -12700 -12701 -12702 
v -12703 -12704 12705 -12706 -12707 -12708 12709 12710 12711 -12712 12713 
v -12714 -12715 -12716 12717 -12718 -12719 -12720 -12721 -12722 12723 -12724 
v -12725 -12726 -12727 -12728 12729 -12730 12731 -12732 12733 -12734 -12735 
v -12736 -12737 -12738 -12739 -12740 -12741 -12742 -12743 -12744 -12745 -12746 
v -12747 -12748 12749 12750 -12751 -12752 12753 -12754 -12755 -12756 12757 
v 12758 12759 12760 12761 12762 -12763 -12764 12765 -12766 12767 -12768 -12769 
v -12770 -12771 -12772 -12773 -12774 -12775 -12776 -12777 12778 -12779 -12780 
v -12781 -12782 -12783 12784 -12785 12786 -12787 12788 12789 -12790 -12791 
v 12792 -12793 12794 12795 -12796 -12797 12798 -12799 12800 -12801 -12802 
v -12803 12804 -12805 12806 12807 12808 -12809 -12810 -12811 12812 -12813 
v -12814 -12815 12816 -12817 -12818 -12819 -12820 -12821 -12822 -12823 12824 
v -12825 12826 -12827 -12828 -12829 -12830 -12831 12832 12833 -12834 -12835 
v 12836 12837 -12838 -12839 -12840 -12841 12842 -12843 12844 -12845 12846 12847 
v -12848 -12849 12850 12851 12852 -12853 12854 12855 12856 -12857 12858 -12859 
v 12860 -12861 12862 12863 12864 12865 -12866 -12867 12868 12869 -12870 -12871 
v 12872 -12873 12874 12875 -12876 -12877 12878 -12879 12880 12881 12882 -12883 
v -12884 -12885 12886 12887 12888 12889 12890 12891 12892 12893 -12894 -12895 
v -12896 -12897 -12898 -12899 -12900 -12901 -12902 -12903 -12904 -12905 -12906 
v -12907 -12908 -12909 -12910 -12911 -12912 -12913 -12914 -12915 -12916 -12917 
v -12918 -12919 -12920 -12921 -12922 -12923 -12924 -12925 -12926 -12927 -12928 
v -12929 -12930 -12931 -12932 -12933 -12934 -12935 -12936 -12937 -12938 -12939 
v -12940 -12941 -12942 -12943 -12944 -12945 -12946 -12947 -12948 -12949 -12950 
v -12951 -12952 -12953 -12954 -12955 -12956 -12957 -12958 -12959 -12960 -12961 
v -12962 -12963 -12964 -12965 -12966 -12967 -12968 -12969 -12970 -12971 -12972 
v -12973 -12974 -12975 12976 -12977 -12978 -12979 -12980 -12981 -12982 -12983 
v -12984 -12985 -12986 -12987 12988 -12989 -12990 -12991 -12992 -12993 -12994 
v -12995 -12996 -12997 -12998 -12999 -13000 -13001 -13002 -13003 -13004 -13005 
v -13006 -13007 -13008 -13009 -13010 -13011 13012 -13013 -13014 -13015 -13016 
v -13017 -13018 -13019 -13020 -13021 -13022 -13023 -13024 -13025 13026 13027 
v 13028 -13029 13030 13031 13032 -13033 -13034 -13035 -13036 -13037 13038 13039 
v 13040 -13041 13042 -13043 -13044 -13045 -13046 -13047 13048 -13049 -13050 
v -13051 -13052 -13053 13054 -13055 -13056 -13057 13058 13059 13060 13061 13062 
v -13063 -13064 -13065 13066 13067 -13068 -13069 13070 -13071 13072 -13073 
v -13074 -13075 -13076 -13077 13078 13079 -13080 -13081 13082 -13083 -13084 
v -13085 -13086 -13087 13088 -13089 -13090 -13091 -13092 -13093 13094 -13095 
v -13096 -13097 13098 13099 13100 13101 -13102 -13103 -13104 -13105 13106 13107 
v 13108 13109 13110 13111 13112 13113 13114 13115 -13116 -13117 -13118 -13119 
v -13120 -13121 -13122 -13123 -13124 -13125 -13126 -13127 -13128 -13129 -13130 
v -13131 -13132 -13133 -13134 -13135 -13136 -13137 -13138 -13139 -13140 -13141 
v -13142 -13143 -13144 -13145 -13146 -13147 -13148 13149 -13150 -13151 -13152 
v 13153 -13154 13155 -13156 13157 -13158 -13159 -13160 13161 -13162 13163 
v -13164 13165 13166 13167 -13168 13169 13170 13171 -13172 13173 -13174 13175 
v 13176 -13177 -13178 13179 -13180 13181 13182 13183 -13184 13185 13186 13187 
v 13188 -13189 -13190 13191 -13192 13193 13194 13195 13196 -13197 -13198 13199 
v -13200 13201 -13202 13203 -13204 13205 -13206 -13207 -13208 -13209 -13210 
v 13211 13212 -13213 -13214 -13215 -13216 13217 13218 -13219 -13220 13221 
v -13222 13223 13224 -13225 -13226 13227 -13228 13229 13230 13231 -13232 -13233 
v -13234 13235 13236 13237 13238 13239 -13240 13241 -13242 -13243 -13244 -13245 
v -13246 -13247 -13248 13249 -13250 -13251 -13252 13253 -13254 -13255 -13256 
v -13257 -13258 -13259 -13260 -13261 -13262 -13263 -13264 -13265 -13266 -13267 
v -13268 13269 -13270 -13271 -13272 -13273 -13274 -13275 -13276 -13277 -13278 
v -13279 -13280 -13281 -13282 -13283 -13284 -13285 -13286 -13287 -13288 -13289 
v -13290 -13291 -13292 -13293 -13294 -13295 -13296 -13297 -13298 -13299 -13300 
v -13301 -13302 -13303 -13304 -13305 -13306 -13307 -13308 -13309 -13310 -13311 
v -13312 -13313 -13314 -13315 -13316 -13317 -13318 -13319 -13320 -13321 -13322 
v -13323 -13324 13325 -13326 -13327 -13328 -13329 -13330 -13331 -13332 -13333 
v -13334 -13335 -13336 -13337 -13338 -13339 -13340 -13341 -13342 -13343 -13344 
v -13345 -13346 -13347 -13348 -13349 -13350 -13351 -13352 -13353 -13354 -13355 
v -13356 -13357 -13358 -13359 -13360 -13361 -13362 -13363 -13364 -13365 -13366 
v -13367 -13368 -13369 -13370 -13371 -13372 -13373 -13374 13375 13376 -13377 
v -13378 13379 -13380 13381 -13382 -13383 -13384 -13385 -13386 13387 13388 
v 13389 -13390 13391 -13392 -13393 -13394 -13395 -13396 -13397 -13398 -13399 
v -13400 -13401 -13402 -13403 -13404 -13405 -13406 13407 13408 13409 -13410 
v 13411 -13412 -13413 -13414 13415 -13416 -13417 -13418 -13419 -13420 13421 
v -13422 -13423 -13424 -13425 -13426 13427 -13428 -13429 -13430 13431 -13432 
v -13433 -13434 -13435 -13436 13437 -13438 -13439 -13440 -13441 -13442 13443 
v -13444 -13445 -13446 13447 13448 13449 -13450 -13451 -13452 -13453 -13454 
v 13455 13456 13457 13458 13459 13460 13461 -13462 13463 -13464 -13465 -13466 
v -13467 -13468 -13469 13470 13471 -13472 -13473 -13474 13475 -13476 -13477 
v -13478 -13479 -13480 -13481 -13482 13483 -13484 13485 -13486 -13487 -13488 
v -13489 -13490 13491 13492 -13493 -13494 13495 -13496 -13497 -13498 -13499 
v -13500 -13501 -13502 13503 -13504 -13505 -13506 -13507 -13508 13509 -13510 
v -13511 -13512 13513 -13514 -13515 -13516 -13517 -13518 13519 -13520 13521 
v -13522 13523 13524 -13525 -13526 13527 -13528 13529 13530 -13531 -13532 13533 
v -13534 13535 -13536 -13537 -13538 -13539 -13540 13541 13542 -13543 -13544 
v -13545 -13546 13547 13548 -13549 -13550 13551 -13552 13553 -13554 -13555 
v -13556 -13557 -13558 13559 13560 -13561 -13562 -13563 -13564 13565 13566 
v -13567 -13568 13569 -13570 -13571 -13572 -13573 -13574 -13575 -13576 13577 
v -13578 -13579 -13580 -13581 -13582 13583 13584 13585 13586 -13587 -13588 
v -13589 -13590 -13591 -13592 -13593 -13594 -13595 -13596 -13597 -13598 13599 
v -13600 13601 -13602 -13603 -13604 -13605 -13606 -13607 -13608 -13609 -13610 
v -13611 -13612 -13613 -13614 -13615 -13616 13617 -13618 -13619 -13620 -13621 
v -13622 -13623 -13624 -13625 -13626 -13627 -13628 -13629 -13630 -13631 -13632 
v -13633 -13634 -13635 -13636 -13637 -13638 -13639 -13640 -13641 -13642 -13643 
v -13644 -13645 -13646 13647 -13648 13649 -13650 -13651 -13652 -13653 -13654 
v 13655 -13656 -13657 -13658 -13659 -13660 -13661 -13662 -13663 -13664 -13665 
v -13666 -13667 -13668 -13669 -13670 -13671 -13672 13673 13674 -13675 -13676 
v 13677 -13678 -13679 -13680 -13681 -13682 -13683 -13684 13685 -13686 -13687 
v -13688 -13689 -13690 -13691 -13692 -13693 -13694 -13695 -13696 -13697 -13698 
v -13699 -13700 -13701 -13702 -13703 -13704 -13705 -13706 -13707 -13708 13709 
v -13710 -13711 -13712 -13713 -13714 -13715 -13716 -13717 -13718 -13719 -13720 
v -13721 -13722 -13723 -13724 13725 -13726 13727 -13728 -13729 -13730 -13731 
v -13732 13733 -13734 -13735 -13736 13737 -13738 -13739 -13740 -13741 -13742 
v 13743 13744 -13745 -13746 13747 -13748 -13749 -13750 -13751 -13752 -13753 
v -13754 13755 -13756 -13757 -13758 -13759 -13760 -13761 -13762 -13763 -13764 
v -13765 -13766 -13767 -13768 -13769 -13770 -13771 -13772 13773 -13774 13775 
v -13776 -13777 -13778 -13779 -13780 13781 -13782 -13783 -13784 -13785 -13786 
v -13787 -13788 -13789 -13790 -13791 -13792 -13793 -13794 -13795 -13796 -13797 
v -13798 13799 13800 -13801 -13802 13803 -13804 -13805 -13806 -13807 -13808 
v -13809 -13810 13811 -13812 -13813 -13814 -13815 -13816 13817 -13818 -13819 
v -13820 -13821 -13822 -13823 -13824 -13825 -13826 -13827 -13828 -13829 -13830 
v -13831 -13832 -13833 -13834 13835 13836 -13837 -13838 -13839 -13840 -13841 
v -13842 -13843 -13844 -13845 -13846 -13847 -13848 -13849 -13850 -13851 -13852 
v -13853 -13854 -13855 -13856 -13857 -13858 -13859 -13860 -13861 -13862 -13863 
v -13864 -13865 -13866 -13867 -13868 -13869 -13870 -13871 -13872 -13873 -13874 
v -13875 -13876 -13877 -13878 -13879 -13880 -13881 -13882 -13883 -13884 -13885 
v -13886 -13887 -13888 -13889 -13890 -13891 -13892 -13893 -13894 -13895 -13896 
v -13897 -13898 -13899 -13900 -13901 -13902 -13903 -13904 -13905 -13906 -13907 
v -13908 -13909 -13910 -13911 -13912 -13913 -13914 -13915 -13916 -13917 -13918 
v -13919 -13920 -13921 -13922 -13923 -13924 -13925 -13926 -13927 -13928 -13929 
v -13930 -13931 -13932 -13933 -13934 -13935 -13936 -13937 -13938 -13939 -13940 
v -13941 -13942 -13943 -13944 -13945 -13946 -13947 -13948 -13949 -13950 -13951 
v -13952 -13953 -13954 -13955 -13956 -13957 -13958 -13959 -13960 -13961 -13962 
v -13963 -13964 -13965 -13966 -13967 -13968 -13969 -13970 -13971 -13972 -13973 
v -13974 13975 -13976 -13977 -13978 13979 -13980 -13981 -13982 -13983 -13984 
v -13985 -13986 -13987 -13988 -13989 -13990 -13991 -13992 -13993 -13994 13995 
v -13996 -13997 -13998 -13999 -14000 -14001 -14002 -14003 -14004 -14005 -14006 
v -14007 -14008 -14009 -14010 -14011 -14012 -14013 -14014 14015 -14016 14017 
v -14018 -14019 -14020 -14021 -14022 -14023 -14024 -14025 -14026 -14027 -14028 
v -14029 -14030 -14031 -14032 14033 -14034 -14035 -14036 -14037 -14038 -14039 
v -14040 -14041 -14042 -14043 -14044 -14045 -14046 -14047 -14048 -14049 -14050 
v 14051 14052 -14053 -14054 14055 -14056 -14057 -14058 -14059 -14060 -14061 
v -14062 14063 -14064 -14065 -14066 -14067 -14068 -14069 -14070 -14071 -14072 
v -14073 -14074 -14075 -14076 -14077 -14078 -14079 -14080 -14081 -14082 -14083 
v -14084 -14085 -14086 14087 -14088 -14089 -14090 -14091 -14092 -14093 -14094 
v -14095 -14096 -14097 -14098 -14099 -14100 14101 -14102 -14103 -14104 -14105 
v -14106 -14107 -14108 -14109 -14110 -14111 -14112 -14113 -14114 -14115 -14116 
v -14117 -14118 -14119 -14120 -14121 -14122 -14123 -14124 -14125 -14126 -14127 
v -14128 -14129 -14130 -14131 -14132 -14133 -14134 -14135 -14136 -14137 -14138 
v -14139 -14140 14141 -14142 -14143 -14144 -14145 -14146 -14147 -14148 -14149 
v -14150 -14151 -14152 -14153 -14154 -14155 -14156 -14157 -14158 -14159 -14160 
v -14161 -14162 -14163 -14164 -14165 -14166 -14167 -14168 -14169 -14170 -14171 
v -14172 -14173 -14174 -14175 -14176 -14177 -14178 -14179 -14180 14181 -14182 
v -14183 -14184 -14185 -14186 -14187 -14188 -14189 -14190 -14191 -14192 -14193 
v -14194 -14195 -14196 14197 14198 -14199 -14200 14201 -14202 -14203 -14204 
v -14205 -14206 -14207 -14208 14209 -14210 -14211 -14212 14213 -14214 -14215 
v -14216 -14217 -14218 -14219 -14220 -14221 -14222 -14223 -14224 -14225 -14226 
v -14227 -14228 14229 14230 -14231 -14232 -14233 -14234 -14235 -14236 14237 
v 14238 -14239 -14240 14241 -14242 -14243 -14244 -14245 -14246 -14247 -14248 
v 14249 -14250 -14251 -14252 -14253 -14254 -14255 -14256 -14257 -14258 -14259 
v -14260 -14261 -14262 -14263 -14264 -14265 -14266 -14267 -14268 14269 -14270 
v -14271 -14272 -14273 -14274 -14275 -14276 14277 14278 14279 14280 -14281 
v -14282 -14283 -14284 -14285 -14286 -14287 -14288 -14289 -14290 -14291 -14292 
v 14293 14294 -14295 -14296 14297 -14298 14299 -14300 -14301 -14302 -14303 
v -14304 14305 14306 -14307 -14308 14309 -14310 -14311 -14312 -14313 -14314 
v -14315 -14316 -14317 -14318 -14319 -14320 -14321 -14322 -14323 -14324 14325 
v 14326 14327 -14328 -14329 -14330 -14331 -14332 14333 14334 -14335 -14336 
v 14337 -14338 -14339 -14340 -14341 -14342 -14343 -14344 14345 -14346 -14347 
v -14348 14349 -14350 -14351 -14352 -14353 -14354 -14355 -14356 -14357 -14358 
v -14359 -14360 -14361 -14362 -14363 -14364 14365 14366 -14367 -14368 -14369 
v -14370 -14371 -14372 14373 14374 14375 14376 14377 14378 -14379 -14380 -14381 
v -14382 -14383 -14384 -14385 -14386 -14387 -14388 14389 14390 -14391 -14392 
v 14393 -14394 14395 14396 -14397 -14398 14399 -14400 14401 14402 14403 -14404 
v 14405 14406 -14407 -14408 14409 -14410 14411 -14412 -14413 -14414 -14415 
v -14416 14417 14418 -14419 -14420 14421 14422 14423 14424 14425 14426 -14427 
v -14428 14429 14430 -14431 -14432 14433 -14434 14435 -14436 -14437 -14438 
v -14439 -14440 14441 14442 -14443 -14444 14445 14446 -14447 -14448 14449 
v -14450 -14451 -14452 -14453 -14454 -14455 -14456 14457 -14458 -14459 -14460 
v 14461 14462 14463 14464 -14465 -14466 -14467 -14468 14469 14470 14471 14472 
v 14473 14474 14475 14476 14477 14478 14479 -14480 -14481 -14482 -14483 -14484 
v 14485 14486 14487 14488 14489 14490 14491 14492 14493 14494 14495 14496 14497 
v 14498 14499 14500 14501 14502 14503 14504 14505 14506 14507 14508 14509 14510 
v 14511 14512 14513 14514 14515 14516 14517 14518 14519 14520 14521 14522 14523 
v 14524 14525 14526 14527 14528 14529 14530 14531 14532 14533 14534 14535 14536 
v 14537 14538 14539 14540 14541 14542 14543 14544 14545 14546 14547 14548 14549 
v 14550 14551 14552 14553 14554 14555 14556 14557 14558 14559 14560 14561 14562 
v 14563 14564 14565 14566 14567 14568 14569 14570 14571 14572 14573 14574 14575 
v 14576 14577 14578 14579 14580 14581 14582 14583 14584 14585 14586 14587 14588 
v 14589 14590 14591 14592 14593 14594 14595 14596 14597 14598 14599 14600 14601 
v 14602 14603 14604 14605 14606 14607 14608 14609 14610 14611 14612 14613 14614 
v 14615 14616 14617 14618 14619 14620 14621 14622 14623 14624 14625 14626 14627 
v 14628 14629 14630 14631 14632 14633 14634 14635 14636 14637 14638 14639 14640 
v 14641 14642 14643 14644 14645 14646 14647 14648 14649 14650 14651 14652 14653 
v 14654 14655 14656 14657 14658 14659 14660 14661 14662 14663 14664 14665 14666 
v 14667 14668 14669 14670 14671 14672 14673 14674 14675 14676 14677 14678 14679 
v 14680 14681 14682 14683 14684 14685 14686 14687 14688 14689 14690 14691 14692 
v 14693 14694 14695 14696 14697 14698 14699 14700 14701 14702 14703 14704 14705 
v 14706 14707 14708 14709 14710 14711 14712 14713 14714 14715 14716 14717 14718 
v 14719 14720 14721 14722 14723 14724 14725 14726 14727 14728 14729 14730 14731 
v 14732 14733 14734 14735 14736 14737 14738 14739 14740 14741 14742 14743 14744 
v 14745 14746 14747 14748 14749 14750 14751 14752 14753 14754 14755 14756 14757 
v 14758 14759 14760 14761 14762 14763 14764 14765 14766 14767 14768 14769 14770 
v 14771 14772 14773 14774 14775 14776 14777 14778 14779 14780 14781 14782 14783 
v 14784 14785 14786 14787 14788 14789 14790 14791 14792 14793 14794 14795 14796 
v 14797 14798 14799 14800 14801 14802 14803 14804 14805 14806 14807 14808 14809 
v 14810 14811 14812 14813 14814 14815 14816 14817 14818 14819 14820 14821 14822 
v 14823 14824 14825 14826 14827 14828 14829 14830 14831 14832 14833 14834 14835 
v 14836 14837 14838 14839 14840 14841 14842 14843 14844 14845 14846 14847 14848 
v 14849 14850 14851 14852 14853 14854 14855 14856 14857 14858 14859 14860 14861 
v 14862 14863 14864 14865 14866 14867 14868 14869 14870 14871 14872 14873 14874 
v 14875 14876 14877 14878 14879 14880 14881 14882 14883 14884 14885 14886 14887 
v 14888 14889 14890 14891 14892 14893 14894 14895 14896 14897 14898 14899 14900 
v 14901 14902 14903 14904 14905 14906 14907 14908 14909 14910 0
c [g 0] truth-find prop checks  : 56K
c [g 0] -> of which prop        : 39.89 %
c [g 0] -> of which confl       :  1.53 %
c [g 0] elim called             : 9332
c [g 0] ---> which lead to prop : 110.41 %
c [g 0] ---> which lead to confl:  4.82 %
c [g 0] size: 47    x 98   

real	1m13.583s
user	1m12.852s
sys	0m0.123s
