c BreakID not compiled in, disabling
c CryptoMiniSat version 5.11.19
c CMS Copyright (C) 2009-2020 Authors of CryptoMiniSat, see AUTHORS file
c CMS SHA revision b80e09ebd7703fc13b987401d693d7d406a50441
c Using VMTF code by Armin Biere from CaDiCaL
c Using Yalsat by Armin Biere, see Balint et al. Improving implementation of SLS solvers [...], SAT'14
c Using WalkSAT by Henry Kautz, see Kautz and Selman Pushing the envelope: planning, propositional logic, and stochastic search, AAAI'96,
c CMS is MIT licensed
c Using code from 'When Boolean Satisfiability Meets Gauss-E. in a Simplex Way'
c       by C.-S. Han and J.-H. Roland Jiang in CAV 2012. Fixes by M. Soos
c Using CCAnr from 'CCAnr: A Conf. Checking Based Local Search Solver [...]'
c       by Shaowei Cai, Chuan Luo, and Kaile Su, SAT 2015
c CMS compilation env CMAKE_CXX_COMPILER = /usr/bin/c++ | CMAKE_CXX_FLAGS =  -fvisibility=hidden -Wall -Wextra -Wunused -Wsign-compare -fno-omit-frame-pointer -Wtype-limits -Wuninitialized -Wno-deprecated -Wstrict-aliasing -Wpointer-arith -Wpointer-arith -Wformat-nonliteral -Winit-self -Wparentheses -Wunreachable-code -g -Wno-class-memaccess -mpopcnt -msse4.2 -ggdb3 -Wlogical-op -Wrestrict -Wnull-dereference -Wdouble-promotion -Wshadow -Wformat=2 -Wextra-semi -pedantic | COMPILE_DEFINES =  -DRDB0_ONLY_FEATURES -DUSE_ZLIB -DYALSAT_FPU | STATICCOMPILE = OFF | ONLY_SIMPLE =  | STATS = OFF | SQLITE3_FOUND =  | ZLIB_FOUND = TRUE | VALGRIND_FOUND =  | ENABLE_TESTING = OFF | SLOW_DEBUG = OFF | ENABLE_ASSERTIONS = ON | PYTHON_EXECUTABLE =  | PYTHON_LIBRARY =  | PYTHON_INCLUDE_DIRS =  | MY_TARGETS =  | LARGEMEM = OFF | LIMITMEM = OFF | BREAKID_LIBRARIES =  | BREAKID-VER = . | BOSPHORUS_LIBRARIES =  | BOSPH-VER = . | compilation date time = Jul 13 2026 14:05:03
c CMS compiled with gcc version 11.5.0 20240719 (Red Hat 11.5.0-5)
c Executed with command line: ./cryptominisat5 ./instancesBreak/Syndrome_80_100/SD_90_50000.cnf_break.cnf
c Reading file './instancesBreak/Syndrome_80_100/SD_90_50000.cnf_break.cnf'
c -- header says num vars:          17388
c -- header says num clauses:       26223
c -- clauses added: 26178
c -- xor clauses added: 45
c -- vars added 17388
c Parsing time: 0.01 s
c [find&init matx] performing matrix init
c [gauss] XOR-encoding clauses are not detached, so no need to reattach them.
c [xor-rem-unconnected] left with 45 xors from 45 non-empty xors T: 0.00
c [xor-together] xored together: 0 orig xors: 45 new xors: 45 T: 0.00
c [xor-rem-unconnected] left with 45 xors from 45 non-empty xors T: 0.00
c [xor-clean-equiv] removed equivalent xors: 0 left with: 45
c [matrix] unused xors from cleaning: 0
c [matrix] Good   matrix  0     45 x   90  density:0.2696  xorlen avg: 24.27
c [matrix] Using 1 matrices recovered from 0 xors T: 0.00 T-out: N
c [branch] adjusting to: vsid (from: vsid) var_decay:0.95 descr: VSIDS
c rst  geom  stb   vs     1   118   17143 12706 16865    3.31    2.56     7    37    74     0   46.33   46.33
c rst  geom  stb   vs     2   240   17143 12706 16865    3.31    2.56     7    64   167     2   34.84   34.57
c  res  pol bran  nres  conf freevar  IrrL  IrrB l/longC  l/allC RedL0 RedL1 RedL2  RedB l/longC  l/allC
c rst  geom  stb   vs     3   375   17143 12706 16865    3.31    2.56     7    71   295     2   31.95   31.79
c rst  geom  stb   vs     4   522   17143 12706 16865    3.31    2.56     7    71   442     2   30.08   29.98
c rst  geom  stb   vs     5   684   17143 12706 16865    3.31    2.56     8    71   603     2   29.32   29.24
c rst  geom  stb   vs     6   861   17143 12706 16865    3.31    2.56     8    71   780     2   29.27   29.20
c rst  geom  stb   vs     7  1059   17143 12706 16865    3.31    2.56     8    71   978     2   29.79   29.73
c rst  geom  stb   vs     8  1272   17143 12706 16865    3.31    2.56     8    71  1191     2   29.79   29.75
c rst  geom  stb   vs     9  1506   17143 12706 16865    3.31    2.56     8    71  1425     2   29.66   29.63
c rst  geom  stb   vs    10  1763   17143 12706 16865    3.31    2.56     8    71  1682     2   29.24   29.20
c rst  geom  stb   vs    11  2045   17143 12706 16865    3.31    2.56     8    71  1964     2   28.89   28.86
c rst  geom  stb   vs    12  2356   17143 12706 16865    3.31    2.56     8    71  2275     2   28.72   28.70
c rst  geom  stb   vs    13  2697   17143 12706 16865    3.31    2.56     8    71  2616     2   28.30   28.28
c rst  geom  stb   vs    14  3072   17143 12706 16865    3.31    2.56     8    71  2991     2   28.39   28.37
c rst  geom  stb   vs    15  3482   17143 12706 16865    3.31    2.56     8    71  3401     2   28.82   28.80
c rst  geom  stb   vs    16  3933   17143 12706 16865    3.31    2.56     8    71  3852     2   29.16   29.14
c rst  geom  stb   vs    17  4427   17143 12706 16865    3.31    2.56     8    71  4346     2   29.84   29.82
c rst  geom  stb   vs    18  4971   17143 12706 16865    3.31    2.56     8    71  4890     2   30.39   30.38
c rst  geom  stb   vs    19  5570   17143 12706 16865    3.31    2.56     8    71  5489     2   30.75   30.74
c [branch] adjusting to: vmtf (from: vsid) var_decay:0.95 descr: VMTF
c [distill-long-red0] cls tried: 8/8 T: 0.00 T-out: N T-r: 100.00%
c [distill-long-red1] cls tried: 71/71 T: 0.00 T-out: N T-r: 94.45%
c rst  luby ibes  vmt    20  5671   17143 12706 16865    3.31    2.56    17    92  5558     4   30.72   30.70
c rst  luby ibes  vmt    21  5772   17143 12706 16865    3.31    2.56    17    92  5659     4   30.59   30.57
c rst  luby ibes  vmt    22  5974   17143 12706 16865    3.31    2.56    17    92  5861     4   30.43   30.42
c rst  luby ibes  vmt    23  6076   17143 12706 16865    3.31    2.56    17    92  5963     4   30.52   30.50
c rst  luby ibes  vmt    24  6177   17143 12706 16865    3.31    2.56    17    92  6064     4   30.52   30.51
c rst  luby ibes  vmt    25  6378   17143 12706 16865    3.31    2.56    17    92  6265     4   30.48   30.46
c rst  luby ibes  vmt    26  6781   17143 12706 16865    3.31    2.56    17    96  6663     5   30.51   30.49
c rst  luby ibes  vmt    27  6882   17143 12706 16865    3.31    2.56    17    96  6764     5   30.51   30.49
c rst  luby ibes  vmt    28  6984   17143 12706 16865    3.31    2.56    18    96  6865     5   30.45   30.43
c rst  luby ibes  vmt    29  7185   17143 12706 16865    3.31    2.56    18    96  7066     5   30.22   30.20
c rst  luby ibes  vmt    30  7286   17143 12706 16865    3.31    2.56    18    96  7167     5   30.15   30.13
c rst  luby ibes  vmt    31  7388   17143 12706 16865    3.31    2.56    18    96  7269     5   30.23   30.21
c rst  luby ibes  vmt    32  7589   17143 12706 16865    3.31    2.56    18    96  7470     5   30.00   29.98
c rst  luby ibes  vmt    33  7990   17143 12706 16865    3.31    2.56    18    96  7871     5   29.93   29.91
c rst  luby ibes  vmt    34  8791   17143 12706 16865    3.31    2.56    18    96  8672     5   29.93   29.91
c rst  luby ibes  vmt    35  8893   17143 12706 16865    3.31    2.56    18    96  8774     5   29.89   29.88
c rst  luby ibes  vmt    36  8995   17143 12706 16865    3.31    2.56    18    96  8876     5   29.97   29.95
c rst  luby ibes  vmt    37  9197   17143 12706 16865    3.31    2.56    18    96  9078     5   29.86   29.85
c rst  luby ibes  vmt    38  9299   17143 12706 16865    3.31    2.56    18    96  9180     5   29.82   29.80
c rst  luby ibes  vmt    39  9400   17143 12706 16865    3.31    2.56    18    96  9281     5   29.74   29.72
c rst  luby ibes  vmt    40  9602   17143 12706 16865    3.31    2.56    18    98  9481     5   29.74   29.72
c rst  luby ibes  vmt    41 10006   17143 12706 16865    3.31    2.56    52    64  9885     5   29.64   29.63
c rst  luby ibes  vmt    42 10107   17143 12706 16865    3.31    2.56    52    64  9986     5   29.70   29.69
c rst  luby ibes  vmt    43 10208   17143 12706 16865    3.31    2.56    52    64 10087     5   29.68   29.66
c rst  luby ibes  vmt    44 10409   17143 12706 16865    3.31    2.56    52    64 10288     5   29.74   29.73
c rst  luby ibes  vmt    45 10510   17143 12706 16865    3.31    2.56    52    64 10389     5   29.67   29.66
c rst  luby ibes  vmt    46 10612   17143 12706 16865    3.31    2.56    52    67 10487     6   29.64   29.62
c rst  luby ibes  vmt    47 10813   17143 12706 16865    3.31    2.56    52    67 10688     6   29.56   29.55
c rst  luby  svd  vmt    48 11214   17143 12706 16865    3.31    2.56    52    67 11089     6   29.97   29.96
c rst  luby  svd  vmt    49 12015   17143 12706 16865    3.31    2.56    52    67 11890     6   30.56   30.54
c [branch] adjusting to: vsid (from: vmtf) var_decay:0.95 descr: VSIDS
c [distill-bin] useful: 160/16865/16865 lits-rem: 0 cl-rem: 160 0-depth-assigns: 0 T: 0.02 T-out: N
c rst  geom  svd   vs    50 12129   17143 12706 16209    3.31    2.58    52    67 12004     6   30.59   30.57
c rst  geom  svd   vs    51 12251   17143 12706 16209    3.31    2.58    52    67 12126     6   30.61   30.60
c rst  geom  svd   vs    52 12386   17143 12706 16209    3.31    2.58    52    67 12261     6   30.64   30.62
c rst  geom  svd   vs    53 12533   17143 12706 16209    3.31    2.58    52    67 12408     6   30.69   30.68
c rst  geom  svd   vs    54 12694   17143 12706 16209    3.31    2.58    52    67 12569     6   30.76   30.74
c rst  geom  svd   vs    55 12871   17143 12706 16209    3.31    2.58    52    67 12746     6   30.86   30.85
c rst  geom  svd   vs    56 13066   17143 12706 16209    3.31    2.58    52    67 12941     6   30.95   30.93
c rst  geom  svd   vs    57 13280   17143 12706 16209    3.31    2.58    52    67 13155     6   30.99   30.97
c rst  geom  svd   vs    58 13514   17143 12706 16209    3.31    2.58    52    67 13389     6   30.97   30.95
c rst  geom  svd   vs    59 13774   17143 12706 16209    3.31    2.58    52    67 13649     6   30.96   30.95
c rst  geom  svd   vs    60 14058   17143 12706 16209    3.31    2.58    52    67 13933     6   30.96   30.95
c rst  geom  svd   vs    61 14368   17143 12706 16209    3.31    2.58    52    67 14243     6   31.00   30.98
c rst  geom  svd   vs    62 14708   17143 12706 16209    3.31    2.58    52    67 14583     6   31.05   31.04
c rst  geom  svd   vs    63 15081   17143 12706 16209    3.31    2.58    53   104 14918     6   31.06   31.05
c rst  geom  svd   vs    64 15491   17143 12706 16209    3.31    2.58    53   104 15328     6   31.07   31.06
c rst  geom  svd   vs    65 15944   17143 12706 16209    3.31    2.58    53   104 15781     6   31.04   31.03
c rst  geom  svd   vs    66 16438   17143 12706 16209    3.31    2.58    53   104 16275     6   31.08   31.07
c rst  geom best   vs    67 16981   17143 12706 16209    3.31    2.58    53   104 16818     6   31.39   31.38
c rst  geom best   vs    68 17578   17143 12706 16209    3.31    2.58    53   104 17415     6   31.64   31.63
c rst  geom best   vs    69 18234   17143 12706 16209    3.31    2.58    53   104 18071     6   31.83   31.82
c [branch] adjusting to: vmtf (from: vsid) var_decay:0.95 descr: VMTF
c rst  luby best  vmt    70 18336   17143 12706 16209    3.31    2.58    53   104 18173     6   31.89   31.88
c rst  luby best  vmt    71 18438   17143 12706 16209    3.31    2.58    53   104 18275     6   31.93   31.92
c rst  luby best  vmt    72 18639   17143 12706 16209    3.31    2.58    53   104 18476     6   32.00   31.99
c rst  luby best  vmt    73 18741   17143 12706 16209    3.31    2.58    53   104 18578     6   32.04   32.03
c rst  luby best  vmt    74 18842   17143 12706 16209    3.31    2.58    53   104 18679     6   32.06   32.05
c rst  luby best  vmt    75 19043   17143 12706 16209    3.31    2.58    53   104 18880     6   32.02   32.01
c rst  luby best  vmt    76 19446   17143 12706 16209    3.31    2.58    53   104 19283     6   32.01   32.01
c rst  luby best  vmt    77 19548   17143 12706 16209    3.31    2.58    53   104 19385     6   32.02   32.01
c rst  luby best  vmt    78 19651   17143 12706 16209    3.31    2.58    53   104 19488     6   32.04   32.03
c rst  luby best  vmt    79 19853   17143 12706 16209    3.31    2.58    53   104 19690     6   32.14   32.13
c rst  luby best  vmt    80 19955   17143 12706 16209    3.31    2.58    53   104 19792     6   32.15   32.14
c rst  luby best  vmt    81   20K   17143 12706 16209    3.31    2.58    56   101 19895     6   32.17   32.17
c [full-probe]  bin_only: 1 set: 0 repl: 0 T: 0.01 T-out: N T-r: 99.28%
c rst  luby best  vmt    82   20K   17143 12706 16209    3.31    2.58    56   101   20K     6   32.24   32.23
c rst  luby best  vmt    83   20K   17143 12706 16209    3.31    2.58    56   101   20K     6   32.43   32.42
c [distill-long-red0] cls tried: 21/21 T: 0.00 T-out: N T-r: 99.98%
c [distill-long-red1] cls tried: 57/57 T: 0.01 T-out: N T-r: 57.26%
c rst  luby best  vmt    84   21K   17140 12706 16209    3.31    2.58    55   100   21K     7   32.63   32.62
c rst  luby best  vmt    85   21K   17140 12706 16209    3.31    2.58    55   100   21K     7   32.66   32.65
c rst  luby best  vmt    86   21K   17140 12706 16209    3.31    2.58    55   100   21K     7   32.68   32.67
c rst  luby  stb  vmt    87   21K   17140 12706 16209    3.31    2.58    55   100   21K     7   32.69   32.68
c rst  luby  stb  vmt    88   21K   17140 12706 16209    3.31    2.58    55   100   21K     7   32.72   32.71
c rst  luby  stb  vmt    89   22K   17140 12706 16209    3.31    2.58    55   100   21K     7   32.73   32.72
c rst  luby  stb  vmt    90   22K   17140 12706 16209    3.31    2.58    55   100   22K     7   32.79   32.78
c rst  luby  stb  vmt    91   22K   17140 12706 16209    3.31    2.58    55   100   22K     7   32.94   32.93
c rst  luby  stb  vmt    92   22K   17140 12706 16209    3.31    2.58    55   100   22K     7   32.94   32.93
c rst  luby  stb  vmt    93   22K   17140 12706 16209    3.31    2.58    55   100   22K     7   32.94   32.93
c rst  luby  stb  vmt    94   23K   17140 12706 16209    3.31    2.58    55   100   22K     7   32.91   32.90
c rst  luby  stb  vmt    95   23K   17140 12706 16209    3.31    2.58    55   100   23K     7   32.91   32.90
c rst  luby  stb  vmt    96   23K   17140 12706 16209    3.31    2.58    55   100   23K     7   32.90   32.90
c rst  luby  stb  vmt    97   23K   17140 12706 16209    3.31    2.58    55   100   23K     7   32.92   32.91
c rst  luby  stb  vmt    98   23K   17140 12706 16209    3.31    2.58    55   100   23K     7   32.95   32.94
c rst  luby  stb  vmt    99   24K   17140 12706 16209    3.31    2.58    55   100   24K     7   32.87   32.86
c rst  luby  stb  vmt   100   26K   17140 12706 16209    3.31    2.58    55   100   26K     7   32.51   32.50
c [branch] adjusting to: vsid (from: vmtf) var_decay:0.95 descr: VSIDS
c [distill] watch-based irred--  cl tried    16606 cl-sh   158 cl-rem    0 lit-rem    158 T: 0.00 T-out: N
c [distill] watch-based   red--  cl tried      110 cl-sh     0 cl-rem    0 lit-rem      0 T: 0.00 T-out: N
c rst  geom  stb   vs   101   26K   17140 12153 16556    3.32    2.56    55   100   26K     7   32.50   32.49
c rst  geom  stb   vs   102   26K   17140 12153 16556    3.32    2.56    55   100   26K     7   32.51   32.50
c rst  geom  stb   vs   103   26K   17140 12153 16556    3.32    2.56    55   100   26K     7   32.52   32.51
c rst  geom  stb   vs   104   26K   17140 12153 16556    3.32    2.56    55   100   26K     7   32.51   32.50
c rst  geom  stb   vs   105   26K   17140 12153 16556    3.32    2.56    55   100   26K     7   32.51   32.50
c rst  geom ibes   vs   106   27K   17140 12153 16556    3.32    2.56    55   100   26K     7   32.44   32.44
c rst  geom ibes   vs   107   27K   17140 12153 16556    3.32    2.56    55   100   27K     7   32.36   32.35
c rst  geom ibes   vs   108   27K   17140 12153 16556    3.32    2.56    55   100   27K     7   32.28   32.27
c rst  geom ibes   vs   109   27K   17140 12153 16556    3.32    2.56    55   100   27K     7   32.18   32.17
c rst  geom ibes   vs   110   28K   17140 12153 16556    3.32    2.56    55   100   27K     7   32.08   32.07
c rst  geom ibes   vs   111   28K   17140 12153 16556    3.32    2.56    55   100   28K     7   31.95   31.94
c rst  geom ibes   vs   112   28K   17140 12153 16556    3.32    2.56    55   106   28K     7   31.82   31.81
c rst  geom ibes   vs   113   28K   17140 12153 16556    3.32    2.56    55   108   28K     7   31.67   31.67
c rst  geom ibes   vs   114   29K   17140 12153 16556    3.32    2.56    55   109   29K     7   31.54   31.53
c rst  geom ibes   vs   115   29K   17140 12153 16556    3.32    2.56    55   110   29K     7   31.39   31.38
c rst  geom ibes   vs   116   30K   17140 12153 16556    3.32    2.56    58   134   22K     7   31.52   31.51
c rst  geom ibes   vs   117   30K   17140 12153 16556    3.32    2.56    58   134   22K     7   31.27   31.26
c rst  geom ibes   vs   118   31K   17140 12153 16556    3.32    2.56    58   136   23K     7   30.98   30.97
c rst  geom ibes   vs   119   31K   17140 12153 16556    3.32    2.56    58   139   23K     7   30.70   30.69
c rst  geom ibes   vs   120   32K   17140 12153 16556    3.32    2.56    58   144   24K     7   30.41   30.41
c [distill-bin] useful: 0/16556/16556 lits-rem: 0 cl-rem: 0 0-depth-assigns: 0 T: 0.02 T-out: N
c rst  geom  svd   vs   121   33K   17140 12153 16556    3.32    2.56    58   144   25K     7   30.47   30.46
c rst  geom  svd   vs   122   34K   17140 12153 16556    3.32    2.56    58   144   25K     7   30.55   30.54
c [branch] adjusting to: vmtf (from: vsid) var_decay:0.95 descr: VMTF
c rst  luby  svd  vmt   123   34K   17140 12153 16556    3.32    2.56    58   144   25K     7   30.59   30.58
c rst  luby  svd  vmt   124   34K   17140 12153 16556    3.32    2.56    58   144   26K     7   30.62   30.61
c rst  luby  svd  vmt   125   34K   17140 12153 16556    3.32    2.56    58   144   26K     7   30.67   30.66
c rst  luby  svd  vmt   126   34K   17140 12153 16556    3.32    2.56    58   144   26K     7   30.68   30.67
c rst  luby  svd  vmt   127   34K   17140 12153 16556    3.32    2.56    58   144   26K     7   30.71   30.70
c rst  luby  svd  vmt   128   34K   17140 12153 16556    3.32    2.56    58   144   26K     7   30.79   30.78
c rst  luby  svd  vmt   129   35K   17140 12153 16556    3.32    2.56    58   144   27K     7   30.87   30.86
c rst  luby  svd  vmt   130   35K   17140 12153 16556    3.32    2.56    58   144   27K     7   30.88   30.87
c rst  luby  svd  vmt   131   35K   17140 12153 16556    3.32    2.56    58   144   27K     7   30.89   30.88
c rst  luby  svd  vmt   132   35K   17140 12153 16556    3.32    2.56    58   144   27K     7   30.93   30.93
c rst  luby  svd  vmt   133   35K   17140 12153 16556    3.32    2.56    58   144   27K     7   30.95   30.94
c [distill-long-red0] cls tried: 1/1 T: 0.00 T-out: N T-r: 100.00%
c [distill-long-red1] cls tried: 46/46 T: 0.01 T-out: N T-r: 43.53%
c rst  luby  svd  vmt   134   35K   17140 12153 16556    3.32    2.56    58   144   27K     7   30.96   30.96
c rst  luby  svd  vmt   135   36K   17140 12153 16556    3.32    2.56    58   144   27K     7   30.99   30.98
c rst  luby  svd  vmt   136   36K   17140 12153 16556    3.32    2.56    58   144   28K     7   31.02   31.01
c rst  luby  svd  vmt   137   37K   17140 12153 16556    3.32    2.56    58   144   29K     7   31.01   31.00
c rst  luby  svd  vmt   138   37K   17140 12153 16556    3.32    2.56    58   144   29K     7   31.02   31.01
c rst  luby  svd  vmt   139   37K   17140 12153 16556    3.32    2.56    58   144   29K     7   31.03   31.02
c rst  luby  svd  vmt   140   37K   17140 12153 16556    3.32    2.56    58   144   29K     7   31.06   31.06
c rst  luby  svd  vmt   141   37K   17140 12153 16556    3.32    2.56    58   144   29K     7   31.06   31.06
c rst  luby  svd  vmt   142   37K   17140 12153 16556    3.32    2.56    58   144   29K     7   31.06   31.06
c rst  luby  svd  vmt   143   38K   17140 12153 16556    3.32    2.56    58   144   29K     7   31.12   31.11
c rst  geom best  vmt   144   38K   17140 12153 16556    3.32    2.56    58   147   29K     7   31.11   31.10
c rst  geom best  vmt   145   38K   17140 12153 16556    3.32    2.56    58   147   30K     7   31.12   31.12
c rst  geom best  vmt   146   38K   17140 12153 16556    3.32    2.56    58   147   30K     7   31.10   31.10
c rst  geom best  vmt   147   38K   17140 12153 16556    3.32    2.56    58   147   30K     7   31.08   31.08
c rst  geom best  vmt   148   38K   17140 12153 16556    3.32    2.56    58   147   30K     7   31.07   31.06
c rst  geom best  vmt   149   38K   17140 12153 16556    3.32    2.56    58   147   30K     7   31.05   31.04
c rst  geom best  vmt   150   39K   17140 12153 16556    3.32    2.56    58   147   30K     7   31.05   31.04
c rst  geom best  vmt   151   39K   17140 12153 16556    3.32    2.56    58   147   31K     7   31.03   31.02
c rst  geom best  vmt   152   39K   17140 12153 16556    3.32    2.56    58   147   31K     7   31.07   31.07
c rst  geom best  vmt   153   39K   17140 12153 16556    3.32    2.56    58   147   31K     7   31.05   31.05
c rst  geom best  vmt   154   40K   17140 12153 16556    3.32    2.56    61   144   31K     7   31.01   31.00
c [full-probe]  bin_only: 0 set: 17 repl: 0 T: 0.02 T-out: N T-r: 97.13%
c [impl-str] lit bin: 0 set-var: 0 T: 0.00 T-out: N T-r: 99.84% w-visit: 35706
c [impl-sub] bin: 2 T: 0.00 T-out: N w-visit: 35706
c rst  geom best  vmt   155   40K   17123 12153 16556    3.32    2.56    61   144   32K     5   30.99   30.99
c rst  geom best  vmt   156   40K   17123 12153 16556    3.32    2.56    61   144   32K     5   30.99   30.99
c rst  geom best  vmt   157   41K   17123 12153 16556    3.32    2.56    61   144   32K     5   31.00   30.99
c rst  geom best  vmt   158   41K   17123 12153 16556    3.32    2.56    61   144   33K     5   30.97   30.97
c rst  geom best  vmt   159   41K   17123 12153 16556    3.32    2.56    61   144   33K     5   30.94   30.94
c rst  geom best  vmt   160   42K   17123 12153 16556    3.32    2.56    61   144   34K     5   30.90   30.90
c [branch] adjusting to: vsid (from: vmtf) var_decay:0.95 descr: VSIDS
c rst  geom best   vs   161   42K   17123 12153 16556    3.32    2.56    61   144   34K     5   30.88   30.88
c rst  geom best   vs   162   42K   17123 12153 16556    3.32    2.56    61   144   34K     5   30.87   30.86
c rst  geom best   vs   163   42K   17123 12153 16556    3.32    2.56    61   144   34K     5   30.85   30.84
c rst  geom best   vs   164   42K   17123 12153 16556    3.32    2.56    61   145   34K     5   30.81   30.80
c rst  geom best   vs   165   43K   17123 12153 16556    3.32    2.56    61   145   34K     5   30.78   30.78
c rst  geom best   vs   166   43K   17123 12153 16556    3.32    2.56    61   145   35K     5   30.77   30.77
c rst  geom best   vs   167   43K   17123 12153 16556    3.32    2.56    61   145   35K     5   30.76   30.76
c rst  geom  stb   vs   168   43K   17123 12153 16556    3.32    2.56    61   145   35K     5   30.74   30.74
c rst  geom  stb   vs   169   43K   17123 12153 16556    3.32    2.56    61   145   35K     5   30.74   30.74
c rst  geom  stb   vs   170   44K   17123 12153 16556    3.32    2.56    61   145   36K     5   30.72   30.71
c [ccnr] tries: 0 steps: 262143 best found: 3
c [ccnr] tries: 0 steps: 524287 best found: 3
c [ccnr] tries: 0 steps: 786431 best found: 3
c [ccnr] saving best assignment phase to stable_polar
c [ccnr] bumping based on clause weights
c [ccnr] Bumped vars: 101 bump type: 6
c [ccnr] time: 0.69
c rst  geom  stb   vs   171   44K   17123 12153 16556    3.32    2.56    61   145   36K     5   30.77   30.77
c rst  geom  stb   vs   172   44K   17123 12153 16556    3.32    2.56    61   145   36K     5   30.79   30.78
c rst  geom  stb   vs   173   45K   17123 12153 16556    3.32    2.56    64   169   27K     5   29.84   29.84
c rst  geom  stb   vs   174   45K   17123 12153 16556    3.32    2.56    64   169   27K     5   29.87   29.86
c rst  geom  stb   vs   175   45K   17123 12153 16556    3.32    2.56    64   169   27K     5   29.88   29.88
c rst  geom  stb   vs   176   46K   17123 12153 16556    3.32    2.56    64   169   28K     5   29.82   29.82
c rst  geom  stb   vs   177   46K   17123 12153 16556    3.32    2.56    64   169   28K     5   29.75   29.75
c rst  geom  stb   vs   178   47K   17123 12153 16556    3.32    2.56    64   169   29K     5   29.75   29.74
c rst  geom  stb   vs   179   48K   17123 12153 16556    3.32    2.56    64   169   29K     5   29.69   29.68
c rst  geom  stb   vs   180   48K   17123 12153 16556    3.32    2.56    64   169   30K     5   29.73   29.72
c rst  geom  stb   vs   181   49K   17123 12153 16556    3.32    2.56    64   169   31K     5   29.73   29.72
c rst  geom ibes   vs   182   50K   17123 12153 16556    3.32    2.56    65   168   32K     5   29.49   29.49
c [gauss] XOR-encoding clauses are not detached, so no need to reattach them.
c [g 0] truth-find prop checks  : 861K
c [g 0] -> of which prop        : 37.16 %
c [g 0] -> of which confl       :  1.77 %
c [g 0] elim called             : 129K
c [g 0] ---> which lead to prop : 134.29 %
c [g 0] ---> which lead to confl:  8.75 %
c [g 0] size: 45    x 90   
c [scc] new: 0 BP 0M T: 0.00
c [vrep] vars 0 lits 0 rem-bin-cls 0 rem-long-cls 0 BP 0M T: 0.00
c [intree] Set 0 vars hyper-added: 1496 trans-irred: 0 trans-red: 66 T: 0.02 T-out: N T-r: -0.48%
c [find&init matx] performing matrix init
c [gauss] XOR-encoding clauses are not detached, so no need to reattach them.
c [xor-rem-unconnected] left with 45 xors from 45 non-empty xors T: 0.00
c [xor-together] xored together: 0 orig xors: 45 new xors: 45 T: 0.00
c [xor-rem-unconnected] left with 45 xors from 45 non-empty xors T: 0.00
c [xor-clean-equiv] removed equivalent xors: 0 left with: 45
c [matrix] unused xors from cleaning: 0
c [matrix] Good   matrix 0 45      x90     density:0.2696  xorlen avg: 24.27
c [matrix] Using 1 matrices recovered from 0 xors T: 0.00 T-out: N
c rst  geom ibes vs   183   51  K 17123   12153 16522 3.32    2.56       65   169   33K  1435 29.24   28.11  
c [distill-long-red0] cls tried: 4/4 T: 0.00 T-out: N T-r: 99.98%
c [distill-long-red1] cls tried: 28/28 T: 0.01 T-out: N T-r: 61.22%
c rst  geom ibes vs   184   52  K 17123   12153 16522 3.32    2.56       66   169   33K  1435 28.98   27.89  
c [distill] watch-based irred--  cl tried 16290    cl-sh 0     cl-rem 0    lit-rem 0      T: 0.00 T-out: N
c [distill] watch-based red  --  cl tried 132      cl-sh 0     cl-rem 0    lit-rem 0      T: 0.00 T-out: N
c rst  geom ibes vs   185   53  K 17123   12153 16522 3.32    2.56       66   169   35K  1435 28.67   27.63  
c [branch] adjusting to: vmtf (from: vsid) var_decay:0.95 descr: VMTF
c [distill-bin] useful: 0/16522/16522 lits-rem: 0 cl-rem: 0 0-depth-assigns: 0 T: 0.02 T-out: N
c rst  luby ibes vmt  186   53  K 17123   12153 16522 3.32    2.56       66   190   35K  1435 28.70   27.66  
c rst  luby ibes vmt  187   53  K 17123   12153 16522 3.32    2.56       66   190   35K  1435 28.68   27.65  
c rst  luby ibes vmt  188   53  K 17123   12153 16522 3.32    2.56       66   190   35K  1435 28.72   27.68  
c rst  luby ibes vmt  189   53  K 17123   12153 16522 3.32    2.56       66   190   35K  1435 28.71   27.68  
c rst  luby ibes vmt  190   53  K 17123   12153 16522 3.32    2.56       66   190   35K  1435 28.69   27.66  
c rst  luby ibes vmt  191   53  K 17123   12153 16522 3.32    2.56       66   194   35K  1435 28.67   27.65  
c rst  luby ibes vmt  192   54  K 17123   12153 16522 3.32    2.56       66   194   36K  1435 28.69   27.68  
c rst  luby ibes vmt  193   54  K 17123   12153 16522 3.32    2.56       66   194   36K  1435 28.69   27.68  
c rst  luby ibes vmt  194   54  K 17123   12153 16522 3.32    2.56       66   194   36K  1435 28.68   27.67  
c rst  luby ibes vmt  195   54  K 17123   12153 16522 3.32    2.56       66   194   36K  1435 28.68   27.69  
c rst  luby ibes vmt  196   54  K 17123   12153 16522 3.32    2.56       66   194   36K  1435 28.70   27.71  
c rst  luby ibes vmt  197   54  K 17123   12153 16522 3.32    2.56       66   194   36K  1435 28.70   27.71  
c rst  luby ibes vmt  198   55  K 17123   12153 16522 3.32    2.56       66   194   37K  1435 28.69   27.71  
c rst  luby svd  vmt  199   55  K 17123   12153 16522 3.32    2.56       66   194   37K  1435 28.71   27.73  
c rst  luby svd  vmt  200   56  K 17123   12153 16522 3.32    2.56       66   194   37K  1435 28.71   27.74  
c recursive minimization cost OK: 406Kcost/(% lits removed)
c [gauss] XOR-encoding clauses are not detached, so no need to reattach them.
c [g 0] truth-find prop checks  : 125K
c [g 0] -> of which prop        : 27.61 %
c [g 0] -> of which confl       :  1.54 %
c [g 0] elim called             : 19269
c [g 0] ---> which lead to prop : 102.06 %
c [g 0] ---> which lead to confl:  5.76 %
c [g 0] size: 45    x 90   
c --> Executing strategy token: scc-vrepl
c [scc] new: 0 BP 0M T: 0.00
c --> Executing strategy token: sub-impl
c [impl-sub] bin: 0 T: 0.00 T-out: N w-visit: 35706
c --> Executing strategy token: breakid
c --> Executing OCC strategy token(s): 'occ-backw-sub-str,occ-clean-implicit,occ-bve,occ-bva,occ-ternary-res,occ-xor,'
c [occ] mem usage for occur 1      MB
c [occ] Linked in IRRED BIN by default: 16522
c [occ] Linked in RED   BIN by default: 1435
c [occ] mem usage for occur 1      MB
c Mem for watch alloc      : 3           MB (14.11     %)
c Mem for watch array      : 1           MB (4.01      %)
c --> Executing OCC strategy token: occ-backw-sub-str
c [occ-backw-sub-str-long-w-bins] subs: 0 str: 0 tried: 17957 0-depth ass: 0 T: 0.00 T-out: N T-r: 97.95%
c [occ-backw-sub-long-w-long] rem cl: 13 tried: 50341/50341 (100.0%) T: 0.01 T-out: N T-r: 99.13%
c [occ-backw-sub-str-long-w-long] sub: 0 str: 0 tried: 151023/50341 (300.0)  T: 0.03 T-out: N T-r: 94.29%
c --> Executing OCC strategy token: occ-clean-implicit
c --> Executing OCC strategy token: occ-bve
c [occ-empty-res] Empty resolvent elimed: 2592 T: 0.00 T-out: N
c [occ-bve] turning off picosat-based irreg gate detection, added lits:  210K
c [occ-bve] iter v-elim 10188
c cl_inc_rate=0.5, var_dec_rate=3.3 (grow=0)
c Reduced to 4343 vars, 13181 cls (grow=0)
c [occ-bve] iter v-elim 1203
c cl_inc_rate=1.3, var_dec_rate=1.4 (grow=8)
c Reduced to 3140 vars, 16735 cls (grow=8)
c [occ-bve] iter v-elim 552
c cl_inc_rate=1.4, var_dec_rate=1.2 (grow=16)
c Reduced to 2588 vars, 23705 cls (grow=16)
c x n vars       : 2588
c #try to eliminate:   37K
c #var-elim        : 11943
c #T-o: N
c #T-r: 99.93%
c #T  : 1.12
c [occur] 0.03 is overhead
c [occur] link-in T: 0.03 cleanup T: 0.00
c --> Executing OCC strategy token: occ-bva
c --> Executing OCC strategy token: occ-ternary-res
c [occ-ternary-res] Ternary res-tri: 24 res-bin: 0 sub: 5 str: 1 T: 0.01 T-out: N T-r: 95.18%
c --> Executing OCC strategy token: occ-xor
c [occ-xor] sort occur list T: 0.00
c [xor-clean-equiv] removed equivalent xors: 0 left with: 266
c [occ-xor] found    266 avg sz 5.6 min sz  4 max sz  6 T: 0.01 T-out: N T-r: 99.96%
c --> Executing strategy token: card-find
c --> Executing strategy token: cl-consolidate
c [mem] consolidate  old-sz: 8337K new-sz: 1155K new bits offs: 18 T: 0.00
c --> Executing strategy token: scc-vrepl
c [scc] new: 0 BP 0M T: 0.00
c --> Executing strategy token: renumber
c [gauss] XOR-encoding clauses are not detached, so no need to reattach them.
c [renumber] T: 0.00
c --> Executing strategy token: bosphorus
c --> Executing strategy token: louvain-comms
c [consolidate] mini T: 0.00
c global_timeout_multiplier: 3.3000
c [branch] rebuilding order heap for all branchings. Current branching: vmtf
c [find&init matx] performing matrix init
c [gauss] XOR-encoding clauses are not detached, so no need to reattach them.
c [xor-rem-unconnected] left with 266 xors from 266 non-empty xors T: 0.00
c [xor-together] xored together: 221 orig xors: 266 new xors: 45 T: 0.00
c [xor-rem-unconnected] left with 45 xors from 45 non-empty xors T: 0.00
c [xor-clean-equiv] removed equivalent xors: 0 left with: 45
c [matrix] unused xors from cleaning: 0
c [matrix] Good   matrix  0     45 x   90  density:0.2563  xorlen avg: 23.07
c [matrix] Using 1 matrices recovered from 0 xors T: 0.00 T-out: N
c rst  luby  svd  vmt   201   56K    2588   21K  2438    6.57    6.10     2    20   317   226   27.40   17.24
c rst  luby  svd  vmt   202   56K    2588   21K  2438    6.57    6.10     2    20   419   226   29.24   20.01
c rst  luby  svd  vmt   203   56K    2588   21K  2438    6.57    6.10     2    20   522   226   29.18   21.20
c rst  luby  svd  vmt   204   56K    2588   21K  2438    6.57    6.10     2    20   725   226   29.43   23.06
c rst  luby  svd  vmt   205   56K    2588   21K  2438    6.57    6.10     2    20   826   226   29.99   24.10
c rst  luby  svd  vmt   206   56K    2588   21K  2438    6.57    6.10     2    20   929   226   30.69   25.18
c rst  luby  svd  vmt   207   57K    2588   21K  2438    6.57    6.10     2    20  1132   226   31.98   27.07
c rst  luby  svd  vmt   208   57K    2588   21K  2438    6.57    6.10     2    20  1533   226   33.55   29.55
c rst  luby  svd  vmt   209   57K    2588   21K  2438    6.57    6.10     2    21  1635   226   33.77   29.96
c rst  luby  svd  vmt   210   57K    2588   21K  2438    6.57    6.10     2    21  1736   226   34.13   30.48
c rst  luby  svd  vmt   211   57K    2588   21K  2438    6.57    6.10     2    21  1937   226   34.39   31.04
c rst  luby  svd  vmt   212   58K    2588   21K  2438    6.57    6.10     2    21  2039   226   34.38   31.18
c rst  luby  svd  vmt   213   58K    2588   21K  2438    6.57    6.10     2    22  2139   226   34.28   31.23
c rst  luby  svd  vmt   214   58K    2588   21K  2438    6.57    6.10     2    25  2337   226   34.27   31.46
c rst  luby  svd  vmt   215   58K    2588   21K  2438    6.57    6.10     2    25  2741   226   33.97   31.55
c rst  luby  svd  vmt   216   59K    2588   21K  2438    6.57    6.10     2    25  3542   226   33.99   32.09
c rst  luby  svd  vmt   217   61K    2588   21K  2438    6.57    6.10     3    25  4906   226   33.87   32.47
c [full-probe]  bin_only: 1 set: 0 repl: 0 T: 0.00 T-out: N T-r: 99.89%
c rst  geom best  vmt   218   61K    2588   21K  2438    6.57    6.10     3    25  5017   226   33.79   32.42
c rst  geom best  vmt   219   61K    2588   21K  2438    6.57    6.10     3    25  5139   226   33.74   32.41
c rst  geom best  vmt   220   61K    2588   21K  2438    6.57    6.10     3    26  5273   226   33.60   32.30
c rst  geom best  vmt   221   61K    2588   21K  2438    6.57    6.10     3    26  5422   226   33.53   32.28
c rst  geom best  vmt   222   61K    2588   21K  2438    6.57    6.10     3    26  5583   226   33.40   32.18
c rst  geom best  vmt   223   62K    2588   21K  2438    6.57    6.10     4    29  5757   226   33.16   31.99
c rst  geom best  vmt   224   62K    2588   21K  2438    6.57    6.10     4    30  5956   226   33.02   31.89
c rst  geom best  vmt   225   62K    2588   21K  2438    6.57    6.10     4    31  6169   226   32.78   31.69
c rst  geom best  vmt   226   62K    2588   21K  2438    6.57    6.10     4    31  6404   226   32.50   31.46
c rst  geom best  vmt   227   62K    2588   21K  2438    6.57    6.10     4    32  6660   226   32.28   31.29
c [branch] adjusting to: vsid (from: vmtf) var_decay:0.95 descr: VSIDS
c rst  geom best   vs   228   63K    2588   21K  2438    6.57    6.10     7    34  6770   226   32.17   31.20
c rst  geom best   vs   229   63K    2588   21K  2438    6.57    6.10     7    34  6894   226   32.02   31.07
c rst  geom best   vs   230   63K    2588   21K  2438    6.57    6.10     7    34  7029   226   31.89   30.96
c rst  geom best   vs   231   63K    2588   21K  2438    6.57    6.10     7    34  7176   226   31.85   30.94
c rst  geom best   vs   232   63K    2588   21K  2438    6.57    6.10     7    34  7338   226   31.77   30.89
c rst  geom best   vs   233   63K    2588   21K  2438    6.57    6.10     7    34  7515   226   31.72   30.86
c rst  geom best   vs   234   63K    2588   21K  2438    6.57    6.10     7    34  7710   226   31.62   30.78
c rst  geom best   vs   235   64K    2588   21K  2438    6.57    6.10     7    34  7923   226   31.50   30.69
c rst  geom best   vs   236   64K    2588   21K  2438    6.57    6.10     7    34  8157   226   31.44   30.65
c rst  geom best   vs   237   64K    2588   21K  2438    6.57    6.10     7    34  8415   226   31.28   30.52
c rst  geom best   vs   238   64K    2588   21K  2438    6.57    6.10     7    34  8700   226   31.12   30.38
c rst  geom best   vs   239   65K    2588   21K  2438    6.57    6.10     7    35  9009   226   30.86   30.16
c rst  geom best   vs   240   65K    2588   21K  2438    6.57    6.10     7    35  9350   226   30.70   30.03
c rst  geom best   vs   241   65K    2588   21K  2438    6.57    6.10     7    35  9726   226   30.55   29.90
c rst  geom best   vs   242   66K    2588   21K  2438    6.57    6.10     7    35 10138   226   30.35   29.74
c [distill-long-red0] cls tried: 6/6 T: 0.00 T-out: N T-r: 100.00%
c [distill-long-red1] cls tried: 15/15 T: 0.00 T-out: N T-r: 96.48%
c rst  geom best   vs   243   66K    2588   21K  2438    6.57    6.10     7    35 10588   226   30.15   29.56
c rst  geom  stb   vs   244   67K    2588   21K  2438    6.57    6.10     7    35 11083   226   30.31   29.74
c rst  geom  stb   vs   245   67K    2588   21K  2438    6.57    6.10     7    35 11628   226   30.42   29.88
c rst  geom  stb   vs   246   68K    2588   21K  2438    6.57    6.10     7    36 12224   226   30.42   29.91
c rst  geom  stb   vs   247   69K    2588   21K  2438    6.57    6.10     7    36 12880   226   30.56   30.07
c rst  geom  stb   vs   248   69K    2588   21K  2438    6.57    6.10     7    36 13601   226   30.66   30.19
c rst  geom  stb   vs   249   70K    2588   21K  2438    6.57    6.10    18    25 14398   226   30.56   30.12
c rst  geom  stb   vs   250   71K    2588   21K  2438    6.57    6.10    18    25 15273   226   30.48   30.07
c rst  geom  stb   vs   251   72K    2588   21K  2438    6.57    6.10    18    25 16234   226   30.43   30.04
c rst  geom  stb   vs   252   73K    2588   21K  2438    6.57    6.10    18    25 17288   226   30.32   29.96
c [distill-bin] useful: 0/2438/2438 lits-rem: 0 cl-rem: 0 0-depth-assigns: 0 T: 0.01 T-out: N
c rst  geom ibes   vs   253   74K    2588   21K  2438    6.57    6.10    18    38 18435   226   29.67   29.33
c [branch] adjusting to: vmtf (from: vsid) var_decay:0.95 descr: VMTF
c rst  luby ibes  vmt   254   74K    2588   21K  2438    6.57    6.10    18    38 18536   226   29.63   29.30
c rst  luby ibes  vmt   255   74K    2588   21K  2438    6.57    6.10    18    43 18632   226   29.62   29.29
c rst  luby ibes  vmt   256   75K    2588   21K  2438    6.57    6.10    18    68 18808   226   29.59   29.27
c rst  luby ibes  vmt   257   75K    2588   21K  2438    6.57    6.10    18    68 18910   226   29.56   29.24
c rst  luby ibes  vmt   258   75K    2588   21K  2438    6.57    6.10    18    68 19011   226   29.55   29.23
c rst  luby ibes  vmt   259   75K    2588   21K  2438    6.57    6.10    18    68 19212   226   29.58   29.26
c rst  luby ibes  vmt   260   75K    2588   21K  2438    6.57    6.10    18    69 19613   226   29.68   29.36
c rst  luby ibes  vmt   261   76K    2588   21K  2438    6.57    6.10    18    69 19714   226   29.65   29.34
c rst  luby ibes  vmt   262   76K    2588   21K  2438    6.57    6.10    19    71 19815   226   29.67   29.36
c rst  luby ibes  vmt   263   76K    2588   21K  2438    6.57    6.10    20    73   20K   226   29.64   29.34
c rst  luby ibes  vmt   264   76K    2588   21K  2438    6.57    6.10    20    74   20K   226   29.66   29.36
c rst  luby ibes  vmt   265   76K    2588   21K  2438    6.57    6.10    20    74   20K   226   29.67   29.37
c rst  luby ibes  vmt   266   76K    2588   21K  2438    6.57    6.10    20    74   20K   226   29.66   29.36
c rst  luby ibes  vmt   267   77K    2588   21K  2438    6.57    6.10    20    74   20K   226   29.64   29.34
c [distill] watch-based irred--  cl tried    27079 cl-sh     4 cl-rem    4 lit-rem      4 T: 0.03 T-out: Y
c [distill] watch-based   red--  cl tried       40 cl-sh     0 cl-rem    0 lit-rem      0 T: 0.00 T-out: N
c rst  luby ibes  vmt   268   77K    2588   21K  2438    6.57    6.10    22    76   21K   226   29.60   29.32
c rst  luby ibes  vmt   269   78K    2588   21K  2438    6.57    6.10    22    76   21K   226   29.57   29.29
c rst  luby ibes  vmt   270   78K    2588   21K  2438    6.57    6.10    22    80   21K   226   29.57   29.28
c rst  luby ibes  vmt   271   78K    2588   21K  2438    6.57    6.10    22    80   22K   226   29.61   29.33
c rst  luby ibes  vmt   272   78K    2588   21K  2438    6.57    6.10    23    81   22K   226   29.58   29.30
c rst  luby ibes  vmt   273   78K    2588   21K  2438    6.57    6.10    23    85   22K   226   29.58   29.30
c rst  luby ibes  vmt   274   78K    2588   21K  2438    6.57    6.10    24    85   22K   226   29.55   29.28
c rst  luby ibes  vmt   275   79K    2588   21K  2438    6.57    6.10    25   100   22K   226   29.45   29.18
c rst  luby ibes  vmt   276   79K    2588   21K  2438    6.57    6.10    25   101   22K   226   29.44   29.17
c rst  luby ibes  vmt   277   79K    2588   21K  2438    6.57    6.10    25   101   23K   226   29.46   29.20
c rst  luby  svd  vmt   278   79K    2588   21K  2438    6.57    6.10    25   102   23K   226   29.49   29.23
c rst  luby  svd  vmt   279   79K    2588   21K  2438    6.57    6.10    25   102   23K   226   29.51   29.24
c rst  luby  svd  vmt   280   79K    2588   21K  2438    6.57    6.10    25   103   23K   226   29.54   29.28
c rst  luby  svd  vmt   281   79K    2588   21K  2438    6.57    6.10    25   104   23K   226   29.62   29.36
c rst  luby  svd  vmt   282   80K    2588   21K  2438    6.57    6.10    39    90   24K   226   29.74   29.48
c rst  luby  svd  vmt   283   81K    2588   21K  2438    6.57    6.10    39    91   24K   226   30.04   29.78
c [full-probe]  bin_only: 0 set: 0 repl: 0 T: 0.01 T-out: N T-r: 98.51%
c rst  luby  svd  vmt   284   82K    2588   21K  2438    6.57    6.10    39    98   26K   226   30.45   30.21
c [distill-long-red0] cls tried: 19/19 T: 0.00 T-out: N T-r: 99.95%
c [distill-long-red1] cls tried: 76/76 T: 0.01 T-out: N T-r: 28.59%
c rst  luby  svd  vmt   285   82K    2588   21K  2438    6.57    6.10    39    98   26K   226   30.48   30.24
c rst  luby  svd  vmt   286   82K    2588   21K  2438    6.57    6.10    39    98   26K   226   30.52   30.28
c rst  luby  svd  vmt   287   83K    2588   21K  2438    6.57    6.10    39    99   26K   226   30.56   30.32
c rst  luby  svd  vmt   288   83K    2588   21K  2438    6.57    6.10    39    99   26K   226   30.57   30.34
c rst  luby  svd  vmt   289   83K    2588   21K  2438    6.57    6.10    39    99   27K   226   30.60   30.36
c rst  luby  svd  vmt   290   83K    2588   21K  2438    6.57    6.10    39    99   27K   226   30.62   30.39
c rst  luby  svd  vmt   291   83K    2588   21K  2438    6.57    6.10    39    99   27K   226   30.68   30.45
c rst  luby  svd  vmt   292   84K    2588   21K  2438    6.57    6.10    39    99   27K   226   30.72   30.48
c rst  luby  svd  vmt   293   84K    2588   21K  2438    6.57    6.10    39    99   27K   226   30.74   30.51
c rst  luby  svd  vmt   294   84K    2588   21K  2438    6.57    6.10    39    99   28K   226   30.78   30.55
c rst  luby  svd  vmt   295   84K    2588   21K  2438    6.57    6.10    39    99   28K   226   30.81   30.58
c rst  luby  svd  vmt   296   84K    2588   21K  2438    6.57    6.10    39    99   28K   226   30.83   30.60
c rst  luby  svd  vmt   297   84K    2588   21K  2438    6.57    6.10    39    99   28K   226   30.86   30.63
c rst  luby  svd  vmt   298   85K    2588   21K  2438    6.57    6.10    39    99   28K   226   30.94   30.72
c rst  luby  svd  vmt   299   85K    2588   21K  2438    6.57    6.10    39    99   29K   226   31.10   30.88
c rst  geom best  vmt   300   86K    2588   21K  2438    6.57    6.10    40   100   29K   226   31.13   30.91
c rst  geom best  vmt   301   86K    2588   21K  2438    6.57    6.10    40   100   29K   226   31.15   30.93
c rst  geom best  vmt   302   86K    2588   21K  2438    6.57    6.10    40   101   30K   226   31.15   30.93
c rst  geom best  vmt   303   86K    2588   21K  2438    6.57    6.10    40   101   30K   226   31.14   30.92
c rst  geom best  vmt   304   86K    2588   21K  2438    6.57    6.10    40   101   30K   226   31.16   30.94
c rst  geom best  vmt   305   86K    2588   21K  2438    6.57    6.10    40   101   30K   226   31.12   30.91
c rst  geom best  vmt   306   87K    2588   21K  2438    6.57    6.10    40   101   30K   226   31.12   30.91
c rst  geom best  vmt   307   87K    2588   21K  2438    6.57    6.10    40   101   30K   226   31.12   30.91
c rst  geom best  vmt   308   87K    2588   21K  2438    6.57    6.10    40   101   31K   226   31.13   30.92
c rst  geom best  vmt   309   87K    2588   21K  2438    6.57    6.10    40   102   31K   226   31.10   30.90
c [branch] adjusting to: vsid (from: vmtf) var_decay:0.95 descr: VSIDS
c rst  geom best   vs   310   87K    2588   21K  2438    6.57    6.10    40   102   31K   226   31.09   30.89
c rst  geom best   vs   311   87K    2588   21K  2438    6.57    6.10    40   102   31K   226   31.07   30.87
c rst  geom best   vs   312   88K    2588   21K  2438    6.57    6.10    40   102   31K   226   31.05   30.85
c rst  geom best   vs   313   88K    2588   21K  2438    6.57    6.10    40   102   31K   226   31.02   30.81
c [ccnr] tries: 0 steps: 262143 best found: 4
c [ccnr] saving best assignment phase to stable_polar
c [ccnr] bumping based on var unsat frequency: conflict_ct
c [ccnr] Bumped vars: 2588 bump type: 6
c [ccnr] time: 0.32
c rst  geom best   vs   314   88K    2588   21K  2438    6.57    6.10    40   104   32K   226   30.99   30.79
c rst  geom best   vs   315   88K    2588   21K  2438    6.57    6.10    40   104   32K   226   30.97   30.77
c rst  geom best   vs   316   88K    2588   21K  2438    6.57    6.10    40   104   32K   226   30.96   30.76
c rst  geom best   vs   317   89K    2588   21K  2438    6.57    6.10    40   104   32K   226   30.94   30.74
c rst  geom best   vs   318   89K    2588   21K  2438    6.57    6.10    40   104   32K   226   30.92   30.73
c rst  geom best   vs   319   89K    2588   21K  2438    6.57    6.10    40   104   33K   226   30.89   30.70
c rst  geom best   vs   320   89K    2588   21K  2438    6.57    6.10    40   104   33K   226   30.86   30.67
c rst  geom best   vs   321   90K    2588   21K  2438    6.57    6.10    55   136   24K   226   30.83   30.57
c rst  geom best   vs   322   90K    2588   21K  2438    6.57    6.10    55   136   24K   226   30.79   30.53
c rst  geom best   vs   323   90K    2588   21K  2438    6.57    6.10    55   136   24K   226   30.75   30.49
c rst  geom best   vs   324   91K    2588   21K  2438    6.57    6.10    55   136   25K   226   30.68   30.43
c rst  geom best   vs   325   91K    2588   21K  2438    6.57    6.10    55   136   25K   226   30.58   30.33
c rst  geom best   vs   326   92K    2588   21K  2438    6.57    6.10    55   136   26K   226   30.50   30.26
c rst  geom  stb   vs   327   92K    2588   21K  2438    6.57    6.10    55   138   26K   226   30.53   30.29
c rst  geom  stb   vs   328   93K    2588   21K  2438    6.57    6.10    57   139   27K   226   30.51   30.28
c rst  geom  stb   vs   329   93K    2588   21K  2438    6.57    6.10    57   142   28K   226   30.51   30.28
c [distill-bin] useful: 0/2438/2438 lits-rem: 0 cl-rem: 0 0-depth-assigns: 0 T: 0.01 T-out: N
c rst  geom  stb   vs   330   94K    2588   21K  2438    6.57    6.10    57   142   28K   226   30.53   30.31
c rst  geom  stb   vs   331   95K    2588   21K  2438    6.57    6.10    57   142   29K   226   30.63   30.41
c rst  geom  stb   vs   332   96K    2588   21K  2438    6.57    6.10    57   142   30K   226   30.69   30.48
c rst  geom  stb   vs   333   97K    2588   21K  2438    6.57    6.10    57   142   31K   226   30.80   30.59
c rst  geom  stb   vs   334   98K    2588   21K  2438    6.57    6.10    57   142   32K   226   30.94   30.74
c [distill-long-red0] cls tried: 11/11 T: 0.00 T-out: N T-r: 99.97%
c [distill-long-red1] cls tried: 51/51 T: 0.01 T-out: N T-r: 37.23%
c rst  geom ibes   vs   335   99K    2588   21K  2438    6.57    6.10    57   142   33K   226   30.71   30.52
c rst  geom ibes   vs   336  100K    2588   21K  2438    6.57    6.10    64   137   34K   226   30.35   30.17
c [impl-str] lit bin: 0 set-var: 0 T: 0.00 T-out: N T-r: 99.95% w-visit: 5176
c [impl-sub] bin: 1 T: 0.00 T-out: N w-visit: 5176
c rst  geom ibes   vs   337  102K    2588   21K  2438    6.57    6.10    64   137   36K   225   29.96   29.79
c [branch] adjusting to: vmtf (from: vsid) var_decay:0.95 descr: VMTF
c [full-probe]  bin_only: 1 set: 0 repl: 0 T: 0.01 T-out: N T-r: 99.75%
c [distill] watch-based irred--  cl tried    25176 cl-sh     0 cl-rem    0 lit-rem      0 T: 0.03 T-out: Y
c [distill] watch-based   red--  cl tried      128 cl-sh     0 cl-rem    0 lit-rem      0 T: 0.00 T-out: N
c rst  luby ibes  vmt   338  102K    2588   21K  2438    6.57    6.10    64   138   36K   225   30.00   29.83
c rst  luby ibes  vmt   339  102K    2588   21K  2438    6.57    6.10    64   139   36K   225   30.00   29.83
c rst  luby ibes  vmt   340  102K    2588   21K  2438    6.57    6.10    64   140   36K   225   29.97   29.80
c rst  luby ibes  vmt   341  102K    2588   21K  2438    6.57    6.10    64   141   36K   225   29.95   29.78
c rst  luby ibes  vmt   342  102K    2588   21K  2438    6.57    6.10    64   142   36K   225   29.93   29.76
c rst  luby ibes  vmt   343  103K    2588   21K  2438    6.57    6.10    64   142   37K   225   29.95   29.78
c rst  luby ibes  vmt   344  103K    2588   21K  2438    6.57    6.10    64   144   37K   225   29.90   29.74
c rst  luby ibes  vmt   345  103K    2588   21K  2438    6.57    6.10    64   145   37K   225   29.90   29.73
c rst  luby ibes  vmt   346  103K    2588   21K  2438    6.57    6.10    64   145   37K   225   29.89   29.73
c rst  luby ibes  vmt   347  103K    2588   21K  2438    6.57    6.10    64   145   37K   225   29.88   29.72
c rst  luby ibes  vmt   348  103K    2588   21K  2438    6.57    6.10    64   145   37K   225   29.87   29.71
c rst  luby ibes  vmt   349  104K    2588   21K  2438    6.57    6.10    64   145   38K   225   29.89   29.72
c rst  luby ibes  vmt   350  104K    2588   21K  2438    6.57    6.10    64   147   38K   225   29.88   29.72
c rst  luby ibes  vmt   351  104K    2588   21K  2438    6.57    6.10    64   147   38K   225   29.92   29.76
c rst  luby  svd  vmt   352  105K    2588   21K  2438    6.57    6.10    64   168   28K   225   30.41   30.18
c rst  luby  svd  vmt   353  105K    2588   21K  2438    6.57    6.10    64   168   28K   225   30.43   30.21
c rst  luby  svd  vmt   354  105K    2588   21K  2438    6.57    6.10    64   168   28K   225   30.45   30.23
c rst  luby  svd  vmt   355  105K    2588   21K  2438    6.57    6.10    64   168   28K   225   30.48   30.26
c rst  luby  svd  vmt   356  105K    2588   21K  2438    6.57    6.10    64   168   29K   225   30.49   30.28
c rst  luby  svd  vmt   357  106K    2588   21K  2438    6.57    6.10    64   168   29K   225   30.50   30.28
c rst  luby  svd  vmt   358  106K    2588   21K  2438    6.57    6.10    64   171   29K   225   30.55   30.33
c rst  luby  svd  vmt   359  106K    2588   21K  2438    6.57    6.10    64   171   29K   225   30.62   30.41
c rst  luby  svd  vmt   360  106K    2588   21K  2438    6.57    6.10    64   171   29K   225   30.63   30.42
c rst  luby  svd  vmt   361  106K    2588   21K  2438    6.57    6.10    64   173   29K   225   30.65   30.44
c rst  luby  svd  vmt   362  107K    2588   21K  2438    6.57    6.10    64   173   30K   225   30.67   30.46
c rst  luby  svd  vmt   363  107K    2588   21K  2438    6.57    6.10    64   173   30K   225   30.69   30.48
c rst  luby  svd  vmt   364  107K    2588   21K  2438    6.57    6.10    64   173   30K   225   30.71   30.50
c rst  luby  svd  vmt   365  107K    2588   21K  2438    6.57    6.10    64   173   30K   225   30.75   30.54
c rst  luby  svd  vmt   366  107K    2588   21K  2438    6.57    6.10    64   173   30K   225   30.82   30.61
c rst  luby  svd  vmt   367  108K    2588   21K  2438    6.57    6.10    64   173   31K   225   30.98   30.77
c rst  luby  svd  vmt   368  110K    2588   21K  2438    6.57    6.10    73   165   33K   225   31.39   31.20
c rst  luby  svd  vmt   369  110K    2588   21K  2438    6.57    6.10    73   165   33K   225   31.41   31.22
c rst  luby  svd  vmt   370  110K    2588   21K  2438    6.57    6.10    73   165   33K   225   31.42   31.23
c rst  luby  svd  vmt   371  110K    2588   21K  2438    6.57    6.10    73   165   33K   225   31.44   31.24
c rst  luby  svd  vmt   372  110K    2588   21K  2438    6.57    6.10    73   165   33K   225   31.44   31.25
c rst  geom best  vmt   373  110K    2588   21K  2438    6.57    6.10    73   165   34K   225   31.43   31.24
c rst  geom best  vmt   374  111K    2588   21K  2438    6.57    6.10    73   165   34K   225   31.43   31.24
c rst  geom best  vmt   375  111K    2588   21K  2438    6.57    6.10    73   166   34K   225   31.44   31.25
c rst  geom best  vmt   376  111K    2588   21K  2438    6.57    6.10    73   166   34K   225   31.44   31.25
c rst  geom best  vmt   377  111K    2588   21K  2438    6.57    6.10    73   166   34K   225   31.44   31.25
c rst  geom best  vmt   378  111K    2588   21K  2438    6.57    6.10    73   166   34K   225   31.45   31.27
c rst  geom best  vmt   379  111K    2588   21K  2438    6.57    6.10    73   166   34K   225   31.43   31.25
c rst  geom best  vmt   380  112K    2588   21K  2438    6.57    6.10    73   167   35K   225   31.44   31.25
c rst  geom best  vmt   381  112K    2588   21K  2438    6.57    6.10    73   167   35K   225   31.42   31.23
c rst  geom best  vmt   382  112K    2588   21K  2438    6.57    6.10    73   167   35K   225   31.41   31.23
c rst  geom best  vmt   383  112K    2588   21K  2438    6.57    6.10    73   168   35K   225   31.44   31.26
c rst  geom best  vmt   384  113K    2588   21K  2438    6.57    6.10    73   169   36K   225   31.45   31.27
c rst  geom best  vmt   385  113K    2588   21K  2438    6.57    6.10    73   169   36K   225   31.48   31.30
c [distill-long-red0] cls tried: 1/1 T: 0.00 T-out: N T-r: 100.00%
c [distill-long-red1] cls tried: 42/42 T: 0.01 T-out: N T-r: 51.60%
c rst  geom best  vmt   386  113K    2588   21K  2438    6.57    6.10    73   169   36K   225   31.50   31.32
c rst  geom best  vmt   387  114K    2588   21K  2438    6.57    6.10    73   169   37K   225   31.49   31.31
c [distill-bin] useful: 0/2438/2438 lits-rem: 0 cl-rem: 0 0-depth-assigns: 0 T: 0.01 T-out: N
c rst  geom best  vmt   388  114K    2588   21K  2438    6.57    6.10    73   170   37K   225   31.52   31.34
c rst  geom best  vmt   389  115K    2588   21K  2438    6.57    6.10    73   170   38K   225   31.51   31.34
c rst  geom best  vmt   390  115K    2588   21K  2438    6.57    6.10    73   177   38K   225   31.47   31.30
c [gauss] XOR-encoding clauses are not detached, so no need to reattach them.
c [g 0] truth-find prop checks  : 997K
c [g 0] -> of which prop        : 34.41 %
c [g 0] -> of which confl       :  1.73 %
c [g 0] elim called             : 132K
c [g 0] ---> which lead to prop : 152.18 %
c [g 0] ---> which lead to confl:  9.06 %
c [g 0] size: 45    x 90   
c [scc] new: 0 BP 0M T: 0.00
c [vrep] vars 0 lits 0 rem-bin-cls 0 rem-long-cls 0 BP 0M T: 0.01
c [intree] Set 0 vars hyper-added: 29 trans-irred: 0 trans-red: 0 T: 0.01 T-out: N T-r: -0.75%
c [find&init matx] performing matrix init
c [gauss] XOR-encoding clauses are not detached, so no need to reattach them.
c [xor-rem-unconnected] left with 266 xors from 266 non-empty xors T: 0.00
c [xor-together] xored together: 221 orig xors: 266 new xors: 45 T: 0.00
c [xor-rem-unconnected] left with 45 xors from 45 non-empty xors T: 0.00
c [xor-clean-equiv] removed equivalent xors: 0 left with: 45
c [matrix] unused xors from cleaning: 0
c [matrix] Good   matrix 0 45      x90     density:0.2563  xorlen avg: 23.07
c [matrix] Using 1 matrices recovered from 0 xors T: 0.00 T-out: N
c rst  geom best vmt  391   116 K 2588      21K  2438 6.57    6.10       73   182   39K   254 31.54   31.35  
c rst  geom best vmt  392   116 K 2588      21K  2438 6.57    6.10       73   182   40K   254 31.54   31.36  
c rst  geom stb  vmt  393   117 K 2588      21K  2438 6.57    6.10       73   185   40K   254 31.46   31.28  
c [branch] adjusting to: vsid (from: vmtf) var_decay:0.95 descr: VSIDS
c rst  geom stb  vs   394   117 K 2588      21K  2438 6.57    6.10       74   185   40K   254 31.47   31.29  
c rst  geom stb  vs   395   117 K 2588      21K  2438 6.57    6.10       74   185   41K   254 31.49   31.31  
c rst  geom stb  vs   396   118 K 2588      21K  2438 6.57    6.10       74   185   41K   254 31.50   31.32  
c rst  geom stb  vs   397   118 K 2588      21K  2438 6.57    6.10       74   185   41K   254 31.51   31.33  
c rst  geom stb  vs   398   118 K 2588      21K  2438 6.57    6.10       74   185   41K   254 31.53   31.35  
c rst  geom stb  vs   399   118 K 2588      21K  2438 6.57    6.10       74   185   41K   254 31.55   31.37  
c rst  geom stb  vs   400   118 K 2588      21K  2438 6.57    6.10       74   185   41K   254 31.57   31.39  
c rst  geom stb  vs   401   118 K 2588      21K  2438 6.57    6.10       74   185   42K   254 31.58   31.41  
c rst  geom stb  vs   402   119 K 2588      21K  2438 6.57    6.10       74   185   42K   254 31.60   31.42  
c rst  geom stb  vs   403   119 K 2588      21K  2438 6.57    6.10       74   185   42K   254 31.61   31.44  
c rst  geom stb  vs   404   119 K 2588      21K  2438 6.57    6.10       74   185   42K   254 31.64   31.47  
c rst  geom stb  vs   405   120 K 2588      21K  2438 6.57    6.10       95   181   26K   254 31.47   31.20  
c rst  geom stb  vs   406   120 K 2588      21K  2438 6.57    6.10       95   181   27K   254 31.49   31.22  
c rst  geom stb  vs   407   120 K 2588      21K  2438 6.57    6.10       95   181   27K   254 31.54   31.27  
c rst  geom stb  vs   408   121 K 2588      21K  2438 6.57    6.10       95   182   28K   254 31.58   31.32  
c rst  geom stb  vs   409   121 K 2588      21K  2438 6.57    6.10       95   182   28K   254 31.64   31.38  
c rst  geom stb  vs   410   122 K 2588      21K  2438 6.57    6.10       95   182   29K   254 31.68   31.43  
c rst  geom stb  vs   411   122 K 2588      21K  2438 6.57    6.10       95   182   29K   254 31.73   31.48  
c [full-probe]  bin_only: 0 set: 0 repl: 0 T: 0.01 T-out: N T-r: 98.33%
c rst  geom stb  vs   412   123 K 2588      21K  2438 6.57    6.10       95   182   30K   254 31.79   31.54  
c rst  geom ibes vs   413   123 K 2588      21K  2438 6.57    6.10       95   182   30K   254 31.52   31.28  
c rst  geom ibes vs   414   124 K 2588      21K  2438 6.57    6.10       95   182   31K   254 31.26   31.02  
c rst  geom ibes vs   415   125 K 2588      21K  2438 6.57    6.10       95   182   32K   254 31.01   30.78  
c rst  geom ibes vs   416   126 K 2588      21K  2438 6.57    6.10       95   186   33K   254 30.69   30.47  
c rst  geom ibes vs   417   127 K 2588      21K  2438 6.57    6.10       95   191   34K   254 30.50   30.29  
c [distill] watch-based irred--  cl tried 23936    cl-sh 0     cl-rem 0    lit-rem 0      T: 0.03 T-out: Y
c [distill] watch-based red  --  cl tried 190      cl-sh 1     cl-rem 0    lit-rem 1      T: 0.00 T-out: N
c rst  geom ibes vs   418   128 K 2588      21K  2438 6.57    6.10       95   194   35K   254 30.36   30.16  
c rst  geom ibes vs   419   129 K 2588      21K  2438 6.57    6.10       95   203   36K   254 30.17   29.97  
c [distill-long-red0] cls tried: 9/9 T: 0.00 T-out: N T-r: 99.96%
c [distill-long-red1] cls tried: 48/48 T: 0.01 T-out: N T-r: 51.32%
c rst  geom ibes vs   420   130 K 2588      21K  2438 6.57    6.10      117   183   37K   254 29.84   29.65  
c rst  geom svd  vs   421   132 K 2588      21K  2438 6.57    6.10      117   183   39K   254 29.95   29.77  
c rst  geom svd  vs   422   133 K 2588      21K  2438 6.57    6.10      117   184   40K   254 30.00   29.83  
c [ccnr] tries: 0 steps: 262143 best found: 4
c [ccnr] saving best assignment phase to stable_polar
c [ccnr] bumping based on var unsat frequency: conflict_ct
c [ccnr] Bumped vars: 2588 bump type: 6
c [ccnr] time: 0.31
c rst  geom svd  vs   423   134 K 2588      21K  2438 6.57    6.10      117   185   41K   254 30.00   29.83  
c recursive minimization cost OK: 375Kcost/(% lits removed)
c [gauss] XOR-encoding clauses are not detached, so no need to reattach them.
c [g 0] truth-find prop checks  : 288K
c [g 0] -> of which prop        : 36.95 %
c [g 0] -> of which confl       :  1.73 %
c [g 0] elim called             : 29K
c [g 0] ---> which lead to prop : 158.27 %
c [g 0] ---> which lead to confl:  8.45 %
c [g 0] size: 45    x 90   
c --> Executing strategy token: scc-vrepl
c [scc] new: 0 BP 0M T: 0.00
c --> Executing strategy token: sub-impl
c [impl-sub] bin: 0 T: 0.00 T-out: N w-visit: 5176
c --> Executing strategy token: breakid
c --> Executing OCC strategy token(s): 'occ-backw-sub-str,occ-clean-implicit,occ-bve,occ-bva,occ-ternary-res,occ-xor,'
c [occ] mem usage for occur 2      MB
c [occ] Linked in IRRED BIN by default: 2438
c [occ] Linked in RED   BIN by default: 254
c [occ] mem usage for occur 0      MB
c Mem for watch alloc      : 4           MB (13.24     %)
c Mem for watch array      : 0           MB (0.33      %)
c --> Executing OCC strategy token: occ-backw-sub-str
c [occ-backw-sub-str-long-w-bins] subs: 0 str: 0 tried: 62043 0-depth ass: 0 T: 0.00 T-out: N T-r: 99.31%
c [occ-backw-sub-long-w-long] rem cl: 4 tried: 62819/62819 (100.0%) T: 0.01 T-out: N T-r: 97.03%
c [occ-backw-sub-str-long-w-long] sub: 0 str: 1 tried: 188457/62819 (300.0)  T: 0.07 T-out: N T-r: 87.29%
c --> Executing OCC strategy token: occ-clean-implicit
c --> Executing OCC strategy token: occ-bve
c [occ-empty-res] Empty resolvent elimed: 0 T: 0.00 T-out: N
c [occ-bve] turning off picosat-based irreg gate detection, added lits:  231K
c [occ-bve] iter v-elim 1
c cl_inc_rate=1.0, var_dec_rate=1.0 (grow=0)
c Reduced to 2587 vars, 23697 cls (grow=0)
c [occ-bve] iter v-elim 0
c cl_inc_rate=1.0, var_dec_rate=1.0 (grow=8)
c Reduced to 2587 vars, 23697 cls (grow=8)
c [occ-bve] iter v-elim 2
c cl_inc_rate=1.0, var_dec_rate=1.0 (grow=16)
c Reduced to 2585 vars, 23727 cls (grow=16)
c x n vars       : 2585
c #try to eliminate:  7875
c #var-elim        :     3
c #T-o: N
c #T-r: 99.99%
c #T  : 0.88
c [occur] 0.04 is overhead
c [occur] link-in T: 0.04 cleanup T: 0.00
c --> Executing OCC strategy token: occ-bva
c --> Executing OCC strategy token: occ-ternary-res
c [occ-ternary-res] Ternary res-tri: 0 res-bin: 0 sub: 0 str: 0 T: 0.00 T-out: N T-r: 99.81%
c --> Executing OCC strategy token: occ-xor
c [occ-xor] sort occur list T: 0.00
c [xor-clean-equiv] removed equivalent xors: 0 left with: 264
c [occ-xor] found    264 avg sz 5.6 min sz  4 max sz  6 T: 0.01 T-out: N T-r: 99.97%
c --> Executing strategy token: card-find
c --> Executing strategy token: cl-consolidate
c Not consolidating memory.
c --> Executing strategy token: scc-vrepl
c [scc] new: 0 BP 0M T: 0.00
c --> Executing strategy token: renumber
c --> Executing strategy token: bosphorus
c --> Executing strategy token: louvain-comms
c [consolidate] mini T: 0.00
c global_timeout_multiplier: 3.6300
c [branch] rebuilding order heap for all branchings. Current branching: vsid
c [find&init matx] performing matrix init
c [gauss] XOR-encoding clauses are not detached, so no need to reattach them.
c [xor-rem-unconnected] left with 264 xors from 264 non-empty xors T: 0.00
c [xor-together] xored together: 219 orig xors: 264 new xors: 45 T: 0.00
c [xor-rem-unconnected] left with 45 xors from 45 non-empty xors T: 0.00
c [xor-clean-equiv] removed equivalent xors: 0 left with: 45
c [matrix] unused xors from cleaning: 0
c [matrix] Good   matrix  0     45 x   90  density:0.2543  xorlen avg: 22.89
c [matrix] Using 1 matrices recovered from 0 xors T: 0.00 T-out: N
c [distill-bin] useful: 0/2435/2435 lits-rem: 0 cl-rem: 0 0-depth-assigns: 0 T: 0.01 T-out: N
c rst  geom  svd   vs   424  135K    2585   21K  2435    6.57    6.10   117   246   28K   254   30.43   30.19
c [branch] adjusting to: vmtf (from: vsid) var_decay:0.95 descr: VMTF
c rst  luby  svd  vmt   425  135K    2585   21K  2435    6.57    6.10   120   255   28K   255   30.40   30.15
c rst  luby  svd  vmt   426  135K    2585   21K  2435    6.57    6.10   122   261   28K   255   30.40   30.15
c rst  luby  svd  vmt   427  135K    2585   21K  2435    6.57    6.10   122   261   29K   255   30.43   30.18
c rst  luby  svd  vmt   428  135K    2585   21K  2435    6.57    6.10   122   261   29K   255   30.44   30.20
c rst  luby  svd  vmt   429  136K    2585   21K  2435    6.57    6.10   122   261   29K   255   30.46   30.22
c rst  luby  svd  vmt   430  136K    2585   21K  2435    6.57    6.10   123   261   29K   255   30.51   30.27
c rst  luby  svd  vmt   431  136K    2585   21K  2435    6.57    6.10   123   266   29K   255   30.54   30.30
c rst  luby  svd  vmt   432  136K    2585   21K  2435    6.57    6.10   123   266   29K   255   30.56   30.32
c rst  luby  svd  vmt   433  136K    2585   21K  2435    6.57    6.10   123   266   30K   255   30.58   30.35
c rst  luby  svd  vmt   434  137K    2585   21K  2435    6.57    6.10   123   266   30K   255   30.64   30.40
c rst  luby  svd  vmt   435  137K    2585   21K  2435    6.57    6.10   123   266   30K   255   30.67   30.43
c rst  geom best  vmt   436  137K    2585   21K  2435    6.57    6.10   123   267   30K   255   30.64   30.41
c rst  geom best  vmt   437  137K    2585   21K  2435    6.57    6.10   123   267   30K   255   30.62   30.38
c rst  geom best  vmt   438  137K    2585   21K  2435    6.57    6.10   123   267   30K   255   30.59   30.36
c rst  geom best  vmt   439  137K    2585   21K  2435    6.57    6.10   123   268   30K   255   30.59   30.36
c rst  geom best  vmt   440  137K    2585   21K  2435    6.57    6.10   123   272   31K   255   30.57   30.34
c rst  geom best  vmt   441  137K    2585   21K  2435    6.57    6.10   123   273   31K   255   30.54   30.31
c rst  geom best  vmt   442  138K    2585   21K  2435    6.57    6.10   123   273   31K   255   30.51   30.28
c rst  geom best  vmt   443  138K    2585   21K  2435    6.57    6.10   123   273   31K   255   30.47   30.25
c rst  geom best  vmt   444  138K    2585   21K  2435    6.57    6.10   123   275   31K   255   30.44   30.22
c rst  geom best  vmt   445  138K    2585   21K  2435    6.57    6.10   123   276   32K   255   30.41   30.19
c rst  geom best  vmt   446  139K    2585   21K  2435    6.57    6.10   123   277   32K   255   30.45   30.23
c rst  geom best  vmt   447  139K    2585   21K  2435    6.57    6.10   123   277   32K   255   30.44   30.22
c rst  geom best  vmt   448  139K    2585   21K  2435    6.57    6.10   123   277   33K   255   30.44   30.22
c rst  geom best  vmt   449  140K    2585   21K  2435    6.57    6.10   141   250   33K   255   30.47   30.26
c rst  geom best  vmt   450  140K    2585   21K  2435    6.57    6.10   141   250   33K   255   30.47   30.26
c rst  geom best  vmt   451  141K    2585   21K  2435    6.57    6.10   141   251   34K   255   30.48   30.27
c rst  geom best  vmt   452  141K    2585   21K  2435    6.57    6.10   141   251   34K   255   30.42   30.22
c rst  geom best  vmt   453  142K    2585   21K  2435    6.57    6.10   141   252   35K   255   30.51   30.30
c rst  geom best  vmt   454  142K    2585   21K  2435    6.57    6.10   141   254   35K   255   30.44   30.24
c [full-probe]  bin_only: 1 set: 0 repl: 0 T: 0.01 T-out: N T-r: 99.63%
c rst  geom best  vmt   455  143K    2585   21K  2435    6.57    6.10   141   254   36K   255   30.36   30.16
c rst  geom best  vmt   456  144K    2585   21K  2435    6.57    6.10   141   257   37K   255   30.39   30.20
c rst  geom  stb  vmt   457  144K    2585   21K  2435    6.57    6.10   141   260   38K   255   30.34   30.15
c [distill-long-red0] cls tried: 19/19 T: 0.00 T-out: N T-r: 99.95%
c [distill-long-red1] cls tried: 97/97 T: 0.01 T-out: N T-r: 4.64%
c rst  geom  stb  vmt   458  145K    2585   21K  2435    6.57    6.10   142   263   38K   255   30.46   30.27
c rst  geom  stb  vmt   459  146K    2585   21K  2435    6.57    6.10   142   267   39K   255   30.57   30.39
c rst  geom  stb  vmt   460  147K    2585   21K  2435    6.57    6.10   143   268   40K   255   30.72   30.54
c rst  geom  stb  vmt   461  148K    2585   21K  2435    6.57    6.10   144   274   42K   255   30.76   30.59
c rst  geom  stb  vmt   462  150K    2585   21K  2435    6.57    6.10   185   280   30K   255   29.47   29.24
c rst  geom  stb  vmt   463  151K    2585   21K  2435    6.57    6.10   185   285   31K   255   29.42   29.21
c rst  geom ibes  vmt   464  153K    2585   21K  2435    6.57    6.10   185   290   33K   255   29.41   29.21
c [distill] watch-based irred--  cl tried    24632 cl-sh     0 cl-rem    0 lit-rem      0 T: 0.03 T-out: Y
c [distill] watch-based   red--  cl tried      370 cl-sh     1 cl-rem    0 lit-rem      1 T: 0.00 T-out: N
c rst  geom ibes  vmt   465  154K    2585   21K  2435    6.57    6.10   190   316   34K   255   29.28   29.08
c [branch] adjusting to: vsid (from: vmtf) var_decay:0.95 descr: VSIDS
c [distill-bin] useful: 0/2435/2435 lits-rem: 0 cl-rem: 0 0-depth-assigns: 0 T: 0.01 T-out: N
c rst  geom ibes   vs   466  154K    2585   21K  2435    6.57    6.10   190   316   34K   255   29.25   29.06
c rst  geom ibes   vs   467  155K    2585   21K  2435    6.57    6.10   190   318   35K   255   29.21   29.01
c rst  geom ibes   vs   468  155K    2585   21K  2435    6.57    6.10   190   318   35K   255   29.18   28.99
c rst  geom ibes   vs   469  155K    2585   21K  2435    6.57    6.10   190   318   35K   255   29.14   28.95
c rst  geom ibes   vs   470  155K    2585   21K  2435    6.57    6.10   190   318   35K   255   29.10   28.90
c rst  geom ibes   vs   471  155K    2585   21K  2435    6.57    6.10   190   321   35K   255   29.04   28.85
c rst  geom ibes   vs   472  155K    2585   21K  2435    6.57    6.10   190   321   35K   255   28.99   28.80
c rst  geom ibes   vs   473  156K    2585   21K  2435    6.57    6.10   190   325   36K   255   28.93   28.75
c rst  geom ibes   vs   474  156K    2585   21K  2435    6.57    6.10   190   325   36K   255   28.87   28.69
c rst  geom ibes   vs   475  156K    2585   21K  2435    6.57    6.10   190   326   36K   255   28.81   28.63
c rst  geom ibes   vs   476  156K    2585   21K  2435    6.57    6.10   191   326   36K   255   28.75   28.57
c rst  geom ibes   vs   477  157K    2585   21K  2435    6.57    6.10   191   328   37K   255   28.67   28.49
c rst  geom ibes   vs   478  157K    2585   21K  2435    6.57    6.10   191   328   37K   255   28.59   28.41
c rst  geom ibes   vs   479  157K    2585   21K  2435    6.57    6.10   191   329   37K   255   28.52   28.35
c rst  geom ibes   vs   480  158K    2585   21K  2435    6.57    6.10   191   329   38K   255   28.44   28.27
c rst  geom  svd   vs   481  158K    2585   21K  2435    6.57    6.10   192   330   38K   255   28.40   28.23
c rst  geom  svd   vs   482  159K    2585   21K  2435    6.57    6.10   192   331   39K   255   28.38   28.21
c rst  geom  svd   vs   483  159K    2585   21K  2435    6.57    6.10   192   332   39K   255   28.38   28.22
c rst  geom  svd   vs   484  160K    2585   21K  2435    6.57    6.10   250   271   40K   255   28.40   28.23
c [distill-long-red0] cls tried: 75/75 T: 0.01 T-out: N T-r: 99.87%
c [distill-long-red1] cls tried: 88/88 T: 0.01 T-out: N T-r: 6.65%
c rst  geom  svd   vs   485  161K    2585   21K  2435    6.57    6.10   250   271   40K   255   28.47   28.31
c [impl-str] lit bin: 0 set-var: 0 T: 0.00 T-out: N T-r: 99.95% w-visit: 5176
c [impl-sub] bin: 1 T: 0.00 T-out: N w-visit: 5176
c rst  geom  svd   vs   486  161K    2585   21K  2435    6.57    6.10   252   273   41K   254   28.45   28.29
c rst  geom  svd   vs   487  162K    2585   21K  2435    6.57    6.10   252   274   42K   254   28.47   28.32
c rst  geom  svd   vs   488  163K    2585   21K  2435    6.57    6.10   252   274   43K   254   28.48   28.33
c [full-probe]  bin_only: 0 set: 0 repl: 0 T: 0.01 T-out: N T-r: 97.99%
c rst  geom  svd   vs   489  164K    2585   21K  2435    6.57    6.10   252   274   44K   254   28.51   28.36
c rst  geom  svd   vs   490  165K    2585   21K  2435    6.57    6.10   262   345   33K   254   29.23   29.03
c rst  geom best   vs   491  166K    2585   21K  2435    6.57    6.10   262   346   34K   254   29.04   28.85
c rst  geom best   vs   492  167K    2585   21K  2435    6.57    6.10   262   346   35K   254   28.89   28.70
c rst  geom best   vs   493  169K    2585   21K  2435    6.57    6.10   262   350   36K   254   28.79   28.61
c rst  geom best   vs   494  170K    2585   21K  2435    6.57    6.10   272   339   38K   254   28.57   28.39
c rst  geom best   vs   495  172K    2585   21K  2435    6.57    6.10   272   339   40K   254   28.33   28.17
c rst  geom  stb   vs   496  174K    2585   21K  2435    6.57    6.10   272   339   42K   254   28.68   28.52
c rst  geom  stb   vs   497  176K    2585   21K  2435    6.57    6.10   272   339   44K   254   28.94   28.78
c [branch] adjusting to: vmtf (from: vsid) var_decay:0.95 descr: VMTF
c [distill-long-red0] cls tried: 13/13 T: 0.00 T-out: N T-r: 99.95%
c [distill-long-red1] cls tried: 75/75 T: 0.01 T-out: N T-r: 22.58%
c [distill-bin] useful: 0/2435/2435 lits-rem: 0 cl-rem: 0 0-depth-assigns: 0 T: 0.01 T-out: N
c rst  luby  stb  vmt   498  176K    2585   21K  2435    6.57    6.10   272   340   44K   254   28.94   28.79
c rst  luby  stb  vmt   499  176K    2585   21K  2435    6.57    6.10   272   340   44K   254   28.95   28.80
c rst  luby  stb  vmt   500  176K    2585   21K  2435    6.57    6.10   272   340   44K   254   28.95   28.80
c rst  luby  stb  vmt   501  176K    2585   21K  2435    6.57    6.10   272   341   44K   254   28.94   28.79
c rst  luby  stb  vmt   502  177K    2585   21K  2435    6.57    6.10   272   341   44K   254   28.95   28.80
c rst  luby  stb  vmt   503  177K    2585   21K  2435    6.57    6.10   272   342   44K   254   28.94   28.79
c rst  luby  stb  vmt   504  177K    2585   21K  2435    6.57    6.10   273   343   45K   254   28.94   28.79
c rst  luby  stb  vmt   505  177K    2585   21K  2435    6.57    6.10   273   343   45K   254   28.94   28.79
c [ccnr] tries: 0 steps: 262143 best found: 6
c [ccnr] saving best assignment phase to stable_polar
c [ccnr] bumping based on clause weights
c [ccnr] Bumped vars: 106 bump type: 6
c [ccnr] time: 0.32
c rst  luby  stb  vmt   506  177K    2585   21K  2435    6.57    6.10   273   344   45K   254   28.95   28.80
c rst  luby  stb  vmt   507  178K    2585   21K  2435    6.57    6.10   273   344   45K   254   28.98   28.83
c rst  luby  stb  vmt   508  178K    2585   21K  2435    6.57    6.10   273   344   45K   254   28.98   28.83
c [distill] watch-based irred--  cl tried    22606 cl-sh     0 cl-rem    0 lit-rem      0 T: 0.04 T-out: Y
c [distill] watch-based   red--  cl tried      546 cl-sh     0 cl-rem    0 lit-rem      0 T: 0.00 T-out: N
c rst  luby  stb  vmt   509  178K    2585   21K  2435    6.57    6.10   273   344   45K   254   28.99   28.84
c rst  luby  stb  vmt   510  178K    2585   21K  2435    6.57    6.10   273   344   46K   254   29.02   28.88
c rst  luby  stb  vmt   511  178K    2585   21K  2435    6.57    6.10   273   344   46K   254   29.06   28.91
c rst  luby  stb  vmt   512  179K    2585   21K  2435    6.57    6.10   273   344   47K   254   29.20   29.06
c rst  luby ibes  vmt   513  179K    2585   21K  2435    6.57    6.10   274   345   47K   254   29.19   29.05
c rst  luby ibes  vmt   514  179K    2585   21K  2435    6.57    6.10   274   345   47K   254   29.19   29.05
c rst  luby ibes  vmt   515  180K    2585   21K  2435    6.57    6.10   284   388   31K   254   27.87   27.67
c rst  luby ibes  vmt   516  180K    2585   21K  2435    6.57    6.10   284   388   31K   254   27.88   27.68
c rst  luby ibes  vmt   517  180K    2585   21K  2435    6.57    6.10   284   393   31K   254   27.89   27.69
c rst  luby ibes  vmt   518  180K    2585   21K  2435    6.57    6.10   284   394   31K   254   27.93   27.73
c rst  luby ibes  vmt   519  180K    2585   21K  2435    6.57    6.10   284   395   32K   254   27.98   27.78
c [gauss] XOR-encoding clauses are not detached, so no need to reattach them.
c [g 0] truth-find prop checks  : 859K
c [g 0] -> of which prop        : 34.92 %
c [g 0] -> of which confl       :  1.56 %
c [g 0] elim called             : 103K
c [g 0] ---> which lead to prop : 150.27 %
c [g 0] ---> which lead to confl:  7.42 %
c [g 0] size: 45    x 90   
c [scc] new: 0 BP 0M T: 0.00
c [vrep] vars 0 lits 0 rem-bin-cls 0 rem-long-cls 0 BP 0M T: 0.00
c [intree] Set 0 vars hyper-added: 1 trans-irred: 0 trans-red: 0 T: 0.01 T-out: N T-r: -0.81%
c [find&init matx] performing matrix init
c [gauss] XOR-encoding clauses are not detached, so no need to reattach them.
c [xor-rem-unconnected] left with 264 xors from 264 non-empty xors T: 0.00
c [xor-together] xored together: 219 orig xors: 264 new xors: 45 T: 0.00
c [xor-rem-unconnected] left with 45 xors from 45 non-empty xors T: 0.00
c [xor-clean-equiv] removed equivalent xors: 0 left with: 45
c [matrix] unused xors from cleaning: 0
c [matrix] Good   matrix 0 45      x90     density:0.2543  xorlen avg: 22.89
c [matrix] Using 1 matrices recovered from 0 xors T: 0.00 T-out: N
c rst  luby ibes vmt  520   180 K 2585      21K  2435 6.57    6.10      284   396   32K   255 27.98   27.78  
c rst  luby ibes vmt  521   181 K 2585      21K  2435 6.57    6.10      284   397   32K   255 28.01   27.81  
c rst  luby ibes vmt  522   181 K 2585      21K  2435 6.57    6.10      284   398   32K   255 28.02   27.82  
c rst  luby ibes vmt  523   181 K 2585      21K  2435 6.57    6.10      284   398   32K   255 28.02   27.82  
c rst  luby ibes vmt  524   181 K 2585      21K  2435 6.57    6.10      284   398   32K   255 28.04   27.85  
c rst  luby ibes vmt  525   181 K 2585      21K  2435 6.57    6.10      284   400   32K   255 28.06   27.87  
c rst  luby ibes vmt  526   182 K 2585      21K  2435 6.57    6.10      284   403   33K   255 28.04   27.84  
c rst  luby ibes vmt  527   182 K 2585      21K  2435 6.57    6.10      287   407   34K   255 28.11   27.92  
c rst  luby ibes vmt  528   184 K 2585      21K  2435 6.57    6.10      287   415   35K   255 28.05   27.86  
c [full-probe]  bin_only: 1 set: 0 repl: 0 T: 0.01 T-out: N T-r: 99.77%
c rst  luby ibes vmt  529   184 K 2585      21K  2435 6.57    6.10      287   416   35K   255 28.04   27.86  
c rst  luby ibes vmt  530   184 K 2585      21K  2435 6.57    6.10      288   416   35K   255 28.06   27.88  
c rst  luby ibes vmt  531   184 K 2585      21K  2435 6.57    6.10      288   416   36K   255 28.06   27.88  
c rst  luby ibes vmt  532   185 K 2585      21K  2435 6.57    6.10      288   416   36K   255 28.05   27.87  
c rst  luby ibes vmt  533   185 K 2585      21K  2435 6.57    6.10      288   417   36K   255 28.04   27.87  
c rst  luby ibes vmt  534   185 K 2585      21K  2435 6.57    6.10      288   418   36K   255 28.09   27.92  
c rst  luby ibes vmt  535   185 K 2585      21K  2435 6.57    6.10      288   419   36K   255 28.05   27.88  
c rst  luby ibes vmt  536   185 K 2585      21K  2435 6.57    6.10      288   422   36K   255 28.03   27.85  
c rst  luby ibes vmt  537   185 K 2585      21K  2435 6.57    6.10      288   423   37K   255 28.02   27.84  
c rst  luby ibes vmt  538   186 K 2585      21K  2435 6.57    6.10      290   429   37K   255 28.00   27.83  
c rst  luby ibes vmt  539   186 K 2585      21K  2435 6.57    6.10      290   429   37K   255 28.02   27.84  
c rst  luby ibes vmt  540   186 K 2585      21K  2435 6.57    6.10      290   429   37K   255 28.02   27.85  
c rst  luby ibes vmt  541   186 K 2585      21K  2435 6.57    6.10      290   440   37K   255 28.04   27.87  
c rst  luby svd  vmt  542   186 K 2585      21K  2435 6.57    6.10      290   441   38K   255 28.05   27.88  
c rst  luby svd  vmt  543   187 K 2585      21K  2435 6.57    6.10      290   441   38K   255 28.18   28.01  
c rst  luby svd  vmt  544   187 K 2585      21K  2435 6.57    6.10      290   441   38K   255 28.21   28.04  
c rst  luby svd  vmt  545   187 K 2585      21K  2435 6.57    6.10      290   441   39K   255 28.22   28.05  
c rst  luby svd  vmt  546   188 K 2585      21K  2435 6.57    6.10      290   441   39K   255 28.26   28.09  
c rst  luby svd  vmt  547   188 K 2585      21K  2435 6.57    6.10      290   441   39K   255 28.28   28.11  
c rst  luby svd  vmt  548   188 K 2585      21K  2435 6.57    6.10      290   441   39K   255 28.30   28.13  
c rst  luby svd  vmt  549   188 K 2585      21K  2435 6.57    6.10      290   441   39K   255 28.34   28.17  
c rst  luby svd  vmt  550   188 K 2585      21K  2435 6.57    6.10      290   441   40K   255 28.40   28.24  
c rst  luby svd  vmt  551   189 K 2585      21K  2435 6.57    6.10      290   441   40K   255 28.42   28.25  
c rst  luby svd  vmt  552   189 K 2585      21K  2435 6.57    6.10      290   441   40K   255 28.42   28.25  
c rst  luby svd  vmt  553   189 K 2585      21K  2435 6.57    6.10      290   441   40K   255 28.44   28.28  
c rst  luby svd  vmt  554   189 K 2585      21K  2435 6.57    6.10      290   442   40K   255 28.46   28.29  
c rst  luby svd  vmt  555   189 K 2585      21K  2435 6.57    6.10      290   442   40K   255 28.48   28.32  
c rst  luby svd  vmt  556   189 K 2585      21K  2435 6.57    6.10      290   442   40K   255 28.51   28.35  
c rst  luby svd  vmt  557   190 K 2585      21K  2435 6.57    6.10      326   394   41K   255 28.51   28.35  
c rst  luby svd  vmt  558   190 K 2585      21K  2435 6.57    6.10      326   394   42K   255 28.58   28.42  
c rst  luby svd  vmt  559   192 K 2585      21K  2435 6.57    6.10      326   394   43K   255 28.67   28.51  
c [distill-long-red0] cls tried: 24/24 T: 0.00 T-out: N T-r: 99.93%
c [distill-long-red1] cls tried: 115/115 T: 0.01 T-out: N T-r: 20.55%
c rst  luby svd  vmt  560   195 K 2585      21K  2435 6.57    6.10      328   450   31K   255 29.73   29.52  
c rst  geom best vmt  561   195 K 2585      21K  2435 6.57    6.10      328   450   32K   255 29.74   29.53  
c rst  geom best vmt  562   195 K 2585      21K  2435 6.57    6.10      328   450   32K   255 29.73   29.52  
c rst  geom best vmt  563   196 K 2585      21K  2435 6.57    6.10      328   459   32K   255 29.77   29.56  
c rst  geom best vmt  564   196 K 2585      21K  2435 6.57    6.10      328   459   32K   255 29.78   29.57  
c rst  geom best vmt  565   196 K 2585      21K  2435 6.57    6.10      328   459   32K   255 29.80   29.59  
c rst  geom best vmt  566   196 K 2585      21K  2435 6.57    6.10      328   460   32K   255 29.86   29.65  
c [distill-bin] useful: 0/2435/2435 lits-rem: 0 cl-rem: 0 0-depth-assigns: 0 T: 0.01 T-out: N
c rst  geom best vmt  567   196 K 2585      21K  2435 6.57    6.10      328   462   33K   255 29.86   29.65  
c rst  geom best vmt  568   197 K 2585      21K  2435 6.57    6.10      329   463   33K   255 29.90   29.69  
c rst  geom best vmt  569   197 K 2585      21K  2435 6.57    6.10      329   467   33K   255 29.89   29.68  
c rst  geom best vmt  570   197 K 2585      21K  2435 6.57    6.10      329   468   33K   255 29.94   29.74  
c rst  geom best vmt  571   197 K 2585      21K  2435 6.57    6.10      329   468   34K   255 29.95   29.74  
c [branch] adjusting to: vsid (from: vmtf) var_decay:0.95 descr: VSIDS
c rst  geom best vs   572   197 K 2585      21K  2435 6.57    6.10      330   469   34K   255 29.94   29.74  
c rst  geom best vs   573   198 K 2585      21K  2435 6.57    6.10      331   469   34K   255 29.93   29.73  
c rst  geom best vs   574   198 K 2585      21K  2435 6.57    6.10      331   469   34K   255 29.92   29.72  
c rst  geom best vs   575   198 K 2585      21K  2435 6.57    6.10      332   471   34K   255 29.91   29.71  
c rst  geom best vs   576   198 K 2585      21K  2435 6.57    6.10      332   471   34K   255 29.90   29.70  
c rst  geom best vs   577   198 K 2585      21K  2435 6.57    6.10      332   472   34K   255 29.88   29.68  
c rst  geom best vs   578   198 K 2585      21K  2435 6.57    6.10      332   472   35K   255 29.86   29.66  
c rst  geom best vs   579   199 K 2585      21K  2435 6.57    6.10      332   472   35K   255 29.86   29.67  
c rst  geom best vs   580   199 K 2585      21K  2435 6.57    6.10      332   472   35K   255 29.84   29.64  
c rst  geom best vs   581   199 K 2585      21K  2435 6.57    6.10      332   472   35K   255 29.84   29.65  
c rst  geom best vs   582   199 K 2585      21K  2435 6.57    6.10      332   474   36K   255 29.84   29.65  
c rst  geom best vs   583   200 K 2585      21K  2435 6.57    6.10      356   434   36K   255 29.82   29.63  
c rst  geom best vs   584   200 K 2585      21K  2435 6.57    6.10      356   434   36K   255 29.81   29.62  
c rst  geom best vs   585   200 K 2585      21K  2435 6.57    6.10      356   435   37K   255 29.80   29.61  
c rst  geom best vs   586   201 K 2585      21K  2435 6.57    6.10      356   438   37K   255 29.81   29.62  
c rst  geom best vs   587   201 K 2585      21K  2435 6.57    6.10      356   440   37K   255 29.80   29.62  
c rst  geom best vs   588   202 K 2585      21K  2435 6.57    6.10      356   440   38K   255 29.76   29.58  
c rst  geom best vs   589   202 K 2585      21K  2435 6.57    6.10      356   441   38K   255 29.71   29.54  
c rst  geom stb  vs   590   203 K 2585      21K  2435 6.57    6.10      356   441   39K   255 29.73   29.56  
c [distill] watch-based irred--  cl tried 25428    cl-sh 0     cl-rem 0    lit-rem 0      T: 0.03 T-out: Y
c [distill] watch-based red  --  cl tried 712      cl-sh 3     cl-rem 0    lit-rem 3      T: 0.00 T-out: N
c rst  geom stb  vs   591   204 K 2585      21K  2435 6.57    6.10      356   441   40K   255 29.77   29.60  
c rst  geom stb  vs   592   204 K 2585      21K  2435 6.57    6.10      356   442   40K   255 29.88   29.71  
c [full-probe]  bin_only: 0 set: 0 repl: 0 T: 0.01 T-out: N T-r: 98.02%
c rst  geom stb  vs   593   205 K 2585      21K  2435 6.57    6.10      356   442   41K   255 29.94   29.78  
c rst  geom stb  vs   594   206 K 2585      21K  2435 6.57    6.10      356   442   42K   255 30.03   29.87  
c rst  geom stb  vs   595   207 K 2585      21K  2435 6.57    6.10      356   442   43K   255 30.15   29.98  
c rst  geom stb  vs   596   208 K 2585      21K  2435 6.57    6.10      356   442   44K   255 30.27   30.11  
c [distill-long-red0] cls tried: 18/18 T: 0.00 T-out: N T-r: 99.95%
c [distill-long-red1] cls tried: 76/76 T: 0.01 T-out: N T-r: 18.67%
c rst  geom stb  vs   597   209 K 2585      21K  2435 6.57    6.10      356   442   45K   255 30.40   30.25  
c rst  geom stb  vs   598   210 K 2585      21K  2435 6.57    6.10      366   486   30K   255 31.07   30.83  
c rst  geom ibes vs   599   212 K 2585      21K  2435 6.57    6.10      366   486   31K   255 30.70   30.47  
c rst  geom ibes vs   600   213 K 2585      21K  2435 6.57    6.10      366   490   33K   255 30.30   30.08  
c rst  geom ibes vs   601   215 K 2585      21K  2435 6.57    6.10      366   493   34K   255 29.86   29.66  
c rst  geom ibes vs   602   217 K 2585      21K  2435 6.57    6.10      366   494   36K   255 29.39   29.20  
c [distill-bin] useful: 0/2435/2435 lits-rem: 0 cl-rem: 0 0-depth-assigns: 0 T: 0.01 T-out: N
c rst  geom ibes vs   603   219 K 2585      21K  2435 6.57    6.10      367   497   38K   255 29.04   28.86  
c rst  geom svd  vs   604   221 K 2585      21K  2435 6.57    6.10      394   448   40K   255 29.24   29.07  
c [impl-str] lit bin: 0 set-var: 0 T: 0.00 T-out: N T-r: 99.95% w-visit: 5176
c [impl-sub] bin: 0 T: 0.00 T-out: N w-visit: 5176
c rst  geom svd  vs   605   224 K 2585      21K  2435 6.57    6.10      394   460   43K   255 29.21   29.05  
c [branch] adjusting to: vmtf (from: vsid) var_decay:0.95 descr: VMTF
c [distill-long-red0] cls tried: 10/10 T: 0.00 T-out: N T-r: 99.97%
c [distill-long-red1] cls tried: 92/92 T: 0.01 T-out: N T-r: 43.60%
c [ccnr] tries: 0 steps: 262143 best found: 7
c [ccnr] saving best assignment phase to stable_polar
c [ccnr] bumping based on var unsat frequency: conflict_ct
c [ccnr] Bumped vars: 2588 bump type: 6
c [ccnr] time: 0.31
c rst  luby svd  vmt  606   224 K 2585      21K  2435 6.57    6.10      395   480   43K   255 29.18   29.03  
c rst  luby svd  vmt  607   224 K 2585      21K  2435 6.57    6.10      395   480   43K   255 29.20   29.05  
c rst  luby svd  vmt  608   224 K 2585      21K  2435 6.57    6.10      395   481   43K   255 29.23   29.08  
c rst  luby svd  vmt  609   224 K 2585      21K  2435 6.57    6.10      395   481   43K   255 29.24   29.09  
c rst  luby svd  vmt  610   224 K 2585      21K  2435 6.57    6.10      395   482   43K   255 29.26   29.10  
c [full-probe]  bin_only: 1 set: 0 repl: 0 T: 0.01 T-out: N T-r: 99.82%
c rst  luby svd  vmt  611   224 K 2585      21K  2435 6.57    6.10      395   482   44K   255 29.26   29.11  
c rst  luby svd  vmt  612   225 K 2585      21K  2435 6.57    6.10      397   578   32K   255 28.73   28.53  
c rst  luby svd  vmt  613   225 K 2585      21K  2435 6.57    6.10      397   578   32K   255 28.76   28.56  
c rst  luby svd  vmt  614   225 K 2585      21K  2435 6.57    6.10      397   578   32K   255 28.78   28.58  
c rst  luby svd  vmt  615   225 K 2585      21K  2435 6.57    6.10      397   578   32K   255 28.81   28.61  
c rst  luby svd  vmt  616   225 K 2585      21K  2435 6.57    6.10      397   579   32K   255 28.80   28.60  
c rst  luby svd  vmt  617   225 K 2585      21K  2435 6.57    6.10      397   579   32K   255 28.80   28.60  
c rst  luby svd  vmt  618   226 K 2585      21K  2435 6.57    6.10      397   591   33K   255 28.83   28.63  
c rst  luby svd  vmt  619   226 K 2585      21K  2435 6.57    6.10      398   598   33K   255 28.94   28.75  
c rst  luby svd  vmt  620   227 K 2585      21K  2435 6.57    6.10      398   598   34K   255 29.20   29.01  
c rst  geom best vmt  621   227 K 2585      21K  2435 6.57    6.10      398   598   34K   255 29.20   29.01  
c rst  geom best vmt  622   227 K 2585      21K  2435 6.57    6.10      398   598   34K   255 29.20   29.01  
c rst  geom best vmt  623   227 K 2585      21K  2435 6.57    6.10      398   598   34K   255 29.22   29.02  
c rst  geom best vmt  624   227 K 2585      21K  2435 6.57    6.10      398   599   34K   255 29.20   29.01  
c rst  geom best vmt  625   228 K 2585      21K  2435 6.57    6.10      398   600   35K   255 29.19   29.00  
c rst  geom best vmt  626   228 K 2585      21K  2435 6.57    6.10      398   600   35K   255 29.19   29.00  
c rst  geom best vmt  627   228 K 2585      21K  2435 6.57    6.10      398   600   35K   255 29.19   29.00  
c [distill] watch-based irred--  cl tried 26106    cl-sh 0     cl-rem 0    lit-rem 0      T: 0.03 T-out: Y
c [distill] watch-based red  --  cl tried 796      cl-sh 0     cl-rem 0    lit-rem 0      T: 0.00 T-out: N
c rst  geom best vmt  628   228 K 2585      21K  2435 6.57    6.10      404   607   35K   255 29.21   29.02  
c rst  geom best vmt  629   228 K 2585      21K  2435 6.57    6.10      404   607   35K   255 29.23   29.04  
c rst  geom best vmt  630   229 K 2585      21K  2435 6.57    6.10      404   607   36K   255 29.23   29.05  
c rst  geom best vmt  631   229 K 2585      21K  2435 6.57    6.10      404   607   36K   255 29.23   29.05  
c rst  geom best vmt  632   229 K 2585      21K  2435 6.57    6.10      404   607   36K   255 29.23   29.05  
c rst  geom best vmt  633   230 K 2585      21K  2435 6.57    6.10      460   507   37K   255 29.24   29.06  
c rst  geom best vmt  634   230 K 2585      21K  2435 6.57    6.10      460   510   37K   255 29.24   29.06  
c rst  geom best vmt  635   230 K 2585      21K  2435 6.57    6.10      460   513   37K   255 29.24   29.06  
c rst  geom best vmt  636   231 K 2585      21K  2435 6.57    6.10      461   514   38K   255 29.24   29.06  
c rst  geom best vmt  637   231 K 2585      21K  2435 6.57    6.10      461   516   38K   255 29.23   29.06  
c rst  geom best vmt  638   232 K 2585      21K  2435 6.57    6.10      461   517   39K   255 29.20   29.03  
c rst  geom best vmt  639   232 K 2585      21K  2435 6.57    6.10      461   517   39K   255 29.18   29.01  
c rst  geom best vmt  640   233 K 2585      21K  2435 6.57    6.10      461   518   40K   255 29.20   29.04  
c rst  geom best vmt  641   234 K 2585      21K  2435 6.57    6.10      461   519   41K   255 29.18   29.01  
c rst  geom best vmt  642   235 K 2585      21K  2435 6.57    6.10      461   519   42K   255 29.18   29.02  
c rst  geom stb  vmt  643   235 K 2585      21K  2435 6.57    6.10      461   521   42K   255 29.30   29.14  
c rst  geom stb  vmt  644   236 K 2585      21K  2435 6.57    6.10      461   521   43K   255 29.45   29.29  
c rst  geom stb  vmt  645   237 K 2585      21K  2435 6.57    6.10      461   521   44K   255 29.61   29.46  
c [distill-bin] useful: 0/2435/2435 lits-rem: 0 cl-rem: 0 0-depth-assigns: 0 T: 0.01 T-out: N
c rst  geom stb  vmt  646   239 K 2585      21K  2435 6.57    6.10      461   521   46K   255 29.80   29.65  
c [distill-long-red0] cls tried: 28/28 T: 0.00 T-out: N T-r: 99.93%
c [distill-long-red1] cls tried: 68/142 T: 0.01 T-out: Y T-r: -0.65%
c rst  geom stb  vmt  647   240 K 2585      21K  2435 6.57    6.10      478   537   31K   255 28.88   28.67  
c rst  geom stb  vmt  648   241 K 2585      21K  2435 6.57    6.10      478   538   33K   255 29.25   29.05  
c rst  geom stb  vmt  649   243 K 2585      21K  2435 6.57    6.10      478   538   34K   255 29.69   29.49  
c rst  geom ibes vmt  650   244 K 2585      21K  2435 6.57    6.10      479   546   35K   255 29.69   29.50  
c recursive minimization cost OK: 561Kcost/(% lits removed)
c [gauss] XOR-encoding clauses are not detached, so no need to reattach them.
c [g 0] truth-find prop checks  : 1125K
c [g 0] -> of which prop        : 36.51 %
c [g 0] -> of which confl       :  1.62 %
c [g 0] elim called             : 129K
c [g 0] ---> which lead to prop : 162.38 %
c [g 0] ---> which lead to confl:  8.03 %
c [g 0] size: 45    x 90   
c --> Executing strategy token: scc-vrepl
c [scc] new: 0 BP 0M T: 0.00
c --> Executing strategy token: sub-impl
c [impl-sub] bin: 0 T: 0.00 T-out: N w-visit: 5176
c --> Executing strategy token: breakid
c --> Executing OCC strategy token(s): 'occ-backw-sub-str,occ-clean-implicit,occ-bve,occ-bva,occ-ternary-res,occ-xor,'
c [occ] mem usage for occur 2      MB
c [occ] Linked in IRRED BIN by default: 2435
c [occ] Linked in RED   BIN by default: 255
c [occ] mem usage for occur 0      MB
c Mem for watch alloc      : 7           MB (15.78     %)
c Mem for watch array      : 0           MB (0.27      %)
c --> Executing OCC strategy token: occ-backw-sub-str
c [occ-backw-sub-str-long-w-bins] subs: 0 str: 0 tried: 64947 0-depth ass: 0 T: 0.00 T-out: N T-r: 99.36%
c [occ-backw-sub-long-w-long] rem cl: 18 tried: 57659/57659 (100.0%) T: 0.01 T-out: N T-r: 97.23%
c [occ-backw-sub-str-long-w-long] sub: 0 str: 8 tried: 172977/57659 (300.0)  T: 0.07 T-out: N T-r: 88.96%
c --> Executing OCC strategy token: occ-clean-implicit
c --> Executing OCC strategy token: occ-bve
c [occ-empty-res] Empty resolvent elimed: 0 T: 0.00 T-out: N
c [occ-bve] turning off picosat-based irreg gate detection, added lits:  254K
c [occ-bve] iter v-elim 0
c cl_inc_rate=1.0, var_dec_rate=1.0 (grow=0)
c Reduced to 2585 vars, 23727 cls (grow=0)
c [occ-bve] iter v-elim 0
c cl_inc_rate=1.0, var_dec_rate=1.0 (grow=8)
c Reduced to 2585 vars, 23727 cls (grow=8)
c [occ-bve] iter v-elim 0
c cl_inc_rate=1.0, var_dec_rate=1.0 (grow=16)
c Reduced to 2585 vars, 23727 cls (grow=16)
c x n vars       : 2585
c #try to eliminate:  7755
c #var-elim        :     0
c #T-o: N
c #T-r: 99.99%
c #T  : 0.96
c [occur] 0.03 is overhead
c [occur] link-in T: 0.03 cleanup T: 0.00
c --> Executing OCC strategy token: occ-bva
c --> Executing OCC strategy token: occ-ternary-res
c [occ-ternary-res] Ternary res-tri: 0 res-bin: 0 sub: 0 str: 0 T: 0.00 T-out: N T-r: 99.84%
c --> Executing OCC strategy token: occ-xor
c [occ-xor] sort occur list T: 0.00
c [xor-clean-equiv] removed equivalent xors: 0 left with: 261
c [occ-xor] found    261 avg sz 5.6 min sz  4 max sz  6 T: 0.01 T-out: N T-r: 99.97%
c --> Executing strategy token: card-find
c --> Executing strategy token: cl-consolidate
c Not consolidating memory.
c --> Executing strategy token: scc-vrepl
c [scc] new: 0 BP 0M T: 0.00
c --> Executing strategy token: renumber
c --> Executing strategy token: bosphorus
c --> Executing strategy token: louvain-comms
c [consolidate] mini T: 0.00
c global_timeout_multiplier: 3.9930
c [branch] rebuilding order heap for all branchings. Current branching: vmtf
c [find&init matx] performing matrix init
c [gauss] XOR-encoding clauses are not detached, so no need to reattach them.
c [xor-rem-unconnected] left with 261 xors from 261 non-empty xors T: 0.00
c [xor-together] xored together: 213 orig xors: 261 new xors: 48 T: 0.00
c [xor-rem-unconnected] left with 48 xors from 48 non-empty xors T: 0.00
c [xor-clean-equiv] removed equivalent xors: 0 left with: 48
c [matrix] unused xors from cleaning: 0
c [matrix] Good   matrix  0     48 x   96  density:0.2222  xorlen avg: 21.33
c [matrix] Using 1 matrices recovered from 0 xors T: 0.00 T-out: N
c rst  geom ibes  vmt   651  245K    2585   21K  2435    6.57    6.10   477   536   36K   255   29.80   29.61
c [full-probe]  bin_only: 0 set: 0 repl: 0 T: 0.01 T-out: N T-r: 98.17%
c rst  geom ibes  vmt   652  246K    2585   21K  2435    6.57    6.10   483   546   38K   255   29.91   29.73
c [gauss] XOR-encoding clauses are not detached, so no need to reattach them.
c [g 0] truth-find prop checks  : 53K
c [g 0] -> of which prop        : 39.20 %
c [g 0] -> of which confl       :  1.66 %
c [g 0] elim called             : 6196
c [g 0] ---> which lead to prop : 174.08 %
c [g 0] ---> which lead to confl:  7.04 %
c [g 0] size: 48    x 96   
c [scc] new: 0 BP 0M T: 0.00
c [vrep] vars 0 lits 0 rem-bin-cls 0 rem-long-cls 0 BP 0M T: 0.01
c [intree] Set 0 vars hyper-added: 1 trans-irred: 0 trans-red: 0 T: 0.01 T-out: N T-r: 0.15%
c [find&init matx] performing matrix init
c [gauss] XOR-encoding clauses are not detached, so no need to reattach them.
c [xor-rem-unconnected] left with 261 xors from 261 non-empty xors T: 0.00
c [xor-together] xored together: 213 orig xors: 261 new xors: 48 T: 0.00
c [xor-rem-unconnected] left with 48 xors from 48 non-empty xors T: 0.00
c [xor-clean-equiv] removed equivalent xors: 0 left with: 48
c [matrix] unused xors from cleaning: 0
c [matrix] Good   matrix 0 48      x96     density:0.2222  xorlen avg: 21.33
c [matrix] Using 1 matrices recovered from 0 xors T: 0.00 T-out: N
c rst  geom ibes vmt  653   248 K 2585      21K  2435 6.57    6.10      484   556   40K   256 30.24   30.07  
c rst  geom ibes vmt  654   251 K 2585      21K  2435 6.57    6.10      504   527   42K   256 30.26   30.09  
c [branch] adjusting to: vsid (from: vmtf) var_decay:0.95 descr: VSIDS
c rst  geom svd  vs   655   251 K 2585      21K  2435 6.57    6.10      504   527   42K   256 30.28   30.12  
c rst  geom svd  vs   656   251 K 2585      21K  2435 6.57    6.10      504   527   42K   256 30.30   30.13  
c rst  geom svd  vs   657   251 K 2585      21K  2435 6.57    6.10      504   527   42K   256 30.31   30.15  
c rst  geom svd  vs   658   251 K 2585      21K  2435 6.57    6.10      504   527   42K   256 30.33   30.16  
c rst  geom svd  vs   659   251 K 2585      21K  2435 6.57    6.10      504   527   43K   256 30.34   30.17  
c rst  geom svd  vs   660   252 K 2585      21K  2435 6.57    6.10      504   527   43K   256 30.35   30.18  
c rst  geom svd  vs   661   252 K 2585      21K  2435 6.57    6.10      504   527   43K   256 30.37   30.20  
c rst  geom svd  vs   662   252 K 2585      21K  2435 6.57    6.10      504   527   43K   256 30.38   30.22  
c rst  geom svd  vs   663   252 K 2585      21K  2435 6.57    6.10      504   527   43K   256 30.38   30.22  
c rst  geom svd  vs   664   252 K 2585      21K  2435 6.57    6.10      504   527   44K   256 30.36   30.20  
c rst  geom svd  vs   665   253 K 2585      21K  2435 6.57    6.10      504   527   44K   256 30.35   30.20  
c rst  geom svd  vs   666   253 K 2585      21K  2435 6.57    6.10      504   528   44K   256 30.38   30.23  
c [distill] watch-based irred--  cl tried 23799    cl-sh 0     cl-rem 0    lit-rem 0      T: 0.04 T-out: Y
c [distill] watch-based red  --  cl tried 1008     cl-sh 0     cl-rem 0    lit-rem 0      T: 0.00 T-out: N
c rst  geom svd  vs   667   253 K 2585      21K  2435 6.57    6.10      504   528   45K   256 30.41   30.25  
c rst  geom svd  vs   668   254 K 2585      21K  2435 6.57    6.10      504   528   45K   256 30.43   30.28  
c [distill-long-red0] cls tried: 43/43 T: 0.00 T-out: N T-r: 99.89%
c [distill-long-red1] cls tried: 67/119 T: 0.01 T-out: Y T-r: -2.73%
c rst  geom svd  vs   669   254 K 2585      21K  2435 6.57    6.10      504   528   45K   256 30.46   30.31  
c rst  geom svd  vs   670   255 K 2585      21K  2435 6.57    6.10      508   553   30K   256 32.54   32.29  
c rst  geom svd  vs   671   255 K 2585      21K  2435 6.57    6.10      508   553   30K   256 32.47   32.23  
c rst  geom svd  vs   672   256 K 2585      21K  2435 6.57    6.10      508   553   31K   256 32.43   32.19  
c rst  geom svd  vs   673   256 K 2585      21K  2435 6.57    6.10      508   553   32K   256 32.39   32.16  
c rst  geom svd  vs   674   257 K 2585      21K  2435 6.57    6.10      508   553   32K   256 32.41   32.18  
c rst  geom svd  vs   675   258 K 2585      21K  2435 6.57    6.10      508   555   33K   256 32.37   32.14  
c [distill-bin] useful: 0/2435/2435 lits-rem: 0 cl-rem: 0 0-depth-assigns: 0 T: 0.01 T-out: N
c rst  geom svd  vs   676   258 K 2585      21K  2435 6.57    6.10      508   555   34K   256 32.30   32.08  
c rst  geom best vs   677   259 K 2585      21K  2435 6.57    6.10      508   557   35K   256 32.19   31.97  
c rst  geom best vs   678   260 K 2585      21K  2435 6.57    6.10      520   498   36K   256 32.01   31.80  
c rst  geom best vs   679   261 K 2585      21K  2435 6.57    6.10      520   499   37K   256 31.82   31.62  
c rst  geom best vs   680   263 K 2585      21K  2435 6.57    6.10      520   501   38K   256 31.63   31.44  
c rst  geom best vs   681   264 K 2585      21K  2435 6.57    6.10      520   501   39K   256 31.55   31.36  
c rst  geom best vs   682   265 K 2585      21K  2435 6.57    6.10      520   501   41K   256 31.48   31.31  
c [full-probe]  bin_only: 1 set: 0 repl: 0 T: 0.02 T-out: N T-r: 99.53%
c rst  geom best vs   683   267 K 2585      21K  2435 6.57    6.10      520   501   42K   256 31.39   31.22  
c rst  geom stb  vs   684   268 K 2585      21K  2435 6.57    6.10      520   501   44K   256 31.39   31.22  
c [ccnr] tries: 0 steps: 262143 best found: 6
c [ccnr] saving best assignment phase to stable_polar
c [ccnr] bumping based on var unsat frequency: conflict_ct
c [ccnr] Bumped vars: 2588 bump type: 6
c [ccnr] time: 0.31
c rst  geom stb  vs   685   270 K 2585      21K  2435 6.57    6.10      531   495   32K   256 31.22   31.00  
c [distill-long-red0] cls tried: 19/19 T: 0.00 T-out: N T-r: 99.96%
c [distill-long-red1] cls tried: 85/85 T: 0.01 T-out: N T-r: 46.96%
c rst  geom stb  vs   686   272 K 2585      21K  2435 6.57    6.10      531   496   34K   256 31.36   31.15  
c rst  geom stb  vs   687   275 K 2585      21K  2435 6.57    6.10      531   498   36K   256 31.56   31.36  
c rst  geom ibes vs   688   277 K 2585      21K  2435 6.57    6.10      531   500   39K   256 31.30   31.11  
c rst  geom ibes vs   689   280 K 2585      21K  2435 6.57    6.10      551   469   42K   256 30.86   30.69  
c [distill-bin] useful: 0/2435/2435 lits-rem: 0 cl-rem: 0 0-depth-assigns: 0 T: 0.01 T-out: N
c [distill] watch-based irred--  cl tried 25874    cl-sh 0     cl-rem 0    lit-rem 0      T: 0.04 T-out: Y
c [distill] watch-based red  --  cl tried 1102     cl-sh 0     cl-rem 0    lit-rem 0      T: 0.00 T-out: N
c rst  geom ibes vs   690   283 K 2585      21K  2435 6.57    6.10      551   474   45K   256 30.32   30.16  
c [branch] adjusting to: vmtf (from: vsid) var_decay:0.95 descr: VMTF
c [impl-str] lit bin: 0 set-var: 0 T: 0.00 T-out: N T-r: 99.95% w-visit: 5176
c [impl-sub] bin: 0 T: 0.00 T-out: N w-visit: 5176
c rst  luby svd  vmt  691   283 K 2585      21K  2435 6.57    6.10      552   500   45K   256 30.29   30.13  
c rst  luby svd  vmt  692   283 K 2585      21K  2435 6.57    6.10      554   500   45K   256 30.29   30.13  
c rst  luby svd  vmt  693   283 K 2585      21K  2435 6.57    6.10      555   501   45K   256 30.30   30.15  
c rst  luby svd  vmt  694   283 K 2585      21K  2435 6.57    6.10      555   502   45K   256 30.31   30.16  
c rst  luby svd  vmt  695   283 K 2585      21K  2435 6.57    6.10      555   502   45K   256 30.32   30.17  
c rst  luby svd  vmt  696   284 K 2585      21K  2435 6.57    6.10      556   504   45K   256 30.35   30.20  
c rst  luby svd  vmt  697   284 K 2585      21K  2435 6.57    6.10      557   506   46K   256 30.40   30.25  
c rst  luby svd  vmt  698   284 K 2585      21K  2435 6.57    6.10      557   506   46K   256 30.42   30.27  
c rst  luby svd  vmt  699   284 K 2585      21K  2435 6.57    6.10      557   506   46K   256 30.43   30.28  
c rst  luby svd  vmt  700   284 K 2585      21K  2435 6.57    6.10      558   512   46K   256 30.46   30.30  
c rst  luby svd  vmt  701   285 K 2585      21K  2435 6.57    6.10      559   564   30K   256 28.41   28.20  
c rst  luby svd  vmt  702   285 K 2585      21K  2435 6.57    6.10      559   565   30K   256 28.42   28.21  
c rst  luby svd  vmt  703   285 K 2585      21K  2435 6.57    6.10      560   566   30K   256 28.45   28.25  
c rst  luby svd  vmt  704   285 K 2585      21K  2435 6.57    6.10      560   568   31K   256 28.50   28.29  
c [full-probe]  bin_only: 0 set: 0 repl: 0 T: 0.01 T-out: N T-r: 98.62%
c rst  luby svd  vmt  705   286 K 2585      21K  2435 6.57    6.10      560   568   32K   256 28.68   28.47  
c [distill-long-red0] cls tried: 14/14 T: 0.00 T-out: N T-r: 99.98%
c [distill-long-red1] cls tried: 102/102 T: 0.01 T-out: N T-r: 40.14%
c rst  luby svd  vmt  706   286 K 2585      21K  2435 6.57    6.10      560   571   32K   257 28.69   28.49  
c rst  luby svd  vmt  707   286 K 2585      21K  2435 6.57    6.10      560   571   32K   257 28.72   28.51  
c rst  luby svd  vmt  708   286 K 2585      21K  2435 6.57    6.10      560   571   32K   257 28.79   28.58  
c rst  luby svd  vmt  709   287 K 2585      21K  2435 6.57    6.10      560   572   32K   257 28.82   28.62  
c rst  luby svd  vmt  710   287 K 2585      21K  2435 6.57    6.10      560   572   32K   257 28.83   28.63  
c rst  luby svd  vmt  711   287 K 2585      21K  2435 6.57    6.10      562   573   32K   257 28.90   28.69  
c rst  luby svd  vmt  712   287 K 2585      21K  2435 6.57    6.10      562   574   33K   257 28.99   28.79  
c rst  luby svd  vmt  713   287 K 2585      21K  2435 6.57    6.10      562   574   33K   257 29.02   28.82  
c rst  luby svd  vmt  714   287 K 2585      21K  2435 6.57    6.10      562   575   33K   257 29.04   28.84  
c rst  luby svd  vmt  715   288 K 2585      21K  2435 6.57    6.10      562   576   33K   257 29.07   28.87  
c rst  luby svd  vmt  716   288 K 2585      21K  2435 6.57    6.10      562   577   33K   257 29.09   28.89  
c rst  luby svd  vmt  717   288 K 2585      21K  2435 6.57    6.10      562   577   33K   257 29.10   28.91  
c rst  luby svd  vmt  718   288 K 2585      21K  2435 6.57    6.10      562   577   34K   257 29.13   28.93  
c rst  luby svd  vmt  719   288 K 2585      21K  2435 6.57    6.10      562   577   34K   257 29.27   29.07  
c rst  luby svd  vmt  720   289 K 2585      21K  2435 6.57    6.10      562   578   35K   257 29.37   29.18  
c rst  luby svd  vmt  721   291 K 2585      21K  2435 6.57    6.10      611   454   37K   257 29.54   29.36  
c rst  geom best vmt  722   291 K 2585      21K  2435 6.57    6.10      611   454   37K   257 29.55   29.37  
c rst  geom best vmt  723   291 K 2585      21K  2435 6.57    6.10      611   454   37K   257 29.56   29.38  
c rst  geom best vmt  724   291 K 2585      21K  2435 6.57    6.10      611   454   37K   257 29.59   29.40  
c rst  geom best vmt  725   291 K 2585      21K  2435 6.57    6.10      611   455   37K   257 29.60   29.41  
c rst  geom best vmt  726   292 K 2585      21K  2435 6.57    6.10      611   457   37K   257 29.59   29.41  
c rst  geom best vmt  727   292 K 2585      21K  2435 6.57    6.10      611   461   37K   257 29.60   29.42  
c rst  geom best vmt  728   292 K 2585      21K  2435 6.57    6.10      611   461   38K   257 29.60   29.42  
c rst  geom best vmt  729   292 K 2585      21K  2435 6.57    6.10      611   462   38K   257 29.58   29.40  
c rst  geom best vmt  730   292 K 2585      21K  2435 6.57    6.10      611   462   38K   257 29.58   29.41  
c rst  geom best vmt  731   293 K 2585      21K  2435 6.57    6.10      611   462   38K   257 29.59   29.41  
c rst  geom best vmt  732   293 K 2585      21K  2435 6.57    6.10      611   462   39K   257 29.64   29.46  
c rst  geom best vmt  733   293 K 2585      21K  2435 6.57    6.10      612   464   39K   257 29.61   29.44  
c rst  geom best vmt  734   294 K 2585      21K  2435 6.57    6.10      612   464   39K   257 29.62   29.45  
c rst  geom best vmt  735   294 K 2585      21K  2435 6.57    6.10      612   464   40K   257 29.59   29.42  
c rst  geom best vmt  736   294 K 2585      21K  2435 6.57    6.10      612   468   40K   257 29.63   29.46  
c rst  geom best vmt  737   295 K 2585      21K  2435 6.57    6.10      612   474   40K   257 29.68   29.51  
c rst  geom best vmt  738   295 K 2585      21K  2435 6.57    6.10      612   476   41K   257 29.71   29.54  
c rst  geom best vmt  739   296 K 2585      21K  2435 6.57    6.10      612   486   41K   257 29.81   29.65  
c rst  geom best vmt  740   296 K 2585      21K  2435 6.57    6.10      612   486   42K   257 29.87   29.71  
c rst  geom best vmt  741   297 K 2585      21K  2435 6.57    6.10      612   487   43K   257 29.98   29.82  
c rst  geom best vmt  742   298 K 2585      21K  2435 6.57    6.10      614   513   43K   257 29.96   29.80  
c rst  geom best vmt  743   299 K 2585      21K  2435 6.57    6.10      614   513   44K   257 29.95   29.80  
c rst  geom best vmt  744   299 K 2585      21K  2435 6.57    6.10      616   524   45K   257 29.92   29.76  
c rst  geom stb  vmt  745   300 K 2585      21K  2435 6.57    6.10      661   525   32K   257 30.51   30.30  
c [distill-bin] useful: 0/2435/2435 lits-rem: 0 cl-rem: 0 0-depth-assigns: 0 T: 0.01 T-out: N
c rst  geom stb  vmt  746   301 K 2585      21K  2435 6.57    6.10      662   532   33K   257 30.72   30.51  
c [distill-long-red0] cls tried: 51/51 T: 0.00 T-out: N T-r: 99.95%
c [distill-long-red1] cls tried: 134/134 T: 0.01 T-out: N T-r: 36.44%
c rst  geom stb  vmt  747   303 K 2585      21K  2435 6.57    6.10      666   542   34K   257 30.74   30.53  
c rst  geom stb  vmt  748   304 K 2585      21K  2435 6.57    6.10      666   546   36K   257 30.93   30.73  
c rst  geom stb  vmt  749   305 K 2585      21K  2435 6.57    6.10      667   550   37K   257 31.05   30.86  
c [full-probe]  bin_only: 1 set: 0 repl: 0 T: 0.01 T-out: N T-r: 99.81%
c [distill] watch-based irred--  cl tried 25521    cl-sh 0     cl-rem 0    lit-rem 0      T: 0.04 T-out: Y
c [distill] watch-based red  --  cl tried 1334     cl-sh 2     cl-rem 0    lit-rem 2      T: 0.00 T-out: N
c rst  geom stb  vmt  750   307 K 2585      21K  2435 6.57    6.10      667   556   38K   257 31.41   31.22  
c rst  geom stb  vmt  751   309 K 2585      21K  2435 6.57    6.10      667   558   40K   257 31.58   31.40  
c rst  geom ibes vmt  752   310 K 2585      21K  2435 6.57    6.10      708   507   42K   257 31.30   31.13  
c rst  geom ibes vmt  753   312 K 2585      21K  2435 6.57    6.10      709   516   44K   257 31.08   30.91  
c [gauss] XOR-encoding clauses are not detached, so no need to reattach them.
c [g 0] truth-find prop checks  : 1260K
c [g 0] -> of which prop        : 37.03 %
c [g 0] -> of which confl       :  1.42 %
c [g 0] elim called             : 137K
c [g 0] ---> which lead to prop : 176.68 %
c [g 0] ---> which lead to confl:  7.67 %
c [g 0] size: 48    x 96   
c [scc] new: 0 BP 0M T: 0.00
c [vrep] vars 0 lits 0 rem-bin-cls 0 rem-long-cls 0 BP 0M T: 0.01
c [intree] Set 0 vars hyper-added: 0 trans-irred: 0 trans-red: 0 T: 0.01 T-out: N T-r: -1.08%
c [find&init matx] performing matrix init
c [gauss] XOR-encoding clauses are not detached, so no need to reattach them.
c [xor-rem-unconnected] left with 261 xors from 261 non-empty xors T: 0.00
c [xor-together] xored together: 213 orig xors: 261 new xors: 48 T: 0.00
c [xor-rem-unconnected] left with 48 xors from 48 non-empty xors T: 0.00
c [xor-clean-equiv] removed equivalent xors: 0 left with: 48
c [matrix] unused xors from cleaning: 0
c [matrix] Good   matrix 0 48      x96     density:0.2222  xorlen avg: 21.33
c [matrix] Using 1 matrices recovered from 0 xors T: 0.00 T-out: N
c [ccnr] tries: 0 steps: 262143 best found: 4
c [ccnr] saving best assignment phase to stable_polar
c [ccnr] bumping based on clause weights
c [ccnr] Bumped vars: 103 bump type: 6
c [ccnr] time: 0.29
c rst  geom ibes vmt  754   315 K 2585      21K  2435 6.57    6.10      722   606   30K   257 32.20   31.96  
c [branch] adjusting to: vsid (from: vmtf) var_decay:0.95 descr: VSIDS
c rst  geom ibes vs   755   315 K 2585      21K  2435 6.57    6.10      724   607   30K   257 32.16   31.91  
c rst  geom ibes vs   756   315 K 2585      21K  2435 6.57    6.10      724   609   30K   257 32.10   31.86  
c rst  geom ibes vs   757   315 K 2585      21K  2435 6.57    6.10      724   609   30K   257 32.05   31.81  
c rst  geom ibes vs   758   315 K 2585      21K  2435 6.57    6.10      724   609   30K   257 32.00   31.76  
c rst  geom ibes vs   759   315 K 2585      21K  2435 6.57    6.10      724   609   30K   257 31.94   31.70  
c rst  geom ibes vs   760   316 K 2585      21K  2435 6.57    6.10      724   609   31K   257 31.88   31.64  
c rst  geom ibes vs   761   316 K 2585      21K  2435 6.57    6.10      724   609   31K   257 31.81   31.58  
c rst  geom ibes vs   762   316 K 2585      21K  2435 6.57    6.10      724   609   31K   257 31.75   31.52  
c rst  geom ibes vs   763   316 K 2585      21K  2435 6.57    6.10      724   609   31K   257 31.66   31.44  
c rst  geom ibes vs   764   316 K 2585      21K  2435 6.57    6.10      724   609   31K   257 31.57   31.35  
c rst  geom ibes vs   765   317 K 2585      21K  2435 6.57    6.10      724   609   32K   257 31.49   31.26  
c [distill-long-red0] cls tried: 35/35 T: 0.00 T-out: N T-r: 99.94%
c [distill-long-red1] cls tried: 112/112 T: 0.01 T-out: N T-r: 28.72%
c rst  geom svd  vs   766   317 K 2585      21K  2435 6.57    6.10      723   609   32K   258 31.47   31.25  
c rst  geom svd  vs   767   317 K 2585      21K  2435 6.57    6.10      723   609   32K   258 31.48   31.26  
c rst  geom svd  vs   768   318 K 2585      21K  2435 6.57    6.10      723   609   33K   258 31.50   31.28  
c rst  geom svd  vs   769   318 K 2585      21K  2435 6.57    6.10      723   609   33K   258 31.51   31.29  
c rst  geom svd  vs   770   319 K 2585      21K  2435 6.57    6.10      723   609   34K   258 31.52   31.31  
c rst  geom svd  vs   771   319 K 2585      21K  2435 6.57    6.10      723   609   34K   258 31.53   31.32  
c rst  geom svd  vs   772   320 K 2585      21K  2435 6.57    6.10      782   532   35K   258 31.54   31.33  
c rst  geom svd  vs   773   320 K 2585      21K  2435 6.57    6.10      782   532   35K   258 31.52   31.32  
c rst  geom svd  vs   774   321 K 2585      21K  2435 6.57    6.10      782   532   36K   258 31.44   31.24  
c [distill-bin] useful: 0/2435/2435 lits-rem: 0 cl-rem: 0 0-depth-assigns: 0 T: 0.01 T-out: N
c rst  geom svd  vs   775   322 K 2585      21K  2435 6.57    6.10      782   532   37K   258 31.34   31.15  
c rst  geom svd  vs   776   322 K 2585      21K  2435 6.57    6.10      782   534   37K   258 31.33   31.14  
c rst  geom svd  vs   777   323 K 2585      21K  2435 6.57    6.10      782   535   38K   258 31.33   31.14  
c rst  geom svd  vs   778   324 K 2585      21K  2435 6.57    6.10      782   535   39K   258 31.34   31.16  
c rst  geom svd  vs   779   325 K 2585      21K  2435 6.57    6.10      782   539   40K   258 31.40   31.23  
c [full-probe]  bin_only: 0 set: 0 repl: 0 T: 0.01 T-out: N T-r: 97.78%
c rst  geom best vs   780   327 K 2585      21K  2435 6.57    6.10      782   541   41K   258 31.39   31.21  
c rst  geom best vs   781   328 K 2585      21K  2435 6.57    6.10      783   548   43K   258 31.34   31.18  
c rst  geom best vs   782   329 K 2585      21K  2435 6.57    6.10      783   550   44K   258 31.28   31.12  
c rst  geom best vs   783   331 K 2585      21K  2435 6.57    6.10      809   557   31K   258 30.20   29.99  
c [distill] watch-based irred--  cl tried 27758    cl-sh 0     cl-rem 0    lit-rem 0      T: 0.04 T-out: Y
c [distill] watch-based red  --  cl tried 1617     cl-sh 1     cl-rem 1    lit-rem 1      T: 0.00 T-out: N
c rst  geom best vs   784   332 K 2585      21K  2435 6.57    6.10      808   560   33K   258 30.16   29.96  
c [distill-long-red0] cls tried: 18/18 T: 0.00 T-out: N T-r: 99.98%
c [distill-long-red1] cls tried: 48/48 T: 0.01 T-out: N T-r: 59.49%
c rst  geom best vs   785   334 K 2585      21K  2435 6.57    6.10      808   561   35K   258 30.13   29.94  
c rst  geom stb  vs   786   336 K 2585      21K  2435 6.57    6.10      808   562   37K   258 30.06   29.87  
c rst  geom stb  vs   787   339 K 2585      21K  2435 6.57    6.10      808   566   39K   258 30.12   29.95  
c rst  geom stb  vs   788   341 K 2585      21K  2435 6.57    6.10      823   550   42K   258 30.16   30.00  
c [distill-bin] useful: 0/2435/2435 lits-rem: 0 cl-rem: 0 0-depth-assigns: 0 T: 0.01 T-out: N
c rst  geom stb  vs   789   344 K 2585      21K  2435 6.57    6.10      823   550   44K   258 30.15   29.99  
c [impl-str] lit bin: 0 set-var: 0 T: 0.00 T-out: N T-r: 99.95% w-visit: 5176
c [impl-sub] bin: 1 T: 0.00 T-out: N w-visit: 5176
c rst  geom ibes vs   790   347 K 2585      21K  2435 6.57    6.10      827   589   34K   257 28.71   28.52  
c [full-probe]  bin_only: 1 set: 0 repl: 0 T: 0.01 T-out: N T-r: 99.84%
c rst  geom ibes vs   791   350 K 2585      21K  2435 6.57    6.10      842   570   37K   257 28.59   28.41  
c [distill-long-red0] cls tried: 12/12 T: 0.00 T-out: N T-r: 99.99%
c [distill-long-red1] cls tried: 41/41 T: 0.00 T-out: N T-r: 68.86%
c rst  geom ibes vs   792   354 K 2585      21K  2435 6.57    6.10      842   571   41K   257 28.39   28.23  
c [branch] adjusting to: vmtf (from: vsid) var_decay:0.95 descr: VMTF
c rst  luby svd  vmt  793   354 K 2585      21K  2435 6.57    6.10      842   571   41K   257 28.39   28.23  
c rst  luby svd  vmt  794   354 K 2585      21K  2435 6.57    6.10      842   571   41K   257 28.40   28.24  
c rst  luby svd  vmt  795   354 K 2585      21K  2435 6.57    6.10      842   571   41K   257 28.42   28.26  
c rst  luby svd  vmt  796   354 K 2585      21K  2435 6.57    6.10      842   572   42K   257 28.44   28.28  
c rst  luby svd  vmt  797   354 K 2585      21K  2435 6.57    6.10      842   573   42K   257 28.45   28.30  
c rst  luby svd  vmt  798   355 K 2585      21K  2435 6.57    6.10      843   573   42K   257 28.50   28.34  
c rst  luby svd  vmt  799   355 K 2585      21K  2435 6.57    6.10      843   576   42K   257 28.58   28.43  
c rst  luby svd  vmt  800   355 K 2585      21K  2435 6.57    6.10      843   577   42K   257 28.60   28.45  
c rst  luby svd  vmt  801   355 K 2585      21K  2435 6.57    6.10      843   577   42K   257 28.62   28.47  
c rst  luby svd  vmt  802   355 K 2585      21K  2435 6.57    6.10      843   578   43K   257 28.66   28.50  
c rst  luby svd  vmt  803   355 K 2585      21K  2435 6.57    6.10      843   578   43K   257 28.68   28.53  
c rst  luby svd  vmt  804   356 K 2585      21K  2435 6.57    6.10      843   578   43K   257 28.70   28.55  
c rst  luby svd  vmt  805   356 K 2585      21K  2435 6.57    6.10      844   581   43K   257 28.74   28.59  
c [distill] watch-based irred--  cl tried 24304    cl-sh 0     cl-rem 0    lit-rem 0      T: 0.04 T-out: Y
c [distill] watch-based red  --  cl tried 1688     cl-sh 0     cl-rem 0    lit-rem 0      T: 0.00 T-out: N
c rst  luby svd  vmt  806   356 K 2585      21K  2435 6.57    6.10      844   582   43K   257 28.81   28.66  
c rst  luby svd  vmt  807   357 K 2585      21K  2435 6.57    6.10      844   582   44K   257 28.98   28.83  
c [ccnr] tries: 0 steps: 262143 best found: 4
c [ccnr] saving best assignment phase to stable_polar
c [ccnr] bumping based on var unsat frequency: conflict_ct
c [ccnr] Bumped vars: 2588 bump type: 6
c [ccnr] time: 0.30
c rst  luby svd  vmt  808   357 K 2585      21K  2435 6.57    6.10      845   600   44K   257 28.94   28.79  
c rst  luby svd  vmt  809   357 K 2585      21K  2435 6.57    6.10      845   603   44K   257 28.95   28.81  
c rst  luby svd  vmt  810   357 K 2585      21K  2435 6.57    6.10      845   604   45K   257 28.98   28.83  
c rst  luby svd  vmt  811   357 K 2585      21K  2435 6.57    6.10      845   604   45K   257 29.01   28.86  
c rst  luby svd  vmt  812   358 K 2585      21K  2435 6.57    6.10      845   604   45K   257 29.02   28.88  
c rst  luby svd  vmt  813   358 K 2585      21K  2435 6.57    6.10      845   604   45K   257 29.06   28.91  
c rst  luby svd  vmt  814   358 K 2585      21K  2435 6.57    6.10      845   604   45K   257 29.12   28.98  
c rst  luby svd  vmt  815   358 K 2585      21K  2435 6.57    6.10      846   605   46K   257 29.14   28.99  
c rst  luby svd  vmt  816   358 K 2585      21K  2435 6.57    6.10      846   605   46K   257 29.15   29.00  
c rst  luby svd  vmt  817   359 K 2585      21K  2435 6.57    6.10      846   605   46K   257 29.17   29.03  
c rst  luby svd  vmt  818   359 K 2585      21K  2435 6.57    6.10      846   605   46K   257 29.18   29.03  
c rst  luby svd  vmt  819   359 K 2585      21K  2435 6.57    6.10      846   606   46K   257 29.19   29.04  
c rst  luby svd  vmt  820   359 K 2585      21K  2435 6.57    6.10      846   611   46K   257 29.23   29.09  
c rst  luby svd  vmt  821   359 K 2585      21K  2435 6.57    6.10      846   612   47K   257 29.27   29.13  
c rst  luby svd  vmt  822   360 K 2585      21K  2435 6.57    6.10      881   559   32K   257 28.97   28.77  
c rst  luby svd  vmt  823   362 K 2585      21K  2435 6.57    6.10      881   561   34K   257 29.23   29.04  
c [distill-bin] useful: 0/2435/2435 lits-rem: 0 cl-rem: 0 0-depth-assigns: 0 T: 0.01 T-out: N
c rst  luby svd  vmt  824   362 K 2585      21K  2435 6.57    6.10      881   561   34K   257 29.23   29.04  
c rst  luby svd  vmt  825   362 K 2585      21K  2435 6.57    6.10      881   561   34K   257 29.25   29.06  
c rst  luby svd  vmt  826   362 K 2585      21K  2435 6.57    6.10      881   561   34K   257 29.28   29.09  
c rst  luby svd  vmt  827   362 K 2585      21K  2435 6.57    6.10      881   561   34K   257 29.30   29.11  
c rst  luby svd  vmt  828   362 K 2585      21K  2435 6.57    6.10      881   561   34K   257 29.32   29.12  
c rst  geom best vmt  829   362 K 2585      21K  2435 6.57    6.10      881   561   34K   257 29.32   29.13  
c rst  geom best vmt  830   363 K 2585      21K  2435 6.57    6.10      882   561   35K   257 29.35   29.16  
c rst  geom best vmt  831   363 K 2585      21K  2435 6.57    6.10      882   562   35K   257 29.35   29.16  
c rst  geom best vmt  832   363 K 2585      21K  2435 6.57    6.10      882   563   35K   257 29.36   29.17  
c rst  geom best vmt  833   363 K 2585      21K  2435 6.57    6.10      882   566   35K   257 29.38   29.19  
c rst  geom best vmt  834   363 K 2585      21K  2435 6.57    6.10      882   570   35K   257 29.42   29.23  
c rst  geom best vmt  835   363 K 2585      21K  2435 6.57    6.10      882   575   35K   257 29.41   29.22  
c rst  geom best vmt  836   364 K 2585      21K  2435 6.57    6.10      882   587   36K   257 29.37   29.19  
c rst  geom best vmt  837   364 K 2585      21K  2435 6.57    6.10      882   587   36K   257 29.38   29.20  
c rst  geom best vmt  838   364 K 2585      21K  2435 6.57    6.10      882   588   36K   257 29.44   29.26  
c rst  geom best vmt  839   364 K 2585      21K  2435 6.57    6.10      882   589   36K   257 29.43   29.25  
c rst  geom best vmt  840   365 K 2585      21K  2435 6.57    6.10      882   594   37K   257 29.41   29.23  
c rst  geom best vmt  841   365 K 2585      21K  2435 6.57    6.10      882   595   37K   257 29.43   29.25  
c rst  geom best vmt  842   365 K 2585      21K  2435 6.57    6.10      882   597   37K   257 29.43   29.25  
c [distill-long-red0] cls tried: 19/19 T: 0.00 T-out: N T-r: 99.97%
c [distill-long-red1] cls tried: 120/120 T: 0.01 T-out: N T-r: 16.18%
c rst  geom best vmt  843   366 K 2585      21K  2435 6.57    6.10      882   597   38K   257 29.49   29.31  
c rst  geom best vmt  844   366 K 2585      21K  2435 6.57    6.10      882   597   38K   257 29.48   29.30  
c rst  geom best vmt  845   367 K 2585      21K  2435 6.57    6.10      882   598   39K   257 29.42   29.25  
c [full-probe]  bin_only: 0 set: 0 repl: 0 T: 0.01 T-out: N T-r: 98.36%
c rst  geom best vmt  846   367 K 2585      21K  2435 6.57    6.10      882   599   39K   257 29.45   29.28  
c rst  geom best vmt  847   368 K 2585      21K  2435 6.57    6.10      882   599   40K   257 29.47   29.30  
c rst  geom best vmt  848   369 K 2585      21K  2435 6.57    6.10      882   604   41K   257 29.45   29.28  
c rst  geom best vmt  849   369 K 2585      21K  2435 6.57    6.10      882   608   41K   257 29.49   29.32  
c rst  geom best vmt  850   370 K 2585      21K  2435 6.57    6.10      914   504   42K   257 29.51   29.36  
c rst  geom best vmt  851   371 K 2585      21K  2435 6.57    6.10      914   505   43K   257 29.49   29.34  
c rst  geom best vmt  852   372 K 2585      21K  2435 6.57    6.10      914   511   44K   257 29.52   29.37  
c rst  geom stb  vmt  853   373 K 2585      21K  2435 6.57    6.10      914   512   45K   257 29.67   29.52  
c rst  geom stb  vmt  854   374 K 2585      21K  2435 6.57    6.10      914   512   46K   257 29.79   29.64  
c rst  geom stb  vmt  855   375 K 2585      21K  2435 6.57    6.10      924   551   32K   257 29.97   29.76  
c rst  geom stb  vmt  856   377 K 2585      21K  2435 6.57    6.10      924   552   33K   257 30.16   29.96  
c rst  geom stb  vmt  857   378 K 2585      21K  2435 6.57    6.10      927   560   35K   257 30.29   30.09  
c [gauss] XOR-encoding clauses are not detached, so no need to reattach them.
c [g 0] truth-find prop checks  : 1263K
c [g 0] -> of which prop        : 37.31 %
c [g 0] -> of which confl       :  1.36 %
c [g 0] elim called             : 134K
c [g 0] ---> which lead to prop : 167.89 %
c [g 0] ---> which lead to confl:  7.29 %
c [g 0] size: 48    x 96   
c [scc] new: 0 BP 0M T: 0.00
c [vrep] vars 0 lits 0 rem-bin-cls 0 rem-long-cls 0 BP 0M T: 0.00
c [intree] Set 0 vars hyper-added: 1 trans-irred: 0 trans-red: 0 T: 0.01 T-out: N T-r: -1.09%
c [find&init matx] performing matrix init
c [gauss] XOR-encoding clauses are not detached, so no need to reattach them.
c [xor-rem-unconnected] left with 261 xors from 261 non-empty xors T: 0.00
c [xor-together] xored together: 213 orig xors: 261 new xors: 48 T: 0.00
c [xor-rem-unconnected] left with 48 xors from 48 non-empty xors T: 0.00
c [xor-clean-equiv] removed equivalent xors: 0 left with: 48
c [matrix] unused xors from cleaning: 0
c [matrix] Good   matrix 0 48      x96     density:0.2222  xorlen avg: 21.33
c [matrix] Using 1 matrices recovered from 0 xors T: 0.00 T-out: N
c rst  geom stb  vmt  858   380 K 2585      21K  2435 6.57    6.10      944   523   36K   258 30.48   30.29  
c rst  geom stb  vmt  859   382 K 2585      21K  2435 6.57    6.10      944   527   38K   258 30.83   30.65  
c [distill-long-red0] cls tried: 18/18 T: 0.00 T-out: N T-r: 99.98%
c [distill-long-red1] cls tried: 63/63 T: 0.00 T-out: N T-r: 68.53%
c [distill-bin] useful: 0/2435/2435 lits-rem: 0 cl-rem: 0 0-depth-assigns: 0 T: 0.01 T-out: N
c [distill] watch-based irred--  cl tried 25660    cl-sh 0     cl-rem 0    lit-rem 0      T: 0.04 T-out: Y
c [distill] watch-based red  --  cl tried 1888     cl-sh 1     cl-rem 0    lit-rem 1      T: 0.00 T-out: N
c rst  geom ibes vmt  860   384 K 2585      21K  2435 6.57    6.10      945   547   40K   258 30.80   30.63  
c rst  geom ibes vmt  861   386 K 2585      21K  2435 6.57    6.10      945   551   42K   258 30.68   30.51  
c rst  geom ibes vmt  862   389 K 2585      21K  2435 6.57    6.10      949   591   45K   258 30.50   30.34  
c [full-probe]  bin_only: 1 set: 0 repl: 0 T: 0.01 T-out: N T-r: 99.69%
c rst  geom ibes vmt  863   391 K 2585      21K  2435 6.57    6.10     1017   552   32K   258 30.56   30.35  
c rst  geom svd  vmt  864   394 K 2585      21K  2435 6.57    6.10     1018   559   35K   258 31.06   30.86  
c [branch] adjusting to: vsid (from: vmtf) var_decay:0.95 descr: VSIDS
c rst  geom svd  vs   865   395 K 2585      21K  2435 6.57    6.10     1018   559   35K   258 31.08   30.88  
c rst  geom svd  vs   866   395 K 2585      21K  2435 6.57    6.10     1018   559   35K   258 31.10   30.90  
c rst  geom svd  vs   867   395 K 2585      21K  2435 6.57    6.10     1018   559   35K   258 31.12   30.92  
c rst  geom svd  vs   868   395 K 2585      21K  2435 6.57    6.10     1018   559   36K   258 31.14   30.95  
c rst  geom svd  vs   869   395 K 2585      21K  2435 6.57    6.10     1018   559   36K   258 31.16   30.96  
c rst  geom svd  vs   870   395 K 2585      21K  2435 6.57    6.10     1018   559   36K   258 31.18   30.98  
c rst  geom svd  vs   871   396 K 2585      21K  2435 6.57    6.10     1018   560   36K   258 31.19   30.99  
c rst  geom svd  vs   872   396 K 2585      21K  2435 6.57    6.10     1018   560   36K   258 31.22   31.03  
c rst  geom svd  vs   873   396 K 2585      21K  2435 6.57    6.10     1018   560   37K   258 31.25   31.06  
c rst  geom svd  vs   874   396 K 2585      21K  2435 6.57    6.10     1018   560   37K   258 31.27   31.08  
c rst  geom svd  vs   875   396 K 2585      21K  2435 6.57    6.10     1018   560   37K   258 31.30   31.10  
c rst  geom svd  vs   876   397 K 2585      21K  2435 6.57    6.10     1018   560   37K   258 31.31   31.12  
c rst  geom svd  vs   877   397 K 2585      21K  2435 6.57    6.10     1018   560   38K   258 31.33   31.14  
c [distill-long-red0] cls tried: 49/49 T: 0.00 T-out: N T-r: 99.92%
c [distill-long-red1] cls tried: 124/124 T: 0.01 T-out: N T-r: 4.72%
c rst  geom svd  vs   878   397 K 2585      21K  2435 6.57    6.10     1018   560   38K   258 31.33   31.14  
c recursive minimization cost OK: 819Kcost/(% lits removed)
c [gauss] XOR-encoding clauses are not detached, so no need to reattach them.
c [g 0] truth-find prop checks  : 370K
c [g 0] -> of which prop        : 35.30 %
c [g 0] -> of which confl       :  1.51 %
c [g 0] elim called             : 44K
c [g 0] ---> which lead to prop : 173.02 %
c [g 0] ---> which lead to confl:  7.00 %
c [g 0] size: 48    x 96   
c --> Executing strategy token: scc-vrepl
c [scc] new: 0 BP 0M T: 0.00
c --> Executing strategy token: sub-impl
c [impl-sub] bin: 0 T: 0.00 T-out: N w-visit: 5176
c --> Executing strategy token: breakid
c --> Executing OCC strategy token(s): 'occ-backw-sub-str,occ-clean-implicit,occ-bve,occ-bva,occ-ternary-res,occ-xor,'
c [occ] mem usage for occur 2      MB
c [occ] Linked in IRRED BIN by default: 2435
c [occ] Linked in RED   BIN by default: 258
c [occ] mem usage for occur 0      MB
c Mem for watch alloc      : 8           MB (18.27     %)
c Mem for watch array      : 0           MB (0.25      %)
c --> Executing OCC strategy token: occ-backw-sub-str
c [occ-backw-sub-str-long-w-bins] subs: 0 str: 1 tried: 67640 0-depth ass: 0 T: 0.00 T-out: N T-r: 99.41%
c [occ-backw-sub-long-w-long] rem cl: 28 tried: 61364/61364 (100.0%) T: 0.01 T-out: N T-r: 97.17%
c [occ-backw-sub-str-long-w-long] sub: 2 str: 8 tried: 184092/61364 (300.0)  T: 0.07 T-out: N T-r: 89.13%
c --> Executing OCC strategy token: occ-clean-implicit
c --> Executing OCC strategy token: occ-bve
c [occ-empty-res] Empty resolvent elimed: 0 T: 0.00 T-out: N
c [occ-bve] turning off picosat-based irreg gate detection, added lits:  279K
c [occ-bve] iter v-elim 0
c cl_inc_rate=1.0, var_dec_rate=1.0 (grow=0)
c Reduced to 2585 vars, 23727 cls (grow=0)
c [occ-bve] iter v-elim 0
c cl_inc_rate=1.0, var_dec_rate=1.0 (grow=8)
c Reduced to 2585 vars, 23727 cls (grow=8)
c [occ-bve] iter v-elim 0
c cl_inc_rate=1.0, var_dec_rate=1.0 (grow=16)
c Reduced to 2585 vars, 23727 cls (grow=16)
c x n vars       : 2585
c #try to eliminate:  7755
c #var-elim        :     0
c #T-o: N
c #T-r: 99.99%
c #T  : 1.04
c [occur] 0.04 is overhead
c [occur] link-in T: 0.04 cleanup T: 0.00
c --> Executing OCC strategy token: occ-bva
c --> Executing OCC strategy token: occ-ternary-res
c [occ-ternary-res] Ternary res-tri: 0 res-bin: 0 sub: 0 str: 0 T: 0.00 T-out: N T-r: 99.85%
c --> Executing OCC strategy token: occ-xor
c [occ-xor] sort occur list T: 0.00
c [xor-clean-equiv] removed equivalent xors: 0 left with: 256
c [occ-xor] found    256 avg sz 5.5 min sz  4 max sz  6 T: 0.01 T-out: N T-r: 99.97%
c --> Executing strategy token: card-find
c --> Executing strategy token: cl-consolidate
c Not consolidating memory.
c --> Executing strategy token: scc-vrepl
c [scc] new: 0 BP 0M T: 0.00
c --> Executing strategy token: renumber
c --> Executing strategy token: bosphorus
c --> Executing strategy token: louvain-comms
c [consolidate] mini T: 0.00
c global_timeout_multiplier: 4.3923
c [branch] rebuilding order heap for all branchings. Current branching: vsid
c [find&init matx] performing matrix init
c [gauss] XOR-encoding clauses are not detached, so no need to reattach them.
c [xor-rem-unconnected] left with 256 xors from 256 non-empty xors T: 0.00
c [xor-together] xored together: 203 orig xors: 256 new xors: 53 T: 0.00
c [xor-rem-unconnected] left with 53 xors from 53 non-empty xors T: 0.00
c [xor-clean-equiv] removed equivalent xors: 0 left with: 53
c [matrix] unused xors from cleaning: 0
c [matrix] Good   matrix  0     53 x  106  density:0.1805  xorlen avg: 19.13
c [matrix] Using 1 matrices recovered from 0 xors T: 0.00 T-out: N
c rst  geom  svd   vs   879  398K    2585   21K  2435    6.57    6.10  1032   540   38K   258   31.34   31.15
c rst  geom  svd   vs   880  398K    2585   21K  2435    6.57    6.10  1032   541   39K   258   31.30   31.12
c rst  geom  svd   vs   881  398K    2585   21K  2435    6.57    6.10  1032   541   39K   258   31.26   31.08
c rst  geom  svd   vs   882  399K    2585   21K  2435    6.57    6.10  1032   542   40K   258   31.24   31.06
c rst  geom  svd   vs   883  399K    2585   21K  2435    6.57    6.10  1032   542   40K   258   31.23   31.05
c rst  geom  svd   vs   884  400K    2585   21K  2435    6.57    6.10  1039   513   41K   258   31.20   31.02
c rst  geom  svd   vs   885  401K    2585   21K  2435    6.57    6.10  1039   513   41K   258   31.18   31.00
c rst  geom best   vs   886  401K    2585   21K  2435    6.57    6.10  1040   514   42K   258   31.09   30.93
c [ccnr] tries: 0 steps: 262143 best found: 4
c [ccnr] saving best assignment phase to stable_polar
c [ccnr] bumping based on var unsat frequency: conflict_ct
c [ccnr] Bumped vars: 2588 bump type: 6
c [ccnr] time: 0.29
c rst  geom best   vs   887  402K    2585   21K  2435    6.57    6.10  1041   517   43K   258   31.03   30.87
c [distill-bin] useful: 0/2435/2435 lits-rem: 0 cl-rem: 0 0-depth-assigns: 0 T: 0.01 T-out: N
c rst  geom best   vs   888  403K    2585   21K  2435    6.57    6.10  1041   517   44K   258   30.99   30.83
c rst  geom best   vs   889  404K    2585   21K  2435    6.57    6.10  1041   517   45K   258   30.87   30.71
c [impl-str] lit bin: 0 set-var: 0 T: 0.00 T-out: N T-r: 99.95% w-visit: 5176
c [impl-sub] bin: 0 T: 0.00 T-out: N w-visit: 5176
c rst  geom best   vs   890  405K    2585   21K  2435    6.57    6.10  1042   530   31K   258   30.22   30.01
c rst  geom best   vs   891  406K    2585   21K  2435    6.57    6.10  1042   534   32K   258   30.13   29.92
c rst  geom best   vs   892  408K    2585   21K  2435    6.57    6.10  1043   537   34K   258   29.98   29.78
c [distill] watch-based irred--  cl tried    26963 cl-sh     0 cl-rem    0 lit-rem      0 T: 0.04 T-out: Y
c [distill] watch-based   red--  cl tried     2086 cl-sh     1 cl-rem    0 lit-rem      1 T: 0.00 T-out: N
c rst  geom best   vs   893  409K    2585   21K  2435    6.57    6.10  1043   538   35K   258   29.88   29.69
c [full-probe]  bin_only: 0 set: 0 repl: 0 T: 0.01 T-out: N T-r: 98.46%
c rst  geom best   vs   894  410K    2585   21K  2435    6.57    6.10  1062   486   37K   258   29.73   29.55
c rst  geom  stb   vs   895  412K    2585   21K  2435    6.57    6.10  1063   491   38K   258   29.81   29.63
c [distill-long-red0] cls tried: 16/16 T: 0.00 T-out: N T-r: 99.98%
c [distill-long-red1] cls tried: 44/44 T: 0.01 T-out: N T-r: 60.58%
c rst  geom  stb   vs   896  414K    2585   21K  2435    6.57    6.10  1063   501   40K   258   29.87   29.70
c rst  geom  stb   vs   897  416K    2585   21K  2435    6.57    6.10  1063   506   42K   258   29.88   29.72
c rst  geom  stb   vs   898  418K    2585   21K  2435    6.57    6.10  1063   510   45K   258   29.90   29.75
c rst  geom  stb   vs   899  421K    2585   21K  2435    6.57    6.10  1097   458   33K   258   28.79   28.60
c rst  geom ibes   vs   900  424K    2585   21K  2435    6.57    6.10  1097   460   36K   258   28.81   28.63
c [distill-bin] useful: 0/2435/2435 lits-rem: 0 cl-rem: 0 0-depth-assigns: 0 T: 0.01 T-out: N
c rst  geom ibes   vs   901  427K    2585   21K  2435    6.57    6.10  1097   462   39K   258   28.58   28.42
c rst  geom ibes   vs   902  430K    2585   21K  2435    6.57    6.10  1105   377   42K   258   28.13   27.98
c [distill-long-red0] cls tried: 22/22 T: 0.00 T-out: N T-r: 99.98%
c [distill-long-red1] cls tried: 37/37 T: 0.00 T-out: N T-r: 72.72%
c [full-probe]  bin_only: 1 set: 0 repl: 0 T: 0.01 T-out: N T-r: 99.85%
c rst  geom ibes   vs   903  433K    2585   21K  2435    6.57    6.10  1105   382   46K   258   27.61   27.48
c [distill] watch-based irred--  cl tried    28064 cl-sh     0 cl-rem    0 lit-rem      0 T: 0.04 T-out: Y
c [distill] watch-based   red--  cl tried     2210 cl-sh     2 cl-rem    0 lit-rem      2 T: 0.00 T-out: N
c rst  geom  svd   vs   904  437K    2585   21K  2435    6.57    6.10  1106   415   38K   258   26.27   26.11
c [branch] adjusting to: vmtf (from: vsid) var_decay:0.95 descr: VMTF
c rst  luby  svd  vmt   905  438K    2585   21K  2435    6.57    6.10  1106   435   38K   258   26.24   26.09
c rst  luby  svd  vmt   906  438K    2585   21K  2435    6.57    6.10  1107   442   38K   258   26.27   26.11
c rst  luby  svd  vmt   907  438K    2585   21K  2435    6.57    6.10  1107   442   38K   258   26.33   26.17
c rst  luby  svd  vmt   908  438K    2585   21K  2435    6.57    6.10  1107   442   38K   258   26.34   26.19
c rst  luby  svd  vmt   909  438K    2585   21K  2435    6.57    6.10  1107   443   38K   258   26.36   26.21
c rst  luby  svd  vmt   910  438K    2585   21K  2435    6.57    6.10  1107   443   38K   258   26.43   26.27
c rst  luby  svd  vmt   911  439K    2585   21K  2435    6.57    6.10  1107   444   39K   258   26.54   26.39
c rst  luby  svd  vmt   912  439K    2585   21K  2435    6.57    6.10  1107   444   39K   258   26.57   26.41
c rst  luby  svd  vmt   913  439K    2585   21K  2435    6.57    6.10  1107   445   39K   258   26.59   26.44
c rst  luby  svd  vmt   914  439K    2585   21K  2435    6.57    6.10  1107   450   39K   258   26.62   26.46
c rst  luby  svd  vmt   915  439K    2585   21K  2435    6.57    6.10  1107   452   39K   258   26.63   26.48
c rst  luby  svd  vmt   916  439K    2585   21K  2435    6.57    6.10  1107   453   39K   258   26.66   26.50
c rst  luby  svd  vmt   917  439K    2585   21K  2435    6.57    6.10  1107   453   40K   258   26.73   26.58
c rst  luby  svd  vmt   918  440K    2585   21K  2435    6.57    6.10  1130   396   40K   258   26.84   26.69
c rst  luby  svd  vmt   919  441K    2585   21K  2435    6.57    6.10  1130   396   41K   258   27.04   26.89
c rst  luby  svd  vmt   920  441K    2585   21K  2435    6.57    6.10  1130   400   41K   258   27.06   26.91
c rst  luby  svd  vmt   921  441K    2585   21K  2435    6.57    6.10  1130   401   41K   258   27.09   26.94
c rst  luby  svd  vmt   922  441K    2585   21K  2435    6.57    6.10  1130   401   41K   258   27.15   27.00
c rst  luby  svd  vmt   923  441K    2585   21K  2435    6.57    6.10  1130   402   41K   258   27.17   27.02
c rst  luby  svd  vmt   924  441K    2585   21K  2435    6.57    6.10  1130   402   41K   258   27.19   27.04
c rst  luby  svd  vmt   925  441K    2585   21K  2435    6.57    6.10  1130   402   42K   258   27.23   27.08
c rst  luby  svd  vmt   926  442K    2585   21K  2435    6.57    6.10  1130   406   42K   258   27.30   27.15
c rst  luby  svd  vmt   927  442K    2585   21K  2435    6.57    6.10  1130   406   42K   258   27.32   27.17
c rst  luby  svd  vmt   928  442K    2585   21K  2435    6.57    6.10  1130   406   42K   258   27.34   27.19
c rst  luby  svd  vmt   929  442K    2585   21K  2435    6.57    6.10  1130   406   42K   258   27.38   27.24
c rst  luby  svd  vmt   930  442K    2585   21K  2435    6.57    6.10  1130   406   43K   258   27.40   27.25
c rst  luby  svd  vmt   931  443K    2585   21K  2435    6.57    6.10  1130   406   43K   258   27.42   27.28
c rst  luby  svd  vmt   932  443K    2585   21K  2435    6.57    6.10  1130   415   43K   258   27.46   27.32
c rst  luby  svd  vmt   933  443K    2585   21K  2435    6.57    6.10  1130   416   43K   258   27.55   27.40
c rst  geom best  vmt   934  443K    2585   21K  2435    6.57    6.10  1130   419   43K   258   27.56   27.42
c rst  geom best  vmt   935  443K    2585   21K  2435    6.57    6.10  1130   420   43K   258   27.58   27.44
c rst  geom best  vmt   936  443K    2585   21K  2435    6.57    6.10  1130   420   44K   258   27.60   27.45
c [gauss] XOR-encoding clauses are not detached, so no need to reattach them.
c [g 0] truth-find prop checks  : 906K
c [g 0] -> of which prop        : 32.13 %
c [g 0] -> of which confl       :  1.34 %
c [g 0] elim called             : 122K
c [g 0] ---> which lead to prop : 150.31 %
c [g 0] ---> which lead to confl:  6.24 %
c [g 0] size: 53    x 106  
c [scc] new: 0 BP 0M T: 0.00
c [vrep] vars 0 lits 0 rem-bin-cls 0 rem-long-cls 0 BP 0M T: 0.00
c [intree] Set 0 vars hyper-added: 0 trans-irred: 0 trans-red: 0 T: 0.01 T-out: N T-r: -0.39%
c [find&init matx] performing matrix init
c [gauss] XOR-encoding clauses are not detached, so no need to reattach them.
c [xor-rem-unconnected] left with 256 xors from 256 non-empty xors T: 0.00
c [xor-together] xored together: 203 orig xors: 256 new xors: 53 T: 0.00
c [xor-rem-unconnected] left with 53 xors from 53 non-empty xors T: 0.00
c [xor-clean-equiv] removed equivalent xors: 0 left with: 53
c [matrix] unused xors from cleaning: 0
c [matrix] Good   matrix 0 53      x106    density:0.1805  xorlen avg: 19.13
c [matrix] Using 1 matrices recovered from 0 xors T: 0.00 T-out: N
c rst  geom best vmt  937   444 K 2585      21K  2435 6.57    6.10     1130   420   44K   258 27.61   27.47  
c [distill-bin] useful: 0/2435/2435 lits-rem: 0 cl-rem: 0 0-depth-assigns: 0 T: 0.01 T-out: N
c rst  geom best vmt  938   444 K 2585      21K  2435 6.57    6.10     1130   424   44K   258 27.61   27.46  
c rst  geom best vmt  939   444 K 2585      21K  2435 6.57    6.10     1130   426   44K   258 27.64   27.49  
c rst  geom best vmt  940   444 K 2585      21K  2435 6.57    6.10     1130   427   44K   258 27.64   27.50  
c rst  geom best vmt  941   444 K 2585      21K  2435 6.57    6.10     1131   430   45K   258 27.67   27.53  
c rst  geom best vmt  942   445 K 2585      21K  2435 6.57    6.10     1131   430   45K   258 27.68   27.54  
c rst  geom best vmt  943   445 K 2585      21K  2435 6.57    6.10     1131   431   45K   258 27.68   27.54  
c [distill-long-red0] cls tried: 18/18 T: 0.00 T-out: N T-r: 99.98%
c [distill-long-red1] cls tried: 98/98 T: 0.01 T-out: N T-r: 41.84%
c rst  geom best vmt  944   445 K 2585      21K  2435 6.57    6.10     1131   433   45K   258 27.67   27.53  
c rst  geom best vmt  945   445 K 2585      21K  2435 6.57    6.10     1131   433   46K   258 27.67   27.53  
c [ccnr] tries: 0 steps: 262143 best found: 4
c [ccnr] saving best assignment phase to stable_polar
c [ccnr] bumping based on clause weights
c [ccnr] Bumped vars: 101 bump type: 6
c [ccnr] time: 0.30
c rst  geom best vmt  946   446 K 2585      21K  2435 6.57    6.10     1131   436   46K   258 27.70   27.56  
c rst  geom best vmt  947   446 K 2585      21K  2435 6.57    6.10     1133   437   46K   258 27.68   27.55  
c rst  geom best vmt  948   447 K 2585      21K  2435 6.57    6.10     1133   438   47K   258 27.72   27.58  
c rst  geom best vmt  949   447 K 2585      21K  2435 6.57    6.10     1133   442   47K   258 27.75   27.62  
c rst  geom best vmt  950   448 K 2585      21K  2435 6.57    6.10     1133   442   48K   258 27.79   27.66  
c rst  geom best vmt  951   448 K 2585      21K  2435 6.57    6.10     1133   446   48K   258 27.82   27.69  
c rst  geom best vmt  952   449 K 2585      21K  2435 6.57    6.10     1133   446   49K   258 27.81   27.67  
c rst  geom best vmt  953   449 K 2585      21K  2435 6.57    6.10     1133   450   49K   258 27.81   27.68  
c rst  geom best vmt  954   450 K 2585      21K  2435 6.57    6.10     1175   458   33K   258 27.55   27.36  
c [full-probe]  bin_only: 0 set: 0 repl: 0 T: 0.01 T-out: N T-r: 98.56%
c rst  geom best vmt  955   451 K 2585      21K  2435 6.57    6.10     1175   460   33K   258 27.60   27.41  
c rst  geom best vmt  956   452 K 2585      21K  2435 6.57    6.10     1177   477   34K   258 27.77   27.59  
c rst  geom best vmt  957   453 K 2585      21K  2435 6.57    6.10     1178   479   35K   258 27.97   27.79  
c rst  geom stb  vmt  958   454 K 2585      21K  2435 6.57    6.10     1183   491   36K   258 28.20   28.03  
c rst  geom stb  vmt  959   455 K 2585      21K  2435 6.57    6.10     1183   497   37K   258 28.45   28.28  
c rst  geom stb  vmt  960   456 K 2585      21K  2435 6.57    6.10     1183   502   39K   258 28.69   28.52  
c rst  geom stb  vmt  961   458 K 2585      21K  2435 6.57    6.10     1183   504   40K   258 28.90   28.73  
c rst  geom stb  vmt  962   459 K 2585      21K  2435 6.57    6.10     1184   516   42K   258 29.02   28.86  
c [distill] watch-based irred--  cl tried 23661    cl-sh 0     cl-rem 0    lit-rem 0      T: 0.04 T-out: Y
c [distill] watch-based red  --  cl tried 2368     cl-sh 0     cl-rem 0    lit-rem 0      T: 0.00 T-out: N
c rst  geom stb  vmt  963   461 K 2585      21K  2435 6.57    6.10     1236   387   43K   258 29.18   29.03  
c [distill-long-red0] cls tried: 44/44 T: 0.00 T-out: N T-r: 99.93%
c [distill-long-red1] cls tried: 100/100 T: 0.01 T-out: N T-r: 23.40%
c rst  geom stb  vmt  964   463 K 2585      21K  2435 6.57    6.10     1236   394   45K   258 29.42   29.27  
c rst  geom ibes vmt  965   465 K 2585      21K  2435 6.57    6.10     1246   456   31K   258 31.23   31.00  
c [distill-bin] useful: 0/2435/2435 lits-rem: 0 cl-rem: 0 0-depth-assigns: 0 T: 0.01 T-out: N
c [impl-str] lit bin: 0 set-var: 0 T: 0.00 T-out: N T-r: 99.96% w-visit: 5176
c [impl-sub] bin: 0 T: 0.00 T-out: N w-visit: 5176
c rst  geom ibes vmt  966   467 K 2585      21K  2435 6.57    6.10     1247   468   33K   258 31.18   30.97  
c rst  geom ibes vmt  967   469 K 2585      21K  2435 6.57    6.10     1248   483   35K   258 31.14   30.95  
c rst  geom ibes vmt  968   472 K 2585      21K  2435 6.57    6.10     1295   422   38K   258 31.05   30.87  
c [full-probe]  bin_only: 1 set: 0 repl: 0 T: 0.01 T-out: N T-r: 99.71%
c rst  geom ibes vmt  969   475 K 2585      21K  2435 6.57    6.10     1296   440   41K   258 30.98   30.81  
c rst  geom svd  vmt  970   478 K 2585      21K  2435 6.57    6.10     1296   448   44K   258 31.08   30.92  
c [distill-long-red0] cls tried: 36/36 T: 0.00 T-out: N T-r: 99.94%
c [distill-long-red1] cls tried: 98/98 T: 0.01 T-out: N T-r: 10.76%
c rst  geom svd  vmt  971   482 K 2585      21K  2435 6.57    6.10     1337   441   36K   258 31.10   30.90  
c rst  geom svd  vmt  972   486 K 2585      21K  2435 6.57    6.10     1348   486   40K   258 31.48   31.30  
c [distill-bin] useful: 0/2435/2435 lits-rem: 0 cl-rem: 0 0-depth-assigns: 0 T: 0.01 T-out: N
c [distill] watch-based irred--  cl tried 25374    cl-sh 0     cl-rem 0    lit-rem 0      T: 0.04 T-out: Y
c [distill] watch-based red  --  cl tried 2696     cl-sh 1     cl-rem 0    lit-rem 1      T: 0.00 T-out: N
c rst  geom best vmt  973   490 K 2585      21K  2435 6.57    6.10     1425   424   44K   258 31.18   31.02  
c [branch] adjusting to: vsid (from: vmtf) var_decay:0.95 descr: VSIDS
c [ccnr] tries: 0 steps: 262143 best found: 8
c [ccnr] saving best assignment phase to stable_polar
c [ccnr] bumping based on var unsat frequency: conflict_ct
c [ccnr] Bumped vars: 2588 bump type: 6
c [ccnr] time: 0.30
c rst  geom best vs   974   491 K 2585      21K  2435 6.57    6.10     1425   424   44K   258 31.17   31.01  
c rst  geom best vs   975   491 K 2585      21K  2435 6.57    6.10     1425   424   44K   258 31.17   31.01  
c rst  geom best vs   976   491 K 2585      21K  2435 6.57    6.10     1425   424   44K   258 31.16   31.00  
c rst  geom best vs   977   491 K 2585      21K  2435 6.57    6.10     1425   424   45K   258 31.14   30.98  
c rst  geom best vs   978   491 K 2585      21K  2435 6.57    6.10     1425   424   45K   258 31.12   30.96  
c rst  geom best vs   979   491 K 2585      21K  2435 6.57    6.10     1425   424   45K   258 31.10   30.94  
c rst  geom best vs   980   492 K 2585      21K  2435 6.57    6.10     1425   424   45K   258 31.08   30.92  
c rst  geom best vs   981   492 K 2585      21K  2435 6.57    6.10     1425   425   45K   258 31.06   30.90  
c rst  geom best vs   982   492 K 2585      21K  2435 6.57    6.10     1425   425   46K   258 31.02   30.87  
c rst  geom best vs   983   492 K 2585      21K  2435 6.57    6.10     1425   425   46K   258 31.00   30.85  
c [full-probe]  bin_only: 0 set: 0 repl: 0 T: 0.01 T-out: N T-r: 97.88%
c rst  geom best vs   984   493 K 2585      21K  2435 6.57    6.10     1425   425   46K   258 30.99   30.84  
c rst  geom best vs   985   493 K 2585      21K  2435 6.57    6.10     1425   425   46K   258 30.98   30.82  
c rst  geom best vs   986   493 K 2585      21K  2435 6.57    6.10     1425   425   47K   258 30.96   30.81  
c rst  geom best vs   987   494 K 2585      21K  2435 6.57    6.10     1425   425   47K   258 30.92   30.77  
c [distill-long-red0] cls tried: 75/75 T: 0.00 T-out: N T-r: 99.94%
c [distill-long-red1] cls tried: 87/87 T: 0.01 T-out: N T-r: 39.40%
c rst  geom best vs   988   494 K 2585      21K  2435 6.57    6.10     1425   425   48K   258 30.88   30.74  
c rst  geom best vs   989   494 K 2585      21K  2435 6.57    6.10     1425   425   48K   258 30.83   30.69  
c rst  geom best vs   990   495 K 2585      21K  2435 6.57    6.10     1433   450   33K   258 29.66   29.45  
c rst  geom best vs   991   495 K 2585      21K  2435 6.57    6.10     1433   450   33K   258 29.60   29.40  
c rst  geom best vs   992   496 K 2585      21K  2435 6.57    6.10     1433   450   34K   258 29.53   29.34  
c rst  geom stb  vs   993   497 K 2585      21K  2435 6.57    6.10     1433   450   35K   258 29.61   29.42  
c rst  geom stb  vs   994   497 K 2585      21K  2435 6.57    6.10     1433   453   35K   258 29.66   29.47  
c rst  geom stb  vs   995   498 K 2585      21K  2435 6.57    6.10     1435   455   36K   258 29.69   29.51  
c rst  geom stb  vs   996   499 K 2585      21K  2435 6.57    6.10     1435   457   37K   258 29.73   29.55  
c rst  geom stb  vs   997   500 K 2585      21K  2435 6.57    6.10     1461   426   38K   258 29.72   29.54  
c rst  geom stb  vs   998   501 K 2585      21K  2435 6.57    6.10     1461   430   39K   258 29.76   29.59  
c rst  geom stb  vs   999   502 K 2585      21K  2435 6.57    6.10     1461   432   40K   258 29.81   29.64  
c rst  geom stb  vs   1000  504 K 2585      21K  2435 6.57    6.10     1461   432   41K   258 29.84   29.67  
c rst  geom stb  vs   1001  505 K 2585      21K  2435 6.57    6.10     1461   433   43K   258 29.80   29.64  
c rst  geom stb  vs   1002  506 K 2585      21K  2435 6.57    6.10     1461   433   44K   258 29.82   29.67  
c [distill-bin] useful: 0/2435/2435 lits-rem: 0 cl-rem: 0 0-depth-assigns: 0 T: 0.01 T-out: N
c rst  geom ibes vs   1003  508 K 2585      21K  2435 6.57    6.10     1463   434   46K   258 29.66   29.51  
c rst  geom ibes vs   1004  510 K 2585      21K  2435 6.57    6.10     1488   400   33K   258 28.75   28.56  
c [distill-long-red0] cls tried: 27/27 T: 0.00 T-out: N T-r: 99.98%
c [distill-long-red1] cls tried: 61/61 T: 0.01 T-out: N T-r: 62.09%
c [gauss] XOR-encoding clauses are not detached, so no need to reattach them.
c [g 0] truth-find prop checks  : 1372K
c [g 0] -> of which prop        : 32.59 %
c [g 0] -> of which confl       :  1.33 %
c [g 0] elim called             : 189K
c [g 0] ---> which lead to prop : 154.14 %
c [g 0] ---> which lead to confl:  6.12 %
c [g 0] size: 53    x 106  
c [scc] new: 0 BP 0M T: 0.00
c [vrep] vars 0 lits 0 rem-bin-cls 0 rem-long-cls 0 BP 0M T: 0.00
c [intree] Set 0 vars hyper-added: 6 trans-irred: 0 trans-red: 0 T: 0.01 T-out: N T-r: -1.23%
c [find&init matx] performing matrix init
c [gauss] XOR-encoding clauses are not detached, so no need to reattach them.
c [xor-rem-unconnected] left with 256 xors from 256 non-empty xors T: 0.00
c [xor-together] xored together: 203 orig xors: 256 new xors: 53 T: 0.00
c [xor-rem-unconnected] left with 53 xors from 53 non-empty xors T: 0.00
c [xor-clean-equiv] removed equivalent xors: 0 left with: 53
c [matrix] unused xors from cleaning: 0
c [matrix] Good   matrix 0 53      x106    density:0.1805  xorlen avg: 19.13
c [matrix] Using 1 matrices recovered from 0 xors T: 0.00 T-out: N
c rst  geom ibes vs   1005  512 K 2585      21K  2435 6.57    6.10     1489   412   35K   264 28.62   28.44  
c [distill] watch-based irred--  cl tried 29049    cl-sh 0     cl-rem 0    lit-rem 0      T: 0.04 T-out: Y
c [distill] watch-based red  --  cl tried 2978     cl-sh 0     cl-rem 0    lit-rem 0      T: 0.00 T-out: N
c rst  geom ibes vs   1006  514 K 2585      21K  2435 6.57    6.10     1490   423   37K   264 28.59   28.42  
c [full-probe]  bin_only: 1 set: 0 repl: 0 T: 0.01 T-out: N T-r: 99.81%
c rst  geom ibes vs   1007  517 K 2585      21K  2435 6.57    6.10     1490   427   40K   264 28.27   28.11  
c rst  geom svd  vs   1008  520 K 2585      21K  2435 6.57    6.10     1528   358   42K   264 28.10   27.94  
c rst  geom svd  vs   1009  523 K 2585      21K  2435 6.57    6.10     1530   368   45K   264 28.14   27.99  
c rst  geom svd  vs   1010  526 K 2585      21K  2435 6.57    6.10     1536   453   36K   264 26.69   26.52  
c [distill-long-red0] cls tried: 29/29 T: 0.00 T-out: N T-r: 99.98%
c [distill-long-red1] cls tried: 111/111 T: 0.01 T-out: N T-r: 54.23%
c [impl-str] lit bin: 0 set-var: 0 T: 0.00 T-out: N T-r: 99.96% w-visit: 5176
c [impl-sub] bin: 0 T: 0.00 T-out: N w-visit: 5176
c rst  geom svd  vs   1011  529 K 2585      21K  2435 6.57    6.10     1536   463   39K   264 26.89   26.73  
c [distill-bin] useful: 0/2435/2435 lits-rem: 0 cl-rem: 0 0-depth-assigns: 0 T: 0.01 T-out: N
c rst  geom best vs   1012  533 K 2585      21K  2435 6.57    6.10     1561   388   43K   264 26.90   26.76  
c rst  geom best vs   1013  538 K 2585      21K  2435 6.57    6.10     1563   405   48K   264 27.10   26.97  
c [full-probe]  bin_only: 0 set: 0 repl: 0 T: 0.01 T-out: N T-r: 98.28%
c [distill] watch-based irred--  cl tried 23891    cl-sh 0     cl-rem 0    lit-rem 0      T: 0.04 T-out: Y
c [distill] watch-based red  --  cl tried 3126     cl-sh 0     cl-rem 0    lit-rem 0      T: 0.01 T-out: N
c [ccnr] tries: 0 steps: 262143 best found: 7
c [ccnr] saving best assignment phase to stable_polar
c [ccnr] bumping based on var unsat frequency: conflict_ct
c [ccnr] Bumped vars: 2588 bump type: 6
c [ccnr] time: 0.30
c rst  geom best vs   1014  543 K 2585      21K  2435 6.57    6.10     1587   400   39K   264 26.22   26.06  
c [branch] adjusting to: vmtf (from: vsid) var_decay:0.95 descr: VMTF
c [distill-long-red0] cls tried: 19/19 T: 0.00 T-out: N T-r: 99.99%
c [distill-long-red1] cls tried: 65/65 T: 0.00 T-out: N T-r: 66.77%
c rst  luby stb  vmt  1015  543 K 2585      21K  2435 6.57    6.10     1587   400   39K   264 26.28   26.12  
c rst  luby stb  vmt  1016  543 K 2585      21K  2435 6.57    6.10     1587   403   39K   264 26.31   26.15  
c rst  luby stb  vmt  1017  543 K 2585      21K  2435 6.57    6.10     1587   405   39K   264 26.35   26.20  
c rst  luby stb  vmt  1018  543 K 2585      21K  2435 6.57    6.10     1587   409   39K   264 26.37   26.21  
c rst  luby stb  vmt  1019  543 K 2585      21K  2435 6.57    6.10     1587   409   39K   264 26.37   26.22  
c rst  luby stb  vmt  1020  544 K 2585      21K  2435 6.57    6.10     1587   409   39K   264 26.41   26.25  
c rst  luby stb  vmt  1021  544 K 2585      21K  2435 6.57    6.10     1587   409   40K   264 26.50   26.35  
c rst  luby stb  vmt  1022  544 K 2585      21K  2435 6.57    6.10     1587   409   40K   264 26.52   26.37  
c rst  luby stb  vmt  1023  544 K 2585      21K  2435 6.57    6.10     1587   409   40K   264 26.56   26.41  
c rst  luby stb  vmt  1024  544 K 2585      21K  2435 6.57    6.10     1587   409   40K   264 26.61   26.46  
c rst  luby stb  vmt  1025  544 K 2585      21K  2435 6.57    6.10     1587   409   40K   264 26.63   26.48  
c rst  luby stb  vmt  1026  545 K 2585      21K  2435 6.57    6.10     1587   409   40K   264 26.67   26.51  
c rst  luby stb  vmt  1027  545 K 2585      21K  2435 6.57    6.10     1587   414   41K   264 26.71   26.56  
c rst  luby stb  vmt  1028  545 K 2585      21K  2435 6.57    6.10     1587   415   41K   264 26.75   26.60  
c rst  luby stb  vmt  1029  546 K 2585      21K  2435 6.57    6.10     1587   415   42K   264 26.85   26.70  
c rst  luby stb  vmt  1030  546 K 2585      21K  2435 6.57    6.10     1587   415   42K   264 26.88   26.73  
c rst  luby stb  vmt  1031  546 K 2585      21K  2435 6.57    6.10     1587   415   42K   264 26.90   26.75  
c rst  luby stb  vmt  1032  546 K 2585      21K  2435 6.57    6.10     1587   415   42K   264 26.94   26.80  
c rst  luby stb  vmt  1033  546 K 2585      21K  2435 6.57    6.10     1587   415   42K   264 26.96   26.81  
c rst  luby stb  vmt  1034  547 K 2585      21K  2435 6.57    6.10     1587   416   42K   264 26.98   26.83  
c rst  luby stb  vmt  1035  547 K 2585      21K  2435 6.57    6.10     1587   416   43K   264 27.01   26.87  
c rst  luby stb  vmt  1036  547 K 2585      21K  2435 6.57    6.10     1587   419   43K   264 27.04   26.90  
c rst  luby stb  vmt  1037  547 K 2585      21K  2435 6.57    6.10     1587   419   43K   264 27.06   26.91  
c rst  luby stb  vmt  1038  547 K 2585      21K  2435 6.57    6.10     1587   420   43K   264 27.08   26.93  
c rst  luby stb  vmt  1039  548 K 2585      21K  2435 6.57    6.10     1587   420   43K   264 27.08   26.94  
c rst  luby stb  vmt  1040  548 K 2585      21K  2435 6.57    6.10     1587   420   43K   264 27.09   26.95  
c rst  luby stb  vmt  1041  548 K 2585      21K  2435 6.57    6.10     1587   420   44K   264 27.11   26.97  
c rst  luby stb  vmt  1042  548 K 2585      21K  2435 6.57    6.10     1588   420   44K   264 27.14   27.00  
c rst  luby stb  vmt  1043  548 K 2585      21K  2435 6.57    6.10     1588   422   44K   264 27.19   27.05  
c rst  luby stb  vmt  1044  549 K 2585      21K  2435 6.57    6.10     1588   426   45K   264 27.33   27.19  
c rst  luby stb  vmt  1045  551 K 2585      21K  2435 6.57    6.10     1632   350   47K   264 27.67   27.53  
c [distill-bin] useful: 0/2435/2435 lits-rem: 0 cl-rem: 0 0-depth-assigns: 0 T: 0.01 T-out: N
c rst  luby stb  vmt  1046  551 K 2585      21K  2435 6.57    6.10     1632   350   47K   264 27.68   27.54  
c rst  luby stb  vmt  1047  551 K 2585      21K  2435 6.57    6.10     1632   350   47K   264 27.68   27.54  
c rst  luby stb  vmt  1048  551 K 2585      21K  2435 6.57    6.10     1632   350   47K   264 27.67   27.54  
c rst  luby stb  vmt  1049  551 K 2585      21K  2435 6.57    6.10     1632   350   47K   264 27.68   27.55  
c rst  luby stb  vmt  1050  551 K 2585      21K  2435 6.57    6.10     1632   350   47K   264 27.69   27.56  
c rst  luby stb  vmt  1051  552 K 2585      21K  2435 6.57    6.10     1632   351   47K   264 27.70   27.57  
c rst  luby stb  vmt  1052  552 K 2585      21K  2435 6.57    6.10     1633   354   48K   264 27.77   27.64  
c rst  luby stb  vmt  1053  552 K 2585      21K  2435 6.57    6.10     1633   355   48K   264 27.78   27.65  
c rst  luby stb  vmt  1054  552 K 2585      21K  2435 6.57    6.10     1633   356   48K   264 27.78   27.64  
c rst  luby stb  vmt  1055  552 K 2585      21K  2435 6.57    6.10     1634   359   48K   264 27.78   27.65  
c rst  luby stb  vmt  1056  552 K 2585      21K  2435 6.57    6.10     1634   360   48K   264 27.80   27.67  
c rst  luby stb  vmt  1057  553 K 2585      21K  2435 6.57    6.10     1634   360   48K   264 27.81   27.68  
c rst  luby stb  vmt  1058  553 K 2585      21K  2435 6.57    6.10     1634   362   49K   264 27.81   27.68  
c rst  luby stb  vmt  1059  553 K 2585      21K  2435 6.57    6.10     1634   363   49K   264 27.84   27.71  
c rst  luby ibes vmt  1060  554 K 2585      21K  2435 6.57    6.10     1636   384   50K   264 27.99   27.86  
c rst  luby ibes vmt  1061  554 K 2585      21K  2435 6.57    6.10     1636   385   50K   264 27.99   27.86  
c rst  luby ibes vmt  1062  554 K 2585      21K  2435 6.57    6.10     1636   388   50K   264 27.99   27.86  
c rst  luby ibes vmt  1063  554 K 2585      21K  2435 6.57    6.10     1636   388   50K   264 28.01   27.88  
c rst  luby ibes vmt  1064  554 K 2585      21K  2435 6.57    6.10     1636   388   50K   264 28.01   27.88  
c rst  luby ibes vmt  1065  555 K 2585      21K  2435 6.57    6.10     1651   456   32K   264 28.81   28.61  
c rst  luby ibes vmt  1066  555 K 2585      21K  2435 6.57    6.10     1654   462   33K   264 28.84   28.64  
c rst  luby ibes vmt  1067  555 K 2585      21K  2435 6.57    6.10     1654   462   33K   264 28.86   28.67  
c rst  luby ibes vmt  1068  555 K 2585      21K  2435 6.57    6.10     1654   464   33K   264 28.87   28.67  
c rst  luby ibes vmt  1069  555 K 2585      21K  2435 6.57    6.10     1654   464   33K   264 28.85   28.66  
c rst  luby ibes vmt  1070  556 K 2585      21K  2435 6.57    6.10     1654   464   33K   264 28.85   28.65  
c rst  luby ibes vmt  1071  556 K 2585      21K  2435 6.57    6.10     1655   473   33K   264 28.84   28.65  
c rst  luby ibes vmt  1072  556 K 2585      21K  2435 6.57    6.10     1655   474   34K   264 28.85   28.65  
c rst  luby ibes vmt  1073  556 K 2585      21K  2435 6.57    6.10     1657   489   34K   264 28.86   28.67  
c rst  luby ibes vmt  1074  556 K 2585      21K  2435 6.57    6.10     1665   513   34K   264 28.85   28.66  
c rst  luby ibes vmt  1075  557 K 2585      21K  2435 6.57    6.10     1667   522   35K   264 28.93   28.74  
c rst  luby ibes vmt  1076  559 K 2585      21K  2435 6.57    6.10     1668   522   37K   264 28.86   28.68  
c [distill-long-red0] cls tried: 45/45 T: 0.00 T-out: N T-r: 99.93%
c [distill-long-red1] cls tried: 136/181 T: 0.01 T-out: Y T-r: -0.60%
c [full-probe]  bin_only: 1 set: 0 repl: 0 T: 0.00 T-out: N T-r: 99.87%
c rst  luby ibes vmt  1077  562 K 2585      21K  2435 6.57    6.10     1756   483   40K   264 28.52   28.36  
c rst  luby ibes vmt  1078  562 K 2585      21K  2435 6.57    6.10     1756   487   40K   264 28.50   28.34  
c rst  luby ibes vmt  1079  562 K 2585      21K  2435 6.57    6.10     1756   488   40K   264 28.53   28.36  
c rst  luby ibes vmt  1080  562 K 2585      21K  2435 6.57    6.10     1756   488   40K   264 28.55   28.38  
c rst  luby ibes vmt  1081  563 K 2585      21K  2435 6.57    6.10     1756   490   40K   264 28.54   28.37  
c rst  luby ibes vmt  1082  563 K 2585      21K  2435 6.57    6.10     1756   491   40K   264 28.53   28.37  
c rst  luby ibes vmt  1083  563 K 2585      21K  2435 6.57    6.10     1756   491   41K   264 28.53   28.37  
c rst  luby ibes vmt  1084  563 K 2585      21K  2435 6.57    6.10     1757   531   41K   264 28.51   28.35  
c [distill] watch-based irred--  cl tried 25311    cl-sh 0     cl-rem 0    lit-rem 0      T: 0.04 T-out: Y
c [distill] watch-based red  --  cl tried 3514     cl-sh 1     cl-rem 0    lit-rem 1      T: 0.00 T-out: N
c rst  luby ibes vmt  1085  563 K 2585      21K  2435 6.57    6.10     1757   532   41K   264 28.53   28.37  
c rst  luby ibes vmt  1086  563 K 2585      21K  2435 6.57    6.10     1757   533   41K   264 28.54   28.38  
c rst  luby ibes vmt  1087  564 K 2585      21K  2435 6.57    6.10     1758   535   41K   264 28.57   28.42  
c rst  luby ibes vmt  1088  564 K 2585      21K  2435 6.57    6.10     1759   536   41K   264 28.58   28.42  
c rst  luby ibes vmt  1089  564 K 2585      21K  2435 6.57    6.10     1759   538   41K   264 28.59   28.43  
c rst  luby svd  vmt  1090  564 K 2585      21K  2435 6.57    6.10     1759   538   42K   264 28.64   28.49  
c rst  luby svd  vmt  1091  564 K 2585      21K  2435 6.57    6.10     1759   544   42K   264 28.74   28.58  
c rst  luby svd  vmt  1092  565 K 2585      21K  2435 6.57    6.10     1759   548   43K   264 28.86   28.71  
c rst  luby svd  vmt  1093  565 K 2585      21K  2435 6.57    6.10     1759   548   43K   264 28.89   28.73  
c rst  luby svd  vmt  1094  565 K 2585      21K  2435 6.57    6.10     1759   549   43K   264 28.91   28.75  
c rst  luby svd  vmt  1095  566 K 2585      21K  2435 6.57    6.10     1759   551   43K   264 28.95   28.79  
c rst  luby svd  vmt  1096  566 K 2585      21K  2435 6.57    6.10     1759   551   43K   264 28.96   28.81  
c rst  luby svd  vmt  1097  566 K 2585      21K  2435 6.57    6.10     1759   551   43K   264 28.98   28.83  
c rst  luby svd  vmt  1098  566 K 2585      21K  2435 6.57    6.10     1759   555   44K   264 29.01   28.85  
c rst  luby svd  vmt  1099  566 K 2585      21K  2435 6.57    6.10     1759   557   44K   264 29.08   28.92  
c rst  luby svd  vmt  1100  567 K 2585      21K  2435 6.57    6.10     1759   557   44K   264 29.09   28.93  
c rst  luby svd  vmt  1101  567 K 2585      21K  2435 6.57    6.10     1759   557   44K   264 29.11   28.95  
c rst  luby svd  vmt  1102  567 K 2585      21K  2435 6.57    6.10     1759   557   44K   264 29.12   28.96  
c rst  luby svd  vmt  1103  567 K 2585      21K  2435 6.57    6.10     1759   558   45K   264 29.13   28.98  
c rst  luby svd  vmt  1104  567 K 2585      21K  2435 6.57    6.10     1759   559   45K   264 29.13   28.98  
c rst  luby svd  vmt  1105  567 K 2585      21K  2435 6.57    6.10     1759   560   45K   264 29.14   28.99  
c rst  luby svd  vmt  1106  568 K 2585      21K  2435 6.57    6.10     1759   562   45K   264 29.18   29.04  
c rst  luby svd  vmt  1107  568 K 2585      21K  2435 6.57    6.10     1759   563   46K   264 29.24   29.10  
c rst  luby svd  vmt  1108  570 K 2585      21K  2435 6.57    6.10     1852   594   32K   264 29.69   29.48  
c rst  luby svd  vmt  1109  570 K 2585      21K  2435 6.57    6.10     1852   594   32K   264 29.70   29.50  
c rst  luby svd  vmt  1110  570 K 2585      21K  2435 6.57    6.10     1852   594   32K   264 29.72   29.51  
c rst  luby svd  vmt  1111  570 K 2585      21K  2435 6.57    6.10     1852   594   32K   264 29.74   29.54  
c rst  luby svd  vmt  1112  571 K 2585      21K  2435 6.57    6.10     1852   597   32K   264 29.75   29.55  
c rst  luby svd  vmt  1113  571 K 2585      21K  2435 6.57    6.10     1852   598   32K   264 29.75   29.54  
c rst  luby svd  vmt  1114  571 K 2585      21K  2435 6.57    6.10     1852   601   33K   264 29.78   29.57  
c [distill-bin] useful: 0/2435/2435 lits-rem: 0 cl-rem: 0 0-depth-assigns: 0 T: 0.01 T-out: N
c rst  luby svd  vmt  1115  571 K 2585      21K  2435 6.57    6.10     1853   607   33K   264 29.89   29.69  
c rst  luby svd  vmt  1116  571 K 2585      21K  2435 6.57    6.10     1853   607   33K   264 29.90   29.70  
c rst  luby svd  vmt  1117  571 K 2585      21K  2435 6.57    6.10     1853   607   33K   264 29.92   29.71  
c rst  luby svd  vmt  1118  572 K 2585      21K  2435 6.57    6.10     1853   611   33K   264 29.95   29.75  
c rst  luby svd  vmt  1119  572 K 2585      21K  2435 6.57    6.10     1853   612   34K   264 29.94   29.74  
c rst  luby svd  vmt  1120  572 K 2585      21K  2435 6.57    6.10     1854   613   34K   264 29.96   29.76  
c rst  luby svd  vmt  1121  572 K 2585      21K  2435 6.57    6.10     1854   615   34K   264 30.00   29.80  
c rst  luby svd  vmt  1122  573 K 2585      21K  2435 6.57    6.10     1854   619   34K   264 30.03   29.84  
c rst  luby svd  vmt  1123  573 K 2585      21K  2435 6.57    6.10     1854   621   35K   264 30.10   29.90  
c rst  luby svd  vmt  1124  573 K 2585      21K  2435 6.57    6.10     1854   621   35K   264 30.12   29.93  
c rst  luby svd  vmt  1125  574 K 2585      21K  2435 6.57    6.10     1855   622   35K   264 30.13   29.94  
c rst  luby svd  vmt  1126  574 K 2585      21K  2435 6.57    6.10     1855   622   35K   264 30.16   29.97  
c rst  luby svd  vmt  1127  574 K 2585      21K  2435 6.57    6.10     1855   622   36K   264 30.17   29.98  
c rst  luby svd  vmt  1128  574 K 2585      21K  2435 6.57    6.10     1855   622   36K   264 30.18   29.99  
c [distill-long-red0] cls tried: 117/117 T: 0.01 T-out: N T-r: 99.83%
c [distill-long-red1] cls tried: 137/222 T: 0.01 T-out: Y T-r: -0.87%
c rst  luby svd  vmt  1129  574 K 2585      21K  2435 6.57    6.10     1855   622   36K   264 30.19   30.00  
c rst  luby svd  vmt  1130  575 K 2585      21K  2435 6.57    6.10     1855   622   36K   264 30.26   30.08  
c rst  luby svd  vmt  1131  575 K 2585      21K  2435 6.57    6.10     1855   622   36K   264 30.29   30.10  
c rst  geom best vmt  1132  575 K 2585      21K  2435 6.57    6.10     1855   622   36K   264 30.28   30.09  
c rst  geom best vmt  1133  575 K 2585      21K  2435 6.57    6.10     1855   622   37K   264 30.29   30.10  
c rst  geom best vmt  1134  575 K 2585      21K  2435 6.57    6.10     1855   623   37K   264 30.30   30.11  
c rst  geom best vmt  1135  575 K 2585      21K  2435 6.57    6.10     1855   625   37K   264 30.30   30.11  
c [gauss] XOR-encoding clauses are not detached, so no need to reattach them.
c [g 0] truth-find prop checks  : 1301K
c [g 0] -> of which prop        : 32.79 %
c [g 0] -> of which confl       :  1.37 %
c [g 0] elim called             : 180K
c [g 0] ---> which lead to prop : 148.06 %
c [g 0] ---> which lead to confl:  6.37 %
c [g 0] size: 53    x 106  
c [scc] new: 0 BP 0M T: 0.00
c [vrep] vars 0 lits 0 rem-bin-cls 0 rem-long-cls 0 BP 0M T: 0.00
c [intree] Set 0 vars hyper-added: 0 trans-irred: 0 trans-red: 0 T: 0.01 T-out: N T-r: -0.79%
c [find&init matx] performing matrix init
c [gauss] XOR-encoding clauses are not detached, so no need to reattach them.
c [xor-rem-unconnected] left with 256 xors from 256 non-empty xors T: 0.00
c [xor-together] xored together: 203 orig xors: 256 new xors: 53 T: 0.00
c [xor-rem-unconnected] left with 53 xors from 53 non-empty xors T: 0.00
c [xor-clean-equiv] removed equivalent xors: 0 left with: 53
c [matrix] unused xors from cleaning: 0
c [matrix] Good   matrix 0 53      x106    density:0.1805  xorlen avg: 19.13
c [matrix] Using 1 matrices recovered from 0 xors T: 0.00 T-out: N
c rst  geom best vmt  1136  575 K 2585      21K  2435 6.57    6.10     1855   625   37K   264 30.29   30.10  
c rst  geom best vmt  1137  575 K 2585      21K  2435 6.57    6.10     1855   625   37K   264 30.28   30.10  
c rst  geom best vmt  1138  576 K 2585      21K  2435 6.57    6.10     1855   628   37K   264 30.27   30.09  
c rst  geom best vmt  1139  576 K 2585      21K  2435 6.57    6.10     1855   630   38K   264 30.26   30.08  
c rst  geom best vmt  1140  576 K 2585      21K  2435 6.57    6.10     1855   630   38K   264 30.25   30.07  
c rst  geom best vmt  1141  576 K 2585      21K  2435 6.57    6.10     1855   632   38K   264 30.23   30.05  
c rst  geom best vmt  1142  577 K 2585      21K  2435 6.57    6.10     1855   632   38K   264 30.22   30.05  
c rst  geom best vmt  1143  577 K 2585      21K  2435 6.57    6.10     1858   634   39K   264 30.28   30.10  
c rst  geom best vmt  1144  577 K 2585      21K  2435 6.57    6.10     1858   637   39K   264 30.29   30.11  
c rst  geom best vmt  1145  578 K 2585      21K  2435 6.57    6.10     1858   639   39K   264 30.29   30.11  
c rst  geom best vmt  1146  578 K 2585      21K  2435 6.57    6.10     1858   641   40K   264 30.29   30.11  
c rst  geom best vmt  1147  579 K 2585      21K  2435 6.57    6.10     1858   643   40K   264 30.24   30.07  
c rst  geom best vmt  1148  579 K 2585      21K  2435 6.57    6.10     1858   643   41K   264 30.22   30.06  
c [full-probe]  bin_only: 0 set: 0 repl: 0 T: 0.01 T-out: N T-r: 98.31%
c rst  geom best vmt  1149  580 K 2585      21K  2435 6.57    6.10     1904   580   41K   264 30.24   30.08  
c rst  geom best vmt  1150  580 K 2585      21K  2435 6.57    6.10     1904   581   42K   264 30.29   30.12  
c rst  geom best vmt  1151  581 K 2585      21K  2435 6.57    6.10     1904   583   43K   264 30.26   30.10  
c rst  geom best vmt  1152  582 K 2585      21K  2435 6.57    6.10     1904   584   43K   264 30.28   30.12  
c rst  geom best vmt  1153  582 K 2585      21K  2435 6.57    6.10     1904   585   44K   264 30.33   30.17  
c [ccnr] tries: 0 steps: 262143 best found: 4
c [ccnr] saving best assignment phase to stable_polar
c [ccnr] bumping based on clause weights
c [ccnr] Bumped vars: 101 bump type: 6
c [ccnr] time: 0.30
c rst  geom best vmt  1154  583 K 2585      21K  2435 6.57    6.10     1904   634   45K   264 30.32   30.16  
c rst  geom best vmt  1155  584 K 2585      21K  2435 6.57    6.10     1905   645   46K   264 30.38   30.23  
c rst  geom best vmt  1156  585 K 2585      21K  2435 6.57    6.10     1913   766   32K   264 29.82   29.61  
c rst  geom best vmt  1157  586 K 2585      21K  2435 6.57    6.10     1913   768   33K   264 29.78   29.58  
c [impl-str] lit bin: 0 set-var: 0 T: 0.00 T-out: N T-r: 99.96% w-visit: 5176
c [impl-sub] bin: 0 T: 0.00 T-out: N w-visit: 5176
c rst  geom stb  vmt  1158  588 K 2585      21K  2435 6.57    6.10     1916   774   34K   264 30.13   29.93  
c rst  geom stb  vmt  1159  589 K 2585      21K  2435 6.57    6.10     1916   774   36K   264 30.38   30.19  
c [distill-long-red0] cls tried: 36/36 T: 0.00 T-out: N T-r: 99.92%
c [distill-long-red1] cls tried: 157/278 T: 0.01 T-out: Y T-r: -0.22%
c [distill] watch-based irred--  cl tried 24406    cl-sh 0     cl-rem 0    lit-rem 0      T: 0.04 T-out: Y
c [distill] watch-based red  --  cl tried 3832     cl-sh 2     cl-rem 0    lit-rem 2      T: 0.01 T-out: N
c rst  geom stb  vmt  1160  591 K 2585      21K  2435 6.57    6.10     1974   690   37K   264 30.61   30.42  
c rst  geom stb  vmt  1161  592 K 2585      21K  2435 6.57    6.10     1974   708   39K   264 30.82   30.64  
c [distill-bin] useful: 0/2435/2435 lits-rem: 0 cl-rem: 0 0-depth-assigns: 0 T: 0.01 T-out: N
c rst  geom stb  vmt  1162  594 K 2585      21K  2435 6.57    6.10     1974   712   41K   264 31.00   30.83  
c rst  geom stb  vmt  1163  596 K 2585      21K  2435 6.57    6.10     1974   722   43K   264 31.02   30.85  
c rst  geom stb  vmt  1164  598 K 2585      21K  2435 6.57    6.10     1974   730   45K   264 31.14   30.98  
c rst  geom ibes vmt  1165  601 K 2585      21K  2435 6.57    6.10     2006   747   29K   264 31.22   30.98  
c [branch] adjusting to: vsid (from: vmtf) var_decay:0.95 descr: VSIDS
c [full-probe]  bin_only: 1 set: 0 repl: 0 T: 0.01 T-out: N T-r: 99.80%
c rst  geom ibes vs   1166  601 K 2585      21K  2435 6.57    6.10     2006   747   29K   264 31.20   30.97  
c rst  geom ibes vs   1167  601 K 2585      21K  2435 6.57    6.10     2006   747   30K   264 31.17   30.94  
c rst  geom ibes vs   1168  601 K 2585      21K  2435 6.57    6.10     2006   747   30K   264 31.14   30.91  
c rst  geom ibes vs   1169  601 K 2585      21K  2435 6.57    6.10     2006   748   30K   264 31.10   30.87  
c rst  geom ibes vs   1170  602 K 2585      21K  2435 6.57    6.10     2006   751   30K   264 31.09   30.86  
c rst  geom ibes vs   1171  602 K 2585      21K  2435 6.57    6.10     2006   751   30K   264 31.07   30.84  
c rst  geom ibes vs   1172  602 K 2585      21K  2435 6.57    6.10     2006   755   30K   264 31.05   30.82  
c rst  geom ibes vs   1173  602 K 2585      21K  2435 6.57    6.10     2006   755   31K   264 30.99   30.77  
c rst  geom ibes vs   1174  602 K 2585      21K  2435 6.57    6.10     2006   757   31K   264 30.92   30.70  
c rst  geom ibes vs   1175  603 K 2585      21K  2435 6.57    6.10     2006   760   31K   264 30.86   30.64  
c rst  geom ibes vs   1176  603 K 2585      21K  2435 6.57    6.10     2006   766   31K   264 30.81   30.59  
c rst  geom ibes vs   1177  603 K 2585      21K  2435 6.57    6.10     2006   769   32K   264 30.78   30.56  
c rst  geom ibes vs   1178  604 K 2585      21K  2435 6.57    6.10     2006   773   32K   264 30.72   30.51  
c rst  geom ibes vs   1179  604 K 2585      21K  2435 6.57    6.10     2006   775   32K   264 30.64   30.43  
c rst  geom ibes vs   1180  604 K 2585      21K  2435 6.57    6.10     2006   776   33K   264 30.54   30.34  
c [distill-long-red0] cls tried: 67/67 T: 0.00 T-out: N T-r: 99.92%
c [distill-long-red1] cls tried: 162/194 T: 0.01 T-out: Y T-r: -1.27%
c rst  geom ibes vs   1181  605 K 2585      21K  2435 6.57    6.10     2006   780   33K   264 30.44   30.24  
c rst  geom ibes vs   1182  605 K 2585      21K  2435 6.57    6.10     2006   784   34K   264 30.33   30.13  
c rst  geom ibes vs   1183  606 K 2585      21K  2435 6.57    6.10     2006   784   34K   264 30.23   30.03  
c rst  geom ibes vs   1184  607 K 2585      21K  2435 6.57    6.10     2006   785   35K   264 30.10   29.91  
c rst  geom ibes vs   1185  607 K 2585      21K  2435 6.57    6.10     2006   786   36K   264 29.98   29.79  
c rst  geom ibes vs   1186  608 K 2585      21K  2435 6.57    6.10     2006   789   36K   264 29.83   29.65  
c rst  geom ibes vs   1187  609 K 2585      21K  2435 6.57    6.10     2006   789   37K   264 29.73   29.55  
c rst  geom ibes vs   1188  610 K 2585      21K  2435 6.57    6.10     2073   715   38K   264 29.55   29.37  
c rst  geom svd  vs   1189  611 K 2585      21K  2435 6.57    6.10     2074   720   39K   264 29.55   29.38  
c rst  geom svd  vs   1190  612 K 2585      21K  2435 6.57    6.10     2074   722   40K   264 29.49   29.32  
c rst  geom svd  vs   1191  612 K 2585      21K  2435 6.57    6.10     2074   724   41K   264 29.52   29.36  
c recursive minimization cost OK: 1118Kcost/(% lits removed)
c [gauss] XOR-encoding clauses are not detached, so no need to reattach them.
c [g 0] truth-find prop checks  : 779K
c [g 0] -> of which prop        : 32.83 %
c [g 0] -> of which confl       :  1.39 %
c [g 0] elim called             : 104K
c [g 0] ---> which lead to prop : 153.44 %
c [g 0] ---> which lead to confl:  6.26 %
c [g 0] size: 53    x 106  
c --> Executing strategy token: scc-vrepl
c [scc] new: 0 BP 0M T: 0.00
c --> Executing strategy token: sub-impl
c [impl-sub] bin: 0 T: 0.00 T-out: N w-visit: 5176
c --> Executing strategy token: breakid
c --> Executing OCC strategy token(s): 'occ-backw-sub-str,occ-clean-implicit,occ-bve,occ-bva,occ-ternary-res,occ-xor,'
c [occ] mem usage for occur 2      MB
c [occ] Linked in IRRED BIN by default: 2435
c [occ] Linked in RED   BIN by default: 264
c [occ] mem usage for occur 0      MB
c Mem for watch alloc      : 9           MB (21.39     %)
c Mem for watch array      : 0           MB (0.25      %)
c --> Executing OCC strategy token: occ-backw-sub-str
c [occ-backw-sub-str-long-w-bins] subs: 0 str: 0 tried: 70339 0-depth ass: 0 T: 0.00 T-out: N T-r: 99.45%
c [occ-backw-sub-long-w-long] rem cl: 80 tried: 65393/65393 (100.0%) T: 0.01 T-out: N T-r: 97.04%
c [occ-backw-sub-str-long-w-long] sub: 2 str: 34 tried: 196179/65393 (300.0)  T: 0.07 T-out: N T-r: 89.33%
c --> Executing OCC strategy token: occ-clean-implicit
c --> Executing OCC strategy token: occ-bve
c [occ-empty-res] Empty resolvent elimed: 0 T: 0.00 T-out: N
c [occ-bve] turning off picosat-based irreg gate detection, added lits:  307K
c [occ-bve] iter v-elim 0
c cl_inc_rate=1.0, var_dec_rate=1.0 (grow=0)
c Reduced to 2585 vars, 23727 cls (grow=0)
c [occ-bve] iter v-elim 0
c cl_inc_rate=1.0, var_dec_rate=1.0 (grow=8)
c Reduced to 2585 vars, 23727 cls (grow=8)
c [occ-bve] iter v-elim 0
c cl_inc_rate=1.0, var_dec_rate=1.0 (grow=16)
c Reduced to 2585 vars, 23727 cls (grow=16)
c x n vars       : 2585
c #try to eliminate:  7755
c #var-elim        :     0
c #T-o: N
c #T-r: 99.99%
c #T  : 1.14
c [occur] 0.04 is overhead
c [occur] link-in T: 0.04 cleanup T: 0.00
c --> Executing OCC strategy token: occ-bva
c --> Executing OCC strategy token: occ-ternary-res
c [occ-ternary-res] Ternary res-tri: 0 res-bin: 0 sub: 0 str: 0 T: 0.00 T-out: N T-r: 99.85%
c --> Executing OCC strategy token: occ-xor
c [occ-xor] sort occur list T: 0.00
c [xor-clean-equiv] removed equivalent xors: 0 left with: 244
c [occ-xor] found    244 avg sz 5.5 min sz  4 max sz  6 T: 0.01 T-out: N T-r: 99.97%
c --> Executing strategy token: card-find
c --> Executing strategy token: cl-consolidate
c Not consolidating memory.
c --> Executing strategy token: scc-vrepl
c [scc] new: 0 BP 0M T: 0.00
c --> Executing strategy token: renumber
c --> Executing strategy token: bosphorus
c --> Executing strategy token: louvain-comms
c [consolidate] mini T: 0.00
c global_timeout_multiplier: 4.8315
c [branch] rebuilding order heap for all branchings. Current branching: vsid
c [find&init matx] performing matrix init
c [gauss] XOR-encoding clauses are not detached, so no need to reattach them.
c [xor-rem-unconnected] left with 244 xors from 244 non-empty xors T: 0.00
c [xor-together] xored together: 189 orig xors: 244 new xors: 55 T: 0.00
c [xor-rem-unconnected] left with 55 xors from 55 non-empty xors T: 0.00
c [xor-clean-equiv] removed equivalent xors: 0 left with: 55
c [matrix] unused xors from cleaning: 0
c [matrix] Good   matrix  0     55 x  114  density:0.1550  xorlen avg: 17.67
c [matrix] Using 1 matrices recovered from 0 xors T: 0.00 T-out: N
c [distill-bin] useful: 0/2435/2435 lits-rem: 0 cl-rem: 0 0-depth-assigns: 0 T: 0.01 T-out: N
c rst  geom  svd   vs  1192  613K    2585   21K  2435    6.57    6.10  2016   771   41K   264   29.57   29.41
c rst  geom  svd   vs  1193  614K    2585   21K  2435    6.57    6.10  2016   785   42K   264   29.47   29.31
c rst  geom  svd   vs  1194  615K    2585   21K  2435    6.57    6.10  2017   808   33K   264   28.71   28.51
c [distill] watch-based irred--  cl tried    27002 cl-sh     0 cl-rem    0 lit-rem      0 T: 0.04 T-out: Y
c [distill] watch-based   red--  cl tried     4034 cl-sh     0 cl-rem    0 lit-rem      0 T: 0.01 T-out: N
c rst  geom  svd   vs  1195  617K    2585   21K  2435    6.57    6.10  2017   811   34K   264   28.79   28.60
c rst  geom  svd   vs  1196  619K    2585   21K  2435    6.57    6.10  2017   814   36K   264   28.99   28.81
c rst  geom  svd   vs  1197  621K    2585   21K  2435    6.57    6.10  2052   756   38K   264   29.05   28.88
c [distill-long-red0] cls tried: 56/56 T: 0.00 T-out: N T-r: 99.95%
c [distill-long-red1] cls tried: 112/112 T: 0.01 T-out: N T-r: 38.78%
c rst  geom  svd   vs  1198  623K    2585   21K  2435    6.57    6.10  2052   759   40K   264   29.09   28.92
c [full-probe]  bin_only: 0 set: 0 repl: 0 T: 0.01 T-out: N T-r: 98.22%
c rst  geom best   vs  1199  625K    2585   21K  2435    6.57    6.10  2052   770   42K   264   28.96   28.80
c rst  geom best   vs  1200  627K    2585   21K  2435    6.57    6.10  2052   770   45K   264   28.96   28.81
c [ccnr] tries: 0 steps: 262143 best found: 4
c [ccnr] saving best assignment phase to stable_polar
c [ccnr] bumping based on var unsat frequency: conflict_ct
c [ccnr] Bumped vars: 2588 bump type: 6
c [ccnr] time: 0.29
c rst  geom best   vs  1201  630K    2585   21K  2435    6.57    6.10  2079   750   33K   264   26.82   26.64
c rst  geom best   vs  1202  633K    2585   21K  2435    6.57    6.10  2079   769   36K   264   26.63   26.46
c [distill-bin] useful: 0/2435/2435 lits-rem: 0 cl-rem: 0 0-depth-assigns: 0 T: 0.01 T-out: N
c rst  geom best   vs  1203  636K    2585   21K  2435    6.57    6.10  2079   776   40K   264   26.63   26.48
c [distill-long-red0] cls tried: 9/9 T: 0.00 T-out: N T-r: 99.99%
c [distill-long-red1] cls tried: 116/116 T: 0.00 T-out: N T-r: 65.95%
c rst  geom  stb   vs  1204  640K    2585   21K  2435    6.57    6.10  2117   650   43K   264   27.20   27.06
c rst  geom  stb   vs  1205  644K    2585   21K  2435    6.57    6.10  2118   659   47K   264   27.91   27.78
c [full-probe]  bin_only: 1 set: 0 repl: 0 T: 0.01 T-out: N T-r: 99.85%
c [distill] watch-based irred--  cl tried    24629 cl-sh     0 cl-rem    0 lit-rem      0 T: 0.04 T-out: Y
c [distill] watch-based   red--  cl tried     4236 cl-sh     0 cl-rem    0 lit-rem      0 T: 0.01 T-out: N
c [gauss] XOR-encoding clauses are not detached, so no need to reattach them.
c [g 0] truth-find prop checks  : 636K
c [g 0] -> of which prop        : 30.84 %
c [g 0] -> of which confl       :  1.21 %
c [g 0] elim called             : 96K
c [g 0] ---> which lead to prop : 129.40 %
c [g 0] ---> which lead to confl:  4.89 %
c [g 0] size: 55    x 114  
c [scc] new: 0 BP 0M T: 0.00
c [vrep] vars 0 lits 0 rem-bin-cls 0 rem-long-cls 0 BP 0M T: 0.01
c [intree] Set 0 vars hyper-added: 0 trans-irred: 0 trans-red: 0 T: 0.01 T-out: N T-r: -0.30%
c [find&init matx] performing matrix init
c [gauss] XOR-encoding clauses are not detached, so no need to reattach them.
c [xor-rem-unconnected] left with 244 xors from 244 non-empty xors T: 0.00
c [xor-together] xored together: 189 orig xors: 244 new xors: 55 T: 0.00
c [xor-rem-unconnected] left with 55 xors from 55 non-empty xors T: 0.00
c [xor-clean-equiv] removed equivalent xors: 0 left with: 55
c [matrix] unused xors from cleaning: 0
c [matrix] Good   matrix 0 55      x114    density:0.1550  xorlen avg: 17.67
c [matrix] Using 1 matrices recovered from 0 xors T: 0.00 T-out: N
c rst  geom stb  vs   1206  648 K 2585      21K  2435 6.57    6.10     2124   695   33K   264 28.85   28.66  
c [impl-str] lit bin: 0 set-var: 0 T: 0.00 T-out: N T-r: 99.96% w-visit: 5176
c [impl-sub] bin: 0 T: 0.00 T-out: N w-visit: 5176
c rst  geom ibes vs   1207  653 K 2585      21K  2435 6.57    6.10     2153   634   38K   264 28.33   28.16  
c [distill-long-red0] cls tried: 16/16 T: 0.00 T-out: N T-r: 99.97%
c [distill-long-red1] cls tried: 46/46 T: 0.01 T-out: N T-r: 64.11%
c [distill-bin] useful: 0/2435/2435 lits-rem: 0 cl-rem: 0 0-depth-assigns: 0 T: 0.01 T-out: N
c rst  geom ibes vs   1208  658 K 2585      21K  2435 6.57    6.10     2153   638   44K   264 27.81   27.67  
c rst  geom ibes vs   1209  664 K 2585      21K  2435 6.57    6.10     2171   541   36K   264 26.75   26.59  
c [full-probe]  bin_only: 0 set: 0 repl: 0 T: 0.01 T-out: N T-r: 98.44%
c rst  geom svd  vs   1210  671 K 2585      21K  2435 6.57    6.10     2194   491   42K   264 28.19   28.04  
c [branch] adjusting to: vmtf (from: vsid) var_decay:0.95 descr: VMTF
c [distill-long-red0] cls tried: 15/15 T: 0.00 T-out: N T-r: 99.99%
c [distill-long-red1] cls tried: 42/42 T: 0.01 T-out: N T-r: 67.45%
c [distill] watch-based irred--  cl tried 29848    cl-sh 0     cl-rem 0    lit-rem 0      T: 0.04 T-out: N
c [distill] watch-based red  --  cl tried 4388     cl-sh 0     cl-rem 0    lit-rem 0      T: 0.01 T-out: N
c rst  luby svd  vmt  1211  671 K 2585      21K  2435 6.57    6.10     2198   512   43K   264 28.17   28.02  
c rst  luby svd  vmt  1212  671 K 2585      21K  2435 6.57    6.10     2198   514   43K   264 28.18   28.03  
c rst  luby svd  vmt  1213  671 K 2585      21K  2435 6.57    6.10     2198   520   43K   264 28.23   28.09  
c rst  luby svd  vmt  1214  671 K 2585      21K  2435 6.57    6.10     2198   521   43K   264 28.26   28.11  
c rst  luby svd  vmt  1215  671 K 2585      21K  2435 6.57    6.10     2198   522   43K   264 28.29   28.14  
c [ccnr] tries: 0 steps: 262143 best found: 4
c [ccnr] saving best assignment phase to stable_polar
c [ccnr] bumping based on var unsat frequency: conflict_ct
c [ccnr] Bumped vars: 2588 bump type: 6
c [ccnr] time: 0.31
c rst  luby svd  vmt  1216  672 K 2585      21K  2435 6.57    6.10     2199   553   43K   264 28.27   28.12  
c rst  luby svd  vmt  1217  672 K 2585      21K  2435 6.57    6.10     2199   553   44K   264 28.35   28.20  
c rst  luby svd  vmt  1218  672 K 2585      21K  2435 6.57    6.10     2199   554   44K   264 28.37   28.22  
c rst  luby svd  vmt  1219  672 K 2585      21K  2435 6.57    6.10     2199   554   44K   264 28.40   28.25  
c rst  luby svd  vmt  1220  672 K 2585      21K  2435 6.57    6.10     2199   555   44K   264 28.45   28.30  
c rst  luby svd  vmt  1221  672 K 2585      21K  2435 6.57    6.10     2199   555   44K   264 28.47   28.32  
c rst  luby svd  vmt  1222  673 K 2585      21K  2435 6.57    6.10     2199   555   44K   264 28.49   28.34  
c rst  luby svd  vmt  1223  673 K 2585      21K  2435 6.57    6.10     2199   555   44K   264 28.52   28.37  
c rst  luby svd  vmt  1224  673 K 2585      21K  2435 6.57    6.10     2199   556   45K   264 28.58   28.44  
c rst  luby svd  vmt  1225  674 K 2585      21K  2435 6.57    6.10     2199   556   46K   264 28.74   28.60  
c [distill-bin] useful: 0/2435/2435 lits-rem: 0 cl-rem: 0 0-depth-assigns: 0 T: 0.01 T-out: N
c rst  luby svd  vmt  1226  674 K 2585      21K  2435 6.57    6.10     2199   556   46K   264 28.77   28.63  
c rst  luby svd  vmt  1227  674 K 2585      21K  2435 6.57    6.10     2199   556   46K   264 28.78   28.64  
c rst  luby svd  vmt  1228  674 K 2585      21K  2435 6.57    6.10     2199   556   46K   264 28.81   28.67  
c rst  luby svd  vmt  1229  674 K 2585      21K  2435 6.57    6.10     2199   556   46K   264 28.82   28.68  
c rst  luby svd  vmt  1230  675 K 2585      21K  2435 6.57    6.10     2210   602   28K   264 27.52   27.31  
c rst  luby svd  vmt  1231  675 K 2585      21K  2435 6.57    6.10     2210   602   28K   264 27.56   27.34  
c rst  luby svd  vmt  1232  675 K 2585      21K  2435 6.57    6.10     2210   606   28K   264 27.58   27.36  
c rst  luby svd  vmt  1233  675 K 2585      21K  2435 6.57    6.10     2210   606   28K   264 27.60   27.39  
c rst  luby svd  vmt  1234  675 K 2585      21K  2435 6.57    6.10     2210   606   29K   264 27.64   27.43  
c rst  luby svd  vmt  1235  676 K 2585      21K  2435 6.57    6.10     2210   607   29K   264 27.68   27.47  
c rst  luby svd  vmt  1236  676 K 2585      21K  2435 6.57    6.10     2210   608   29K   264 27.71   27.50  
c rst  luby svd  vmt  1237  676 K 2585      21K  2435 6.57    6.10     2210   608   29K   264 27.72   27.52  
c rst  luby svd  vmt  1238  676 K 2585      21K  2435 6.57    6.10     2210   609   29K   264 27.77   27.56  
c rst  luby svd  vmt  1239  676 K 2585      21K  2435 6.57    6.10     2210   609   30K   264 27.91   27.70  
c rst  geom best vmt  1240  676 K 2585      21K  2435 6.57    6.10     2210   610   30K   264 27.91   27.71  
c rst  geom best vmt  1241  677 K 2585      21K  2435 6.57    6.10     2210   612   30K   264 27.94   27.73  
c rst  geom best vmt  1242  677 K 2585      21K  2435 6.57    6.10     2210   612   30K   264 27.94   27.74  
c rst  geom best vmt  1243  677 K 2585      21K  2435 6.57    6.10     2210   616   30K   264 27.95   27.75  
c rst  geom best vmt  1244  677 K 2585      21K  2435 6.57    6.10     2210   616   30K   264 27.96   27.76  
c rst  geom best vmt  1245  677 K 2585      21K  2435 6.57    6.10     2210   621   30K   264 27.96   27.76  
c rst  geom best vmt  1246  677 K 2585      21K  2435 6.57    6.10     2210   624   31K   264 27.97   27.77  
c rst  geom best vmt  1247  678 K 2585      21K  2435 6.57    6.10     2210   624   31K   264 27.99   27.79  
c rst  geom best vmt  1248  678 K 2585      21K  2435 6.57    6.10     2210   626   31K   264 27.99   27.79  
c rst  geom best vmt  1249  678 K 2585      21K  2435 6.57    6.10     2210   628   31K   264 28.01   27.82  
c rst  geom best vmt  1250  678 K 2585      21K  2435 6.57    6.10     2210   632   32K   264 28.06   27.87  
c rst  geom best vmt  1251  679 K 2585      21K  2435 6.57    6.10     2210   636   32K   264 28.10   27.91  
c rst  geom best vmt  1252  679 K 2585      21K  2435 6.57    6.10     2210   640   32K   264 28.13   27.93  
c rst  geom best vmt  1253  679 K 2585      21K  2435 6.57    6.10     2210   641   33K   264 28.15   27.96  
c rst  geom best vmt  1254  680 K 2585      21K  2435 6.57    6.10     2268   438   33K   264 28.19   28.00  
c rst  geom best vmt  1255  680 K 2585      21K  2435 6.57    6.10     2271   440   34K   264 28.18   27.99  
c rst  geom best vmt  1256  681 K 2585      21K  2435 6.57    6.10     2271   443   34K   264 28.25   28.07  
c rst  geom best vmt  1257  681 K 2585      21K  2435 6.57    6.10     2271   447   35K   264 28.26   28.08  
c rst  geom best vmt  1258  682 K 2585      21K  2435 6.57    6.10     2271   448   35K   264 28.34   28.16  
c rst  geom best vmt  1259  683 K 2585      21K  2435 6.57    6.10     2271   451   36K   264 28.40   28.22  
c rst  geom best vmt  1260  683 K 2585      21K  2435 6.57    6.10     2271   454   37K   264 28.40   28.23  
c rst  geom best vmt  1261  684 K 2585      21K  2435 6.57    6.10     2271   454   37K   264 28.44   28.27  
c rst  geom best vmt  1262  685 K 2585      21K  2435 6.57    6.10     2272   456   38K   264 28.62   28.45  
c [full-probe]  bin_only: 1 set: 0 repl: 0 T: 0.01 T-out: N T-r: 99.78%
c rst  geom best vmt  1263  686 K 2585      21K  2435 6.57    6.10     2272   462   39K   264 28.69   28.52  
c [distill-long-red0] cls tried: 49/49 T: 0.00 T-out: N T-r: 99.94%
c [distill-long-red1] cls tried: 135/135 T: 0.01 T-out: N T-r: 37.01%
c rst  geom best vmt  1264  687 K 2585      21K  2435 6.57    6.10     2272   467   40K   264 28.71   28.55  
c rst  geom best vmt  1265  688 K 2585      21K  2435 6.57    6.10     2272   472   41K   264 28.94   28.78  
c rst  geom best vmt  1266  689 K 2585      21K  2435 6.57    6.10     2273   480   43K   264 28.99   28.84  
c rst  geom stb  vmt  1267  691 K 2585      21K  2435 6.57    6.10     2330   445   32K   264 30.07   29.87  
c rst  geom stb  vmt  1268  692 K 2585      21K  2435 6.57    6.10     2336   476   34K   264 30.12   29.92  
c rst  geom stb  vmt  1269  694 K 2585      21K  2435 6.57    6.10     2337   477   36K   264 30.24   30.05  
c [distill-bin] useful: 0/2435/2435 lits-rem: 0 cl-rem: 0 0-depth-assigns: 0 T: 0.01 T-out: N
c rst  geom stb  vmt  1270  696 K 2585      21K  2435 6.57    6.10     2338   483   38K   264 30.46   30.27  
c [distill] watch-based irred--  cl tried 29096    cl-sh 0     cl-rem 0    lit-rem 0      T: 0.04 T-out: Y
c [distill] watch-based red  --  cl tried 4676     cl-sh 1     cl-rem 0    lit-rem 1      T: 0.01 T-out: N
c rst  geom stb  vmt  1271  698 K 2585      21K  2435 6.57    6.10     2339   505   40K   264 30.49   30.31  
c rst  geom stb  vmt  1272  700 K 2585      21K  2435 6.57    6.10     2409   422   42K   264 30.46   30.29  
c rst  geom stb  vmt  1273  703 K 2585      21K  2435 6.57    6.10     2410   429   44K   264 30.70   30.54  
c [distill-long-red0] cls tried: 72/72 T: 0.00 T-out: N T-r: 99.91%
c [distill-long-red1] cls tried: 94/94 T: 0.01 T-out: N T-r: 43.21%
c rst  geom ibes vmt  1274  705 K 2585      21K  2435 6.57    6.10     2421   535   34K   264 30.48   30.28  
c [full-probe]  bin_only: 0 set: 0 repl: 0 T: 0.01 T-out: N T-r: 98.59%
c rst  geom ibes vmt  1275  708 K 2585      21K  2435 6.57    6.10     2422   546   37K   264 30.62   30.43  
c [impl-str] lit bin: 0 set-var: 0 T: 0.00 T-out: N T-r: 99.96% w-visit: 5176
c [impl-sub] bin: 0 T: 0.00 T-out: N w-visit: 5176
c rst  geom ibes vmt  1276  712 K 2585      21K  2435 6.57    6.10     2468   466   40K   264 30.51   30.34  
c [gauss] XOR-encoding clauses are not detached, so no need to reattach them.
c [g 0] truth-find prop checks  : 1402K
c [g 0] -> of which prop        : 34.82 %
c [g 0] -> of which confl       :  1.32 %
c [g 0] elim called             : 157K
c [g 0] ---> which lead to prop : 164.73 %
c [g 0] ---> which lead to confl:  6.49 %
c [g 0] size: 55    x 114  
c [scc] new: 0 BP 0M T: 0.00
c [vrep] vars 0 lits 0 rem-bin-cls 0 rem-long-cls 0 BP 0M T: 0.00
c [intree] Set 0 vars hyper-added: 0 trans-irred: 0 trans-red: 0 T: 0.01 T-out: N T-r: -0.67%
c [find&init matx] performing matrix init
c [gauss] XOR-encoding clauses are not detached, so no need to reattach them.
c [xor-rem-unconnected] left with 244 xors from 244 non-empty xors T: 0.00
c [xor-together] xored together: 189 orig xors: 244 new xors: 55 T: 0.00
c [xor-rem-unconnected] left with 55 xors from 55 non-empty xors T: 0.00
c [xor-clean-equiv] removed equivalent xors: 0 left with: 55
c [matrix] unused xors from cleaning: 0
c [matrix] Good   matrix 0 55      x114    density:0.1550  xorlen avg: 17.67
c [matrix] Using 1 matrices recovered from 0 xors T: 0.00 T-out: N
c rst  geom ibes vmt  1277  715 K 2585      21K  2435 6.57    6.10     2471   481   44K   264 30.50   30.34  
c [distill-bin] useful: 0/2435/2435 lits-rem: 0 cl-rem: 0 0-depth-assigns: 0 T: 0.01 T-out: N
c [ccnr] tries: 0 steps: 262143 best found: 4
c [ccnr] saving best assignment phase to stable_polar
c [ccnr] bumping based on clause weights
c [ccnr] Bumped vars: 102 bump type: 6
c [ccnr] time: 0.30
c rst  geom svd  vmt  1278  719 K 2585      21K  2435 6.57    6.10     2473   490   48K   264 31.39   31.24  
c [distill-long-red0] cls tried: 29/29 T: 0.00 T-out: N T-r: 99.95%
c [distill-long-red1] cls tried: 119/139 T: 0.01 T-out: Y T-r: -0.47%
c rst  geom svd  vmt  1279  724 K 2585      21K  2435 6.57    6.10     2519   494   39K   264 31.33   31.15  
c [distill] watch-based irred--  cl tried 25901    cl-sh 0     cl-rem 0    lit-rem 0      T: 0.04 T-out: Y
c [distill] watch-based red  --  cl tried 5038     cl-sh 0     cl-rem 0    lit-rem 0      T: 0.01 T-out: N
c rst  geom svd  vmt  1280  729 K 2585      21K  2435 6.57    6.10     2519   499   43K   264 31.63   31.47  
c [full-probe]  bin_only: 1 set: 0 repl: 0 T: 0.01 T-out: N T-r: 99.83%
c rst  geom best vmt  1281  734 K 2585      21K  2435 6.57    6.10     2536   454   49K   264 31.77   31.62  
c rst  geom best vmt  1282  740 K 2585      21K  2435 6.57    6.10     2550   434   36K   264 31.22   31.03  
c [branch] adjusting to: vsid (from: vmtf) var_decay:0.95 descr: VSIDS
c [distill-long-red0] cls tried: 38/38 T: 0.00 T-out: N T-r: 99.93%
c [distill-long-red1] cls tried: 75/75 T: 0.01 T-out: N T-r: 53.94%
c [distill-bin] useful: 0/2435/2435 lits-rem: 0 cl-rem: 0 0-depth-assigns: 0 T: 0.01 T-out: N
c rst  geom best vs   1283  740 K 2585      21K  2435 6.57    6.10     2550   434   36K   264 31.22   31.03  
c rst  geom best vs   1284  740 K 2585      21K  2435 6.57    6.10     2550   438   36K   264 31.20   31.01  
c rst  geom best vs   1285  740 K 2585      21K  2435 6.57    6.10     2550   439   36K   264 31.18   30.99  
c rst  geom best vs   1286  740 K 2585      21K  2435 6.57    6.10     2550   439   36K   264 31.18   30.99  
c rst  geom best vs   1287  740 K 2585      21K  2435 6.57    6.10     2550   439   36K   264 31.18   30.98  
c rst  geom best vs   1288  741 K 2585      21K  2435 6.57    6.10     2550   440   37K   264 31.16   30.97  
c rst  geom best vs   1289  741 K 2585      21K  2435 6.57    6.10     2550   440   37K   264 31.17   30.98  
c rst  geom best vs   1290  741 K 2585      21K  2435 6.57    6.10     2550   440   37K   264 31.15   30.96  
c rst  geom stb  vs   1291  741 K 2585      21K  2435 6.57    6.10     2550   440   37K   264 31.17   30.98  
c rst  geom stb  vs   1292  741 K 2585      21K  2435 6.57    6.10     2550   442   37K   264 31.20   31.01  
c rst  geom stb  vs   1293  742 K 2585      21K  2435 6.57    6.10     2550   442   38K   264 31.19   31.00  
c rst  geom stb  vs   1294  742 K 2585      21K  2435 6.57    6.10     2550   442   38K   264 31.21   31.03  
c rst  geom stb  vs   1295  742 K 2585      21K  2435 6.57    6.10     2550   442   38K   264 31.25   31.07  
c rst  geom stb  vs   1296  743 K 2585      21K  2435 6.57    6.10     2550   442   39K   264 31.28   31.10  
c rst  geom stb  vs   1297  743 K 2585      21K  2435 6.57    6.10     2550   442   39K   264 31.32   31.14  
c rst  geom stb  vs   1298  744 K 2585      21K  2435 6.57    6.10     2550   442   40K   264 31.35   31.17  
c rst  geom stb  vs   1299  744 K 2585      21K  2435 6.57    6.10     2551   442   40K   264 31.38   31.20  
c rst  geom stb  vs   1300  745 K 2585      21K  2435 6.57    6.10     2551   442   41K   264 31.43   31.25  
c rst  geom stb  vs   1301  745 K 2585      21K  2435 6.57    6.10     2551   442   41K   264 31.48   31.31  
c rst  geom stb  vs   1302  746 K 2585      21K  2435 6.57    6.10     2552   443   42K   264 31.57   31.40  
c rst  geom stb  vs   1303  747 K 2585      21K  2435 6.57    6.10     2552   443   43K   264 31.66   31.49  
c rst  geom stb  vs   1304  747 K 2585      21K  2435 6.57    6.10     2552   444   43K   264 31.72   31.55  
c rst  geom stb  vs   1305  748 K 2585      21K  2435 6.57    6.10     2552   444   44K   264 31.77   31.61  
c rst  geom stb  vs   1306  749 K 2585      21K  2435 6.57    6.10     2552   444   45K   264 31.84   31.68  
c [full-probe]  bin_only: 0 set: 0 repl: 0 T: 0.01 T-out: N T-r: 98.38%
c [distill] watch-based irred--  cl tried 23665    cl-sh 0     cl-rem 0    lit-rem 0      T: 0.04 T-out: Y
c [distill] watch-based red  --  cl tried 5104     cl-sh 0     cl-rem 0    lit-rem 0      T: 0.01 T-out: N
c rst  geom stb  vs   1307  750 K 2585      21K  2435 6.57    6.10     2589   352   29K   264 30.80   30.56  
c rst  geom stb  vs   1308  752 K 2585      21K  2435 6.57    6.10     2589   352   30K   264 30.95   30.73  
c rst  geom stb  vs   1309  753 K 2585      21K  2435 6.57    6.10     2589   352   31K   264 31.09   30.87  
c rst  geom stb  vs   1310  754 K 2585      21K  2435 6.57    6.10     2589   352   33K   264 31.29   31.07  
c rst  geom ibes vs   1311  756 K 2585      21K  2435 6.57    6.10     2589   357   34K   264 31.13   30.93  
c [distill-long-red0] cls tried: 10/10 T: 0.00 T-out: N T-r: 99.98%
c [distill-long-red1] cls tried: 25/25 T: 0.00 T-out: N T-r: 86.70%
c rst  geom ibes vs   1312  757 K 2585      21K  2435 6.57    6.10     2589   357   36K   264 30.87   30.67  
c rst  geom ibes vs   1313  759 K 2585      21K  2435 6.57    6.10     2589   357   38K   264 30.78   30.60  
c rst  geom ibes vs   1314  761 K 2585      21K  2435 6.57    6.10     2610   323   40K   264 30.74   30.57  
c [distill-bin] useful: 0/2435/2435 lits-rem: 0 cl-rem: 0 0-depth-assigns: 0 T: 0.01 T-out: N
c [ccnr] tries: 0 steps: 262143 best found: 4
c [ccnr] saving best assignment phase to stable_polar
c [ccnr] bumping based on var unsat frequency: conflict_ct
c [ccnr] Bumped vars: 2588 bump type: 6
c [ccnr] time: 0.30
c rst  geom ibes vs   1315  764 K 2585      21K  2435 6.57    6.10     2611   336   42K   264 30.31   30.15  
c rst  geom ibes vs   1316  766 K 2585      21K  2435 6.57    6.10     2616   362   31K   264 28.64   28.44  
c rst  geom ibes vs   1317  769 K 2585      21K  2435 6.57    6.10     2616   363   34K   264 28.39   28.21  
c [impl-str] lit bin: 0 set-var: 0 T: 0.00 T-out: N T-r: 99.96% w-visit: 5176
c [impl-sub] bin: 0 T: 0.00 T-out: N w-visit: 5176
c rst  geom svd  vs   1318  772 K 2585      21K  2435 6.57    6.10     2636   316   37K   264 28.78   28.60  
c [distill-long-red0] cls tried: 7/7 T: 0.00 T-out: N T-r: 99.99%
c [distill-long-red1] cls tried: 37/37 T: 0.00 T-out: N T-r: 72.32%
c [full-probe]  bin_only: 1 set: 0 repl: 0 T: 0.01 T-out: N T-r: 99.87%
c rst  geom svd  vs   1319  775 K 2585      21K  2435 6.57    6.10     2637   318   40K   264 29.23   29.07  
c [distill] watch-based irred--  cl tried 28753    cl-sh 0     cl-rem 0    lit-rem 0      T: 0.04 T-out: Y
c [distill] watch-based red  --  cl tried 5274     cl-sh 0     cl-rem 0    lit-rem 0      T: 0.01 T-out: N
c rst  geom svd  vs   1320  779 K 2585      21K  2435 6.57    6.10     2637   321   43K   264 29.46   29.31  
c [gauss] XOR-encoding clauses are not detached, so no need to reattach them.
c [g 0] truth-find prop checks  : 1282K
c [g 0] -> of which prop        : 35.68 %
c [g 0] -> of which confl       :  1.35 %
c [g 0] elim called             : 152K
c [g 0] ---> which lead to prop : 178.95 %
c [g 0] ---> which lead to confl:  6.61 %
c [g 0] size: 55    x 114  
c [scc] new: 0 BP 0M T: 0.00
c [vrep] vars 0 lits 0 rem-bin-cls 0 rem-long-cls 0 BP 0M T: 0.01
c [intree] Set 0 vars hyper-added: 0 trans-irred: 0 trans-red: 0 T: 0.01 T-out: N T-r: -0.69%
c [find&init matx] performing matrix init
c [gauss] XOR-encoding clauses are not detached, so no need to reattach them.
c [xor-rem-unconnected] left with 244 xors from 244 non-empty xors T: 0.00
c [xor-together] xored together: 189 orig xors: 244 new xors: 55 T: 0.00
c [xor-rem-unconnected] left with 55 xors from 55 non-empty xors T: 0.00
c [xor-clean-equiv] removed equivalent xors: 0 left with: 55
c [matrix] unused xors from cleaning: 0
c [matrix] Good   matrix 0 55      x114    density:0.1550  xorlen avg: 17.67
c [matrix] Using 1 matrices recovered from 0 xors T: 0.00 T-out: N
c rst  geom svd  vs   1321  783 K 2585      21K  2435 6.57    6.10     2655   274   31K   264 27.55   27.36  
c [distill-bin] useful: 0/2435/2435 lits-rem: 0 cl-rem: 0 0-depth-assigns: 0 T: 0.01 T-out: N
c rst  geom best vs   1322  787 K 2585      21K  2435 6.57    6.10     2663   413   36K   264 27.29   27.12  
c [distill-long-red0] cls tried: 13/13 T: 0.00 T-out: N T-r: 99.99%
c [distill-long-red1] cls tried: 160/160 T: 0.01 T-out: N T-r: 60.09%
c rst  geom best vs   1323  792 K 2585      21K  2435 6.57    6.10     2766   288   41K   264 27.07   26.92  
c [full-probe]  bin_only: 0 set: 0 repl: 0 T: 0.01 T-out: N T-r: 98.40%
c rst  geom best vs   1324  797 K 2585      21K  2435 6.57    6.10     2779   369   36K   264 26.22   26.06  
c rst  geom stb  vs   1325  803 K 2585      21K  2435 6.57    6.10     2786   351   42K   264 26.22   26.08  
c [distill-long-red0] cls tried: 24/24 T: 0.00 T-out: N T-r: 99.97%
c [distill-long-red1] cls tried: 98/98 T: 0.01 T-out: N T-r: 52.72%
c [distill-bin] useful: 0/2435/2435 lits-rem: 0 cl-rem: 0 0-depth-assigns: 0 T: 0.01 T-out: N
c [distill] watch-based irred--  cl tried 29386    cl-sh 0     cl-rem 0    lit-rem 0      T: 0.04 T-out: Y
c [distill] watch-based red  --  cl tried 5572     cl-sh 0     cl-rem 0    lit-rem 0      T: 0.01 T-out: N
c rst  geom stb  vs   1326  809 K 2585      21K  2435 6.57    6.10     2787   379   48K   264 26.21   26.09  
c [ccnr] tries: 0 steps: 262143 best found: 4
c [ccnr] saving best assignment phase to stable_polar
c [ccnr] bumping based on var unsat frequency: conflict_ct
c [ccnr] Bumped vars: 2588 bump type: 6
c [ccnr] time: 0.30
c rst  geom stb  vs   1327  817 K 2585      21K  2435 6.57    6.10     2820   406   42K   264 26.89   26.75  
c [full-probe]  bin_only: 1 set: 0 repl: 0 T: 0.01 T-out: N T-r: 99.85%
c rst  geom ibes vs   1328  824 K 2585      21K  2435 6.57    6.10     2854   427   49K   264 27.07   26.94  
c [branch] adjusting to: vmtf (from: vsid) var_decay:0.95 descr: VMTF
c [distill-long-red0] cls tried: 29/29 T: 0.00 T-out: N T-r: 99.94%
c [distill-long-red1] cls tried: 153/153 T: 0.01 T-out: N T-r: 22.56%
c [distill-bin] useful: 0/2435/2435 lits-rem: 0 cl-rem: 0 0-depth-assigns: 0 T: 0.01 T-out: N
c rst  luby ibes vmt  1329  824 K 2585      21K  2435 6.57    6.10     2854   427   50K   264 27.11   26.99  
c rst  luby ibes vmt  1330  825 K 2585      21K  2435 6.57    6.10     2854   434   50K   264 27.11   26.99  
c rst  luby ibes vmt  1331  825 K 2585      21K  2435 6.57    6.10     2861   504   31K   264 26.79   26.60  
c rst  luby ibes vmt  1332  825 K 2585      21K  2435 6.57    6.10     2861   504   31K   264 26.80   26.62  
c rst  luby ibes vmt  1333  825 K 2585      21K  2435 6.57    6.10     2861   505   31K   264 26.80   26.62  
c rst  luby ibes vmt  1334  825 K 2585      21K  2435 6.57    6.10     2863   509   31K   264 26.83   26.64  
c rst  luby ibes vmt  1335  826 K 2585      21K  2435 6.57    6.10     2863   522   32K   264 26.80   26.62  
c rst  luby ibes vmt  1336  826 K 2585      21K  2435 6.57    6.10     2863   522   32K   264 26.82   26.64  
c rst  luby ibes vmt  1337  826 K 2585      21K  2435 6.57    6.10     2863   522   32K   264 26.82   26.64  
c rst  luby ibes vmt  1338  826 K 2585      21K  2435 6.57    6.10     2864   527   32K   264 26.82   26.64  
c rst  luby ibes vmt  1339  826 K 2585      21K  2435 6.57    6.10     2865   529   32K   264 26.81   26.63  
c rst  luby ibes vmt  1340  826 K 2585      21K  2435 6.57    6.10     2865   529   32K   264 26.85   26.67  
c rst  luby ibes vmt  1341  826 K 2585      21K  2435 6.57    6.10     2865   530   32K   264 26.91   26.73  
c rst  luby ibes vmt  1342  827 K 2585      21K  2435 6.57    6.10     2865   530   33K   264 26.99   26.81  
c rst  luby ibes vmt  1343  828 K 2585      21K  2435 6.57    6.10     2865   533   34K   264 26.98   26.80  
c rst  luby ibes vmt  1344  828 K 2585      21K  2435 6.57    6.10     2865   534   34K   264 26.97   26.80  
c rst  luby ibes vmt  1345  828 K 2585      21K  2435 6.57    6.10     2865   536   34K   264 26.98   26.80  
c rst  luby ibes vmt  1346  828 K 2585      21K  2435 6.57    6.10     2865   537   34K   264 27.03   26.85  
c rst  luby ibes vmt  1347  828 K 2585      21K  2435 6.57    6.10     2865   539   34K   264 27.03   26.86  
c rst  luby ibes vmt  1348  828 K 2585      21K  2435 6.57    6.10     2865   539   34K   264 27.03   26.86  
c [distill] watch-based irred--  cl tried 26756    cl-sh 0     cl-rem 0    lit-rem 0      T: 0.04 T-out: Y
c [distill] watch-based red  --  cl tried 5730     cl-sh 0     cl-rem 0    lit-rem 0      T: 0.01 T-out: N
c rst  luby ibes vmt  1349  828 K 2585      21K  2435 6.57    6.10     2865   539   34K   264 27.04   26.87  
c rst  luby ibes vmt  1350  829 K 2585      21K  2435 6.57    6.10     2865   542   35K   264 27.03   26.86  
c rst  luby ibes vmt  1351  829 K 2585      21K  2435 6.57    6.10     2865   543   35K   264 27.04   26.88  
c [impl-str] lit bin: 0 set-var: 0 T: 0.00 T-out: N T-r: 99.96% w-visit: 5176
c [impl-sub] bin: 0 T: 0.00 T-out: N w-visit: 5176
c rst  luby ibes vmt  1352  829 K 2585      21K  2435 6.57    6.10     2865   543   35K   264 27.06   26.89  
c rst  luby ibes vmt  1353  829 K 2585      21K  2435 6.57    6.10     2865   543   35K   264 27.09   26.92  
c rst  luby ibes vmt  1354  829 K 2585      21K  2435 6.57    6.10     2865   544   35K   264 27.09   26.92  
c rst  luby ibes vmt  1355  829 K 2585      21K  2435 6.57    6.10     2865   548   35K   264 27.09   26.92  
c rst  luby ibes vmt  1356  830 K 2585      21K  2435 6.57    6.10     2949   475   36K   264 27.07   26.90  
c rst  luby ibes vmt  1357  830 K 2585      21K  2435 6.57    6.10     2949   477   36K   264 27.09   26.93  
c rst  luby svd  vmt  1358  831 K 2585      21K  2435 6.57    6.10     2950   479   37K   264 27.33   27.17  
c rst  luby svd  vmt  1359  832 K 2585      21K  2435 6.57    6.10     2950   486   38K   264 27.61   27.45  
c rst  luby svd  vmt  1360  832 K 2585      21K  2435 6.57    6.10     2950   486   39K   264 27.63   27.47  
c rst  luby svd  vmt  1361  833 K 2585      21K  2435 6.57    6.10     2950   486   39K   264 27.65   27.49  
c rst  luby svd  vmt  1362  833 K 2585      21K  2435 6.57    6.10     2950   487   39K   264 27.68   27.52  
c rst  luby svd  vmt  1363  833 K 2585      21K  2435 6.57    6.10     2950   488   39K   264 27.70   27.54  
c rst  luby svd  vmt  1364  833 K 2585      21K  2435 6.57    6.10     2950   490   39K   264 27.72   27.56  
c rst  luby svd  vmt  1365  833 K 2585      21K  2435 6.57    6.10     2950   491   39K   264 27.76   27.60  
c rst  luby svd  vmt  1366  834 K 2585      21K  2435 6.57    6.10     2950   492   40K   264 27.83   27.68  
c rst  luby svd  vmt  1367  834 K 2585      21K  2435 6.57    6.10     2950   494   40K   264 27.85   27.69  
c rst  luby svd  vmt  1368  834 K 2585      21K  2435 6.57    6.10     2950   494   40K   264 27.86   27.71  
c rst  luby svd  vmt  1369  834 K 2585      21K  2435 6.57    6.10     2950   496   40K   264 27.90   27.74  
c rst  luby svd  vmt  1370  834 K 2585      21K  2435 6.57    6.10     2950   496   40K   264 27.93   27.78  
c rst  luby svd  vmt  1371  834 K 2585      21K  2435 6.57    6.10     2950   500   40K   264 27.95   27.80  
c rst  luby svd  vmt  1372  834 K 2585      21K  2435 6.57    6.10     2950   500   40K   264 28.00   27.84  
c rst  luby svd  vmt  1373  835 K 2585      21K  2435 6.57    6.10     2950   502   41K   264 28.05   27.90  
c rst  luby svd  vmt  1374  836 K 2585      21K  2435 6.57    6.10     2950   507   42K   264 28.15   28.00  
c rst  luby svd  vmt  1375  836 K 2585      21K  2435 6.57    6.10     2950   507   42K   264 28.17   28.02  
c rst  luby svd  vmt  1376  836 K 2585      21K  2435 6.57    6.10     2950   508   42K   264 28.18   28.03  
c rst  luby svd  vmt  1377  836 K 2585      21K  2435 6.57    6.10     2950   508   42K   264 28.22   28.07  
c rst  luby svd  vmt  1378  836 K 2585      21K  2435 6.57    6.10     2950   510   42K   264 28.22   28.07  
c rst  luby svd  vmt  1379  836 K 2585      21K  2435 6.57    6.10     2951   511   42K   264 28.24   28.09  
c rst  luby svd  vmt  1380  836 K 2585      21K  2435 6.57    6.10     2951   511   42K   264 28.28   28.13  
c rst  luby svd  vmt  1381  837 K 2585      21K  2435 6.57    6.10     2951   511   43K   264 28.37   28.22  
c [full-probe]  bin_only: 0 set: 0 repl: 0 T: 0.01 T-out: N T-r: 98.26%
c rst  luby svd  vmt  1382  837 K 2585      21K  2435 6.57    6.10     2951   511   43K   264 28.39   28.24  
c rst  luby svd  vmt  1383  837 K 2585      21K  2435 6.57    6.10     2951   511   43K   264 28.40   28.26  
c rst  luby svd  vmt  1384  837 K 2585      21K  2435 6.57    6.10     2951   511   43K   264 28.44   28.29  
c rst  luby svd  vmt  1385  837 K 2585      21K  2435 6.57    6.10     2951   511   43K   264 28.45   28.31  
c rst  luby svd  vmt  1386  837 K 2585      21K  2435 6.57    6.10     2951   511   43K   264 28.47   28.32  
c rst  luby svd  vmt  1387  838 K 2585      21K  2435 6.57    6.10     2951   511   44K   264 28.49   28.34  
c rst  luby svd  vmt  1388  838 K 2585      21K  2435 6.57    6.10     2951   512   44K   264 28.61   28.46  
c rst  luby svd  vmt  1389  839 K 2585      21K  2435 6.57    6.10     2951   514   45K   264 28.82   28.67  
c rst  luby svd  vmt  1390  840 K 2585      21K  2435 6.57    6.10     3021   512   29K   264 30.15   29.93  
c [distill-long-red0] cls tried: 89/89 T: 0.01 T-out: N T-r: 99.88%
c [distill-long-red1] cls tried: 183/195 T: 0.01 T-out: Y T-r: -1.33%
c rst  luby svd  vmt  1391  844 K 2585      21K  2435 6.57    6.10     3021   530   32K   264 30.62   30.41  
c rst  geom best vmt  1392  844 K 2585      21K  2435 6.57    6.10     3021   533   32K   264 30.60   30.40  
c [gauss] XOR-encoding clauses are not detached, so no need to reattach them.
c [g 0] truth-find prop checks  : 1286K
c [g 0] -> of which prop        : 32.60 %
c [g 0] -> of which confl       :  1.33 %
c [g 0] elim called             : 201K
c [g 0] ---> which lead to prop : 135.86 %
c [g 0] ---> which lead to confl:  5.35 %
c [g 0] size: 55    x 114  
c [scc] new: 0 BP 0M T: 0.00
c [vrep] vars 0 lits 0 rem-bin-cls 0 rem-long-cls 0 BP 0M T: 0.00
c [intree] Set 0 vars hyper-added: 0 trans-irred: 0 trans-red: 0 T: 0.01 T-out: N T-r: -0.72%
c [find&init matx] performing matrix init
c [gauss] XOR-encoding clauses are not detached, so no need to reattach them.
c [xor-rem-unconnected] left with 244 xors from 244 non-empty xors T: 0.00
c [xor-together] xored together: 189 orig xors: 244 new xors: 55 T: 0.00
c [xor-rem-unconnected] left with 55 xors from 55 non-empty xors T: 0.00
c [xor-clean-equiv] removed equivalent xors: 0 left with: 55
c [matrix] unused xors from cleaning: 0
c [matrix] Good   matrix 0 55      x114    density:0.1550  xorlen avg: 17.67
c [matrix] Using 1 matrices recovered from 0 xors T: 0.00 T-out: N
c rst  geom best vmt  1393  844 K 2585      21K  2435 6.57    6.10     3021   537   32K   264 30.61   30.40  
c rst  geom best vmt  1394  844 K 2585      21K  2435 6.57    6.10     3021   538   33K   264 30.59   30.39  
c rst  geom best vmt  1395  844 K 2585      21K  2435 6.57    6.10     3021   539   33K   264 30.57   30.37  
c rst  geom best vmt  1396  844 K 2585      21K  2435 6.57    6.10     3021   541   33K   264 30.57   30.37  
c rst  geom best vmt  1397  844 K 2585      21K  2435 6.57    6.10     3021   541   33K   264 30.54   30.34  
c [distill-bin] useful: 0/2435/2435 lits-rem: 0 cl-rem: 0 0-depth-assigns: 0 T: 0.01 T-out: N
c rst  geom best vmt  1398  845 K 2585      21K  2435 6.57    6.10     3021   541   33K   264 30.53   30.33  
c rst  geom best vmt  1399  845 K 2585      21K  2435 6.57    6.10     3021   543   33K   264 30.55   30.35  
c rst  geom best vmt  1400  845 K 2585      21K  2435 6.57    6.10     3021   546   34K   264 30.57   30.37  
c rst  geom best vmt  1401  845 K 2585      21K  2435 6.57    6.10     3021   551   34K   264 30.56   30.36  
c rst  geom best vmt  1402  846 K 2585      21K  2435 6.57    6.10     3021   552   34K   264 30.55   30.36  
c rst  geom best vmt  1403  846 K 2585      21K  2435 6.57    6.10     3021   552   35K   264 30.57   30.38  
c rst  geom best vmt  1404  846 K 2585      21K  2435 6.57    6.10     3021   553   35K   264 30.53   30.34  
c rst  geom best vmt  1405  847 K 2585      21K  2435 6.57    6.10     3021   554   35K   264 30.48   30.29  
c rst  geom best vmt  1406  847 K 2585      21K  2435 6.57    6.10     3021   556   36K   264 30.41   30.23  
c rst  geom best vmt  1407  848 K 2585      21K  2435 6.57    6.10     3021   568   36K   264 30.45   30.26  
c rst  geom best vmt  1408  848 K 2585      21K  2435 6.57    6.10     3022   571   37K   264 30.42   30.24  
c rst  geom best vmt  1409  849 K 2585      21K  2435 6.57    6.10     3022   579   37K   264 30.46   30.28  
c rst  geom best vmt  1410  849 K 2585      21K  2435 6.57    6.10     3022   591   38K   264 30.52   30.34  
c rst  geom best vmt  1411  850 K 2585      21K  2435 6.57    6.10     3093   515   38K   264 30.46   30.29  
c rst  geom best vmt  1412  851 K 2585      21K  2435 6.57    6.10     3093   522   39K   264 30.40   30.23  
c rst  geom best vmt  1413  851 K 2585      21K  2435 6.57    6.10     3098   533   40K   264 30.42   30.25  
c rst  geom best vmt  1414  852 K 2585      21K  2435 6.57    6.10     3098   539   41K   264 30.38   30.22  
c rst  geom best vmt  1415  853 K 2585      21K  2435 6.57    6.10     3099   549   42K   264 30.34   30.18  
c [distill] watch-based irred--  cl tried 26123    cl-sh 0     cl-rem 0    lit-rem 0      T: 0.04 T-out: Y
c [distill] watch-based red  --  cl tried 6198     cl-sh 1     cl-rem 0    lit-rem 1      T: 0.01 T-out: N
c rst  geom best vmt  1416  854 K 2585      21K  2435 6.57    6.10     3099   557   43K   264 30.34   30.18  
c [ccnr] tries: 0 steps: 262143 best found: 6
c [ccnr] saving best assignment phase to stable_polar
c [ccnr] bumping based on clause weights
c [ccnr] Bumped vars: 101 bump type: 6
c [ccnr] time: 0.31
c rst  geom best vmt  1417  855 K 2585      21K  2435 6.57    6.10     3107   651   30K   264 29.95   29.74  
c rst  geom best vmt  1418  857 K 2585      21K  2435 6.57    6.10     3108   652   32K   264 29.91   29.71  
c [distill-long-red0] cls tried: 48/48 T: 0.00 T-out: N T-r: 99.94%
c [distill-long-red1] cls tried: 197/197 T: 0.01 T-out: N T-r: 6.53%
c rst  geom best vmt  1419  858 K 2585      21K  2435 6.57    6.10     3109   660   33K   264 29.85   29.65  
c [full-probe]  bin_only: 1 set: 0 repl: 0 T: 0.01 T-out: N T-r: 99.79%
c rst  geom stb  vmt  1420  860 K 2585      21K  2435 6.57    6.10     3189   562   35K   264 29.98   29.79  
c rst  geom stb  vmt  1421  861 K 2585      21K  2435 6.57    6.10     3189   573   36K   264 30.36   30.18  
c rst  geom stb  vmt  1422  863 K 2585      21K  2435 6.57    6.10     3189   577   38K   264 30.67   30.49  
c rst  geom stb  vmt  1423  865 K 2585      21K  2435 6.57    6.10     3190   582   40K   264 30.96   30.79  
c [distill-bin] useful: 0/2435/2435 lits-rem: 0 cl-rem: 0 0-depth-assigns: 0 T: 0.01 T-out: N
c rst  geom stb  vmt  1424  867 K 2585      21K  2435 6.57    6.10     3190   595   42K   264 31.13   30.97  
c rst  geom stb  vmt  1425  870 K 2585      21K  2435 6.57    6.10     3248   638   28K   264 29.32   29.10  
c rst  geom stb  vmt  1426  873 K 2585      21K  2435 6.57    6.10     3248   647   30K   264 29.70   29.49  
c [distill-long-red0] cls tried: 62/62 T: 0.00 T-out: N T-r: 99.92%
c [distill-long-red1] cls tried: 137/137 T: 0.01 T-out: N T-r: 28.02%
c rst  geom ibes vmt  1427  876 K 2585      21K  2435 6.57    6.10     3250   662   33K   264 29.58   29.39  
c rst  geom ibes vmt  1428  879 K 2585      21K  2435 6.57    6.10     3252   697   37K   264 29.63   29.46  
c [full-probe]  bin_only: 0 set: 0 repl: 0 T: 0.01 T-out: N T-r: 98.07%
c [distill] watch-based irred--  cl tried 23653    cl-sh 0     cl-rem 0    lit-rem 0      T: 0.04 T-out: Y
c [distill] watch-based red  --  cl tried 6504     cl-sh 0     cl-rem 0    lit-rem 0      T: 0.01 T-out: N
c rst  geom ibes vmt  1429  883 K 2585      21K  2435 6.57    6.10     3324   609   40K   264 29.90   29.74  
c rst  geom ibes vmt  1430  887 K 2585      21K  2435 6.57    6.10     3328   744   33K   264 29.74   29.55  
c [distill-bin] useful: 0/2435/2435 lits-rem: 0 cl-rem: 0 0-depth-assigns: 0 T: 0.01 T-out: N
c rst  geom svd  vmt  1431  891 K 2585      21K  2435 6.57    6.10     3384   711   38K   264 30.13   29.96  
c [distill-long-red0] cls tried: 57/57 T: 0.00 T-out: N T-r: 99.93%
c [distill-long-red1] cls tried: 113/166 T: 0.01 T-out: Y T-r: -0.59%
c [impl-str] lit bin: 0 set-var: 0 T: 0.00 T-out: N T-r: 99.96% w-visit: 5176
c [impl-sub] bin: 0 T: 0.00 T-out: N w-visit: 5176
c rst  geom svd  vmt  1432  896 K 2585      21K  2435 6.57    6.10     3384   719   42K   264 31.05   30.89  
c rst  geom svd  vmt  1433  901 K 2585      21K  2435 6.57    6.10     3410   698   33K   264 30.76   30.56  
c [full-probe]  bin_only: 1 set: 0 repl: 0 T: 0.01 T-out: N T-r: 99.79%
c [ccnr] tries: 0 steps: 262143 best found: 4
c [ccnr] saving best assignment phase to stable_polar
c [ccnr] bumping based on var unsat frequency: conflict_ct
c [ccnr] Bumped vars: 2588 bump type: 6
c [ccnr] time: 0.30
c rst  geom best vmt  1434  907 K 2585      21K  2435 6.57    6.10     3421   822   39K   264 31.39   31.21  
c [branch] adjusting to: vsid (from: vmtf) var_decay:0.95 descr: VSIDS
c [distill-long-red0] cls tried: 27/27 T: 0.00 T-out: N T-r: 99.96%
c [distill-long-red1] cls tried: 178/239 T: 0.01 T-out: Y T-r: -0.73%
c [distill-bin] useful: 0/2435/2435 lits-rem: 0 cl-rem: 0 0-depth-assigns: 0 T: 0.01 T-out: N
c [distill] watch-based irred--  cl tried 27037    cl-sh 0     cl-rem 0    lit-rem 0      T: 0.04 T-out: Y
c [distill] watch-based red  --  cl tried 6842     cl-sh 1     cl-rem 0    lit-rem 1      T: 0.01 T-out: N
c rst  geom best vs   1435  907 K 2585      21K  2435 6.57    6.10     3421   822   39K   264 31.38   31.20  
c rst  geom best vs   1436  907 K 2585      21K  2435 6.57    6.10     3421   822   39K   264 31.37   31.19  
c rst  geom best vs   1437  907 K 2585      21K  2435 6.57    6.10     3421   822   39K   264 31.35   31.18  
c rst  geom best vs   1438  907 K 2585      21K  2435 6.57    6.10     3421   823   39K   264 31.33   31.16  
c rst  geom best vs   1439  908 K 2585      21K  2435 6.57    6.10     3421   823   39K   264 31.32   31.14  
c rst  geom best vs   1440  908 K 2585      21K  2435 6.57    6.10     3421   823   40K   264 31.30   31.13  
c rst  geom best vs   1441  908 K 2585      21K  2435 6.57    6.10     3421   824   40K   264 31.29   31.12  
c rst  geom best vs   1442  908 K 2585      21K  2435 6.57    6.10     3421   824   40K   264 31.28   31.11  
c rst  geom best vs   1443  908 K 2585      21K  2435 6.57    6.10     3421   824   40K   264 31.26   31.09  
c rst  geom best vs   1444  909 K 2585      21K  2435 6.57    6.10     3421   824   41K   264 31.25   31.08  
c rst  geom best vs   1445  909 K 2585      21K  2435 6.57    6.10     3421   825   41K   264 31.21   31.04  
c [gauss] XOR-encoding clauses are not detached, so no need to reattach them.
c [g 0] truth-find prop checks  : 1392K
c [g 0] -> of which prop        : 35.31 %
c [g 0] -> of which confl       :  1.28 %
c [g 0] elim called             : 177K
c [g 0] ---> which lead to prop : 152.83 %
c [g 0] ---> which lead to confl:  5.24 %
c [g 0] size: 55    x 114  
c [scc] new: 0 BP 0M T: 0.00
c [vrep] vars 0 lits 0 rem-bin-cls 0 rem-long-cls 0 BP 0M T: 0.00
c [intree] Set 0 vars hyper-added: 0 trans-irred: 0 trans-red: 0 T: 0.01 T-out: N T-r: -1.03%
c [find&init matx] performing matrix init
c [gauss] XOR-encoding clauses are not detached, so no need to reattach them.
c [xor-rem-unconnected] left with 244 xors from 244 non-empty xors T: 0.00
c [xor-together] xored together: 189 orig xors: 244 new xors: 55 T: 0.00
c [xor-rem-unconnected] left with 55 xors from 55 non-empty xors T: 0.00
c [xor-clean-equiv] removed equivalent xors: 0 left with: 55
c [matrix] unused xors from cleaning: 0
c [matrix] Good   matrix 0 55      x114    density:0.1550  xorlen avg: 17.67
c [matrix] Using 1 matrices recovered from 0 xors T: 0.00 T-out: N
c rst  geom best vs   1446  909 K 2585      21K  2435 6.57    6.10     3421   825   41K   264 31.20   31.04  
c rst  geom best vs   1447  910 K 2585      21K  2435 6.57    6.10     3496   720   42K   264 31.19   31.03  
c rst  geom best vs   1448  910 K 2585      21K  2435 6.57    6.10     3496   720   42K   264 31.19   31.03  
c rst  geom best vs   1449  910 K 2585      21K  2435 6.57    6.10     3496   721   42K   264 31.19   31.03  
c rst  geom best vs   1450  911 K 2585      21K  2435 6.57    6.10     3496   721   43K   264 31.19   31.03  
c rst  geom best vs   1451  911 K 2585      21K  2435 6.57    6.10     3496   721   43K   264 31.16   31.00  
c rst  geom best vs   1452  912 K 2585      21K  2435 6.57    6.10     3496   721   44K   264 31.14   30.98  
c rst  geom best vs   1453  913 K 2585      21K  2435 6.57    6.10     3496   722   44K   264 31.13   30.97  
c rst  geom best vs   1454  913 K 2585      21K  2435 6.57    6.10     3496   722   45K   264 31.16   31.01  
c rst  geom best vs   1455  914 K 2585      21K  2435 6.57    6.10     3496   730   46K   264 31.13   30.98  
c recursive minimization cost OK: 1690Kcost/(% lits removed)
c [gauss] XOR-encoding clauses are not detached, so no need to reattach them.
c [g 0] truth-find prop checks  : 102K
c [g 0] -> of which prop        : 28.27 %
c [g 0] -> of which confl       :  1.10 %
c [g 0] elim called             : 13494
c [g 0] ---> which lead to prop : 139.51 %
c [g 0] ---> which lead to confl:  4.62 %
c [g 0] size: 55    x 114  
c --> Executing strategy token: scc-vrepl
c [scc] new: 0 BP 0M T: 0.00
c --> Executing strategy token: sub-impl
c [impl-sub] bin: 0 T: 0.00 T-out: N w-visit: 5176
c --> Executing strategy token: breakid
c --> Executing OCC strategy token(s): 'occ-backw-sub-str,occ-clean-implicit,occ-bve,occ-bva,occ-ternary-res,occ-xor,'
c [occ] mem usage for occur 2      MB
c [occ] Linked in IRRED BIN by default: 2435
c [occ] Linked in RED   BIN by default: 264
c [occ] mem usage for occur 0      MB
c Mem for watch alloc      : 12          MB (25.88     %)
c Mem for watch array      : 0           MB (0.25      %)
c --> Executing OCC strategy token: occ-backw-sub-str
c [occ-backw-sub-str-long-w-bins] subs: 0 str: 2 tried: 73038 0-depth ass: 0 T: 0.00 T-out: N T-r: 99.48%
c [occ-backw-sub-long-w-long] rem cl: 83 tried: 71519/71519 (100.0%) T: 0.01 T-out: N T-r: 96.78%
c [occ-backw-sub-str-long-w-long] sub: 3 str: 39 tried: 214557/71519 (300.0)  T: 0.08 T-out: N T-r: 89.30%
c --> Executing OCC strategy token: occ-clean-implicit
c --> Executing OCC strategy token: occ-bve
c [occ-empty-res] Empty resolvent elimed: 0 T: 0.00 T-out: N
c [occ-bve] turning off picosat-based irreg gate detection, added lits:  338K
c [occ-bve] iter v-elim 0
c cl_inc_rate=1.0, var_dec_rate=1.0 (grow=0)
c Reduced to 2585 vars, 23727 cls (grow=0)
c [occ-bve] iter v-elim 0
c cl_inc_rate=1.0, var_dec_rate=1.0 (grow=8)
c Reduced to 2585 vars, 23727 cls (grow=8)
c [occ-bve] iter v-elim 0
c cl_inc_rate=1.0, var_dec_rate=1.0 (grow=16)
c Reduced to 2585 vars, 23727 cls (grow=16)
c x n vars       : 2585
c #try to eliminate:  7755
c #var-elim        :     0
c #T-o: N
c #T-r: 99.99%
c #T  : 1.24
c [occur] 0.04 is overhead
c [occur] link-in T: 0.04 cleanup T: 0.00
c --> Executing OCC strategy token: occ-bva
c --> Executing OCC strategy token: occ-ternary-res
c [occ-ternary-res] Ternary res-tri: 0 res-bin: 0 sub: 0 str: 0 T: 0.00 T-out: N T-r: 99.85%
c --> Executing OCC strategy token: occ-xor
c [occ-xor] sort occur list T: 0.00
c [xor-clean-equiv] removed equivalent xors: 0 left with: 235
c [occ-xor] found    235 avg sz 5.5 min sz  4 max sz  6 T: 0.01 T-out: N T-r: 99.97%
c --> Executing strategy token: card-find
c --> Executing strategy token: cl-consolidate
c Not consolidating memory.
c --> Executing strategy token: scc-vrepl
c [scc] new: 0 BP 0M T: 0.00
c --> Executing strategy token: renumber
c --> Executing strategy token: bosphorus
c --> Executing strategy token: louvain-comms
c [consolidate] mini T: 0.00
c global_timeout_multiplier: 5.3147
c [branch] rebuilding order heap for all branchings. Current branching: vsid
c [find&init matx] performing matrix init
c [gauss] XOR-encoding clauses are not detached, so no need to reattach them.
c [xor-rem-unconnected] left with 235 xors from 235 non-empty xors T: 0.00
c [xor-together] xored together: 179 orig xors: 235 new xors: 56 T: 0.00
c [xor-rem-unconnected] left with 56 xors from 56 non-empty xors T: 0.00
c [xor-clean-equiv] removed equivalent xors: 0 left with: 56
c [matrix] unused xors from cleaning: 0
c [matrix] Good   matrix  0     56 x  116  density:0.1447  xorlen avg: 16.79
c [matrix] Using 1 matrices recovered from 0 xors T: 0.00 T-out: N
c rst  geom best   vs  1456  914K    2585   21K  2435    6.57    6.10  3426   849   46K   264   31.17   31.02
c rst  geom best   vs  1457  915K    2585   21K  2435    6.57    6.10  3426   859   33K   264   30.82   30.63
c rst  geom best   vs  1458  916K    2585   21K  2435    6.57    6.10  3426   860   34K   264   30.77   30.58
c rst  geom  stb   vs  1459  917K    2585   21K  2435    6.57    6.10  3426   868   35K   264   30.92   30.73
c rst  geom  stb   vs  1460  918K    2585   21K  2435    6.57    6.10  3426   881   36K   264   31.03   30.85
c rst  geom  stb   vs  1461  919K    2585   21K  2435    6.57    6.10  3426   888   37K   264   31.15   30.96
c rst  geom  stb   vs  1462  920K    2585   21K  2435    6.57    6.10  3460   814   39K   264   31.26   31.09
c rst  geom  stb   vs  1463  921K    2585   21K  2435    6.57    6.10  3460   819   40K   264   31.39   31.22
c [full-probe]  bin_only: 0 set: 0 repl: 0 T: 0.01 T-out: N T-r: 98.12%
c rst  geom  stb   vs  1464  923K    2585   21K  2435    6.57    6.10  3460   819   41K   264   31.49   31.32
c [distill-long-red0] cls tried: 42/42 T: 0.00 T-out: N T-r: 99.96%
c [distill-long-red1] cls tried: 190/208 T: 0.01 T-out: Y T-r: -0.37%
c rst  geom  stb   vs  1465  925K    2585   21K  2435    6.57    6.10  3460   820   43K   264   31.60   31.43
c rst  geom  stb   vs  1466  927K    2585   21K  2435    6.57    6.10  3460   821   45K   264   31.66   31.50
c rst  geom  stb   vs  1467  929K    2585   21K  2435    6.57    6.10  3461   832   47K   264   31.71   31.56
c [distill-bin] useful: 0/2435/2435 lits-rem: 0 cl-rem: 0 0-depth-assigns: 0 T: 0.01 T-out: N
c rst  geom  stb   vs  1468  931K    2585   21K  2435    6.57    6.10  3478   823   28K   264   29.58   29.36
c rst  geom ibes   vs  1469  933K    2585   21K  2435    6.57    6.10  3478   828   31K   264   29.48   29.27
c [distill] watch-based irred--  cl tried    30376 cl-sh     0 cl-rem    0 lit-rem      0 T: 0.04 T-out: N
c [distill] watch-based   red--  cl tried     6956 cl-sh     1 cl-rem    0 lit-rem      1 T: 0.01 T-out: N
c rst  geom ibes   vs  1470  936K    2585   21K  2435    6.57    6.10  3478   844   33K   264   29.13   28.94
c rst  geom ibes   vs  1471  939K    2585   21K  2435    6.57    6.10  3479   852   36K   264   28.86   28.69
c [distill-long-red0] cls tried: 6/6 T: 0.00 T-out: N T-r: 99.99%
c [distill-long-red1] cls tried: 152/152 T: 0.01 T-out: N T-r: 34.53%
c rst  geom ibes   vs  1472  942K    2585   21K  2435    6.57    6.10  3528   793   40K   264   28.66   28.50
c [full-probe]  bin_only: 1 set: 0 repl: 0 T: 0.01 T-out: N T-r: 99.70%
c rst  geom ibes   vs  1473  946K    2585   21K  2435    6.57    6.10  3535   914   33K   264   27.34   27.16
c [ccnr] tries: 0 steps: 262143 best found: 4
c [ccnr] saving best assignment phase to stable_polar
c [ccnr] bumping based on var unsat frequency: conflict_ct
c [ccnr] Bumped vars: 2588 bump type: 6
c [ccnr] time: 0.30
c rst  geom  svd   vs  1474  950K    2585   21K  2435    6.57    6.10  3561   825   37K   264   27.68   27.52
c [distill-bin] useful: 0/2435/2435 lits-rem: 0 cl-rem: 0 0-depth-assigns: 0 T: 0.01 T-out: N
c rst  geom  svd   vs  1475  954K    2585   21K  2435    6.57    6.10  3563   846   42K   264   27.95   27.80
c [distill-long-red0] cls tried: 13/13 T: 0.00 T-out: N T-r: 99.98%
c [distill-long-red1] cls tried: 147/147 T: 0.01 T-out: N T-r: 23.93%
c [impl-str] lit bin: 0 set-var: 0 T: 0.00 T-out: N T-r: 99.96% w-visit: 5176
c [impl-sub] bin: 0 T: 0.00 T-out: N w-visit: 5176
c rst  geom  svd   vs  1476  959K    2585   21K  2435    6.57    6.10  3563   851   47K   264   28.34   28.20
c [distill] watch-based irred--  cl tried    29373 cl-sh     0 cl-rem    0 lit-rem      0 T: 0.04 T-out: Y
c [distill] watch-based   red--  cl tried     7126 cl-sh     0 cl-rem    0 lit-rem      0 T: 0.01 T-out: N
c rst  geom  svd   vs  1477  964K    2585   21K  2435    6.57    6.10  3605   836   37K   264   26.70   26.54
c [full-probe]  bin_only: 0 set: 0 repl: 0 T: 0.01 T-out: N T-r: 98.63%
c rst  geom best   vs  1478  970K    2585   21K  2435    6.57    6.10  3632   800   42K   264   27.20   27.06
c [distill-long-red0] cls tried: 12/12 T: 0.00 T-out: N T-r: 99.98%
c [distill-long-red1] cls tried: 84/84 T: 0.01 T-out: N T-r: 60.42%
c [distill-bin] useful: 0/2435/2435 lits-rem: 0 cl-rem: 0 0-depth-assigns: 0 T: 0.01 T-out: N
c rst  geom best   vs  1479  977K    2585   21K  2435    6.57    6.10  3636   876   34K   264   27.72   27.55
c [gauss] XOR-encoding clauses are not detached, so no need to reattach them.
c [g 0] truth-find prop checks  : 1270K
c [g 0] -> of which prop        : 35.42 %
c [g 0] -> of which confl       :  1.24 %
c [g 0] elim called             : 148K
c [g 0] ---> which lead to prop : 162.64 %
c [g 0] ---> which lead to confl:  4.92 %
c [g 0] size: 56    x 116  
c [scc] new: 0 BP 0M T: 0.00
c [vrep] vars 0 lits 0 rem-bin-cls 0 rem-long-cls 0 BP 0M T: 0.00
c [intree] Set 0 vars hyper-added: 0 trans-irred: 0 trans-red: 0 T: 0.01 T-out: N T-r: -0.56%
c [find&init matx] performing matrix init
c [gauss] XOR-encoding clauses are not detached, so no need to reattach them.
c [xor-rem-unconnected] left with 235 xors from 235 non-empty xors T: 0.00
c [xor-together] xored together: 179 orig xors: 235 new xors: 56 T: 0.00
c [xor-rem-unconnected] left with 56 xors from 56 non-empty xors T: 0.00
c [xor-clean-equiv] removed equivalent xors: 0 left with: 56
c [matrix] unused xors from cleaning: 0
c [matrix] Good   matrix 0 56      x116    density:0.1447  xorlen avg: 16.79
c [matrix] Using 1 matrices recovered from 0 xors T: 0.00 T-out: N
c rst  geom best vs   1480  984 K 2585      21K  2435 6.57    6.10     3648   681   41K   264 27.84   27.69  
c rst  geom stb  vs   1481  992 K 2585      21K  2435 6.57    6.10     3687   679   32K   264 28.88   28.69  
c [distill-long-red0] cls tried: 19/19 T: 0.00 T-out: N T-r: 99.99%
c [distill-long-red1] cls tried: 140/140 T: 0.01 T-out: N T-r: 43.83%
c [full-probe]  bin_only: 1 set: 0 repl: 0 T: 0.01 T-out: N T-r: 99.88%
c [distill-bin] useful: 0/2435/2435 lits-rem: 0 cl-rem: 0 0-depth-assigns: 0 T: 0.01 T-out: N
c [distill] watch-based irred--  cl tried 30376    cl-sh 0     cl-rem 0    lit-rem 0      T: 0.04 T-out: N
c [distill] watch-based red  --  cl tried 7374     cl-sh 0     cl-rem 0    lit-rem 0      T: 0.01 T-out: N
c [ccnr] tries: 0 steps: 262143 best found: 4
c [ccnr] saving best assignment phase to stable_polar
c [ccnr] bumping based on clause weights
c [ccnr] Bumped vars: 102 bump type: 6
c [ccnr] time: 0.30
c rst  geom stb  vs   1482  1000K 2585      21K  2435 6.57    6.10     3709   658   41K   264 30.09   29.93  
c rst  geom ibes vs   1483  1009K 2585      21K  2435 6.57    6.10     3717   758   32K   264 28.45   28.26  
c [branch] adjusting to: vmtf (from: vsid) var_decay:0.95 descr: VMTF
c [distill-long-red0] cls tried: 11/11 T: 0.00 T-out: N T-r: 99.99%
c [distill-long-red1] cls tried: 111/111 T: 0.01 T-out: N T-r: 53.43%
c rst  luby ibes vmt  1484  1010K 2585      21K  2435 6.57    6.10     3762   660   32K   264 28.48   28.29  
c rst  luby ibes vmt  1485  1010K 2585      21K  2435 6.57    6.10     3762   662   32K   264 28.48   28.30  
c rst  luby ibes vmt  1486  1010K 2585      21K  2435 6.57    6.10     3762   665   32K   264 28.54   28.35  
c rst  luby ibes vmt  1487  1010K 2585      21K  2435 6.57    6.10     3762   666   32K   264 28.55   28.36  
c rst  luby ibes vmt  1488  1010K 2585      21K  2435 6.57    6.10     3762   667   32K   264 28.56   28.37  
c rst  luby ibes vmt  1489  1010K 2585      21K  2435 6.57    6.10     3762   667   33K   264 28.57   28.39  
c rst  luby ibes vmt  1490  1011K 2585      21K  2435 6.57    6.10     3762   674   33K   264 28.56   28.37  
c rst  luby ibes vmt  1491  1011K 2585      21K  2435 6.57    6.10     3762   675   33K   264 28.56   28.37  
c rst  luby ibes vmt  1492  1011K 2585      21K  2435 6.57    6.10     3762   676   33K   264 28.58   28.40  
c rst  luby ibes vmt  1493  1011K 2585      21K  2435 6.57    6.10     3762   678   33K   264 28.57   28.39  
c rst  luby ibes vmt  1494  1011K 2585      21K  2435 6.57    6.10     3762   680   33K   264 28.58   28.40  
c rst  luby ibes vmt  1495  1011K 2585      21K  2435 6.57    6.10     3762   681   34K   264 28.57   28.39  
c rst  luby ibes vmt  1496  1012K 2585      21K  2435 6.57    6.10     3762   682   34K   264 28.57   28.39  
c rst  luby ibes vmt  1497  1012K 2585      21K  2435 6.57    6.10     3762   682   34K   264 28.59   28.41  
c [full-probe]  bin_only: 0 set: 0 repl: 0 T: 0.01 T-out: N T-r: 98.24%
c [distill-bin] useful: 0/2435/2435 lits-rem: 0 cl-rem: 0 0-depth-assigns: 0 T: 0.01 T-out: N
c rst  luby ibes vmt  1498  1013K 2585      21K  2435 6.57    6.10     3762   685   35K   264 28.61   28.44  
c rst  luby ibes vmt  1499  1013K 2585      21K  2435 6.57    6.10     3762   693   35K   264 28.60   28.42  
c rst  luby ibes vmt  1500  1013K 2585      21K  2435 6.57    6.10     3762   693   35K   264 28.61   28.44  
c rst  luby ibes vmt  1501  1013K 2585      21K  2435 6.57    6.10     3762   693   35K   264 28.63   28.45  
c rst  luby ibes vmt  1502  1013K 2585      21K  2435 6.57    6.10     3762   698   35K   264 28.61   28.44  
c rst  luby ibes vmt  1503  1013K 2585      21K  2435 6.57    6.10     3763   713   36K   264 28.61   28.44  
c rst  luby ibes vmt  1504  1014K 2585      21K  2435 6.57    6.10     3763   716   36K   264 28.62   28.44  
c rst  luby ibes vmt  1505  1014K 2585      21K  2435 6.57    6.10     3763   722   36K   264 28.63   28.46  
c rst  luby ibes vmt  1506  1014K 2585      21K  2435 6.57    6.10     3763   723   36K   264 28.63   28.46  
c rst  luby ibes vmt  1507  1014K 2585      21K  2435 6.57    6.10     3763   725   36K   264 28.62   28.46  
c rst  luby ibes vmt  1508  1014K 2585      21K  2435 6.57    6.10     3763   728   37K   264 28.63   28.46  
c rst  luby ibes vmt  1509  1014K 2585      21K  2435 6.57    6.10     3763   728   37K   264 28.62   28.45  
c [impl-str] lit bin: 0 set-var: 0 T: 0.00 T-out: N T-r: 99.96% w-visit: 5176
c [impl-sub] bin: 0 T: 0.00 T-out: N w-visit: 5176
c rst  luby ibes vmt  1510  1015K 2585      21K  2435 6.57    6.10     3764   732   37K   264 28.64   28.47  
c rst  luby ibes vmt  1511  1015K 2585      21K  2435 6.57    6.10     3768   765   37K   264 28.63   28.46  
c rst  luby ibes vmt  1512  1015K 2585      21K  2435 6.57    6.10     3768   765   37K   264 28.66   28.49  
c rst  luby ibes vmt  1513  1016K 2585      21K  2435 6.57    6.10     3768   771   38K   264 28.65   28.49  
c rst  luby svd  vmt  1514  1018K 2585      21K  2435 6.57    6.10     3768   774   40K   264 28.97   28.81  
c [distill] watch-based irred--  cl tried 28745    cl-sh 0     cl-rem 0    lit-rem 0      T: 0.04 T-out: Y
c [distill] watch-based red  --  cl tried 7536     cl-sh 0     cl-rem 0    lit-rem 0      T: 0.01 T-out: N
c rst  luby svd  vmt  1515  1018K 2585      21K  2435 6.57    6.10     3768   774   40K   264 28.99   28.84  
c rst  luby svd  vmt  1516  1018K 2585      21K  2435 6.57    6.10     3768   776   40K   264 29.00   28.85  
c rst  luby svd  vmt  1517  1018K 2585      21K  2435 6.57    6.10     3768   776   40K   264 29.05   28.89  
c rst  luby svd  vmt  1518  1018K 2585      21K  2435 6.57    6.10     3768   776   40K   264 29.06   28.90  
c rst  luby svd  vmt  1519  1018K 2585      21K  2435 6.57    6.10     3768   776   40K   264 29.08   28.92  
c rst  luby svd  vmt  1520  1018K 2585      21K  2435 6.57    6.10     3768   777   41K   264 29.12   28.97  
c rst  luby svd  vmt  1521  1019K 2585      21K  2435 6.57    6.10     3769   782   41K   264 29.16   29.01  
c rst  luby svd  vmt  1522  1019K 2585      21K  2435 6.57    6.10     3769   784   41K   264 29.18   29.02  
c rst  luby svd  vmt  1523  1019K 2585      21K  2435 6.57    6.10     3769   787   41K   264 29.18   29.03  
c rst  luby svd  vmt  1524  1019K 2585      21K  2435 6.57    6.10     3769   787   41K   264 29.21   29.06  
c rst  luby svd  vmt  1525  1019K 2585      21K  2435 6.57    6.10     3769   787   41K   264 29.23   29.08  
c rst  luby svd  vmt  1526  1019K 2585      21K  2435 6.57    6.10     3769   787   42K   264 29.25   29.10  
c rst  luby svd  vmt  1527  1020K 2585      21K  2435 6.57    6.10     3793   918   31K   264 28.40   28.20  
c rst  luby svd  vmt  1528  1020K 2585      21K  2435 6.57    6.10     3899   748   31K   264 28.53   28.34  
c rst  luby svd  vmt  1529  1021K 2585      21K  2435 6.57    6.10     3899   751   32K   264 28.69   28.50  
c rst  luby svd  vmt  1530  1021K 2585      21K  2435 6.57    6.10     3899   751   32K   264 28.71   28.52  
c rst  luby svd  vmt  1531  1021K 2585      21K  2435 6.57    6.10     3899   757   32K   264 28.73   28.54  
c rst  luby svd  vmt  1532  1021K 2585      21K  2435 6.57    6.10     3899   762   32K   264 28.76   28.57  
c rst  luby svd  vmt  1533  1021K 2585      21K  2435 6.57    6.10     3899   762   33K   264 28.78   28.59  
c rst  luby svd  vmt  1534  1021K 2585      21K  2435 6.57    6.10     3899   762   33K   264 28.79   28.60  
c rst  luby svd  vmt  1535  1022K 2585      21K  2435 6.57    6.10     3899   767   33K   264 28.80   28.61  
c rst  luby svd  vmt  1536  1022K 2585      21K  2435 6.57    6.10     3899   769   33K   264 28.89   28.71  
c rst  luby svd  vmt  1537  1022K 2585      21K  2435 6.57    6.10     3899   769   33K   264 28.91   28.73  
c rst  luby svd  vmt  1538  1022K 2585      21K  2435 6.57    6.10     3899   772   33K   264 28.93   28.75  
c rst  luby svd  vmt  1539  1022K 2585      21K  2435 6.57    6.10     3899   772   34K   264 28.95   28.77  
c rst  luby svd  vmt  1540  1022K 2585      21K  2435 6.57    6.10     3899   773   34K   264 28.97   28.79  
c rst  luby svd  vmt  1541  1023K 2585      21K  2435 6.57    6.10     3899   773   34K   264 28.99   28.81  
c rst  luby svd  vmt  1542  1023K 2585      21K  2435 6.57    6.10     3899   777   34K   264 29.03   28.85  
c rst  luby svd  vmt  1543  1023K 2585      21K  2435 6.57    6.10     3900   781   34K   264 29.09   28.91  
c rst  luby svd  vmt  1544  1024K 2585      21K  2435 6.57    6.10     3900   796   35K   264 29.17   28.99  
c rst  luby svd  vmt  1545  1026K 2585      21K  2435 6.57    6.10     3901   808   37K   264 29.49   29.32  
c [distill-long-red0] cls tried: 64/64 T: 0.01 T-out: N T-r: 99.89%
c [distill-long-red1] cls tried: 111/269 T: 0.02 T-out: Y T-r: -2.02%
c rst  luby svd  vmt  1546  1029K 2585      21K  2435 6.57    6.10     3901   817   40K   264 29.89   29.73  
c rst  luby svd  vmt  1547  1029K 2585      21K  2435 6.57    6.10     3902   818   40K   264 29.90   29.74  
c rst  luby svd  vmt  1548  1029K 2585      21K  2435 6.57    6.10     3902   819   40K   264 29.93   29.76  
c rst  luby svd  vmt  1549  1029K 2585      21K  2435 6.57    6.10     3903   820   40K   264 29.96   29.80  
c rst  luby svd  vmt  1550  1029K 2585      21K  2435 6.57    6.10     3903   820   40K   264 29.98   29.82  
c rst  luby svd  vmt  1551  1029K 2585      21K  2435 6.57    6.10     3903   820   41K   264 30.00   29.84  
c rst  luby svd  vmt  1552  1030K 2585      21K  2435 6.57    6.10     3966   722   41K   264 30.02   29.86  
c rst  luby svd  vmt  1553  1030K 2585      21K  2435 6.57    6.10     3966   723   41K   264 30.06   29.90  
c rst  luby svd  vmt  1554  1030K 2585      21K  2435 6.57    6.10     3966   723   41K   264 30.07   29.91  
c rst  luby svd  vmt  1555  1030K 2585      21K  2435 6.57    6.10     3966   725   41K   264 30.06   29.90  
c rst  luby svd  vmt  1556  1030K 2585      21K  2435 6.57    6.10     3966   726   42K   264 30.07   29.92  
c rst  luby svd  vmt  1557  1031K 2585      21K  2435 6.57    6.10     3966   727   42K   264 30.08   29.92  
c rst  luby svd  vmt  1558  1031K 2585      21K  2435 6.57    6.10     3966   727   42K   264 30.09   29.94  
c rst  luby svd  vmt  1559  1031K 2585      21K  2435 6.57    6.10     3966   727   42K   264 30.12   29.97  
c rst  luby svd  vmt  1560  1031K 2585      21K  2435 6.57    6.10     3966   728   42K   264 30.20   30.05  
c rst  geom best vmt  1561  1031K 2585      21K  2435 6.57    6.10     3966   729   43K   264 30.20   30.04  
c rst  geom best vmt  1562  1031K 2585      21K  2435 6.57    6.10     3966   732   43K   264 30.19   30.04  
c rst  geom best vmt  1563  1032K 2585      21K  2435 6.57    6.10     3966   738   43K   264 30.20   30.05  
c rst  geom best vmt  1564  1032K 2585      21K  2435 6.57    6.10     3966   742   43K   264 30.20   30.05  
c rst  geom best vmt  1565  1032K 2585      21K  2435 6.57    6.10     3966   742   43K   264 30.21   30.06  
c [full-probe]  bin_only: 1 set: 0 repl: 0 T: 0.01 T-out: N T-r: 99.81%
c [distill-bin] useful: 0/2435/2435 lits-rem: 0 cl-rem: 0 0-depth-assigns: 0 T: 0.01 T-out: N
c rst  geom best vmt  1566  1032K 2585      21K  2435 6.57    6.10     3966   742   43K   264 30.20   30.05  
c rst  geom best vmt  1567  1032K 2585      21K  2435 6.57    6.10     3966   742   43K   264 30.19   30.04  
c rst  geom best vmt  1568  1033K 2585      21K  2435 6.57    6.10     3966   742   44K   264 30.20   30.05  
c rst  geom best vmt  1569  1033K 2585      21K  2435 6.57    6.10     3966   750   44K   264 30.18   30.03  
c rst  geom best vmt  1570  1033K 2585      21K  2435 6.57    6.10     3966   751   44K   264 30.20   30.05  
c rst  geom best vmt  1571  1033K 2585      21K  2435 6.57    6.10     3966   751   44K   264 30.20   30.05  
c rst  geom best vmt  1572  1034K 2585      21K  2435 6.57    6.10     3966   752   45K   264 30.21   30.06  
c rst  geom best vmt  1573  1034K 2585      21K  2435 6.57    6.10     3966   752   45K   264 30.22   30.07  
c rst  geom best vmt  1574  1034K 2585      21K  2435 6.57    6.10     3966   756   45K   264 30.28   30.14  
c rst  geom best vmt  1575  1035K 2585      21K  2435 6.57    6.10     3983   892   28K   264 29.19   28.98  
c rst  geom best vmt  1576  1035K 2585      21K  2435 6.57    6.10     3983   895   29K   264 29.29   29.08  
c rst  geom best vmt  1577  1036K 2585      21K  2435 6.57    6.10     3983   895   29K   264 29.36   29.15  
c [ccnr] tries: 0 steps: 262143 best found: 5
c [ccnr] saving best assignment phase to stable_polar
c [ccnr] bumping based on var unsat frequency: conflict_ct
c [ccnr] Bumped vars: 2588 bump type: 6
c [ccnr] time: 0.30
c rst  geom best vmt  1578  1036K 2585      21K  2435 6.57    6.10     3986   955   30K   264 29.37   29.17  
c rst  geom best vmt  1579  1037K 2585      21K  2435 6.57    6.10     3992   998   30K   264 29.36   29.16  
c rst  geom best vmt  1580  1037K 2585      21K  2435 6.57    6.10     3992  1014   31K   264 29.41   29.21  
c rst  geom best vmt  1581  1038K 2585      21K  2435 6.57    6.10     3993  1031   32K   264 29.42   29.23  
c rst  geom best vmt  1582  1039K 2585      21K  2435 6.57    6.10     3994  1044   32K   264 29.46   29.27  
c rst  geom best vmt  1583  1040K 2585      21K  2435 6.57    6.10     4119   872   33K   264 29.65   29.47  
c rst  geom best vmt  1584  1041K 2585      21K  2435 6.57    6.10     4120   876   34K   264 29.82   29.64  
c [distill-long-red0] cls tried: 174/174 T: 0.01 T-out: N T-r: 99.76%
c [distill-long-red1] cls tried: 128/344 T: 0.02 T-out: Y T-r: -1.08%
c rst  geom best vmt  1585  1042K 2585      21K  2435 6.57    6.10     4120   878   35K   264 29.86   29.68  
c [gauss] XOR-encoding clauses are not detached, so no need to reattach them.
c [g 0] truth-find prop checks  : 1268K
c [g 0] -> of which prop        : 40.12 %
c [g 0] -> of which confl       :  1.28 %
c [g 0] elim called             : 137K
c [g 0] ---> which lead to prop : 172.35 %
c [g 0] ---> which lead to confl:  5.65 %
c [g 0] size: 56    x 116  
c [scc] new: 0 BP 0M T: 0.00
c [vrep] vars 0 lits 0 rem-bin-cls 0 rem-long-cls 0 BP 0M T: 0.00
c [intree] Set 0 vars hyper-added: 0 trans-irred: 0 trans-red: 0 T: 0.01 T-out: N T-r: -0.64%
c [find&init matx] performing matrix init
c [gauss] XOR-encoding clauses are not detached, so no need to reattach them.
c [xor-rem-unconnected] left with 235 xors from 235 non-empty xors T: 0.00
c [xor-together] xored together: 179 orig xors: 235 new xors: 56 T: 0.00
c [xor-rem-unconnected] left with 56 xors from 56 non-empty xors T: 0.00
c [xor-clean-equiv] removed equivalent xors: 0 left with: 56
c [matrix] unused xors from cleaning: 0
c [matrix] Good   matrix 0 56      x116    density:0.1447  xorlen avg: 16.79
c [matrix] Using 1 matrices recovered from 0 xors T: 0.00 T-out: N
c rst  geom best vmt  1586  1043K 2585      21K  2435 6.57    6.10     4120   885   37K   264 29.92   29.75  
c [distill] watch-based irred--  cl tried 26340    cl-sh 0     cl-rem 0    lit-rem 0      T: 0.04 T-out: Y
c [distill] watch-based red  --  cl tried 8240     cl-sh 0     cl-rem 0    lit-rem 0      T: 0.01 T-out: N
c rst  geom best vmt  1587  1044K 2585      21K  2435 6.57    6.10     4123   897   38K   264 29.88   29.71  
c rst  geom best vmt  1588  1046K 2585      21K  2435 6.57    6.10     4123   902   39K   264 29.92   29.75  
c rst  geom best vmt  1589  1047K 2585      21K  2435 6.57    6.10     4123   903   41K   264 29.99   29.83  
c rst  geom stb  vmt  1590  1049K 2585      21K  2435 6.57    6.10     4124   909   42K   264 30.23   30.08  
c rst  geom stb  vmt  1591  1051K 2585      21K  2435 6.57    6.10     4185  1035   32K   264 30.68   30.48  
c rst  geom stb  vmt  1592  1053K 2585      21K  2435 6.57    6.10     4187  1055   34K   264 30.77   30.58  
c [full-probe]  bin_only: 0 set: 0 repl: 0 T: 0.01 T-out: N T-r: 98.69%
c [distill-bin] useful: 0/2435/2435 lits-rem: 0 cl-rem: 0 0-depth-assigns: 0 T: 0.01 T-out: N
c rst  geom stb  vmt  1593  1055K 2585      21K  2435 6.57    6.10     4187  1062   36K   264 30.93   30.75  
c rst  geom stb  vmt  1594  1058K 2585      21K  2435 6.57    6.10     4188  1066   39K   264 31.26   31.09  
c [distill-long-red0] cls tried: 55/55 T: 0.00 T-out: N T-r: 99.93%
c [distill-long-red1] cls tried: 135/430 T: 0.02 T-out: Y T-r: -1.26%
c rst  geom stb  vmt  1595  1060K 2585      21K  2435 6.57    6.10     4227   982   41K   270 31.52   31.35  
c rst  geom stb  vmt  1596  1063K 2585      21K  2435 6.57    6.10     4228   997   44K   270 31.83   31.67  
c rst  geom ibes vmt  1597  1067K 2585      21K  2435 6.57    6.10     4233  1140   29K   270 29.62   29.41  
c rst  geom ibes vmt  1598  1070K 2585      21K  2435 6.57    6.10     4289  1077   33K   270 29.59   29.39  
c [distill] watch-based irred--  cl tried 27455    cl-sh 0     cl-rem 0    lit-rem 0      T: 0.04 T-out: Y
c [distill] watch-based red  --  cl tried 8565     cl-sh 4     cl-rem 13   lit-rem 4      T: 0.01 T-out: N
c rst  geom ibes vmt  1599  1074K 2585      21K  2435 6.57    6.10     4277  1103   37K   270 29.42   29.25  
c [distill-long-red0] cls tried: 86/86 T: 0.01 T-out: N T-r: 99.87%
c [distill-long-red1] cls tried: 134/435 T: 0.01 T-out: Y T-r: -1.49%
c [full-probe]  bin_only: 1 set: 0 repl: 0 T: 0.01 T-out: N T-r: 99.86%
c [distill-bin] useful: 0/2435/2435 lits-rem: 0 cl-rem: 0 0-depth-assigns: 0 T: 0.01 T-out: N
c rst  geom ibes vmt  1600  1079K 2585      21K  2435 6.57    6.10     4277  1124   41K   270 29.35   29.19  
c [impl-str] lit bin: 0 set-var: 0 T: 0.00 T-out: N T-r: 99.96% w-visit: 5176
c [impl-sub] bin: 5 T: 0.00 T-out: N w-visit: 5176
c rst  geom ibes vmt  1601  1083K 2585      21K  2435 6.57    6.10     4348  1182   36K   265 28.84   28.67  
c [ccnr] tries: 0 steps: 262143 best found: 7
c [ccnr] saving best assignment phase to stable_polar
c [ccnr] bumping based on var unsat frequency: conflict_ct
c [ccnr] Bumped vars: 2588 bump type: 6
c [ccnr] time: 0.30
c rst  geom svd  vmt  1602  1089K 2585      21K  2435 6.57    6.10     4351  1267   41K   265 30.16   30.00  
c rst  geom svd  vmt  1603  1095K 2585      21K  2435 6.57    6.10     4419  1332   31K   265 28.82   28.63  
c [distill-long-red0] cls tried: 115/115 T: 0.01 T-out: N T-r: 99.86%
c [distill-long-red1] cls tried: 138/669 T: 0.02 T-out: Y T-r: -0.34%
c [full-probe]  bin_only: 0 set: 0 repl: 0 T: 0.01 T-out: N T-r: 98.79%
c [distill-bin] useful: 0/2435/2435 lits-rem: 0 cl-rem: 0 0-depth-assigns: 0 T: 0.01 T-out: N
c rst  geom svd  vmt  1604  1101K 2585      21K  2435 6.57    6.10     4465  1237   37K   265 29.53   29.37  
c [distill] watch-based irred--  cl tried 26115    cl-sh 0     cl-rem 0    lit-rem 0      T: 0.04 T-out: Y
c [distill] watch-based red  --  cl tried 8930     cl-sh 2     cl-rem 0    lit-rem 3      T: 0.01 T-out: N
c rst  geom best vmt  1605  1108K 2585      21K  2435 6.57    6.10     4469  1263   44K   265 30.23   30.08  
c [branch] adjusting to: vsid (from: vmtf) var_decay:0.95 descr: VSIDS
c [gauss] XOR-encoding clauses are not detached, so no need to reattach them.
c [g 0] truth-find prop checks  : 1320K
c [g 0] -> of which prop        : 33.78 %
c [g 0] -> of which confl       :  1.36 %
c [g 0] elim called             : 181K
c [g 0] ---> which lead to prop : 151.55 %
c [g 0] ---> which lead to confl:  5.37 %
c [g 0] size: 56    x 116  
c [scc] new: 0 BP 0M T: 0.00
c [vrep] vars 0 lits 0 rem-bin-cls 0 rem-long-cls 0 BP 0M T: 0.01
c [intree] Set 0 vars hyper-added: 0 trans-irred: 0 trans-red: 0 T: 0.01 T-out: N T-r: -0.60%
c [find&init matx] performing matrix init
c [gauss] XOR-encoding clauses are not detached, so no need to reattach them.
c [xor-rem-unconnected] left with 235 xors from 235 non-empty xors T: 0.00
c [xor-together] xored together: 179 orig xors: 235 new xors: 56 T: 0.00
c [xor-rem-unconnected] left with 56 xors from 56 non-empty xors T: 0.00
c [xor-clean-equiv] removed equivalent xors: 0 left with: 56
c [matrix] unused xors from cleaning: 0
c [matrix] Good   matrix 0 56      x116    density:0.1447  xorlen avg: 16.79
c [matrix] Using 1 matrices recovered from 0 xors T: 0.00 T-out: N
c rst  geom best vs   1606  1108K 2585      21K  2435 6.57    6.10     4469  1264   44K   265 30.22   30.07  
c rst  geom best vs   1607  1108K 2585      21K  2435 6.57    6.10     4469  1265   44K   265 30.21   30.06  
c rst  geom best vs   1608  1108K 2585      21K  2435 6.57    6.10     4469  1266   44K   265 30.20   30.05  
c rst  geom best vs   1609  1109K 2585      21K  2435 6.57    6.10     4469  1266   45K   265 30.19   30.05  
c rst  geom best vs   1610  1109K 2585      21K  2435 6.57    6.10     4469  1267   45K   265 30.18   30.03  
c rst  geom best vs   1611  1109K 2585      21K  2435 6.57    6.10     4470  1267   45K   265 30.17   30.03  
c rst  geom best vs   1612  1109K 2585      21K  2435 6.57    6.10     4470  1267   45K   265 30.15   30.01  
c rst  geom best vs   1613  1109K 2585      21K  2435 6.57    6.10     4470  1267   45K   265 30.15   30.00  
c rst  geom best vs   1614  1110K 2585      21K  2435 6.57    6.10     4472  1384   30K   265 30.79   30.59  
c rst  geom best vs   1615  1110K 2585      21K  2435 6.57    6.10     4504  1186   31K   265 30.77   30.57  
c [distill-long-red0] cls tried: 68/68 T: 0.00 T-out: N T-r: 99.92%
c [distill-long-red1] cls tried: 184/568 T: 0.02 T-out: Y T-r: -1.07%
c rst  geom best vs   1616  1110K 2585      21K  2435 6.57    6.10     4504  1187   31K   265 30.74   30.54  
c rst  geom best vs   1617  1110K 2585      21K  2435 6.57    6.10     4504  1190   31K   265 30.74   30.54  
c rst  geom best vs   1618  1111K 2585      21K  2435 6.57    6.10     4504  1192   32K   265 30.71   30.51  
c rst  geom best vs   1619  1111K 2585      21K  2435 6.57    6.10     4504  1194   32K   265 30.71   30.51  
c rst  geom best vs   1620  1112K 2585      21K  2435 6.57    6.10     4504  1194   33K   265 30.69   30.49  
c rst  geom best vs   1621  1112K 2585      21K  2435 6.57    6.10     4504  1198   33K   265 30.66   30.46  
c rst  geom best vs   1622  1112K 2585      21K  2435 6.57    6.10     4504  1200   33K   265 30.63   30.44  
c rst  geom best vs   1623  1113K 2585      21K  2435 6.57    6.10     4504  1201   34K   265 30.55   30.36  
c rst  geom best vs   1624  1114K 2585      21K  2435 6.57    6.10     4506  1204   35K   265 30.52   30.34  
c rst  geom best vs   1625  1114K 2585      21K  2435 6.57    6.10     4506  1204   35K   265 30.46   30.28  
c rst  geom best vs   1626  1115K 2585      21K  2435 6.57    6.10     4506  1204   36K   265 30.38   30.21  
c [full-probe]  bin_only: 1 set: 0 repl: 0 T: 0.01 T-out: N T-r: 99.82%
c [distill-bin] useful: 0/2435/2435 lits-rem: 0 cl-rem: 0 0-depth-assigns: 0 T: 0.01 T-out: N
c rst  geom best vs   1627  1116K 2585      21K  2435 6.57    6.10     4506  1204   37K   265 30.41   30.23  
c rst  geom best vs   1628  1117K 2585      21K  2435 6.57    6.10     4506  1206   38K   265 30.32   30.15  
c rst  geom best vs   1629  1118K 2585      21K  2435 6.57    6.10     4506  1216   39K   265 30.27   30.11  
c rst  geom stb  vs   1630  1119K 2585      21K  2435 6.57    6.10     4506  1221   40K   265 30.43   30.26  
c rst  geom stb  vs   1631  1120K 2585      21K  2435 6.57    6.10     4530  1155   41K   265 30.58   30.42  
c rst  geom stb  vs   1632  1121K 2585      21K  2435 6.57    6.10     4530  1157   42K   265 30.74   30.58  
c rst  geom stb  vs   1633  1123K 2585      21K  2435 6.57    6.10     4530  1159   44K   265 30.86   30.71  
c rst  geom stb  vs   1634  1124K 2585      21K  2435 6.57    6.10     4530  1161   45K   265 31.01   30.86  
c rst  geom stb  vs   1635  1126K 2585      21K  2435 6.57    6.10     4539  1225   30K   265 28.40   28.20  
c [distill-long-red0] cls tried: 25/25 T: 0.00 T-out: N T-r: 99.98%
c [distill-long-red1] cls tried: 254/460 T: 0.02 T-out: Y T-r: -0.35%
c rst  geom stb  vs   1636  1128K 2585      21K  2435 6.57    6.10     4539  1230   32K   265 28.65   28.46  
c [distill] watch-based irred--  cl tried 29771    cl-sh 0     cl-rem 0    lit-rem 0      T: 0.04 T-out: Y
c [distill] watch-based red  --  cl tried 9078     cl-sh 0     cl-rem 0    lit-rem 0      T: 0.01 T-out: N
c [ccnr] tries: 0 steps: 262143 best found: 5
c [ccnr] saving best assignment phase to stable_polar
c [ccnr] bumping based on clause weights
c [ccnr] Bumped vars: 105 bump type: 6
c [ccnr] time: 0.30
c rst  geom stb  vs   1637  1130K 2585      21K  2435 6.57    6.10     4566  1165   34K   265 28.77   28.59  
c rst  geom stb  vs   1638  1132K 2585      21K  2435 6.57    6.10     4566  1175   36K   265 28.77   28.61  
c rst  geom stb  vs   1639  1134K 2585      21K  2435 6.57    6.10     4566  1180   38K   265 28.90   28.74  
c rst  geom ibes vs   1640  1137K 2585      21K  2435 6.57    6.10     4566  1206   41K   265 28.82   28.67  
c [full-probe]  bin_only: 0 set: 0 repl: 0 T: 0.01 T-out: N T-r: 98.50%
c [distill-bin] useful: 0/2435/2435 lits-rem: 0 cl-rem: 0 0-depth-assigns: 0 T: 0.01 T-out: N
c rst  geom ibes vs   1641  1140K 2585      21K  2435 6.57    6.10     4622  1186   30K   265 26.76   26.58  
c [impl-str] lit bin: 0 set-var: 0 T: 0.00 T-out: N T-r: 99.97% w-visit: 5176
c [impl-sub] bin: 0 T: 0.00 T-out: N w-visit: 5176
c rst  geom ibes vs   1642  1143K 2585      21K  2435 6.57    6.10     4622  1234   34K   265 26.51   26.34  
c [distill-long-red0] cls tried: 48/48 T: 0.00 T-out: N T-r: 99.95%
c [distill-long-red1] cls tried: 229/367 T: 0.01 T-out: Y T-r: -0.64%
c rst  geom ibes vs   1643  1147K 2585      21K  2435 6.57    6.10     4622  1246   37K   265 26.48   26.33  
c rst  geom ibes vs   1644  1151K 2585      21K  2435 6.57    6.10     4655  1138   41K   265 26.52   26.38  
c rst  geom svd  vs   1645  1155K 2585      21K  2435 6.57    6.10     4666  1278   35K   265 25.60   25.44  
c [distill] watch-based irred--  cl tried 30036    cl-sh 0     cl-rem 0    lit-rem 0      T: 0.04 T-out: Y
c [distill] watch-based red  --  cl tried 9332     cl-sh 0     cl-rem 0    lit-rem 0      T: 0.01 T-out: N
c rst  geom svd  vs   1646  1160K 2585      21K  2435 6.57    6.10     4719  1062   39K   265 25.88   25.74  
c [distill-long-red0] cls tried: 56/56 T: 0.00 T-out: N T-r: 99.93%
c [distill-long-red1] cls tried: 168/228 T: 0.01 T-out: Y T-r: -0.27%
c [full-probe]  bin_only: 1 set: 0 repl: 0 T: 0.01 T-out: N T-r: 99.88%
c [distill-bin] useful: 0/2435/2435 lits-rem: 0 cl-rem: 0 0-depth-assigns: 0 T: 0.01 T-out: N
c rst  geom svd  vs   1647  1166K 2585      21K  2435 6.57    6.10     4719  1073   45K   265 26.43   26.30  
c rst  geom svd  vs   1648  1171K 2585      21K  2435 6.57    6.10     4741  1005   35K   265 25.07   24.93  
c rst  geom best vs   1649  1178K 2585      21K  2435 6.57    6.10     4741  1023   42K   265 25.82   25.69  
c [distill-long-red0] cls tried: 7/7 T: 0.00 T-out: N T-r: 99.98%
c [distill-long-red1] cls tried: 108/108 T: 0.01 T-out: N T-r: 42.24%
c [gauss] XOR-encoding clauses are not detached, so no need to reattach them.
c [g 0] truth-find prop checks  : 1464K
c [g 0] -> of which prop        : 32.64 %
c [g 0] -> of which confl       :  1.23 %
c [g 0] elim called             : 183K
c [g 0] ---> which lead to prop : 153.40 %
c [g 0] ---> which lead to confl:  4.91 %
c [g 0] size: 56    x 116  
c [scc] new: 0 BP 0M T: 0.00
c [vrep] vars 0 lits 0 rem-bin-cls 0 rem-long-cls 0 BP 0M T: 0.00
c [intree] Set 0 vars hyper-added: 0 trans-irred: 0 trans-red: 0 T: 0.01 T-out: N T-r: -0.69%
c [find&init matx] performing matrix init
c [gauss] XOR-encoding clauses are not detached, so no need to reattach them.
c [xor-rem-unconnected] left with 235 xors from 235 non-empty xors T: 0.00
c [xor-together] xored together: 179 orig xors: 235 new xors: 56 T: 0.00
c [xor-rem-unconnected] left with 56 xors from 56 non-empty xors T: 0.00
c [xor-clean-equiv] removed equivalent xors: 0 left with: 56
c [matrix] unused xors from cleaning: 0
c [matrix] Good   matrix 0 56      x116    density:0.1447  xorlen avg: 16.79
c [matrix] Using 1 matrices recovered from 0 xors T: 0.00 T-out: N
c [ccnr] tries: 0 steps: 262143 best found: 4
c [ccnr] saving best assignment phase to stable_polar
c [ccnr] bumping based on var unsat frequency: conflict_ct
c [ccnr] Bumped vars: 2588 bump type: 6
c [ccnr] time: 0.30
c rst  geom best vs   1650  1185K 2585      21K  2435 6.57    6.10     4760   913   34K   265 26.51   26.35  
c [full-probe]  bin_only: 0 set: 0 repl: 0 T: 0.01 T-out: N T-r: 98.70%
c [distill-bin] useful: 0/2435/2435 lits-rem: 0 cl-rem: 0 0-depth-assigns: 0 T: 0.01 T-out: N
c [distill] watch-based irred--  cl tried 26215    cl-sh 0     cl-rem 0    lit-rem 0      T: 0.04 T-out: Y
c [distill] watch-based red  --  cl tried 9520     cl-sh 1     cl-rem 0    lit-rem 1      T: 0.02 T-out: N
c rst  geom best vs   1651  1193K 2585      21K  2435 6.57    6.10     4776   857   42K   265 27.08   26.95  
c rst  geom stb  vs   1652  1201K 2585      21K  2435 6.57    6.10     4810   830   33K   265 27.56   27.39  
c [distill-long-red0] cls tried: 19/19 T: 0.00 T-out: N T-r: 99.97%
c [distill-long-red1] cls tried: 84/84 T: 0.01 T-out: N T-r: 49.02%
c [impl-str] lit bin: 0 set-var: 0 T: 0.00 T-out: N T-r: 99.97% w-visit: 5176
c [impl-sub] bin: 0 T: 0.00 T-out: N w-visit: 5176
c rst  geom stb  vs   1653  1211K 2585      21K  2435 6.57    6.10     4828   676   43K   265 28.35   28.21  
c [full-probe]  bin_only: 1 set: 0 repl: 0 T: 0.01 T-out: N T-r: 99.80%
c [distill-bin] useful: 0/2435/2435 lits-rem: 0 cl-rem: 0 0-depth-assigns: 0 T: 0.01 T-out: N
c [distill] watch-based irred--  cl tried 27303    cl-sh 0     cl-rem 0    lit-rem 0      T: 0.04 T-out: Y
c [distill] watch-based red  --  cl tried 9656     cl-sh 1     cl-rem 0    lit-rem 1      T: 0.02 T-out: N
c rst  geom ibes vs   1654  1221K 2585      21K  2435 6.57    6.10     4849   576   39K   265 26.99   26.84  
c [distill-long-red0] cls tried: 10/10 T: 0.00 T-out: N T-r: 99.98%
c [distill-long-red1] cls tried: 71/71 T: 0.01 T-out: N T-r: 59.51%
c rst  geom ibes vs   1655  1232K 2585      21K  2435 6.57    6.10     4867   567   38K   265 25.36   25.22  
c [branch] adjusting to: vmtf (from: vsid) var_decay:0.95 descr: VMTF
c [full-probe]  bin_only: 0 set: 0 repl: 0 T: 0.01 T-out: N T-r: 98.23%
c [distill-bin] useful: 0/2435/2435 lits-rem: 0 cl-rem: 0 0-depth-assigns: 0 T: 0.01 T-out: N
c [ccnr] tries: 0 steps: 262143 best found: 6
c [ccnr] saving best assignment phase to stable_polar
c [ccnr] bumping based on var unsat frequency: conflict_ct
c [ccnr] Bumped vars: 2588 bump type: 6
c [ccnr] time: 0.29
c rst  luby svd  vmt  1656  1232K 2585      21K  2435 6.57    6.10     4868   583   38K   265 25.34   25.20  
c rst  luby svd  vmt  1657  1232K 2585      21K  2435 6.57    6.10     4868   584   38K   265 25.38   25.24  
c rst  luby svd  vmt  1658  1233K 2585      21K  2435 6.57    6.10     4868   585   38K   265 25.44   25.30  
c rst  luby svd  vmt  1659  1233K 2585      21K  2435 6.57    6.10     4868   586   38K   265 25.48   25.34  
c rst  luby svd  vmt  1660  1233K 2585      21K  2435 6.57    6.10     4868   586   38K   265 25.50   25.36  
c rst  luby svd  vmt  1661  1233K 2585      21K  2435 6.57    6.10     4868   587   39K   265 25.57   25.43  
c rst  luby svd  vmt  1662  1234K 2585      21K  2435 6.57    6.10     4868   588   39K   265 25.66   25.52  
c rst  luby svd  vmt  1663  1234K 2585      21K  2435 6.57    6.10     4868   588   39K   265 25.68   25.54  
c rst  luby svd  vmt  1664  1234K 2585      21K  2435 6.57    6.10     4868   588   39K   265 25.71   25.57  
c rst  luby svd  vmt  1665  1234K 2585      21K  2435 6.57    6.10     4868   590   39K   265 25.77   25.63  
c rst  luby svd  vmt  1666  1234K 2585      21K  2435 6.57    6.10     4868   590   40K   265 25.79   25.66  
c rst  luby svd  vmt  1667  1234K 2585      21K  2435 6.57    6.10     4868   591   40K   265 25.83   25.69  
c rst  luby svd  vmt  1668  1234K 2585      21K  2435 6.57    6.10     4868   592   40K   265 25.89   25.76  
c rst  luby svd  vmt  1669  1235K 2585      21K  2435 6.57    6.10     4868   598   40K   265 26.00   25.86  
c rst  luby svd  vmt  1670  1236K 2585      21K  2435 6.57    6.10     4868   599   41K   265 26.22   26.09  
c rst  luby svd  vmt  1671  1236K 2585      21K  2435 6.57    6.10     4868   600   41K   265 26.24   26.11  
c [distill] watch-based irred--  cl tried 27971    cl-sh 0     cl-rem 0    lit-rem 0      T: 0.04 T-out: Y
c [distill] watch-based red  --  cl tried 9736     cl-sh 0     cl-rem 0    lit-rem 0      T: 0.02 T-out: N
c rst  luby svd  vmt  1672  1236K 2585      21K  2435 6.57    6.10     4868   600   41K   265 26.26   26.13  
c rst  luby svd  vmt  1673  1236K 2585      21K  2435 6.57    6.10     4868   600   41K   265 26.32   26.18  
c rst  luby svd  vmt  1674  1236K 2585      21K  2435 6.57    6.10     4868   602   42K   265 26.33   26.20  
c [distill-long-red0] cls tried: 5/5 T: 0.00 T-out: N T-r: 99.99%
c [distill-long-red1] cls tried: 84/84 T: 0.01 T-out: N T-r: 51.03%
c rst  luby svd  vmt  1675  1236K 2585      21K  2435 6.57    6.10     4868   603   42K   265 26.36   26.22  
c rst  luby svd  vmt  1676  1236K 2585      21K  2435 6.57    6.10     4870   603   42K   265 26.38   26.25  
c rst  luby svd  vmt  1677  1237K 2585      21K  2435 6.57    6.10     4870   605   42K   265 26.44   26.30  
c rst  luby svd  vmt  1678  1237K 2585      21K  2435 6.57    6.10     4870   605   42K   265 26.45   26.32  
c rst  luby svd  vmt  1679  1237K 2585      21K  2435 6.57    6.10     4870   605   42K   265 26.47   26.34  
c rst  luby svd  vmt  1680  1237K 2585      21K  2435 6.57    6.10     4870   605   43K   265 26.50   26.37  
c rst  luby svd  vmt  1681  1237K 2585      21K  2435 6.57    6.10     4870   605   43K   265 26.53   26.39  
c rst  luby svd  vmt  1682  1237K 2585      21K  2435 6.57    6.10     4870   606   43K   265 26.54   26.41  
c rst  luby svd  vmt  1683  1238K 2585      21K  2435 6.57    6.10     4871   606   43K   265 26.57   26.44  
c rst  luby svd  vmt  1684  1238K 2585      21K  2435 6.57    6.10     4872   610   43K   265 26.66   26.53  
c rst  luby svd  vmt  1685  1239K 2585      21K  2435 6.57    6.10     4872   611   44K   265 26.86   26.73  
c rst  luby svd  vmt  1686  1240K 2585      21K  2435 6.57    6.10     4907   538   46K   265 27.01   26.88  
c rst  luby svd  vmt  1687  1240K 2585      21K  2435 6.57    6.10     4907   538   46K   265 27.02   26.89  
c rst  luby svd  vmt  1688  1241K 2585      21K  2435 6.57    6.10     4907   538   46K   265 27.03   26.91  
c rst  luby svd  vmt  1689  1241K 2585      21K  2435 6.57    6.10     4907   538   46K   265 27.07   26.95  
c rst  luby svd  vmt  1690  1241K 2585      21K  2435 6.57    6.10     4907   539   46K   265 27.09   26.97  
c rst  luby svd  vmt  1691  1241K 2585      21K  2435 6.57    6.10     4907   540   47K   265 27.11   26.98  
c rst  luby svd  vmt  1692  1241K 2585      21K  2435 6.57    6.10     4907   541   47K   265 27.13   27.00  
c rst  luby svd  vmt  1693  1242K 2585      21K  2435 6.57    6.10     4908   544   47K   265 27.18   27.05  
c rst  luby svd  vmt  1694  1242K 2585      21K  2435 6.57    6.10     4908   545   47K   265 27.19   27.07  
c rst  luby svd  vmt  1695  1242K 2585      21K  2435 6.57    6.10     4908   548   47K   265 27.22   27.09  
c rst  luby svd  vmt  1696  1242K 2585      21K  2435 6.57    6.10     4908   548   48K   265 27.25   27.13  
c rst  luby svd  vmt  1697  1242K 2585      21K  2435 6.57    6.10     4908   549   48K   265 27.28   27.15  
c rst  luby svd  vmt  1698  1242K 2585      21K  2435 6.57    6.10     4908   551   48K   265 27.29   27.17  
c rst  luby svd  vmt  1699  1242K 2585      21K  2435 6.57    6.10     4908   556   48K   265 27.35   27.22  
c rst  luby svd  vmt  1700  1243K 2585      21K  2435 6.57    6.10     4908   556   48K   265 27.43   27.30  
c rst  luby svd  vmt  1701  1244K 2585      21K  2435 6.57    6.10     4908   562   49K   265 27.49   27.37  
c [gauss] XOR-encoding clauses are not detached, so no need to reattach them.
c [g 0] truth-find prop checks  : 1349K
c [g 0] -> of which prop        : 33.10 %
c [g 0] -> of which confl       :  1.27 %
c [g 0] elim called             : 169K
c [g 0] ---> which lead to prop : 155.01 %
c [g 0] ---> which lead to confl:  5.22 %
c [g 0] size: 56    x 116  
c [scc] new: 0 BP 0M T: 0.00
c [vrep] vars 0 lits 0 rem-bin-cls 0 rem-long-cls 0 BP 0M T: 0.01
c [intree] Set 0 vars hyper-added: 0 trans-irred: 0 trans-red: 0 T: 0.01 T-out: N T-r: -0.50%
c [find&init matx] performing matrix init
c [gauss] XOR-encoding clauses are not detached, so no need to reattach them.
c [xor-rem-unconnected] left with 235 xors from 235 non-empty xors T: 0.00
c [xor-together] xored together: 179 orig xors: 235 new xors: 56 T: 0.00
c [xor-rem-unconnected] left with 56 xors from 56 non-empty xors T: 0.00
c [xor-clean-equiv] removed equivalent xors: 0 left with: 56
c [matrix] unused xors from cleaning: 0
c [matrix] Good   matrix 0 56      x116    density:0.1447  xorlen avg: 16.79
c [matrix] Using 1 matrices recovered from 0 xors T: 0.00 T-out: N
c rst  luby svd  vmt  1702  1244K 2585      21K  2435 6.57    6.10     4908   562   49K   265 27.51   27.38  
c rst  luby svd  vmt  1703  1244K 2585      21K  2435 6.57    6.10     4908   562   49K   265 27.52   27.40  
c rst  luby svd  vmt  1704  1244K 2585      21K  2435 6.57    6.10     4908   563   50K   265 27.53   27.41  
c rst  luby svd  vmt  1705  1244K 2585      21K  2435 6.57    6.10     4908   563   50K   265 27.54   27.42  
c rst  luby svd  vmt  1706  1244K 2585      21K  2435 6.57    6.10     4908   563   50K   265 27.56   27.44  
c rst  luby svd  vmt  1707  1244K 2585      21K  2435 6.57    6.10     4908   565   50K   265 27.61   27.48  
c rst  luby svd  vmt  1708  1245K 2585      21K  2435 6.57    6.10     4918   660   30K   265 25.79   25.62  
c rst  luby svd  vmt  1709  1245K 2585      21K  2435 6.57    6.10     4918   660   30K   265 25.83   25.66  
c rst  luby svd  vmt  1710  1245K 2585      21K  2435 6.57    6.10     4918   661   30K   265 25.86   25.68  
c rst  luby svd  vmt  1711  1245K 2585      21K  2435 6.57    6.10     4918   661   30K   265 25.91   25.74  
c rst  luby svd  vmt  1712  1245K 2585      21K  2435 6.57    6.10     4918   661   31K   265 25.94   25.76  
c rst  luby svd  vmt  1713  1245K 2585      21K  2435 6.57    6.10     4918   662   31K   265 25.98   25.81  
c rst  luby svd  vmt  1714  1246K 2585      21K  2435 6.57    6.10     4918   663   31K   265 26.05   25.88  
c rst  luby svd  vmt  1715  1246K 2585      21K  2435 6.57    6.10     4918   664   31K   265 26.19   26.02  
c rst  luby svd  vmt  1716  1247K 2585      21K  2435 6.57    6.10     4918   668   32K   265 26.36   26.19  
c rst  luby svd  vmt  1717  1248K 2585      21K  2435 6.57    6.10     4918   674   34K   265 26.83   26.66  
c rst  luby svd  vmt  1718  1252K 2585      21K  2435 6.57    6.10     4959   625   37K   265 27.70   27.54  
c [distill-long-red0] cls tried: 28/28 T: 0.00 T-out: N T-r: 99.96%
c [distill-long-red1] cls tried: 121/121 T: 0.01 T-out: N T-r: 22.95%
c rst  geom best vmt  1719  1252K 2585      21K  2435 6.57    6.10     4958   624   37K   268 27.73   27.57  
c rst  geom best vmt  1720  1252K 2585      21K  2435 6.57    6.10     4958   629   37K   268 27.73   27.57  
c rst  geom best vmt  1721  1252K 2585      21K  2435 6.57    6.10     4958   630   37K   268 27.75   27.59  
c rst  geom best vmt  1722  1252K 2585      21K  2435 6.57    6.10     4958   632   37K   268 27.75   27.59  
c rst  geom best vmt  1723  1252K 2585      21K  2435 6.57    6.10     4958   632   38K   268 27.76   27.60  
c rst  geom best vmt  1724  1252K 2585      21K  2435 6.57    6.10     4958   635   38K   268 27.76   27.60  
c [full-probe]  bin_only: 1 set: 0 repl: 0 T: 0.01 T-out: N T-r: 99.83%
c [distill-bin] useful: 0/2435/2435 lits-rem: 0 cl-rem: 0 0-depth-assigns: 0 T: 0.01 T-out: N
c rst  geom best vmt  1725  1253K 2585      21K  2435 6.57    6.10     4958   636   38K   270 27.76   27.61  
c rst  geom best vmt  1726  1253K 2585      21K  2435 6.57    6.10     4958   641   38K   270 27.81   27.65  
c rst  geom best vmt  1727  1253K 2585      21K  2435 6.57    6.10     4958   641   38K   270 27.83   27.68  
c rst  geom best vmt  1728  1253K 2585      21K  2435 6.57    6.10     4961   656   39K   270 27.83   27.67  
c rst  geom best vmt  1729  1254K 2585      21K  2435 6.57    6.10     4962   659   39K   270 27.84   27.69  
c rst  geom best vmt  1730  1254K 2585      21K  2435 6.57    6.10     4962   660   39K   270 27.85   27.70  
c rst  geom best vmt  1731  1254K 2585      21K  2435 6.57    6.10     4962   662   40K   270 27.88   27.73  
c rst  geom best vmt  1732  1255K 2585      21K  2435 6.57    6.10     4962   664   40K   270 27.96   27.81  
c rst  geom best vmt  1733  1255K 2585      21K  2435 6.57    6.10     4962   676   40K   270 27.97   27.82  
c rst  geom best vmt  1734  1256K 2585      21K  2435 6.57    6.10     4962   680   41K   270 27.99   27.84  
c rst  geom best vmt  1735  1256K 2585      21K  2435 6.57    6.10     4962   684   41K   270 28.01   27.86  
c rst  geom best vmt  1736  1257K 2585      21K  2435 6.57    6.10     4964   713   42K   270 27.97   27.82  
c rst  geom best vmt  1737  1257K 2585      21K  2435 6.57    6.10     4964   725   42K   270 28.04   27.90  
c rst  geom best vmt  1738  1258K 2585      21K  2435 6.57    6.10     4964   734   43K   270 28.08   27.93  
c rst  geom best vmt  1739  1259K 2585      21K  2435 6.57    6.10     4964   739   44K   270 28.10   27.96  
c rst  geom best vmt  1740  1259K 2585      21K  2435 6.57    6.10     4964   744   45K   270 28.16   28.02  
c rst  geom best vmt  1741  1260K 2585      21K  2435 6.57    6.10     5064   829   30K   270 29.51   29.31  
c rst  geom best vmt  1742  1261K 2585      21K  2435 6.57    6.10     5064   840   31K   270 29.76   29.56  
c [distill] watch-based irred--  cl tried 28068    cl-sh 0     cl-rem 0    lit-rem 0      T: 0.04 T-out: Y
c [distill] watch-based red  --  cl tried 10105    cl-sh 4     cl-rem 23   lit-rem 4      T: 0.02 T-out: N
c rst  geom best vmt  1743  1262K 2585      21K  2435 6.57    6.10     5041   845   32K   270 29.76   29.57  
c [impl-str] lit bin: 0 set-var: 0 T: 0.00 T-out: N T-r: 99.97% w-visit: 5176
c [impl-sub] bin: 4 T: 0.00 T-out: N w-visit: 5176
c rst  geom best vmt  1744  1263K 2585      21K  2435 6.57    6.10     5042   848   34K   266 29.77   29.58  
c rst  geom best vmt  1745  1265K 2585      21K  2435 6.57    6.10     5042   851   35K   266 29.85   29.67  
c rst  geom best vmt  1746  1266K 2585      21K  2435 6.57    6.10     5043   859   36K   266 29.94   29.77  
c rst  geom best vmt  1747  1268K 2585      21K  2435 6.57    6.10     5043   870   38K   266 29.94   29.78  
c [distill-long-red0] cls tried: 67/67 T: 0.01 T-out: N T-r: 99.88%
c [distill-long-red1] cls tried: 119/274 T: 0.02 T-out: Y T-r: -0.59%
c rst  geom best vmt  1748  1269K 2585      21K  2435 6.57    6.10     5043   880   39K   266 30.08   29.91  
c rst  geom stb  vmt  1749  1271K 2585      21K  2435 6.57    6.10     5098   822   41K   266 30.22   30.06  
c rst  geom stb  vmt  1750  1273K 2585      21K  2435 6.57    6.10     5098   829   43K   266 30.41   30.26  
c [full-probe]  bin_only: 0 set: 0 repl: 0 T: 0.01 T-out: N T-r: 98.26%
c [distill-bin] useful: 0/2435/2435 lits-rem: 0 cl-rem: 0 0-depth-assigns: 0 T: 0.01 T-out: N
c rst  geom stb  vmt  1751  1275K 2585      21K  2435 6.57    6.10     5105   961   31K   268 29.62   29.43  
c rst  geom stb  vmt  1752  1278K 2585      21K  2435 6.57    6.10     5105   967   33K   268 29.99   29.80  
c [ccnr] tries: 0 steps: 262143 best found: 2
c [ccnr] saving best assignment phase to stable_polar
c [ccnr] bumping based on clause weights
c [ccnr] Bumped vars: 102 bump type: 6
c [ccnr] time: 0.28
c rst  geom stb  vmt  1753  1281K 2585      21K  2435 6.57    6.10     5143   945   36K   268 30.91   30.73  
c rst  geom stb  vmt  1754  1284K 2585      21K  2435 6.57    6.10     5144   961   39K   268 31.47   31.30  
c [distill-long-red0] cls tried: 78/78 T: 0.01 T-out: N T-r: 99.87%
c [distill-long-red1] cls tried: 127/306 T: 0.02 T-out: Y T-r: -1.40%
c rst  geom stb  vmt  1755  1287K 2585      21K  2435 6.57    6.10     5144   966   42K   268 31.99   31.83  
c [distill] watch-based irred--  cl tried 24774    cl-sh 0     cl-rem 0    lit-rem 0      T: 0.04 T-out: Y
c [distill] watch-based red  --  cl tried 10288    cl-sh 0     cl-rem 0    lit-rem 0      T: 0.02 T-out: N
c rst  geom stb  vmt  1756  1291K 2585      21K  2435 6.57    6.10     5240  1021   26K   268 31.60   31.36  
c rst  geom ibes vmt  1757  1295K 2585      21K  2435 6.57    6.10     5246  1121   30K   268 31.47   31.26  
c [full-probe]  bin_only: 1 set: 0 repl: 0 T: 0.01 T-out: N T-r: 99.81%
c [distill-bin] useful: 0/2435/2435 lits-rem: 0 cl-rem: 0 0-depth-assigns: 0 T: 0.01 T-out: N
c rst  geom ibes vmt  1758  1299K 2585      21K  2435 6.57    6.10     5250  1154   34K   270 31.75   31.56  
c [distill-long-red0] cls tried: 75/75 T: 0.01 T-out: N T-r: 99.89%
c [distill-long-red1] cls tried: 148/448 T: 0.02 T-out: Y T-r: -1.48%
c rst  geom ibes vmt  1759  1304K 2585      21K  2435 6.57    6.10     5367  1016   39K   270 31.73   31.56  
c rst  geom ibes vmt  1760  1309K 2585      21K  2435 6.57    6.10     5402  1313   35K   270 30.92   30.73  
c [gauss] XOR-encoding clauses are not detached, so no need to reattach them.
c [g 0] truth-find prop checks  : 1413K
c [g 0] -> of which prop        : 43.85 %
c [g 0] -> of which confl       :  1.14 %
c [g 0] elim called             : 131K
c [g 0] ---> which lead to prop : 180.11 %
c [g 0] ---> which lead to confl:  5.64 %
c [g 0] size: 56    x 116  
c [scc] new: 1 BP 0M T: 0.00
c [vrep] vars 1 lits 3102 rem-bin-cls 8 rem-long-cls 2 BP 0M T: 0.01
c [scc] new: 0 BP 0M T: 0.00
c [vrep] vars 0 lits 0 rem-bin-cls 0 rem-long-cls 0 BP 0M T: 0.00
c [intree] Set 0 vars hyper-added: 1 trans-irred: 0 trans-red: 0 T: 0.01 T-out: N T-r: -0.75%
c [find&init matx] performing matrix init
c [gauss] XOR-encoding clauses are not detached, so no need to reattach them.
c [xor-rem-unconnected] left with 235 xors from 235 non-empty xors T: 0.00
c [xor-together] xored together: 179 orig xors: 235 new xors: 56 T: 0.00
c [xor-rem-unconnected] left with 56 xors from 56 non-empty xors T: 0.00
c [xor-clean-equiv] removed equivalent xors: 0 left with: 56
c [matrix] unused xors from cleaning: 0
c [matrix] Good   matrix 0 56      x115    density:0.1460  xorlen avg: 16.79
c [matrix] Using 1 matrices recovered from 0 xors T: 0.00 T-out: N
c rst  geom svd  vmt  1761  1314K 2584      21K  2435 6.57    6.10     5503  1140   40K   265 31.50   31.33  
c recursive minimization cost OK: 2396Kcost/(% lits removed)
c [gauss] XOR-encoding clauses are not detached, so no need to reattach them.
c [g 0] truth-find prop checks  : 77K
c [g 0] -> of which prop        : 48.88 %
c [g 0] -> of which confl       :  1.52 %
c [g 0] elim called             : 6377
c [g 0] ---> which lead to prop : 224.89 %
c [g 0] ---> which lead to confl:  6.08 %
c [g 0] size: 56    x 115  
c --> Executing strategy token: scc-vrepl
c [scc] new: 0 BP 0M T: 0.00
c --> Executing strategy token: sub-impl
c [impl-sub] bin: 1 T: 0.00 T-out: N w-visit: 5176
c --> Executing strategy token: breakid
c --> Executing OCC strategy token(s): 'occ-backw-sub-str,occ-clean-implicit,occ-bve,occ-bva,occ-ternary-res,occ-xor,'
c [occ] mem usage for occur 2      MB
c [occ] Linked in IRRED BIN by default: 2435
c [occ] Linked in RED   BIN by default: 264
c [occ] mem usage for occur 0      MB
c Mem for watch alloc      : 14          MB (24.95     %)
c Mem for watch array      : 0           MB (0.20      %)
c --> Executing OCC strategy token: occ-backw-sub-str
c [occ-backw-sub-str-long-w-bins] subs: 0 str: 9 tried: 75737 0-depth ass: 0 T: 0.00 T-out: N T-r: 99.51%
c [occ-backw-sub-long-w-long] rem cl: 196 tried: 68458/68458 (100.0%) T: 0.02 T-out: N T-r: 96.05%
c [occ-backw-sub-str-long-w-long] sub: 8 str: 158 tried: 205374/68458 (300.0)  T: 0.09 T-out: N T-r: 89.37%
c --> Executing OCC strategy token: occ-clean-implicit
c --> Executing OCC strategy token: occ-bve
c [occ-empty-res] Empty resolvent elimed: 0 T: 0.00 T-out: N
c [occ-bve] turning off picosat-based irreg gate detection, added lits:  372K
c [occ-bve] iter v-elim 0
c cl_inc_rate=1.0, var_dec_rate=1.0 (grow=0)
c Reduced to 2584 vars, 23695 cls (grow=0)
c [occ-bve] iter v-elim 0
c cl_inc_rate=1.0, var_dec_rate=1.0 (grow=8)
c Reduced to 2584 vars, 23695 cls (grow=8)
c [occ-bve] iter v-elim 0
c cl_inc_rate=1.0, var_dec_rate=1.0 (grow=16)
c Reduced to 2584 vars, 23695 cls (grow=16)
c x n vars       : 2584
c #try to eliminate:  7752
c #var-elim        :     0
c #T-o: N
c #T-r: 99.99%
c #T  : 1.28
c [occur] 0.04 is overhead
c [occur] link-in T: 0.04 cleanup T: 0.00
c --> Executing OCC strategy token: occ-bva
c --> Executing OCC strategy token: occ-ternary-res
c [occ-ternary-res] Ternary res-tri: 0 res-bin: 0 sub: 0 str: 0 T: 0.00 T-out: N T-r: 99.87%
c --> Executing OCC strategy token: occ-xor
c [occ-xor] sort occur list T: 0.01
c [xor-clean-equiv] removed equivalent xors: 0 left with: 218
c [occ-xor] found    218 avg sz 5.5 min sz  4 max sz  6 T: 0.01 T-out: N T-r: 99.97%
c --> Executing strategy token: card-find
c --> Executing strategy token: cl-consolidate
c Not consolidating memory.
c --> Executing strategy token: scc-vrepl
c [scc] new: 0 BP 0M T: 0.00
c --> Executing strategy token: renumber
c --> Executing strategy token: bosphorus
c --> Executing strategy token: louvain-comms
c [consolidate] mini T: 0.00
c global_timeout_multiplier: 5.8462
c [branch] rebuilding order heap for all branchings. Current branching: vmtf
c [find&init matx] performing matrix init
c [gauss] XOR-encoding clauses are not detached, so no need to reattach them.
c [xor-rem-unconnected] left with 218 xors from 218 non-empty xors T: 0.00
c [xor-together] xored together: 154 orig xors: 218 new xors: 64 T: 0.00
c [xor-rem-unconnected] left with 64 xors from 64 non-empty xors T: 0.00
c [xor-clean-equiv] removed equivalent xors: 0 left with: 64
c [matrix] unused xors from cleaning: 0
c [matrix] Good   matrix  0     64 x  134  density:0.1037  xorlen avg: 13.89
c [matrix] Using 1 matrices recovered from 0 xors T: 0.00 T-out: N
c [distill] watch-based irred--  cl tried    26482 cl-sh     0 cl-rem    0 lit-rem      0 T: 0.05 T-out: Y
c [distill] watch-based   red--  cl tried    10688 cl-sh     0 cl-rem    0 lit-rem      0 T: 0.02 T-out: N
c rst  geom  svd  vmt  1762 1315K    2584   21K  2435    6.57    6.10  5344  1236   41K   264   31.64   31.48
c [distill-long-red0] cls tried: 178/178 T: 0.02 T-out: N T-r: 99.64%
c [distill-long-red1] cls tried: 71/558 T: 0.02 T-out: Y T-r: -2.29%
c [full-probe]  bin_only: 0 set: 0 repl: 0 T: 0.01 T-out: N T-r: 97.70%
c [distill-bin] useful: 0/2435/2435 lits-rem: 0 cl-rem: 0 0-depth-assigns: 0 T: 0.01 T-out: N
c rst  geom  svd  vmt  1763 1321K    2584   21K  2435    6.57    6.10  5377  1245   33K   264   28.47   28.30
c rst  geom  svd  vmt  1764 1328K    2584   21K  2435    6.57    6.10  5377  1264   40K   264   29.98   29.82
c [impl-str] lit bin: 0 set-var: 0 T: 0.00 T-out: N T-r: 99.97% w-visit: 5176
c [impl-sub] bin: 0 T: 0.00 T-out: N w-visit: 5176
c [ccnr] tries: 0 steps: 262143 best found: 4
c [ccnr] saving best assignment phase to stable_polar
c [ccnr] bumping based on var unsat frequency: conflict_ct
c [ccnr] Bumped vars: 2588 bump type: 6
c [ccnr] time: 0.30
c rst  geom best  vmt  1765 1336K    2584   21K  2435    6.57    6.10  5418  1391   34K   264   30.17   29.99
c [distill-long-red0] cls tried: 59/59 T: 0.00 T-out: N T-r: 99.93%
c [distill-long-red1] cls tried: 141/808 T: 0.02 T-out: Y T-r: -1.06%
c [full-probe]  bin_only: 1 set: 0 repl: 0 T: 0.01 T-out: N T-r: 99.87%
c [distill-bin] useful: 0/2435/2435 lits-rem: 0 cl-rem: 0 0-depth-assigns: 0 T: 0.01 T-out: N
c rst  geom best  vmt  1766 1345K    2584   21K  2435    6.57    6.10  5521  1251   43K   264   30.92   30.77
c [distill] watch-based irred--  cl tried    25029 cl-sh     0 cl-rem    0 lit-rem      0 T: 0.05 T-out: Y
c [distill] watch-based   red--  cl tried    11042 cl-sh     1 cl-rem    0 lit-rem      1 T: 0.02 T-out: N
c rst  geom best  vmt  1767 1354K    2584   21K  2435    6.57    6.10  5629  1390   39K   264   30.75   30.59
c [branch] adjusting to: vsid (from: vmtf) var_decay:0.95 descr: VSIDS
c [distill-long-red0] cls tried: 182/182 T: 0.01 T-out: N T-r: 99.77%
c [distill-long-red1] cls tried: 144/816 T: 0.02 T-out: Y T-r: -1.18%
c rst  geom  stb   vs  1768 1354K    2584   21K  2435    6.57    6.10  5629  1390   39K   264   30.76   30.60
c rst  geom  stb   vs  1769 1354K    2584   21K  2435    6.57    6.10  5629  1390   39K   264   30.79   30.63
c rst  geom  stb   vs  1770 1355K    2584   21K  2435    6.57    6.10  5629  1390   39K   264   30.81   30.65
c rst  geom  stb   vs  1771 1355K    2584   21K  2435    6.57    6.10  5629  1390   40K   264   30.83   30.67
c rst  geom  stb   vs  1772 1355K    2584   21K  2435    6.57    6.10  5629  1390   40K   264   30.86   30.70
c rst  geom  stb   vs  1773 1355K    2584   21K  2435    6.57    6.10  5630  1390   40K   264   30.89   30.73
c rst  geom  stb   vs  1774 1355K    2584   21K  2435    6.57    6.10  5630  1390   40K   264   30.91   30.75
c rst  geom  stb   vs  1775 1355K    2584   21K  2435    6.57    6.10  5630  1390   40K   264   30.94   30.78
c rst  geom  stb   vs  1776 1356K    2584   21K  2435    6.57    6.10  5630  1390   41K   264   30.97   30.82
c rst  geom  stb   vs  1777 1356K    2584   21K  2435    6.57    6.10  5630  1390   41K   264   31.01   30.85
c rst  geom  stb   vs  1778 1356K    2584   21K  2435    6.57    6.10  5630  1390   41K   264   31.04   30.89
c rst  geom  stb   vs  1779 1357K    2584   21K  2435    6.57    6.10  5630  1390   41K   264   31.07   30.92
c [full-probe]  bin_only: 0 set: 0 repl: 0 T: 0.01 T-out: N T-r: 98.68%
c [distill-bin] useful: 0/2435/2435 lits-rem: 0 cl-rem: 0 0-depth-assigns: 0 T: 0.01 T-out: N
c rst  geom  stb   vs  1780 1357K    2584   21K  2435    6.57    6.10  5630  1390   42K   264   31.10   30.95
c rst  geom  stb   vs  1781 1357K    2584   21K  2435    6.57    6.10  5630  1390   42K   264   31.16   31.00
c rst  geom  stb   vs  1782 1358K    2584   21K  2435    6.57    6.10  5630  1390   43K   264   31.21   31.05
c rst  geom  stb   vs  1783 1358K    2584   21K  2435    6.57    6.10  5630  1390   43K   264   31.25   31.10
c rst  geom  stb   vs  1784 1359K    2584   21K  2435    6.57    6.10  5630  1391   43K   264   31.30   31.15
c rst  geom  stb   vs  1785 1359K    2584   21K  2435    6.57    6.10  5630  1391   44K   264   31.33   31.18
c rst  geom  stb   vs  1786 1360K    2584   21K  2435    6.57    6.10  5699  1258   45K   264   31.38   31.23
c rst  geom  stb   vs  1787 1360K    2584   21K  2435    6.57    6.10  5699  1258   45K   264   31.42   31.27
c rst  geom  stb   vs  1788 1361K    2584   21K  2435    6.57    6.10  5699  1259   46K   264   31.44   31.29
c rst  geom  stb   vs  1789 1362K    2584   21K  2435    6.57    6.10  5699  1260   47K   264   31.48   31.34
c rst  geom  stb   vs  1790 1363K    2584   21K  2435    6.57    6.10  5699  1260   48K   264   31.52   31.38
c rst  geom  stb   vs  1791 1364K    2584   21K  2435    6.57    6.10  5699  1261   49K   264   31.54   31.40
c rst  geom  stb   vs  1792 1365K    2584   21K  2435    6.57    6.10  5715  1379   29K   264   29.04   28.85
c rst  geom  stb   vs  1793 1366K    2584   21K  2435    6.57    6.10  5715  1381   31K   264   29.24   29.06
c rst  geom  stb   vs  1794 1367K    2584   21K  2435    6.57    6.10  5715  1383   32K   264   29.44   29.26
c rst  geom  stb   vs  1795 1369K    2584   21K  2435    6.57    6.10  5715  1383   33K   264   29.66   29.48
c rst  geom  stb   vs  1796 1370K    2584   21K  2435    6.57    6.10  5731  1139   35K   264   29.89   29.72
c [distill-long-red0] cls tried: 85/85 T: 0.01 T-out: N T-r: 99.89%
c [distill-long-red1] cls tried: 138/644 T: 0.02 T-out: Y T-r: -1.66%
c [distill] watch-based irred--  cl tried    29730 cl-sh     0 cl-rem    0 lit-rem      0 T: 0.05 T-out: Y
c [distill] watch-based   red--  cl tried    11462 cl-sh     1 cl-rem    0 lit-rem      1 T: 0.01 T-out: N
c rst  geom  stb   vs  1797 1372K    2584   21K  2435    6.57    6.10  5731  1139   37K   264   30.09   29.92
c rst  geom  stb   vs  1798 1374K    2584   21K  2435    6.57    6.10  5731  1142   39K   264   30.19   30.03
c [ccnr] tries: 0 steps: 262143 best found: 4
c [ccnr] saving best assignment phase to stable_polar
c [ccnr] bumping based on var unsat frequency: conflict_ct
c [ccnr] Bumped vars: 2588 bump type: 6
c [ccnr] time: 0.30
c rst  geom ibes   vs  1799 1376K    2584   21K  2435    6.57    6.10  5731  1142   41K   264   30.16   30.01
c [gauss] XOR-encoding clauses are not detached, so no need to reattach them.
c [g 0] truth-find prop checks  : 1325K
c [g 0] -> of which prop        : 35.31 %
c [g 0] -> of which confl       :  1.22 %
c [g 0] elim called             : 151K
c [g 0] ---> which lead to prop : 155.85 %
c [g 0] ---> which lead to confl:  4.52 %
c [g 0] size: 64    x 134  
c [scc] new: 0 BP 0M T: 0.00
c [vrep] vars 0 lits 0 rem-bin-cls 0 rem-long-cls 0 BP 0M T: 0.01
c [intree] Set 0 vars hyper-added: 0 trans-irred: 0 trans-red: 0 T: 0.01 T-out: N T-r: -0.75%
c [find&init matx] performing matrix init
c [gauss] XOR-encoding clauses are not detached, so no need to reattach them.
c [xor-rem-unconnected] left with 218 xors from 218 non-empty xors T: 0.00
c [xor-together] xored together: 154 orig xors: 218 new xors: 64 T: 0.00
c [xor-rem-unconnected] left with 64 xors from 64 non-empty xors T: 0.00
c [xor-clean-equiv] removed equivalent xors: 0 left with: 64
c [matrix] unused xors from cleaning: 0
c [matrix] Good   matrix 0 64      x134    density:0.1037  xorlen avg: 13.89
c [matrix] Using 1 matrices recovered from 0 xors T: 0.00 T-out: N
c rst  geom ibes vs   1800  1378K 2584      21K  2435 6.57    6.10     5731  1143   43K   264 30.24   30.09  
c [full-probe]  bin_only: 1 set: 0 repl: 0 T: 0.01 T-out: N T-r: 99.81%
c [distill-bin] useful: 0/2435/2435 lits-rem: 0 cl-rem: 0 0-depth-assigns: 0 T: 0.01 T-out: N
c rst  geom ibes vs   1801  1380K 2584      21K  2435 6.57    6.10     5779   994   29K   264 28.08   27.89  
c rst  geom ibes vs   1802  1383K 2584      21K  2435 6.57    6.10     5779  1000   32K   264 27.94   27.76  
c rst  geom ibes vs   1803  1386K 2584      21K  2435 6.57    6.10     5784  1009   35K   264 27.76   27.60  
c [distill-long-red0] cls tried: 50/50 T: 0.00 T-out: N T-r: 99.95%
c [distill-long-red1] cls tried: 216/497 T: 0.02 T-out: Y T-r: -0.22%
c rst  geom ibes vs   1804  1390K 2584      21K  2435 6.57    6.10     5787  1037   38K   264 27.82   27.68  
c [impl-str] lit bin: 0 set-var: 0 T: 0.00 T-out: N T-r: 99.97% w-visit: 5176
c [impl-sub] bin: 0 T: 0.00 T-out: N w-visit: 5176
c rst  geom ibes vs   1805  1393K 2584      21K  2435 6.57    6.10     5832   940   42K   264 27.67   27.54  
c rst  geom svd  vs   1806  1397K 2584      21K  2435 6.57    6.10     5848   998   36K   264 26.43   26.28  
c [distill] watch-based irred--  cl tried 30889    cl-sh 0     cl-rem 0    lit-rem 0      T: 0.05 T-out: Y
c [distill] watch-based red  --  cl tried 11696    cl-sh 0     cl-rem 0    lit-rem 0      T: 0.02 T-out: N
c rst  geom svd  vs   1807  1402K 2584      21K  2435 6.57    6.10     5880   918   40K   264 27.02   26.88  
c [distill-long-red0] cls tried: 84/84 T: 0.00 T-out: N T-r: 99.93%
c [distill-long-red1] cls tried: 271/285 T: 0.02 T-out: Y T-r: -0.53%
c [full-probe]  bin_only: 0 set: 0 repl: 0 T: 0.01 T-out: N T-r: 98.65%
c [distill-bin] useful: 0/2435/2435 lits-rem: 0 cl-rem: 0 0-depth-assigns: 0 T: 0.01 T-out: N
c rst  geom svd  vs   1808  1406K 2584      21K  2435 6.57    6.10     5880   929   45K   264 27.30   27.18  
c rst  geom svd  vs   1809  1412K 2584      21K  2435 6.57    6.10     5913   835   35K   264 25.03   24.89  
c rst  geom svd  vs   1810  1417K 2584      21K  2435 6.57    6.10     5913   839   41K   264 25.64   25.51  
c [distill-long-red0] cls tried: 4/4 T: 0.00 T-out: N T-r: 100.00%
c [distill-long-red1] cls tried: 77/77 T: 0.01 T-out: N T-r: 67.92%
c rst  geom best vs   1811  1424K 2584      21K  2435 6.57    6.10     5922   662   47K   264 26.05   25.93  
c [full-probe]  bin_only: 1 set: 0 repl: 0 T: 0.02 T-out: N T-r: 99.69%
c [distill-bin] useful: 0/2435/2435 lits-rem: 0 cl-rem: 0 0-depth-assigns: 0 T: 0.02 T-out: N
c [distill] watch-based irred--  cl tried 30001    cl-sh 0     cl-rem 0    lit-rem 0      T: 0.04 T-out: Y
c [distill] watch-based red  --  cl tried 11844    cl-sh 1     cl-rem 0    lit-rem 1      T: 0.02 T-out: N
c [ccnr] tries: 0 steps: 262143 best found: 4
c [ccnr] saving best assignment phase to stable_polar
c [ccnr] bumping based on clause weights
c [ccnr] Bumped vars: 101 bump type: 6
c [ccnr] time: 0.30
c rst  geom best vs   1812  1431K 2584      21K  2435 6.57    6.10     5937   509   41K   264 26.34   26.20  
c rst  geom best vs   1813  1439K 2584      21K  2435 6.57    6.10     5937   513   48K   264 26.24   26.13  
c [distill-long-red0] cls tried: 7/7 T: 0.00 T-out: N T-r: 99.99%
c [distill-long-red1] cls tried: 49/49 T: 0.00 T-out: N T-r: 78.86%
c rst  geom stb  vs   1814  1447K 2584      21K  2435 6.57    6.10     5969   497   43K   264 27.36   27.23  
c [full-probe]  bin_only: 0 set: 0 repl: 0 T: 0.01 T-out: N T-r: 98.46%
c [distill-bin] useful: 0/2435/2435 lits-rem: 0 cl-rem: 0 0-depth-assigns: 0 T: 0.01 T-out: N
c [gauss] XOR-encoding clauses are not detached, so no need to reattach them.
c [g 0] truth-find prop checks  : 1740K
c [g 0] -> of which prop        : 35.21 %
c [g 0] -> of which confl       :  1.10 %
c [g 0] elim called             : 155K
c [g 0] ---> which lead to prop : 167.77 %
c [g 0] ---> which lead to confl:  4.10 %
c [g 0] size: 64    x 134  
c [scc] new: 0 BP 0M T: 0.00
c [vrep] vars 0 lits 0 rem-bin-cls 0 rem-long-cls 0 BP 0M T: 0.01
c [intree] Set 0 vars hyper-added: 0 trans-irred: 0 trans-red: 0 T: 0.01 T-out: N T-r: -0.79%
c [find&init matx] performing matrix init
c [gauss] XOR-encoding clauses are not detached, so no need to reattach them.
c [xor-rem-unconnected] left with 218 xors from 218 non-empty xors T: 0.00
c [xor-together] xored together: 154 orig xors: 218 new xors: 64 T: 0.00
c [xor-rem-unconnected] left with 64 xors from 64 non-empty xors T: 0.00
c [xor-clean-equiv] removed equivalent xors: 0 left with: 64
c [matrix] unused xors from cleaning: 0
c [matrix] Good   matrix 0 64      x134    density:0.1037  xorlen avg: 13.89
c [matrix] Using 1 matrices recovered from 0 xors T: 0.00 T-out: N
c rst  geom stb  vs   1815  1457K 2584      21K  2435 6.57    6.10     6002   539   28K   264 28.13   27.94  
c [distill-long-red0] cls tried: 11/11 T: 0.00 T-out: N T-r: 99.98%
c [distill-long-red1] cls tried: 146/146 T: 0.01 T-out: N T-r: 40.39%
c [distill] watch-based irred--  cl tried 31368    cl-sh 0     cl-rem 0    lit-rem 0      T: 0.04 T-out: N
c [distill] watch-based red  --  cl tried 12004    cl-sh 2     cl-rem 0    lit-rem 3      T: 0.01 T-out: N
c [impl-str] lit bin: 0 set-var: 0 T: 0.00 T-out: N T-r: 99.97% w-visit: 5176
c [impl-sub] bin: 0 T: 0.00 T-out: N w-visit: 5176
c rst  geom stb  vs   1816  1467K 2584      21K  2435 6.57    6.10     6015   507   38K   264 29.55   29.39  
c rst  geom ibes vs   1817  1478K 2584      21K  2435 6.57    6.10     6034   542   34K   264 29.27   29.10  
c [distill-long-red0] cls tried: 7/7 T: 0.00 T-out: N T-r: 99.99%
c [distill-long-red1] cls tried: 72/72 T: 0.01 T-out: N T-r: 65.65%
c [full-probe]  bin_only: 1 set: 0 repl: 0 T: 0.01 T-out: N T-r: 99.81%
c [distill-bin] useful: 0/2435/2435 lits-rem: 0 cl-rem: 0 0-depth-assigns: 0 T: 0.01 T-out: N
c [ccnr] tries: 0 steps: 262143 best found: 4
c [ccnr] saving best assignment phase to stable_polar
c [ccnr] bumping based on var unsat frequency: conflict_ct
c [ccnr] Bumped vars: 2588 bump type: 6
c [ccnr] time: 0.30
c rst  geom ibes vs   1818  1491K 2584      21K  2435 6.57    6.10     6099   480   38K   264 27.54   27.39  
c [branch] adjusting to: vmtf (from: vsid) var_decay:0.95 descr: VMTF
c [distill] watch-based irred--  cl tried 28120    cl-sh 0     cl-rem 0    lit-rem 0      T: 0.05 T-out: Y
c [distill] watch-based red  --  cl tried 12198    cl-sh 0     cl-rem 0    lit-rem 0      T: 0.02 T-out: N
c rst  luby svd  vmt  1819  1491K 2584      21K  2435 6.57    6.10     6099   495   38K   264 27.53   27.38  
c rst  luby svd  vmt  1820  1491K 2584      21K  2435 6.57    6.10     6100   502   38K   264 27.54   27.39  
c rst  luby svd  vmt  1821  1491K 2584      21K  2435 6.57    6.10     6100   502   38K   264 27.57   27.43  
c rst  luby svd  vmt  1822  1491K 2584      21K  2435 6.57    6.10     6100   503   38K   264 27.59   27.44  
c rst  luby svd  vmt  1823  1491K 2584      21K  2435 6.57    6.10     6100   503   38K   264 27.62   27.47  
c rst  luby svd  vmt  1824  1492K 2584      21K  2435 6.57    6.10     6100   505   39K   264 27.66   27.51  
c rst  luby svd  vmt  1825  1492K 2584      21K  2435 6.57    6.10     6100   513   39K   264 27.78   27.63  
c rst  luby svd  vmt  1826  1492K 2584      21K  2435 6.57    6.10     6100   514   39K   264 27.81   27.67  
c rst  luby svd  vmt  1827  1492K 2584      21K  2435 6.57    6.10     6100   514   39K   264 27.84   27.69  
c rst  luby svd  vmt  1828  1493K 2584      21K  2435 6.57    6.10     6100   514   39K   264 27.89   27.75  
c rst  luby svd  vmt  1829  1493K 2584      21K  2435 6.57    6.10     6100   515   39K   264 27.92   27.77  
c rst  luby svd  vmt  1830  1493K 2584      21K  2435 6.57    6.10     6100   515   40K   264 27.95   27.81  
c rst  luby svd  vmt  1831  1493K 2584      21K  2435 6.57    6.10     6100   516   40K   264 28.00   27.86  
c rst  luby svd  vmt  1832  1493K 2584      21K  2435 6.57    6.10     6100   521   40K   264 28.10   27.95  
c rst  luby svd  vmt  1833  1494K 2584      21K  2435 6.57    6.10     6100   528   41K   264 28.28   28.13  
c [distill-long-red0] cls tried: 17/17 T: 0.00 T-out: N T-r: 99.96%
c [distill-long-red1] cls tried: 96/96 T: 0.01 T-out: N T-r: 50.38%
c rst  luby svd  vmt  1834  1494K 2584      21K  2435 6.57    6.10     6100   528   41K   264 28.30   28.15  
c rst  luby svd  vmt  1835  1494K 2584      21K  2435 6.57    6.10     6100   530   41K   264 28.32   28.17  
c rst  luby svd  vmt  1836  1495K 2584      21K  2435 6.57    6.10     6100   531   41K   264 28.36   28.21  
c rst  luby svd  vmt  1837  1495K 2584      21K  2435 6.57    6.10     6100   532   41K   264 28.37   28.23  
c rst  luby svd  vmt  1838  1495K 2584      21K  2435 6.57    6.10     6100   532   42K   264 28.38   28.24  
c rst  luby svd  vmt  1839  1495K 2584      21K  2435 6.57    6.10     6100   532   42K   264 28.41   28.26  
c rst  luby svd  vmt  1840  1495K 2584      21K  2435 6.57    6.10     6101   538   42K   264 28.42   28.28  
c rst  luby svd  vmt  1841  1495K 2584      21K  2435 6.57    6.10     6102   540   42K   264 28.45   28.31  
c rst  luby svd  vmt  1842  1496K 2584      21K  2435 6.57    6.10     6102   541   42K   264 28.46   28.32  
c rst  luby svd  vmt  1843  1496K 2584      21K  2435 6.57    6.10     6102   541   43K   264 28.48   28.34  
c rst  luby svd  vmt  1844  1496K 2584      21K  2435 6.57    6.10     6102   541   43K   264 28.50   28.36  
c rst  luby svd  vmt  1845  1496K 2584      21K  2435 6.57    6.10     6102   541   43K   264 28.51   28.37  
c rst  luby svd  vmt  1846  1496K 2584      21K  2435 6.57    6.10     6102   541   43K   264 28.54   28.41  
c rst  luby svd  vmt  1847  1497K 2584      21K  2435 6.57    6.10     6102   541   43K   264 28.65   28.51  
c rst  luby svd  vmt  1848  1497K 2584      21K  2435 6.57    6.10     6102   541   44K   264 28.83   28.69  
c rst  luby svd  vmt  1849  1499K 2584      21K  2435 6.57    6.10     6102   549   46K   264 28.99   28.86  
c [full-probe]  bin_only: 0 set: 0 repl: 0 T: 0.01 T-out: N T-r: 98.04%
c [distill-bin] useful: 0/2435/2435 lits-rem: 0 cl-rem: 0 0-depth-assigns: 0 T: 0.01 T-out: N
c rst  luby svd  vmt  1850  1499K 2584      21K  2435 6.57    6.10     6102   549   46K   264 29.00   28.87  
c rst  luby svd  vmt  1851  1499K 2584      21K  2435 6.57    6.10     6102   549   46K   264 29.03   28.89  
c rst  luby svd  vmt  1852  1499K 2584      21K  2435 6.57    6.10     6102   549   46K   264 29.07   28.94  
c rst  luby svd  vmt  1853  1499K 2584      21K  2435 6.57    6.10     6102   549   46K   264 29.09   28.96  
c rst  luby svd  vmt  1854  1500K 2584      21K  2435 6.57    6.10     6102   549   46K   264 29.11   28.97  
c rst  luby svd  vmt  1855  1500K 2584      21K  2435 6.57    6.10     6161   573   30K   264 26.89   26.72  
c rst  luby svd  vmt  1856  1500K 2584      21K  2435 6.57    6.10     6161   573   30K   264 26.97   26.80  
c rst  luby svd  vmt  1857  1500K 2584      21K  2435 6.57    6.10     6161   573   30K   264 27.01   26.83  
c rst  luby svd  vmt  1858  1500K 2584      21K  2435 6.57    6.10     6161   573   31K   264 27.03   26.85  
c rst  luby svd  vmt  1859  1501K 2584      21K  2435 6.57    6.10     6161   575   31K   264 27.08   26.90  
c rst  luby svd  vmt  1860  1501K 2584      21K  2435 6.57    6.10     6161   576   31K   264 27.10   26.92  
c rst  luby svd  vmt  1861  1501K 2584      21K  2435 6.57    6.10     6161   576   31K   264 27.12   26.94  
c rst  luby svd  vmt  1862  1501K 2584      21K  2435 6.57    6.10     6161   578   31K   264 27.17   27.00  
c rst  luby svd  vmt  1863  1501K 2584      21K  2435 6.57    6.10     6161   578   32K   264 27.28   27.11  
c rst  luby svd  vmt  1864  1502K 2584      21K  2435 6.57    6.10     6161   583   32K   264 27.42   27.26  
c rst  luby svd  vmt  1865  1502K 2584      21K  2435 6.57    6.10     6162   584   32K   264 27.43   27.27  
c rst  luby svd  vmt  1866  1502K 2584      21K  2435 6.57    6.10     6162   584   33K   264 27.46   27.29  
c rst  luby svd  vmt  1867  1503K 2584      21K  2435 6.57    6.10     6162   585   33K   264 27.51   27.34  
c rst  luby svd  vmt  1868  1503K 2584      21K  2435 6.57    6.10     6162   587   33K   264 27.53   27.36  
c rst  luby svd  vmt  1869  1503K 2584      21K  2435 6.57    6.10     6162   587   33K   264 27.56   27.39  
c rst  luby svd  vmt  1870  1503K 2584      21K  2435 6.57    6.10     6162   588   33K   264 27.61   27.44  
c rst  luby svd  vmt  1871  1503K 2584      21K  2435 6.57    6.10     6162   595   34K   264 27.68   27.52  
c rst  luby svd  vmt  1872  1504K 2584      21K  2435 6.57    6.10     6162   596   34K   264 27.70   27.53  
c rst  luby svd  vmt  1873  1504K 2584      21K  2435 6.57    6.10     6162   598   34K   264 27.71   27.54  
c rst  luby svd  vmt  1874  1504K 2584      21K  2435 6.57    6.10     6162   599   34K   264 27.74   27.57  
c rst  luby svd  vmt  1875  1504K 2584      21K  2435 6.57    6.10     6162   599   34K   264 27.76   27.60  
c rst  luby svd  vmt  1876  1504K 2584      21K  2435 6.57    6.10     6162   599   34K   264 27.80   27.64  
c rst  luby svd  vmt  1877  1504K 2584      21K  2435 6.57    6.10     6162   601   34K   264 27.86   27.70  
c rst  luby svd  vmt  1878  1505K 2584      21K  2435 6.57    6.10     6162   604   35K   264 27.98   27.82  
c rst  luby svd  vmt  1879  1505K 2584      21K  2435 6.57    6.10     6164   609   36K   264 28.21   28.05  
c rst  luby svd  vmt  1880  1507K 2584      21K  2435 6.57    6.10     6165   624   37K   264 28.46   28.30  
c rst  luby svd  vmt  1881  1510K 2584      21K  2435 6.57    6.10     6210   563   40K   264 29.02   28.87  
c [distill-long-red0] cls tried: 53/53 T: 0.00 T-out: N T-r: 99.94%
c [distill-long-red1] cls tried: 124/124 T: 0.01 T-out: N T-r: 20.59%
c rst  luby svd  vmt  1882  1510K 2584      21K  2435 6.57    6.10     6210   563   40K   264 29.02   28.88  
c rst  luby svd  vmt  1883  1510K 2584      21K  2435 6.57    6.10     6210   565   41K   264 29.03   28.88  
c rst  luby svd  vmt  1884  1511K 2584      21K  2435 6.57    6.10     6210   569   41K   264 29.07   28.92  
c rst  luby svd  vmt  1885  1511K 2584      21K  2435 6.57    6.10     6210   574   41K   264 29.08   28.94  
c rst  luby svd  vmt  1886  1511K 2584      21K  2435 6.57    6.10     6210   575   41K   264 29.11   28.96  
c rst  luby svd  vmt  1887  1511K 2584      21K  2435 6.57    6.10     6210   577   41K   264 29.13   28.98  
c rst  geom best vmt  1888  1511K 2584      21K  2435 6.57    6.10     6210   581   41K   264 29.13   28.99  
c rst  geom best vmt  1889  1511K 2584      21K  2435 6.57    6.10     6210   581   41K   264 29.13   28.99  
c rst  geom best vmt  1890  1511K 2584      21K  2435 6.57    6.10     6210   582   42K   264 29.15   29.00  
c rst  geom best vmt  1891  1512K 2584      21K  2435 6.57    6.10     6210   583   42K   264 29.16   29.01  
c rst  geom best vmt  1892  1512K 2584      21K  2435 6.57    6.10     6210   583   42K   264 29.17   29.02  
c rst  geom best vmt  1893  1512K 2584      21K  2435 6.57    6.10     6210   584   42K   264 29.17   29.03  
c rst  geom best vmt  1894  1512K 2584      21K  2435 6.57    6.10     6210   585   42K   264 29.21   29.07  
c rst  geom best vmt  1895  1512K 2584      21K  2435 6.57    6.10     6210   585   42K   264 29.22   29.08  
c [gauss] XOR-encoding clauses are not detached, so no need to reattach them.
c [g 0] truth-find prop checks  : 1353K
c [g 0] -> of which prop        : 39.07 %
c [g 0] -> of which confl       :  1.22 %
c [g 0] elim called             : 135K
c [g 0] ---> which lead to prop : 178.94 %
c [g 0] ---> which lead to confl:  5.29 %
c [g 0] size: 64    x 134  
c [scc] new: 0 BP 0M T: 0.00
c [vrep] vars 0 lits 0 rem-bin-cls 0 rem-long-cls 0 BP 0M T: 0.01
c [intree] Set 0 vars hyper-added: 0 trans-irred: 0 trans-red: 0 T: 0.01 T-out: N T-r: -0.43%
c [find&init matx] performing matrix init
c [gauss] XOR-encoding clauses are not detached, so no need to reattach them.
c [xor-rem-unconnected] left with 218 xors from 218 non-empty xors T: 0.00
c [xor-together] xored together: 154 orig xors: 218 new xors: 64 T: 0.00
c [xor-rem-unconnected] left with 64 xors from 64 non-empty xors T: 0.00
c [xor-clean-equiv] removed equivalent xors: 0 left with: 64
c [matrix] unused xors from cleaning: 0
c [matrix] Good   matrix 0 64      x134    density:0.1037  xorlen avg: 13.89
c [matrix] Using 1 matrices recovered from 0 xors T: 0.00 T-out: N
c rst  geom best vmt  1896  1513K 2584      21K  2435 6.57    6.10     6210   586   43K   264 29.23   29.09  
c rst  geom best vmt  1897  1513K 2584      21K  2435 6.57    6.10     6210   586   43K   264 29.22   29.08  
c rst  geom best vmt  1898  1513K 2584      21K  2435 6.57    6.10     6211   605   43K   264 29.23   29.09  
c rst  geom best vmt  1899  1513K 2584      21K  2435 6.57    6.10     6211   605   43K   264 29.23   29.09  
c rst  geom best vmt  1900  1514K 2584      21K  2435 6.57    6.10     6211   608   44K   264 29.24   29.10  
c rst  geom best vmt  1901  1514K 2584      21K  2435 6.57    6.10     6211   612   44K   264 29.22   29.08  
c rst  geom best vmt  1902  1515K 2584      21K  2435 6.57    6.10     6211   618   45K   264 29.21   29.07  
c rst  geom best vmt  1903  1515K 2584      21K  2435 6.57    6.10     6222   768   29K   264 29.19   29.00  
c rst  geom best vmt  1904  1515K 2584      21K  2435 6.57    6.10     6222   769   29K   264 29.25   29.06  
c rst  geom best vmt  1905  1516K 2584      21K  2435 6.57    6.10     6222   777   30K   264 29.37   29.17  
c [distill] watch-based irred--  cl tried 28303    cl-sh 0     cl-rem 0    lit-rem 0      T: 0.05 T-out: Y
c [distill] watch-based red  --  cl tried 12444    cl-sh 0     cl-rem 0    lit-rem 0      T: 0.02 T-out: N
c rst  geom best vmt  1906  1517K 2584      21K  2435 6.57    6.10     6223   784   31K   264 29.31   29.12  
c rst  geom best vmt  1907  1517K 2584      21K  2435 6.57    6.10     6223   795   31K   264 29.47   29.29  
c [impl-str] lit bin: 0 set-var: 0 T: 0.00 T-out: N T-r: 99.97% w-visit: 5176
c [impl-sub] bin: 0 T: 0.00 T-out: N w-visit: 5176
c rst  geom best vmt  1908  1518K 2584      21K  2435 6.57    6.10     6223   802   32K   264 29.46   29.28  
c rst  geom best vmt  1909  1519K 2584      21K  2435 6.57    6.10     6223   809   33K   264 29.70   29.52  
c rst  geom best vmt  1910  1520K 2584      21K  2435 6.57    6.10     6294   728   34K   264 29.75   29.57  
c [full-probe]  bin_only: 1 set: 0 repl: 0 T: 0.01 T-out: N T-r: 99.86%
c [distill-bin] useful: 0/2435/2435 lits-rem: 0 cl-rem: 0 0-depth-assigns: 0 T: 0.01 T-out: N
c rst  geom best vmt  1911  1521K 2584      21K  2435 6.57    6.10     6294   738   35K   264 29.72   29.55  
c rst  geom best vmt  1912  1522K 2584      21K  2435 6.57    6.10     6294   741   36K   264 29.73   29.56  
c rst  geom best vmt  1913  1523K 2584      21K  2435 6.57    6.10     6294   747   37K   264 29.81   29.64  
c [ccnr] tries: 0 steps: 262143 best found: 4
c [ccnr] saving best assignment phase to stable_polar
c [ccnr] bumping based on var unsat frequency: conflict_ct
c [ccnr] Bumped vars: 2588 bump type: 6
c [ccnr] time: 0.31
c rst  geom best vmt  1914  1524K 2584      21K  2435 6.57    6.10     6298   788   38K   264 30.01   29.84  
c rst  geom best vmt  1915  1525K 2584      21K  2435 6.57    6.10     6299   804   39K   264 30.19   30.03  
c [distill-long-red0] cls tried: 50/50 T: 0.01 T-out: N T-r: 99.91%
c [distill-long-red1] cls tried: 120/286 T: 0.02 T-out: Y T-r: -0.81%
c rst  geom best vmt  1916  1527K 2584      21K  2435 6.57    6.10     6300   814   41K   264 30.34   30.18  
c rst  geom best vmt  1917  1529K 2584      21K  2435 6.57    6.10     6301   823   43K   264 30.48   30.33  
c rst  geom best vmt  1918  1531K 2584      21K  2435 6.57    6.10     6378   932   33K   264 29.84   29.66  
c rst  geom best vmt  1919  1533K 2584      21K  2435 6.57    6.10     6383   950   35K   264 29.98   29.80  
c rst  geom stb  vmt  1920  1535K 2584      21K  2435 6.57    6.10     6388   991   37K   264 30.51   30.34  
c rst  geom stb  vmt  1921  1537K 2584      21K  2435 6.57    6.10     6392   999   40K   264 31.07   30.91  
c rst  geom stb  vmt  1922  1540K 2584      21K  2435 6.57    6.10     6449   931   42K   264 31.58   31.43  
c [full-probe]  bin_only: 0 set: 0 repl: 0 T: 0.01 T-out: N T-r: 98.34%
c [distill-bin] useful: 0/2435/2435 lits-rem: 0 cl-rem: 0 0-depth-assigns: 0 T: 0.01 T-out: N
c rst  geom stb  vmt  1923  1543K 2584      21K  2435 6.57    6.10     6449   937   45K   264 31.98   31.83  
c [distill-long-red0] cls tried: 112/112 T: 0.01 T-out: N T-r: 99.80%
c [distill-long-red1] cls tried: 119/386 T: 0.02 T-out: Y T-r: -1.17%
c [distill] watch-based irred--  cl tried 27476    cl-sh 0     cl-rem 0    lit-rem 0      T: 0.05 T-out: Y
c [distill] watch-based red  --  cl tried 12898    cl-sh 1     cl-rem 0    lit-rem 1      T: 0.02 T-out: N
c rst  geom stb  vmt  1924  1546K 2584      21K  2435 6.57    6.10     6455  1062   29K   264 30.32   30.12  
c rst  geom stb  vmt  1925  1550K 2584      21K  2435 6.57    6.10     6490  1022   32K   264 30.73   30.55  
c rst  geom stb  vmt  1926  1554K 2584      21K  2435 6.57    6.10     6491  1047   36K   264 31.01   30.84  
c rst  geom ibes vmt  1927  1558K 2584      21K  2435 6.57    6.10     6501  1162   40K   264 31.89   31.73  
c [distill-long-red0] cls tried: 42/42 T: 0.00 T-out: N T-r: 99.94%
c [distill-long-red1] cls tried: 139/513 T: 0.02 T-out: Y T-r: -1.35%
c rst  geom ibes vmt  1928  1563K 2584      21K  2435 6.57    6.10     6606  1183   33K   264 31.39   31.20  
c [full-probe]  bin_only: 1 set: 0 repl: 0 T: 0.01 T-out: N T-r: 99.83%
c [distill-bin] useful: 0/2435/2435 lits-rem: 0 cl-rem: 0 0-depth-assigns: 0 T: 0.01 T-out: N
c rst  geom ibes vmt  1929  1569K 2584      21K  2435 6.57    6.10     6608  1232   38K   264 31.03   30.87  
c [distill] watch-based irred--  cl tried 29462    cl-sh 0     cl-rem 0    lit-rem 0      T: 0.05 T-out: Y
c [distill] watch-based red  --  cl tried 13216    cl-sh 5     cl-rem 0    lit-rem 6      T: 0.02 T-out: N
c [ccnr] tries: 0 steps: 262143 best found: 4
c [ccnr] saving best assignment phase to stable_polar
c [ccnr] bumping based on clause weights
c [ccnr] Bumped vars: 102 bump type: 6
c [ccnr] time: 0.30
c rst  geom ibes vmt  1930  1574K 2584      21K  2435 6.57    6.10     6678  1220   44K   264 31.74   31.59  
c [distill-long-red0] cls tried: 141/141 T: 0.01 T-out: N T-r: 99.75%
c [distill-long-red1] cls tried: 120/573 T: 0.02 T-out: Y T-r: -2.01%
c rst  geom ibes vmt  1931  1581K 2584      21K  2435 6.57    6.10     6747  1294   39K   264 30.02   29.87  
c [impl-str] lit bin: 0 set-var: 0 T: 0.00 T-out: N T-r: 99.97% w-visit: 5176
c [impl-sub] bin: 0 T: 0.00 T-out: N w-visit: 5176
c [gauss] XOR-encoding clauses are not detached, so no need to reattach them.
c [g 0] truth-find prop checks  : 1571K
c [g 0] -> of which prop        : 36.29 %
c [g 0] -> of which confl       :  1.09 %
c [g 0] elim called             : 160K
c [g 0] ---> which lead to prop : 158.43 %
c [g 0] ---> which lead to confl:  4.66 %
c [g 0] size: 64    x 134  
c [scc] new: 0 BP 0M T: 0.00
c [vrep] vars 0 lits 0 rem-bin-cls 0 rem-long-cls 0 BP 0M T: 0.00
c [intree] Set 0 vars hyper-added: 0 trans-irred: 0 trans-red: 0 T: 0.01 T-out: N T-r: -0.74%
c [find&init matx] performing matrix init
c [gauss] XOR-encoding clauses are not detached, so no need to reattach them.
c [xor-rem-unconnected] left with 218 xors from 218 non-empty xors T: 0.00
c [xor-together] xored together: 154 orig xors: 218 new xors: 64 T: 0.00
c [xor-rem-unconnected] left with 64 xors from 64 non-empty xors T: 0.00
c [xor-clean-equiv] removed equivalent xors: 0 left with: 64
c [matrix] unused xors from cleaning: 0
c [matrix] Good   matrix 0 64      x134    density:0.1037  xorlen avg: 13.89
c [matrix] Using 1 matrices recovered from 0 xors T: 0.00 T-out: N
c rst  geom svd  vmt  1932  1588K 2584      21K  2435 6.57    6.10     6747  1337   46K   264 30.22   30.08  
c [full-probe]  bin_only: 0 set: 0 repl: 0 T: 0.01 T-out: N T-r: 98.15%
c [distill-bin] useful: 0/2435/2435 lits-rem: 0 cl-rem: 0 0-depth-assigns: 0 T: 0.01 T-out: N
c rst  geom svd  vmt  1933  1596K 2584      21K  2435 6.57    6.10     6804  1308   40K   264 29.90   29.75  
c [distill-long-red0] cls tried: 109/109 T: 0.01 T-out: N T-r: 99.86%
c [distill-long-red1] cls tried: 115/674 T: 0.02 T-out: Y T-r: -1.22%
c [distill] watch-based irred--  cl tried 27781    cl-sh 0     cl-rem 0    lit-rem 0      T: 0.05 T-out: Y
c [distill] watch-based red  --  cl tried 13608    cl-sh 0     cl-rem 0    lit-rem 0      T: 0.02 T-out: N
c rst  geom svd  vmt  1934  1604K 2584      21K  2435 6.57    6.10     6899  1216   48K   264 31.76   31.62  
c res  pol  bran nres  conf  freevar IrrL  IrrB  l/longC l/allC  RedL0 RedL1 RedL2 RedB  l/longC l/allC 
c rst  geom best vmt  1935  1614K 2584      21K  2435 6.57    6.10     7027  1133   44K   264 30.98   30.83  
c [distill-long-red0] cls tried: 186/186 T: 0.01 T-out: N T-r: 99.81%
c [distill-long-red1] cls tried: 105/547 T: 0.02 T-out: Y T-r: -0.43%
c [full-probe]  bin_only: 1 set: 0 repl: 0 T: 0.01 T-out: N T-r: 99.84%
c [distill-bin] useful: 0/2435/2435 lits-rem: 0 cl-rem: 0 0-depth-assigns: 0 T: 0.01 T-out: N
c [ccnr] tries: 0 steps: 262143 best found: 4
c [ccnr] saving best assignment phase to stable_polar
c [ccnr] bumping based on var unsat frequency: conflict_ct
c [ccnr] Bumped vars: 2588 bump type: 6
c [ccnr] time: 0.30
c rst  geom best vmt  1936  1624K 2584      21K  2435 6.57    6.10     7127  1266   40K   264 32.15   31.98  
c [distill] watch-based irred--  cl tried 27049    cl-sh 0     cl-rem 0    lit-rem 0      T: 0.05 T-out: Y
c [distill] watch-based red  --  cl tried 14254    cl-sh 0     cl-rem 0    lit-rem 0      T: 0.02 T-out: N
c rst  geom best vmt  1937  1635K 2584      21K  2435 6.57    6.10     7189  1284   36K   264 30.80   30.63  
c [distill-long-red0] cls tried: 134/134 T: 0.01 T-out: N T-r: 99.80%
c [distill-long-red1] cls tried: 155/723 T: 0.02 T-out: Y T-r: -1.43%
c [full-probe]  bin_only: 0 set: 0 repl: 0 T: 0.01 T-out: N T-r: 98.61%
c [distill-bin] useful: 0/2435/2435 lits-rem: 0 cl-rem: 0 0-depth-assigns: 0 T: 0.01 T-out: N
c rst  geom stb  vmt  1938  1648K 2584      21K  2435 6.57    6.10     7278  1256   49K   264 32.30   32.17  
c [branch] adjusting to: vsid (from: vmtf) var_decay:0.95 descr: VSIDS
c [impl-str] lit bin: 0 set-var: 0 T: 0.00 T-out: N T-r: 99.96% w-visit: 5176
c [impl-sub] bin: 0 T: 0.00 T-out: N w-visit: 5176
c [gauss] XOR-encoding clauses are not detached, so no need to reattach them.
c [g 0] truth-find prop checks  : 1531K
c [g 0] -> of which prop        : 41.78 %
c [g 0] -> of which confl       :  1.17 %
c [g 0] elim called             : 122K
c [g 0] ---> which lead to prop : 188.96 %
c [g 0] ---> which lead to confl:  4.91 %
c [g 0] size: 64    x 134  
c [scc] new: 0 BP 0M T: 0.00
c [vrep] vars 0 lits 0 rem-bin-cls 0 rem-long-cls 0 BP 0M T: 0.01
c [intree] Set 0 vars hyper-added: 0 trans-irred: 0 trans-red: 0 T: 0.01 T-out: N T-r: -0.66%
c [find&init matx] performing matrix init
c [gauss] XOR-encoding clauses are not detached, so no need to reattach them.
c [xor-rem-unconnected] left with 218 xors from 218 non-empty xors T: 0.00
c [xor-together] xored together: 154 orig xors: 218 new xors: 64 T: 0.00
c [xor-rem-unconnected] left with 64 xors from 64 non-empty xors T: 0.00
c [xor-clean-equiv] removed equivalent xors: 0 left with: 64
c [matrix] unused xors from cleaning: 0
c [matrix] Good   matrix 0 64      x134    density:0.1037  xorlen avg: 13.89
c [matrix] Using 1 matrices recovered from 0 xors T: 0.00 T-out: N
c rst  geom stb  vs   1939  1648K 2584      21K  2435 6.57    6.10     7278  1256   49K   264 32.30   32.16  
c rst  geom stb  vs   1940  1648K 2584      21K  2435 6.57    6.10     7278  1256   49K   264 32.30   32.17  
c rst  geom stb  vs   1941  1648K 2584      21K  2435 6.57    6.10     7278  1256   49K   264 32.31   32.17  
c rst  geom stb  vs   1942  1648K 2584      21K  2435 6.57    6.10     7278  1256   49K   264 32.32   32.18  
c rst  geom stb  vs   1943  1648K 2584      21K  2435 6.57    6.10     7278  1256   49K   264 32.33   32.19  
c rst  geom stb  vs   1944  1649K 2584      21K  2435 6.57    6.10     7278  1256   50K   264 32.34   32.21  
c rst  geom stb  vs   1945  1649K 2584      21K  2435 6.57    6.10     7278  1256   50K   264 32.35   32.22  
c rst  geom stb  vs   1946  1649K 2584      21K  2435 6.57    6.10     7278  1256   50K   264 32.36   32.23  
c [distill] watch-based irred--  cl tried 27365    cl-sh 0     cl-rem 0    lit-rem 0      T: 0.05 T-out: Y
c [distill] watch-based red  --  cl tried 14556    cl-sh 1     cl-rem 0    lit-rem 1      T: 0.03 T-out: N
c rst  geom stb  vs   1947  1649K 2584      21K  2435 6.57    6.10     7278  1257   50K   264 32.36   32.22  
c rst  geom stb  vs   1948  1650K 2584      21K  2435 6.57    6.10     7278  1257   51K   264 32.35   32.22  
c rst  geom stb  vs   1949  1650K 2584      21K  2435 6.57    6.10     7354  1234   30K   264 30.00   29.81  
c rst  geom stb  vs   1950  1650K 2584      21K  2435 6.57    6.10     7354  1234   31K   264 30.03   29.85  
c rst  geom stb  vs   1951  1650K 2584      21K  2435 6.57    6.10     7354  1234   31K   264 30.03   29.85  
c [distill-long-red0] cls tried: 147/147 T: 0.01 T-out: N T-r: 99.81%
c [distill-long-red1] cls tried: 149/697 T: 0.02 T-out: Y T-r: -0.32%
c rst  geom stb  vs   1952  1651K 2584      21K  2435 6.57    6.10     7355  1234   31K   264 30.05   29.87  
c rst  geom stb  vs   1953  1651K 2584      21K  2435 6.57    6.10     7355  1234   32K   264 30.11   29.93  
c rst  geom stb  vs   1954  1652K 2584      21K  2435 6.57    6.10     7355  1234   32K   264 30.18   30.00  
c rst  geom stb  vs   1955  1652K 2584      21K  2435 6.57    6.10     7355  1234   33K   264 30.22   30.04  
c rst  geom stb  vs   1956  1653K 2584      21K  2435 6.57    6.10     7355  1235   33K   264 30.26   30.09  
c rst  geom stb  vs   1957  1653K 2584      21K  2435 6.57    6.10     7355  1235   34K   264 30.32   30.14  
c rst  geom stb  vs   1958  1654K 2584      21K  2435 6.57    6.10     7355  1236   35K   264 30.39   30.22  
c rst  geom stb  vs   1959  1655K 2584      21K  2435 6.57    6.10     7355  1237   35K   264 30.47   30.31  
c rst  geom stb  vs   1960  1656K 2584      21K  2435 6.57    6.10     7355  1238   36K   264 30.56   30.40  
c [full-probe]  bin_only: 1 set: 0 repl: 0 T: 0.01 T-out: N T-r: 99.78%
c [distill-bin] useful: 0/2435/2435 lits-rem: 0 cl-rem: 0 0-depth-assigns: 0 T: 0.01 T-out: N
c rst  geom stb  vs   1961  1656K 2584      21K  2435 6.57    6.10     7355  1238   37K   264 30.69   30.53  
c rst  geom stb  vs   1962  1657K 2584      21K  2435 6.57    6.10     7355  1238   38K   264 30.80   30.64  
c rst  geom ibes vs   1963  1658K 2584      21K  2435 6.57    6.10     7355  1244   39K   264 30.77   30.62  
c [ccnr] tries: 0 steps: 262143 best found: 4
c [ccnr] saving best assignment phase to stable_polar
c [ccnr] bumping based on var unsat frequency: conflict_ct
c [ccnr] Bumped vars: 2588 bump type: 6
c [ccnr] time: 0.30
c rst  geom ibes vs   1964  1660K 2584      21K  2435 6.57    6.10     7355  1249   40K   264 30.73   30.58  
c rst  geom ibes vs   1965  1661K 2584      21K  2435 6.57    6.10     7380  1152   42K   264 30.72   30.57  
c rst  geom ibes vs   1966  1662K 2584      21K  2435 6.57    6.10     7380  1159   43K   264 30.64   30.50  
c rst  geom ibes vs   1967  1664K 2584      21K  2435 6.57    6.10     7380  1161   44K   264 30.65   30.51  
c rst  geom ibes vs   1968  1665K 2584      21K  2435 6.57    6.10     7386  1215   30K   264 28.43   28.25  
c rst  geom ibes vs   1969  1667K 2584      21K  2435 6.57    6.10     7386  1219   32K   264 28.38   28.21  
c [distill-long-red0] cls tried: 27/27 T: 0.00 T-out: N T-r: 99.96%
c [distill-long-red1] cls tried: 157/588 T: 0.02 T-out: Y T-r: -0.40%
c rst  geom ibes vs   1970  1669K 2584      21K  2435 6.57    6.10     7386  1224   34K   264 28.31   28.15  
c rst  geom ibes vs   1971  1672K 2584      21K  2435 6.57    6.10     7398  1142   36K   264 28.26   28.11  
c rst  geom ibes vs   1972  1674K 2584      21K  2435 6.57    6.10     7400  1142   39K   264 28.21   28.07  
c [distill] watch-based irred--  cl tried 28737    cl-sh 0     cl-rem 0    lit-rem 0      T: 0.05 T-out: Y
c [distill] watch-based red  --  cl tried 14800    cl-sh 3     cl-rem 0    lit-rem 3      T: 0.02 T-out: N
c rst  geom ibes vs   1973  1677K 2584      21K  2435 6.57    6.10     7400  1145   42K   264 28.33   28.19  
c [full-probe]  bin_only: 0 set: 0 repl: 0 T: 0.01 T-out: N T-r: 98.41%
c [distill-bin] useful: 0/2435/2435 lits-rem: 0 cl-rem: 0 0-depth-assigns: 0 T: 0.01 T-out: N
c rst  geom ibes vs   1974  1680K 2584      21K  2435 6.57    6.10     7422  1106   34K   264 25.71   25.57  
c rst  geom svd  vs   1975  1683K 2584      21K  2435 6.57    6.10     7422  1114   37K   264 26.09   25.96  
c [distill-long-red0] cls tried: 32/32 T: 0.00 T-out: N T-r: 99.95%
c [distill-long-red1] cls tried: 171/431 T: 0.02 T-out: Y T-r: -0.75%
c rst  geom svd  vs   1976  1687K 2584      21K  2435 6.57    6.10     7422  1123   41K   264 26.18   26.05  
c rst  geom svd  vs   1977  1691K 2584      21K  2435 6.57    6.10     7441  1009   45K   264 26.24   26.12  
c rst  geom svd  vs   1978  1695K 2584      21K  2435 6.57    6.10     7446  1100   36K   264 24.01   23.88  
c rst  geom svd  vs   1979  1700K 2584      21K  2435 6.57    6.10     7452   962   41K   264 24.54   24.42  
c [distill-long-red0] cls tried: 22/22 T: 0.00 T-out: N T-r: 99.96%
c [distill-long-red1] cls tried: 161/297 T: 0.02 T-out: Y T-r: -0.63%
c [full-probe]  bin_only: 1 set: 0 repl: 0 T: 0.01 T-out: N T-r: 99.87%
c [distill-bin] useful: 0/2435/2435 lits-rem: 0 cl-rem: 0 0-depth-assigns: 0 T: 0.01 T-out: N
c [distill] watch-based irred--  cl tried 28315    cl-sh 0     cl-rem 0    lit-rem 0      T: 0.05 T-out: Y
c [distill] watch-based red  --  cl tried 14904    cl-sh 2     cl-rem 0    lit-rem 2      T: 0.02 T-out: N
c rst  geom svd  vs   1980  1705K 2584      21K  2435 6.57    6.10     7452   967   46K   264 24.86   24.75  
c [ccnr] tries: 0 steps: 262143 best found: 4
c [ccnr] saving best assignment phase to stable_polar
c [ccnr] bumping based on clause weights
c [ccnr] Bumped vars: 101 bump type: 6
c [ccnr] time: 0.30
c rst  geom best vs   1981  1711K 2584      21K  2435 6.57    6.10     7467   864   37K   264 24.64   24.51  
c [impl-str] lit bin: 0 set-var: 0 T: 0.00 T-out: N T-r: 99.97% w-visit: 5176
c [impl-sub] bin: 0 T: 0.00 T-out: N w-visit: 5176
c rst  geom best vs   1982  1714K 2584      21K  2435 6.57    6.10     7467   876   40K   264 25.05   24.93  
c recursive minimization cost OK: 2761Kcost/(% lits removed)
c [gauss] XOR-encoding clauses are not detached, so no need to reattach them.
c [g 0] truth-find prop checks  : 1570K
c [g 0] -> of which prop        : 32.01 %
c [g 0] -> of which confl       :  1.24 %
c [g 0] elim called             : 160K
c [g 0] ---> which lead to prop : 163.56 %
c [g 0] ---> which lead to confl:  4.68 %
c [g 0] size: 64    x 134  
c --> Executing strategy token: scc-vrepl
c [scc] new: 0 BP 0M T: 0.00
c --> Executing strategy token: sub-impl
c [impl-sub] bin: 0 T: 0.00 T-out: N w-visit: 5176
c --> Executing strategy token: breakid
c --> Executing OCC strategy token(s): 'occ-backw-sub-str,occ-clean-implicit,occ-bve,occ-bva,occ-ternary-res,occ-xor,'
c [occ] mem usage for occur 2      MB
c [occ] Linked in IRRED BIN by default: 2435
c [occ] Linked in RED   BIN by default: 264
c [occ] mem usage for occur 0      MB
c Mem for watch alloc      : 16          MB (27.98     %)
c Mem for watch array      : 0           MB (0.20      %)
c --> Executing OCC strategy token: occ-backw-sub-str
c [occ-backw-sub-str-long-w-bins] subs: 0 str: 0 tried: 78436 0-depth ass: 0 T: 0.00 T-out: N T-r: 99.53%
c [occ-backw-sub-long-w-long] rem cl: 151 tried: 69940/69940 (100.0%) T: 0.02 T-out: N T-r: 96.15%
c [occ-backw-sub-str-long-w-long] sub: 10 str: 77 tried: 209820/69940 (300.0)  T: 0.09 T-out: N T-r: 89.63%
c --> Executing OCC strategy token: occ-clean-implicit
c --> Executing OCC strategy token: occ-bve
c [occ-empty-res] Empty resolvent elimed: 0 T: 0.00 T-out: N
c [occ-bve] turning off picosat-based irreg gate detection, added lits:  409K
c [occ-bve] iter v-elim 0
c cl_inc_rate=1.0, var_dec_rate=1.0 (grow=0)
c Reduced to 2584 vars, 23695 cls (grow=0)
c [occ-bve] iter v-elim 0
c cl_inc_rate=1.0, var_dec_rate=1.0 (grow=8)
c Reduced to 2584 vars, 23695 cls (grow=8)
c [occ-bve] iter v-elim 0
c cl_inc_rate=1.0, var_dec_rate=1.0 (grow=16)
c Reduced to 2584 vars, 23695 cls (grow=16)
c x n vars       : 2584
c #try to eliminate:  7752
c #var-elim        :     0
c #T-o: N
c #T-r: 99.99%
c #T  : 1.32
c [occur] 0.04 is overhead
c [occur] link-in T: 0.04 cleanup T: 0.00
c --> Executing OCC strategy token: occ-bva
c --> Executing OCC strategy token: occ-ternary-res
c [occ-ternary-res] Ternary res-tri: 0 res-bin: 0 sub: 0 str: 0 T: 0.00 T-out: N T-r: 99.88%
c --> Executing OCC strategy token: occ-xor
c [occ-xor] sort occur list T: 0.01
c [xor-clean-equiv] removed equivalent xors: 0 left with: 209
c [occ-xor] found    209 avg sz 5.5 min sz  4 max sz  6 T: 0.01 T-out: N T-r: 99.98%
c --> Executing strategy token: card-find
c --> Executing strategy token: cl-consolidate
c Not consolidating memory.
c --> Executing strategy token: scc-vrepl
c [scc] new: 0 BP 0M T: 0.00
c --> Executing strategy token: renumber
c --> Executing strategy token: bosphorus
c --> Executing strategy token: louvain-comms
c [consolidate] mini T: 0.00
c global_timeout_multiplier: 6.4308
c [branch] rebuilding order heap for all branchings. Current branching: vsid
c [find&init matx] performing matrix init
c [gauss] XOR-encoding clauses are not detached, so no need to reattach them.
c [xor-rem-unconnected] left with 209 xors from 209 non-empty xors T: 0.00
c [xor-together] xored together: 141 orig xors: 209 new xors: 68 T: 0.00
c [xor-rem-unconnected] left with 68 xors from 68 non-empty xors T: 0.00
c [xor-clean-equiv] removed equivalent xors: 0 left with: 68
c [matrix] unused xors from cleaning: 0
c [matrix] Good   matrix  0     68 x  142  density:0.0894  xorlen avg: 12.69
c [matrix] Using 1 matrices recovered from 0 xors T: 0.00 T-out: N
c [gauss] XOR-encoding clauses are not detached, so no need to reattach them.
c [g 0] truth-find prop checks  : 0
c [g 0] -> of which prop        :  0.00 %
c [g 0] -> of which confl       :  0.00 %
c [g 0] elim called             : 0
c [g 0] ---> which lead to prop :  0.00 %
c [g 0] ---> which lead to confl:  0.00 %
c [g 0] size: 68    x 142  
c [scc] new: 0 BP 0M T: 0.00
c [vrep] vars 0 lits 0 rem-bin-cls 0 rem-long-cls 0 BP 0M T: 0.01
c [intree] Set 0 vars hyper-added: 0 trans-irred: 0 trans-red: 0 T: 0.01 T-out: N T-r: 0.10%
c [find&init matx] performing matrix init
c [gauss] XOR-encoding clauses are not detached, so no need to reattach them.
c [xor-rem-unconnected] left with 209 xors from 209 non-empty xors T: 0.00
c [xor-together] xored together: 141 orig xors: 209 new xors: 68 T: 0.00
c [xor-rem-unconnected] left with 68 xors from 68 non-empty xors T: 0.00
c [xor-clean-equiv] removed equivalent xors: 0 left with: 68
c [matrix] unused xors from cleaning: 0
c [matrix] Good   matrix 0 68      x142    density:0.0894  xorlen avg: 12.69
c [matrix] Using 1 matrices recovered from 0 xors T: 0.00 T-out: N
c rst  geom best vs   1983  1718K 2584      21K  2435 6.57    6.10     7314   920   44K   264 25.64   25.52  
c [distill-long-red0] cls tried: 11/11 T: 0.00 T-out: N T-r: 99.98%
c [distill-long-red1] cls tried: 239/239 T: 0.02 T-out: N T-r: 15.64%
c rst  geom best vs   1984  1725K 2584      21K  2435 6.57    6.10     7328   755   35K   264 25.14   25.00  
c [full-probe]  bin_only: 0 set: 0 repl: 0 T: 0.01 T-out: N T-r: 98.05%
c [distill-bin] useful: 0/2435/2435 lits-rem: 0 cl-rem: 0 0-depth-assigns: 0 T: 0.01 T-out: N
c rst  geom best vs   1985  1732K 2584      21K  2435 6.57    6.10     7341   675   43K   264 25.58   25.46  
c [distill] watch-based irred--  cl tried 29250    cl-sh 0     cl-rem 0    lit-rem 0      T: 0.05 T-out: Y
c [distill] watch-based red  --  cl tried 14682    cl-sh 0     cl-rem 0    lit-rem 0      T: 0.02 T-out: N
c rst  geom stb  vs   1986  1741K 2584      21K  2435 6.57    6.10     7394   718   32K   264 27.01   26.84  
c [distill-long-red0] cls tried: 28/28 T: 0.00 T-out: N T-r: 99.96%
c [distill-long-red1] cls tried: 160/204 T: 0.02 T-out: Y T-r: -2.12%
c rst  geom stb  vs   1987  1750K 2584      21K  2435 6.57    6.10     7401   639   41K   264 28.50   28.36  
c [full-probe]  bin_only: 1 set: 0 repl: 0 T: 0.01 T-out: N T-r: 99.82%
c [distill-bin] useful: 0/2435/2435 lits-rem: 0 cl-rem: 0 0-depth-assigns: 0 T: 0.01 T-out: N
c [ccnr] tries: 0 steps: 262143 best found: 4
c [ccnr] saving best assignment phase to stable_polar
c [ccnr] bumping based on var unsat frequency: conflict_ct
c [ccnr] Bumped vars: 2588 bump type: 6
c [ccnr] time: 0.29
c rst  geom stb  vs   1988  1761K 2584      21K  2435 6.57    6.10     7422   620   30K   264 30.41   30.22  
c [distill-long-red0] cls tried: 15/15 T: 0.00 T-out: N T-r: 99.99%
c [distill-long-red1] cls tried: 86/86 T: 0.01 T-out: N T-r: 62.40%
c [distill] watch-based irred--  cl tried 31896    cl-sh 0     cl-rem 0    lit-rem 0      T: 0.04 T-out: N
c [distill] watch-based red  --  cl tried 14844    cl-sh 1     cl-rem 0    lit-rem 1      T: 0.02 T-out: N
c rst  geom ibes vs   1989  1772K 2584      21K  2435 6.57    6.10     7467   777   29K   264 27.43   27.25  
c [full-probe]  bin_only: 0 set: 0 repl: 0 T: 0.01 T-out: N T-r: 98.66%
c [distill-bin] useful: 0/2435/2435 lits-rem: 0 cl-rem: 0 0-depth-assigns: 0 T: 0.01 T-out: N
c [impl-str] lit bin: 0 set-var: 0 T: 0.00 T-out: N T-r: 99.97% w-visit: 5176
c [impl-sub] bin: 0 T: 0.00 T-out: N w-visit: 5176
c rst  geom ibes vs   1990  1785K 2584      21K  2435 6.57    6.10     7489   712   41K   264 27.40   27.27  
c [distill-long-red0] cls tried: 28/28 T: 0.00 T-out: N T-r: 99.97%
c [distill-long-red1] cls tried: 210/210 T: 0.02 T-out: N T-r: 12.70%
c [gauss] XOR-encoding clauses are not detached, so no need to reattach them.
c [g 0] truth-find prop checks  : 1681K
c [g 0] -> of which prop        : 36.73 %
c [g 0] -> of which confl       :  1.06 %
c [g 0] elim called             : 149K
c [g 0] ---> which lead to prop : 157.08 %
c [g 0] ---> which lead to confl:  4.36 %
c [g 0] size: 68    x 142  
c [scc] new: 0 BP 0M T: 0.00
c [vrep] vars 0 lits 0 rem-bin-cls 0 rem-long-cls 0 BP 0M T: 0.01
c [intree] Set 0 vars hyper-added: 1 trans-irred: 0 trans-red: 0 T: 0.01 T-out: N T-r: -0.58%
c [find&init matx] performing matrix init
c [gauss] XOR-encoding clauses are not detached, so no need to reattach them.
c [xor-rem-unconnected] left with 209 xors from 209 non-empty xors T: 0.00
c [xor-together] xored together: 141 orig xors: 209 new xors: 68 T: 0.00
c [xor-rem-unconnected] left with 68 xors from 68 non-empty xors T: 0.00
c [xor-clean-equiv] removed equivalent xors: 0 left with: 68
c [matrix] unused xors from cleaning: 0
c [matrix] Good   matrix 0 68      x142    density:0.0894  xorlen avg: 12.69
c [matrix] Using 1 matrices recovered from 0 xors T: 0.00 T-out: N
c rst  geom svd  vs   1991  1798K 2584      21K  2435 6.57    6.10     7505   708   46K   265 26.99   26.87  
c [full-probe]  bin_only: 1 set: 0 repl: 0 T: 0.01 T-out: N T-r: 99.85%
c [distill-bin] useful: 0/2435/2435 lits-rem: 0 cl-rem: 0 0-depth-assigns: 0 T: 0.01 T-out: N
c [distill] watch-based irred--  cl tried 28281    cl-sh 0     cl-rem 0    lit-rem 0      T: 0.05 T-out: Y
c [distill] watch-based red  --  cl tried 15010    cl-sh 0     cl-rem 0    lit-rem 0      T: 0.03 T-out: N
c [ccnr] tries: 0 steps: 262143 best found: 4
c [ccnr] saving best assignment phase to stable_polar
c [ccnr] bumping based on var unsat frequency: conflict_ct
c [ccnr] Bumped vars: 2588 bump type: 6
c [ccnr] time: 0.30
c rst  geom svd  vs   1992  1813K 2584      21K  2435 6.57    6.10     7517   574   46K   265 26.70   26.58  
c [distill-long-red0] cls tried: 12/12 T: 0.00 T-out: N T-r: 99.98%
c [distill-long-red1] cls tried: 76/76 T: 0.01 T-out: N T-r: 51.40%
c rst  geom best vs   1993  1830K 2584      21K  2435 6.57    6.10     7552   633   34K   265 26.44   26.29  
c [branch] adjusting to: vmtf (from: vsid) var_decay:0.95 descr: VMTF
c [distill-long-red0] cls tried: 22/22 T: 0.00 T-out: N T-r: 99.99%
c [distill-long-red1] cls tried: 124/124 T: 0.01 T-out: N T-r: 33.69%
c [full-probe]  bin_only: 0 set: 0 repl: 0 T: 0.01 T-out: N T-r: 98.67%
c [distill-bin] useful: 0/2435/2435 lits-rem: 0 cl-rem: 0 0-depth-assigns: 0 T: 0.01 T-out: N
c [distill] watch-based irred--  cl tried 29210    cl-sh 0     cl-rem 0    lit-rem 0      T: 0.05 T-out: Y
c [distill] watch-based red  --  cl tried 15104    cl-sh 0     cl-rem 0    lit-rem 0      T: 0.03 T-out: N
c rst  luby best vmt  1994  1830K 2584      21K  2435 6.57    6.10     7555   647   34K   265 26.43   26.28  
c rst  luby best vmt  1995  1830K 2584      21K  2435 6.57    6.10     7555   653   34K   265 26.46   26.31  
c rst  luby best vmt  1996  1830K 2584      21K  2435 6.57    6.10     7555   655   34K   265 26.50   26.35  
c rst  luby best vmt  1997  1831K 2584      21K  2435 6.57    6.10     7555   658   34K   265 26.52   26.37  
c rst  luby best vmt  1998  1831K 2584      21K  2435 6.57    6.10     7555   658   34K   265 26.53   26.39  
c rst  luby best vmt  1999  1831K 2584      21K  2435 6.57    6.10     7555   659   35K   265 26.59   26.44  
c rst  luby best vmt  2000  1831K 2584      21K  2435 6.57    6.10     7555   663   35K   265 26.65   26.50  
c rst  luby best vmt  2001  1831K 2584      21K  2435 6.57    6.10     7555   664   35K   265 26.68   26.53  
c rst  luby best vmt  2002  1831K 2584      21K  2435 6.57    6.10     7555   664   35K   265 26.69   26.54  
c rst  luby best vmt  2003  1832K 2584      21K  2435 6.57    6.10     7555   666   35K   265 26.71   26.56  
c rst  luby best vmt  2004  1832K 2584      21K  2435 6.57    6.10     7555   667   36K   265 26.72   26.57  
c rst  luby best vmt  2005  1832K 2584      21K  2435 6.57    6.10     7555   668   36K   265 26.73   26.59  
c rst  luby best vmt  2006  1832K 2584      21K  2435 6.57    6.10     7555   670   36K   265 26.74   26.59  
c [impl-str] lit bin: 0 set-var: 0 T: 0.00 T-out: N T-r: 99.97% w-visit: 5176
c [impl-sub] bin: 0 T: 0.00 T-out: N w-visit: 5176
c rst  luby best vmt  2007  1832K 2584      21K  2435 6.57    6.10     7555   671   36K   265 26.78   26.64  
c rst  luby best vmt  2008  1833K 2584      21K  2435 6.57    6.10     7555   674   37K   265 26.85   26.71  
c rst  luby best vmt  2009  1833K 2584      21K  2435 6.57    6.10     7555   674   37K   265 26.87   26.73  
c rst  luby best vmt  2010  1833K 2584      21K  2435 6.57    6.10     7555   674   37K   265 26.88   26.74  
c rst  luby best vmt  2011  1834K 2584      21K  2435 6.57    6.10     7555   678   37K   265 26.94   26.79  
c rst  luby best vmt  2012  1834K 2584      21K  2435 6.57    6.10     7555   685   38K   265 26.94   26.80  
c rst  luby best vmt  2013  1834K 2584      21K  2435 6.57    6.10     7555   685   38K   265 26.95   26.81  
c rst  luby best vmt  2014  1834K 2584      21K  2435 6.57    6.10     7555   691   38K   265 26.99   26.85  
c rst  luby best vmt  2015  1834K 2584      21K  2435 6.57    6.10     7555   696   38K   265 27.03   26.89  
c rst  luby best vmt  2016  1835K 2584      21K  2435 6.57    6.10     7555   697   38K   265 27.05   26.91  
c rst  luby best vmt  2017  1835K 2584      21K  2435 6.57    6.10     7555   700   38K   265 27.06   26.92  
c rst  luby best vmt  2018  1835K 2584      21K  2435 6.57    6.10     7555   705   39K   265 27.06   26.92  
c rst  luby best vmt  2019  1835K 2584      21K  2435 6.57    6.10     7555   705   39K   265 27.07   26.93  
c rst  luby best vmt  2020  1835K 2584      21K  2435 6.57    6.10     7555   706   39K   265 27.07   26.94  
c rst  luby best vmt  2021  1835K 2584      21K  2435 6.57    6.10     7555   706   39K   265 27.10   26.96  
c rst  luby best vmt  2022  1836K 2584      21K  2435 6.57    6.10     7555   711   39K   265 27.20   27.06  
c rst  luby best vmt  2023  1836K 2584      21K  2435 6.57    6.10     7555   716   40K   265 27.29   27.16  
c rst  luby best vmt  2024  1838K 2584      21K  2435 6.57    6.10     7556   722   42K   265 27.35   27.22  
c rst  luby stb  vmt  2025  1838K 2584      21K  2435 6.57    6.10     7556   723   42K   265 27.38   27.25  
c rst  luby stb  vmt  2026  1838K 2584      21K  2435 6.57    6.10     7556   724   42K   265 27.41   27.28  
c rst  luby stb  vmt  2027  1838K 2584      21K  2435 6.57    6.10     7556   730   42K   265 27.45   27.31  
c rst  luby stb  vmt  2028  1839K 2584      21K  2435 6.57    6.10     7556   730   42K   265 27.47   27.34  
c rst  luby stb  vmt  2029  1839K 2584      21K  2435 6.57    6.10     7556   731   42K   265 27.49   27.36  
c rst  luby stb  vmt  2030  1839K 2584      21K  2435 6.57    6.10     7556   732   43K   265 27.52   27.39  
c rst  luby stb  vmt  2031  1839K 2584      21K  2435 6.57    6.10     7556   736   43K   265 27.62   27.49  
c rst  luby stb  vmt  2032  1839K 2584      21K  2435 6.57    6.10     7556   736   43K   265 27.63   27.50  
c rst  luby stb  vmt  2033  1839K 2584      21K  2435 6.57    6.10     7556   736   43K   265 27.65   27.52  
c rst  luby stb  vmt  2034  1840K 2584      21K  2435 6.57    6.10     7611   600   44K   265 27.68   27.55  
c rst  luby stb  vmt  2035  1840K 2584      21K  2435 6.57    6.10     7611   604   44K   265 27.70   27.57  
c rst  luby stb  vmt  2036  1840K 2584      21K  2435 6.57    6.10     7611   605   44K   265 27.71   27.58  
c rst  luby stb  vmt  2037  1840K 2584      21K  2435 6.57    6.10     7612   607   44K   265 27.74   27.61  
c rst  luby stb  vmt  2038  1841K 2584      21K  2435 6.57    6.10     7612   610   44K   265 27.76   27.64  
c rst  luby stb  vmt  2039  1841K 2584      21K  2435 6.57    6.10     7612   621   45K   265 27.90   27.78  
c rst  luby stb  vmt  2040  1841K 2584      21K  2435 6.57    6.10     7612   621   45K   265 27.92   27.79  
c rst  luby stb  vmt  2041  1842K 2584      21K  2435 6.57    6.10     7612   622   45K   265 27.93   27.81  
c rst  luby stb  vmt  2042  1842K 2584      21K  2435 6.57    6.10     7612   622   46K   265 27.98   27.85  
c rst  luby stb  vmt  2043  1842K 2584      21K  2435 6.57    6.10     7612   622   46K   265 28.00   27.88  
c rst  luby stb  vmt  2044  1842K 2584      21K  2435 6.57    6.10     7612   623   46K   265 28.02   27.90  
c rst  luby stb  vmt  2045  1842K 2584      21K  2435 6.57    6.10     7612   624   46K   265 28.06   27.93  
c rst  luby stb  vmt  2046  1843K 2584      21K  2435 6.57    6.10     7612   627   46K   265 28.11   27.98  
c [ccnr] tries: 0 steps: 262143 best found: 4
c [ccnr] saving best assignment phase to stable_polar
c [ccnr] bumping based on clause weights
c [ccnr] Bumped vars: 105 bump type: 6
c [ccnr] time: 0.30
c rst  luby stb  vmt  2047  1843K 2584      21K  2435 6.57    6.10     7612   628   46K   265 28.13   28.01  
c rst  luby stb  vmt  2048  1843K 2584      21K  2435 6.57    6.10     7612   629   47K   265 28.16   28.03  
c rst  luby stb  vmt  2049  1843K 2584      21K  2435 6.57    6.10     7612   632   47K   265 28.19   28.06  
c rst  luby stb  vmt  2050  1843K 2584      21K  2435 6.57    6.10     7612   639   47K   265 28.20   28.08  
c rst  luby stb  vmt  2051  1843K 2584      21K  2435 6.57    6.10     7612   639   47K   265 28.22   28.10  
c rst  luby stb  vmt  2052  1843K 2584      21K  2435 6.57    6.10     7612   641   47K   265 28.26   28.14  
c rst  luby stb  vmt  2053  1844K 2584      21K  2435 6.57    6.10     7613   644   48K   265 28.35   28.22  
c rst  luby stb  vmt  2054  1845K 2584      21K  2435 6.57    6.10     7613   649   48K   265 28.55   28.43  
c rst  luby stb  vmt  2055  1846K 2584      21K  2435 6.57    6.10     7632   836   32K   265 27.28   27.12  
c [distill-long-red0] cls tried: 42/42 T: 0.00 T-out: N T-r: 99.94%
c [distill-long-red1] cls tried: 149/294 T: 0.02 T-out: Y T-r: -0.36%
c rst  luby stb  vmt  2056  1849K 2584      21K  2435 6.57    6.10     7635   866   36K   265 28.11   27.96  
c rst  luby stb  vmt  2057  1849K 2584      21K  2435 6.57    6.10     7637   872   36K   265 28.13   27.98  
c rst  luby stb  vmt  2058  1850K 2584      21K  2435 6.57    6.10     7639   876   36K   265 28.15   27.99  
c [gauss] XOR-encoding clauses are not detached, so no need to reattach them.
c [g 0] truth-find prop checks  : 1401K
c [g 0] -> of which prop        : 39.56 %
c [g 0] -> of which confl       :  1.06 %
c [g 0] elim called             : 111K
c [g 0] ---> which lead to prop : 188.42 %
c [g 0] ---> which lead to confl:  5.48 %
c [g 0] size: 68    x 142  
c [scc] new: 0 BP 0M T: 0.00
c [vrep] vars 0 lits 0 rem-bin-cls 0 rem-long-cls 0 BP 0M T: 0.00
c [intree] Set 0 vars hyper-added: 1 trans-irred: 0 trans-red: 0 T: 0.01 T-out: N T-r: -0.37%
c [find&init matx] performing matrix init
c [gauss] XOR-encoding clauses are not detached, so no need to reattach them.
c [xor-rem-unconnected] left with 209 xors from 209 non-empty xors T: 0.00
c [xor-together] xored together: 141 orig xors: 209 new xors: 68 T: 0.00
c [xor-rem-unconnected] left with 68 xors from 68 non-empty xors T: 0.00
c [xor-clean-equiv] removed equivalent xors: 0 left with: 68
c [matrix] unused xors from cleaning: 0
c [matrix] Good   matrix 0 68      x142    density:0.0894  xorlen avg: 12.69
c [matrix] Using 1 matrices recovered from 0 xors T: 0.00 T-out: N
c rst  luby stb  vmt  2059  1850K 2584      21K  2435 6.57    6.10     7718   721   36K   266 28.17   28.02  
c rst  luby stb  vmt  2060  1850K 2584      21K  2435 6.57    6.10     7718   728   36K   266 28.18   28.02  
c rst  luby stb  vmt  2061  1850K 2584      21K  2435 6.57    6.10     7718   734   36K   266 28.18   28.03  
c rst  luby stb  vmt  2062  1850K 2584      21K  2435 6.57    6.10     7718   738   36K   266 28.23   28.08  
c [full-probe]  bin_only: 1 set: 0 repl: 0 T: 0.00 T-out: N T-r: 99.92%
c [distill-bin] useful: 0/2435/2435 lits-rem: 0 cl-rem: 0 0-depth-assigns: 0 T: 0.01 T-out: N
c rst  luby stb  vmt  2063  1851K 2584      21K  2435 6.57    6.10     7718   739   37K   266 28.34   28.18  
c rst  luby stb  vmt  2064  1851K 2584      21K  2435 6.57    6.10     7718   739   37K   266 28.36   28.21  
c rst  luby stb  vmt  2065  1851K 2584      21K  2435 6.57    6.10     7718   740   37K   266 28.39   28.24  
c rst  luby stb  vmt  2066  1851K 2584      21K  2435 6.57    6.10     7718   740   37K   266 28.45   28.29  
c rst  luby stb  vmt  2067  1851K 2584      21K  2435 6.57    6.10     7718   742   37K   266 28.47   28.32  
c rst  luby stb  vmt  2068  1851K 2584      21K  2435 6.57    6.10     7718   742   37K   266 28.51   28.35  
c rst  luby stb  vmt  2069  1851K 2584      21K  2435 6.57    6.10     7718   742   38K   266 28.58   28.43  
c rst  luby stb  vmt  2070  1852K 2584      21K  2435 6.57    6.10     7718   746   38K   266 28.67   28.52  
c rst  luby stb  vmt  2071  1853K 2584      21K  2435 6.57    6.10     7718   749   39K   266 28.88   28.73  
c rst  luby stb  vmt  2072  1853K 2584      21K  2435 6.57    6.10     7718   752   39K   266 28.90   28.75  
c rst  luby stb  vmt  2073  1853K 2584      21K  2435 6.57    6.10     7718   754   39K   266 28.93   28.78  
c rst  luby stb  vmt  2074  1853K 2584      21K  2435 6.57    6.10     7719   756   39K   266 28.98   28.83  
c rst  luby stb  vmt  2075  1853K 2584      21K  2435 6.57    6.10     7719   758   39K   266 29.02   28.88  
c rst  luby stb  vmt  2076  1853K 2584      21K  2435 6.57    6.10     7719   761   39K   266 29.05   28.90  
c rst  luby stb  vmt  2077  1853K 2584      21K  2435 6.57    6.10     7722   765   40K   266 29.05   28.90  
c rst  luby stb  vmt  2078  1854K 2584      21K  2435 6.57    6.10     7722   767   40K   266 29.19   29.05  
c rst  luby stb  vmt  2079  1854K 2584      21K  2435 6.57    6.10     7722   769   40K   266 29.22   29.07  
c rst  luby stb  vmt  2080  1854K 2584      21K  2435 6.57    6.10     7722   769   40K   266 29.24   29.09  
c rst  luby stb  vmt  2081  1854K 2584      21K  2435 6.57    6.10     7722   769   40K   266 29.32   29.17  
c rst  luby stb  vmt  2082  1854K 2584      21K  2435 6.57    6.10     7722   770   40K   266 29.34   29.19  
c rst  luby stb  vmt  2083  1854K 2584      21K  2435 6.57    6.10     7722   774   41K   266 29.36   29.22  
c rst  luby stb  vmt  2084  1855K 2584      21K  2435 6.57    6.10     7722   778   41K   266 29.42   29.27  
c rst  luby stb  vmt  2085  1855K 2584      21K  2435 6.57    6.10     7722   784   41K   266 29.49   29.35  
c rst  luby stb  vmt  2086  1856K 2584      21K  2435 6.57    6.10     7722   788   42K   266 29.68   29.54  
c [distill] watch-based irred--  cl tried 25945    cl-sh 0     cl-rem 0    lit-rem 0      T: 0.05 T-out: Y
c [distill] watch-based red  --  cl tried 15444    cl-sh 0     cl-rem 0    lit-rem 0      T: 0.03 T-out: N
c rst  luby stb  vmt  2087  1857K 2584      21K  2435 6.57    6.10     7724   817   44K   266 29.94   29.80  
c rst  luby stb  vmt  2088  1857K 2584      21K  2435 6.57    6.10     7724   820   44K   266 29.97   29.83  
c rst  luby stb  vmt  2089  1858K 2584      21K  2435 6.57    6.10     7724   820   44K   266 29.99   29.85  
c rst  luby stb  vmt  2090  1858K 2584      21K  2435 6.57    6.10     7724   820   44K   266 30.03   29.89  
c rst  luby stb  vmt  2091  1858K 2584      21K  2435 6.57    6.10     7724   821   44K   266 30.04   29.90  
c rst  luby stb  vmt  2092  1858K 2584      21K  2435 6.57    6.10     7724   823   44K   266 30.06   29.92  
c rst  luby stb  vmt  2093  1858K 2584      21K  2435 6.57    6.10     7724   825   44K   266 30.10   29.96  
c rst  luby stb  vmt  2094  1859K 2584      21K  2435 6.57    6.10     7724   832   45K   266 30.16   30.02  
c rst  luby stb  vmt  2095  1859K 2584      21K  2435 6.57    6.10     7724   832   45K   266 30.18   30.04  
c rst  luby stb  vmt  2096  1859K 2584      21K  2435 6.57    6.10     7724   833   45K   266 30.21   30.07  
c rst  luby stb  vmt  2097  1859K 2584      21K  2435 6.57    6.10     7724   840   45K   266 30.24   30.10  
c rst  luby stb  vmt  2098  1859K 2584      21K  2435 6.57    6.10     7724   847   45K   266 30.24   30.11  
c rst  luby stb  vmt  2099  1859K 2584      21K  2435 6.57    6.10     7724   848   45K   266 30.26   30.13  
c rst  luby stb  vmt  2100  1859K 2584      21K  2435 6.57    6.10     7724   850   46K   266 30.30   30.16  
c rst  luby stb  vmt  2101  1860K 2584      21K  2435 6.57    6.10     7856   919   23K   266 30.12   29.89  
c rst  luby stb  vmt  2102  1861K 2584      21K  2435 6.57    6.10     7856   923   24K   266 30.54   30.32  
c rst  luby stb  vmt  2103  1861K 2584      21K  2435 6.57    6.10     7856   924   24K   266 30.57   30.34  
c rst  luby stb  vmt  2104  1861K 2584      21K  2435 6.57    6.10     7856   930   24K   266 30.59   30.37  
c rst  luby stb  vmt  2105  1861K 2584      21K  2435 6.57    6.10     7857   934   24K   266 30.68   30.45  
c rst  luby stb  vmt  2106  1861K 2584      21K  2435 6.57    6.10     7857   934   24K   266 30.71   30.48  
c rst  luby stb  vmt  2107  1861K 2584      21K  2435 6.57    6.10     7858   934   24K   266 30.73   30.51  
c [distill-long-red0] cls tried: 149/149 T: 0.01 T-out: N T-r: 99.84%
c [distill-long-red1] cls tried: 193/427 T: 0.02 T-out: Y T-r: -0.40%
c rst  luby stb  vmt  2108  1861K 2584      21K  2435 6.57    6.10     7858   935   25K   266 30.77   30.55  
c rst  luby stb  vmt  2109  1862K 2584      21K  2435 6.57    6.10     7859   938   25K   266 30.88   30.66  
c rst  luby ibes vmt  2110  1862K 2584      21K  2435 6.57    6.10     7861   949   25K   266 30.85   30.63  
c rst  luby ibes vmt  2111  1862K 2584      21K  2435 6.57    6.10     7861   951   25K   266 30.86   30.64  
c rst  luby ibes vmt  2112  1862K 2584      21K  2435 6.57    6.10     7861   952   25K   266 30.83   30.61  
c rst  luby ibes vmt  2113  1862K 2584      21K  2435 6.57    6.10     7861   953   25K   266 30.82   30.60  
c rst  luby ibes vmt  2114  1862K 2584      21K  2435 6.57    6.10     7861   954   26K   266 30.82   30.60  
c rst  luby ibes vmt  2115  1863K 2584      21K  2435 6.57    6.10     7861   954   26K   266 30.84   30.62  
c rst  luby ibes vmt  2116  1863K 2584      21K  2435 6.57    6.10     7861   959   26K   266 30.79   30.58  
c rst  luby ibes vmt  2117  1864K 2584      21K  2435 6.57    6.10     7861   968   27K   266 30.77   30.56  
c rst  luby ibes vmt  2118  1865K 2584      21K  2435 6.57    6.10     7862   976   29K   266 30.70   30.50  
c rst  luby ibes vmt  2119  1869K 2584      21K  2435 6.57    6.10     7866  1006   32K   266 30.79   30.60  
c rst  luby ibes vmt  2120  1875K 2584      21K  2435 6.57    6.10     7957  1039   29K   266 29.56   29.37  
c [full-probe]  bin_only: 0 set: 0 repl: 0 T: 0.01 T-out: N T-r: 98.28%
c [distill-bin] useful: 0/2435/2435 lits-rem: 0 cl-rem: 0 0-depth-assigns: 0 T: 0.01 T-out: N
c rst  luby ibes vmt  2121  1875K 2584      21K  2435 6.57    6.10     7957  1039   29K   266 29.56   29.37  
c rst  luby ibes vmt  2122  1875K 2584      21K  2435 6.57    6.10     7957  1039   29K   266 29.57   29.38  
c rst  luby ibes vmt  2123  1875K 2584      21K  2435 6.57    6.10     7957  1040   29K   266 29.57   29.39  
c rst  luby ibes vmt  2124  1876K 2584      21K  2435 6.57    6.10     7957  1041   30K   266 29.57   29.38  
c rst  luby ibes vmt  2125  1876K 2584      21K  2435 6.57    6.10     7957  1042   30K   266 29.57   29.38  
c rst  luby ibes vmt  2126  1876K 2584      21K  2435 6.57    6.10     7957  1042   30K   266 29.58   29.39  
c rst  luby ibes vmt  2127  1876K 2584      21K  2435 6.57    6.10     7957  1047   30K   266 29.60   29.42  
c [distill-long-red0] cls tried: 67/67 T: 0.01 T-out: N T-r: 99.91%
c [distill-long-red1] cls tried: 155/374 T: 0.02 T-out: Y T-r: -0.82%
c rst  luby ibes vmt  2128  1876K 2584      21K  2435 6.57    6.10     7957  1057   30K   266 29.61   29.43  
c rst  luby ibes vmt  2129  1876K 2584      21K  2435 6.57    6.10     7957  1057   30K   266 29.62   29.44  
c rst  luby ibes vmt  2130  1877K 2584      21K  2435 6.57    6.10     7959  1069   31K   266 29.59   29.41  
c rst  luby ibes vmt  2131  1877K 2584      21K  2435 6.57    6.10     7959  1069   31K   266 29.62   29.44  
c rst  luby ibes vmt  2132  1877K 2584      21K  2435 6.57    6.10     7959  1071   31K   266 29.62   29.44  
c rst  luby ibes vmt  2133  1877K 2584      21K  2435 6.57    6.10     7959  1075   31K   266 29.62   29.44  
c rst  luby ibes vmt  2134  1877K 2584      21K  2435 6.57    6.10     7959  1078   31K   266 29.61   29.43  
c rst  luby ibes vmt  2135  1878K 2584      21K  2435 6.57    6.10     7959  1087   32K   266 29.69   29.51  
c rst  luby ibes vmt  2136  1878K 2584      21K  2435 6.57    6.10     7959  1087   32K   266 29.70   29.53  
c rst  luby ibes vmt  2137  1878K 2584      21K  2435 6.57    6.10     7959  1090   32K   266 29.70   29.52  
c rst  luby ibes vmt  2138  1879K 2584      21K  2435 6.57    6.10     7959  1092   33K   266 29.74   29.57  
c rst  luby ibes vmt  2139  1879K 2584      21K  2435 6.57    6.10     7959  1093   33K   266 29.76   29.58  
c rst  luby ibes vmt  2140  1879K 2584      21K  2435 6.57    6.10     7959  1095   33K   266 29.75   29.58  
c rst  luby ibes vmt  2141  1879K 2584      21K  2435 6.57    6.10     7959  1095   33K   266 29.78   29.61  
c rst  luby ibes vmt  2142  1879K 2584      21K  2435 6.57    6.10     7959  1095   33K   266 29.81   29.64  
c rst  luby ibes vmt  2143  1880K 2584      21K  2435 6.57    6.10     7959  1095   34K   266 29.81   29.64  
c rst  luby ibes vmt  2144  1880K 2584      21K  2435 6.57    6.10     8015  1027   34K   266 29.80   29.63  
c rst  luby ibes vmt  2145  1880K 2584      21K  2435 6.57    6.10     8015  1030   34K   266 29.80   29.63  
c rst  luby ibes vmt  2146  1880K 2584      21K  2435 6.57    6.10     8015  1030   34K   266 29.81   29.64  
c rst  luby ibes vmt  2147  1880K 2584      21K  2435 6.57    6.10     8015  1031   34K   266 29.81   29.64  
c rst  luby ibes vmt  2148  1880K 2584      21K  2435 6.57    6.10     8015  1034   34K   266 29.83   29.66  
c rst  luby ibes vmt  2149  1881K 2584      21K  2435 6.57    6.10     8015  1037   35K   266 29.80   29.63  
c rst  luby ibes vmt  2150  1881K 2584      21K  2435 6.57    6.10     8015  1046   35K   266 29.87   29.70  
c [distill] watch-based irred--  cl tried 31130    cl-sh 0     cl-rem 0    lit-rem 0      T: 0.05 T-out: Y
c [distill] watch-based red  --  cl tried 16030    cl-sh 4     cl-rem 0    lit-rem 4      T: 0.03 T-out: N
c rst  luby ibes vmt  2151  1883K 2584      21K  2435 6.57    6.10     8018  1074   37K   266 29.98   29.82  
c rst  luby ibes vmt  2152  1883K 2584      21K  2435 6.57    6.10     8018  1075   37K   266 29.99   29.83  
c rst  luby ibes vmt  2153  1883K 2584      21K  2435 6.57    6.10     8018  1088   37K   266 29.97   29.81  
c rst  luby ibes vmt  2154  1884K 2584      21K  2435 6.57    6.10     8018  1090   37K   266 29.99   29.83  
c rst  luby ibes vmt  2155  1884K 2584      21K  2435 6.57    6.10     8018  1090   37K   266 30.00   29.84  
c rst  luby ibes vmt  2156  1884K 2584      21K  2435 6.57    6.10     8018  1091   38K   266 30.01   29.85  
c rst  luby ibes vmt  2157  1884K 2584      21K  2435 6.57    6.10     8018  1093   38K   266 30.00   29.85  
c rst  luby ibes vmt  2158  1884K 2584      21K  2435 6.57    6.10     8018  1094   38K   266 29.99   29.83  
c rst  luby ibes vmt  2159  1884K 2584      21K  2435 6.57    6.10     8018  1095   38K   266 29.99   29.83  
c rst  luby ibes vmt  2160  1885K 2584      21K  2435 6.57    6.10     8018  1095   38K   266 29.98   29.83  
c rst  luby ibes vmt  2161  1885K 2584      21K  2435 6.57    6.10     8018  1096   39K   266 30.01   29.85  
c rst  luby ibes vmt  2162  1885K 2584      21K  2435 6.57    6.10     8018  1097   39K   266 30.01   29.86  
c rst  luby ibes vmt  2163  1885K 2584      21K  2435 6.57    6.10     8018  1098   39K   266 30.00   29.85  
c rst  luby ibes vmt  2164  1885K 2584      21K  2435 6.57    6.10     8018  1108   39K   266 30.00   29.84  
c rst  luby ibes vmt  2165  1886K 2584      21K  2435 6.57    6.10     8021  1119   39K   266 30.02   29.86  
c rst  luby svd  vmt  2166  1886K 2584      21K  2435 6.57    6.10     8023  1131   40K   266 30.15   30.00  
c rst  luby svd  vmt  2167  1886K 2584      21K  2435 6.57    6.10     8023  1131   40K   266 30.17   30.02  
c rst  luby svd  vmt  2168  1887K 2584      21K  2435 6.57    6.10     8023  1131   40K   266 30.18   30.03  
c rst  luby svd  vmt  2169  1887K 2584      21K  2435 6.57    6.10     8023  1134   41K   266 30.21   30.06  
c [ccnr] tries: 0 steps: 262143 best found: 4
c [ccnr] saving best assignment phase to stable_polar
c [ccnr] bumping based on var unsat frequency: conflict_ct
c [ccnr] Bumped vars: 2588 bump type: 6
c [ccnr] time: 0.30
c rst  luby svd  vmt  2170  1887K 2584      21K  2435 6.57    6.10     8024  1149   41K   266 30.19   30.04  
c rst  luby svd  vmt  2171  1887K 2584      21K  2435 6.57    6.10     8024  1153   41K   266 30.21   30.06  
c rst  luby svd  vmt  2172  1887K 2584      21K  2435 6.57    6.10     8026  1155   41K   266 30.26   30.12  
c rst  luby svd  vmt  2173  1888K 2584      21K  2435 6.57    6.10     8028  1157   41K   266 30.31   30.16  
c rst  luby svd  vmt  2174  1888K 2584      21K  2435 6.57    6.10     8028  1157   41K   266 30.33   30.18  
c rst  luby svd  vmt  2175  1888K 2584      21K  2435 6.57    6.10     8028  1157   42K   266 30.36   30.21  
c rst  luby svd  vmt  2176  1888K 2584      21K  2435 6.57    6.10     8028  1157   42K   266 30.39   30.24  
c rst  luby svd  vmt  2177  1888K 2584      21K  2435 6.57    6.10     8028  1159   42K   266 30.40   30.25  
c rst  luby svd  vmt  2178  1888K 2584      21K  2435 6.57    6.10     8028  1161   42K   266 30.41   30.27  
c rst  luby svd  vmt  2179  1888K 2584      21K  2435 6.57    6.10     8028  1162   42K   266 30.44   30.29  
c rst  luby svd  vmt  2180  1889K 2584      21K  2435 6.57    6.10     8028  1169   43K   266 30.52   30.38  
c rst  luby svd  vmt  2181  1890K 2584      21K  2435 6.57    6.10     8028  1173   43K   266 30.61   30.47  
c rst  luby svd  vmt  2182  1891K 2584      21K  2435 6.57    6.10     8130  1334   30K   266 27.25   27.08  
c rst  luby svd  vmt  2183  1894K 2584      21K  2435 6.57    6.10     8131  1346   33K   266 27.79   27.63  
c [distill-long-red0] cls tried: 131/131 T: 0.01 T-out: N T-r: 99.83%
c [distill-long-red1] cls tried: 136/587 T: 0.02 T-out: Y T-r: -0.37%
c [impl-str] lit bin: 0 set-var: 0 T: 0.00 T-out: N T-r: 99.97% w-visit: 5176
c [impl-sub] bin: 0 T: 0.00 T-out: N w-visit: 5176
c rst  luby svd  vmt  2184  1894K 2584      21K  2435 6.57    6.10     8130  1346   34K   267 27.81   27.66  
c rst  luby svd  vmt  2185  1895K 2584      21K  2435 6.57    6.10     8130  1346   34K   267 27.84   27.68  
c rst  luby svd  vmt  2186  1895K 2584      21K  2435 6.57    6.10     8130  1346   34K   267 27.88   27.72  
c rst  luby svd  vmt  2187  1895K 2584      21K  2435 6.57    6.10     8130  1347   34K   267 27.91   27.75  
c rst  luby svd  vmt  2188  1895K 2584      21K  2435 6.57    6.10     8130  1348   34K   267 27.94   27.78  
c rst  luby svd  vmt  2189  1895K 2584      21K  2435 6.57    6.10     8130  1350   34K   267 27.97   27.81  
c [full-probe]  bin_only: 1 set: 0 repl: 0 T: 0.01 T-out: N T-r: 99.86%
c [distill-bin] useful: 0/2435/2435 lits-rem: 0 cl-rem: 0 0-depth-assigns: 0 T: 0.01 T-out: N
c rst  luby svd  vmt  2190  1896K 2584      21K  2435 6.57    6.10     8131  1351   35K   267 28.06   27.90  
c rst  luby svd  vmt  2191  1896K 2584      21K  2435 6.57    6.10     8131  1351   35K   267 28.07   27.92  
c rst  luby svd  vmt  2192  1896K 2584      21K  2435 6.57    6.10     8131  1351   35K   267 28.10   27.94  
c rst  luby svd  vmt  2193  1896K 2584      21K  2435 6.57    6.10     8131  1352   35K   267 28.14   27.99  
c rst  luby svd  vmt  2194  1896K 2584      21K  2435 6.57    6.10     8131  1353   35K   267 28.17   28.01  
c rst  luby svd  vmt  2195  1896K 2584      21K  2435 6.57    6.10     8131  1353   35K   267 28.19   28.04  
c rst  luby svd  vmt  2196  1896K 2584      21K  2435 6.57    6.10     8131  1355   35K   267 28.24   28.08  
c rst  luby svd  vmt  2197  1897K 2584      21K  2435 6.57    6.10     8131  1355   36K   267 28.37   28.22  
c rst  luby svd  vmt  2198  1898K 2584      21K  2435 6.57    6.10     8131  1356   37K   267 28.47   28.31  
c rst  luby svd  vmt  2199  1898K 2584      21K  2435 6.57    6.10     8131  1357   37K   267 28.48   28.33  
c rst  luby svd  vmt  2200  1898K 2584      21K  2435 6.57    6.10     8131  1359   37K   267 28.50   28.35  
c rst  luby svd  vmt  2201  1898K 2584      21K  2435 6.57    6.10     8131  1359   37K   267 28.55   28.40  
c rst  luby svd  vmt  2202  1898K 2584      21K  2435 6.57    6.10     8131  1360   37K   267 28.57   28.43  
c rst  luby svd  vmt  2203  1898K 2584      21K  2435 6.57    6.10     8131  1360   37K   267 28.59   28.45  
c rst  luby svd  vmt  2204  1898K 2584      21K  2435 6.57    6.10     8131  1360   37K   267 28.63   28.49  
c rst  luby svd  vmt  2205  1899K 2584      21K  2435 6.57    6.10     8131  1364   38K   267 28.72   28.57  
c rst  luby svd  vmt  2206  1899K 2584      21K  2435 6.57    6.10     8131  1365   38K   267 28.74   28.59  
c rst  luby svd  vmt  2207  1899K 2584      21K  2435 6.57    6.10     8131  1366   38K   267 28.75   28.61  
c rst  luby svd  vmt  2208  1899K 2584      21K  2435 6.57    6.10     8131  1366   38K   267 28.78   28.64  
c rst  luby svd  vmt  2209  1899K 2584      21K  2435 6.57    6.10     8131  1367   38K   267 28.80   28.65  
c rst  luby svd  vmt  2210  1899K 2584      21K  2435 6.57    6.10     8131  1367   38K   267 28.81   28.67  
c rst  luby svd  vmt  2211  1900K 2584      21K  2435 6.57    6.10     8131  1369   39K   267 28.85   28.70  
c rst  luby svd  vmt  2212  1900K 2584      21K  2435 6.57    6.10     8170  1302   39K   267 28.88   28.74  
c rst  luby svd  vmt  2213  1901K 2584      21K  2435 6.57    6.10     8170  1305   40K   267 29.02   28.88  
c rst  luby svd  vmt  2214  1902K 2584      21K  2435 6.57    6.10     8171  1314   42K   267 29.29   29.15  
c rst  luby svd  vmt  2215  1903K 2584      21K  2435 6.57    6.10     8171  1314   42K   267 29.30   29.16  
c rst  luby svd  vmt  2216  1903K 2584      21K  2435 6.57    6.10     8171  1314   42K   267 29.33   29.19  
c rst  luby svd  vmt  2217  1903K 2584      21K  2435 6.57    6.10     8171  1316   42K   267 29.37   29.23  
c rst  luby svd  vmt  2218  1903K 2584      21K  2435 6.57    6.10     8171  1316   42K   267 29.38   29.24  
c rst  luby svd  vmt  2219  1903K 2584      21K  2435 6.57    6.10     8171  1316   42K   267 29.40   29.26  
c rst  luby svd  vmt  2220  1903K 2584      21K  2435 6.57    6.10     8171  1318   42K   267 29.43   29.29  
c rst  luby svd  vmt  2221  1904K 2584      21K  2435 6.57    6.10     8171  1322   43K   267 29.51   29.37  
c rst  luby svd  vmt  2222  1904K 2584      21K  2435 6.57    6.10     8171  1322   43K   267 29.53   29.39  
c rst  luby svd  vmt  2223  1904K 2584      21K  2435 6.57    6.10     8171  1322   43K   267 29.53   29.40  
c rst  luby svd  vmt  2224  1904K 2584      21K  2435 6.57    6.10     8171  1323   43K   267 29.55   29.41  
c rst  luby svd  vmt  2225  1904K 2584      21K  2435 6.57    6.10     8171  1324   43K   267 29.56   29.42  
c rst  luby svd  vmt  2226  1904K 2584      21K  2435 6.57    6.10     8171  1325   43K   267 29.57   29.44  
c rst  luby svd  vmt  2227  1904K 2584      21K  2435 6.57    6.10     8171  1325   44K   267 29.59   29.45  
c rst  luby svd  vmt  2228  1905K 2584      21K  2435 6.57    6.10     8178  1467   26K   267 28.16   27.97  
c rst  luby svd  vmt  2229  1906K 2584      21K  2435 6.57    6.10     8178  1468   27K   267 28.39   28.20  
c rst  luby svd  vmt  2230  1906K 2584      21K  2435 6.57    6.10     8178  1468   27K   267 28.41   28.22  
c rst  luby svd  vmt  2231  1906K 2584      21K  2435 6.57    6.10     8178  1471   27K   267 28.43   28.24  
c rst  luby svd  vmt  2232  1906K 2584      21K  2435 6.57    6.10     8178  1472   28K   267 28.46   28.28  
c rst  luby svd  vmt  2233  1906K 2584      21K  2435 6.57    6.10     8178  1472   28K   267 28.49   28.30  
c rst  luby svd  vmt  2234  1906K 2584      21K  2435 6.57    6.10     8178  1473   28K   267 28.51   28.33  
c rst  luby svd  vmt  2235  1906K 2584      21K  2435 6.57    6.10     8178  1474   28K   267 28.55   28.37  
c rst  luby svd  vmt  2236  1907K 2584      21K  2435 6.57    6.10     8178  1476   28K   267 28.67   28.49  
c [distill] watch-based irred--  cl tried 30704    cl-sh 0     cl-rem 0    lit-rem 0      T: 0.05 T-out: Y
c [distill] watch-based red  --  cl tried 16353    cl-sh 0     cl-rem 3    lit-rem 0      T: 0.03 T-out: N
c rst  luby svd  vmt  2237  1907K 2584      21K  2435 6.57    6.10     8175  1479   28K   267 28.71   28.52  
c rst  luby svd  vmt  2238  1907K 2584      21K  2435 6.57    6.10     8175  1481   29K   267 28.74   28.55  
c rst  luby svd  vmt  2239  1907K 2584      21K  2435 6.57    6.10     8175  1484   29K   267 28.77   28.59  
c rst  luby svd  vmt  2240  1907K 2584      21K  2435 6.57    6.10     8175  1484   29K   267 28.78   28.60  
c rst  luby svd  vmt  2241  1907K 2584      21K  2435 6.57    6.10     8175  1484   29K   267 28.81   28.63  
c rst  luby svd  vmt  2242  1908K 2584      21K  2435 6.57    6.10     8175  1484   29K   267 28.86   28.68  
c rst  luby svd  vmt  2243  1908K 2584      21K  2435 6.57    6.10     8175  1488   30K   267 28.98   28.80  
c rst  luby svd  vmt  2244  1909K 2584      21K  2435 6.57    6.10     8175  1491   30K   267 29.20   29.02  
c rst  luby svd  vmt  2245  1910K 2584      21K  2435 6.57    6.10     8218  1344   32K   267 29.41   29.23  
c [distill-long-red0] cls tried: 74/74 T: 0.01 T-out: N T-r: 99.89%
c [distill-long-red1] cls tried: 163/570 T: 0.02 T-out: Y T-r: -1.06%
c rst  geom best vmt  2246  1911K 2584      21K  2435 6.57    6.10     8218  1345   32K   267 29.40   29.23  
c rst  geom best vmt  2247  1911K 2584      21K  2435 6.57    6.10     8218  1348   32K   267 29.41   29.23  
c rst  geom best vmt  2248  1911K 2584      21K  2435 6.57    6.10     8218  1348   32K   267 29.41   29.24  
c rst  geom best vmt  2249  1911K 2584      21K  2435 6.57    6.10     8218  1348   33K   267 29.44   29.27  
c rst  geom best vmt  2250  1911K 2584      21K  2435 6.57    6.10     8218  1351   33K   267 29.44   29.27  
c rst  geom best vmt  2251  1911K 2584      21K  2435 6.57    6.10     8218  1351   33K   267 29.46   29.29  
c rst  geom best vmt  2252  1912K 2584      21K  2435 6.57    6.10     8218  1352   33K   267 29.46   29.29  
c rst  geom best vmt  2253  1912K 2584      21K  2435 6.57    6.10     8218  1353   33K   267 29.48   29.31  
c rst  geom best vmt  2254  1912K 2584      21K  2435 6.57    6.10     8218  1354   34K   267 29.49   29.32  
c rst  geom best vmt  2255  1912K 2584      21K  2435 6.57    6.10     8218  1362   34K   267 29.49   29.32  
c rst  geom best vmt  2256  1913K 2584      21K  2435 6.57    6.10     8219  1370   34K   267 29.54   29.37  
c rst  geom best vmt  2257  1913K 2584      21K  2435 6.57    6.10     8219  1374   34K   267 29.55   29.38  
c rst  geom best vmt  2258  1913K 2584      21K  2435 6.57    6.10     8219  1377   35K   267 29.56   29.40  
c rst  geom best vmt  2259  1914K 2584      21K  2435 6.57    6.10     8219  1377   35K   267 29.63   29.47  
c rst  geom best vmt  2260  1914K 2584      21K  2435 6.57    6.10     8219  1382   36K   267 29.65   29.49  
c rst  geom best vmt  2261  1914K 2584      21K  2435 6.57    6.10     8220  1389   36K   267 29.69   29.53  
c rst  geom best vmt  2262  1915K 2584      21K  2435 6.57    6.10     8220  1399   36K   267 29.66   29.50  
c [gauss] XOR-encoding clauses are not detached, so no need to reattach them.
c [g 0] truth-find prop checks  : 1577K
c [g 0] -> of which prop        : 43.01 %
c [g 0] -> of which confl       :  0.99 %
c [g 0] elim called             : 116K
c [g 0] ---> which lead to prop : 195.52 %
c [g 0] ---> which lead to confl:  4.55 %
c [g 0] size: 68    x 142  
c [scc] new: 0 BP 0M T: 0.00
c [vrep] vars 0 lits 0 rem-bin-cls 0 rem-long-cls 0 BP 0M T: 0.00
c [intree] Set 0 vars hyper-added: 0 trans-irred: 0 trans-red: 3 T: 0.01 T-out: N T-r: -0.63%
c [find&init matx] performing matrix init
c [gauss] XOR-encoding clauses are not detached, so no need to reattach them.
c [xor-rem-unconnected] left with 209 xors from 209 non-empty xors T: 0.00
c [xor-together] xored together: 141 orig xors: 209 new xors: 68 T: 0.00
c [xor-rem-unconnected] left with 68 xors from 68 non-empty xors T: 0.00
c [xor-clean-equiv] removed equivalent xors: 0 left with: 68
c [matrix] unused xors from cleaning: 0
c [matrix] Good   matrix 0 68      x142    density:0.0894  xorlen avg: 12.69
c [matrix] Using 1 matrices recovered from 0 xors T: 0.00 T-out: N
c rst  geom best vmt  2263  1915K 2584      21K  2435 6.57    6.10     8220  1403   37K   264 29.67   29.51  
c [full-probe]  bin_only: 0 set: 0 repl: 0 T: 0.01 T-out: N T-r: 98.73%
c [distill-bin] useful: 0/2435/2435 lits-rem: 0 cl-rem: 0 0-depth-assigns: 0 T: 0.01 T-out: N
c rst  geom best vmt  2264  1916K 2584      21K  2435 6.57    6.10     8220  1404   38K   264 29.75   29.60  
c rst  geom best vmt  2265  1917K 2584      21K  2435 6.57    6.10     8221  1407   38K   264 29.75   29.60  
c rst  geom best vmt  2266  1917K 2584      21K  2435 6.57    6.10     8221  1414   39K   264 29.74   29.59  
c rst  geom best vmt  2267  1918K 2584      21K  2435 6.57    6.10     8221  1419   40K   264 29.76   29.61  
c rst  geom best vmt  2268  1919K 2584      21K  2435 6.57    6.10     8221  1422   41K   264 29.72   29.58  
c rst  geom best vmt  2269  1920K 2584      21K  2435 6.57    6.10     8338  1432   29K   264 28.28   28.10  
c rst  geom best vmt  2270  1921K 2584      21K  2435 6.57    6.10     8338  1435   30K   264 28.37   28.20  
c rst  geom best vmt  2271  1922K 2584      21K  2435 6.57    6.10     8338  1435   31K   264 28.60   28.43  
c rst  geom best vmt  2272  1924K 2584      21K  2435 6.57    6.10     8338  1439   33K   264 28.70   28.53  
c rst  geom best vmt  2273  1925K 2584      21K  2435 6.57    6.10     8338  1448   34K   264 28.75   28.59  
c rst  geom best vmt  2274  1926K 2584      21K  2435 6.57    6.10     8338  1457   35K   264 28.77   28.61  
c [distill-long-red0] cls tried: 96/96 T: 0.01 T-out: N T-r: 99.85%
c [distill-long-red1] cls tried: 137/596 T: 0.02 T-out: Y T-r: -1.27%
c rst  geom best vmt  2275  1928K 2584      21K  2435 6.57    6.10     8341  1527   37K   264 28.89   28.74  
c rst  geom best vmt  2276  1930K 2584      21K  2435 6.57    6.10     8426  1315   39K   264 29.05   28.91  
c rst  geom best vmt  2277  1932K 2584      21K  2435 6.57    6.10     8427  1321   41K   264 29.21   29.07  
c [distill] watch-based irred--  cl tried 28950    cl-sh 0     cl-rem 0    lit-rem 0      T: 0.05 T-out: Y
c [distill] watch-based red  --  cl tried 16854    cl-sh 4     cl-rem 0    lit-rem 4      T: 0.03 T-out: N
c [ccnr] tries: 0 steps: 262143 best found: 3
c [ccnr] saving best assignment phase to stable_polar
c [ccnr] bumping based on var unsat frequency: conflict_ct
c [ccnr] Bumped vars: 2588 bump type: 6
c [ccnr] time: 0.30
c rst  geom best vmt  2278  1934K 2584      21K  2435 6.57    6.10     8431  1390   43K   264 29.57   29.43  
c rst  geom best vmt  2279  1937K 2584      21K  2435 6.57    6.10     8449  1646   35K   264 28.31   28.15  
c [full-probe]  bin_only: 1 set: 0 repl: 0 T: 0.01 T-out: N T-r: 99.89%
c [distill-bin] useful: 0/2435/2435 lits-rem: 0 cl-rem: 0 0-depth-assigns: 0 T: 0.01 T-out: N
c rst  geom stb  vmt  2280  1940K 2584      21K  2435 6.57    6.10     8450  1674   37K   264 29.08   28.93  
c rst  geom stb  vmt  2281  1943K 2584      21K  2435 6.57    6.10     8619  1418   40K   264 29.62   29.48  
c [distill-long-red0] cls tried: 224/224 T: 0.02 T-out: N T-r: 99.67%
c [distill-long-red1] cls tried: 127/661 T: 0.02 T-out: Y T-r: -1.25%
c rst  geom stb  vmt  2282  1946K 2584      21K  2435 6.57    6.10     8619  1448   44K   264 30.18   30.04  
c rst  geom stb  vmt  2283  1949K 2584      21K  2435 6.57    6.10     8620  1472   47K   264 30.81   30.68  
c rst  geom stb  vmt  2284  1953K 2584      21K  2435 6.57    6.10     8691  1507   30K   264 29.33   29.15  
c rst  geom stb  vmt  2285  1958K 2584      21K  2435 6.57    6.10     8692  1556   34K   264 29.98   29.82  
c [distill-long-red0] cls tried: 58/58 T: 0.01 T-out: N T-r: 99.92%
c [distill-long-red1] cls tried: 172/716 T: 0.02 T-out: Y T-r: -1.03%
c [full-probe]  bin_only: 0 set: 0 repl: 0 T: 0.01 T-out: N T-r: 99.03%
c [distill-bin] useful: 0/2435/2435 lits-rem: 0 cl-rem: 0 0-depth-assigns: 0 T: 0.01 T-out: N
c [distill] watch-based irred--  cl tried 29631    cl-sh 0     cl-rem 0    lit-rem 0      T: 0.05 T-out: Y
c [distill] watch-based red  --  cl tried 17384    cl-sh 1     cl-rem 0    lit-rem 1      T: 0.03 T-out: N
c [impl-str] lit bin: 0 set-var: 0 T: 0.00 T-out: N T-r: 99.97% w-visit: 5176
c [impl-sub] bin: 0 T: 0.00 T-out: N w-visit: 5176
c rst  geom stb  vmt  2286  1963K 2584      21K  2435 6.57    6.10     8743  1344   39K   264 30.48   30.33  
c rst  geom ibes vmt  2287  1968K 2584      21K  2435 6.57    6.10     8747  1454   30K   264 29.10   28.92  
c rst  geom ibes vmt  2288  1974K 2584      21K  2435 6.57    6.10     8770  1405   36K   264 29.09   28.94  
c [distill-long-red0] cls tried: 62/62 T: 0.00 T-out: N T-r: 99.93%
c [distill-long-red1] cls tried: 183/549 T: 0.02 T-out: Y T-r: -1.00%
c rst  geom ibes vmt  2289  1980K 2584      21K  2435 6.57    6.10     8833  1580   33K   264 26.93   26.78  
c [full-probe]  bin_only: 1 set: 0 repl: 0 T: 0.01 T-out: N T-r: 99.86%
c [distill-bin] useful: 0/2435/2435 lits-rem: 0 cl-rem: 0 0-depth-assigns: 0 T: 0.01 T-out: N
c [gauss] XOR-encoding clauses are not detached, so no need to reattach them.
c [g 0] truth-find prop checks  : 1605K
c [g 0] -> of which prop        : 38.63 %
c [g 0] -> of which confl       :  0.99 %
c [g 0] elim called             : 136K
c [g 0] ---> which lead to prop : 189.56 %
c [g 0] ---> which lead to confl:  4.42 %
c [g 0] size: 68    x 142  
c [scc] new: 0 BP 0M T: 0.00
c [vrep] vars 0 lits 0 rem-bin-cls 0 rem-long-cls 0 BP 0M T: 0.01
c [intree] Set 0 vars hyper-added: 2 trans-irred: 0 trans-red: 1 T: 0.01 T-out: N T-r: -0.74%
c [find&init matx] performing matrix init
c [gauss] XOR-encoding clauses are not detached, so no need to reattach them.
c [xor-rem-unconnected] left with 209 xors from 209 non-empty xors T: 0.00
c [xor-together] xored together: 141 orig xors: 209 new xors: 68 T: 0.00
c [xor-rem-unconnected] left with 68 xors from 68 non-empty xors T: 0.00
c [xor-clean-equiv] removed equivalent xors: 0 left with: 68
c [matrix] unused xors from cleaning: 0
c [matrix] Good   matrix 0 68      x142    density:0.0894  xorlen avg: 12.69
c [matrix] Using 1 matrices recovered from 0 xors T: 0.00 T-out: N
c [ccnr] tries: 0 steps: 262143 best found: 4
c [ccnr] saving best assignment phase to stable_polar
c [ccnr] bumping based on clause weights
c [ccnr] Bumped vars: 101 bump type: 6
c [ccnr] time: 0.29
c rst  geom ibes vmt  2290  1987K 2584      21K  2435 6.57    6.10     8836  1644   39K   265 28.23   28.09  
c [distill] watch-based irred--  cl tried 28048    cl-sh 0     cl-rem 0    lit-rem 0      T: 0.05 T-out: Y
c [distill] watch-based red  --  cl tried 16850    cl-sh 1     cl-rem 0    lit-rem 1      T: 0.03 T-out: Y
c rst  geom ibes vmt  2291  1995K 2584      21K  2435 6.57    6.10     8938  1724   35K   265 26.61   26.47  
c [distill-long-red0] cls tried: 130/130 T: 0.01 T-out: N T-r: 99.82%
c [distill-long-red1] cls tried: 134/812 T: 0.02 T-out: Y T-r: -1.73%
c rst  geom svd  vmt  2292  2004K 2584      21K  2435 6.57    6.10     8983  1572   43K   265 27.12   27.00  
c [branch] adjusting to: vsid (from: vmtf) var_decay:0.95 descr: VSIDS
c [full-probe]  bin_only: 0 set: 0 repl: 0 T: 0.01 T-out: N T-r: 98.39%
c [distill-bin] useful: 0/2435/2435 lits-rem: 0 cl-rem: 0 0-depth-assigns: 0 T: 0.01 T-out: N
c rst  geom svd  vs   2293  2004K 2584      21K  2435 6.57    6.10     8983  1572   43K   265 27.12   27.00  
c rst  geom svd  vs   2294  2004K 2584      21K  2435 6.57    6.10     8983  1574   43K   265 27.13   27.01  
c rst  geom svd  vs   2295  2004K 2584      21K  2435 6.57    6.10     8983  1574   44K   265 27.13   27.01  
c rst  geom svd  vs   2296  2004K 2584      21K  2435 6.57    6.10     8983  1574   44K   265 27.15   27.03  
c rst  geom svd  vs   2297  2004K 2584      21K  2435 6.57    6.10     8983  1574   44K   265 27.18   27.06  
c rst  geom svd  vs   2298  2004K 2584      21K  2435 6.57    6.10     8983  1574   44K   265 27.20   27.08  
c rst  geom svd  vs   2299  2005K 2584      21K  2435 6.57    6.10     8983  1574   44K   265 27.22   27.10  
c rst  geom svd  vs   2300  2005K 2584      21K  2435 6.57    6.10     8983  1574   45K   265 27.24   27.12  
c rst  geom svd  vs   2301  2005K 2584      21K  2435 6.57    6.10     8983  1577   45K   265 27.27   27.15  
c rst  geom svd  vs   2302  2005K 2584      21K  2435 6.57    6.10     8983  1577   45K   265 27.30   27.18  
c rst  geom svd  vs   2303  2006K 2584      21K  2435 6.57    6.10     8983  1578   45K   265 27.32   27.20  
c rst  geom svd  vs   2304  2006K 2584      21K  2435 6.57    6.10     8983  1578   46K   265 27.31   27.19  
c rst  geom svd  vs   2305  2006K 2584      21K  2435 6.57    6.10     8983  1580   46K   265 27.31   27.19  
c rst  geom svd  vs   2306  2007K 2584      21K  2435 6.57    6.10     8983  1582   46K   265 27.33   27.22  
c rst  geom svd  vs   2307  2007K 2584      21K  2435 6.57    6.10     8983  1586   47K   265 27.37   27.25  
c rst  geom svd  vs   2308  2008K 2584      21K  2435 6.57    6.10     8983  1589   47K   265 27.39   27.27  
c rst  geom svd  vs   2309  2008K 2584      21K  2435 6.57    6.10     8983  1589   48K   265 27.40   27.28  
c rst  geom svd  vs   2310  2009K 2584      21K  2435 6.57    6.10     8983  1589   48K   265 27.44   27.33  
c rst  geom svd  vs   2311  2009K 2584      21K  2435 6.57    6.10     8983  1589   49K   265 27.49   27.38  
c rst  geom svd  vs   2312  2010K 2584      21K  2435 6.57    6.10     8998  1461   34K   265 25.94   25.81  
c rst  geom svd  vs   2313  2011K 2584      21K  2435 6.57    6.10     8998  1461   35K   265 26.00   25.86  
c [distill-long-red0] cls tried: 51/51 T: 0.00 T-out: N T-r: 99.94%
c [distill-long-red1] cls tried: 147/665 T: 0.02 T-out: Y T-r: -1.78%
c rst  geom svd  vs   2314  2011K 2584      21K  2435 6.57    6.10     8998  1462   36K   265 26.10   25.97  
c rst  geom svd  vs   2315  2012K 2584      21K  2435 6.57    6.10     8998  1464   37K   265 26.21   26.07  
c rst  geom svd  vs   2316  2013K 2584      21K  2435 6.57    6.10     8998  1464   38K   265 26.28   26.15  
c [distill] watch-based irred--  cl tried 30233    cl-sh 0     cl-rem 0    lit-rem 0      T: 0.05 T-out: Y
c [distill] watch-based red  --  cl tried 16383    cl-sh 0     cl-rem 0    lit-rem 0      T: 0.04 T-out: Y
c rst  geom svd  vs   2317  2014K 2584      21K  2435 6.57    6.10     8998  1464   39K   265 26.35   26.22  
c rst  geom svd  vs   2318  2015K 2584      21K  2435 6.57    6.10     8998  1466   40K   265 26.47   26.35  
c rst  geom svd  vs   2319  2017K 2584      21K  2435 6.57    6.10     8998  1475   41K   265 26.61   26.48  
c rst  geom svd  vs   2320  2018K 2584      21K  2435 6.57    6.10     8998  1484   43K   265 26.71   26.58  
c [impl-str] lit bin: 0 set-var: 0 T: 0.00 T-out: N T-r: 99.97% w-visit: 5176
c [impl-sub] bin: 0 T: 0.00 T-out: N w-visit: 5176
c rst  geom svd  vs   2321  2020K 2584      21K  2435 6.57    6.10     8998  1484   44K   265 26.91   26.79  
c rst  geom svd  vs   2322  2021K 2584      21K  2435 6.57    6.10     9019  1388   46K   265 27.09   26.97  
c rst  geom best vs   2323  2023K 2584      21K  2435 6.57    6.10     9019  1397   48K   265 27.10   26.99  
c rst  geom best vs   2324  2025K 2584      21K  2435 6.57    6.10     9029  1450   33K   265 25.06   24.93  
c [full-probe]  bin_only: 1 set: 0 repl: 0 T: 0.01 T-out: N T-r: 99.85%
c [distill-bin] useful: 0/2435/2435 lits-rem: 0 cl-rem: 0 0-depth-assigns: 0 T: 0.01 T-out: N
c [ccnr] tries: 0 steps: 262143 best found: 4
c [ccnr] saving best assignment phase to stable_polar
c [ccnr] bumping based on var unsat frequency: conflict_ct
c [ccnr] Bumped vars: 2588 bump type: 6
c [ccnr] time: 0.29
c rst  geom best vs   2325  2027K 2584      21K  2435 6.57    6.10     9029  1453   36K   265 25.25   25.12  
c [distill-long-red0] cls tried: 27/27 T: 0.00 T-out: N T-r: 99.96%
c [distill-long-red1] cls tried: 163/565 T: 0.02 T-out: Y T-r: -0.93%
c rst  geom best vs   2326  2030K 2584      21K  2435 6.57    6.10     9055  1358   38K   265 25.37   25.24  
c rst  geom best vs   2327  2033K 2584      21K  2435 6.57    6.10     9055  1365   41K   265 25.53   25.41  
c rst  geom best vs   2328  2036K 2584      21K  2435 6.57    6.10     9056  1384   44K   265 25.87   25.76  
c rst  geom best vs   2329  2039K 2584      21K  2435 6.57    6.10     9056  1386   47K   265 26.08   25.97  
c [distill] watch-based irred--  cl tried 29561    cl-sh 0     cl-rem 0    lit-rem 0      T: 0.05 T-out: Y
c [distill] watch-based red  --  cl tried 15700    cl-sh 0     cl-rem 0    lit-rem 0      T: 0.04 T-out: Y
c rst  geom best vs   2330  2043K 2584      21K  2435 6.57    6.10     9116  1370   37K   265 24.98   24.86  
c [distill-long-red0] cls tried: 58/58 T: 0.01 T-out: N T-r: 99.92%
c [distill-long-red1] cls tried: 140/436 T: 0.02 T-out: Y T-r: -0.84%
c rst  geom best vs   2331  2047K 2584      21K  2435 6.57    6.10     9118  1389   41K   265 25.27   25.15  
c [full-probe]  bin_only: 0 set: 0 repl: 0 T: 0.01 T-out: N T-r: 98.65%
c [distill-bin] useful: 0/2435/2435 lits-rem: 0 cl-rem: 0 0-depth-assigns: 0 T: 0.01 T-out: N
c [gauss] XOR-encoding clauses are not detached, so no need to reattach them.
c [g 0] truth-find prop checks  : 1649K
c [g 0] -> of which prop        : 33.48 %
c [g 0] -> of which confl       :  1.04 %
c [g 0] elim called             : 154K
c [g 0] ---> which lead to prop : 164.08 %
c [g 0] ---> which lead to confl:  4.54 %
c [g 0] size: 68    x 142  
c [scc] new: 0 BP 0M T: 0.00
c [vrep] vars 0 lits 0 rem-bin-cls 0 rem-long-cls 0 BP 0M T: 0.01
c [intree] Set 0 vars hyper-added: 0 trans-irred: 0 trans-red: 0 T: 0.01 T-out: N T-r: -0.63%
c [find&init matx] performing matrix init
c [gauss] XOR-encoding clauses are not detached, so no need to reattach them.
c [xor-rem-unconnected] left with 209 xors from 209 non-empty xors T: 0.00
c [xor-together] xored together: 141 orig xors: 209 new xors: 68 T: 0.00
c [xor-rem-unconnected] left with 68 xors from 68 non-empty xors T: 0.00
c [xor-clean-equiv] removed equivalent xors: 0 left with: 68
c [matrix] unused xors from cleaning: 0
c [matrix] Good   matrix 0 68      x142    density:0.0894  xorlen avg: 12.69
c [matrix] Using 1 matrices recovered from 0 xors T: 0.00 T-out: N
c rst  geom stb  vs   2332  2051K 2584      21K  2435 6.57    6.10     9150  1201   46K   265 26.24   26.13  
c rst  geom stb  vs   2333  2056K 2584      21K  2435 6.57    6.10     9158  1277   35K   265 25.55   25.41  
c rst  geom stb  vs   2334  2061K 2584      21K  2435 6.57    6.10     9169  1123   40K   265 26.37   26.25  
c [distill-long-red0] cls tried: 38/38 T: 0.00 T-out: N T-r: 99.93%
c [distill-long-red1] cls tried: 167/318 T: 0.02 T-out: Y T-r: -2.70%
c rst  geom stb  vs   2335  2067K 2584      21K  2435 6.57    6.10     9169  1136   46K   265 27.45   27.33  
c [full-probe]  bin_only: 1 set: 0 repl: 0 T: 0.01 T-out: N T-r: 99.83%
c [distill-bin] useful: 0/2435/2435 lits-rem: 0 cl-rem: 0 0-depth-assigns: 0 T: 0.01 T-out: N
c [distill] watch-based irred--  cl tried 26603    cl-sh 0     cl-rem 0    lit-rem 0      T: 0.05 T-out: Y
c [distill] watch-based red  --  cl tried 17524    cl-sh 0     cl-rem 0    lit-rem 0      T: 0.04 T-out: Y
c rst  geom stb  vs   2336  2073K 2584      21K  2435 6.57    6.10     9209  1012   30K   265 27.58   27.41  
c [ccnr] tries: 0 steps: 262143 best found: 4
c [ccnr] saving best assignment phase to stable_polar
c [ccnr] bumping based on var unsat frequency: conflict_ct
c [ccnr] Bumped vars: 2588 bump type: 6
c [ccnr] time: 0.29
c rst  geom ibes vs   2337  2080K 2584      21K  2435 6.57    6.10     9225   896   37K   265 28.35   28.20  
c [distill-long-red0] cls tried: 26/26 T: 0.00 T-out: N T-r: 99.96%
c [distill-long-red1] cls tried: 165/165 T: 0.02 T-out: N T-r: 16.62%
c [impl-str] lit bin: 0 set-var: 0 T: 0.00 T-out: N T-r: 99.97% w-visit: 5176
c [impl-sub] bin: 0 T: 0.00 T-out: N w-visit: 5176
c rst  geom ibes vs   2338  2088K 2584      21K  2435 6.57    6.10     9229   944   31K   265 26.75   26.60  
c [full-probe]  bin_only: 0 set: 0 repl: 0 T: 0.01 T-out: N T-r: 98.92%
c [distill-bin] useful: 0/2435/2435 lits-rem: 0 cl-rem: 0 0-depth-assigns: 0 T: 0.01 T-out: N
c rst  geom ibes vs   2339  2097K 2584      21K  2435 6.57    6.10     9236   889   40K   265 27.17   27.04  
c [distill-long-red0] cls tried: 6/6 T: 0.00 T-out: N T-r: 99.99%
c [distill-long-red1] cls tried: 56/56 T: 0.01 T-out: N T-r: 65.28%
c [distill] watch-based irred--  cl tried 30972    cl-sh 0     cl-rem 0    lit-rem 0      T: 0.05 T-out: Y
c [distill] watch-based red  --  cl tried 18472    cl-sh 1     cl-rem 0    lit-rem 1      T: 0.03 T-out: N
c rst  geom ibes vs   2340  2106K 2584      21K  2435 6.57    6.10     9262   899   39K   265 25.23   25.10  
c rst  geom svd  vs   2341  2114K 2584      21K  2435 6.57    6.10     9286   808   47K   265 25.98   25.87  
c recursive minimization cost OK: 2564Kcost/(% lits removed)
c [gauss] XOR-encoding clauses are not detached, so no need to reattach them.
c [g 0] truth-find prop checks  : 1485K
c [g 0] -> of which prop        : 36.74 %
c [g 0] -> of which confl       :  1.07 %
c [g 0] elim called             : 137K
c [g 0] ---> which lead to prop : 176.40 %
c [g 0] ---> which lead to confl:  4.80 %
c [g 0] size: 68    x 142  
c --> Executing strategy token: scc-vrepl
c [scc] new: 0 BP 0M T: 0.00
c --> Executing strategy token: sub-impl
c [impl-sub] bin: 0 T: 0.00 T-out: N w-visit: 5176
c --> Executing strategy token: breakid
c --> Executing OCC strategy token(s): 'occ-backw-sub-str,occ-clean-implicit,occ-bve,occ-bva,occ-ternary-res,occ-xor,'
c [occ] mem usage for occur 2      MB
c [occ] Linked in IRRED BIN by default: 2435
c [occ] Linked in RED   BIN by default: 265
c [occ] mem usage for occur 1      MB
c Mem for watch alloc      : 17          MB (30.63     %)
c Mem for watch array      : 0           MB (0.20      %)
c --> Executing OCC strategy token: occ-backw-sub-str
c [occ-backw-sub-str-long-w-bins] subs: 0 str: 1 tried: 81136 0-depth ass: 0 T: 0.00 T-out: N T-r: 99.56%
c [occ-backw-sub-long-w-long] rem cl: 128 tried: 78547/78547 (100.0%) T: 0.02 T-out: N T-r: 94.80%
c [occ-backw-sub-str-long-w-long] sub: 7 str: 89 tried: 235641/78547 (300.0)  T: 0.10 T-out: N T-r: 88.84%
c --> Executing OCC strategy token: occ-clean-implicit
c --> Executing OCC strategy token: occ-bve
c [occ-empty-res] Empty resolvent elimed: 0 T: 0.00 T-out: N
c [occ-bve] turning off picosat-based irreg gate detection, added lits:  450K
c [occ-bve] iter v-elim 0
c cl_inc_rate=1.0, var_dec_rate=1.0 (grow=0)
c Reduced to 2584 vars, 23695 cls (grow=0)
c [occ-bve] iter v-elim 0
c cl_inc_rate=1.0, var_dec_rate=1.0 (grow=8)
c Reduced to 2584 vars, 23695 cls (grow=8)
c [occ-bve] iter v-elim 0
c cl_inc_rate=1.0, var_dec_rate=1.0 (grow=16)
c Reduced to 2584 vars, 23695 cls (grow=16)
c x n vars       : 2584
c #try to eliminate:  7752
c #var-elim        :     0
c #T-o: N
c #T-r: 99.99%
c #T  : 1.37
c [occur] 0.04 is overhead
c [occur] link-in T: 0.04 cleanup T: 0.00
c --> Executing OCC strategy token: occ-bva
c --> Executing OCC strategy token: occ-ternary-res
c [occ-ternary-res] Ternary res-tri: 0 res-bin: 0 sub: 0 str: 0 T: 0.00 T-out: N T-r: 99.88%
c --> Executing OCC strategy token: occ-xor
c [occ-xor] sort occur list T: 0.01
c [xor-clean-equiv] removed equivalent xors: 0 left with: 199
c [occ-xor] found    199 avg sz 5.5 min sz  4 max sz  6 T: 0.01 T-out: N T-r: 99.98%
c --> Executing strategy token: card-find
c --> Executing strategy token: cl-consolidate
c Not consolidating memory.
c --> Executing strategy token: scc-vrepl
c [scc] new: 0 BP 0M T: 0.00
c --> Executing strategy token: renumber
c --> Executing strategy token: bosphorus
c --> Executing strategy token: louvain-comms
c [consolidate] mini T: 0.00
c global_timeout_multiplier: 7.0738
c [branch] rebuilding order heap for all branchings. Current branching: vsid
c [find&init matx] performing matrix init
c [gauss] XOR-encoding clauses are not detached, so no need to reattach them.
c [xor-rem-unconnected] left with 199 xors from 199 non-empty xors T: 0.00
c [xor-together] xored together: 123 orig xors: 199 new xors: 76 T: 0.00
c [xor-rem-unconnected] left with 76 xors from 76 non-empty xors T: 0.00
c [xor-clean-equiv] removed equivalent xors: 0 left with: 76
c [matrix] unused xors from cleaning: 0
c [matrix] Good   matrix  0     76 x  159  density:0.0698  xorlen avg: 11.09
c [matrix] Using 1 matrices recovered from 0 xors T: 0.00 T-out: N
c [distill-long-red0] cls tried: 28/28 T: 0.00 T-out: N T-r: 99.98%
c [distill-long-red1] cls tried: 147/147 T: 0.01 T-out: N T-r: 52.33%
c [full-probe]  bin_only: 1 set: 0 repl: 0 T: 0.02 T-out: N T-r: 99.76%
c [distill-bin] useful: 0/2435/2435 lits-rem: 0 cl-rem: 0 0-depth-assigns: 0 T: 0.02 T-out: N
c [gauss] XOR-encoding clauses are not detached, so no need to reattach them.
c [g 0] truth-find prop checks  : 0
c [g 0] -> of which prop        :  0.00 %
c [g 0] -> of which confl       :  0.00 %
c [g 0] elim called             : 0
c [g 0] ---> which lead to prop :  0.00 %
c [g 0] ---> which lead to confl:  0.00 %
c [g 0] size: 76    x 159  
c [scc] new: 0 BP 0M T: 0.00
c [vrep] vars 0 lits 0 rem-bin-cls 0 rem-long-cls 0 BP 0M T: 0.01
c [intree] Set 0 vars hyper-added: 0 trans-irred: 0 trans-red: 0 T: 0.01 T-out: N T-r: -0.10%
c [find&init matx] performing matrix init
c [gauss] XOR-encoding clauses are not detached, so no need to reattach them.
c [xor-rem-unconnected] left with 199 xors from 199 non-empty xors T: 0.00
c [xor-together] xored together: 123 orig xors: 199 new xors: 76 T: 0.00
c [xor-rem-unconnected] left with 76 xors from 76 non-empty xors T: 0.00
c [xor-clean-equiv] removed equivalent xors: 0 left with: 76
c [matrix] unused xors from cleaning: 0
c [matrix] Good   matrix 0 76      x159    density:0.0698  xorlen avg: 11.09
c [matrix] Using 1 matrices recovered from 0 xors T: 0.00 T-out: N
c rst  geom svd  vs   2342  2116K 2584      21K  2435 6.57    6.10     9162   881   35K   265 24.24   24.12  
c rst  geom svd  vs   2343  2128K 2584      21K  2435 6.57    6.10     9175   703   47K   265 26.18   26.06  
c [distill] watch-based irred--  cl tried 24652    cl-sh 0     cl-rem 0    lit-rem 0      T: 0.06 T-out: Y
c [distill] watch-based red  --  cl tried 16459    cl-sh 0     cl-rem 0    lit-rem 0      T: 0.04 T-out: Y
c [ccnr] tries: 0 steps: 262143 best found: 4
c [ccnr] saving best assignment phase to stable_polar
c [ccnr] bumping based on clause weights
c [ccnr] Bumped vars: 101 bump type: 6
c [ccnr] time: 0.30
c rst  geom svd  vs   2344  2140K 2584      21K  2435 6.57    6.10     9189   605   42K   265 27.01   26.88  
c [distill-long-red0] cls tried: 11/11 T: 0.00 T-out: N T-r: 99.99%
c [distill-long-red1] cls tried: 58/58 T: 0.01 T-out: N T-r: 69.57%
c [full-probe]  bin_only: 0 set: 0 repl: 0 T: 0.01 T-out: N T-r: 98.46%
c [distill-bin] useful: 0/2435/2435 lits-rem: 0 cl-rem: 0 0-depth-assigns: 0 T: 0.01 T-out: N
c rst  geom best vs   2345  2154K 2584      21K  2435 6.57    6.10     9198   604   42K   265 28.25   28.12  
c [distill] watch-based irred--  cl tried 28498    cl-sh 0     cl-rem 0    lit-rem 0      T: 0.05 T-out: Y
c [distill] watch-based red  --  cl tried 18396    cl-sh 1     cl-rem 0    lit-rem 1      T: 0.04 T-out: N
c [impl-str] lit bin: 0 set-var: 0 T: 0.00 T-out: N T-r: 99.97% w-visit: 5176
c [impl-sub] bin: 0 T: 0.00 T-out: N w-visit: 5176
c rst  geom best vs   2346  2169K 2584      21K  2435 6.57    6.10     9218   646   44K   265 27.40   27.28  
c [distill-long-red0] cls tried: 20/20 T: 0.00 T-out: N T-r: 99.98%
c [distill-long-red1] cls tried: 148/148 T: 0.02 T-out: N T-r: 6.04%
c [full-probe]  bin_only: 1 set: 0 repl: 0 T: 0.01 T-out: N T-r: 99.78%
c [distill-bin] useful: 0/2435/2435 lits-rem: 0 cl-rem: 0 0-depth-assigns: 0 T: 0.01 T-out: N
c rst  geom stb  vs   2347  2186K 2584      21K  2435 6.57    6.10     9245   560   47K   265 26.52   26.41  
c [distill-long-red0] cls tried: 9/9 T: 0.00 T-out: N T-r: 99.99%
c [distill-long-red1] cls tried: 115/115 T: 0.02 T-out: N T-r: 12.87%
c [distill] watch-based irred--  cl tried 30434    cl-sh 0     cl-rem 0    lit-rem 0      T: 0.05 T-out: Y
c [distill] watch-based red  --  cl tried 18488    cl-sh 0     cl-rem 0    lit-rem 0      T: 0.04 T-out: Y
c [gauss] XOR-encoding clauses are not detached, so no need to reattach them.
c [g 0] truth-find prop checks  : 2019K
c [g 0] -> of which prop        : 32.04 %
c [g 0] -> of which confl       :  0.81 %
c [g 0] elim called             : 181K
c [g 0] ---> which lead to prop : 159.98 %
c [g 0] ---> which lead to confl:  3.03 %
c [g 0] size: 76    x 159  
c [scc] new: 0 BP 0M T: 0.00
c [vrep] vars 0 lits 0 rem-bin-cls 0 rem-long-cls 0 BP 0M T: 0.01
c [intree] Set 0 vars hyper-added: 0 trans-irred: 0 trans-red: 0 T: 0.01 T-out: N T-r: -0.40%
c [find&init matx] performing matrix init
c [gauss] XOR-encoding clauses are not detached, so no need to reattach them.
c [xor-rem-unconnected] left with 199 xors from 199 non-empty xors T: 0.00
c [xor-together] xored together: 123 orig xors: 199 new xors: 76 T: 0.00
c [xor-rem-unconnected] left with 76 xors from 76 non-empty xors T: 0.00
c [xor-clean-equiv] removed equivalent xors: 0 left with: 76
c [matrix] unused xors from cleaning: 0
c [matrix] Good   matrix 0 76      x159    density:0.0698  xorlen avg: 11.09
c [matrix] Using 1 matrices recovered from 0 xors T: 0.00 T-out: N
c [ccnr] tries: 0 steps: 262143 best found: 4
c [ccnr] saving best assignment phase to stable_polar
c [ccnr] bumping based on var unsat frequency: conflict_ct
c [ccnr] Bumped vars: 2588 bump type: 6
c [ccnr] time: 0.30
c rst  geom stb  vs   2348  2204K 2584      21K  2435 6.57    6.10     9285   591   47K   265 29.02   28.89  
c [distill-long-red0] cls tried: 19/19 T: 0.00 T-out: N T-r: 99.96%
c [distill-long-red1] cls tried: 119/119 T: 0.02 T-out: N T-r: 15.44%
c [full-probe]  bin_only: 0 set: 0 repl: 0 T: 0.01 T-out: N T-r: 98.54%
c [distill-bin] useful: 0/2435/2435 lits-rem: 0 cl-rem: 0 0-depth-assigns: 0 T: 0.01 T-out: N
c rst  geom ibes vs   2349  2224K 2584      21K  2435 6.57    6.10     9340   660   36K   265 28.20   28.05  
c [branch] adjusting to: vmtf (from: vsid) var_decay:0.95 descr: VMTF
c [distill-long-red0] cls tried: 16/16 T: 0.00 T-out: N T-r: 99.98%
c [distill-long-red1] cls tried: 172/172 T: 0.02 T-out: N T-r: 14.85%
c [full-probe]  bin_only: 1 set: 0 repl: 0 T: 0.01 T-out: N T-r: 99.83%
c [distill-bin] useful: 0/2435/2435 lits-rem: 0 cl-rem: 0 0-depth-assigns: 0 T: 0.01 T-out: N
c [distill] watch-based irred--  cl tried 31741    cl-sh 0     cl-rem 0    lit-rem 0      T: 0.05 T-out: Y
c [distill] watch-based red  --  cl tried 18680    cl-sh 2     cl-rem 0    lit-rem 2      T: 0.03 T-out: N
c [impl-str] lit bin: 0 set-var: 0 T: 0.00 T-out: N T-r: 99.97% w-visit: 5176
c [impl-sub] bin: 0 T: 0.00 T-out: N w-visit: 5176
c rst  luby ibes vmt  2350  2224K 2584      21K  2435 6.57    6.10     9342   671   36K   265 28.20   28.05  
c rst  luby ibes vmt  2351  2225K 2584      21K  2435 6.57    6.10     9342   676   36K   265 28.20   28.05  
c rst  luby ibes vmt  2352  2225K 2584      21K  2435 6.57    6.10     9342   679   36K   265 28.22   28.07  
c rst  luby ibes vmt  2353  2225K 2584      21K  2435 6.57    6.10     9342   679   36K   265 28.24   28.09  
c rst  luby ibes vmt  2354  2225K 2584      21K  2435 6.57    6.10     9342   691   36K   265 28.23   28.08  
c rst  luby ibes vmt  2355  2225K 2584      21K  2435 6.57    6.10     9344   695   36K   265 28.24   28.09  
c rst  luby ibes vmt  2356  2226K 2584      21K  2435 6.57    6.10     9344   698   37K   265 28.27   28.12  
c rst  luby ibes vmt  2357  2226K 2584      21K  2435 6.57    6.10     9344   700   37K   265 28.28   28.14  
c rst  luby ibes vmt  2358  2226K 2584      21K  2435 6.57    6.10     9344   700   37K   265 28.29   28.14  
c rst  luby ibes vmt  2359  2226K 2584      21K  2435 6.57    6.10     9344   704   37K   265 28.32   28.17  
c rst  luby ibes vmt  2360  2226K 2584      21K  2435 6.57    6.10     9344   704   37K   265 28.33   28.19  
c rst  luby ibes vmt  2361  2226K 2584      21K  2435 6.57    6.10     9344   706   37K   265 28.34   28.19  
c rst  luby ibes vmt  2362  2226K 2584      21K  2435 6.57    6.10     9344   707   38K   265 28.35   28.20  
c rst  luby ibes vmt  2363  2227K 2584      21K  2435 6.57    6.10     9344   717   38K   265 28.38   28.23  
c rst  luby ibes vmt  2364  2228K 2584      21K  2435 6.57    6.10     9344   721   39K   265 28.37   28.23  
c rst  luby ibes vmt  2365  2228K 2584      21K  2435 6.57    6.10     9344   721   39K   265 28.37   28.23  
c rst  luby ibes vmt  2366  2228K 2584      21K  2435 6.57    6.10     9344   721   39K   265 28.38   28.24  
c rst  luby ibes vmt  2367  2228K 2584      21K  2435 6.57    6.10     9344   722   39K   265 28.39   28.25  
c rst  luby ibes vmt  2368  2228K 2584      21K  2435 6.57    6.10     9348   730   39K   265 28.38   28.24  
c rst  luby ibes vmt  2369  2228K 2584      21K  2435 6.57    6.10     9348   730   39K   265 28.38   28.24  
c rst  luby ibes vmt  2370  2228K 2584      21K  2435 6.57    6.10     9348   734   39K   265 28.37   28.23  
c rst  luby ibes vmt  2371  2229K 2584      21K  2435 6.57    6.10     9348   737   40K   265 28.38   28.24  
c rst  luby ibes vmt  2372  2229K 2584      21K  2435 6.57    6.10     9348   737   40K   265 28.39   28.25  
c rst  luby ibes vmt  2373  2229K 2584      21K  2435 6.57    6.10     9348   737   40K   265 28.39   28.25  
c rst  luby ibes vmt  2374  2229K 2584      21K  2435 6.57    6.10     9350   738   40K   265 28.43   28.29  
c rst  luby ibes vmt  2375  2229K 2584      21K  2435 6.57    6.10     9350   739   40K   265 28.44   28.30  
c rst  luby ibes vmt  2376  2229K 2584      21K  2435 6.57    6.10     9350   739   40K   265 28.45   28.31  
c rst  luby ibes vmt  2377  2230K 2584      21K  2435 6.57    6.10     9350   740   41K   265 28.47   28.33  
c rst  luby ibes vmt  2378  2230K 2584      21K  2435 6.57    6.10     9419   612   41K   265 28.49   28.35  
c [ccnr] tries: 0 steps: 262143 best found: 4
c [ccnr] saving best assignment phase to stable_polar
c [ccnr] bumping based on var unsat frequency: conflict_ct
c [ccnr] Bumped vars: 2588 bump type: 6
c [ccnr] time: 0.29
c rst  luby ibes vmt  2379  2231K 2584      21K  2435 6.57    6.10     9419   634   42K   265 28.62   28.49  
c rst  luby ibes vmt  2380  2232K 2584      21K  2435 6.57    6.10     9420   659   44K   265 28.85   28.72  
c rst  luby svd  vmt  2381  2232K 2584      21K  2435 6.57    6.10     9420   659   44K   265 28.88   28.74  
c rst  luby svd  vmt  2382  2233K 2584      21K  2435 6.57    6.10     9420   660   44K   265 28.89   28.76  
c rst  luby svd  vmt  2383  2233K 2584      21K  2435 6.57    6.10     9420   664   44K   265 28.93   28.80  
c rst  luby svd  vmt  2384  2233K 2584      21K  2435 6.57    6.10     9420   665   44K   265 28.94   28.81  
c rst  luby svd  vmt  2385  2233K 2584      21K  2435 6.57    6.10     9420   665   44K   265 28.96   28.83  
c rst  luby svd  vmt  2386  2233K 2584      21K  2435 6.57    6.10     9420   668   44K   265 28.97   28.84  
c rst  luby svd  vmt  2387  2234K 2584      21K  2435 6.57    6.10     9420   671   45K   265 29.01   28.88  
c rst  luby svd  vmt  2388  2234K 2584      21K  2435 6.57    6.10     9420   671   45K   265 29.02   28.90  
c rst  luby svd  vmt  2389  2234K 2584      21K  2435 6.57    6.10     9420   676   45K   265 29.03   28.91  
c rst  luby svd  vmt  2390  2234K 2584      21K  2435 6.57    6.10     9420   676   45K   265 29.06   28.93  
c rst  luby svd  vmt  2391  2234K 2584      21K  2435 6.57    6.10     9420   676   45K   265 29.09   28.96  
c rst  luby svd  vmt  2392  2234K 2584      21K  2435 6.57    6.10     9420   677   45K   265 29.11   28.98  
c rst  luby svd  vmt  2393  2234K 2584      21K  2435 6.57    6.10     9420   678   46K   265 29.12   29.00  
c rst  luby svd  vmt  2394  2235K 2584      21K  2435 6.57    6.10     9431   878   33K   265 25.77   25.63  
c rst  luby svd  vmt  2395  2236K 2584      21K  2435 6.57    6.10     9431   880   33K   265 26.09   25.94  
c rst  luby svd  vmt  2396  2236K 2584      21K  2435 6.57    6.10     9431   880   33K   265 26.12   25.97  
c rst  luby svd  vmt  2397  2236K 2584      21K  2435 6.57    6.10     9431   881   34K   265 26.14   25.99  
c rst  luby svd  vmt  2398  2236K 2584      21K  2435 6.57    6.10     9431   881   34K   265 26.21   26.07  
c rst  luby svd  vmt  2399  2236K 2584      21K  2435 6.57    6.10     9431   881   34K   265 26.24   26.10  
c rst  luby svd  vmt  2400  2236K 2584      21K  2435 6.57    6.10     9431   881   34K   265 26.27   26.12  
c rst  luby svd  vmt  2401  2236K 2584      21K  2435 6.57    6.10     9431   882   34K   265 26.30   26.15  
c rst  luby svd  vmt  2402  2237K 2584      21K  2435 6.57    6.10     9431   882   35K   265 26.37   26.23  
c rst  luby svd  vmt  2403  2237K 2584      21K  2435 6.57    6.10     9431   883   35K   265 26.41   26.27  
c rst  luby svd  vmt  2404  2237K 2584      21K  2435 6.57    6.10     9431   883   35K   265 26.44   26.29  
c rst  luby svd  vmt  2405  2237K 2584      21K  2435 6.57    6.10     9431   886   35K   265 26.47   26.33  
c rst  luby svd  vmt  2406  2237K 2584      21K  2435 6.57    6.10     9431   888   35K   265 26.49   26.35  
c rst  luby svd  vmt  2407  2237K 2584      21K  2435 6.57    6.10     9431   890   35K   265 26.50   26.36  
c rst  luby svd  vmt  2408  2238K 2584      21K  2435 6.57    6.10     9431   890   35K   265 26.59   26.45  
c rst  luby svd  vmt  2409  2238K 2584      21K  2435 6.57    6.10     9431   890   36K   265 26.72   26.58  
c rst  luby svd  vmt  2410  2239K 2584      21K  2435 6.57    6.10     9431   891   37K   265 26.91   26.77  
c rst  luby svd  vmt  2411  2240K 2584      21K  2435 6.57    6.10     9482   768   38K   265 27.19   27.06  
c [distill-long-red0] cls tried: 97/97 T: 0.01 T-out: N T-r: 99.88%
c [distill-long-red1] cls tried: 182/303 T: 0.02 T-out: Y T-r: -0.55%
c rst  luby svd  vmt  2412  2244K 2584      21K  2435 6.57    6.10     9485   793   41K   265 27.72   27.59  
c rst  luby svd  vmt  2413  2244K 2584      21K  2435 6.57    6.10     9485   793   41K   265 27.75   27.62  
c rst  luby svd  vmt  2414  2244K 2584      21K  2435 6.57    6.10     9485   793   42K   265 27.77   27.64  
c rst  luby svd  vmt  2415  2244K 2584      21K  2435 6.57    6.10     9485   795   42K   265 27.80   27.67  
c rst  luby svd  vmt  2416  2244K 2584      21K  2435 6.57    6.10     9485   795   42K   265 27.83   27.70  
c rst  luby svd  vmt  2417  2244K 2584      21K  2435 6.57    6.10     9485   796   42K   265 27.84   27.71  
c rst  luby svd  vmt  2418  2244K 2584      21K  2435 6.57    6.10     9485   796   42K   265 27.87   27.74  
c [full-probe]  bin_only: 0 set: 0 repl: 0 T: 0.01 T-out: N T-r: 98.78%
c [distill-bin] useful: 0/2435/2435 lits-rem: 0 cl-rem: 0 0-depth-assigns: 0 T: 0.01 T-out: N
c rst  luby svd  vmt  2419  2245K 2584      21K  2435 6.57    6.10     9486   802   43K   265 27.94   27.81  
c rst  luby svd  vmt  2420  2245K 2584      21K  2435 6.57    6.10     9486   803   43K   265 27.96   27.83  
c rst  luby svd  vmt  2421  2245K 2584      21K  2435 6.57    6.10     9486   804   43K   265 27.98   27.85  
c rst  luby svd  vmt  2422  2245K 2584      21K  2435 6.57    6.10     9486   808   43K   265 28.00   27.88  
c rst  luby svd  vmt  2423  2245K 2584      21K  2435 6.57    6.10     9487   808   43K   265 28.02   27.90  
c rst  luby svd  vmt  2424  2245K 2584      21K  2435 6.57    6.10     9488   810   43K   265 28.04   27.91  
c rst  luby svd  vmt  2425  2246K 2584      21K  2435 6.57    6.10     9488   812   43K   265 28.06   27.94  
c rst  luby svd  vmt  2426  2246K 2584      21K  2435 6.57    6.10     9488   814   44K   265 28.13   28.01  
c rst  luby svd  vmt  2427  2247K 2584      21K  2435 6.57    6.10     9488   817   45K   265 28.28   28.16  
c rst  luby svd  vmt  2428  2247K 2584      21K  2435 6.57    6.10     9488   817   45K   265 28.30   28.17  
c rst  luby svd  vmt  2429  2247K 2584      21K  2435 6.57    6.10     9488   818   45K   265 28.31   28.19  
c rst  luby svd  vmt  2430  2247K 2584      21K  2435 6.57    6.10     9488   821   45K   265 28.33   28.21  
c rst  luby svd  vmt  2431  2247K 2584      21K  2435 6.57    6.10     9488   821   45K   265 28.35   28.22  
c rst  luby svd  vmt  2432  2247K 2584      21K  2435 6.57    6.10     9488   822   45K   265 28.36   28.24  
c rst  luby svd  vmt  2433  2248K 2584      21K  2435 6.57    6.10     9488   823   45K   265 28.38   28.26  
c rst  luby svd  vmt  2434  2248K 2584      21K  2435 6.57    6.10     9488   824   46K   265 28.47   28.35  
c rst  luby svd  vmt  2435  2248K 2584      21K  2435 6.57    6.10     9488   824   46K   265 28.47   28.35  
c rst  luby svd  vmt  2436  2248K 2584      21K  2435 6.57    6.10     9488   824   46K   265 28.49   28.36  
c rst  luby svd  vmt  2437  2248K 2584      21K  2435 6.57    6.10     9488   825   46K   265 28.54   28.42  
c rst  luby svd  vmt  2438  2249K 2584      21K  2435 6.57    6.10     9488   825   46K   265 28.55   28.43  
c rst  luby svd  vmt  2439  2249K 2584      21K  2435 6.57    6.10     9488   826   46K   265 28.58   28.46  
c rst  luby svd  vmt  2440  2249K 2584      21K  2435 6.57    6.10     9488   826   47K   265 28.61   28.49  
c rst  luby svd  vmt  2441  2249K 2584      21K  2435 6.57    6.10     9488   829   47K   265 28.70   28.58  
c rst  luby svd  vmt  2442  2250K 2584      21K  2435 6.57    6.10     9557   923   28K   265 27.65   27.48  
c [distill] watch-based irred--  cl tried 31909    cl-sh 0     cl-rem 0    lit-rem 0      T: 0.05 T-out: Y
c [distill] watch-based red  --  cl tried 19114    cl-sh 1     cl-rem 0    lit-rem 1      T: 0.03 T-out: N
c rst  luby svd  vmt  2443  2252K 2584      21K  2435 6.57    6.10     9557   927   29K   265 27.78   27.62  
c [gauss] XOR-encoding clauses are not detached, so no need to reattach them.
c [g 0] truth-find prop checks  : 1761K
c [g 0] -> of which prop        : 46.08 %
c [g 0] -> of which confl       :  0.85 %
c [g 0] elim called             : 108K
c [g 0] ---> which lead to prop : 197.73 %
c [g 0] ---> which lead to confl:  4.38 %
c [g 0] size: 76    x 159  
c [scc] new: 0 BP 0M T: 0.00
c [vrep] vars 0 lits 0 rem-bin-cls 0 rem-long-cls 0 BP 0M T: 0.00
c [intree] Set 0 vars hyper-added: 0 trans-irred: 0 trans-red: 0 T: 0.01 T-out: N T-r: -0.53%
c [find&init matx] performing matrix init
c [gauss] XOR-encoding clauses are not detached, so no need to reattach them.
c [xor-rem-unconnected] left with 199 xors from 199 non-empty xors T: 0.00
c [xor-together] xored together: 123 orig xors: 199 new xors: 76 T: 0.00
c [xor-rem-unconnected] left with 76 xors from 76 non-empty xors T: 0.00
c [xor-clean-equiv] removed equivalent xors: 0 left with: 76
c [matrix] unused xors from cleaning: 0
c [matrix] Good   matrix 0 76      x159    density:0.0698  xorlen avg: 11.09
c [matrix] Using 1 matrices recovered from 0 xors T: 0.00 T-out: N
c rst  luby svd  vmt  2444  2252K 2584      21K  2435 6.57    6.10     9557   927   29K   265 27.79   27.62  
c rst  luby svd  vmt  2445  2252K 2584      21K  2435 6.57    6.10     9557   927   30K   265 27.81   27.64  
c rst  luby svd  vmt  2446  2252K 2584      21K  2435 6.57    6.10     9557   927   30K   265 27.86   27.69  
c rst  luby svd  vmt  2447  2252K 2584      21K  2435 6.57    6.10     9557   927   30K   265 27.90   27.73  
c rst  luby svd  vmt  2448  2252K 2584      21K  2435 6.57    6.10     9557   928   30K   265 27.93   27.76  
c rst  luby svd  vmt  2449  2253K 2584      21K  2435 6.57    6.10     9559   928   30K   265 27.98   27.82  
c rst  luby svd  vmt  2450  2253K 2584      21K  2435 6.57    6.10     9560   931   31K   265 28.05   27.88  
c rst  luby svd  vmt  2451  2253K 2584      21K  2435 6.57    6.10     9560   931   31K   265 28.08   27.91  
c rst  luby svd  vmt  2452  2253K 2584      21K  2435 6.57    6.10     9560   931   31K   265 28.12   27.95  
c rst  luby svd  vmt  2453  2253K 2584      21K  2435 6.57    6.10     9560   932   31K   265 28.17   28.00  
c rst  luby svd  vmt  2454  2253K 2584      21K  2435 6.57    6.10     9560   932   31K   265 28.19   28.03  
c rst  luby svd  vmt  2455  2254K 2584      21K  2435 6.57    6.10     9561   935   31K   265 28.22   28.06  
c rst  luby svd  vmt  2456  2254K 2584      21K  2435 6.57    6.10     9561   937   31K   265 28.28   28.11  
c rst  luby svd  vmt  2457  2254K 2584      21K  2435 6.57    6.10     9561   940   32K   265 28.39   28.23  
c rst  luby svd  vmt  2458  2255K 2584      21K  2435 6.57    6.10     9561   944   33K   265 28.57   28.41  
c rst  luby svd  vmt  2459  2255K 2584      21K  2435 6.57    6.10     9561   946   33K   265 28.59   28.43  
c rst  luby svd  vmt  2460  2255K 2584      21K  2435 6.57    6.10     9561   947   33K   265 28.61   28.45  
c rst  luby svd  vmt  2461  2255K 2584      21K  2435 6.57    6.10     9561   947   33K   265 28.65   28.49  
c rst  luby svd  vmt  2462  2255K 2584      21K  2435 6.57    6.10     9561   947   33K   265 28.65   28.50  
c rst  luby svd  vmt  2463  2256K 2584      21K  2435 6.57    6.10     9561   947   33K   265 28.67   28.51  
c [distill-long-red0] cls tried: 64/64 T: 0.00 T-out: N T-r: 99.93%
c [distill-long-red1] cls tried: 194/326 T: 0.02 T-out: Y T-r: -0.71%
c rst  luby svd  vmt  2464  2256K 2584      21K  2435 6.57    6.10     9561   947   33K   265 28.69   28.53  
c rst  luby svd  vmt  2465  2256K 2584      21K  2435 6.57    6.10     9561   950   34K   265 28.74   28.59  
c rst  luby svd  vmt  2466  2256K 2584      21K  2435 6.57    6.10     9561   951   34K   265 28.76   28.60  
c rst  luby svd  vmt  2467  2256K 2584      21K  2435 6.57    6.10     9561   951   34K   265 28.78   28.62  
c rst  luby svd  vmt  2468  2257K 2584      21K  2435 6.57    6.10     9561   953   34K   265 28.82   28.66  
c rst  luby svd  vmt  2469  2257K 2584      21K  2435 6.57    6.10     9561   953   34K   265 28.84   28.68  
c rst  luby svd  vmt  2470  2257K 2584      21K  2435 6.57    6.10     9561   953   34K   265 28.86   28.70  
c rst  luby svd  vmt  2471  2257K 2584      21K  2435 6.57    6.10     9561   955   35K   265 28.91   28.75  
c rst  luby svd  vmt  2472  2257K 2584      21K  2435 6.57    6.10     9561   957   35K   265 29.00   28.84  
c rst  luby svd  vmt  2473  2258K 2584      21K  2435 6.57    6.10     9561   963   36K   265 29.15   29.00  
c rst  luby svd  vmt  2474  2260K 2584      21K  2435 6.57    6.10     9605   887   37K   265 29.59   29.44  
c rst  geom best vmt  2475  2260K 2584      21K  2435 6.57    6.10     9605   888   38K   265 29.61   29.46  
c rst  geom best vmt  2476  2260K 2584      21K  2435 6.57    6.10     9605   890   38K   265 29.63   29.48  
c rst  geom best vmt  2477  2260K 2584      21K  2435 6.57    6.10     9605   891   38K   265 29.62   29.47  
c rst  geom best vmt  2478  2260K 2584      21K  2435 6.57    6.10     9605   893   38K   265 29.64   29.49  
c rst  geom best vmt  2479  2260K 2584      21K  2435 6.57    6.10     9606   901   38K   265 29.66   29.51  
c rst  geom best vmt  2480  2261K 2584      21K  2435 6.57    6.10     9606   902   38K   265 29.67   29.53  
c rst  geom best vmt  2481  2261K 2584      21K  2435 6.57    6.10     9606   907   38K   265 29.69   29.54  
c rst  geom best vmt  2482  2261K 2584      21K  2435 6.57    6.10     9606   907   39K   265 29.70   29.55  
c rst  geom best vmt  2483  2261K 2584      21K  2435 6.57    6.10     9606   909   39K   265 29.70   29.56  
c rst  geom best vmt  2484  2262K 2584      21K  2435 6.57    6.10     9606   910   39K   265 29.73   29.58  
c rst  geom best vmt  2485  2262K 2584      21K  2435 6.57    6.10     9606   912   39K   265 29.78   29.64  
c rst  geom best vmt  2486  2262K 2584      21K  2435 6.57    6.10     9606   914   40K   265 29.79   29.64  
c rst  geom best vmt  2487  2262K 2584      21K  2435 6.57    6.10     9606   915   40K   265 29.79   29.65  
c rst  geom best vmt  2488  2263K 2584      21K  2435 6.57    6.10     9606   920   40K   265 29.81   29.67  
c rst  geom best vmt  2489  2263K 2584      21K  2435 6.57    6.10     9606   920   41K   265 29.88   29.74  
c rst  geom best vmt  2490  2264K 2584      21K  2435 6.57    6.10     9607   922   41K   265 29.90   29.76  
c rst  geom best vmt  2491  2264K 2584      21K  2435 6.57    6.10     9607   925   42K   265 29.94   29.80  
c rst  geom best vmt  2492  2265K 2584      21K  2435 6.57    6.10     9618  1083   26K   265 28.14   27.96  
c [full-probe]  bin_only: 1 set: 0 repl: 0 T: 0.01 T-out: N T-r: 99.84%
c [distill-bin] useful: 0/2435/2435 lits-rem: 0 cl-rem: 0 0-depth-assigns: 0 T: 0.01 T-out: N
c rst  geom best vmt  2493  2265K 2584      21K  2435 6.57    6.10     9618  1105   27K   265 28.35   28.17  
c rst  geom best vmt  2494  2266K 2584      21K  2435 6.57    6.10     9618  1106   28K   265 28.39   28.21  
c rst  geom best vmt  2495  2267K 2584      21K  2435 6.57    6.10     9618  1110   28K   265 28.43   28.26  
c rst  geom best vmt  2496  2267K 2584      21K  2435 6.57    6.10     9618  1113   29K   265 28.46   28.29  
c rst  geom best vmt  2497  2268K 2584      21K  2435 6.57    6.10     9618  1114   30K   265 28.66   28.49  
c rst  geom best vmt  2498  2269K 2584      21K  2435 6.57    6.10     9618  1118   31K   265 28.76   28.60  
c rst  geom best vmt  2499  2270K 2584      21K  2435 6.57    6.10     9669  1064   32K   265 28.86   28.70  
c rst  geom best vmt  2500  2272K 2584      21K  2435 6.57    6.10     9669  1070   33K   265 29.12   28.96  
c [distill-long-red0] cls tried: 76/76 T: 0.01 T-out: N T-r: 99.91%
c [distill-long-red1] cls tried: 184/324 T: 0.02 T-out: Y T-r: -0.73%
c rst  geom best vmt  2501  2273K 2584      21K  2435 6.57    6.10     9670  1086   34K   265 29.33   29.17  
c rst  geom best vmt  2502  2274K 2584      21K  2435 6.57    6.10     9670  1089   36K   265 29.49   29.33  
c [ccnr] tries: 0 steps: 262143 best found: 4
c [ccnr] saving best assignment phase to stable_polar
c [ccnr] bumping based on clause weights
c [ccnr] Bumped vars: 102 bump type: 6
c [ccnr] time: 0.31
c rst  geom best vmt  2503  2276K 2584      21K  2435 6.57    6.10     9670  1096   37K   265 29.77   29.62  
c [distill] watch-based irred--  cl tried 27539    cl-sh 0     cl-rem 0    lit-rem 0      T: 0.05 T-out: Y
c [distill] watch-based red  --  cl tried 19340    cl-sh 0     cl-rem 0    lit-rem 0      T: 0.03 T-out: N
c rst  geom best vmt  2504  2277K 2584      21K  2435 6.57    6.10     9670  1121   39K   265 29.89   29.75  
c rst  geom best vmt  2505  2279K 2584      21K  2435 6.57    6.10     9670  1127   41K   265 30.13   29.99  
c rst  geom best vmt  2506  2281K 2584      21K  2435 6.57    6.10     9737  1203   31K   265 28.41   28.24  
c rst  geom best vmt  2507  2284K 2584      21K  2435 6.57    6.10     9737  1205   33K   265 28.57   28.41  
c rst  geom best vmt  2508  2286K 2584      21K  2435 6.57    6.10     9740  1224   36K   265 28.80   28.65  
c [full-probe]  bin_only: 0 set: 0 repl: 0 T: 0.01 T-out: N T-r: 98.74%
c [distill-bin] useful: 0/2435/2435 lits-rem: 0 cl-rem: 0 0-depth-assigns: 0 T: 0.01 T-out: N
c [impl-str] lit bin: 0 set-var: 0 T: 0.00 T-out: N T-r: 99.97% w-visit: 5176
c [impl-sub] bin: 0 T: 0.00 T-out: N w-visit: 5176
c rst  geom best vmt  2509  2289K 2584      21K  2435 6.57    6.10     9742  1230   38K   265 29.18   29.03  
c [distill-long-red0] cls tried: 53/53 T: 0.01 T-out: N T-r: 99.93%
c [distill-long-red1] cls tried: 142/353 T: 0.02 T-out: Y T-r: -1.89%
c rst  geom stb  vmt  2510  2292K 2584      21K  2435 6.57    6.10     9820  1191   41K   265 29.59   29.45  
c rst  geom stb  vmt  2511  2295K 2584      21K  2435 6.57    6.10     9842  1392   28K   265 27.68   27.51  
c rst  geom stb  vmt  2512  2299K 2584      21K  2435 6.57    6.10     9843  1398   32K   265 28.35   28.19  
c rst  geom stb  vmt  2513  2303K 2584      21K  2435 6.57    6.10     9916  1231   36K   265 28.88   28.73  
c [distill] watch-based irred--  cl tried 31608    cl-sh 0     cl-rem 0    lit-rem 0      T: 0.05 T-out: Y
c [distill] watch-based red  --  cl tried 19578    cl-sh 3     cl-rem 0    lit-rem 3      T: 0.04 T-out: Y
c rst  geom stb  vmt  2514  2307K 2584      21K  2435 6.57    6.10     9917  1237   40K   265 29.44   29.30  
c [distill-long-red0] cls tried: 124/124 T: 0.02 T-out: N T-r: 99.79%
c [distill-long-red1] cls tried: 136/378 T: 0.02 T-out: Y T-r: -1.79%
c [full-probe]  bin_only: 1 set: 0 repl: 0 T: 0.01 T-out: N T-r: 99.87%
c [distill-bin] useful: 0/2435/2435 lits-rem: 0 cl-rem: 0 0-depth-assigns: 0 T: 0.01 T-out: N
c rst  geom stb  vmt  2515  2312K 2584      21K  2435 6.57    6.10     9945  1222   27K   265 27.79   27.61  
c rst  geom stb  vmt  2516  2317K 2584      21K  2435 6.57    6.10     9947  1248   32K   265 28.75   28.59  
c [gauss] XOR-encoding clauses are not detached, so no need to reattach them.
c [g 0] truth-find prop checks  : 1803K
c [g 0] -> of which prop        : 40.09 %
c [g 0] -> of which confl       :  0.84 %
c [g 0] elim called             : 133K
c [g 0] ---> which lead to prop : 192.59 %
c [g 0] ---> which lead to confl:  3.78 %
c [g 0] size: 76    x 159  
c [scc] new: 0 BP 0M T: 0.00
c [vrep] vars 0 lits 0 rem-bin-cls 0 rem-long-cls 0 BP 0M T: 0.00
c [intree] Set 0 vars hyper-added: 1 trans-irred: 0 trans-red: 1 T: 0.01 T-out: N T-r: -0.60%
c [find&init matx] performing matrix init
c [gauss] XOR-encoding clauses are not detached, so no need to reattach them.
c [xor-rem-unconnected] left with 199 xors from 199 non-empty xors T: 0.00
c [xor-together] xored together: 123 orig xors: 199 new xors: 76 T: 0.00
c [xor-rem-unconnected] left with 76 xors from 76 non-empty xors T: 0.00
c [xor-clean-equiv] removed equivalent xors: 0 left with: 76
c [matrix] unused xors from cleaning: 0
c [matrix] Good   matrix 0 76      x159    density:0.0698  xorlen avg: 11.09
c [matrix] Using 1 matrices recovered from 0 xors T: 0.00 T-out: N
c rst  geom ibes vmt  2517  2323K 2584      21K  2435 6.57    6.10    10033  1180   38K   265 29.92   29.77  
c [distill-long-red0] cls tried: 89/89 T: 0.01 T-out: N T-r: 99.90%
c [distill-long-red1] cls tried: 150/388 T: 0.02 T-out: Y T-r: -1.83%
c [ccnr] tries: 0 steps: 262143 best found: 4
c [ccnr] saving best assignment phase to stable_polar
c [ccnr] bumping based on var unsat frequency: conflict_ct
c [ccnr] Bumped vars: 2588 bump type: 6
c [ccnr] time: 0.30
c rst  geom ibes vmt  2518  2330K 2584      21K  2435 6.57    6.10    10053  1506   33K   265 29.80   29.64  
c [full-probe]  bin_only: 0 set: 0 repl: 0 T: 0.01 T-out: N T-r: 98.63%
c [distill-bin] useful: 0/2435/2435 lits-rem: 0 cl-rem: 0 0-depth-assigns: 0 T: 0.01 T-out: N
c [distill] watch-based irred--  cl tried 28609    cl-sh 0     cl-rem 0    lit-rem 0      T: 0.05 T-out: Y
c [distill] watch-based red  --  cl tried 20106    cl-sh 0     cl-rem 0    lit-rem 0      T: 0.04 T-out: N
c rst  geom ibes vmt  2519  2337K 2584      21K  2435 6.57    6.10    10136  1361   41K   265 30.39   30.24  
c rst  geom ibes vmt  2520  2344K 2584      21K  2435 6.57    6.10    10196  1463   36K   265 29.39   29.24  
c [distill-long-red0] cls tried: 123/123 T: 0.01 T-out: N T-r: 99.85%
c [distill-long-red1] cls tried: 202/680 T: 0.02 T-out: Y T-r: -0.70%
c rst  geom ibes vmt  2521  2353K 2584      21K  2435 6.57    6.10    10225  1343   45K   265 30.05   29.92  
c [full-probe]  bin_only: 1 set: 0 repl: 0 T: 0.01 T-out: N T-r: 99.79%
c [distill-bin] useful: 0/2435/2435 lits-rem: 0 cl-rem: 0 0-depth-assigns: 0 T: 0.02 T-out: N
c [impl-str] lit bin: 0 set-var: 0 T: 0.00 T-out: N T-r: 99.97% w-visit: 5176
c [impl-sub] bin: 0 T: 0.00 T-out: N w-visit: 5176
c rst  geom svd  vmt  2522  2362K 2584      21K  2435 6.57    6.10    10260  1276   40K   265 30.42   30.27  
c [distill-long-red0] cls tried: 48/48 T: 0.01 T-out: N T-r: 99.94%
c [distill-long-red1] cls tried: 140/481 T: 0.02 T-out: Y T-r: -0.75%
c [distill] watch-based irred--  cl tried 30629    cl-sh 0     cl-rem 0    lit-rem 0      T: 0.05 T-out: Y
c [distill] watch-based red  --  cl tried 20520    cl-sh 1     cl-rem 0    lit-rem 1      T: 0.04 T-out: N
c rst  geom svd  vmt  2523  2373K 2584      21K  2435 6.57    6.10    10303  1280   29K   265 28.72   28.55  
c [ccnr] tries: 0 steps: 262143 best found: 4
c [ccnr] saving best assignment phase to stable_polar
c [ccnr] bumping based on var unsat frequency: conflict_ct
c [ccnr] Bumped vars: 2588 bump type: 6
c [ccnr] time: 0.29
c rst  geom svd  vmt  2524  2384K 2584      21K  2435 6.57    6.10    10424  1265   40K   265 31.32   31.18  
c [distill-long-red0] cls tried: 118/118 T: 0.01 T-out: N T-r: 99.85%
c [distill-long-red1] cls tried: 168/482 T: 0.02 T-out: Y T-r: -1.06%
c [full-probe]  bin_only: 0 set: 0 repl: 0 T: 0.01 T-out: N T-r: 98.89%
c [distill-bin] useful: 0/2435/2435 lits-rem: 0 cl-rem: 0 0-depth-assigns: 0 T: 0.01 T-out: N
c [gauss] XOR-encoding clauses are not detached, so no need to reattach them.
c [g 0] truth-find prop checks  : 1755K
c [g 0] -> of which prop        : 40.87 %
c [g 0] -> of which confl       :  0.81 %
c [g 0] elim called             : 126K
c [g 0] ---> which lead to prop : 196.75 %
c [g 0] ---> which lead to confl:  3.90 %
c [g 0] size: 76    x 159  
c [scc] new: 0 BP 0M T: 0.00
c [vrep] vars 0 lits 0 rem-bin-cls 0 rem-long-cls 0 BP 0M T: 0.01
c [intree] Set 0 vars hyper-added: 0 trans-irred: 0 trans-red: 0 T: 0.01 T-out: N T-r: -0.66%
c [find&init matx] performing matrix init
c [gauss] XOR-encoding clauses are not detached, so no need to reattach them.
c [xor-rem-unconnected] left with 199 xors from 199 non-empty xors T: 0.00
c [xor-together] xored together: 123 orig xors: 199 new xors: 76 T: 0.00
c [xor-rem-unconnected] left with 76 xors from 76 non-empty xors T: 0.00
c [xor-clean-equiv] removed equivalent xors: 0 left with: 76
c [matrix] unused xors from cleaning: 0
c [matrix] Good   matrix 0 76      x159    density:0.0698  xorlen avg: 11.09
c [matrix] Using 1 matrices recovered from 0 xors T: 0.00 T-out: N
c rst  geom best vmt  2525  2396K 2584      21K  2435 6.57    6.10    10534  1468   39K   265 31.32   31.17  
c [distill] watch-based irred--  cl tried 30386    cl-sh 0     cl-rem 0    lit-rem 0      T: 0.05 T-out: Y
c [distill] watch-based red  --  cl tried 20064    cl-sh 5     cl-rem 0    lit-rem 5      T: 0.04 T-out: Y
c rst  geom best vmt  2526  2410K 2584      21K  2435 6.57    6.10    10713  1372   41K   265 30.57   30.43  
c [distill-long-red0] cls tried: 244/244 T: 0.02 T-out: N T-r: 99.72%
c [distill-long-red1] cls tried: 118/777 T: 0.02 T-out: Y T-r: -0.33%
c [full-probe]  bin_only: 1 set: 0 repl: 0 T: 0.01 T-out: N T-r: 99.83%
c [distill-bin] useful: 0/2435/2435 lits-rem: 0 cl-rem: 0 0-depth-assigns: 0 T: 0.01 T-out: N
c rst  geom best vmt  2527  2425K 2584      21K  2435 6.57    6.10    10818  1567   44K   265 28.74   28.61  
c [distill-long-red0] cls tried: 97/97 T: 0.01 T-out: N T-r: 99.88%
c [distill-long-red1] cls tried: 137/920 T: 0.02 T-out: Y T-r: -0.46%
c [distill] watch-based irred--  cl tried 28266    cl-sh 0     cl-rem 0    lit-rem 0      T: 0.05 T-out: Y
c [distill] watch-based red  --  cl tried 20934    cl-sh 2     cl-rem 0    lit-rem 2      T: 0.04 T-out: Y
c [impl-str] lit bin: 0 set-var: 0 T: 0.00 T-out: N T-r: 99.97% w-visit: 5176
c [impl-sub] bin: 0 T: 0.00 T-out: N w-visit: 5176
c [ccnr] tries: 0 steps: 262143 best found: 4
c [ccnr] saving best assignment phase to stable_polar
c [ccnr] bumping based on clause weights
c [ccnr] Bumped vars: 103 bump type: 6
c [ccnr] time: 0.29
c rst  geom stb  vmt  2528  2433K 2584      21K  2435 6.57    6.10    10940  1810   38K   265 27.07   26.94  
c ------- FINAL TOTAL SEARCH STATS ---------
c UIP search time          : 177.31      (93.78     % time)
c All times are for this thread only except if explicitly specified
c restarts                 : 2528        (962.73    confls per restart)
c blocked restarts         : 0           (0.00      per normal restart)
c time                     : 177.31      
c decisions                : 2802749     (0.00      % random)
c propagations             : 50M         (284K      props/s)
c decisions/conflicts      : 1.15        
c conflicts                : 2433787     
c LEARNT stats
c units learnt             : 0           (0.00      % of conflicts)
c bins learnt              : 8           (0.00      % of conflicts)
c long learnt              : 2433796     (100.00    % of conflicts)
c red which0               : 842         (0.03      % of confl)
c SEAMLESS HYPERBIN&TRANS-RED stats
c advProp called           : 0           
c hyper-bin add bin        : 0           (0.00      bin/call)
c trans-red rem irred bin  : 0           (0.00      bin/call)
c trans-red rem red bin    : 0           (0.00      bin/call)
c CONFL LITS stats
c orig                     : 114698742   (47.13     lit/confl)
c recurs-min effective     : 2295499     (94.32     % attempt successful)
c recurs-min lits          : 36416168    (31.75     % less overall)
c permDiff call%           : 0.52        (0.00      % attempt successful)
c permDiff lits-rem        : 0           (0.00      less lits/cl on attempts)
c further-min call%        : 0.00        (0.00      % attempt successful)
c bintri-min lits          : 0           (0.00      % less overall)
c final avg                : 32.16       
c all-threads sum CPU time : 177.31       s
c PROP stats
c Mbogo-props              : 203.50      (1.15      / sec)
c MHyper-props             : 0.48        (0.00      / sec)
c Mprops                   : 50.52       (0.28      / sec)
c -------- OccSimplifier STATS ----------
c time                     : 3.98        (0.00      % var-elim)
c called                   : 9           (0.44      s per call)
c 0-depth assigns          : 0           (0.00      % vars)
c -------- OccSimplifier STATS END ----------
c -------- SubsumeStrengthen STATS ----------
c cl-subs                  : 2287         Clauses
c cl-str rem lit           : 73287        Lits
c cl-sub T                 : 0.54         s
c cl-str T                 : 2.91         s
c -------- SubsumeStrengthen STATS END ----------
c ----- SCC STATS --------
c time                     : 0.02        (0.00      per call)
c called                   : 55          (0.02      new found per call)
c found                    : 1           (50.00     % of all found)
c bogoprops                : 2109950     % of all found
c ----- SCC STATS END --------
c --------- VAR REPLACE STATS ----------
c time                     : 0.21        (0.01      per call)
c trees' crown             : 1           (0.01      % of vars)
c 0-depth assigns          : 0           (0.00      % vars)
c lits replaced            : 3102        
c bin cls removed          : 8           
c long cls removed         : 2           
c long lits removed        : 502         
c bogoprops                : 7406380     
c --------- VAR REPLACE STATS END ----------
c vrep replace time        : 0.21        (0.11      % time)
c vrep tree roots          : 1           
c vrep trees' crown        : 1           (1.00      leafs/tree)
c -------- DISTILL-BIN STATS --------
c time                     : 1.17        (0.01      per call)
c timed out                : 0           (0.00      % of calls)
c distill/checked/potential: 0          /310497/310497
c lits-rem                 : 0           
c 0-depth-assigns          : 0           (0.00      % of vars)
c -------- DISTILL STATS END --------
c -------- STRENGTHEN STATS --------
c --> watch-based on irred cls
c time                     : 3.82        (0.02      s/call)
c shrinked/tried/total     : 162        /2443053/3751006
c subsumed/tried/total     : 4          /2443053/3751006
c lits-rem                 : 162         (0.00      % of lits tried)
c called                   : 178         (198715.17 % ran out of time)
c --> watch-based on red cls
c time                     : 1.47        (0.01      s/call)
c shrinked/tried/total     : 76         /850436/859950
c subsumed/tried/total     : 40         /850436/859950
c lits-rem                 : 79          (0.00      % of lits tried)
c called                   : 178         (5344.94   % ran out of time)
c -------- STRENGTHEN STATS END --------
c -------- IMPLICIT SUB  STATS --------
c time                     : 0.08        (0.00      per call)
c timed out                : 0           (0.00      % of calls)
c rem bins                 : 15          
c -------- IMPLICIT SUB STATS END --------
c Mem used                 : 58          MB
c Mem for longclauses      : 11          MB (19.10     %)
c Mem for watch alloc      : 19          MB (33.63     %)
c Mem for watch array      : 0           MB (0.20      %)
c Mem for assings&vardata  : 0           MB (1.41      %)
c Mem for search&solve     : 0           MB (1.58      %)
c Mem for renumberer       : 0           MB (0.56      %)
c Mem for occsimplifier    : 3           MB (6.18      %)
c Mem for varReplacer&SCC  : 0           MB (0.74      %)
c Mem for impl subsume     : 0           MB (0.00      %)
c Mem for 3 distills       : 0           MB (0.00      %)
c Accounted for mem (rss)  : 63.40       %
c Accounted for mem (vm)   : 58.25       %
c restarts                 : 2528        (962.73    confls per restart)
c blocked restarts         : 0           (0.00      per normal restart)
c time                     : 177.31      
c decisions                : 2802749     (0.00      % random)
c propagations             : 50M         (284K      props/s)
c decisions/conflicts      : 1.15        
c conflicts                : 2433787     
c conf lits non-minim      : 114698742   (47.13     lit/confl)
c conf lits final          : 32.16       
c red which0               : 842         (0.03      % of confl)
c props/decision           : 0.00        
c props/conflict           : 0.00        
c 0-depth assigns          : 730         (28.21     % vars)
c 0-depth assigns by CNF   : 710         (27.43     % vars)
c reduceDB time            : 0.78        (0.41      % time)
c OccSimplifier time       : 3.98        (2.10      % time)
c [occur] 0.41 is overhead
c [occur] link-in T: 0.34 cleanup T: 0.07
c [occ-substr] long subBySub: 2193 subByStr: 94 lits-rem-str: 73287 T: 3.45
c SCC time                 : 0.02        (0.01      % time)
c [scc] new: 1 BP 2M  T: 0.02
c vrep replace time        : 0.21        (0.11      % time)
c vrep tree roots          : 1           
c vrep trees' crown        : 1           (1.00      leafs/tree)
c distill long time        : 2.42        (1.28      % time)
c distill bin time         : 1.17        (0.62      % time)
c strength cache-irred time: 3.82        (2.02      % time)
c strength cache-red time  : 1.47        (0.78      % time)
c avg cls in red 0         : 4937.75     
c avg cls in red 1         : 799.61      
c avg cls in red 2         : 37953.42    
c Conflicts in UIP         : 2433787     (12872.31  confl/time_this_thread)
c Max Memory (rss) used    : 71144 kB    
c Total time (this thread) : 189.07      
s SATISFIABLE
v -1 -2 -3 -4 -5 -6 7 -8 -9 -10 -11 12 -13 -14 -15 16 -17 -18 -19 -20 -21 22 -23 
v -24 -25 26 -27 -28 -29 -30 31 32 -33 -34 -35 -36 -37 -38 -39 -40 -41 -42 -43 
v 44 -45 -46 -47 -48 49 -50 -51 -52 -53 -54 -55 -56 -57 -58 -59 -60 -61 -62 63 
v 64 -65 -66 -67 -68 -69 -70 71 -72 -73 -74 -75 -76 -77 -78 -79 -80 -81 -82 -83 
v -84 85 -86 -87 -88 -89 -90 -91 -92 -93 -94 -95 -96 -97 -98 -99 -100 -101 -102 
v 103 -104 -105 -106 107 -108 -109 -110 -111 -112 113 -114 -115 -116 -117 -118 
v -119 -120 -121 -122 -123 -124 -125 126 -127 -128 -129 -130 -131 -132 -133 
v -134 -135 -136 -137 -138 -139 -140 -141 -142 -143 -144 -145 146 -147 -148 149 
v -150 -151 152 -153 -154 155 -156 157 -158 -159 -160 -161 -162 163 164 -165 
v -166 -167 -168 169 -170 -171 -172 -173 -174 175 176 -177 -178 179 -180 181 
v -182 183 -184 -185 -186 187 -188 -189 -190 -191 -192 -193 -194 -195 -196 -197 
v -198 -199 -200 -201 -202 -203 -204 205 206 -207 -208 209 -210 -211 -212 -213 
v -214 -215 -216 -217 -218 219 -220 -221 -222 223 -224 -225 -226 -227 -228 -229 
v -230 -231 -232 233 -234 -235 -236 -237 -238 239 240 -241 -242 243 -244 -245 
v -246 -247 -248 -249 250 251 -252 -253 -254 255 -256 257 -258 -259 -260 261 
v -262 -263 -264 -265 -266 -267 -268 -269 -270 -271 -272 -273 -274 -275 -276 
v 277 -278 -279 -280 281 -282 -283 -284 -285 -286 -287 -288 289 -290 -291 -292 
v -293 -294 295 296 -297 -298 299 -300 -301 -302 -303 -304 -305 -306 307 -308 
v -309 -310 -311 -312 313 314 315 -316 317 318 -319 -320 -321 -322 323 -324 325 
v -326 327 328 -329 -330 331 332 333 -334 -335 -336 337 -338 339 -340 -341 -342 
v -343 -344 345 346 -347 -348 349 -350 -351 -352 -353 -354 -355 -356 357 -358 
v -359 -360 361 362 -363 -364 365 -366 -367 -368 -369 -370 -371 -372 373 -374 
v -375 -376 377 378 379 -380 -381 -382 -383 -384 385 386 387 -388 389 390 391 
v -392 -393 -394 -395 -396 397 398 399 -400 401 -402 -403 -404 -405 -406 407 
v -408 -409 -410 -411 -412 413 -414 -415 -416 417 418 419 420 421 -422 -423 
v -424 425 426 427 428 429 430 431 -432 433 -434 435 -436 -437 -438 -439 -440 
v -441 442 -443 -444 -445 446 -447 -448 -449 -450 -451 -452 -453 -454 -455 -456 
v -457 -458 -459 -460 -461 462 -463 -464 -465 -466 -467 -468 -469 -470 -471 
v -472 -473 -474 -475 -476 -477 -478 -479 480 -481 482 -483 484 485 -486 -487 
v 488 -489 -490 -491 -492 -493 -494 -495 -496 -497 -498 -499 500 -501 -502 -503 
v -504 -505 506 -507 -508 -509 -510 -511 512 -513 -514 -515 -516 -517 518 519 
v -520 -521 522 -523 -524 -525 526 -527 528 -529 530 -531 532 -533 -534 -535 
v 536 -537 -538 -539 -540 -541 -542 -543 544 -545 546 -547 -548 -549 550 -551 
v -552 -553 554 555 -556 -557 558 -559 560 -561 -562 -563 -564 -565 -566 -567 
v -568 -569 -570 -571 572 573 -574 -575 576 -577 -578 -579 -580 -581 -582 -583 
v -584 -585 -586 -587 588 -589 -590 -591 -592 -593 594 -595 -596 -597 -598 -599 
v 600 -601 -602 -603 -604 -605 -606 -607 -608 -609 -610 -611 -612 -613 -614 
v -615 -616 -617 -618 -619 -620 -621 -622 -623 -624 -625 -626 -627 -628 -629 
v -630 -631 -632 -633 -634 -635 -636 -637 -638 -639 -640 -641 -642 -643 644 
v -645 -646 -647 648 -649 -650 -651 -652 -653 -654 -655 656 -657 -658 -659 -660 
v -661 662 -663 -664 -665 -666 -667 -668 -669 -670 -671 -672 -673 674 -675 -676 
v -677 -678 -679 680 681 682 -683 -684 -685 -686 -687 -688 -689 -690 -691 -692 
v -693 694 695 696 -697 698 699 -700 -701 -702 -703 -704 -705 706 -707 708 -709 
v 710 711 -712 -713 714 -715 -716 -717 -718 -719 -720 -721 722 -723 -724 -725 
v 726 727 728 -729 730 -731 -732 -733 734 735 -736 -737 738 -739 740 -741 -742 
v -743 -744 -745 746 747 -748 -749 750 -751 -752 -753 -754 -755 756 -757 -758 
v -759 -760 -761 762 -763 -764 -765 766 767 768 769 -770 -771 -772 -773 774 775 
v 776 777 778 779 780 -781 782 783 -784 -785 -786 -787 -788 -789 -790 -791 -792 
v -793 -794 -795 -796 -797 -798 -799 -800 -801 -802 -803 -804 -805 -806 -807 
v -808 -809 -810 -811 -812 -813 -814 -815 -816 -817 -818 -819 -820 -821 -822 
v -823 -824 -825 -826 827 -828 -829 -830 831 -832 833 -834 -835 -836 -837 -838 
v 839 -840 -841 -842 843 -844 845 -846 847 -848 849 850 -851 -852 853 -854 855 
v -856 -857 -858 -859 -860 861 862 -863 -864 865 -866 867 -868 -869 -870 -871 
v -872 873 -874 -875 -876 -877 -878 879 -880 -881 -882 -883 -884 885 -886 887 
v 888 889 -890 -891 -892 -893 -894 895 -896 897 -898 899 -900 901 -902 903 904 
v 905 -906 -907 -908 909 -910 -911 -912 913 -914 -915 -916 917 -918 919 -920 
v 921 922 923 -924 925 926 927 -928 929 -930 931 932 -933 -934 935 -936 937 938 
v 939 -940 941 942 943 944 -945 -946 947 -948 949 950 951 952 -953 -954 955 
v -956 957 -958 959 960 961 -962 963 964 -965 -966 -967 -968 -969 -970 -971 
v -972 -973 -974 975 -976 977 -978 979 -980 981 -982 -983 -984 -985 -986 987 
v 988 -989 -990 -991 -992 993 994 995 -996 997 998 999 1000 -1001 -1002 1003 
v -1004 1005 1006 1007 1008 -1009 -1010 1011 1012 -1013 -1014 1015 -1016 1017 
v -1018 -1019 -1020 -1021 -1022 1023 1024 -1025 -1026 -1027 -1028 1029 1030 
v 1031 1032 1033 1034 1035 -1036 -1037 -1038 -1039 -1040 -1041 -1042 1043 1044 
v -1045 -1046 1047 -1048 1049 -1050 -1051 -1052 -1053 -1054 1055 1056 -1057 
v -1058 1059 1060 -1061 -1062 1063 -1064 1065 -1066 -1067 -1068 -1069 -1070 
v 1071 1072 -1073 -1074 1075 1076 1077 1078 1079 -1080 -1081 -1082 1083 1084 
v -1085 -1086 1087 -1088 1089 -1090 -1091 -1092 -1093 -1094 1095 1096 -1097 
v -1098 1099 1100 1101 -1102 1103 1104 1105 1106 -1107 -1108 1109 -1110 1111 
v 1112 1113 1114 1115 1116 1117 1118 1119 -1120 1121 -1122 1123 1124 1125 1126 
v 1127 1128 1129 1130 1131 1132 1133 -1134 -1135 -1136 1137 -1138 -1139 -1140 
v -1141 1142 -1143 1144 -1145 -1146 -1147 -1148 -1149 -1150 -1151 -1152 -1153 
v -1154 -1155 -1156 -1157 -1158 -1159 1160 -1161 -1162 -1163 -1164 -1165 -1166 
v -1167 -1168 -1169 -1170 -1171 -1172 -1173 -1174 1175 -1176 -1177 -1178 -1179 
v 1180 -1181 1182 -1183 -1184 -1185 -1186 -1187 1188 -1189 -1190 -1191 1192 
v -1193 -1194 -1195 -1196 -1197 1198 1199 -1200 -1201 1202 -1203 -1204 -1205 
v -1206 -1207 -1208 -1209 1210 -1211 -1212 1213 -1214 -1215 1216 1217 1218 1219 
v 1220 1221 -1222 -1223 1224 -1225 1226 -1227 1228 -1229 1230 1231 1232 -1233 
v 1234 -1235 -1236 -1237 -1238 -1239 -1240 -1241 1242 -1243 1244 -1245 -1246 
v -1247 1248 -1249 -1250 -1251 1252 1253 -1254 -1255 1256 -1257 1258 1259 1260 
v -1261 -1262 -1263 -1264 -1265 -1266 -1267 -1268 -1269 1270 -1271 -1272 -1273 
v -1274 -1275 -1276 -1277 1278 -1279 1280 -1281 -1282 -1283 -1284 -1285 1286 
v 1287 1288 -1289 1290 1291 -1292 -1293 -1294 -1295 -1296 -1297 1298 -1299 1300 
v -1301 -1302 -1303 -1304 -1305 -1306 -1307 -1308 -1309 -1310 -1311 -1312 -1313 
v -1314 -1315 -1316 -1317 -1318 -1319 -1320 -1321 -1322 -1323 -1324 -1325 -1326 
v -1327 -1328 -1329 -1330 -1331 -1332 -1333 -1334 -1335 -1336 -1337 -1338 -1339 
v -1340 -1341 1342 -1343 -1344 -1345 -1346 -1347 -1348 -1349 -1350 -1351 -1352 
v -1353 -1354 -1355 -1356 -1357 -1358 -1359 1360 -1361 -1362 -1363 -1364 -1365 
v 1366 -1367 -1368 -1369 -1370 -1371 1372 -1373 -1374 -1375 -1376 -1377 1378 
v -1379 1380 -1381 -1382 -1383 -1384 -1385 -1386 -1387 -1388 -1389 -1390 -1391 
v 1392 1393 1394 -1395 1396 1397 -1398 -1399 -1400 -1401 -1402 -1403 1404 -1405 
v 1406 -1407 1408 -1409 -1410 -1411 -1412 -1413 -1414 -1415 -1416 -1417 -1418 
v -1419 -1420 -1421 -1422 -1423 1424 1425 -1426 -1427 1428 -1429 -1430 -1431 
v 1432 1433 1434 -1435 1436 1437 1438 -1439 -1440 -1441 -1442 -1443 1444 1445 
v 1446 -1447 1448 -1449 -1450 -1451 -1452 -1453 1454 -1455 -1456 -1457 -1458 
v -1459 1460 -1461 -1462 -1463 1464 1465 1466 1467 1468 -1469 -1470 -1471 1472 
v 1473 1474 1475 1476 -1477 1478 -1479 1480 1481 1482 -1483 -1484 -1485 -1486 
v -1487 -1488 -1489 -1490 1491 -1492 1493 -1494 1495 -1496 1497 -1498 -1499 
v -1500 1501 -1502 1503 -1504 -1505 -1506 -1507 -1508 1509 1510 -1511 -1512 
v 1513 -1514 1515 -1516 -1517 -1518 1519 -1520 1521 1522 1523 -1524 -1525 -1526 
v 1527 -1528 -1529 -1530 1531 -1532 -1533 -1534 -1535 -1536 1537 -1538 1539 
v -1540 1541 1542 -1543 -1544 1545 -1546 1547 1548 -1549 -1550 1551 -1552 1553 
v -1554 -1555 -1556 -1557 -1558 1559 1560 -1561 -1562 -1563 -1564 1565 1566 
v -1567 -1568 1569 -1570 1571 1572 1573 -1574 1575 1576 1577 1578 1579 -1580 
v 1581 -1582 1583 1584 -1585 -1586 1587 -1588 1589 -1590 -1591 -1592 -1593 
v -1594 1595 1596 -1597 -1598 -1599 -1600 1601 1602 1603 1604 1605 1606 -1607 
v -1608 1609 -1610 -1611 -1612 -1613 -1614 -1615 -1616 -1617 -1618 -1619 -1620 
v -1621 -1622 -1623 -1624 -1625 -1626 -1627 -1628 -1629 -1630 -1631 -1632 -1633 
v -1634 -1635 -1636 -1637 -1638 -1639 -1640 -1641 -1642 -1643 -1644 -1645 -1646 
v -1647 -1648 -1649 -1650 -1651 -1652 -1653 -1654 -1655 -1656 -1657 -1658 -1659 
v -1660 -1661 -1662 -1663 -1664 -1665 -1666 -1667 -1668 -1669 -1670 -1671 -1672 
v -1673 -1674 -1675 -1676 -1677 -1678 -1679 -1680 -1681 -1682 -1683 -1684 -1685 
v -1686 -1687 -1688 -1689 -1690 -1691 -1692 -1693 -1694 -1695 -1696 -1697 -1698 
v -1699 -1700 -1701 -1702 -1703 -1704 -1705 -1706 -1707 -1708 -1709 -1710 -1711 
v -1712 -1713 -1714 -1715 -1716 -1717 -1718 -1719 -1720 -1721 -1722 -1723 -1724 
v -1725 -1726 -1727 -1728 -1729 -1730 -1731 -1732 -1733 -1734 -1735 -1736 -1737 
v -1738 -1739 -1740 1741 -1742 1743 -1744 1745 -1746 1747 -1748 -1749 -1750 
v -1751 -1752 1753 1754 -1755 -1756 1757 -1758 -1759 -1760 -1761 -1762 1763 
v -1764 -1765 -1766 -1767 -1768 1769 -1770 -1771 -1772 1773 1774 1775 1776 
v -1777 -1778 -1779 -1780 1781 -1782 1783 -1784 1785 -1786 1787 -1788 -1789 
v -1790 -1791 -1792 1793 1794 1795 -1796 1797 -1798 -1799 -1800 -1801 -1802 
v -1803 -1804 -1805 -1806 -1807 -1808 -1809 -1810 -1811 -1812 1813 1814 1815 
v -1816 1817 -1818 -1819 -1820 1821 1822 1823 1824 1825 1826 1827 1828 -1829 
v -1830 1831 -1832 -1833 -1834 -1835 -1836 -1837 1838 -1839 -1840 -1841 1842 
v -1843 -1844 -1845 -1846 -1847 1848 -1849 -1850 -1851 1852 -1853 -1854 -1855 
v -1856 -1857 1858 1859 -1860 -1861 1862 -1863 1864 -1865 -1866 -1867 -1868 
v -1869 1870 1871 -1872 -1873 -1874 -1875 1876 -1877 1878 1879 1880 1881 1882 
v -1883 1884 1885 1886 -1887 1888 -1889 1890 1891 -1892 -1893 1894 -1895 1896 
v 1897 1898 -1899 1900 1901 1902 1903 -1904 -1905 1906 1907 1908 1909 1910 1911 
v 1912 -1913 1914 1915 1916 -1917 1918 1919 1920 1921 -1922 -1923 1924 -1925 
v 1926 1927 1928 1929 -1930 -1931 1932 1933 1934 -1935 1936 1937 1938 -1939 
v -1940 -1941 -1942 -1943 1944 1945 1946 -1947 1948 -1949 1950 1951 1952 1953 
v 1954 1955 1956 1957 -1958 -1959 1960 -1961 -1962 -1963 1964 -1965 -1966 -1967 
v 1968 -1969 -1970 -1971 -1972 -1973 -1974 -1975 1976 -1977 1978 -1979 -1980 
v -1981 -1982 -1983 1984 1985 -1986 -1987 1988 -1989 -1990 -1991 -1992 -1993 
v -1994 -1995 1996 -1997 -1998 -1999 -2000 -2001 -2002 -2003 -2004 -2005 -2006 
v -2007 -2008 -2009 -2010 -2011 -2012 -2013 -2014 -2015 -2016 -2017 -2018 -2019 
v -2020 -2021 -2022 -2023 -2024 -2025 -2026 -2027 2028 -2029 -2030 -2031 -2032 
v -2033 2034 -2035 -2036 -2037 -2038 -2039 2040 2041 -2042 -2043 2044 -2045 
v -2046 -2047 -2048 -2049 -2050 -2051 2052 -2053 -2054 -2055 -2056 -2057 2058 
v 2059 -2060 -2061 2062 -2063 -2064 -2065 -2066 -2067 -2068 -2069 2070 -2071 
v 2072 -2073 -2074 -2075 2076 2077 2078 -2079 -2080 -2081 2082 -2083 -2084 
v -2085 -2086 -2087 -2088 -2089 2090 2091 2092 -2093 2094 2095 2096 -2097 -2098 
v -2099 -2100 -2101 2102 2103 2104 -2105 2106 2107 -2108 -2109 2110 -2111 2112 
v -2113 -2114 -2115 -2116 -2117 2118 2119 -2120 -2121 2122 2123 2124 2125 2126 
v 2127 -2128 -2129 2130 2131 -2132 -2133 2134 -2135 2136 -2137 -2138 -2139 
v -2140 -2141 2142 2143 -2144 -2145 2146 2147 2148 -2149 2150 2151 2152 2153 
v -2154 -2155 2156 -2157 2158 2159 2160 2161 2162 2163 2164 2165 2166 -2167 
v 2168 -2169 2170 2171 2172 2173 2174 2175 2176 2177 2178 2179 2180 2181 -2182 
v -2183 2184 -2185 -2186 2187 -2188 2189 -2190 2191 2192 -2193 -2194 2195 -2196 
v -2197 -2198 2199 -2200 2201 -2202 -2203 -2204 -2205 -2206 2207 2208 -2209 
v -2210 2211 -2212 2213 -2214 -2215 -2216 -2217 -2218 2219 2220 -2221 -2222 
v -2223 -2224 -2225 -2226 2227 -2228 2229 -2230 -2231 -2232 -2233 -2234 2235 
v -2236 2237 -2238 2239 2240 -2241 -2242 2243 -2244 2245 2246 -2247 -2248 2249 
v -2250 2251 -2252 -2253 -2254 -2255 -2256 2257 2258 -2259 -2260 -2261 -2262 
v 2263 2264 -2265 -2266 2267 -2268 2269 2270 2271 -2272 2273 2274 2275 2276 
v 2277 -2278 2279 -2280 2281 2282 -2283 -2284 2285 -2286 -2287 -2288 -2289 
v -2290 -2291 -2292 2293 -2294 -2295 -2296 -2297 -2298 2299 2300 2301 2302 2303 
v -2304 -2305 -2306 2307 -2308 -2309 -2310 -2311 -2312 2313 -2314 -2315 -2316 
v 2317 -2318 2319 -2320 2321 -2322 2323 -2324 2325 -2326 2327 2328 -2329 -2330 
v 2331 -2332 2333 2334 -2335 -2336 2337 -2338 2339 2340 -2341 -2342 2343 -2344 
v 2345 2346 2347 -2348 -2349 -2350 -2351 -2352 -2353 -2354 -2355 -2356 -2357 
v -2358 -2359 -2360 -2361 -2362 -2363 -2364 -2365 -2366 -2367 -2368 -2369 -2370 
v 2371 -2372 -2373 -2374 -2375 -2376 2377 -2378 -2379 -2380 -2381 -2382 2383 
v -2384 -2385 -2386 -2387 -2388 2389 2390 -2391 -2392 2393 -2394 2395 -2396 
v -2397 -2398 2399 -2400 2401 2402 2403 -2404 -2405 -2406 2407 2408 -2409 -2410 
v 2411 -2412 2413 -2414 -2415 -2416 -2417 -2418 2419 2420 -2421 -2422 -2423 
v -2424 2425 2426 2427 2428 2429 2430 -2431 -2432 -2433 -2434 -2435 -2436 -2437 
v -2438 2439 2440 -2441 -2442 2443 -2444 2445 2446 -2447 -2448 2449 -2450 2451 
v 2452 2453 -2454 2455 2456 -2457 -2458 2459 -2460 2461 -2462 -2463 -2464 -2465 
v -2466 2467 2468 -2469 -2470 2471 2472 2473 2474 2475 2476 -2477 -2478 2479 
v 2480 2481 -2482 2483 2484 2485 2486 -2487 -2488 2489 -2490 2491 2492 2493 
v 2494 2495 2496 -2497 -2498 2499 -2500 -2501 -2502 -2503 -2504 -2505 -2506 
v 2507 -2508 -2509 -2510 2511 2512 2513 2514 2515 -2516 2517 -2518 2519 2520 
v 2521 2522 2523 2524 2525 2526 2527 2528 2529 2530 -2531 -2532 2533 -2534 
v -2535 -2536 -2537 2538 -2539 2540 -2541 -2542 -2543 -2544 -2545 -2546 -2547 
v -2548 -2549 -2550 -2551 -2552 -2553 -2554 -2555 2556 -2557 -2558 -2559 -2560 
v -2561 -2562 -2563 -2564 -2565 -2566 -2567 -2568 -2569 -2570 -2571 -2572 -2573 
v -2574 -2575 2576 -2577 2578 -2579 -2580 -2581 -2582 -2583 2584 -2585 2586 
v -2587 2588 2589 -2590 -2591 2592 -2593 2594 2595 -2596 -2597 2598 -2599 2600 
v -2601 -2602 -2603 -2604 -2605 2606 2607 2608 -2609 -2610 -2611 2612 2613 
v -2614 -2615 2616 -2617 2618 -2619 2620 -2621 2622 -2623 2624 2625 2626 -2627 
v -2628 -2629 2630 -2631 -2632 -2633 -2634 -2635 2636 -2637 -2638 -2639 -2640 
v -2641 2642 -2643 -2644 -2645 -2646 -2647 2648 2649 2650 2651 2652 -2653 -2654 
v -2655 -2656 -2657 -2658 -2659 -2660 -2661 2662 -2663 -2664 -2665 2666 -2667 
v -2668 -2669 -2670 -2671 -2672 -2673 -2674 -2675 -2676 -2677 -2678 -2679 -2680 
v -2681 2682 -2683 -2684 -2685 -2686 -2687 2688 -2689 -2690 -2691 2692 -2693 
v 2694 -2695 2696 -2697 -2698 -2699 2700 -2701 -2702 -2703 2704 -2705 -2706 
v -2707 -2708 -2709 -2710 -2711 -2712 -2713 -2714 -2715 -2716 -2717 -2718 -2719 
v 2720 -2721 -2722 -2723 -2724 -2725 -2726 -2727 -2728 -2729 -2730 -2731 -2732 
v -2733 -2734 -2735 -2736 -2737 2738 2739 -2740 -2741 2742 -2743 2744 -2745 
v -2746 -2747 2748 -2749 2750 2751 2752 -2753 -2754 -2755 2756 2757 -2758 -2759 
v 2760 -2761 2762 -2763 -2764 -2765 -2766 -2767 2768 2769 -2770 -2771 -2772 
v -2773 2774 2775 2776 2777 2778 2779 -2780 -2781 -2782 -2783 -2784 -2785 -2786 
v -2787 2788 2789 -2790 -2791 2792 -2793 2794 2795 -2796 -2797 2798 -2799 2800 
v 2801 2802 -2803 2804 2805 -2806 -2807 2808 -2809 2810 -2811 -2812 -2813 -2814 
v -2815 2816 2817 -2818 -2819 2820 2821 2822 2823 2824 2825 -2826 -2827 2828 
v 2829 2830 -2831 2832 2833 2834 2835 -2836 -2837 2838 -2839 2840 2841 2842 
v 2843 2844 2845 -2846 -2847 2848 -2849 -2850 -2851 -2852 -2853 -2854 -2855 
v 2856 -2857 -2858 -2859 2860 2861 2862 2863 2864 -2865 2866 -2867 2868 2869 
v 2870 2871 2872 2873 2874 2875 2876 2877 2878 2879 -2880 -2881 2882 -2883 
v -2884 -2885 -2886 2887 -2888 2889 -2890 -2891 -2892 -2893 -2894 -2895 -2896 
v -2897 -2898 -2899 -2900 -2901 -2902 -2903 -2904 2905 -2906 -2907 -2908 -2909 
v -2910 -2911 -2912 -2913 -2914 2915 -2916 -2917 -2918 2919 -2920 2921 -2922 
v -2923 -2924 2925 -2926 2927 -2928 -2929 -2930 -2931 -2932 -2933 -2934 2935 
v -2936 2937 -2938 2939 -2940 2941 -2942 2943 2944 -2945 -2946 2947 -2948 2949 
v -2950 -2951 -2952 -2953 -2954 2955 2956 -2957 -2958 -2959 -2960 2961 2962 
v -2963 -2964 2965 -2966 2967 -2968 2969 -2970 2971 -2972 2973 2974 2975 -2976 
v -2977 -2978 2979 -2980 2981 -2982 2983 -2984 2985 -2986 -2987 -2988 -2989 
v -2990 2991 2992 -2993 -2994 -2995 -2996 2997 2998 2999 3000 3001 3002 -3003 
v -3004 -3005 -3006 -3007 -3008 -3009 -3010 3011 -3012 -3013 -3014 3015 -3016 
v -3017 -3018 -3019 -3020 -3021 -3022 -3023 -3024 -3025 -3026 -3027 -3028 -3029 
v -3030 3031 -3032 -3033 -3034 -3035 -3036 -3037 -3038 -3039 -3040 -3041 -3042 
v -3043 -3044 -3045 -3046 -3047 -3048 -3049 -3050 -3051 -3052 -3053 -3054 -3055 
v -3056 -3057 -3058 -3059 -3060 -3061 -3062 -3063 -3064 -3065 -3066 -3067 -3068 
v -3069 -3070 -3071 -3072 -3073 -3074 -3075 -3076 -3077 -3078 -3079 -3080 -3081 
v -3082 -3083 -3084 -3085 -3086 3087 -3088 -3089 -3090 -3091 -3092 -3093 -3094 
v -3095 -3096 -3097 -3098 -3099 -3100 -3101 -3102 -3103 -3104 -3105 -3106 -3107 
v -3108 -3109 -3110 -3111 -3112 -3113 -3114 -3115 -3116 -3117 -3118 -3119 -3120 
v -3121 -3122 -3123 -3124 -3125 -3126 -3127 -3128 -3129 -3130 -3131 -3132 -3133 
v -3134 -3135 -3136 3137 3138 -3139 -3140 3141 -3142 3143 -3144 -3145 -3146 
v -3147 -3148 3149 3150 -3151 -3152 3153 -3154 -3155 -3156 -3157 -3158 3159 
v -3160 -3161 -3162 -3163 -3164 3165 -3166 -3167 -3168 3169 3170 3171 3172 
v -3173 -3174 -3175 -3176 3177 -3178 -3179 -3180 -3181 -3182 3183 -3184 -3185 
v -3186 -3187 -3188 3189 -3190 -3191 -3192 3193 -3194 -3195 -3196 -3197 -3198 
v -3199 -3200 -3201 -3202 -3203 -3204 -3205 -3206 -3207 -3208 3209 3210 -3211 
v -3212 -3213 -3214 -3215 -3216 3217 3218 3219 3220 3221 3222 3223 -3224 -3225 
v -3226 -3227 -3228 -3229 -3230 -3231 -3232 -3233 -3234 -3235 3236 -3237 3238 
v -3239 -3240 -3241 -3242 -3243 3244 -3245 -3246 -3247 3248 -3249 -3250 -3251 
v 3252 -3253 3254 3255 -3256 -3257 3258 -3259 3260 -3261 -3262 -3263 -3264 
v -3265 3266 3267 -3268 -3269 -3270 -3271 -3272 -3273 3274 -3275 3276 -3277 
v -3278 -3279 -3280 -3281 3282 -3283 3284 -3285 3286 3287 -3288 -3289 3290 
v -3291 3292 3293 3294 -3295 3296 3297 3298 -3299 -3300 -3301 -3302 -3303 3304 
v 3305 3306 -3307 -3308 -3309 3310 3311 -3312 -3313 3314 -3315 3316 3317 -3318 
v -3319 3320 -3321 3322 3323 3324 -3325 -3326 -3327 3328 3329 -3330 -3331 3332 
v -3333 3334 -3335 3336 -3337 3338 -3339 3340 3341 3342 -3343 -3344 -3345 3346 
v 3347 3348 3349 3350 3351 3352 -3353 -3354 -3355 -3356 -3357 -3358 -3359 3360 
v -3361 -3362 -3363 3364 -3365 -3366 -3367 -3368 -3369 -3370 -3371 -3372 -3373 
v -3374 -3375 -3376 -3377 -3378 -3379 3380 -3381 -3382 -3383 -3384 -3385 -3386 
v -3387 -3388 -3389 -3390 -3391 -3392 -3393 -3394 -3395 -3396 -3397 -3398 -3399 
v -3400 -3401 -3402 -3403 -3404 -3405 -3406 -3407 -3408 -3409 -3410 -3411 -3412 
v -3413 -3414 -3415 -3416 -3417 3418 -3419 -3420 -3421 -3422 -3423 -3424 -3425 
v -3426 -3427 -3428 -3429 3430 -3431 -3432 -3433 -3434 -3435 3436 3437 -3438 
v -3439 3440 -3441 -3442 -3443 -3444 -3445 -3446 -3447 3448 -3449 -3450 -3451 
v -3452 -3453 3454 -3455 -3456 -3457 -3458 -3459 -3460 -3461 -3462 -3463 -3464 
v -3465 -3466 -3467 -3468 -3469 -3470 -3471 3472 3473 -3474 -3475 -3476 -3477 
v -3478 -3479 -3480 -3481 -3482 -3483 -3484 -3485 3486 3487 -3488 -3489 3490 
v -3491 3492 -3493 -3494 -3495 -3496 -3497 3498 3499 -3500 -3501 3502 3503 
v -3504 -3505 3506 -3507 3508 -3509 -3510 -3511 -3512 -3513 3514 3515 -3516 
v -3517 3518 3519 3520 3521 3522 -3523 -3524 -3525 3526 3527 -3528 -3529 3530 
v -3531 3532 -3533 -3534 -3535 -3536 -3537 3538 3539 3540 -3541 3542 -3543 
v -3544 -3545 -3546 -3547 3548 -3549 -3550 -3551 -3552 -3553 3554 -3555 -3556 
v -3557 3558 3559 3560 3561 3562 -3563 -3564 -3565 3566 3567 3568 3569 3570 
v 3571 3572 3573 3574 3575 3576 -3577 -3578 -3579 -3580 -3581 -3582 3583 -3584 
v 3585 -3586 3587 3588 -3589 -3590 3591 -3592 -3593 -3594 -3595 -3596 -3597 
v -3598 -3599 -3600 -3601 -3602 3603 3604 -3605 -3606 3607 -3608 3609 -3610 
v -3611 -3612 -3613 -3614 3615 3616 -3617 -3618 -3619 -3620 3621 -3622 -3623 
v -3624 3625 -3626 -3627 -3628 3629 3630 -3631 -3632 -3633 -3634 3635 -3636 
v -3637 -3638 3639 -3640 3641 3642 3643 -3644 3645 3646 3647 3648 3649 -3650 
v 3651 3652 3653 3654 3655 3656 3657 -3658 3659 3660 3661 -3662 3663 3664 3665 
v 3666 -3667 -3668 3669 3670 3671 3672 3673 3674 3675 -3676 3677 3678 3679 
v -3680 3681 3682 3683 -3684 3685 -3686 3687 -3688 3689 3690 3691 3692 -3693 
v -3694 3695 3696 3697 3698 3699 3700 3701 3702 3703 3704 -3705 -3706 -3707 
v -3708 3709 -3710 -3711 -3712 3713 -3714 -3715 -3716 -3717 -3718 -3719 -3720 
v -3721 -3722 -3723 -3724 -3725 -3726 -3727 -3728 3729 -3730 -3731 -3732 -3733 
v -3734 -3735 -3736 -3737 -3738 -3739 -3740 -3741 -3742 -3743 -3744 -3745 -3746 
v -3747 -3748 -3749 -3750 -3751 -3752 -3753 -3754 -3755 -3756 -3757 -3758 -3759 
v -3760 -3761 -3762 -3763 -3764 -3765 -3766 -3767 -3768 -3769 -3770 -3771 -3772 
v -3773 -3774 -3775 -3776 -3777 -3778 -3779 -3780 -3781 -3782 -3783 -3784 3785 
v -3786 -3787 -3788 -3789 -3790 -3791 -3792 -3793 -3794 -3795 -3796 -3797 -3798 
v -3799 -3800 -3801 -3802 -3803 -3804 -3805 -3806 -3807 -3808 -3809 -3810 -3811 
v -3812 -3813 -3814 -3815 -3816 -3817 -3818 -3819 -3820 -3821 -3822 -3823 -3824 
v -3825 -3826 -3827 -3828 -3829 -3830 -3831 -3832 -3833 -3834 3835 3836 3837 
v -3838 3839 3840 3841 -3842 -3843 -3844 -3845 -3846 3847 3848 3849 -3850 3851 
v -3852 3853 -3854 3855 -3856 3857 -3858 -3859 -3860 -3861 -3862 3863 3864 
v -3865 -3866 3867 3868 3869 3870 3871 3872 -3873 -3874 3875 -3876 3877 -3878 
v 3879 -3880 3881 -3882 -3883 -3884 -3885 -3886 3887 3888 3889 -3890 3891 -3892 
v -3893 -3894 -3895 -3896 3897 -3898 -3899 -3900 -3901 -3902 3903 -3904 -3905 
v -3906 3907 3908 3909 3910 3911 -3912 -3913 -3914 3915 3916 3917 3918 3919 
v 3920 3921 3922 3923 3924 3925 3926 -3927 -3928 -3929 -3930 -3931 3932 -3933 
v -3934 -3935 3936 -3937 -3938 -3939 -3940 -3941 3942 -3943 -3944 -3945 3946 
v -3947 -3948 -3949 -3950 -3951 3952 3953 -3954 -3955 3956 -3957 -3958 -3959 
v -3960 -3961 -3962 -3963 3964 -3965 -3966 -3967 -3968 -3969 -3970 -3971 3972 
v -3973 3974 -3975 -3976 -3977 -3978 -3979 3980 -3981 3982 -3983 3984 3985 
v -3986 -3987 3988 -3989 3990 3991 -3992 -3993 3994 -3995 3996 -3997 -3998 
v -3999 -4000 -4001 4002 4003 -4004 -4005 -4006 -4007 4008 4009 -4010 -4011 
v 4012 -4013 4014 -4015 -4016 -4017 -4018 -4019 4020 4021 -4022 -4023 4024 
v -4025 4026 4027 -4028 -4029 4030 -4031 -4032 -4033 -4034 -4035 4036 -4037 
v 4038 -4039 4040 -4041 -4042 -4043 4044 4045 4046 4047 -4048 -4049 4050 -4051 
v 4052 -4053 -4054 -4055 -4056 -4057 -4058 -4059 -4060 -4061 -4062 -4063 -4064 
v -4065 -4066 -4067 4068 -4069 4070 -4071 4072 4073 -4074 -4075 4076 -4077 4078 
v -4079 -4080 -4081 -4082 -4083 4084 -4085 -4086 -4087 -4088 -4089 4090 -4091 
v -4092 -4093 -4094 -4095 -4096 -4097 -4098 -4099 -4100 -4101 -4102 -4103 -4104 
v -4105 -4106 -4107 -4108 -4109 -4110 -4111 -4112 -4113 -4114 -4115 -4116 -4117 
v -4118 -4119 -4120 -4121 -4122 -4123 -4124 -4125 -4126 -4127 -4128 -4129 -4130 
v -4131 -4132 -4133 4134 -4135 -4136 -4137 4138 -4139 -4140 -4141 -4142 -4143 
v -4144 -4145 4146 -4147 -4148 -4149 -4150 -4151 4152 -4153 -4154 -4155 -4156 
v -4157 -4158 -4159 -4160 -4161 -4162 -4163 -4164 -4165 -4166 -4167 -4168 -4169 
v 4170 4171 -4172 -4173 -4174 -4175 -4176 -4177 -4178 -4179 -4180 -4181 -4182 
v -4183 4184 4185 -4186 -4187 4188 -4189 4190 -4191 -4192 -4193 4194 -4195 4196 
v 4197 4198 -4199 4200 4201 -4202 -4203 4204 -4205 -4206 -4207 -4208 -4209 
v -4210 -4211 4212 -4213 -4214 -4215 4216 4217 4218 4219 4220 -4221 -4222 -4223 
v 4224 4225 4226 -4227 4228 4229 -4230 -4231 -4232 -4233 -4234 -4235 4236 -4237 
v 4238 -4239 4240 -4241 -4242 -4243 -4244 -4245 4246 -4247 -4248 -4249 -4250 
v -4251 4252 -4253 -4254 -4255 4256 4257 4258 -4259 4260 -4261 -4262 -4263 4264 
v 4265 4266 4267 4268 4269 4270 4271 4272 -4273 4274 -4275 -4276 -4277 -4278 
v -4279 -4280 -4281 -4282 -4283 -4284 -4285 -4286 -4287 -4288 -4289 -4290 -4291 
v -4292 -4293 -4294 -4295 -4296 -4297 -4298 -4299 -4300 -4301 -4302 -4303 -4304 
v -4305 -4306 -4307 -4308 -4309 -4310 -4311 -4312 -4313 -4314 -4315 -4316 -4317 
v -4318 4319 -4320 -4321 -4322 4323 -4324 -4325 -4326 -4327 -4328 4329 -4330 
v 4331 -4332 4333 4334 -4335 -4336 4337 -4338 4339 4340 -4341 -4342 4343 -4344 
v 4345 -4346 -4347 -4348 -4349 -4350 4351 4352 -4353 -4354 -4355 -4356 4357 
v -4358 -4359 -4360 -4361 -4362 4363 -4364 -4365 -4366 -4367 -4368 4369 -4370 
v -4371 -4372 -4373 -4374 4375 -4376 -4377 -4378 -4379 -4380 -4381 -4382 -4383 
v -4384 -4385 -4386 -4387 -4388 -4389 -4390 -4391 -4392 4393 4394 -4395 -4396 
v -4397 -4398 -4399 -4400 -4401 -4402 -4403 -4404 -4405 -4406 -4407 -4408 -4409 
v -4410 -4411 -4412 4413 -4414 4415 -4416 -4417 -4418 4419 -4420 4421 -4422 
v -4423 -4424 -4425 -4426 4427 -4428 -4429 -4430 -4431 4432 4433 -4434 -4435 
v -4436 4437 -4438 4439 -4440 4441 4442 -4443 -4444 -4445 -4446 -4447 -4448 
v -4449 -4450 -4451 -4452 -4453 -4454 -4455 -4456 -4457 -4458 -4459 -4460 -4461 
v -4462 -4463 -4464 4465 -4466 -4467 -4468 -4469 -4470 -4471 -4472 -4473 -4474 
v -4475 -4476 -4477 -4478 -4479 -4480 -4481 -4482 4483 4484 4485 -4486 4487 
v 4488 4489 -4490 -4491 -4492 -4493 -4494 4495 4496 4497 -4498 -4499 -4500 4501 
v -4502 -4503 -4504 4505 -4506 4507 -4508 -4509 -4510 -4511 -4512 4513 4514 
v -4515 -4516 -4517 -4518 4519 4520 4521 4522 4523 4524 -4525 -4526 -4527 -4528 
v -4529 -4530 -4531 -4532 4533 4534 -4535 -4536 4537 -4538 4539 -4540 -4541 
v -4542 4543 -4544 4545 4546 4547 -4548 4549 4550 -4551 -4552 4553 -4554 4555 
v -4556 -4557 -4558 -4559 -4560 4561 4562 -4563 -4564 4565 4566 4567 4568 4569 
v 4570 -4571 -4572 4573 4574 -4575 -4576 4577 -4578 4579 -4580 -4581 -4582 
v -4583 -4584 4585 4586 4587 -4588 4589 -4590 -4591 -4592 -4593 -4594 -4595 
v -4596 -4597 -4598 -4599 -4600 -4601 -4602 -4603 -4604 4605 4606 4607 -4608 
v 4609 -4610 -4611 -4612 4613 4614 4615 4616 4617 4618 4619 4620 4621 -4622 
v 4623 4624 -4625 -4626 -4627 -4628 -4629 -4630 -4631 4632 -4633 4634 -4635 
v -4636 -4637 -4638 -4639 -4640 -4641 -4642 -4643 -4644 -4645 -4646 -4647 -4648 
v -4649 4650 -4651 -4652 -4653 -4654 -4655 -4656 -4657 -4658 -4659 -4660 -4661 
v -4662 -4663 -4664 -4665 -4666 -4667 -4668 -4669 4670 -4671 4672 -4673 -4674 
v -4675 -4676 -4677 4678 -4679 4680 -4681 4682 4683 -4684 -4685 4686 -4687 4688 
v 4689 -4690 -4691 4692 -4693 4694 -4695 -4696 -4697 -4698 -4699 4700 4701 
v -4702 -4703 -4704 -4705 4706 4707 -4708 -4709 4710 -4711 4712 -4713 4714 
v -4715 4716 -4717 4718 4719 4720 -4721 -4722 -4723 4724 -4725 4726 -4727 4728 
v -4729 -4730 -4731 -4732 -4733 -4734 -4735 4736 -4737 -4738 -4739 -4740 -4741 
v 4742 4743 4744 4745 4746 -4747 -4748 -4749 -4750 -4751 -4752 -4753 -4754 
v -4755 4756 -4757 -4758 -4759 4760 -4761 -4762 -4763 -4764 -4765 -4766 -4767 
v -4768 -4769 -4770 -4771 -4772 -4773 -4774 -4775 4776 -4777 -4778 -4779 -4780 
v -4781 -4782 -4783 -4784 -4785 4786 4787 -4788 -4789 4790 -4791 4792 -4793 
v 4794 -4795 -4796 -4797 4798 -4799 -4800 -4801 -4802 -4803 -4804 -4805 -4806 
v -4807 -4808 -4809 -4810 -4811 -4812 -4813 4814 -4815 -4816 -4817 -4818 -4819 
v 4820 -4821 -4822 -4823 -4824 -4825 4826 -4827 -4828 -4829 -4830 -4831 4832 
v 4833 4834 -4835 4836 4837 -4838 -4839 -4840 -4841 -4842 -4843 4844 -4845 4846 
v -4847 -4848 -4849 4850 -4851 4852 -4853 4854 -4855 4856 -4857 -4858 -4859 
v -4860 -4861 4862 4863 -4864 -4865 -4866 -4867 4868 4869 4870 -4871 4872 4873 
v -4874 -4875 -4876 -4877 -4878 -4879 -4880 -4881 4882 4883 -4884 -4885 4886 
v -4887 4888 -4889 -4890 -4891 -4892 -4893 4894 4895 -4896 -4897 4898 4899 
v -4900 -4901 4902 -4903 4904 -4905 -4906 -4907 -4908 -4909 4910 4911 -4912 
v -4913 4914 4915 4916 4917 4918 -4919 -4920 -4921 4922 4923 4924 -4925 4926 
v 4927 4928 4929 -4930 -4931 4932 -4933 4934 4935 4936 4937 4938 4939 -4940 
v -4941 4942 -4943 -4944 -4945 -4946 -4947 -4948 -4949 4950 -4951 -4952 -4953 
v 4954 4955 4956 4957 4958 -4959 4960 -4961 4962 4963 4964 4965 4966 4967 4968 
v 4969 4970 4971 4972 -4973 -4974 -4975 4976 -4977 -4978 4979 -4980 -4981 -4982 
v 4983 -4984 -4985 -4986 -4987 -4988 -4989 -4990 -4991 -4992 -4993 -4994 -4995 
v -4996 -4997 -4998 4999 -5000 -5001 -5002 -5003 -5004 -5005 -5006 -5007 -5008 
v -5009 -5010 -5011 -5012 -5013 5014 -5015 -5016 -5017 -5018 5019 -5020 5021 
v -5022 -5023 -5024 -5025 -5026 5027 -5028 -5029 -5030 5031 -5032 -5033 -5034 
v 5035 -5036 5037 5038 -5039 -5040 5041 -5042 5043 -5044 -5045 -5046 -5047 
v -5048 5049 5050 -5051 -5052 5053 -5054 5055 5056 5057 -5058 5059 5060 5061 
v -5062 -5063 -5064 -5065 -5066 5067 5068 5069 -5070 -5071 -5072 5073 -5074 
v 5075 -5076 5077 -5078 -5079 -5080 -5081 -5082 -5083 -5084 5085 -5086 -5087 
v -5088 -5089 -5090 5091 5092 5093 5094 5095 -5096 -5097 -5098 -5099 -5100 
v -5101 -5102 -5103 -5104 5105 -5106 -5107 -5108 5109 -5110 -5111 -5112 -5113 
v -5114 -5115 -5116 5117 -5118 5119 -5120 -5121 -5122 -5123 -5124 5125 5126 
v -5127 -5128 5129 -5130 -5131 -5132 -5133 -5134 -5135 -5136 5137 -5138 -5139 
v -5140 -5141 -5142 -5143 -5144 -5145 -5146 -5147 -5148 -5149 -5150 -5151 -5152 
v -5153 -5154 -5155 -5156 -5157 -5158 -5159 -5160 -5161 -5162 -5163 -5164 -5165 
v -5166 -5167 -5168 -5169 -5170 -5171 -5172 -5173 -5174 -5175 -5176 -5177 -5178 
v -5179 -5180 5181 -5182 -5183 -5184 -5185 -5186 -5187 -5188 -5189 -5190 5191 
v -5192 -5193 -5194 5195 -5196 -5197 -5198 5199 -5200 -5201 -5202 5203 -5204 
v 5205 -5206 -5207 -5208 -5209 -5210 5211 5212 -5213 -5214 -5215 -5216 5217 
v -5218 5219 -5220 5221 5222 -5223 -5224 -5225 -5226 -5227 -5228 -5229 -5230 
v 5231 5232 -5233 -5234 5235 -5236 5237 -5238 -5239 -5240 5241 -5242 5243 5244 
v 5245 -5246 5247 -5248 5249 -5250 5251 -5252 5253 -5254 -5255 -5256 -5257 
v -5258 5259 5260 -5261 -5262 5263 5264 5265 5266 5267 5268 -5269 -5270 5271 
v 5272 -5273 -5274 5275 -5276 5277 5278 -5279 -5280 5281 -5282 5283 5284 5285 
v -5286 5287 5288 -5289 -5290 5291 -5292 -5293 -5294 -5295 -5296 -5297 -5298 
v 5299 -5300 -5301 -5302 5303 5304 5305 5306 5307 -5308 -5309 -5310 5311 5312 
v 5313 5314 5315 5316 5317 5318 5319 5320 5321 5322 -5323 -5324 -5325 -5326 
v -5327 5328 -5329 -5330 -5331 5332 -5333 5334 -5335 5336 -5337 -5338 -5339 
v -5340 -5341 -5342 -5343 -5344 -5345 -5346 -5347 5348 -5349 -5350 -5351 -5352 
v -5353 5354 -5355 -5356 -5357 -5358 -5359 5360 -5361 -5362 -5363 5364 -5365 
v -5366 -5367 5368 -5369 5370 -5371 5372 -5373 5374 -5375 -5376 -5377 5378 
v -5379 5380 -5381 5382 -5383 5384 -5385 5386 5387 -5388 -5389 5390 -5391 5392 
v 5393 -5394 -5395 5396 -5397 5398 5399 5400 -5401 5402 -5403 5404 5405 -5406 
v -5407 5408 -5409 5410 -5411 -5412 -5413 -5414 -5415 5416 5417 -5418 -5419 
v -5420 -5421 5422 5423 5424 5425 5426 5427 5428 -5429 -5430 -5431 -5432 -5433 
v 5434 5435 5436 -5437 5438 -5439 5440 5441 5442 5443 5444 -5445 5446 -5447 
v -5448 -5449 5450 -5451 -5452 -5453 -5454 -5455 -5456 -5457 -5458 -5459 -5460 
v -5461 -5462 -5463 -5464 -5465 -5466 -5467 -5468 -5469 -5470 -5471 -5472 -5473 
v -5474 -5475 -5476 -5477 5478 -5479 -5480 -5481 -5482 -5483 -5484 -5485 5486 
v -5487 -5488 -5489 -5490 -5491 -5492 -5493 -5494 -5495 -5496 -5497 -5498 -5499 
v -5500 -5501 -5502 -5503 -5504 -5505 -5506 -5507 -5508 -5509 -5510 -5511 -5512 
v -5513 -5514 -5515 -5516 -5517 -5518 -5519 -5520 -5521 -5522 -5523 -5524 -5525 
v -5526 -5527 -5528 -5529 -5530 -5531 -5532 -5533 -5534 -5535 -5536 -5537 -5538 
v -5539 -5540 -5541 -5542 -5543 -5544 -5545 -5546 -5547 5548 -5549 -5550 -5551 
v -5552 -5553 -5554 -5555 -5556 -5557 -5558 -5559 -5560 -5561 -5562 -5563 -5564 
v -5565 5566 -5567 -5568 -5569 -5570 -5571 -5572 -5573 -5574 -5575 -5576 -5577 
v -5578 -5579 5580 -5581 -5582 -5583 -5584 -5585 5586 -5587 -5588 -5589 -5590 
v -5591 5592 -5593 -5594 -5595 5596 -5597 -5598 -5599 -5600 -5601 -5602 -5603 
v -5604 -5605 -5606 -5607 -5608 -5609 -5610 -5611 5612 5613 -5614 -5615 -5616 
v -5617 -5618 -5619 5620 5621 -5622 -5623 5624 -5625 5626 -5627 -5628 -5629 
v -5630 -5631 5632 5633 -5634 -5635 5636 -5637 5638 -5639 5640 -5641 5642 -5643 
v -5644 -5645 -5646 -5647 5648 5649 -5650 -5651 5652 5653 5654 5655 5656 -5657 
v -5658 -5659 5660 5661 5662 5663 5664 -5665 5666 -5667 5668 -5669 5670 -5671 
v -5672 -5673 -5674 -5675 -5676 -5677 -5678 5679 -5680 5681 -5682 -5683 -5684 
v -5685 -5686 -5687 -5688 5689 -5690 5691 -5692 -5693 -5694 -5695 -5696 5697 
v 5698 -5699 -5700 5701 -5702 -5703 -5704 -5705 -5706 5707 -5708 5709 -5710 
v 5711 -5712 -5713 -5714 5715 -5716 5717 -5718 5719 5720 -5721 -5722 5723 -5724 
v 5725 -5726 -5727 -5728 5729 -5730 5731 -5732 5733 -5734 5735 5736 -5737 -5738 
v 5739 -5740 5741 5742 -5743 -5744 5745 -5746 5747 5748 5749 -5750 -5751 -5752 
v 5753 5754 -5755 -5756 5757 -5758 5759 -5760 5761 -5762 5763 -5764 5765 5766 
v 5767 -5768 -5769 -5770 5771 5772 -5773 -5774 5775 -5776 5777 5778 5779 -5780 
v 5781 5782 5783 5784 5785 -5786 5787 -5788 5789 5790 5791 5792 5793 5794 5795 
v -5796 -5797 -5798 5799 -5800 -5801 -5802 -5803 -5804 -5805 -5806 -5807 -5808 
v 5809 -5810 5811 -5812 5813 -5814 -5815 -5816 5817 -5818 5819 -5820 5821 -5822 
v 5823 -5824 -5825 -5826 -5827 -5828 5829 5830 -5831 -5832 5833 -5834 5835 
v -5836 5837 -5838 -5839 -5840 -5841 -5842 -5843 -5844 -5845 -5846 -5847 -5848 
v -5849 -5850 -5851 -5852 -5853 -5854 -5855 -5856 -5857 -5858 -5859 -5860 5861 
v -5862 -5863 -5864 -5865 -5866 -5867 -5868 -5869 -5870 -5871 -5872 -5873 -5874 
v -5875 -5876 -5877 -5878 5879 5880 -5881 -5882 5883 -5884 -5885 -5886 -5887 
v -5888 -5889 -5890 5891 -5892 -5893 -5894 -5895 -5896 5897 -5898 -5899 -5900 
v -5901 -5902 5903 -5904 -5905 -5906 -5907 -5908 5909 -5910 -5911 -5912 -5913 
v -5914 5915 5916 5917 -5918 -5919 -5920 -5921 -5922 -5923 -5924 -5925 -5926 
v -5927 -5928 5929 5930 -5931 -5932 5933 -5934 5935 -5936 -5937 -5938 5939 
v -5940 5941 5942 5943 -5944 5945 5946 -5947 -5948 5949 -5950 5951 -5952 -5953 
v -5954 -5955 -5956 5957 5958 -5959 -5960 5961 5962 5963 5964 5965 5966 -5967 
v -5968 5969 5970 -5971 -5972 5973 -5974 5975 -5976 -5977 -5978 -5979 -5980 
v 5981 5982 -5983 -5984 5985 5986 5987 -5988 5989 5990 5991 -5992 -5993 -5994 
v -5995 -5996 5997 5998 5999 -6000 6001 6002 6003 6004 6005 -6006 6007 -6008 
v 6009 6010 6011 6012 6013 6014 6015 6016 6017 6018 6019 6020 -6021 -6022 6023 
v -6024 -6025 -6026 -6027 -6028 -6029 -6030 -6031 -6032 -6033 -6034 -6035 -6036 
v -6037 6038 -6039 6040 -6041 -6042 -6043 -6044 -6045 6046 -6047 -6048 -6049 
v -6050 -6051 -6052 -6053 -6054 -6055 -6056 6057 -6058 -6059 -6060 -6061 6062 
v -6063 -6064 -6065 6066 -6067 6068 -6069 -6070 -6071 -6072 -6073 6074 -6075 
v -6076 -6077 6078 -6079 -6080 -6081 -6082 -6083 6084 6085 -6086 -6087 6088 
v -6089 6090 -6091 -6092 -6093 -6094 -6095 6096 6097 -6098 -6099 6100 -6101 
v 6102 6103 -6104 -6105 6106 -6107 6108 -6109 6110 -6111 6112 -6113 6114 6115 
v 6116 -6117 -6118 -6119 6120 -6121 6122 6123 6124 -6125 -6126 -6127 -6128 
v -6129 -6130 -6131 6132 -6133 -6134 -6135 6136 -6137 6138 6139 6140 6141 6142 
v -6143 -6144 -6145 -6146 -6147 6148 -6149 -6150 -6151 -6152 -6153 -6154 -6155 
v 6156 -6157 6158 -6159 6160 -6161 -6162 -6163 6164 -6165 6166 -6167 -6168 
v -6169 -6170 -6171 6172 6173 -6174 -6175 6176 6177 6178 -6179 6180 -6181 6182 
v -6183 6184 6185 6186 6187 -6188 -6189 -6190 -6191 6192 -6193 6194 -6195 -6196 
v -6197 -6198 -6199 -6200 -6201 -6202 -6203 -6204 -6205 -6206 -6207 -6208 -6209 
v 6210 -6211 -6212 -6213 -6214 -6215 -6216 -6217 -6218 -6219 -6220 -6221 -6222 
v -6223 -6224 -6225 -6226 -6227 6228 6229 6230 -6231 6232 6233 6234 -6235 -6236 
v -6237 -6238 -6239 6240 6241 6242 -6243 -6244 -6245 6246 6247 -6248 -6249 6250 
v -6251 6252 -6253 -6254 -6255 -6256 -6257 6258 6259 -6260 -6261 -6262 -6263 
v 6264 6265 6266 6267 6268 6269 -6270 -6271 -6272 -6273 -6274 -6275 -6276 -6277 
v 6278 6279 -6280 -6281 6282 -6283 6284 6285 -6286 -6287 6288 -6289 6290 6291 
v 6292 -6293 6294 6295 -6296 -6297 6298 -6299 6300 -6301 -6302 -6303 -6304 
v -6305 6306 6307 -6308 -6309 6310 6311 6312 6313 6314 6315 -6316 -6317 6318 
v 6319 -6320 -6321 6322 -6323 6324 6325 -6326 -6327 6328 -6329 6330 6331 6332 
v -6333 6334 6335 6336 -6337 6338 6339 -6340 -6341 -6342 -6343 -6344 -6345 6346 
v -6347 6348 -6349 6350 6351 6352 6353 6354 -6355 6356 -6357 6358 6359 6360 
v 6361 6362 6363 6364 6365 6366 6367 6368 6369 -6370 -6371 6372 -6373 -6374 
v -6375 -6376 -6377 -6378 -6379 -6380 -6381 -6382 -6383 -6384 -6385 -6386 -6387 
v -6388 -6389 -6390 -6391 -6392 -6393 -6394 -6395 -6396 -6397 -6398 -6399 -6400 
v -6401 -6402 -6403 -6404 6405 6406 -6407 6408 6409 -6410 6411 -6412 6413 -6414 
v 6415 -6416 6417 6418 -6419 -6420 6421 -6422 6423 -6424 6425 -6426 6427 6428 
v 6429 -6430 6431 6432 6433 6434 6435 -6436 6437 6438 6439 6440 -6441 -6442 
v 6443 -6444 6445 6446 6447 6448 -6449 -6450 6451 -6452 6453 -6454 6455 -6456 
v 6457 6458 -6459 -6460 6461 -6462 6463 6464 6465 -6466 -6467 -6468 6469 -6470 
v 6471 -6472 6473 -6474 6475 6476 -6477 -6478 6479 -6480 6481 6482 6483 -6484 
v -6485 -6486 6487 6488 6489 6490 6491 6492 6493 -6494 -6495 -6496 -6497 -6498 
v -6499 -6500 6501 -6502 6503 -6504 6505 6506 -6507 -6508 6509 -6510 -6511 
v -6512 6513 -6514 6515 -6516 -6517 -6518 -6519 -6520 6521 6522 -6523 -6524 
v 6525 -6526 6527 -6528 -6529 -6530 -6531 -6532 6533 6534 -6535 -6536 -6537 
v -6538 -6539 -6540 -6541 -6542 -6543 -6544 -6545 -6546 -6547 -6548 -6549 -6550 
v -6551 -6552 -6553 -6554 -6555 -6556 -6557 -6558 6559 -6560 -6561 -6562 -6563 
v -6564 -6565 -6566 -6567 -6568 -6569 -6570 -6571 -6572 -6573 -6574 -6575 -6576 
v 6577 6578 -6579 -6580 6581 -6582 6583 -6584 -6585 -6586 -6587 -6588 6589 6590 
v -6591 -6592 -6593 -6594 6595 -6596 -6597 -6598 -6599 -6600 6601 -6602 -6603 
v -6604 -6605 -6606 6607 -6608 -6609 -6610 -6611 -6612 6613 6614 6615 6616 
v -6617 -6618 -6619 -6620 -6621 -6622 -6623 -6624 -6625 -6626 6627 6628 -6629 
v -6630 6631 -6632 6633 6634 -6635 -6636 6637 -6638 6639 6640 6641 -6642 6643 
v 6644 -6645 -6646 6647 -6648 6649 -6650 -6651 -6652 -6653 -6654 6655 6656 
v -6657 -6658 6659 6660 6661 6662 6663 6664 -6665 -6666 6667 6668 -6669 -6670 
v 6671 -6672 6673 -6674 -6675 -6676 -6677 -6678 6679 6680 -6681 -6682 6683 6684 
v -6685 -6686 6687 -6688 6689 -6690 -6691 -6692 -6693 -6694 6695 6696 -6697 
v -6698 6699 6700 6701 6702 6703 -6704 -6705 -6706 6707 6708 6709 6710 6711 
v 6712 6713 6714 6715 6716 6717 6718 -6719 -6720 -6721 -6722 -6723 -6724 -6725 
v -6726 -6727 -6728 -6729 -6730 -6731 -6732 -6733 6734 -6735 6736 -6737 6738 
v 6739 6740 -6741 6742 6743 6744 -6745 6746 -6747 6748 -6749 6750 -6751 -6752 
v -6753 -6754 -6755 6756 6757 -6758 -6759 6760 -6761 -6762 -6763 6764 6765 6766 
v -6767 6768 -6769 6770 -6771 -6772 -6773 6774 -6775 6776 -6777 -6778 -6779 
v -6780 -6781 6782 6783 -6784 -6785 6786 -6787 6788 -6789 -6790 -6791 -6792 
v -6793 6794 6795 6796 -6797 -6798 -6799 6800 6801 6802 -6803 6804 6805 6806 
v 6807 6808 -6809 6810 6811 6812 6813 6814 6815 6816 -6817 6818 6819 6820 -6821 
v 6822 6823 6824 -6825 -6826 -6827 -6828 -6829 6830 6831 6832 -6833 -6834 -6835 
v 6836 6837 6838 6839 6840 6841 6842 6843 6844 -6845 -6846 -6847 -6848 -6849 
v -6850 -6851 -6852 -6853 6854 -6855 -6856 -6857 -6858 -6859 6860 -6861 -6862 
v -6863 6864 -6865 -6866 -6867 -6868 -6869 6870 6871 -6872 -6873 6874 -6875 
v 6876 -6877 -6878 -6879 -6880 -6881 6882 6883 -6884 -6885 -6886 -6887 -6888 
v -6889 -6890 -6891 -6892 -6893 -6894 -6895 -6896 -6897 -6898 -6899 -6900 -6901 
v -6902 -6903 -6904 -6905 -6906 -6907 -6908 -6909 -6910 -6911 -6912 -6913 -6914 
v -6915 -6916 -6917 -6918 -6919 -6920 -6921 -6922 -6923 -6924 -6925 6926 -6927 
v -6928 -6929 -6930 -6931 6932 -6933 -6934 -6935 -6936 -6937 6938 -6939 -6940 
v -6941 -6942 -6943 6944 -6945 -6946 -6947 -6948 -6949 -6950 -6951 -6952 -6953 
v -6954 -6955 -6956 -6957 -6958 -6959 -6960 -6961 6962 6963 -6964 -6965 -6966 
v -6967 -6968 -6969 -6970 -6971 -6972 -6973 -6974 -6975 6976 6977 6978 -6979 
v 6980 6981 6982 -6983 -6984 -6985 -6986 -6987 6988 6989 6990 -6991 6992 6993 
v -6994 -6995 6996 -6997 6998 -6999 -7000 -7001 -7002 -7003 7004 7005 -7006 
v -7007 7008 7009 7010 7011 7012 7013 -7014 -7015 7016 7017 7018 -7019 7020 
v 7021 7022 -7023 -7024 -7025 -7026 -7027 7028 7029 7030 -7031 7032 -7033 -7034 
v -7035 -7036 -7037 7038 -7039 -7040 -7041 -7042 -7043 7044 -7045 -7046 -7047 
v 7048 7049 7050 7051 7052 -7053 -7054 -7055 7056 7057 7058 7059 7060 7061 7062 
v 7063 7064 7065 7066 7067 -7068 -7069 -7070 -7071 -7072 -7073 -7074 7075 -7076 
v 7077 -7078 -7079 -7080 -7081 -7082 -7083 -7084 -7085 -7086 -7087 -7088 7089 
v -7090 7091 -7092 7093 -7094 -7095 -7096 -7097 -7098 7099 -7100 -7101 -7102 
v -7103 -7104 7105 -7106 -7107 -7108 -7109 -7110 7111 -7112 7113 -7114 7115 
v 7116 -7117 -7118 7119 -7120 7121 -7122 7123 -7124 7125 7126 -7127 -7128 7129 
v -7130 7131 7132 -7133 -7134 7135 -7136 7137 7138 -7139 -7140 7141 -7142 7143 
v 7144 7145 -7146 -7147 -7148 7149 7150 -7151 -7152 7153 -7154 7155 -7156 -7157 
v -7158 -7159 -7160 7161 7162 -7163 -7164 7165 -7166 7167 7168 -7169 -7170 7171 
v -7172 7173 -7174 -7175 -7176 -7177 -7178 7179 7180 -7181 -7182 -7183 -7184 
v 7185 7186 7187 7188 7189 -7190 -7191 -7192 7193 -7194 -7195 -7196 -7197 -7198 
v -7199 -7200 -7201 -7202 -7203 -7204 -7205 -7206 7207 -7208 -7209 -7210 -7211 
v -7212 7213 -7214 -7215 -7216 -7217 -7218 7219 -7220 -7221 7222 -7223 -7224 
v 7225 -7226 -7227 -7228 7229 7230 7231 -7232 7233 -7234 7235 7236 -7237 -7238 
v -7239 -7240 -7241 -7242 -7243 -7244 -7245 -7246 -7247 -7248 -7249 -7250 -7251 
v -7252 -7253 -7254 -7255 -7256 -7257 -7258 -7259 -7260 -7261 -7262 -7263 -7264 
v -7265 -7266 -7267 -7268 -7269 -7270 -7271 -7272 -7273 -7274 7275 -7276 -7277 
v -7278 -7279 -7280 -7281 -7282 7283 -7284 7285 -7286 -7287 -7288 7289 -7290 
v -7291 -7292 7293 -7294 7295 -7296 7297 -7298 7299 -7300 -7301 -7302 -7303 
v -7304 7305 7306 -7307 -7308 -7309 -7310 7311 -7312 7313 -7314 7315 7316 -7317 
v -7318 -7319 -7320 -7321 -7322 -7323 -7324 7325 7326 -7327 -7328 7329 -7330 
v 7331 -7332 -7333 -7334 7335 -7336 7337 7338 7339 -7340 7341 -7342 -7343 -7344 
v -7345 -7346 7347 -7348 -7349 -7350 -7351 -7352 7353 -7354 -7355 -7356 7357 
v 7358 7359 7360 7361 -7362 -7363 -7364 7365 7366 7367 -7368 7369 7370 7371 
v 7372 -7373 -7374 7375 -7376 7377 7378 7379 7380 7381 7382 -7383 -7384 7385 
v -7386 -7387 -7388 -7389 -7390 -7391 -7392 7393 -7394 -7395 -7396 7397 7398 
v 7399 7400 7401 -7402 7403 -7404 7405 7406 7407 7408 7409 7410 7411 7412 7413 
v 7414 7415 -7416 -7417 -7418 7419 -7420 -7421 7422 -7423 -7424 -7425 7426 
v -7427 -7428 -7429 -7430 -7431 7432 -7433 7434 -7435 7436 7437 -7438 -7439 
v 7440 -7441 7442 7443 -7444 -7445 7446 7447 7448 -7449 -7450 -7451 -7452 -7453 
v 7454 7455 7456 -7457 -7458 -7459 -7460 -7461 7462 -7463 7464 -7465 -7466 
v -7467 -7468 -7469 7470 -7471 -7472 -7473 7474 -7475 -7476 -7477 -7478 -7479 
v 7480 7481 -7482 -7483 7484 -7485 7486 -7487 -7488 -7489 7490 -7491 7492 7493 
v 7494 -7495 7496 -7497 7498 7499 -7500 -7501 7502 -7503 7504 7505 -7506 -7507 
v 7508 -7509 7510 7511 7512 -7513 -7514 -7515 7516 7517 7518 -7519 7520 7521 
v 7522 7523 -7524 -7525 7526 -7527 7528 7529 7530 7531 -7532 -7533 7534 7535 
v 7536 7537 7538 7539 7540 -7541 7542 -7543 -7544 -7545 -7546 -7547 -7548 -7549 
v -7550 -7551 -7552 -7553 -7554 -7555 -7556 -7557 -7558 -7559 -7560 -7561 -7562 
v -7563 -7564 -7565 -7566 -7567 -7568 -7569 -7570 -7571 -7572 -7573 -7574 -7575 
v -7576 -7577 -7578 -7579 -7580 -7581 -7582 -7583 -7584 -7585 -7586 -7587 -7588 
v -7589 -7590 -7591 -7592 -7593 -7594 -7595 -7596 -7597 -7598 -7599 -7600 -7601 
v -7602 -7603 -7604 -7605 -7606 -7607 -7608 -7609 -7610 -7611 -7612 -7613 -7614 
v -7615 -7616 -7617 -7618 -7619 -7620 -7621 -7622 -7623 -7624 -7625 -7626 -7627 
v -7628 -7629 -7630 -7631 -7632 -7633 -7634 -7635 7636 -7637 -7638 -7639 -7640 
v -7641 7642 -7643 -7644 -7645 -7646 -7647 -7648 -7649 -7650 -7651 -7652 -7653 
v -7654 -7655 -7656 -7657 -7658 -7659 7660 7661 -7662 -7663 -7664 -7665 -7666 
v -7667 -7668 -7669 -7670 -7671 -7672 -7673 7674 -7675 -7676 -7677 -7678 -7679 
v 7680 -7681 -7682 -7683 -7684 -7685 7686 -7687 -7688 -7689 7690 7691 -7692 
v -7693 7694 -7695 7696 -7697 -7698 -7699 -7700 -7701 7702 7703 -7704 -7705 
v 7706 7707 7708 -7709 7710 -7711 -7712 -7713 7714 7715 7716 -7717 7718 7719 
v 7720 -7721 -7722 -7723 -7724 -7725 7726 7727 7728 -7729 7730 -7731 -7732 
v -7733 -7734 -7735 7736 -7737 -7738 -7739 -7740 -7741 7742 -7743 -7744 -7745 
v 7746 7747 7748 7749 7750 -7751 -7752 -7753 7754 7755 7756 7757 7758 7759 7760 
v -7761 7762 7763 7764 -7765 -7766 -7767 -7768 -7769 -7770 -7771 -7772 -7773 
v -7774 -7775 -7776 -7777 -7778 -7779 7780 7781 -7782 7783 -7784 7785 7786 
v -7787 -7788 7789 -7790 7791 -7792 7793 -7794 7795 7796 7797 -7798 -7799 -7800 
v -7801 -7802 7803 7804 7805 -7806 -7807 -7808 7809 -7810 -7811 -7812 7813 
v -7814 -7815 -7816 7817 -7818 -7819 -7820 -7821 -7822 7823 -7824 -7825 -7826 
v -7827 -7828 7829 7830 7831 -7832 7833 7834 7835 -7836 -7837 -7838 7839 -7840 
v 7841 7842 7843 7844 -7845 -7846 7847 7848 7849 -7850 7851 7852 7853 7854 
v -7855 -7856 7857 -7858 7859 7860 7861 7862 -7863 -7864 7865 7866 -7867 -7868 
v 7869 -7870 7871 7872 -7873 -7874 7875 -7876 7877 7878 7879 -7880 -7881 -7882 
v 7883 7884 7885 7886 7887 7888 7889 7890 7891 -7892 -7893 -7894 -7895 -7896 
v -7897 -7898 -7899 -7900 -7901 -7902 -7903 -7904 -7905 -7906 -7907 -7908 -7909 
v -7910 -7911 -7912 -7913 -7914 -7915 -7916 -7917 -7918 -7919 -7920 -7921 -7922 
v -7923 -7924 -7925 -7926 -7927 -7928 -7929 -7930 -7931 -7932 -7933 -7934 -7935 
v -7936 7937 -7938 7939 -7940 -7941 -7942 -7943 -7944 -7945 -7946 -7947 -7948 
v -7949 -7950 -7951 -7952 -7953 -7954 7955 -7956 -7957 -7958 -7959 -7960 -7961 
v -7962 -7963 -7964 -7965 -7966 -7967 -7968 -7969 -7970 -7971 -7972 7973 -7974 
v -7975 -7976 -7977 -7978 -7979 -7980 -7981 -7982 -7983 -7984 -7985 -7986 -7987 
v -7988 -7989 -7990 -7991 -7992 -7993 -7994 -7995 -7996 -7997 -7998 -7999 -8000 
v -8001 -8002 -8003 -8004 -8005 -8006 -8007 -8008 -8009 -8010 -8011 -8012 -8013 
v -8014 -8015 -8016 -8017 -8018 -8019 -8020 -8021 -8022 8023 8024 8025 -8026 
v 8027 8028 8029 -8030 -8031 -8032 -8033 -8034 8035 8036 8037 -8038 8039 -8040 
v -8041 -8042 -8043 -8044 8045 -8046 -8047 -8048 -8049 -8050 8051 -8052 -8053 
v -8054 8055 8056 8057 8058 8059 -8060 -8061 -8062 8063 -8064 8065 -8066 8067 
v -8068 8069 -8070 -8071 -8072 -8073 -8074 8075 8076 -8077 -8078 8079 -8080 
v -8081 -8082 8083 -8084 8085 -8086 -8087 -8088 -8089 -8090 8091 8092 -8093 
v -8094 8095 8096 8097 8098 8099 -8100 -8101 -8102 8103 8104 8105 8106 8107 
v 8108 8109 8110 8111 8112 8113 -8114 -8115 -8116 -8117 -8118 -8119 8120 -8121 
v -8122 -8123 8124 -8125 -8126 -8127 -8128 -8129 -8130 -8131 8132 -8133 8134 
v -8135 -8136 -8137 -8138 -8139 8140 8141 -8142 -8143 8144 -8145 8146 -8147 
v -8148 -8149 8150 -8151 8152 8153 8154 -8155 8156 -8157 8158 -8159 8160 -8161 
v 8162 8163 -8164 -8165 8166 -8167 8168 -8169 -8170 -8171 8172 -8173 -8174 
v -8175 -8176 -8177 8178 8179 -8180 -8181 8182 -8183 8184 -8185 -8186 -8187 
v -8188 -8189 8190 8191 8192 -8193 -8194 -8195 8196 8197 8198 -8199 8200 8201 
v 8202 8203 -8204 -8205 8206 -8207 8208 8209 8210 8211 -8212 -8213 8214 8215 
v 8216 -8217 8218 8219 8220 8221 8222 -8223 8224 8225 8226 8227 8228 8229 8230 
v -8231 8232 8233 8234 8235 8236 8237 8238 8239 8240 -8241 8242 -8243 -8244 
v -8245 8246 -8247 -8248 -8249 8250 -8251 -8252 -8253 -8254 -8255 -8256 -8257 
v -8258 -8259 -8260 -8261 -8262 -8263 -8264 -8265 8266 -8267 -8268 -8269 -8270 
v -8271 -8272 -8273 -8274 -8275 -8276 -8277 -8278 -8279 -8280 -8281 -8282 -8283 
v -8284 -8285 -8286 -8287 -8288 -8289 -8290 -8291 -8292 -8293 -8294 -8295 -8296 
v -8297 -8298 -8299 -8300 -8301 -8302 -8303 -8304 -8305 -8306 -8307 -8308 -8309 
v -8310 -8311 -8312 -8313 -8314 -8315 -8316 -8317 -8318 -8319 -8320 -8321 8322 
v -8323 -8324 -8325 -8326 -8327 -8328 -8329 -8330 -8331 -8332 -8333 -8334 -8335 
v -8336 -8337 -8338 -8339 -8340 -8341 -8342 -8343 -8344 -8345 -8346 -8347 -8348 
v -8349 -8350 -8351 -8352 -8353 -8354 -8355 -8356 -8357 -8358 -8359 -8360 -8361 
v -8362 -8363 -8364 -8365 -8366 -8367 -8368 -8369 -8370 -8371 8372 8373 8374 
v -8375 8376 8377 8378 -8379 -8380 -8381 -8382 -8383 8384 8385 8386 -8387 8388 
v -8389 -8390 -8391 -8392 -8393 8394 -8395 -8396 -8397 -8398 -8399 8400 -8401 
v -8402 -8403 8404 8405 8406 8407 8408 -8409 -8410 -8411 8412 -8413 8414 -8415 
v 8416 -8417 8418 -8419 -8420 -8421 -8422 -8423 8424 8425 -8426 -8427 8428 
v -8429 8430 -8431 8432 -8433 8434 -8435 -8436 -8437 -8438 -8439 8440 8441 
v -8442 -8443 8444 8445 8446 8447 8448 -8449 -8450 -8451 8452 8453 8454 8455 
v 8456 8457 8458 8459 8460 8461 8462 -8463 -8464 -8465 -8466 -8467 -8468 -8469 
v -8470 -8471 -8472 -8473 -8474 -8475 -8476 -8477 -8478 -8479 -8480 -8481 -8482 
v -8483 -8484 -8485 -8486 -8487 -8488 -8489 -8490 -8491 -8492 -8493 -8494 8495 
v -8496 -8497 -8498 -8499 -8500 8501 -8502 -8503 -8504 -8505 -8506 -8507 -8508 
v -8509 -8510 -8511 -8512 -8513 -8514 -8515 -8516 8517 -8518 8519 -8520 8521 
v 8522 8523 -8524 8525 8526 8527 -8528 8529 -8530 8531 -8532 8533 -8534 -8535 
v -8536 -8537 -8538 8539 8540 -8541 -8542 -8543 -8544 8545 -8546 -8547 -8548 
v -8549 -8550 8551 -8552 -8553 -8554 -8555 -8556 8557 -8558 -8559 -8560 -8561 
v -8562 8563 8564 -8565 -8566 8567 -8568 -8569 -8570 -8571 -8572 -8573 -8574 
v 8575 -8576 -8577 -8578 -8579 -8580 8581 8582 8583 -8584 -8585 -8586 -8587 
v -8588 -8589 -8590 -8591 -8592 -8593 -8594 -8595 -8596 -8597 -8598 -8599 -8600 
v -8601 -8602 -8603 -8604 -8605 -8606 8607 -8608 8609 -8610 8611 -8612 8613 
v -8614 8615 -8616 -8617 -8618 -8619 -8620 8621 -8622 -8623 -8624 -8625 -8626 
v 8627 -8628 -8629 -8630 -8631 -8632 8633 -8634 8635 -8636 8637 8638 -8639 
v -8640 8641 -8642 -8643 -8644 -8645 -8646 -8647 -8648 -8649 -8650 -8651 -8652 
v 8653 -8654 -8655 -8656 -8657 -8658 8659 -8660 -8661 -8662 -8663 -8664 8665 
v -8666 -8667 -8668 -8669 -8670 8671 8672 -8673 -8674 8675 -8676 8677 -8678 
v -8679 -8680 -8681 -8682 8683 8684 -8685 -8686 -8687 -8688 8689 8690 8691 
v -8692 8693 8694 -8695 -8696 -8697 -8698 -8699 -8700 8701 -8702 8703 -8704 
v -8705 -8706 8707 8708 8709 8710 -8711 -8712 8713 -8714 -8715 -8716 -8717 
v -8718 -8719 -8720 8721 8722 8723 -8724 8725 8726 8727 -8728 -8729 -8730 -8731 
v -8732 8733 8734 8735 -8736 8737 8738 -8739 -8740 8741 -8742 -8743 -8744 -8745 
v -8746 -8747 -8748 8749 -8750 -8751 -8752 8753 8754 8755 8756 8757 -8758 -8759 
v -8760 8761 8762 -8763 -8764 8765 -8766 -8767 -8768 -8769 -8770 -8771 -8772 
v 8773 -8774 -8775 -8776 8777 8778 -8779 -8780 8781 -8782 8783 -8784 -8785 
v -8786 -8787 -8788 8789 8790 -8791 -8792 8793 8794 8795 -8796 8797 -8798 -8799 
v -8800 8801 8802 8803 8804 8805 8806 8807 8808 8809 -8810 8811 -8812 -8813 
v -8814 -8815 -8816 -8817 8818 -8819 -8820 -8821 8822 -8823 -8824 -8825 -8826 
v -8827 8828 -8829 -8830 -8831 8832 -8833 -8834 -8835 -8836 -8837 8838 8839 
v -8840 -8841 8842 -8843 -8844 8845 8846 -8847 8848 8849 8850 -8851 8852 -8853 
v 8854 -8855 -8856 -8857 -8858 -8859 -8860 -8861 -8862 -8863 -8864 -8865 -8866 
v -8867 8868 -8869 8870 -8871 -8872 -8873 -8874 -8875 8876 -8877 -8878 -8879 
v -8880 -8881 -8882 -8883 -8884 -8885 -8886 -8887 -8888 -8889 -8890 -8891 -8892 
v -8893 8894 8895 -8896 -8897 8898 -8899 -8900 -8901 8902 -8903 8904 -8905 8906 
v -8907 8908 -8909 -8910 -8911 8912 -8913 8914 -8915 8916 -8917 8918 -8919 
v -8920 -8921 -8922 -8923 8924 8925 -8926 -8927 -8928 -8929 8930 8931 8932 
v -8933 8934 8935 -8936 -8937 -8938 -8939 -8940 -8941 -8942 -8943 -8944 -8945 
v -8946 -8947 -8948 -8949 -8950 -8951 -8952 -8953 -8954 -8955 -8956 -8957 -8958 
v -8959 -8960 -8961 -8962 -8963 -8964 -8965 -8966 -8967 -8968 -8969 -8970 -8971 
v -8972 -8973 -8974 -8975 -8976 -8977 -8978 -8979 -8980 -8981 -8982 -8983 -8984 
v -8985 -8986 -8987 -8988 -8989 -8990 -8991 -8992 -8993 -8994 -8995 -8996 -8997 
v -8998 -8999 -9000 -9001 -9002 -9003 -9004 -9005 -9006 -9007 -9008 -9009 -9010 
v -9011 -9012 -9013 -9014 -9015 -9016 -9017 -9018 -9019 -9020 -9021 -9022 -9023 
v -9024 -9025 -9026 -9027 -9028 -9029 -9030 -9031 -9032 -9033 -9034 -9035 -9036 
v -9037 -9038 -9039 -9040 -9041 -9042 -9043 -9044 -9045 -9046 -9047 -9048 -9049 
v -9050 -9051 -9052 -9053 -9054 -9055 -9056 -9057 -9058 -9059 -9060 -9061 -9062 
v -9063 -9064 -9065 -9066 -9067 -9068 -9069 9070 -9071 9072 -9073 9074 -9075 
v -9076 -9077 -9078 -9079 -9080 -9081 9082 -9083 -9084 -9085 9086 -9087 -9088 
v -9089 -9090 -9091 9092 -9093 -9094 -9095 -9096 -9097 9098 -9099 -9100 -9101 
v 9102 9103 9104 -9105 -9106 -9107 -9108 -9109 9110 -9111 -9112 -9113 -9114 
v -9115 9116 -9117 -9118 -9119 -9120 -9121 9122 -9123 9124 -9125 9126 -9127 
v -9128 -9129 9130 -9131 -9132 -9133 -9134 -9135 -9136 -9137 9138 -9139 -9140 
v -9141 9142 9143 9144 -9145 9146 -9147 -9148 -9149 9150 9151 9152 9153 9154 
v 9155 9156 -9157 -9158 -9159 9160 -9161 -9162 -9163 -9164 -9165 -9166 -9167 
v -9168 9169 -9170 9171 -9172 -9173 -9174 -9175 -9176 9177 -9178 9179 -9180 
v 9181 9182 -9183 -9184 9185 -9186 9187 9188 -9189 -9190 9191 -9192 9193 -9194 
v -9195 -9196 -9197 9198 9199 9200 -9201 -9202 9203 -9204 -9205 -9206 -9207 
v -9208 -9209 -9210 -9211 -9212 9213 9214 9215 -9216 9217 -9218 9219 9220 -9221 
v -9222 9223 -9224 9225 -9226 9227 -9228 9229 -9230 9231 9232 -9233 -9234 9235 
v -9236 9237 9238 9239 -9240 9241 -9242 9243 9244 -9245 -9246 9247 -9248 9249 
v 9250 9251 -9252 9253 9254 9255 9256 9257 -9258 9259 -9260 9261 9262 9263 9264 
v 9265 9266 9267 -9268 -9269 -9270 -9271 -9272 9273 9274 9275 -9276 9277 -9278 
v 9279 9280 9281 9282 9283 9284 9285 -9286 9287 -9288 9289 -9290 -9291 -9292 
v -9293 -9294 -9295 -9296 -9297 -9298 -9299 -9300 -9301 -9302 9303 -9304 -9305 
v -9306 9307 -9308 -9309 -9310 -9311 -9312 9313 -9314 -9315 -9316 -9317 9318 
v -9319 -9320 -9321 -9322 -9323 -9324 -9325 -9326 9327 -9328 -9329 -9330 -9331 
v -9332 -9333 -9334 -9335 -9336 -9337 -9338 -9339 -9340 -9341 -9342 -9343 -9344 
v -9345 -9346 -9347 -9348 -9349 -9350 -9351 -9352 -9353 -9354 -9355 -9356 -9357 
v -9358 -9359 -9360 -9361 -9362 -9363 -9364 -9365 -9366 -9367 -9368 9369 -9370 
v -9371 -9372 -9373 -9374 -9375 -9376 -9377 -9378 -9379 -9380 -9381 -9382 -9383 
v -9384 -9385 -9386 -9387 -9388 -9389 -9390 -9391 -9392 9393 -9394 -9395 -9396 
v -9397 -9398 9399 -9400 -9401 -9402 -9403 -9404 -9405 -9406 9407 -9408 -9409 
v -9410 -9411 -9412 -9413 -9414 -9415 -9416 -9417 -9418 9419 9420 -9421 -9422 
v 9423 -9424 9425 -9426 -9427 -9428 -9429 -9430 9431 9432 -9433 -9434 9435 
v -9436 -9437 -9438 -9439 -9440 9441 -9442 -9443 -9444 -9445 -9446 9447 -9448 
v -9449 -9450 9451 9452 9453 9454 -9455 -9456 -9457 -9458 9459 -9460 9461 -9462 
v 9463 -9464 9465 -9466 -9467 -9468 -9469 -9470 9471 9472 -9473 -9474 9475 9476 
v 9477 -9478 9479 9480 9481 -9482 -9483 -9484 -9485 -9486 9487 9488 9489 -9490 
v 9491 9492 9493 9494 9495 -9496 9497 -9498 9499 9500 9501 9502 9503 9504 9505 
v 9506 9507 -9508 9509 -9510 -9511 -9512 9513 -9514 -9515 -9516 -9517 -9518 
v -9519 -9520 -9521 -9522 -9523 -9524 -9525 -9526 -9527 -9528 -9529 9530 -9531 
v -9532 -9533 -9534 -9535 9536 -9537 -9538 -9539 -9540 -9541 9542 -9543 -9544 
v -9545 -9546 -9547 9548 -9549 -9550 -9551 -9552 -9553 9554 -9555 -9556 -9557 
v 9558 -9559 -9560 -9561 -9562 -9563 9564 -9565 -9566 -9567 9568 -9569 9570 
v -9571 9572 -9573 9574 9575 -9576 -9577 9578 -9579 9580 -9581 -9582 -9583 
v -9584 -9585 9586 9587 -9588 -9589 -9590 -9591 9592 9593 -9594 -9595 9596 
v -9597 9598 -9599 9600 -9601 9602 -9603 9604 9605 9606 -9607 -9608 -9609 9610 
v 9611 -9612 -9613 9614 -9615 -9616 -9617 9618 -9619 9620 -9621 9622 -9623 9624 
v -9625 -9626 -9627 9628 9629 9630 9631 9632 -9633 9634 -9635 -9636 -9637 -9638 
v -9639 -9640 -9641 -9642 -9643 -9644 -9645 -9646 -9647 -9648 -9649 -9650 -9651 
v 9652 -9653 9654 -9655 9656 9657 9658 -9659 9660 9661 9662 -9663 9664 -9665 
v 9666 -9667 9668 -9669 -9670 -9671 -9672 -9673 9674 9675 -9676 -9677 -9678 
v -9679 -9680 -9681 -9682 -9683 -9684 -9685 -9686 -9687 -9688 -9689 -9690 -9691 
v -9692 -9693 -9694 -9695 -9696 -9697 -9698 -9699 9700 -9701 -9702 -9703 -9704 
v -9705 -9706 -9707 -9708 -9709 -9710 -9711 -9712 -9713 -9714 -9715 -9716 -9717 
v 9718 9719 -9720 -9721 9722 -9723 9724 -9725 -9726 -9727 -9728 -9729 9730 9731 
v -9732 -9733 -9734 -9735 9736 -9737 -9738 -9739 9740 -9741 -9742 -9743 -9744 
v -9745 -9746 -9747 9748 -9749 -9750 -9751 -9752 -9753 9754 9755 9756 9757 
v -9758 -9759 -9760 -9761 -9762 -9763 -9764 -9765 -9766 -9767 9768 9769 -9770 
v -9771 9772 -9773 9774 9775 -9776 -9777 9778 -9779 9780 9781 9782 -9783 9784 
v 9785 -9786 -9787 9788 -9789 -9790 -9791 -9792 -9793 -9794 -9795 9796 -9797 
v -9798 -9799 9800 9801 9802 9803 9804 -9805 -9806 -9807 9808 9809 -9810 -9811 
v 9812 -9813 9814 -9815 -9816 -9817 -9818 -9819 9820 9821 -9822 -9823 9824 9825 
v -9826 -9827 9828 -9829 9830 -9831 -9832 -9833 -9834 -9835 9836 9837 -9838 
v -9839 9840 9841 9842 9843 9844 -9845 -9846 -9847 9848 9849 9850 9851 9852 
v 9853 9854 9855 9856 9857 9858 -9859 -9860 -9861 -9862 -9863 -9864 -9865 -9866 
v -9867 -9868 9869 9870 -9871 -9872 9873 -9874 9875 -9876 9877 -9878 9879 9880 
v -9881 -9882 9883 -9884 9885 9886 9887 -9888 9889 9890 9891 9892 -9893 -9894 
v 9895 -9896 9897 9898 9899 9900 -9901 -9902 9903 -9904 9905 -9906 9907 9908 
v -9909 -9910 9911 -9912 9913 -9914 9915 -9916 9917 9918 -9919 -9920 9921 -9922 
v 9923 9924 -9925 -9926 9927 -9928 9929 9930 -9931 -9932 9933 -9934 9935 9936 
v 9937 -9938 -9939 -9940 9941 9942 9943 -9944 9945 9946 9947 9948 -9949 -9950 
v 9951 -9952 9953 9954 9955 9956 -9957 -9958 9959 9960 -9961 -9962 9963 -9964 
v 9965 9966 -9967 -9968 9969 -9970 9971 9972 9973 -9974 -9975 -9976 9977 9978 
v 9979 9980 9981 9982 9983 9984 -9985 -9986 -9987 -9988 -9989 -9990 -9991 -9992 
v -9993 -9994 -9995 -9996 -9997 -9998 -9999 -10000 -10001 -10002 -10003 -10004 
v -10005 -10006 -10007 -10008 -10009 -10010 -10011 -10012 -10013 -10014 -10015 
v -10016 -10017 -10018 -10019 -10020 -10021 -10022 -10023 -10024 -10025 -10026 
v -10027 -10028 -10029 -10030 -10031 -10032 -10033 -10034 -10035 -10036 -10037 
v -10038 -10039 -10040 -10041 -10042 -10043 -10044 -10045 -10046 -10047 -10048 
v -10049 -10050 -10051 -10052 -10053 -10054 -10055 -10056 -10057 -10058 -10059 
v -10060 -10061 -10062 -10063 -10064 -10065 -10066 -10067 -10068 -10069 -10070 
v -10071 -10072 -10073 -10074 -10075 -10076 -10077 -10078 -10079 -10080 -10081 
v -10082 -10083 -10084 -10085 -10086 -10087 -10088 -10089 -10090 -10091 -10092 
v -10093 -10094 -10095 -10096 -10097 -10098 -10099 -10100 -10101 -10102 -10103 
v -10104 -10105 -10106 -10107 -10108 -10109 -10110 -10111 -10112 -10113 -10114 
v -10115 -10116 10117 -10118 10119 -10120 10121 -10122 10123 -10124 -10125 
v -10126 -10127 -10128 10129 10130 -10131 -10132 10133 -10134 -10135 -10136 
v -10137 -10138 10139 -10140 -10141 -10142 -10143 -10144 10145 -10146 -10147 
v -10148 10149 10150 10151 10152 -10153 -10154 -10155 -10156 10157 -10158 
v -10159 -10160 -10161 -10162 10163 -10164 -10165 -10166 -10167 -10168 10169 
v -10170 -10171 -10172 10173 -10174 -10175 -10176 -10177 -10178 10179 -10180 
v -10181 -10182 -10183 -10184 10185 -10186 -10187 -10188 10189 10190 10191 
v -10192 -10193 -10194 -10195 -10196 10197 10198 10199 10200 10201 10202 10203 
v 10204 -10205 -10206 -10207 -10208 -10209 -10210 -10211 -10212 -10213 -10214 
v -10215 -10216 -10217 -10218 -10219 -10220 -10221 -10222 -10223 10224 -10225 
v -10226 -10227 10228 -10229 -10230 -10231 -10232 -10233 10234 -10235 -10236 
v -10237 -10238 -10239 -10240 -10241 -10242 -10243 10244 -10245 -10246 -10247 
v 10248 -10249 10250 -10251 -10252 -10253 10254 -10255 10256 -10257 -10258 
v -10259 -10260 -10261 10262 -10263 10264 -10265 10266 10267 -10268 -10269 
v 10270 -10271 10272 10273 -10274 -10275 10276 -10277 10278 -10279 -10280 
v -10281 -10282 -10283 10284 10285 -10286 -10287 10288 -10289 10290 10291 
v -10292 -10293 10294 -10295 10296 -10297 -10298 -10299 10300 -10301 10302 
v 10303 10304 -10305 -10306 -10307 10308 -10309 10310 10311 10312 -10313 10314 
v -10315 -10316 -10317 -10318 -10319 10320 10321 -10322 -10323 10324 -10325 
v 10326 10327 10328 10329 10330 10331 -10332 -10333 -10334 -10335 10336 -10337 
v -10338 -10339 -10340 -10341 -10342 -10343 10344 -10345 -10346 -10347 -10348 
v -10349 -10350 -10351 -10352 -10353 10354 -10355 -10356 -10357 -10358 -10359 
v 10360 10361 10362 -10363 10364 10365 -10366 -10367 -10368 -10369 10370 -10371 
v 10372 -10373 10374 10375 -10376 -10377 -10378 -10379 -10380 -10381 -10382 
v -10383 -10384 -10385 -10386 -10387 -10388 -10389 -10390 -10391 -10392 -10393 
v -10394 -10395 -10396 -10397 -10398 -10399 -10400 -10401 -10402 -10403 -10404 
v -10405 -10406 -10407 -10408 -10409 -10410 -10411 -10412 -10413 -10414 -10415 
v 10416 -10417 10418 -10419 10420 -10421 -10422 -10423 -10424 -10425 -10426 
v -10427 10428 -10429 -10430 -10431 -10432 -10433 10434 -10435 -10436 -10437 
v -10438 -10439 10440 -10441 -10442 -10443 -10444 -10445 10446 -10447 -10448 
v -10449 -10450 -10451 10452 10453 10454 -10455 -10456 -10457 -10458 -10459 
v -10460 -10461 -10462 -10463 -10464 -10465 10466 10467 -10468 -10469 10470 
v -10471 10472 -10473 -10474 -10475 -10476 -10477 10478 10479 -10480 -10481 
v 10482 10483 -10484 -10485 10486 -10487 10488 -10489 -10490 -10491 -10492 
v -10493 10494 10495 -10496 -10497 10498 10499 10500 10501 10502 -10503 -10504 
v -10505 10506 10507 10508 -10509 10510 10511 10512 -10513 -10514 -10515 -10516 
v -10517 10518 10519 10520 -10521 10522 10523 10524 -10525 10526 10527 -10528 
v -10529 -10530 -10531 -10532 -10533 10534 -10535 10536 -10537 10538 10539 
v 10540 10541 10542 -10543 10544 -10545 10546 10547 10548 10549 10550 10551 
v 10552 10553 10554 10555 10556 -10557 -10558 -10559 10560 -10561 10562 -10563 
v -10564 -10565 10566 -10567 -10568 -10569 -10570 -10571 10572 -10573 10574 
v -10575 10576 10577 -10578 -10579 10580 -10581 10582 10583 10584 -10585 10586 
v 10587 10588 -10589 -10590 -10591 -10592 -10593 10594 10595 10596 -10597 
v -10598 -10599 -10600 -10601 -10602 -10603 -10604 -10605 -10606 -10607 -10608 
v -10609 -10610 -10611 10612 -10613 10614 -10615 -10616 -10617 -10618 -10619 
v 10620 -10621 -10622 -10623 -10624 -10625 -10626 -10627 -10628 -10629 -10630 
v -10631 -10632 -10633 -10634 -10635 -10636 -10637 10638 10639 -10640 -10641 
v 10642 -10643 10644 -10645 -10646 -10647 -10648 -10649 10650 10651 -10652 
v -10653 -10654 -10655 10656 -10657 -10658 -10659 -10660 -10661 10662 -10663 
v -10664 -10665 -10666 -10667 10668 -10669 -10670 -10671 -10672 -10673 10674 
v 10675 10676 10677 -10678 -10679 -10680 -10681 -10682 -10683 -10684 -10685 
v -10686 -10687 -10688 -10689 -10690 -10691 -10692 -10693 -10694 -10695 -10696 
v -10697 10698 -10699 -10700 -10701 10702 -10703 -10704 -10705 -10706 -10707 
v 10708 -10709 -10710 -10711 -10712 -10713 -10714 -10715 -10716 -10717 -10718 
v -10719 -10720 -10721 -10722 -10723 10724 -10725 -10726 -10727 10728 -10729 
v 10730 -10731 10732 -10733 10734 -10735 -10736 -10737 10738 -10739 10740 
v -10741 -10742 -10743 -10744 -10745 10746 10747 -10748 -10749 10750 -10751 
v 10752 -10753 -10754 -10755 -10756 -10757 10758 10759 -10760 -10761 -10762 
v -10763 10764 10765 -10766 -10767 10768 -10769 10770 -10771 10772 -10773 10774 
v -10775 10776 10777 10778 -10779 -10780 -10781 10782 -10783 10784 -10785 10786 
v -10787 -10788 -10789 10790 -10791 10792 -10793 10794 -10795 10796 -10797 
v -10798 -10799 10800 10801 10802 10803 10804 -10805 10806 -10807 -10808 -10809 
v -10810 -10811 -10812 -10813 10814 10815 -10816 -10817 10818 -10819 10820 
v 10821 -10822 -10823 10824 -10825 10826 10827 10828 -10829 10830 10831 -10832 
v -10833 10834 -10835 -10836 -10837 -10838 -10839 -10840 -10841 10842 -10843 
v -10844 -10845 10846 10847 10848 10849 10850 -10851 -10852 -10853 10854 10855 
v -10856 -10857 10858 -10859 10860 -10861 -10862 -10863 -10864 -10865 10866 
v 10867 -10868 -10869 10870 10871 -10872 -10873 10874 -10875 10876 -10877 
v -10878 -10879 -10880 -10881 10882 10883 -10884 -10885 10886 10887 10888 10889 
v 10890 -10891 -10892 -10893 10894 10895 10896 10897 10898 10899 10900 10901 
v 10902 10903 10904 -10905 -10906 -10907 -10908 -10909 -10910 10911 -10912 
v -10913 -10914 10915 -10916 -10917 -10918 -10919 -10920 -10921 -10922 -10923 
v -10924 -10925 -10926 -10927 -10928 -10929 -10930 10931 -10932 -10933 -10934 
v -10935 -10936 -10937 -10938 -10939 -10940 -10941 -10942 -10943 -10944 -10945 
v -10946 -10947 -10948 10949 -10950 10951 -10952 10953 10954 10955 -10956 10957 
v 10958 -10959 -10960 10961 -10962 10963 -10964 -10965 -10966 -10967 -10968 
v 10969 10970 10971 -10972 10973 10974 10975 -10976 -10977 -10978 -10979 -10980 
v 10981 10982 10983 -10984 10985 -10986 10987 10988 -10989 -10990 10991 -10992 
v 10993 -10994 -10995 -10996 -10997 -10998 10999 11000 -11001 -11002 -11003 
v -11004 11005 -11006 11007 -11008 11009 -11010 11011 -11012 -11013 -11014 
v -11015 -11016 11017 11018 -11019 -11020 -11021 -11022 11023 11024 11025 11026 
v 11027 -11028 -11029 -11030 -11031 -11032 -11033 -11034 -11035 -11036 -11037 
v -11038 -11039 -11040 11041 -11042 -11043 -11044 -11045 -11046 11047 -11048 
v -11049 -11050 11051 -11052 11053 -11054 11055 -11056 11057 11058 -11059 
v -11060 11061 -11062 11063 -11064 -11065 -11066 -11067 -11068 11069 11070 
v -11071 -11072 -11073 -11074 -11075 -11076 -11077 -11078 -11079 -11080 -11081 
v -11082 -11083 -11084 -11085 -11086 -11087 -11088 -11089 -11090 -11091 -11092 
v -11093 -11094 -11095 -11096 -11097 -11098 -11099 -11100 -11101 -11102 -11103 
v -11104 -11105 -11106 -11107 -11108 -11109 -11110 -11111 -11112 11113 -11114 
v -11115 -11116 -11117 -11118 11119 -11120 -11121 -11122 -11123 -11124 11125 
v -11126 -11127 -11128 -11129 -11130 11131 -11132 -11133 -11134 -11135 -11136 
v -11137 -11138 -11139 -11140 -11141 -11142 11143 -11144 -11145 -11146 -11147 
v -11148 11149 11150 11151 -11152 -11153 -11154 -11155 -11156 -11157 -11158 
v -11159 -11160 -11161 -11162 11163 11164 -11165 -11166 11167 -11168 11169 
v -11170 -11171 -11172 11173 -11174 11175 11176 11177 -11178 11179 11180 -11181 
v -11182 11183 -11184 -11185 -11186 -11187 -11188 -11189 -11190 11191 -11192 
v -11193 -11194 11195 11196 11197 11198 11199 -11200 -11201 -11202 11203 11204 
v -11205 -11206 11207 -11208 11209 -11210 -11211 -11212 -11213 -11214 11215 
v 11216 11217 -11218 11219 11220 -11221 -11222 11223 -11224 -11225 -11226 
v -11227 -11228 -11229 -11230 11231 -11232 -11233 -11234 11235 11236 11237 
v 11238 11239 -11240 -11241 -11242 11243 11244 11245 11246 11247 11248 11249 
v 11250 11251 11252 11253 -11254 -11255 -11256 -11257 -11258 -11259 -11260 
v -11261 -11262 -11263 -11264 -11265 -11266 -11267 -11268 -11269 -11270 -11271 
v 11272 -11273 11274 -11275 -11276 -11277 -11278 -11279 11280 -11281 11282 
v -11283 11284 -11285 11286 -11287 -11288 -11289 11290 -11291 11292 11293 11294 
v -11295 -11296 -11297 11298 -11299 11300 -11301 11302 11303 -11304 -11305 
v 11306 -11307 -11308 -11309 -11310 -11311 -11312 -11313 -11314 -11315 -11316 
v 11317 11318 -11319 11320 -11321 11322 -11323 11324 -11325 -11326 -11327 
v -11328 -11329 11330 11331 -11332 -11333 -11334 -11335 11336 11337 -11338 
v -11339 11340 -11341 11342 11343 -11344 -11345 11346 -11347 11348 11349 11350 
v -11351 -11352 -11353 11354 11355 -11356 -11357 11358 -11359 11360 -11361 
v -11362 -11363 -11364 -11365 11366 11367 -11368 -11369 -11370 -11371 11372 
v 11373 11374 11375 11376 11377 -11378 -11379 -11380 -11381 -11382 -11383 
v -11384 -11385 -11386 -11387 -11388 -11389 -11390 -11391 -11392 -11393 -11394 
v -11395 -11396 -11397 -11398 -11399 -11400 -11401 -11402 -11403 -11404 -11405 
v -11406 -11407 -11408 -11409 -11410 -11411 -11412 -11413 -11414 -11415 -11416 
v -11417 -11418 -11419 -11420 -11421 -11422 -11423 -11424 -11425 -11426 -11427 
v -11428 -11429 -11430 -11431 -11432 -11433 -11434 -11435 -11436 -11437 -11438 
v -11439 -11440 -11441 -11442 -11443 -11444 -11445 -11446 -11447 -11448 -11449 
v -11450 -11451 -11452 -11453 -11454 -11455 -11456 -11457 -11458 -11459 -11460 
v -11461 -11462 -11463 -11464 -11465 -11466 -11467 -11468 -11469 -11470 -11471 
v -11472 -11473 -11474 -11475 -11476 -11477 -11478 -11479 -11480 -11481 -11482 
v -11483 -11484 -11485 -11486 -11487 -11488 -11489 -11490 -11491 -11492 -11493 
v -11494 -11495 -11496 -11497 -11498 -11499 -11500 -11501 -11502 -11503 -11504 
v -11505 -11506 -11507 -11508 -11509 -11510 -11511 11512 -11513 -11514 -11515 
v -11516 -11517 11518 -11519 -11520 -11521 -11522 -11523 11524 -11525 -11526 
v -11527 11528 -11529 -11530 -11531 -11532 -11533 11534 -11535 -11536 -11537 
v -11538 -11539 11540 -11541 -11542 -11543 11544 11545 11546 -11547 -11548 
v -11549 -11550 -11551 11552 -11553 -11554 -11555 -11556 -11557 11558 -11559 
v -11560 -11561 -11562 -11563 11564 -11565 -11566 -11567 11568 -11569 -11570 
v -11571 -11572 -11573 -11574 -11575 -11576 -11577 -11578 -11579 -11580 -11581 
v -11582 -11583 11584 11585 -11586 -11587 -11588 -11589 -11590 -11591 11592 
v 11593 11594 11595 11596 11597 -11598 -11599 -11600 -11601 -11602 -11603 
v -11604 -11605 -11606 -11607 -11608 -11609 -11610 11611 -11612 11613 -11614 
v -11615 -11616 -11617 -11618 -11619 -11620 -11621 -11622 11623 -11624 -11625 
v -11626 -11627 -11628 11629 11630 -11631 -11632 11633 -11634 11635 -11636 
v -11637 -11638 -11639 -11640 11641 11642 -11643 -11644 -11645 -11646 -11647 
v -11648 11649 -11650 11651 -11652 -11653 -11654 -11655 -11656 11657 -11658 
v -11659 -11660 11661 11662 -11663 -11664 11665 -11666 11667 11668 -11669 
v -11670 11671 -11672 11673 -11674 -11675 -11676 -11677 -11678 11679 11680 
v -11681 -11682 -11683 -11684 11685 11686 -11687 -11688 11689 -11690 11691 
v 11692 -11693 -11694 11695 -11696 11697 11698 11699 -11700 11701 -11702 11703 
v 11704 -11705 -11706 11707 -11708 -11709 -11710 11711 -11712 11713 -11714 
v 11715 -11716 11717 -11718 -11719 -11720 11721 11722 11723 11724 11725 -11726 
v 11727 -11728 11729 -11730 -11731 -11732 -11733 -11734 -11735 -11736 -11737 
v -11738 -11739 -11740 -11741 -11742 -11743 -11744 -11745 -11746 -11747 -11748 
v -11749 -11750 -11751 -11752 -11753 -11754 -11755 -11756 -11757 -11758 -11759 
v -11760 -11761 -11762 -11763 -11764 -11765 -11766 -11767 -11768 -11769 -11770 
v -11771 -11772 -11773 -11774 -11775 -11776 -11777 -11778 -11779 -11780 -11781 
v -11782 -11783 -11784 -11785 -11786 -11787 -11788 -11789 -11790 -11791 -11792 
v -11793 -11794 -11795 -11796 -11797 -11798 -11799 -11800 -11801 -11802 -11803 
v -11804 -11805 -11806 -11807 -11808 -11809 -11810 -11811 -11812 -11813 -11814 
v -11815 -11816 -11817 -11818 -11819 -11820 -11821 -11822 -11823 -11824 -11825 
v -11826 -11827 -11828 -11829 -11830 -11831 -11832 -11833 -11834 -11835 -11836 
v -11837 -11838 -11839 -11840 -11841 -11842 -11843 -11844 -11845 -11846 -11847 
v -11848 -11849 -11850 -11851 -11852 -11853 -11854 -11855 -11856 -11857 -11858 
v -11859 -11860 11861 -11862 -11863 -11864 -11865 -11866 11867 -11868 -11869 
v -11870 -11871 -11872 11873 -11874 -11875 -11876 11877 -11878 -11879 -11880 
v -11881 -11882 -11883 -11884 -11885 -11886 -11887 -11888 -11889 -11890 -11891 
v -11892 11893 11894 -11895 -11896 -11897 -11898 -11899 -11900 11901 -11902 
v 11903 -11904 11905 -11906 11907 -11908 -11909 -11910 -11911 -11912 11913 
v 11914 11915 -11916 11917 -11918 -11919 -11920 -11921 -11922 11923 -11924 
v -11925 -11926 -11927 -11928 11929 -11930 -11931 -11932 11933 11934 11935 
v 11936 11937 -11938 -11939 -11940 11941 11942 11943 11944 11945 -11946 11947 
v -11948 11949 -11950 11951 -11952 -11953 -11954 -11955 -11956 -11957 -11958 
v -11959 -11960 -11961 -11962 -11963 -11964 -11965 -11966 -11967 -11968 -11969 
v -11970 -11971 11972 -11973 -11974 -11975 11976 -11977 11978 -11979 -11980 
v -11981 -11982 -11983 11984 -11985 -11986 -11987 -11988 -11989 11990 -11991 
v -11992 -11993 -11994 -11995 -11996 -11997 -11998 -11999 -12000 -12001 -12002 
v -12003 -12004 -12005 12006 -12007 -12008 -12009 12010 -12011 -12012 -12013 
v -12014 -12015 12016 -12017 -12018 -12019 -12020 -12021 12022 -12023 -12024 
v -12025 12026 -12027 12028 -12029 12030 -12031 -12032 -12033 12034 12035 
v -12036 -12037 12038 -12039 -12040 -12041 -12042 -12043 -12044 -12045 12046 
v -12047 -12048 -12049 -12050 -12051 12052 12053 -12054 -12055 12056 -12057 
v 12058 -12059 -12060 -12061 -12062 -12063 12064 12065 -12066 -12067 -12068 
v -12069 12070 12071 12072 -12073 12074 -12075 -12076 -12077 -12078 -12079 
v -12080 -12081 -12082 -12083 -12084 -12085 12086 -12087 12088 -12089 12090 
v -12091 12092 -12093 12094 -12095 12096 -12097 12098 12099 -12100 -12101 12102 
v -12103 12104 12105 -12106 -12107 12108 -12109 12110 12111 -12112 -12113 12114 
v -12115 12116 12117 12118 -12119 -12120 -12121 -12122 -12123 -12124 -12125 
v -12126 -12127 -12128 -12129 12130 -12131 -12132 -12133 -12134 -12135 -12136 
v -12137 -12138 -12139 -12140 -12141 12142 -12143 -12144 -12145 -12146 -12147 
v 12148 -12149 -12150 -12151 -12152 -12153 12154 -12155 -12156 -12157 -12158 
v -12159 12160 12161 -12162 -12163 12164 -12165 12166 -12167 -12168 -12169 
v 12170 -12171 12172 12173 12174 -12175 -12176 -12177 12178 12179 -12180 -12181 
v 12182 -12183 12184 -12185 -12186 -12187 -12188 -12189 12190 12191 -12192 
v -12193 -12194 -12195 12196 12197 12198 12199 12200 12201 -12202 -12203 -12204 
v -12205 -12206 -12207 -12208 -12209 12210 12211 -12212 -12213 12214 -12215 
v 12216 -12217 -12218 -12219 -12220 -12221 12222 12223 -12224 -12225 12226 
v 12227 -12228 -12229 12230 -12231 12232 -12233 -12234 -12235 -12236 -12237 
v 12238 12239 -12240 -12241 12242 12243 12244 12245 12246 -12247 -12248 -12249 
v 12250 12251 -12252 -12253 12254 -12255 12256 12257 -12258 -12259 12260 -12261 
v 12262 12263 12264 -12265 12266 12267 -12268 -12269 12270 -12271 -12272 -12273 
v -12274 -12275 -12276 -12277 12278 -12279 -12280 -12281 12282 12283 12284 
v 12285 12286 -12287 -12288 -12289 12290 12291 12292 12293 12294 12295 12296 
v 12297 12298 12299 12300 -12301 -12302 -12303 -12304 -12305 -12306 -12307 
v -12308 12309 -12310 12311 -12312 12313 -12314 12315 -12316 -12317 -12318 
v 12319 -12320 12321 -12322 -12323 -12324 -12325 -12326 12327 12328 -12329 
v -12330 12331 -12332 12333 -12334 -12335 -12336 12337 -12338 12339 12340 12341 
v -12342 -12343 -12344 -12345 -12346 12347 -12348 12349 -12350 -12351 -12352 
v -12353 -12354 -12355 -12356 12357 -12358 12359 -12360 12361 -12362 12363 
v -12364 12365 12366 -12367 -12368 12369 -12370 12371 -12372 -12373 -12374 
v -12375 -12376 12377 12378 -12379 -12380 -12381 -12382 12383 12384 -12385 
v -12386 12387 -12388 12389 12390 -12391 -12392 12393 -12394 12395 12396 12397 
v -12398 12399 -12400 12401 12402 -12403 -12404 12405 -12406 12407 -12408 12409 
v -12410 12411 -12412 12413 12414 12415 -12416 -12417 -12418 12419 12420 12421 
v 12422 12423 12424 12425 -12426 12427 -12428 -12429 -12430 -12431 -12432 12433 
v -12434 -12435 -12436 12437 -12438 -12439 -12440 -12441 -12442 -12443 -12444 
v -12445 -12446 -12447 -12448 -12449 -12450 -12451 -12452 12453 -12454 -12455 
v -12456 -12457 -12458 -12459 -12460 -12461 -12462 -12463 -12464 -12465 -12466 
v -12467 -12468 -12469 -12470 -12471 -12472 -12473 -12474 -12475 -12476 -12477 
v -12478 -12479 -12480 -12481 -12482 -12483 -12484 -12485 -12486 -12487 -12488 
v -12489 -12490 -12491 -12492 -12493 -12494 -12495 -12496 -12497 -12498 -12499 
v -12500 -12501 -12502 -12503 -12504 -12505 -12506 -12507 -12508 12509 -12510 
v -12511 -12512 -12513 -12514 -12515 -12516 -12517 -12518 -12519 -12520 -12521 
v -12522 -12523 -12524 -12525 -12526 -12527 -12528 -12529 -12530 -12531 -12532 
v -12533 -12534 -12535 -12536 -12537 -12538 -12539 -12540 -12541 -12542 -12543 
v -12544 -12545 -12546 -12547 -12548 -12549 -12550 -12551 -12552 -12553 -12554 
v -12555 -12556 -12557 -12558 12559 12560 -12561 -12562 12563 -12564 12565 
v -12566 -12567 -12568 -12569 -12570 12571 12572 -12573 -12574 12575 -12576 
v -12577 -12578 -12579 -12580 12581 -12582 -12583 -12584 -12585 -12586 12587 
v -12588 -12589 -12590 12591 12592 12593 12594 -12595 -12596 -12597 -12598 
v 12599 -12600 12601 -12602 12603 -12604 12605 -12606 -12607 -12608 -12609 
v -12610 12611 12612 12613 -12614 12615 -12616 -12617 -12618 -12619 -12620 
v 12621 -12622 -12623 -12624 -12625 -12626 12627 -12628 -12629 -12630 12631 
v 12632 12633 12634 12635 -12636 -12637 -12638 12639 12640 12641 12642 12643 
v 12644 12645 12646 12647 -12648 12649 -12650 -12651 -12652 -12653 -12654 
v -12655 -12656 -12657 12658 -12659 12660 -12661 -12662 -12663 -12664 -12665 
v -12666 -12667 -12668 -12669 -12670 -12671 -12672 -12673 -12674 -12675 12676 
v -12677 12678 -12679 12680 -12681 -12682 -12683 -12684 -12685 -12686 -12687 
v 12688 -12689 -12690 -12691 -12692 -12693 -12694 -12695 -12696 -12697 -12698 
v -12699 -12700 -12701 -12702 -12703 12704 -12705 -12706 -12707 12708 12709 
v -12710 -12711 12712 -12713 12714 -12715 -12716 -12717 -12718 -12719 12720 
v -12721 -12722 -12723 12724 -12725 12726 -12727 12728 -12729 -12730 -12731 
v 12732 12733 -12734 -12735 12736 -12737 -12738 -12739 -12740 -12741 -12742 
v -12743 12744 -12745 -12746 -12747 -12748 -12749 12750 12751 -12752 -12753 
v 12754 -12755 12756 -12757 -12758 -12759 -12760 -12761 12762 12763 -12764 
v -12765 -12766 -12767 12768 12769 12770 -12771 12772 -12773 -12774 -12775 
v -12776 -12777 -12778 -12779 -12780 -12781 12782 -12783 -12784 -12785 12786 
v -12787 -12788 -12789 -12790 -12791 -12792 -12793 12794 -12795 12796 -12797 
v -12798 -12799 12800 -12801 12802 12803 12804 -12805 12806 12807 12808 -12809 
v -12810 -12811 12812 -12813 12814 12815 12816 12817 -12818 -12819 -12820 
v -12821 -12822 -12823 -12824 -12825 -12826 -12827 -12828 -12829 -12830 -12831 
v -12832 -12833 -12834 -12835 -12836 -12837 -12838 -12839 12840 -12841 -12842 
v -12843 -12844 -12845 -12846 -12847 -12848 -12849 -12850 -12851 12852 -12853 
v -12854 -12855 -12856 -12857 12858 12859 12860 -12861 12862 12863 12864 -12865 
v -12866 -12867 -12868 -12869 12870 12871 12872 -12873 -12874 -12875 12876 
v 12877 -12878 -12879 12880 -12881 12882 -12883 -12884 -12885 -12886 -12887 
v 12888 12889 -12890 -12891 -12892 -12893 12894 12895 12896 12897 12898 12899 
v -12900 -12901 -12902 -12903 -12904 -12905 -12906 -12907 12908 12909 -12910 
v -12911 12912 -12913 12914 -12915 -12916 -12917 -12918 -12919 12920 12921 
v -12922 -12923 12924 12925 -12926 -12927 12928 -12929 12930 -12931 -12932 
v -12933 -12934 -12935 12936 12937 -12938 -12939 12940 12941 12942 12943 12944 
v -12945 -12946 -12947 12948 12949 12950 -12951 12952 12953 12954 12955 -12956 
v -12957 12958 -12959 12960 12961 12962 12963 12964 12965 -12966 -12967 12968 
v -12969 -12970 -12971 -12972 -12973 -12974 -12975 12976 -12977 -12978 -12979 
v 12980 12981 12982 12983 12984 -12985 12986 -12987 12988 12989 12990 12991 
v 12992 12993 12994 12995 12996 12997 12998 -12999 -13000 -13001 13002 -13003 
v -13004 13005 -13006 13007 -13008 13009 13010 -13011 -13012 13013 -13014 
v -13015 -13016 -13017 -13018 13019 -13020 -13021 -13022 -13023 -13024 13025 
v 13026 -13027 -13028 13029 -13030 13031 -13032 -13033 -13034 -13035 -13036 
v 13037 13038 13039 13040 -13041 -13042 13043 -13044 -13045 -13046 13047 -13048 
v -13049 -13050 -13051 -13052 13053 -13054 -13055 -13056 13057 -13058 -13059 
v -13060 -13061 -13062 13063 13064 -13065 -13066 13067 -13068 -13069 -13070 
v -13071 -13072 -13073 -13074 13075 -13076 -13077 -13078 13079 -13080 13081 
v 13082 13083 -13084 13085 13086 13087 -13088 13089 -13090 13091 -13092 13093 
v 13094 13095 13096 -13097 -13098 13099 13100 13101 -13102 13103 13104 13105 
v -13106 -13107 -13108 -13109 -13110 13111 13112 13113 -13114 -13115 -13116 
v 13117 13118 13119 13120 13121 13122 13123 13124 -13125 -13126 -13127 -13128 
v -13129 -13130 -13131 -13132 -13133 -13134 13135 -13136 -13137 -13138 -13139 
v -13140 13141 -13142 -13143 -13144 13145 -13146 -13147 -13148 -13149 -13150 
v 13151 13152 -13153 -13154 13155 -13156 -13157 -13158 -13159 -13160 -13161 
v -13162 13163 -13164 -13165 -13166 -13167 -13168 -13169 -13170 -13171 -13172 
v -13173 -13174 -13175 -13176 -13177 -13178 -13179 -13180 -13181 -13182 -13183 
v -13184 -13185 -13186 -13187 -13188 -13189 -13190 -13191 -13192 -13193 -13194 
v -13195 -13196 -13197 -13198 -13199 -13200 -13201 -13202 -13203 -13204 -13205 
v -13206 13207 -13208 -13209 -13210 13211 -13212 -13213 -13214 -13215 -13216 
v -13217 -13218 13219 -13220 -13221 -13222 -13223 -13224 13225 -13226 -13227 
v -13228 -13229 -13230 -13231 -13232 -13233 -13234 -13235 -13236 -13237 -13238 
v -13239 -13240 -13241 -13242 13243 13244 -13245 -13246 -13247 -13248 -13249 
v -13250 -13251 -13252 -13253 -13254 -13255 -13256 13257 13258 13259 -13260 
v 13261 13262 13263 -13264 -13265 -13266 -13267 -13268 13269 13270 13271 -13272 
v 13273 13274 -13275 -13276 13277 -13278 13279 -13280 -13281 -13282 -13283 
v -13284 13285 13286 -13287 -13288 13289 13290 13291 13292 13293 13294 -13295 
v -13296 13297 13298 -13299 -13300 13301 -13302 13303 -13304 -13305 -13306 
v -13307 -13308 13309 13310 -13311 -13312 13313 -13314 -13315 -13316 -13317 
v -13318 13319 -13320 -13321 -13322 -13323 -13324 13325 -13326 -13327 -13328 
v 13329 13330 13331 13332 -13333 -13334 -13335 -13336 13337 13338 13339 13340 
v 13341 13342 13343 13344 13345 13346 13347 -13348 -13349 -13350 -13351 -13352 
v -13353 -13354 -13355 13356 -13357 13358 -13359 13360 -13361 13362 -13363 
v -13364 -13365 -13366 -13367 -13368 -13369 -13370 -13371 -13372 -13373 13374 
v -13375 -13376 -13377 -13378 -13379 13380 -13381 -13382 -13383 -13384 -13385 
v 13386 -13387 -13388 -13389 13390 -13391 -13392 -13393 -13394 -13395 13396 
v -13397 -13398 -13399 13400 -13401 -13402 -13403 -13404 -13405 13406 -13407 
v -13408 -13409 13410 -13411 13412 13413 -13414 -13415 13416 -13417 13418 13419 
v 13420 -13421 13422 13423 13424 13425 13426 -13427 13428 -13429 13430 13431 
v -13432 -13433 13434 -13435 13436 -13437 13438 -13439 13440 -13441 13442 13443 
v 13444 -13445 -13446 -13447 13448 13449 13450 13451 13452 13453 13454 -13455 
v -13456 -13457 -13458 -13459 13460 13461 13462 -13463 13464 -13465 13466 13467 
v 13468 13469 13470 13471 13472 -13473 -13474 -13475 13476 -13477 -13478 -13479 
v -13480 -13481 -13482 -13483 -13484 -13485 -13486 -13487 -13488 -13489 -13490 
v -13491 13492 -13493 13494 -13495 -13496 -13497 -13498 -13499 13500 -13501 
v -13502 -13503 -13504 -13505 -13506 -13507 -13508 -13509 -13510 -13511 -13512 
v 13513 -13514 -13515 -13516 -13517 13518 -13519 -13520 -13521 13522 -13523 
v -13524 -13525 13526 -13527 -13528 -13529 -13530 -13531 -13532 -13533 -13534 
v -13535 -13536 -13537 13538 -13539 -13540 -13541 -13542 -13543 13544 -13545 
v -13546 -13547 -13548 -13549 13550 -13551 -13552 -13553 -13554 -13555 13556 
v 13557 -13558 -13559 13560 -13561 13562 -13563 -13564 -13565 -13566 -13567 
v 13568 13569 -13570 -13571 -13572 -13573 13574 -13575 -13576 -13577 -13578 
v -13579 13580 -13581 -13582 -13583 13584 -13585 13586 -13587 13588 -13589 
v -13590 -13591 13592 13593 13594 13595 -13596 -13597 13598 -13599 -13600 
v -13601 -13602 -13603 -13604 -13605 13606 13607 -13608 -13609 13610 -13611 
v 13612 13613 -13614 -13615 13616 -13617 13618 13619 13620 -13621 13622 13623 
v -13624 -13625 13626 -13627 13628 -13629 -13630 -13631 -13632 -13633 13634 
v 13635 -13636 -13637 13638 13639 13640 13641 13642 13643 -13644 -13645 13646 
v 13647 -13648 -13649 13650 -13651 13652 -13653 -13654 -13655 -13656 -13657 
v 13658 13659 -13660 -13661 13662 13663 13664 -13665 13666 13667 13668 13669 
v -13670 -13671 13672 -13673 13674 13675 13676 13677 13678 13679 13680 13681 
v 13682 -13683 13684 -13685 13686 13687 13688 13689 13690 13691 13692 13693 
v 13694 13695 13696 13697 -13698 -13699 13700 -13701 -13702 -13703 -13704 13705 
v -13706 13707 -13708 -13709 -13710 -13711 -13712 -13713 -13714 -13715 -13716 
v -13717 -13718 -13719 -13720 -13721 -13722 13723 -13724 -13725 -13726 -13727 
v -13728 -13729 -13730 -13731 -13732 -13733 -13734 -13735 -13736 -13737 -13738 
v -13739 -13740 -13741 -13742 -13743 -13744 -13745 -13746 -13747 -13748 -13749 
v -13750 -13751 -13752 -13753 -13754 -13755 13756 -13757 -13758 13759 -13760 
v -13761 -13762 -13763 -13764 -13765 -13766 13767 -13768 -13769 -13770 -13771 
v -13772 13773 -13774 -13775 -13776 -13777 -13778 13779 -13780 -13781 -13782 
v -13783 -13784 13785 -13786 -13787 -13788 -13789 -13790 13791 -13792 -13793 
v -13794 -13795 -13796 13797 -13798 -13799 -13800 -13801 -13802 13803 -13804 
v -13805 -13806 13807 -13808 13809 -13810 13811 -13812 -13813 -13814 13815 
v 13816 13817 -13818 -13819 -13820 13821 -13822 -13823 -13824 -13825 -13826 
v -13827 -13828 13829 -13830 -13831 -13832 13833 -13834 -13835 -13836 -13837 
v -13838 -13839 -13840 -13841 -13842 13843 13844 13845 -13846 13847 13848 13849 
v 13850 13851 -13852 13853 13854 13855 -13856 -13857 -13858 13859 -13860 13861 
v 13862 13863 13864 -13865 -13866 -13867 -13868 -13869 -13870 -13871 -13872 
v -13873 -13874 -13875 -13876 -13877 -13878 -13879 -13880 -13881 -13882 -13883 
v -13884 -13885 -13886 13887 -13888 -13889 -13890 -13891 -13892 -13893 -13894 
v -13895 -13896 -13897 -13898 -13899 -13900 -13901 -13902 -13903 -13904 13905 
v 13906 13907 -13908 13909 13910 13911 -13912 -13913 -13914 -13915 -13916 13917 
v 13918 13919 -13920 -13921 -13922 13923 -13924 -13925 -13926 -13927 -13928 
v 13929 -13930 -13931 -13932 -13933 -13934 13935 -13936 -13937 -13938 -13939 
v -13940 13941 13942 13943 13944 13945 -13946 -13947 -13948 -13949 -13950 
v -13951 -13952 -13953 -13954 13955 13956 13957 -13958 13959 13960 13961 -13962 
v -13963 -13964 -13965 -13966 13967 13968 13969 -13970 13971 13972 -13973 
v -13974 13975 -13976 -13977 -13978 -13979 -13980 -13981 -13982 13983 -13984 
v -13985 -13986 13987 13988 13989 13990 13991 -13992 -13993 -13994 13995 13996 
v -13997 -13998 13999 -14000 14001 -14002 -14003 -14004 -14005 -14006 14007 
v 14008 -14009 -14010 14011 14012 -14013 -14014 14015 -14016 14017 -14018 
v -14019 -14020 -14021 -14022 14023 14024 -14025 -14026 14027 14028 14029 14030 
v 14031 -14032 -14033 -14034 14035 14036 14037 14038 14039 14040 14041 14042 
v 14043 14044 14045 -14046 -14047 -14048 -14049 -14050 -14051 -14052 -14053 
v -14054 -14055 -14056 -14057 -14058 -14059 -14060 -14061 -14062 -14063 14064 
v -14065 14066 -14067 -14068 -14069 -14070 -14071 14072 -14073 -14074 -14075 
v -14076 -14077 -14078 -14079 -14080 -14081 -14082 -14083 -14084 -14085 -14086 
v -14087 -14088 -14089 -14090 -14091 14092 -14093 14094 -14095 -14096 -14097 
v -14098 -14099 -14100 -14101 14102 -14103 14104 -14105 -14106 -14107 -14108 
v -14109 14110 14111 -14112 -14113 14114 -14115 -14116 -14117 -14118 -14119 
v -14120 -14121 14122 -14123 -14124 -14125 -14126 -14127 14128 14129 -14130 
v -14131 14132 -14133 -14134 -14135 14136 -14137 14138 -14139 14140 -14141 
v 14142 -14143 -14144 -14145 14146 -14147 -14148 -14149 -14150 -14151 -14152 
v -14153 -14154 -14155 -14156 -14157 -14158 -14159 -14160 -14161 -14162 -14163 
v 14164 14165 -14166 -14167 14168 -14169 -14170 -14171 -14172 -14173 -14174 
v -14175 -14176 -14177 14178 -14179 -14180 -14181 14182 -14183 -14184 -14185 
v -14186 -14187 -14188 -14189 14190 -14191 14192 -14193 -14194 -14195 -14196 
v -14197 14198 14199 -14200 -14201 14202 -14203 -14204 -14205 -14206 -14207 
v 14208 -14209 14210 -14211 14212 -14213 -14214 -14215 -14216 -14217 -14218 
v -14219 -14220 -14221 -14222 -14223 -14224 -14225 -14226 -14227 -14228 -14229 
v -14230 -14231 -14232 -14233 -14234 -14235 14236 -14237 -14238 -14239 -14240 
v -14241 -14242 -14243 -14244 -14245 -14246 -14247 -14248 -14249 -14250 -14251 
v -14252 -14253 14254 14255 -14256 -14257 14258 -14259 -14260 -14261 -14262 
v -14263 -14264 -14265 14266 -14267 -14268 -14269 -14270 -14271 14272 -14273 
v -14274 -14275 14276 -14277 14278 -14279 -14280 -14281 -14282 -14283 14284 
v 14285 -14286 -14287 -14288 -14289 14290 14291 14292 -14293 14294 -14295 
v -14296 -14297 -14298 -14299 -14300 -14301 -14302 -14303 14304 14305 14306 
v -14307 14308 14309 -14310 -14311 -14312 -14313 -14314 -14315 14316 -14317 
v 14318 -14319 14320 14321 -14322 -14323 14324 -14325 -14326 -14327 -14328 
v -14329 -14330 -14331 14332 -14333 -14334 -14335 14336 14337 14338 -14339 
v 14340 -14341 -14342 -14343 14344 14345 -14346 -14347 14348 -14349 14350 14351 
v -14352 -14353 14354 -14355 14356 14357 14358 -14359 14360 -14361 -14362 
v -14363 -14364 -14365 -14366 -14367 -14368 -14369 -14370 -14371 -14372 -14373 
v -14374 -14375 14376 14377 14378 -14379 14380 -14381 -14382 -14383 14384 14385 
v 14386 14387 14388 14389 14390 -14391 14392 -14393 14394 -14395 -14396 -14397 
v -14398 -14399 -14400 -14401 -14402 -14403 -14404 -14405 -14406 -14407 -14408 
v -14409 -14410 -14411 -14412 -14413 -14414 -14415 -14416 14417 -14418 14419 
v -14420 -14421 14422 -14423 -14424 14425 -14426 14427 -14428 -14429 -14430 
v -14431 -14432 14433 14434 -14435 -14436 -14437 -14438 14439 -14440 -14441 
v -14442 14443 -14444 14445 -14446 14447 -14448 -14449 -14450 14451 -14452 
v 14453 -14454 14455 -14456 14457 -14458 14459 14460 -14461 -14462 14463 -14464 
v 14465 14466 -14467 -14468 14469 -14470 14471 14472 14473 -14474 -14475 -14476 
v 14477 -14478 -14479 -14480 -14481 -14482 14483 14484 -14485 -14486 14487 
v -14488 14489 -14490 14491 -14492 -14493 -14494 14495 14496 -14497 -14498 
v 14499 -14500 14501 -14502 -14503 -14504 -14505 -14506 14507 14508 -14509 
v -14510 -14511 -14512 14513 14514 14515 -14516 14517 14518 -14519 -14520 
v -14521 -14522 -14523 -14524 -14525 -14526 -14527 -14528 -14529 -14530 14531 
v -14532 -14533 -14534 14535 -14536 -14537 -14538 -14539 -14540 14541 -14542 
v -14543 -14544 -14545 -14546 14547 14548 -14549 -14550 14551 -14552 14553 
v -14554 -14555 -14556 -14557 14558 14559 14560 -14561 -14562 14563 -14564 
v -14565 -14566 -14567 -14568 -14569 -14570 -14571 -14572 -14573 -14574 -14575 
v -14576 -14577 -14578 -14579 -14580 -14581 -14582 -14583 -14584 -14585 -14586 
v -14587 -14588 -14589 -14590 -14591 -14592 -14593 -14594 -14595 -14596 -14597 
v -14598 -14599 -14600 -14601 -14602 14603 -14604 -14605 -14606 14607 -14608 
v 14609 -14610 -14611 -14612 -14613 -14614 14615 14616 -14617 -14618 -14619 
v -14620 14621 -14622 14623 -14624 14625 -14626 -14627 -14628 -14629 -14630 
v -14631 -14632 14633 -14634 -14635 -14636 -14637 -14638 14639 14640 14641 
v 14642 -14643 -14644 -14645 -14646 -14647 -14648 -14649 -14650 -14651 -14652 
v 14653 14654 -14655 -14656 14657 -14658 14659 -14660 -14661 -14662 -14663 
v -14664 14665 14666 -14667 -14668 14669 14670 -14671 -14672 14673 -14674 14675 
v -14676 -14677 -14678 -14679 -14680 14681 14682 -14683 -14684 14685 14686 
v 14687 14688 14689 -14690 -14691 -14692 14693 14694 -14695 -14696 14697 -14698 
v 14699 -14700 -14701 -14702 -14703 -14704 14705 14706 -14707 -14708 14709 
v 14710 -14711 -14712 14713 -14714 -14715 -14716 -14717 -14718 -14719 -14720 
v 14721 -14722 -14723 -14724 14725 14726 14727 14728 -14729 -14730 -14731 
v -14732 14733 14734 14735 14736 14737 14738 14739 14740 14741 14742 -14743 
v -14744 -14745 -14746 -14747 -14748 -14749 -14750 -14751 14752 -14753 14754 
v -14755 -14756 -14757 -14758 -14759 -14760 -14761 -14762 -14763 -14764 -14765 
v 14766 -14767 14768 -14769 14770 -14771 -14772 -14773 -14774 -14775 14776 
v -14777 -14778 -14779 -14780 -14781 14782 -14783 -14784 -14785 -14786 -14787 
v -14788 -14789 -14790 -14791 14792 -14793 -14794 -14795 14796 -14797 14798 
v -14799 14800 -14801 14802 14803 -14804 -14805 14806 -14807 14808 14809 14810 
v -14811 14812 14813 14814 14815 -14816 -14817 14818 -14819 14820 14821 14822 
v 14823 -14824 -14825 14826 14827 14828 -14829 14830 14831 14832 -14833 14834 
v -14835 14836 -14837 14838 14839 14840 14841 -14842 -14843 14844 14845 -14846 
v -14847 14848 -14849 14850 -14851 14852 -14853 14854 -14855 14856 14857 14858 
v -14859 -14860 -14861 14862 14863 14864 14865 14866 14867 14868 14869 -14870 
v -14871 -14872 -14873 -14874 -14875 -14876 -14877 -14878 -14879 14880 -14881 
v -14882 -14883 -14884 -14885 -14886 -14887 -14888 -14889 14890 -14891 -14892 
v -14893 -14894 -14895 14896 14897 -14898 -14899 14900 -14901 14902 -14903 
v -14904 -14905 -14906 -14907 14908 14909 -14910 -14911 -14912 -14913 -14914 
v -14915 -14916 -14917 -14918 -14919 -14920 -14921 -14922 -14923 -14924 -14925 
v -14926 -14927 -14928 -14929 -14930 -14931 -14932 -14933 -14934 -14935 -14936 
v -14937 -14938 -14939 -14940 -14941 -14942 -14943 -14944 -14945 -14946 -14947 
v -14948 -14949 -14950 -14951 14952 -14953 -14954 -14955 -14956 -14957 14958 
v -14959 -14960 -14961 -14962 -14963 14964 -14965 -14966 -14967 -14968 -14969 
v 14970 -14971 -14972 -14973 14974 -14975 -14976 -14977 -14978 -14979 -14980 
v -14981 14982 -14983 -14984 -14985 -14986 -14987 14988 14989 14990 -14991 
v -14992 -14993 -14994 -14995 -14996 -14997 -14998 -14999 -15000 -15001 15002 
v 15003 15004 -15005 15006 15007 15008 -15009 -15010 -15011 -15012 -15013 15014 
v 15015 15016 -15017 15018 15019 -15020 -15021 15022 -15023 15024 -15025 -15026 
v -15027 -15028 -15029 15030 15031 -15032 -15033 15034 15035 15036 15037 15038 
v 15039 -15040 -15041 15042 15043 -15044 -15045 15046 -15047 15048 -15049 
v -15050 -15051 -15052 -15053 15054 15055 -15056 -15057 15058 15059 -15060 
v -15061 15062 -15063 15064 -15065 -15066 -15067 -15068 -15069 15070 15071 
v -15072 -15073 15074 15075 15076 15077 15078 -15079 -15080 -15081 15082 15083 
v 15084 15085 15086 15087 15088 15089 15090 15091 15092 15093 -15094 -15095 
v -15096 -15097 -15098 15099 -15100 15101 -15102 15103 15104 -15105 -15106 
v 15107 -15108 -15109 -15110 -15111 -15112 -15113 -15114 -15115 -15116 -15117 
v -15118 15119 -15120 -15121 -15122 -15123 -15124 15125 -15126 -15127 -15128 
v 15129 -15130 15131 -15132 15133 -15134 -15135 -15136 -15137 -15138 -15139 
v -15140 -15141 -15142 -15143 -15144 -15145 -15146 15147 -15148 -15149 -15150 
v 15151 -15152 -15153 -15154 -15155 -15156 15157 -15158 -15159 -15160 -15161 
v -15162 -15163 -15164 15165 -15166 15167 -15168 -15169 -15170 15171 -15172 
v -15173 -15174 15175 15176 -15177 -15178 15179 -15180 -15181 -15182 15183 
v -15184 15185 -15186 15187 -15188 15189 -15190 -15191 -15192 15193 -15194 
v 15195 -15196 15197 -15198 15199 15200 -15201 -15202 15203 15204 15205 15206 
v 15207 -15208 15209 -15210 15211 15212 15213 -15214 15215 15216 15217 -15218 
v -15219 -15220 15221 -15222 -15223 -15224 -15225 -15226 15227 -15228 15229 
v -15230 -15231 -15232 -15233 -15234 -15235 -15236 -15237 -15238 -15239 -15240 
v -15241 -15242 -15243 -15244 15245 -15246 -15247 -15248 -15249 -15250 -15251 
v -15252 -15253 -15254 -15255 -15256 -15257 -15258 -15259 -15260 -15261 -15262 
v -15263 -15264 -15265 -15266 -15267 -15268 -15269 -15270 -15271 -15272 -15273 
v -15274 -15275 -15276 -15277 -15278 -15279 -15280 -15281 -15282 -15283 -15284 
v -15285 -15286 -15287 -15288 -15289 -15290 -15291 -15292 -15293 -15294 -15295 
v -15296 -15297 -15298 -15299 -15300 15301 -15302 -15303 -15304 -15305 -15306 
v 15307 -15308 -15309 -15310 -15311 -15312 15313 -15314 -15315 -15316 -15317 
v -15318 -15319 -15320 -15321 -15322 -15323 -15324 -15325 -15326 -15327 -15328 
v -15329 -15330 15331 -15332 -15333 -15334 -15335 -15336 15337 -15338 15339 
v -15340 -15341 -15342 -15343 -15344 -15345 -15346 -15347 -15348 -15349 -15350 
v 15351 15352 -15353 -15354 15355 -15356 -15357 -15358 -15359 -15360 15361 
v -15362 15363 -15364 15365 -15366 15367 -15368 -15369 -15370 -15371 -15372 
v 15373 -15374 -15375 -15376 -15377 -15378 15379 -15380 -15381 -15382 15383 
v 15384 15385 -15386 15387 -15388 -15389 -15390 15391 15392 -15393 -15394 15395 
v -15396 15397 -15398 -15399 -15400 -15401 -15402 15403 15404 -15405 -15406 
v 15407 15408 15409 -15410 15411 15412 15413 -15414 -15415 -15416 -15417 -15418 
v 15419 15420 15421 -15422 15423 15424 15425 15426 15427 -15428 15429 -15430 
v 15431 15432 15433 15434 15435 15436 15437 -15438 15439 15440 15441 -15442 
v -15443 -15444 15445 -15446 -15447 -15448 -15449 -15450 -15451 -15452 -15453 
v -15454 -15455 -15456 -15457 -15458 -15459 15460 -15461 15462 -15463 -15464 
v -15465 -15466 -15467 15468 -15469 15470 -15471 15472 -15473 -15474 -15475 
v -15476 -15477 -15478 -15479 15480 -15481 -15482 -15483 -15484 -15485 -15486 
v -15487 -15488 -15489 15490 -15491 -15492 -15493 -15494 15495 15496 -15497 
v 15498 -15499 15500 15501 15502 -15503 15504 15505 15506 15507 15508 15509 
v 15510 15511 15512 15513 -15514 -15515 15516 -15517 15518 15519 15520 15521 
v 15522 -15523 15524 15525 15526 -15527 15528 15529 15530 -15531 -15532 -15533 
v -15534 -15535 15536 15537 15538 -15539 -15540 -15541 15542 15543 15544 -15545 
v 15546 15547 15548 -15549 -15550 -15551 -15552 -15553 15554 15555 15556 -15557 
v -15558 -15559 15560 15561 15562 15563 15564 15565 15566 -15567 -15568 -15569 
v -15570 -15571 -15572 -15573 -15574 -15575 -15576 -15577 -15578 -15579 -15580 
v -15581 -15582 -15583 15584 -15585 -15586 -15587 15588 -15589 15590 -15591 
v 15592 -15593 15594 -15595 -15596 -15597 -15598 -15599 15600 -15601 -15602 
v -15603 -15604 -15605 15606 -15607 -15608 -15609 -15610 -15611 -15612 -15613 
v -15614 -15615 -15616 -15617 -15618 -15619 -15620 -15621 -15622 -15623 -15624 
v -15625 -15626 -15627 -15628 -15629 -15630 -15631 -15632 -15633 -15634 -15635 
v -15636 -15637 -15638 -15639 -15640 -15641 -15642 -15643 -15644 -15645 -15646 
v -15647 -15648 -15649 15650 -15651 -15652 -15653 15654 -15655 -15656 -15657 
v -15658 -15659 -15660 -15661 15662 -15663 -15664 -15665 -15666 -15667 15668 
v -15669 -15670 -15671 -15672 -15673 -15674 -15675 -15676 -15677 -15678 -15679 
v -15680 -15681 -15682 -15683 -15684 -15685 15686 15687 -15688 -15689 -15690 
v -15691 -15692 -15693 -15694 -15695 -15696 -15697 -15698 -15699 15700 15701 
v -15702 -15703 15704 -15705 15706 -15707 -15708 -15709 -15710 -15711 15712 
v 15713 -15714 -15715 15716 15717 -15718 -15719 15720 -15721 15722 -15723 
v -15724 -15725 -15726 -15727 15728 15729 -15730 -15731 15732 15733 15734 15735 
v 15736 -15737 -15738 -15739 15740 15741 15742 -15743 15744 15745 15746 -15747 
v -15748 -15749 -15750 -15751 15752 15753 15754 -15755 15756 -15757 -15758 
v -15759 -15760 -15761 15762 -15763 -15764 -15765 -15766 -15767 15768 -15769 
v -15770 -15771 15772 15773 15774 15775 15776 -15777 -15778 -15779 15780 15781 
v 15782 15783 15784 15785 15786 15787 15788 15789 15790 -15791 -15792 -15793 
v -15794 15795 -15796 -15797 -15798 -15799 -15800 -15801 -15802 -15803 -15804 
v -15805 -15806 -15807 -15808 15809 -15810 15811 -15812 -15813 -15814 -15815 
v -15816 15817 -15818 -15819 -15820 -15821 -15822 -15823 -15824 -15825 -15826 
v -15827 -15828 -15829 -15830 -15831 -15832 -15833 -15834 -15835 -15836 15837 
v -15838 15839 -15840 -15841 -15842 -15843 -15844 -15845 -15846 15847 -15848 
v 15849 -15850 -15851 -15852 -15853 -15854 15855 15856 -15857 -15858 15859 
v -15860 -15861 -15862 -15863 -15864 -15865 -15866 15867 -15868 -15869 -15870 
v -15871 -15872 15873 15874 15875 -15876 15877 15878 -15879 -15880 -15881 
v -15882 15883 -15884 15885 -15886 15887 15888 -15889 -15890 15891 -15892 
v -15893 -15894 -15895 -15896 -15897 -15898 -15899 -15900 15901 -15902 -15903 
v -15904 15905 -15906 -15907 -15908 15909 15910 -15911 -15912 15913 -15914 
v 15915 15916 -15917 -15918 -15919 -15920 -15921 -15922 -15923 -15924 -15925 
v -15926 -15927 -15928 -15929 -15930 -15931 -15932 15933 -15934 -15935 -15936 
v 15937 -15938 -15939 -15940 -15941 -15942 15943 -15944 -15945 -15946 -15947 
v -15948 -15949 -15950 -15951 -15952 -15953 -15954 -15955 -15956 -15957 -15958 
v -15959 -15960 15961 -15962 -15963 -15964 15965 -15966 -15967 -15968 -15969 
v -15970 -15971 -15972 15973 15974 15975 -15976 15977 -15978 15979 -15980 15981 
v 15982 -15983 -15984 15985 -15986 15987 -15988 -15989 -15990 -15991 -15992 
v 15993 15994 -15995 -15996 -15997 -15998 15999 16000 -16001 -16002 16003 
v -16004 16005 -16006 -16007 -16008 -16009 -16010 16011 16012 -16013 -16014 
v -16015 -16016 16017 -16018 -16019 -16020 -16021 -16022 -16023 -16024 -16025 
v -16026 -16027 -16028 -16029 -16030 -16031 -16032 -16033 -16034 16035 16036 
v 16037 -16038 -16039 -16040 -16041 -16042 -16043 -16044 -16045 -16046 -16047 
v -16048 -16049 -16050 -16051 -16052 -16053 -16054 -16055 -16056 -16057 -16058 
v -16059 -16060 -16061 -16062 -16063 -16064 -16065 -16066 -16067 -16068 -16069 
v -16070 -16071 -16072 -16073 -16074 -16075 -16076 -16077 -16078 -16079 -16080 
v -16081 -16082 -16083 -16084 -16085 -16086 -16087 -16088 16089 -16090 16091 
v -16092 -16093 -16094 -16095 -16096 -16097 -16098 -16099 -16100 -16101 -16102 
v -16103 -16104 -16105 -16106 16107 -16108 -16109 -16110 -16111 -16112 -16113 
v -16114 -16115 -16116 -16117 -16118 -16119 -16120 -16121 -16122 -16123 -16124 
v 16125 -16126 -16127 -16128 -16129 -16130 -16131 -16132 -16133 -16134 -16135 
v -16136 -16137 -16138 -16139 -16140 -16141 -16142 -16143 -16144 -16145 -16146 
v -16147 -16148 -16149 -16150 -16151 -16152 -16153 -16154 -16155 -16156 -16157 
v -16158 -16159 -16160 -16161 -16162 -16163 -16164 -16165 -16166 -16167 -16168 
v -16169 -16170 -16171 -16172 -16173 -16174 16175 -16176 -16177 -16178 16179 
v -16180 -16181 -16182 -16183 -16184 -16185 -16186 -16187 -16188 -16189 -16190 
v -16191 -16192 -16193 -16194 16195 -16196 -16197 -16198 -16199 -16200 -16201 
v -16202 -16203 -16204 -16205 -16206 -16207 -16208 -16209 -16210 -16211 -16212 
v -16213 -16214 -16215 -16216 -16217 -16218 -16219 -16220 -16221 -16222 -16223 
v -16224 16225 16226 16227 -16228 16229 -16230 16231 -16232 16233 -16234 -16235 
v -16236 -16237 -16238 16239 -16240 -16241 -16242 -16243 -16244 16245 -16246 
v -16247 -16248 -16249 -16250 16251 16252 -16253 -16254 16255 -16256 -16257 
v -16258 -16259 -16260 -16261 -16262 16263 -16264 -16265 -16266 -16267 -16268 
v 16269 -16270 -16271 -16272 -16273 -16274 -16275 -16276 -16277 -16278 -16279 
v -16280 -16281 -16282 -16283 -16284 -16285 -16286 16287 16288 -16289 -16290 
v -16291 -16292 -16293 -16294 -16295 -16296 -16297 -16298 -16299 -16300 -16301 
v -16302 -16303 -16304 -16305 -16306 -16307 -16308 -16309 -16310 -16311 -16312 
v 16313 -16314 16315 -16316 -16317 -16318 -16319 -16320 16321 -16322 -16323 
v -16324 -16325 -16326 -16327 -16328 -16329 -16330 -16331 -16332 -16333 -16334 
v -16335 -16336 -16337 -16338 -16339 -16340 -16341 -16342 -16343 -16344 -16345 
v -16346 -16347 -16348 -16349 -16350 -16351 -16352 -16353 -16354 -16355 -16356 
v -16357 -16358 -16359 -16360 -16361 -16362 -16363 -16364 -16365 -16366 -16367 
v -16368 -16369 -16370 -16371 -16372 -16373 -16374 -16375 -16376 16377 -16378 
v -16379 -16380 -16381 -16382 -16383 -16384 -16385 -16386 -16387 -16388 -16389 
v -16390 -16391 -16392 -16393 -16394 -16395 -16396 -16397 -16398 -16399 -16400 
v -16401 -16402 -16403 -16404 -16405 -16406 -16407 -16408 -16409 -16410 -16411 
v -16412 -16413 -16414 -16415 -16416 -16417 -16418 -16419 -16420 -16421 -16422 
v -16423 -16424 -16425 -16426 -16427 -16428 -16429 -16430 -16431 -16432 -16433 
v -16434 -16435 -16436 16437 -16438 -16439 -16440 16441 -16442 -16443 -16444 
v -16445 -16446 16447 -16448 -16449 -16450 -16451 -16452 -16453 -16454 -16455 
v -16456 -16457 -16458 -16459 -16460 -16461 -16462 -16463 -16464 -16465 -16466 
v -16467 -16468 -16469 -16470 -16471 -16472 -16473 -16474 -16475 -16476 -16477 
v -16478 -16479 -16480 -16481 -16482 -16483 -16484 -16485 -16486 -16487 -16488 
v -16489 -16490 -16491 -16492 -16493 -16494 -16495 -16496 -16497 -16498 -16499 
v -16500 -16501 -16502 16503 -16504 -16505 -16506 -16507 -16508 -16509 -16510 
v -16511 -16512 -16513 -16514 -16515 -16516 -16517 -16518 -16519 -16520 -16521 
v -16522 -16523 -16524 -16525 -16526 -16527 -16528 -16529 -16530 -16531 -16532 
v -16533 -16534 -16535 -16536 -16537 -16538 -16539 -16540 -16541 -16542 -16543 
v -16544 -16545 -16546 -16547 -16548 -16549 -16550 -16551 -16552 16553 16554 
v -16555 -16556 16557 -16558 -16559 -16560 -16561 -16562 -16563 -16564 16565 
v -16566 -16567 -16568 -16569 -16570 -16571 -16572 -16573 -16574 -16575 -16576 
v -16577 -16578 -16579 -16580 -16581 -16582 -16583 -16584 16585 -16586 -16587 
v -16588 -16589 -16590 -16591 -16592 -16593 -16594 -16595 -16596 -16597 -16598 
v -16599 -16600 -16601 -16602 -16603 -16604 -16605 -16606 -16607 -16608 -16609 
v -16610 -16611 -16612 -16613 -16614 -16615 -16616 -16617 -16618 -16619 -16620 
v -16621 -16622 -16623 -16624 -16625 -16626 -16627 -16628 -16629 -16630 -16631 
v -16632 16633 -16634 -16635 -16636 -16637 -16638 -16639 -16640 -16641 -16642 
v -16643 -16644 -16645 -16646 -16647 -16648 16649 16650 -16651 -16652 16653 
v -16654 -16655 -16656 -16657 -16658 -16659 -16660 16661 -16662 -16663 -16664 
v 16665 -16666 -16667 -16668 -16669 -16670 -16671 -16672 -16673 -16674 -16675 
v -16676 -16677 -16678 -16679 -16680 16681 16682 -16683 -16684 -16685 -16686 
v -16687 -16688 16689 16690 -16691 -16692 16693 -16694 -16695 -16696 -16697 
v -16698 -16699 -16700 16701 -16702 -16703 -16704 -16705 -16706 -16707 -16708 
v -16709 -16710 -16711 -16712 -16713 -16714 -16715 -16716 -16717 -16718 -16719 
v -16720 16721 -16722 -16723 -16724 -16725 -16726 -16727 -16728 16729 16730 
v 16731 16732 -16733 -16734 -16735 -16736 -16737 -16738 -16739 -16740 -16741 
v -16742 -16743 -16744 16745 16746 -16747 -16748 16749 -16750 16751 -16752 
v -16753 -16754 -16755 -16756 16757 16758 -16759 -16760 16761 -16762 -16763 
v -16764 -16765 -16766 -16767 -16768 -16769 -16770 -16771 -16772 -16773 -16774 
v -16775 -16776 16777 16778 16779 -16780 -16781 -16782 -16783 -16784 16785 
v -16786 -16787 -16788 -16789 -16790 -16791 -16792 -16793 -16794 -16795 -16796 
v -16797 -16798 -16799 -16800 16801 -16802 -16803 -16804 -16805 -16806 -16807 
v -16808 -16809 -16810 -16811 -16812 -16813 -16814 -16815 -16816 16817 -16818 
v -16819 -16820 -16821 -16822 -16823 -16824 16825 16826 16827 16828 16829 
v -16830 -16831 -16832 -16833 -16834 -16835 -16836 -16837 -16838 -16839 -16840 
v 16841 16842 -16843 -16844 16845 -16846 16847 -16848 -16849 -16850 -16851 
v -16852 16853 16854 -16855 -16856 16857 16858 -16859 -16860 16861 -16862 
v -16863 -16864 -16865 -16866 -16867 -16868 16869 -16870 -16871 -16872 16873 
v 16874 16875 16876 -16877 -16878 -16879 -16880 16881 16882 -16883 -16884 16885 
v -16886 16887 -16888 -16889 -16890 -16891 -16892 16893 16894 -16895 -16896 
v 16897 16898 -16899 -16900 16901 -16902 -16903 -16904 -16905 -16906 -16907 
v -16908 16909 -16910 -16911 -16912 16913 16914 16915 16916 -16917 -16918 
v -16919 -16920 16921 16922 16923 16924 16925 16926 16927 16928 16929 -16930 
v -16931 -16932 -16933 -16934 -16935 -16936 16937 16938 16939 16940 16941 16942 
v 16943 -16944 -16945 -16946 -16947 -16948 16949 16950 16951 -16952 16953 16954 
v -16955 -16956 16957 -16958 16959 -16960 -16961 -16962 -16963 -16964 16965 
v 16966 -16967 -16968 16969 16970 16971 16972 16973 16974 -16975 -16976 16977 
v 16978 16979 -16980 16981 16982 16983 16984 -16985 -16986 16987 -16988 16989 
v 16990 16991 16992 16993 -16994 -16995 -16996 -16997 -16998 16999 17000 -17001 
v -17002 17003 -17004 17005 -17006 17007 -17008 17009 17010 17011 17012 17013 
v -17014 17015 17016 17017 17018 17019 17020 17021 17022 17023 17024 17025 
v 17026 17027 17028 -17029 -17030 17031 -17032 17033 17034 17035 17036 17037 
v 17038 17039 17040 17041 17042 17043 17044 17045 17046 17047 17048 17049 17050 
v 17051 17052 17053 17054 17055 17056 17057 17058 17059 17060 17061 17062 17063 
v 17064 17065 17066 17067 17068 17069 17070 17071 17072 17073 17074 17075 17076 
v 17077 17078 17079 17080 17081 17082 17083 17084 17085 17086 17087 17088 17089 
v 17090 17091 17092 17093 17094 17095 17096 17097 17098 17099 17100 17101 17102 
v 17103 17104 17105 17106 17107 17108 17109 17110 17111 17112 17113 17114 17115 
v 17116 17117 17118 17119 17120 17121 17122 17123 17124 17125 17126 17127 17128 
v 17129 17130 17131 17132 17133 17134 17135 17136 17137 17138 17139 17140 17141 
v 17142 17143 17144 17145 17146 17147 17148 17149 17150 17151 17152 17153 17154 
v 17155 17156 17157 17158 17159 17160 17161 17162 17163 17164 17165 17166 17167 
v 17168 17169 17170 17171 17172 17173 17174 17175 17176 17177 17178 17179 17180 
v 17181 17182 17183 17184 17185 17186 17187 17188 17189 17190 17191 17192 17193 
v 17194 17195 17196 17197 17198 17199 17200 17201 17202 17203 17204 17205 17206 
v 17207 17208 17209 17210 17211 17212 17213 17214 17215 17216 17217 17218 17219 
v 17220 17221 17222 17223 17224 17225 17226 17227 17228 17229 17230 17231 17232 
v 17233 17234 17235 17236 17237 17238 17239 17240 17241 17242 17243 17244 17245 
v 17246 17247 17248 17249 17250 17251 17252 17253 17254 17255 17256 17257 17258 
v 17259 17260 17261 17262 17263 17264 17265 17266 17267 17268 17269 17270 17271 
v 17272 17273 17274 17275 17276 17277 17278 17279 17280 17281 17282 17283 17284 
v 17285 17286 17287 17288 17289 17290 17291 17292 17293 -17294 -17295 -17296 
v -17297 -17298 -17299 -17300 17301 17302 17303 17304 17305 17306 17307 17308 
v 17309 17310 17311 17312 17313 17314 17315 17316 17317 17318 17319 17320 17321 
v 17322 17323 17324 17325 17326 17327 17328 17329 17330 17331 17332 17333 17334 
v 17335 17336 17337 17338 17339 17340 17341 17342 17343 17344 17345 17346 17347 
v 17348 17349 17350 17351 17352 17353 17354 17355 17356 17357 17358 17359 17360 
v 17361 17362 17363 17364 17365 17366 17367 17368 17369 17370 17371 17372 17373 
v 17374 17375 17376 17377 17378 17379 17380 17381 17382 17383 17384 17385 17386 
v 17387 17388 0
c [g 0] truth-find prop checks  : 1329K
c [g 0] -> of which prop        : 33.88 %
c [g 0] -> of which confl       :  0.79 %
c [g 0] elim called             : 117K
c [g 0] ---> which lead to prop : 153.28 %
c [g 0] ---> which lead to confl:  3.47 %
c [g 0] size: 76    x 159  

real	3m10.431s
user	3m9.078s
sys	0m0.177s
