c BreakID not compiled in, disabling
c CryptoMiniSat version 5.11.19
c CMS Copyright (C) 2009-2020 Authors of CryptoMiniSat, see AUTHORS file
c CMS SHA revision b80e09ebd7703fc13b987401d693d7d406a50441
c Using VMTF code by Armin Biere from CaDiCaL
c Using Yalsat by Armin Biere, see Balint et al. Improving implementation of SLS solvers [...], SAT'14
c Using WalkSAT by Henry Kautz, see Kautz and Selman Pushing the envelope: planning, propositional logic, and stochastic search, AAAI'96,
c CMS is MIT licensed
c Using code from 'When Boolean Satisfiability Meets Gauss-E. in a Simplex Way'
c       by C.-S. Han and J.-H. Roland Jiang in CAV 2012. Fixes by M. Soos
c Using CCAnr from 'CCAnr: A Conf. Checking Based Local Search Solver [...]'
c       by Shaowei Cai, Chuan Luo, and Kaile Su, SAT 2015
c CMS compilation env CMAKE_CXX_COMPILER = /usr/bin/c++ | CMAKE_CXX_FLAGS =  -fvisibility=hidden -Wall -Wextra -Wunused -Wsign-compare -fno-omit-frame-pointer -Wtype-limits -Wuninitialized -Wno-deprecated -Wstrict-aliasing -Wpointer-arith -Wpointer-arith -Wformat-nonliteral -Winit-self -Wparentheses -Wunreachable-code -g -Wno-class-memaccess -mpopcnt -msse4.2 -ggdb3 -Wlogical-op -Wrestrict -Wnull-dereference -Wdouble-promotion -Wshadow -Wformat=2 -Wextra-semi -pedantic | COMPILE_DEFINES =  -DRDB0_ONLY_FEATURES -DUSE_ZLIB -DYALSAT_FPU | STATICCOMPILE = OFF | ONLY_SIMPLE =  | STATS = OFF | SQLITE3_FOUND =  | ZLIB_FOUND = TRUE | VALGRIND_FOUND =  | ENABLE_TESTING = OFF | SLOW_DEBUG = OFF | ENABLE_ASSERTIONS = ON | PYTHON_EXECUTABLE =  | PYTHON_LIBRARY =  | PYTHON_INCLUDE_DIRS =  | MY_TARGETS =  | LARGEMEM = OFF | LIMITMEM = OFF | BREAKID_LIBRARIES =  | BREAKID-VER = . | BOSPHORUS_LIBRARIES =  | BOSPH-VER = . | compilation date time = Jul 13 2026 14:05:03
c CMS compiled with gcc version 11.5.0 20240719 (Red Hat 11.5.0-5)
c Executed with command line: ./cryptominisat5 ./instancesBreak/IC_S4/Xn19l6-303-S.dimacs_break.cnf
c Reading file './instancesBreak/IC_S4/Xn19l6-303-S.dimacs_break.cnf'
c -- header says num vars:            795
c -- header says num clauses:        2499
c -- clauses added: 2447
c -- xor clauses added: 52
c -- vars added 795
c Parsing time: 0.00 s
c [find&init matx] performing matrix init
c [gauss] XOR-encoding clauses are not detached, so no need to reattach them.
c [xor-rem-unconnected] left with 50 xors from 50 non-empty xors T: 0.00
c [xor-together] xored together: 0 orig xors: 50 new xors: 50 T: 0.00
c [xor-rem-unconnected] left with 50 xors from 50 non-empty xors T: 0.00
c [xor-clean-equiv] removed equivalent xors: 0 left with: 50
c [matrix] unused xors from cleaning: 0
c [matrix] Good   matrix  0     50 x  765  density:0.1117  xorlen avg: 85.48
c [matrix] Using 1 matrices recovered from 0 xors T: 0.00 T-out: N
c [branch] adjusting to: vsid (from: vsid) var_decay:0.95 descr: VSIDS
c rst  geom  stb   vs     1   111    2837 17487  1658    3.96    3.79     1    21    70    19  148.05  123.05
c rst  geom  stb   vs     2   234    2837 17487  1658    3.96    3.79     1    21   191    21  112.39  102.48
c  res  pol bran  nres  conf freevar  IrrL  IrrB l/longC  l/allC RedL0 RedL1 RedL2  RedB l/longC  l/allC
c rst  geom  stb   vs     3   368    2837 17487  1658    3.96    3.79     1    21   325    21   93.13   87.93
c rst  geom  stb   vs     4   516    2837 17487  1658    3.96    3.79     2    24   467    23   88.51   84.65
c rst  geom  stb   vs     5   678    2837 17487  1658    3.96    3.79     2    24   629    23   82.84   80.10
c rst  geom  stb   vs     6   856    2837 17487  1658    3.96    3.79     2    24   807    23   76.35   74.36
c rst  geom  stb   vs     7  1050    2837 17487  1658    3.96    3.79     2    24  1001    23   73.90   72.32
c rst  geom  stb   vs     8  1263    2837 17487  1658    3.96    3.79     3    24  1213    23   74.47   73.15
c rst  geom  stb   vs     9  1498    2837 17487  1658    3.96    3.79     3    24  1447    24   73.78   72.63
c rst  geom  stb   vs    10  1756    2837 17487  1658    3.96    3.79     4    28  1699    25   70.34   69.37
c rst  geom  stb   vs    11  2039    2837 17487  1658    3.96    3.79     6    28  1980    25   68.05   67.24
c rst  geom  stb   vs    12  2349    2837 17487  1658    3.96    3.79     6    30  2288    25   64.45   63.78
c rst  geom  stb   vs    13  2691    2837 17487  1658    3.96    3.79     6    30  2630    25   65.02   64.43
c rst  geom  stb   vs    14  3065    2837 17487  1658    3.96    3.79     6    30  3003    26   64.46   63.93
c rst  geom  stb   vs    15  3476    2837 17487  1658    3.96    3.79     6    30  3413    27   66.14   65.64
c rst  geom  stb   vs    16  3927    2837 17487  1658    3.96    3.79    10    30  3859    28   64.46   64.01
c rst  geom  stb   vs    17  4422    2837 17487  1658    3.96    3.79    10    30  4354    28   63.06   62.67
c rst  geom  stb   vs    18  4965    2837 17487  1658    3.96    3.79    10    30  4897    28   61.17   60.84
c rst  geom  stb   vs    19  5562    2837 17487  1658    3.96    3.79    14    34  5485    29   64.75   64.42
c [branch] adjusting to: vmtf (from: vsid) var_decay:0.95 descr: VMTF
c [distill-long-red0] cls tried: 14/14 T: 0.00 T-out: N T-r: 100.00%
c [distill-long-red1] cls tried: 34/34 T: 0.00 T-out: N T-r: 97.44%
c rst  luby ibes  vmt    20  5664    2837 17487  1658    3.96    3.79    18    52  5563    31   64.22   63.88
c rst  luby ibes  vmt    21  5766    2837 17487  1658    3.96    3.79    18    53  5664    31   63.65   63.32
c rst  luby ibes  vmt    22  5967    2837 17487  1658    3.96    3.79    18    53  5865    31   62.60   62.28
c rst  luby ibes  vmt    23  6069    2837 17487  1658    3.96    3.79    18    53  5967    31   61.99   61.69
c rst  luby ibes  vmt    24  6171    2837 17487  1658    3.96    3.79    18    53  6069    31   61.32   61.02
c rst  luby ibes  vmt    25  6373    2837 17487  1658    3.96    3.79    18    53  6271    31   60.05   59.77
c rst  luby ibes  vmt    26  6774    2837 17487  1658    3.96    3.79    18    53  6672    31   58.11   57.85
c rst  luby ibes  vmt    27  6876    2837 17487  1658    3.96    3.79    18    53  6774    31   57.57   57.32
c rst  luby ibes  vmt    28  6978    2837 17487  1658    3.96    3.79    18    53  6876    31   57.02   56.77
c rst  luby ibes  vmt    29  7180    2837 17487  1658    3.96    3.79    18    53  7078    31   56.05   55.82
c rst  luby ibes  vmt    30  7282    2837 17487  1658    3.96    3.79    18    53  7180    31   55.56   55.33
c rst  luby ibes  vmt    31  7383    2837 17487  1658    3.96    3.79    18    53  7281    31   55.02   54.80
c rst  luby ibes  vmt    32  7585    2837 17487  1658    3.96    3.79    18    53  7483    31   54.01   53.79
c rst  luby ibes  vmt    33  7987    2837 17487  1658    3.96    3.79    18    53  7885    31   52.12   51.93
c rst  luby ibes  vmt    34  8789    2837 17487  1658    3.96    3.79    18    53  8687    31   48.87   48.70
c rst  luby ibes  vmt    35  8891    2837 17487  1658    3.96    3.79    18    53  8789    31   48.49   48.33
c rst  luby ibes  vmt    36  8993    2837 17487  1658    3.96    3.79    18    53  8891    31   48.12   47.96
c rst  luby ibes  vmt    37  9195    2837 17487  1658    3.96    3.79    18    53  9093    31   47.40   47.24
c rst  luby ibes  vmt    38  9297    2837 17487  1658    3.96    3.79    18    53  9195    31   47.03   46.88
c rst  luby ibes  vmt    39  9399    2837 17487  1658    3.96    3.79    18    53  9297    31   46.69   46.54
c rst  luby ibes  vmt    40  9601    2837 17487  1658    3.96    3.79    18    53  9499    31   46.01   45.87
c rst  luby ibes  vmt    41 10003    2837 17487  1658    3.96    3.79    42    29  9901    31   44.75   44.62
c rst  luby ibes  vmt    42 10105    2837 17487  1658    3.96    3.79    42    29 10003    31   44.46   44.33
c rst  luby ibes  vmt    43 10207    2837 17487  1658    3.96    3.79    42    29 10105    31   44.15   44.03
c rst  luby ibes  vmt    44 10408    2837 17487  1658    3.96    3.79    42    29 10306    31   43.66   43.54
c rst  luby ibes  vmt    45 10510    2837 17487  1658    3.96    3.79    42    29 10408    31   43.42   43.30
c rst  luby ibes  vmt    46 10612    2837 17487  1658    3.96    3.79    42    29 10510    31   43.19   43.07
c rst  luby ibes  vmt    47 10814    2837 17487  1658    3.96    3.79    42    29 10712    31   42.73   42.62
c rst  luby  svd  vmt    48 11216    2837 17487  1658    3.96    3.79    42    29 11114    31   44.04   43.92
c rst  luby  svd  vmt    49 12018    2837 17487  1658    3.96    3.79    42    29 11916    31   43.70   43.59
c [branch] adjusting to: vsid (from: vmtf) var_decay:0.95 descr: VSIDS
c [distill-bin] useful: 12/1658/1658 lits-rem: 0 cl-rem: 12 0-depth-assigns: 0 T: 0.01 T-out: N
c rst  geom  svd   vs    50 12130    2837 17487  1646    3.96    3.79    42    29 12028    31   43.74   43.64
c rst  geom  svd   vs    51 12253    2837 17487  1646    3.96    3.79    42    29 12151    31   43.70   43.60
c rst  geom  svd   vs    52 12387    2837 17487  1646    3.96    3.79    42    29 12285    31   43.62   43.51
c rst  geom  svd   vs    53 12535    2837 17487  1646    3.96    3.79    42    29 12433    31   43.65   43.55
c rst  geom  svd   vs    54 12696    2837 17487  1646    3.96    3.79    42    29 12594    31   43.62   43.52
c rst  geom  svd   vs    55 12874    2837 17487  1646    3.96    3.79    42    29 12772    31   43.58   43.48
c rst  geom  svd   vs    56 13068    2837 17487  1646    3.96    3.79    42    29 12966    31   43.46   43.36
c rst  geom  svd   vs    57 13282    2837 17487  1646    3.96    3.79    42    29 13180    31   43.38   43.28
c rst  geom  svd   vs    58 13516    2837 17487  1646    3.96    3.79    42    29 13414    31   43.31   43.22
c rst  geom  svd   vs    59 13774    2837 17487  1646    3.96    3.79    42    29 13672    31   43.15   43.05
c rst  geom  svd   vs    60 14056    2837 17487  1646    3.96    3.79    42    29 13954    31   42.86   42.77
c rst  geom  svd   vs    61 14367    2837 17487  1646    3.96    3.79    43    30 14262    32   42.61   42.52
c rst  geom  svd   vs    62 14708    2837 17487  1646    3.96    3.79    43    30 14603    32   42.23   42.14
c rst  geom  svd   vs    63 15081    2837 17487  1646    3.96    3.79    44    37 14093    32   39.80   39.72
c rst  geom  svd   vs    64 15491    2837 17487  1646    3.96    3.79    44    37 14503    32   39.33   39.25
c rst  geom  svd   vs    65 15941    2837 17487  1646    3.96    3.79    44    37 14953    32   39.09   39.01
c rst  geom  svd   vs    66 16435    2837 17487  1646    3.96    3.79    44    37 15447    32   39.00   38.93
c rst  geom best   vs    67 16978    2837 17487  1646    3.96    3.79    46    37 15988    32   40.27   40.19
c rst  geom best   vs    68 17575    2837 17487  1646    3.96    3.79    46    37 16585    32   40.58   40.50
c rst  geom best   vs    69 18231    2837 17487  1646    3.96    3.79    46    37 17241    32   40.42   40.35
c [branch] adjusting to: vmtf (from: vsid) var_decay:0.95 descr: VMTF
c rst  luby best  vmt    70 18333    2837 17487  1646    3.96    3.79    46    37 17343    32   40.43   40.36
c rst  luby best  vmt    71 18435    2837 17487  1646    3.96    3.79    46    37 17445    32   40.40   40.33
c rst  luby best  vmt    72 18636    2837 17487  1646    3.96    3.79    46    37 17646    32   40.33   40.26
c rst  luby best  vmt    73 18738    2837 17487  1646    3.96    3.79    46    37 17748    32   40.29   40.22
c rst  luby best  vmt    74 18839    2837 17487  1646    3.96    3.79    46    37 17848    33   40.34   40.27
c rst  luby best  vmt    75 19040    2837 17487  1646    3.96    3.79    47    37 18048    33   40.22   40.15
c rst  luby best  vmt    76 19442    2837 17487  1646    3.96    3.79    47    37 18450    33   40.11   40.04
c rst  luby best  vmt    77 19544    2837 17487  1646    3.96    3.79    47    37 18552    33   40.05   39.99
c rst  luby best  vmt    78 19645    2837 17487  1646    3.96    3.79    50    51 18636    33   39.99   39.92
c rst  luby best  vmt    79 19847    2837 17487  1646    3.96    3.79    52    52 18832    36   40.89   40.82
c rst  luby best  vmt    80 19951    2837 17487  1646    3.96    3.79    59    58 18922    37   41.10   41.03
c rst  luby best  vmt    81   20K    2837 17487  1646    3.96    3.79    66    52 19023    37   41.66   41.58
c [full-probe]  bin_only: 1 set: 0 repl: 0 T: 0.00 T-out: N T-r: 99.86%
c rst  luby best  vmt    82   20K    2837 17487  1646    3.96    3.79    69    53 19220    43   42.14   42.05
c rst  luby best  vmt    83   20K    2837 17487  1646    3.96    3.79    80    61 19607    44   43.16   43.07
c [distill-long-red0] cls tried: 45/45 T: 0.00 T-out: N T-r: 99.97%
c [distill-long-red1] cls tried: 50/50 T: 0.00 T-out: N T-r: 78.76%
c rst  luby best  vmt    84   21K    2837 17487  1646    3.96    3.79    90    68   20K    47   44.37   44.28
c rst  luby best  vmt    85   21K    2837 17487  1646    3.96    3.79    98    72   20K    47   44.61   44.51
c rst  luby best  vmt    86   21K    2837 17487  1646    3.96    3.79    98    72   20K    47   44.81   44.71
c rst  luby  stb  vmt    87   21K    2837 17487  1646    3.96    3.79   100    76   20K    49   44.98   44.88
c rst  luby  stb  vmt    88   21K    2837 17487  1646    3.96    3.79   100    77   20K    49   45.09   44.99
c rst  luby  stb  vmt    89   22K    2837 17487  1646    3.96    3.79   100    78   20K    50   45.18   45.08
c rst  luby  stb  vmt    90   22K    2837 17487  1646    3.96    3.79   103    78   21K    51   45.39   45.29
c rst  luby  stb  vmt    91   22K    2837 17487  1646    3.96    3.79   113    90   21K    53   45.75   45.64
c rst  luby  stb  vmt    92   22K    2837 17487  1646    3.96    3.79   114    90   21K    53   45.86   45.76
c rst  luby  stb  vmt    93   22K    2837 17487  1646    3.96    3.79   116    96   21K    53   45.87   45.76
c rst  luby  stb  vmt    94   23K    2837 17487  1646    3.96    3.79   117    98   21K    54   46.00   45.89
c rst  luby  stb  vmt    95   23K    2837 17487  1646    3.96    3.79   119   102   22K    54   46.00   45.89
c rst  luby  stb  vmt    96   23K    2837 17487  1646    3.96    3.79   120   103   22K    54   46.11   46.01
c rst  luby  stb  vmt    97   23K    2837 17487  1646    3.96    3.79   123   106   22K    54   46.19   46.08
c rst  luby  stb  vmt    98   23K    2837 17487  1646    3.96    3.79   128   112   22K    58   46.21   46.10
c rst  luby  stb  vmt    99   24K    2837 17487  1646    3.96    3.79   133   118   23K    58   46.20   46.09
c rst  luby  stb  vmt   100   26K    2837 17487  1646    3.96    3.79   152   140   25K    61   47.26   47.15
c [branch] adjusting to: vsid (from: vmtf) var_decay:0.95 descr: VSIDS
c [distill] watch-based irred--  cl tried     1576 cl-sh     0 cl-rem    4 lit-rem      0 T: 0.00 T-out: N
c [distill] watch-based   red--  cl tried      302 cl-sh     5 cl-rem    2 lit-rem      5 T: 0.00 T-out: N
c rst  geom  stb   vs   101   26K    2837 17482  1651    3.96    3.79   148   140   25K    59   47.25   47.15
c rst  geom  stb   vs   102   26K    2837 17482  1651    3.96    3.79   148   140   25K    59   47.19   47.09
c rst  geom  stb   vs   103   26K    2837 17482  1651    3.96    3.79   148   140   25K    59   47.11   47.01
c rst  geom  stb   vs   104   26K    2837 17482  1651    3.96    3.79   148   140   25K    59   47.05   46.95
c rst  geom  stb   vs   105   26K    2837 17482  1651    3.96    3.79   148   140   25K    59   47.04   46.94
c rst  geom ibes   vs   106   27K    2837 17482  1651    3.96    3.79   148   140   25K    59   46.97   46.87
c rst  geom ibes   vs   107   27K    2837 17482  1651    3.96    3.79   148   140   26K    59   46.74   46.64
c rst  geom ibes   vs   108   27K    2837 17482  1651    3.96    3.79   148   140   26K    59   46.51   46.41
c rst  geom ibes   vs   109   27K    2837 17482  1651    3.96    3.79   148   140   26K    59   46.26   46.17
c rst  geom ibes   vs   110   28K    2837 17482  1651    3.96    3.79   148   140   26K    59   45.99   45.89
c rst  geom ibes   vs   111   28K    2837 17482  1651    3.96    3.79   148   140   27K    59   45.72   45.62
c rst  geom ibes   vs   112   28K    2837 17482  1651    3.96    3.79   148   140   27K    59   45.40   45.30
c rst  geom ibes   vs   113   28K    2837 17482  1651    3.96    3.79   148   140   27K    59   45.22   45.13
c rst  geom ibes   vs   114   29K    2837 17482  1651    3.96    3.79   148   140   28K    59   44.91   44.83
c rst  geom ibes   vs   115   29K    2837 17482  1651    3.96    3.79   148   140   28K    60   44.54   44.45
c rst  geom ibes   vs   116   30K    2837 17482  1651    3.96    3.79   232   290   24K    60   40.86   40.77
c rst  geom ibes   vs   117   30K    2837 17482  1651    3.96    3.79   232   290   24K    60   40.44   40.35
c rst  geom ibes   vs   118   31K    2837 17482  1651    3.96    3.79   232   290   25K    60   40.00   39.91
c rst  geom ibes   vs   119   31K    2837 17482  1651    3.96    3.79   232   290   25K    60   39.52   39.44
c rst  geom ibes   vs   120   32K    2837 17482  1651    3.96    3.79   232   290   26K    60   39.32   39.24
c [distill-bin] useful: 0/1651/1651 lits-rem: 0 cl-rem: 0 0-depth-assigns: 0 T: 0.01 T-out: N
c rst  geom  svd   vs   121   33K    2837 17482  1651    3.96    3.79   232   290   27K    60   39.02   38.94
c rst  geom  svd   vs   122   34K    2837 17482  1651    3.96    3.79   232   290   28K    60   38.83   38.75
c [branch] adjusting to: vmtf (from: vsid) var_decay:0.95 descr: VMTF
c rst  luby  svd  vmt   123   34K    2837 17482  1651    3.96    3.79   232   293   28K    60   38.99   38.91
c rst  luby  svd  vmt   124   34K    2837 17482  1651    3.96    3.79   233   309   28K    63   39.04   38.96
c rst  luby  svd  vmt   125   34K    2837 17482  1651    3.96    3.79   237   324   28K    64   39.23   39.15
c rst  luby  svd  vmt   126   34K    2837 17482  1651    3.96    3.79   237   325   28K    64   39.19   39.11
c rst  luby  svd  vmt   127   34K    2837 17482  1651    3.96    3.79   239   332   28K    64   39.23   39.15
c rst  luby  svd  vmt   128   34K    2837 17482  1651    3.96    3.79   241   339   28K    64   39.42   39.34
c rst  luby  svd  vmt   129   35K    2837 17482  1651    3.96    3.79   244   358   29K    64   39.65   39.57
c rst  luby  svd  vmt   130   35K    2837 17482  1651    3.96    3.79   245   360   29K    64   39.77   39.69
c rst  luby  svd  vmt   131   35K    2837 17482  1651    3.96    3.79   247   370   29K    64   39.80   39.72
c rst  luby  svd  vmt   132   35K    2837 17482  1651    3.96    3.79   250   386   29K    64   39.92   39.84
c rst  luby  svd  vmt   133   35K    2837 17482  1651    3.96    3.79   250   390   29K    64   39.95   39.87
c [distill-long-red0] cls tried: 157/157 T: 0.01 T-out: N T-r: 99.80%
c [distill-long-red1] cls tried: 51/346 T: 0.01 T-out: Y T-r: -8.73%
c rst  luby  svd  vmt   134   35K    2837 17482  1651    3.96    3.79   245   391   29K    69   39.98   39.90
c rst  luby  svd  vmt   135   36K    2837 17482  1651    3.96    3.79   251   399   30K    69   40.31   40.22
c rst  luby  svd  vmt   136   36K    2837 17482  1651    3.96    3.79   254   425   30K    71   40.78   40.69
c rst  luby  svd  vmt   137   37K    2837 17482  1651    3.96    3.79   262   439   31K    74   41.57   41.48
c rst  luby  svd  vmt   138   37K    2837 17482  1651    3.96    3.79   263   443   31K    75   41.61   41.52
c rst  luby  svd  vmt   139   37K    2837 17482  1651    3.96    3.79   266   446   31K    75   41.66   41.57
c rst  luby  svd  vmt   140   37K    2837 17482  1651    3.96    3.79   272   459   31K    75   41.72   41.63
c rst  luby  svd  vmt   141   37K    2837 17482  1651    3.96    3.79   272   464   31K    75   41.86   41.76
c rst  luby  svd  vmt   142   37K    2837 17482  1651    3.96    3.79   275   467   31K    75   41.88   41.78
c rst  luby  svd  vmt   143   38K    2837 17482  1651    3.96    3.79   275   482   31K    75   41.85   41.76
c rst  geom best  vmt   144   38K    2837 17482  1651    3.96    3.79   275   483   32K    75   41.95   41.86
c rst  geom best  vmt   145   38K    2837 17482  1651    3.96    3.79   275   486   32K    75   41.99   41.90
c rst  geom best  vmt   146   38K    2837 17482  1651    3.96    3.79   277   487   32K    75   42.05   41.96
c rst  geom best  vmt   147   38K    2837 17482  1651    3.96    3.79   281   488   32K    75   42.22   42.13
c rst  geom best  vmt   148   38K    2837 17482  1651    3.96    3.79   283   501   32K    76   42.23   42.14
c rst  geom best  vmt   149   38K    2837 17482  1651    3.96    3.79   287   504   32K    76   42.30   42.21
c rst  geom best  vmt   150   39K    2837 17482  1651    3.96    3.79   290   506   32K    77   42.43   42.34
c rst  geom best  vmt   151   39K    2837 17482  1651    3.96    3.79   291   507   33K    77   42.84   42.75
c rst  geom best  vmt   152   39K    2837 17482  1651    3.96    3.79   292   511   33K    77   43.02   42.93
c rst  geom best  vmt   153   39K    2837 17482  1651    3.96    3.79   293   516   33K    78   43.11   43.02
c rst  geom best  vmt   154   40K    2837 17482  1651    3.96    3.79   426   389   33K    78   43.37   43.27
c [full-probe]  bin_only: 0 set: 0 repl: 0 T: 0.01 T-out: N T-r: 97.61%
c [impl-str] lit bin: 0 set-var: 0 T: 0.00 T-out: N T-r: 99.95% w-visit: 5678
c [impl-sub] bin: 25 T: 0.00 T-out: N w-visit: 5678
c rst  geom best  vmt   155   40K    2837 17482  1651    3.96    3.79   426   391   34K    53   43.59   43.53
c rst  geom best  vmt   156   40K    2837 17482  1651    3.96    3.79   430   423   34K    53   43.61   43.54
c rst  geom best  vmt   157   41K    2837 17482  1651    3.96    3.79   432   443   34K    53   43.75   43.69
c rst  geom best  vmt   158   41K    2837 17482  1651    3.96    3.79   438   447   35K    55   44.07   44.01
c rst  geom best  vmt   159   41K    2837 17482  1651    3.96    3.79   442   467   35K    58   44.31   44.24
c rst  geom best  vmt   160   42K    2837 17482  1651    3.96    3.79   451   483   36K    58   44.44   44.37
c [branch] adjusting to: vsid (from: vmtf) var_decay:0.95 descr: VSIDS
c rst  geom best   vs   161   42K    2837 17482  1651    3.96    3.79   451   483   36K    58   44.37   44.30
c rst  geom best   vs   162   42K    2837 17482  1651    3.96    3.79   451   483   36K    58   44.30   44.23
c rst  geom best   vs   163   42K    2837 17482  1651    3.96    3.79   453   483   36K    58   44.25   44.18
c rst  geom best   vs   164   42K    2837 17482  1651    3.96    3.79   453   483   36K    58   44.17   44.11
c rst  geom best   vs   165   43K    2837 17482  1651    3.96    3.79   453   483   36K    58   44.08   44.02
c rst  geom best   vs   166   43K    2837 17482  1651    3.96    3.79   453   483   37K    58   43.99   43.92
c rst  geom best   vs   167   43K    2837 17482  1651    3.96    3.79   453   483   37K    58   43.92   43.85
c rst  geom  stb   vs   168   43K    2837 17482  1651    3.96    3.79   454   483   37K    58   43.89   43.83
c rst  geom  stb   vs   169   43K    2837 17482  1651    3.96    3.79   454   483   37K    58   43.82   43.75
c rst  geom  stb   vs   170   44K    2837 17482  1651    3.96    3.79   454   483   38K    58   43.70   43.64
c [ccnr] tries: 0 steps: 262143 best found: 14
c [ccnr] tries: 0 steps: 524287 best found: 12
c [ccnr] tries: 0 steps: 786431 best found: 12
c [ccnr] saving best assignment phase to stable_polar
c [ccnr] bumping based on clause weights
c [ccnr] Bumped vars: 102 bump type: 6
c [ccnr] time: 0.60
c rst  geom  stb   vs   171   44K    2837 17482  1651    3.96    3.79   454   483   38K    58   43.70   43.64
c rst  geom  stb   vs   172   44K    2837 17482  1651    3.96    3.79   454   483   38K    58   43.62   43.56
c rst  geom  stb   vs   173   45K    2837 17482  1651    3.96    3.79   479  1075   31K    58   47.01   46.93
c rst  geom  stb   vs   174   45K    2837 17482  1651    3.96    3.79   479  1075   31K    58   46.96   46.88
c rst  geom  stb   vs   175   45K    2837 17482  1651    3.96    3.79   479  1075   31K    58   46.90   46.83
c rst  geom  stb   vs   176   46K    2837 17482  1651    3.96    3.79   479  1076   32K    58   46.64   46.56
c rst  geom  stb   vs   177   46K    2837 17482  1651    3.96    3.79   479  1078   32K    58   46.52   46.44
c rst  geom  stb   vs   178   47K    2837 17482  1651    3.96    3.79   479  1079   33K    58   46.47   46.40
c rst  geom  stb   vs   179   48K    2837 17482  1651    3.96    3.79   479  1079   33K    58   46.32   46.24
c rst  geom  stb   vs   180   48K    2837 17482  1651    3.96    3.79   480  1079   34K    58   46.24   46.17
c rst  geom  stb   vs   181   49K    2837 17482  1651    3.96    3.79   481  1079   35K    58   46.03   45.96
c rst  geom ibes   vs   182   50K    2837 17482  1651    3.96    3.79   534  1026   36K    58   45.47   45.40
c [gauss] XOR-encoding clauses are not detached, so no need to reattach them.
c [g 0] truth-find prop checks  : 800K
c [g 0] -> of which prop        : 39.20 %
c [g 0] -> of which confl       :  3.51 %
c [g 0] elim called             : 145K
c [g 0] ---> which lead to prop : 11.47 %
c [g 0] ---> which lead to confl:  0.79 %
c [g 0] size: 50    x 765  
c [scc] new: 7 BP 0M T: 0.00
c [vrep] vars 7 lits 20901 rem-bin-cls 32 rem-long-cls 1 BP 0M T: 0.03
c [scc] new: 0 BP 0M T: 0.00
c [vrep] vars 0 lits 0 rem-bin-cls 0 rem-long-cls 0 BP 0M T: 0.00
c [intree] Set 0 vars hyper-added: 788 trans-irred: 0 trans-red: 49 T: 0.01 T-out: N T-r: -0.85%
c [find&init matx] performing matrix init
c [gauss] XOR-encoding clauses are not detached, so no need to reattach them.
c [xor-rem-unconnected] left with 50 xors from 50 non-empty xors T: 0.00
c [xor-together] xored together: 0 orig xors: 50 new xors: 50 T: 0.00
c [xor-rem-unconnected] left with 50 xors from 50 non-empty xors T: 0.00
c [xor-clean-equiv] removed equivalent xors: 0 left with: 50
c [matrix] unused xors from cleaning: 0
c [matrix] Good   matrix 0 50      x760    density:0.1113  xorlen avg: 84.56
c [matrix] Using 1 matrices recovered from 0 xors T: 0.00 T-out: N
c rst  geom ibes vs   183   51  K 2830    17481  1638 3.96    3.80      535  1026   36K   792 44.84   43.98  
c [distill-long-red0] cls tried: 287/287 T: 0.03 T-out: N T-r: 99.17%
c [distill-long-red1] cls tried: 20/934 T: 0.01 T-out: Y T-r: -4.80%
c rst  geom ibes vs   184   52  K 2830    17481  1638 3.96    3.80      531  1026   37K   797 44.13   43.30  
c [distill] watch-based irred--  cl tried 1570     cl-sh 1     cl-rem 0    lit-rem 1      T: 0.00 T-out: N
c [distill] watch-based red  --  cl tried 1059     cl-sh 29    cl-rem 4    lit-rem 41     T: 0.00 T-out: N
c rst  geom ibes vs   185   53  K 2830    17480  1639 3.96    3.80      527  1026   38K   797 43.61   42.80  
c [branch] adjusting to: vmtf (from: vsid) var_decay:0.95 descr: VMTF
c [distill-bin] useful: 0/1133/1639 lits-rem: 0 cl-rem: 0 0-depth-assigns: 0 T: 0.01 T-out: Y
c rst  luby ibes vmt  186   53  K 2830    17480  1639 3.96    3.80      528  1036   39K   797 43.58   42.78  
c rst  luby ibes vmt  187   53  K 2830    17480  1639 3.96    3.80      528  1036   39K   797 43.56   42.76  
c rst  luby ibes vmt  188   53  K 2830    17480  1639 3.96    3.80      528  1036   39K   797 43.49   42.70  
c rst  luby ibes vmt  189   53  K 2830    17480  1639 3.96    3.80      528  1036   39K   797 43.42   42.63  
c rst  luby ibes vmt  190   53  K 2830    17480  1639 3.96    3.80      528  1036   39K   797 43.36   42.57  
c rst  luby ibes vmt  191   53  K 2830    17480  1639 3.96    3.80      528  1036   39K   797 43.25   42.47  
c rst  luby ibes vmt  192   54  K 2830    17480  1639 3.96    3.80      528  1036   40K   797 43.05   42.28  
c rst  luby ibes vmt  193   54  K 2830    17480  1639 3.96    3.80      528  1036   40K   797 43.00   42.23  
c rst  luby ibes vmt  194   54  K 2830    17480  1639 3.96    3.80      528  1036   40K   797 42.93   42.17  
c rst  luby ibes vmt  195   54  K 2830    17480  1639 3.96    3.80      528  1036   40K   797 42.81   42.05  
c rst  luby ibes vmt  196   54  K 2830    17480  1639 3.96    3.80      528  1036   40K   797 42.81   42.06  
c rst  luby ibes vmt  197   54  K 2830    17480  1639 3.96    3.80      528  1036   40K   797 42.75   42.00  
c rst  luby ibes vmt  198   55  K 2830    17480  1639 3.96    3.80      528  1036   40K   797 42.64   41.90  
c rst  luby svd  vmt  199   55  K 2830    17480  1639 3.96    3.80      528  1036   41K   797 42.46   41.72  
c rst  luby svd  vmt  200   56  K 2830    17480  1639 3.96    3.80      528  1036   41K   797 42.36   41.63  
c recursive minimization cost OK: 285Kcost/(% lits removed)
c [gauss] XOR-encoding clauses are not detached, so no need to reattach them.
c [g 0] truth-find prop checks  : 41K
c [g 0] -> of which prop        : 75.09 %
c [g 0] -> of which confl       :  5.15 %
c [g 0] elim called             : 1989
c [g 0] ---> which lead to prop : 12.92 %
c [g 0] ---> which lead to confl:  0.96 %
c [g 0] size: 50    x 760  
c --> Executing strategy token: scc-vrepl
c [scc] new: 3 BP 0M T: 0.00
c [vrep] vars 3 lits 6720 rem-bin-cls 12 rem-long-cls 8 BP 0M T: 0.01
c --> Executing strategy token: sub-impl
c [impl-sub] bin: 7 T: 0.00 T-out: N w-visit: 5678
c --> Executing strategy token: breakid
c --> Executing OCC strategy token(s): 'occ-backw-sub-str,occ-clean-implicit,occ-bve,occ-bva,occ-ternary-res,occ-xor,'
c [occ] mem usage for occur 1      MB
c [occ] Linked in IRRED BIN by default: 1634
c [occ] Linked in RED   BIN by default: 789
c [occ] mem usage for occur 0      MB
c Mem for watch alloc      : 3           MB (16.96     %)
c Mem for watch array      : 0           MB (0.80      %)
c --> Executing OCC strategy token: occ-backw-sub-str
c [occ-backw-sub-str-long-w-bins] subs: 1 str: 0 tried: 2423 0-depth ass: 0 T: 0.00 T-out: N T-r: 99.39%
c [occ-backw-sub-long-w-long] rem cl: 41 tried: 60892/60892 (100.0%) T: 0.01 T-out: N T-r: 96.38%
c [occ-backw-sub-str-long-w-long] sub: 0 str: 2 tried: 182676/60892 (300.0)  T: 0.06 T-out: N T-r: 88.42%
c --> Executing OCC strategy token: occ-clean-implicit
c --> Executing OCC strategy token: occ-bve
c [occ-empty-res] Empty resolvent elimed: 0 T: 0.00 T-out: N
c [occ-bve] iter v-elim 13
c cl_inc_rate=1.0, var_dec_rate=1.0 (grow=0)
c Reduced to 2814 vars, 19102 cls (grow=0)
c [occ-bve] iter v-elim 287
c cl_inc_rate=1.1, var_dec_rate=1.1 (grow=8)
c Reduced to 2527 vars, 20322 cls (grow=8)
c x n vars       : 2527
c #try to eliminate:  5946
c #var-elim        :   300
c #T-o: N
c #T-r: 99.99%
c #T  : 0.09
c [occur] 0.03 is overhead
c [occur] link-in T: 0.03 cleanup T: 0.00
c --> Executing OCC strategy token: occ-bva
c --> Executing OCC strategy token: occ-ternary-res
c [occ-ternary-res] Ternary res-tri: 48 res-bin: 0 sub: 2 str: 0 T: 0.00 T-out: N T-r: 99.38%
c --> Executing OCC strategy token: occ-xor
c [occ-xor] sort occur list T: 0.00
c [xor-clean-equiv] removed equivalent xors: 0 left with: 1935
c [occ-xor] found   1935 avg sz 4.0 min sz  4 max sz  5 T: 0.01 T-out: N T-r: 99.98%
c --> Executing strategy token: card-find
c --> Executing strategy token: cl-consolidate
c [mem] consolidate  old-sz: 10695K new-sz: 5077K new bits offs: 20 T: 0.00
c --> Executing strategy token: scc-vrepl
c [scc] new: 0 BP 0M T: 0.00
c --> Executing strategy token: renumber
c --> Executing strategy token: bosphorus
c --> Executing strategy token: louvain-comms
c [consolidate] mini T: 0.00
c global_timeout_multiplier: 3.3000
c [branch] rebuilding order heap for all branchings. Current branching: vmtf
c [find&init matx] performing matrix init
c [gauss] XOR-encoding clauses are not detached, so no need to reattach them.
c [xor-rem-unconnected] left with 1935 xors from 1935 non-empty xors T: 0.00
c [xor-together] xored together: 1889 orig xors: 1935 new xors: 46 T: 0.00
c [xor-rem-unconnected] left with 46 xors from 46 non-empty xors T: 0.00
c [xor-clean-equiv] removed equivalent xors: 0 left with: 46
c [matrix] unused xors from cleaning: 0
c [matrix] Good   matrix  0     46 x  455  density:0.1895  xorlen avg: 86.24
c [matrix] Using 1 matrices recovered from 0 xors T: 0.00 T-out: N
c rst  luby  svd  vmt   201   56K    2527 19418   904    4.11    4.01    90   100   28K   108   30.02   29.91
c rst  luby  svd  vmt   202   56K    2527 19418   904    4.11    4.01    90   100   28K   108   30.04   29.93
c rst  luby  svd  vmt   203   56K    2527 19418   904    4.11    4.01    90   100   28K   108   30.07   29.96
c rst  luby  svd  vmt   204   56K    2527 19418   904    4.11    4.01    90   100   28K   108   30.03   29.92
c rst  luby  svd  vmt   205   56K    2527 19418   904    4.11    4.01    90   100   29K   108   30.00   29.89
c rst  luby  svd  vmt   206   56K    2527 19418   904    4.11    4.01    90   100   29K   108   29.98   29.87
c rst  luby  svd  vmt   207   57K    2527 19418   904    4.11    4.01    90   100   29K   108   29.98   29.88
c rst  luby  svd  vmt   208   57K    2527 19418   904    4.11    4.01    90   100   29K   108   30.07   29.97
c rst  luby  svd  vmt   209   57K    2527 19418   904    4.11    4.01    90   100   29K   108   30.10   30.00
c rst  luby  svd  vmt   210   57K    2527 19418   904    4.11    4.01    90   100   29K   108   30.09   29.98
c rst  luby  svd  vmt   211   57K    2527 19418   904    4.11    4.01    90   100   30K   108   30.10   30.00
c rst  luby  svd  vmt   212   58K    2527 19418   904    4.11    4.01    90   100   30K   108   30.08   29.98
c rst  luby  svd  vmt   213   58K    2527 19418   904    4.11    4.01    90   100   30K   108   30.05   29.95
c rst  luby  svd  vmt   214   58K    2527 19418   904    4.11    4.01    90   100   30K   108   30.02   29.92
c rst  luby  svd  vmt   215   58K    2527 19418   904    4.11    4.01    90   100   30K   108   29.98   29.88
c rst  luby  svd  vmt   216   59K    2527 19418   904    4.11    4.01    90   100   31K   108   29.91   29.82
c rst  luby  svd  vmt   217   61K    2527 19418   904    4.11    4.01    90   100   27K   108   27.99   27.89
c [full-probe]  bin_only: 1 set: 0 repl: 0 T: 0.01 T-out: N T-r: 99.83%
c rst  geom best  vmt   218   61K    2527 19418   904    4.11    4.01    90   100   27K   108   28.03   27.93
c rst  geom best  vmt   219   61K    2527 19418   904    4.11    4.01    90   100   28K   108   28.01   27.91
c rst  geom best  vmt   220   61K    2527 19418   904    4.11    4.01    90   100   28K   108   27.99   27.89
c rst  geom best  vmt   221   61K    2527 19418   904    4.11    4.01    90   100   28K   108   27.96   27.87
c rst  geom best  vmt   222   61K    2527 19418   904    4.11    4.01    90   100   28K   108   27.94   27.84
c rst  geom best  vmt   223   62K    2527 19418   904    4.11    4.01    91   100   28K   108   27.97   27.87
c rst  geom best  vmt   224   62K    2527 19418   904    4.11    4.01    91   100   28K   108   28.00   27.90
c rst  geom best  vmt   225   62K    2527 19418   904    4.11    4.01    91   100   29K   108   28.08   27.99
c rst  geom best  vmt   226   62K    2527 19418   904    4.11    4.01    91   100   29K   108   28.13   28.03
c rst  geom best  vmt   227   62K    2527 19418   904    4.11    4.01    91   100   29K   108   28.06   27.97
c [branch] adjusting to: vsid (from: vmtf) var_decay:0.95 descr: VSIDS
c rst  geom best   vs   228   63K    2527 19418   904    4.11    4.01    91   100   29K   108   28.10   28.01
c rst  geom best   vs   229   63K    2527 19418   904    4.11    4.01    91   100   29K   108   28.12   28.03
c rst  geom best   vs   230   63K    2527 19418   904    4.11    4.01    91   100   29K   108   28.10   28.01
c rst  geom best   vs   231   63K    2527 19418   904    4.11    4.01    91   100   30K   108   28.10   28.01
c rst  geom best   vs   232   63K    2527 19418   904    4.11    4.01    91   100   30K   108   28.13   28.03
c rst  geom best   vs   233   63K    2527 19418   904    4.11    4.01    91   100   30K   108   28.10   28.01
c rst  geom best   vs   234   63K    2527 19418   904    4.11    4.01    91   100   30K   108   28.12   28.03
c rst  geom best   vs   235   64K    2527 19418   904    4.11    4.01    91   100   30K   108   28.14   28.05
c rst  geom best   vs   236   64K    2527 19418   904    4.11    4.01    91   100   31K   108   28.13   28.04
c rst  geom best   vs   237   64K    2527 19418   904    4.11    4.01    91   100   31K   108   28.14   28.05
c rst  geom best   vs   238   64K    2527 19418   904    4.11    4.01    91   100   31K   108   28.10   28.01
c rst  geom best   vs   239   65K    2527 19418   904    4.11    4.01    91   100   31K   108   28.06   27.98
c rst  geom best   vs   240   65K    2527 19418   904    4.11    4.01    91   100   32K   108   27.97   27.89
c rst  geom best   vs   241   65K    2527 19418   904    4.11    4.01    91   100   32K   108   27.87   27.79
c rst  geom best   vs   242   66K    2527 19418   904    4.11    4.01    91   100   33K   108   27.80   27.71
c [distill-long-red0] cls tried: 2/2 T: 0.00 T-out: N T-r: 99.98%
c [distill-long-red1] cls tried: 23/23 T: 0.00 T-out: N T-r: 80.37%
c rst  geom best   vs   243   66K    2527 19418   904    4.11    4.01    91   100   33K   108   27.87   27.79
c rst  geom  stb   vs   244   67K    2527 19418   904    4.11    4.01    91   100   34K   108   27.94   27.86
c rst  geom  stb   vs   245   67K    2527 19418   904    4.11    4.01    91   100   34K   108   28.01   27.93
c rst  geom  stb   vs   246   68K    2527 19418   904    4.11    4.01    91   100   35K   108   28.10   28.02
c rst  geom  stb   vs   247   69K    2527 19418   904    4.11    4.01    91   100   35K   108   28.12   28.04
c rst  geom  stb   vs   248   69K    2527 19418   904    4.11    4.01    91   100   36K   108   28.11   28.03
c rst  geom  stb   vs   249   70K    2527 19418   904    4.11    4.01    91   100   37K   108   28.01   27.94
c rst  geom  stb   vs   250   71K    2527 19418   904    4.11    4.01    91   100   38K   108   27.92   27.85
c rst  geom  stb   vs   251   72K    2527 19418   904    4.11    4.01    91   100   39K   108   28.07   28.00
c rst  geom  stb   vs   252   73K    2527 19418   904    4.11    4.01    91   100   40K   109   28.07   28.00
c [distill-bin] useful: 2/904/904 lits-rem: 0 cl-rem: 2 0-depth-assigns: 0 T: 0.01 T-out: N
c rst  geom ibes   vs   253   74K    2527 19418   902    4.11    4.01    91   100   41K   109   28.06   27.99
c rst  geom ibes   vs   254   75K    2527 19418   902    4.11    4.01    91   101   33K   109   28.78   28.70
c [branch] adjusting to: vmtf (from: vsid) var_decay:0.95 descr: VMTF
c rst  luby ibes  vmt   255   76K    2527 19418   902    4.11    4.01    91   101   34K   109   28.80   28.72
c rst  luby ibes  vmt   256   76K    2527 19418   902    4.11    4.01    91   101   34K   109   28.82   28.73
c rst  luby ibes  vmt   257   76K    2527 19418   902    4.11    4.01    91   101   34K   109   28.82   28.74
c rst  luby ibes  vmt   258   76K    2527 19418   902    4.11    4.01    91   101   34K   109   28.81   28.72
c rst  luby ibes  vmt   259   76K    2527 19418   902    4.11    4.01    91   101   34K   109   28.77   28.68
c rst  luby ibes  vmt   260   76K    2527 19418   902    4.11    4.01    91   101   34K   109   28.68   28.60
c rst  luby ibes  vmt   261   77K    2527 19418   902    4.11    4.01    91   101   35K   109   28.52   28.44
c [distill] watch-based irred--  cl tried     7626 cl-sh   158 cl-rem  170 lit-rem    167 T: 0.00 T-out: N
c [distill] watch-based   red--  cl tried      180 cl-sh     0 cl-rem    2 lit-rem      0 T: 0.00 T-out: N
c rst  luby ibes  vmt   262   77K    2527 19247   917    4.10    4.00    89   101   35K    95   28.48   28.41
c rst  luby ibes  vmt   263   77K    2527 19247   917    4.10    4.00    89   101   35K    95   28.44   28.37
c rst  luby ibes  vmt   264   77K    2527 19247   917    4.10    4.00    89   101   35K    95   28.36   28.29
c rst  luby ibes  vmt   265   77K    2527 19247   917    4.10    4.00    89   101   35K    95   28.32   28.25
c rst  luby ibes  vmt   266   77K    2527 19247   917    4.10    4.00    89   101   35K    95   28.28   28.21
c rst  luby ibes  vmt   267   77K    2527 19247   917    4.10    4.00    89   101   36K    95   28.20   28.13
c rst  luby ibes  vmt   268   78K    2527 19247   917    4.10    4.00    89   101   36K    95   28.04   27.97
c rst  luby ibes  vmt   269   79K    2527 19247   917    4.10    4.00    89   101   37K    95   27.77   27.71
c rst  luby ibes  vmt   270   79K    2527 19247   917    4.10    4.00    89   101   37K    95   27.74   27.68
c rst  luby ibes  vmt   271   79K    2527 19247   917    4.10    4.00    89   101   37K    95   27.71   27.65
c rst  luby  svd  vmt   272   79K    2527 19247   917    4.10    4.00    89   101   37K    95   27.72   27.66
c rst  luby  svd  vmt   273   79K    2527 19247   917    4.10    4.00    89   101   37K    95   27.72   27.65
c rst  luby  svd  vmt   274   79K    2527 19247   917    4.10    4.00    89   101   37K    95   27.70   27.64
c rst  luby  svd  vmt   275   79K    2527 19247   917    4.10    4.00    89   101   38K    95   27.67   27.61
c rst  luby  svd  vmt   276   80K    2527 19247   917    4.10    4.00    89    85   38K    95   27.59   27.53
c rst  luby  svd  vmt   277   80K    2527 19247   917    4.10    4.00    89    85   38K    95   27.57   27.51
c rst  luby  svd  vmt   278   80K    2527 19247   917    4.10    4.00    89    85   38K    95   27.55   27.48
c rst  luby  svd  vmt   279   80K    2527 19247   917    4.10    4.00    89    85   38K    95   27.50   27.44
c rst  luby  svd  vmt   280   80K    2527 19247   917    4.10    4.00    89    85   38K    95   27.50   27.44
c rst  luby  svd  vmt   281   81K    2527 19247   917    4.10    4.00    89    85   39K    95   27.48   27.42
c rst  luby  svd  vmt   282   81K    2527 19247   917    4.10    4.00    89    85   39K    95   27.45   27.39
c [full-probe]  bin_only: 0 set: 0 repl: 0 T: 0.01 T-out: N T-r: 97.94%
c rst  luby  svd  vmt   283   81K    2527 19247   917    4.10    4.00    89    85   39K    97   27.47   27.41
c [distill-long-red0] cls tried: 0/0 T: 0.00 T-out: N T-r: 100.00%
c [distill-long-red1] cls tried: 1/1 T: 0.00 T-out: N T-r: 92.95%
c rst  luby  svd  vmt   284   82K    2527 19247   917    4.10    4.00    89    85   40K    97   27.40   27.34
c rst  luby  svd  vmt   285   84K    2527 19247   917    4.10    4.00    89    85   42K    97   27.19   27.13
c rst  luby  svd  vmt   286   84K    2527 19247   917    4.10    4.00    89    85   42K    97   27.18   27.12
c rst  luby  svd  vmt   287   84K    2527 19247   917    4.10    4.00    89    85   42K    97   27.18   27.12
c rst  luby  svd  vmt   288   84K    2527 19247   917    4.10    4.00    89    85   42K    97   27.17   27.11
c rst  luby  svd  vmt   289   84K    2527 19247   917    4.10    4.00    89    85   42K    97   27.16   27.10
c rst  luby  svd  vmt   290   84K    2527 19247   917    4.10    4.00    89    85   42K    97   27.15   27.09
c rst  luby  svd  vmt   291   84K    2527 19247   917    4.10    4.00    89    85   42K    97   27.17   27.11
c rst  luby  svd  vmt   292   85K    2527 19247   917    4.10    4.00    89    85   43K    97   27.32   27.26
c rst  luby  svd  vmt   293   85K    2527 19247   917    4.10    4.00    89    85   43K    97   27.33   27.27
c rst  geom best  vmt   294   85K    2527 19247   917    4.10    4.00    89    85   43K    97   27.33   27.28
c rst  geom best  vmt   295   85K    2527 19247   917    4.10    4.00    89    85   43K    97   27.31   27.26
c rst  geom best  vmt   296   85K    2527 19247   917    4.10    4.00    89    85   43K    97   27.29   27.23
c rst  geom best  vmt   297   85K    2527 19247   917    4.10    4.00    89    85   43K    97   27.26   27.20
c rst  geom best  vmt   298   86K    2527 19247   917    4.10    4.00    89    85   44K    97   27.22   27.17
c rst  geom best  vmt   299   86K    2527 19247   917    4.10    4.00    89    85   44K    97   27.19   27.14
c rst  geom best  vmt   300   86K    2527 19247   917    4.10    4.00    89    85   44K    97   27.15   27.10
c rst  geom best  vmt   301   86K    2527 19247   917    4.10    4.00    89    85   44K    97   27.14   27.08
c rst  geom best  vmt   302   86K    2527 19247   917    4.10    4.00    89    85   44K    97   27.13   27.07
c rst  geom best  vmt   303   87K    2527 19247   917    4.10    4.00    89    85   45K    97   27.13   27.07
c rst  geom best  vmt   304   87K    2527 19247   917    4.10    4.00    89    85   45K    97   27.15   27.10
c rst  geom best  vmt   305   87K    2527 19247   917    4.10    4.00    89    85   45K    97   27.12   27.06
c [branch] adjusting to: vsid (from: vmtf) var_decay:0.95 descr: VSIDS
c rst  geom best   vs   306   87K    2527 19247   917    4.10    4.00    89    85   45K    97   27.13   27.08
c rst  geom best   vs   307   87K    2527 19247   917    4.10    4.00    89    85   45K    97   27.14   27.08
c rst  geom best   vs   308   88K    2527 19247   917    4.10    4.00    89    85   46K    97   27.12   27.07
c rst  geom best   vs   309   88K    2527 19247   917    4.10    4.00    89    85   46K    97   27.10   27.05
c rst  geom best   vs   310   88K    2527 19247   917    4.10    4.00    89    85   46K    97   27.11   27.06
c [ccnr] tries: 0 steps: 262143 best found: 16
c [ccnr] tries: 0 steps: 524287 best found: 15
c [ccnr] saving best assignment phase to stable_polar
c [ccnr] bumping based on var unsat frequency: conflict_ct
c [ccnr] Bumped vars: 2839 bump type: 6
c [ccnr] time: 0.54
c rst  geom best   vs   311   88K    2527 19247   917    4.10    4.00    89    85   46K    97   27.07   27.02
c rst  geom best   vs   312   88K    2527 19247   917    4.10    4.00    89    85   46K    97   27.04   26.99
c rst  geom best   vs   313   88K    2527 19247   917    4.10    4.00    89    85   46K    97   27.00   26.95
c rst  geom best   vs   314   89K    2527 19247   917    4.10    4.00    89    85   47K    97   26.97   26.92
c rst  geom best   vs   315   89K    2527 19247   917    4.10    4.00    89    85   47K    97   26.99   26.94
c rst  geom best   vs   316   89K    2527 19247   917    4.10    4.00    89    85   47K    97   27.01   26.96
c rst  geom best   vs   317   90K    2527 19247   917    4.10    4.00    89    86   35K    97   25.99   25.92
c rst  geom best   vs   318   90K    2527 19247   917    4.10    4.00    89    86   36K    97   26.07   26.01
c rst  geom best   vs   319   90K    2527 19247   917    4.10    4.00    89    86   36K    97   26.04   25.98
c rst  geom best   vs   320   91K    2527 19247   917    4.10    4.00    89    86   36K    97   26.10   26.04
c rst  geom best   vs   321   91K    2527 19247   917    4.10    4.00    89    86   37K    97   26.08   26.02
c rst  geom  stb   vs   322   92K    2527 19247   917    4.10    4.00    89    86   37K    97   26.10   26.04
c rst  geom  stb   vs   323   92K    2527 19247   917    4.10    4.00    89    86   38K    97   26.10   26.04
c rst  geom  stb   vs   324   93K    2527 19247   917    4.10    4.00    89    86   38K    97   26.32   26.26
c rst  geom  stb   vs   325   93K    2527 19247   917    4.10    4.00    89    86   39K    97   26.40   26.34
c [distill-bin] useful: 4/917/917 lits-rem: 0 cl-rem: 4 0-depth-assigns: 0 T: 0.01 T-out: N
c rst  geom  stb   vs   326   94K    2527 19247   913    4.10    4.00    89    86   40K    97   26.42   26.36
c rst  geom  stb   vs   327   95K    2527 19247   913    4.10    4.00    89    86   41K    97   26.50   26.44
c rst  geom  stb   vs   328   96K    2527 19247   913    4.10    4.00    89    86   41K    97   26.74   26.69
c rst  geom  stb   vs   329   97K    2527 19247   913    4.10    4.00    89    86   42K    97   26.86   26.81
c [distill-long-red0] cls tried: 0/0 T: 0.00 T-out: N T-r: 100.00%
c [distill-long-red1] cls tried: 1/1 T: 0.00 T-out: N T-r: 90.26%
c rst  geom  stb   vs   330   98K    2527 19247   913    4.10    4.00    89    86   43K    97   27.42   27.37
c rst  geom ibes   vs   331   99K    2527 19247   913    4.10    4.00    89    86   45K    97   27.26   27.21
c rst  geom ibes   vs   332  100K    2527 19247   913    4.10    4.00    89    79   46K    97   27.67   27.62
c [impl-str] lit bin: 0 set-var: 0 T: 0.00 T-out: N T-r: 99.95% w-visit: 5678
c [impl-sub] bin: 1 T: 0.00 T-out: N w-visit: 5678
c rst  geom ibes   vs   333  102K    2527 19247   913    4.10    4.00    89    79   47K    96   27.78   27.73
c [branch] adjusting to: vmtf (from: vsid) var_decay:0.95 descr: VMTF
c [full-probe]  bin_only: 1 set: 0 repl: 0 T: 0.01 T-out: N T-r: 99.78%
c rst  luby ibes  vmt   334  102K    2527 19247   913    4.10    4.00   107   106   47K   101   27.88   27.83
c [distill] watch-based irred--  cl tried     7453 cl-sh     0 cl-rem    1 lit-rem      0 T: 0.00 T-out: N
c [distill] watch-based   red--  cl tried      214 cl-sh     1 cl-rem    0 lit-rem      9 T: 0.00 T-out: N
c rst  luby ibes  vmt   335  102K    2527 19246   913    4.10    4.00   112   128   47K   101   27.87   27.82
c rst  luby ibes  vmt   336  102K    2527 19246   913    4.10    4.00   112   128   48K   101   27.94   27.89
c rst  luby ibes  vmt   337  102K    2527 19246   913    4.10    4.00   112   128   48K   101   27.94   27.89
c rst  luby ibes  vmt   338  102K    2527 19246   913    4.10    4.00   112   128   48K   101   27.93   27.87
c rst  luby ibes  vmt   339  102K    2527 19246   913    4.10    4.00   112   128   48K   101   27.92   27.87
c rst  luby ibes  vmt   340  103K    2527 19246   913    4.10    4.00   112   128   48K   101   27.87   27.82
c rst  luby ibes  vmt   341  103K    2527 19246   913    4.10    4.00   112   128   49K   101   27.86   27.81
c rst  luby ibes  vmt   342  103K    2527 19246   913    4.10    4.00   112   128   49K   101   27.86   27.80
c rst  luby ibes  vmt   343  103K    2527 19246   913    4.10    4.00   112   128   49K   101   27.87   27.82
c rst  luby ibes  vmt   344  103K    2527 19246   913    4.10    4.00   112   128   49K   101   27.85   27.79
c rst  luby ibes  vmt   345  103K    2527 19246   913    4.10    4.00   112   128   49K   101   27.82   27.77
c rst  luby ibes  vmt   346  104K    2527 19246   913    4.10    4.00   112   128   49K   101   27.79   27.74
c rst  luby ibes  vmt   347  104K    2527 19246   913    4.10    4.00   112   128   50K   101   27.78   27.72
c rst  luby  svd  vmt   348  105K    2527 19246   913    4.10    4.00   115   137   37K   101   27.51   27.44
c rst  luby  svd  vmt   349  105K    2527 19246   913    4.10    4.00   115   137   37K   101   27.51   27.44
c rst  luby  svd  vmt   350  105K    2527 19246   913    4.10    4.00   115   137   37K   101   27.53   27.46
c rst  luby  svd  vmt   351  105K    2527 19246   913    4.10    4.00   115   137   37K   101   27.51   27.44
c rst  luby  svd  vmt   352  105K    2527 19246   913    4.10    4.00   115   137   37K   101   27.53   27.46
c rst  luby  svd  vmt   353  105K    2527 19246   913    4.10    4.00   115   137   37K   101   27.51   27.44
c rst  luby  svd  vmt   354  106K    2527 19246   913    4.10    4.00   115   137   37K   101   27.49   27.42
c rst  luby  svd  vmt   355  106K    2527 19246   913    4.10    4.00   115   137   38K   101   27.44   27.37
c rst  luby  svd  vmt   356  106K    2527 19246   913    4.10    4.00   115   137   38K   101   27.42   27.36
c rst  luby  svd  vmt   357  106K    2527 19246   913    4.10    4.00   115   137   38K   101   27.40   27.34
c rst  luby  svd  vmt   358  106K    2527 19246   913    4.10    4.00   115   137   38K   101   27.39   27.32
c rst  luby  svd  vmt   359  107K    2527 19246   913    4.10    4.00   115   137   38K   101   27.40   27.33
c rst  luby  svd  vmt   360  107K    2527 19246   913    4.10    4.00   115   137   38K   101   27.41   27.35
c rst  luby  svd  vmt   361  107K    2527 19246   913    4.10    4.00   115   137   39K   101   27.45   27.38
c rst  luby  svd  vmt   362  107K    2527 19246   913    4.10    4.00   115   137   39K   101   27.50   27.44
c rst  luby  svd  vmt   363  108K    2527 19246   913    4.10    4.00   115   137   40K   101   27.78   27.72
c rst  luby  svd  vmt   364  110K    2527 19246   913    4.10    4.00   141   101   41K   101   28.03   27.97
c rst  luby  svd  vmt   365  110K    2527 19246   913    4.10    4.00   141   101   42K   101   28.03   27.97
c rst  luby  svd  vmt   366  110K    2527 19246   913    4.10    4.00   141   101   42K   101   28.03   27.97
c rst  luby  svd  vmt   367  110K    2527 19246   913    4.10    4.00   141   101   42K   101   28.14   28.08
c rst  luby  svd  vmt   368  110K    2527 19246   913    4.10    4.00   141   101   42K   101   28.20   28.14
c rst  geom best  vmt   369  110K    2527 19246   913    4.10    4.00   142   102   42K   101   28.20   28.14
c rst  geom best  vmt   370  110K    2527 19246   913    4.10    4.00   142   102   42K   101   28.20   28.14
c rst  geom best  vmt   371  111K    2527 19246   913    4.10    4.00   142   102   42K   101   28.20   28.14
c rst  geom best  vmt   372  111K    2527 19246   913    4.10    4.00   142   102   42K   101   28.19   28.13
c rst  geom best  vmt   373  111K    2527 19246   913    4.10    4.00   142   102   43K   101   28.20   28.14
c rst  geom best  vmt   374  111K    2527 19246   913    4.10    4.00   142   102   43K   101   28.24   28.18
c rst  geom best  vmt   375  111K    2527 19246   913    4.10    4.00   142   102   43K   101   28.21   28.15
c rst  geom best  vmt   376  111K    2527 19246   913    4.10    4.00   142   102   43K   101   28.19   28.13
c rst  geom best  vmt   377  112K    2527 19246   913    4.10    4.00   142   102   43K   101   28.22   28.16
c rst  geom best  vmt   378  112K    2527 19246   913    4.10    4.00   142   102   44K   101   28.24   28.18
c [distill-long-red0] cls tried: 48/48 T: 0.00 T-out: N T-r: 99.94%
c [distill-long-red1] cls tried: 35/35 T: 0.00 T-out: N T-r: 54.46%
c rst  geom best  vmt   379  112K    2527 19246   913    4.10    4.00   142   102   44K   101   28.21   28.15
c rst  geom best  vmt   380  113K    2527 19246   913    4.10    4.00   142   102   44K   101   28.21   28.15
c rst  geom best  vmt   381  113K    2527 19246   913    4.10    4.00   154   181   45K   101   28.16   28.10
c rst  geom best  vmt   382  113K    2527 19246   913    4.10    4.00   154   185   45K   101   28.06   28.01
c rst  geom best  vmt   383  114K    2527 19246   913    4.10    4.00   154   187   45K   101   27.94   27.89
c [distill-bin] useful: 0/913/913 lits-rem: 0 cl-rem: 0 0-depth-assigns: 0 T: 0.01 T-out: N
c rst  geom best  vmt   384  114K    2527 19246   913    4.10    4.00   155   197   46K   101   27.81   27.75
c rst  geom best  vmt   385  115K    2527 19246   913    4.10    4.00   156   207   46K   101   27.66   27.61
c rst  geom best  vmt   386  115K    2527 19246   913    4.10    4.00   158   217   47K   101   27.59   27.53
c [gauss] XOR-encoding clauses are not detached, so no need to reattach them.
c [g 0] truth-find prop checks  : 1186K
c [g 0] -> of which prop        : 69.72 %
c [g 0] -> of which confl       :  2.44 %
c [g 0] elim called             : 58K
c [g 0] ---> which lead to prop : 60.30 %
c [g 0] ---> which lead to confl:  1.88 %
c [g 0] size: 46    x 455  
c [scc] new: 1 BP 0M T: 0.00
c [vrep] vars 1 lits 3286 rem-bin-cls 6 rem-long-cls 0 BP 0M T: 0.01
c [scc] new: 0 BP 0M T: 0.00
c [vrep] vars 0 lits 0 rem-bin-cls 0 rem-long-cls 0 BP 0M T: 0.00
c [intree] Set 0 vars hyper-added: 43 trans-irred: 0 trans-red: 1 T: 0.01 T-out: N T-r: -0.84%
c [find&init matx] performing matrix init
c [gauss] XOR-encoding clauses are not detached, so no need to reattach them.
c [xor-rem-unconnected] left with 1935 xors from 1935 non-empty xors T: 0.00
c [xor-together] xored together: 1888 orig xors: 1935 new xors: 47 T: 0.00
c [xor-rem-unconnected] left with 47 xors from 47 non-empty xors T: 0.00
c [xor-clean-equiv] removed equivalent xors: 0 left with: 47
c [matrix] unused xors from cleaning: 0
c [matrix] Good   matrix 0 47      x455    density:0.1856  xorlen avg: 84.45
c [matrix] Using 1 matrices recovered from 0 xors T: 0.00 T-out: N
c rst  geom best vmt  387   116 K 2526    19246   913 4.10    4.00      159   233   47K   139 27.42   27.35  
c [g  <0] Disabling GJ-elim in this round.  Usefulness was: 19.2878%  over 65964 calls
c rst  geom best vmt  388   116 K 2526    19246   913 4.10    4.00      165   251   48K   139 27.40   27.33  
c rst  geom stb  vmt  389   117 K 2526    19246   913 4.10    4.00      166   277   49K   139 27.34   27.27  
c [branch] adjusting to: vsid (from: vmtf) var_decay:0.95 descr: VSIDS
c rst  geom stb  vs   390   117 K 2526    19246   913 4.10    4.00      168   279   49K   139 27.37   27.30  
c rst  geom stb  vs   391   117 K 2526    19246   913 4.10    4.00      170   282   49K   139 27.43   27.36  
c rst  geom stb  vs   392   117 K 2526    19246   913 4.10    4.00      171   296   49K   139 27.48   27.41  
c rst  geom stb  vs   393   118 K 2526    19246   913 4.10    4.00      173   308   49K   139 27.51   27.43  
c rst  geom stb  vs   394   118 K 2526    19246   913 4.10    4.00      173   330   49K   139 27.52   27.45  
c rst  geom stb  vs   395   118 K 2526    19246   913 4.10    4.00      175   341   49K   139 27.55   27.48  
c rst  geom stb  vs   396   118 K 2526    19246   913 4.10    4.00      175   353   50K   139 27.60   27.53  
c rst  geom stb  vs   397   118 K 2526    19246   913 4.10    4.00      177   367   50K   139 27.63   27.56  
c rst  geom stb  vs   398   119 K 2526    19246   913 4.10    4.00      182   386   50K   139 27.73   27.66  
c rst  geom stb  vs   399   119 K 2526    19246   913 4.10    4.00      182   394   50K   139 27.78   27.71  
c rst  geom stb  vs   400   119 K 2526    19246   913 4.10    4.00      186   423   51K   139 27.79   27.72  
c rst  geom stb  vs   401   119 K 2526    19246   913 4.10    4.00      187   432   51K   139 27.85   27.78  
c rst  geom stb  vs   402   120 K 2526    19246   913 4.10    4.00      332   523   36K   139 29.21   29.11  
c rst  geom stb  vs   403   120 K 2526    19246   913 4.10    4.00      332   535   37K   139 29.35   29.25  
c rst  geom stb  vs   404   121 K 2526    19246   913 4.10    4.00      335   561   37K   139 29.46   29.37  
c rst  geom stb  vs   405   121 K 2526    19246   913 4.10    4.00      336   584   37K   139 29.59   29.49  
c rst  geom stb  vs   406   122 K 2526    19246   913 4.10    4.00      339   598   38K   139 29.67   29.57  
c rst  geom stb  vs   407   122 K 2526    19246   913 4.10    4.00      339   621   38K   139 29.85   29.75  
c [full-probe]  bin_only: 0 set: 0 repl: 0 T: 0.01 T-out: N T-r: 97.89%
c rst  geom stb  vs   408   123 K 2526    19246   913 4.10    4.00      343   645   39K   139 29.99   29.90  
c rst  geom ibes vs   409   123 K 2526    19246   913 4.10    4.00      346   682   40K   139 30.11   30.01  
c rst  geom ibes vs   410   124 K 2526    19246   913 4.10    4.00      348   713   40K   139 30.27   30.17  
c rst  geom ibes vs   411   125 K 2526    19246   913 4.10    4.00      358   783   41K   139 30.41   30.32  
c rst  geom ibes vs   412   126 K 2526    19246   913 4.10    4.00      361   804   42K   139 30.78   30.69  
c rst  geom ibes vs   413   127 K 2526    19246   913 4.10    4.00      374   848   43K   139 30.81   30.72  
c rst  geom ibes vs   414   128 K 2526    19246   913 4.10    4.00      378   862   44K   139 31.16   31.07  
c [distill-long-red0] cls tried: 223/223 T: 0.01 T-out: N T-r: 99.73%
c [distill-long-red1] cls tried: 59/777 T: 0.01 T-out: Y T-r: -0.98%
c [distill] watch-based irred--  cl tried 7452     cl-sh 0     cl-rem 0    lit-rem 0      T: 0.00 T-out: N
c [distill] watch-based red  --  cl tried 756      cl-sh 40    cl-rem 0    lit-rem 89     T: 0.00 T-out: N
c rst  geom ibes vs   415   129 K 2526    19246   913 4.10    4.00      384   892   45K   139 31.56   31.47  
c rst  geom ibes vs   416   130 K 2526    19246   913 4.10    4.00      682   683   46K   139 31.78   31.70  
c rst  geom svd  vs   417   132 K 2526    19246   913 4.10    4.00      688   738   47K   139 31.91   31.82  
c rst  geom svd  vs   418   133 K 2526    19246   913 4.10    4.00      706   797   49K   139 32.25   32.17  
c [ccnr] tries: 0 steps: 262143 best found: 6
c [ccnr] tries: 0 steps: 524287 best found: 6
c [ccnr] tries: 0 steps: 786431 best found: 6
c [ccnr] saving best assignment phase to stable_polar
c [ccnr] bumping based on var unsat frequency: conflict_ct
c [ccnr] Bumped vars: 2839 bump type: 6
c [ccnr] time: 0.57
c rst  geom svd  vs   419   134 K 2526    19246   913 4.10    4.00      712   827   50K   139 32.33   32.25  
c recursive minimization cost OK: 342Kcost/(% lits removed)
c [gauss] XOR-encoding clauses are not detached, so no need to reattach them.
c [g 0] truth-find prop checks  : 49K
c [g 0] -> of which prop        : 18.28 %
c [g 0] -> of which confl       :  1.11 %
c [g 0] elim called             : 11754
c [g 0] ---> which lead to prop : 25.72 %
c [g 0] ---> which lead to confl:  1.48 %
c [g 0] size: 47    x 455  
c --> Executing strategy token: scc-vrepl
c [scc] new: 0 BP 0M T: 0.00
c --> Executing strategy token: sub-impl
c [impl-sub] bin: 5 T: 0.00 T-out: N w-visit: 5678
c --> Executing strategy token: breakid
c --> Executing OCC strategy token(s): 'occ-backw-sub-str,occ-clean-implicit,occ-bve,occ-bva,occ-ternary-res,occ-xor,'
c [occ] mem usage for occur 1      MB
c [occ] Linked in IRRED BIN by default: 912
c [occ] Linked in RED   BIN by default: 135
c [occ] mem usage for occur 0      MB
c Mem for watch alloc      : 7           MB (20.72     %)
c Mem for watch array      : 0           MB (0.36      %)
c --> Executing OCC strategy token: occ-backw-sub-str
c [occ-backw-sub-str-long-w-bins] subs: 0 str: 260 tried: 5311 0-depth ass: 0 T: 0.00 T-out: N T-r: 99.66%
c [occ-backw-sub-long-w-long] rem cl: 609 tried: 70977/70977 (100.0%) T: 0.02 T-out: N T-r: 94.77%
c [occ-backw-sub-str-long-w-long] sub: 1 str: 120 tried: 212931/70977 (300.0)  T: 0.08 T-out: N T-r: 86.74%
c --> Executing OCC strategy token: occ-clean-implicit
c --> Executing OCC strategy token: occ-bve
c [occ-empty-res] Empty resolvent elimed: 0 T: 0.00 T-out: N
c [occ-bve] iter v-elim 2
c cl_inc_rate=1.0, var_dec_rate=1.0 (grow=0)
c Reduced to 2524 vars, 19668 cls (grow=0)
c [occ-bve] iter v-elim 5
c cl_inc_rate=1.0, var_dec_rate=1.0 (grow=8)
c Reduced to 2519 vars, 19653 cls (grow=8)
c [occ-bve] iter v-elim 979
c cl_inc_rate=1.8, var_dec_rate=1.6 (grow=16)
c Reduced to 1540 vars, 35173 cls (grow=16)
c x n vars       : 1540
c #try to eliminate:  9057
c #var-elim        :   986
c #T-o: N
c #T-r: 99.82%
c #T  : 0.37
c [occur] 0.04 is overhead
c [occur] link-in T: 0.04 cleanup T: 0.00
c --> Executing OCC strategy token: occ-bva
c --> Executing OCC strategy token: occ-ternary-res
c [occ-ternary-res] Ternary res-tri: 5 res-bin: 0 sub: 2 str: 0 T: 0.00 T-out: N T-r: 99.58%
c --> Executing OCC strategy token: occ-xor
c [occ-xor] sort occur list T: 0.00
c [xor-clean-equiv] removed equivalent xors: 0 left with: 968
c [occ-xor] found    968 avg sz 6.0 min sz  4 max sz  6 T: 0.01 T-out: N T-r: 99.97%
c --> Executing strategy token: card-find
c --> Executing strategy token: cl-consolidate
c [mem] consolidate  old-sz: 10646K new-sz: 7515K new bits offs: 20 T: 0.00
c --> Executing strategy token: scc-vrepl
c [scc] new: 0 BP 0M T: 0.00
c --> Executing strategy token: renumber
c [gauss] XOR-encoding clauses are not detached, so no need to reattach them.
c [renumber] T: 0.00
c --> Executing strategy token: bosphorus
c --> Executing strategy token: louvain-comms
c [consolidate] mini T: 0.00
c global_timeout_multiplier: 3.6300
c [branch] rebuilding order heap for all branchings. Current branching: vsid
c [find&init matx] performing matrix init
c [gauss] XOR-encoding clauses are not detached, so no need to reattach them.
c [xor-rem-unconnected] left with 968 xors from 968 non-empty xors T: 0.00
c [xor-together] xored together: 913 orig xors: 968 new xors: 55 T: 0.00
c [xor-rem-unconnected] left with 55 xors from 55 non-empty xors T: 0.00
c [xor-clean-equiv] removed equivalent xors: 0 left with: 55
c [matrix] unused xors from cleaning: 0
c [matrix] Good   matrix  0     55 x  475  density:0.1507  xorlen avg: 71.58
c [matrix] Using 1 matrices recovered from 0 xors T: 0.00 T-out: N
c [distill-bin] useful: 1/827/827 lits-rem: 0 cl-rem: 1 0-depth-assigns: 0 T: 0.01 T-out: N
c rst  geom  svd   vs   420  135K    1540   34K   826    5.85    5.76   279   435   23K   111   28.26   28.15
c [branch] adjusting to: vmtf (from: vsid) var_decay:0.95 descr: VMTF
c rst  luby  svd  vmt   421  135K    1540   34K   826    5.85    5.76   286   462   24K   111   28.19   28.07
c rst  luby  svd  vmt   422  135K    1540   34K   826    5.85    5.76   289   486   24K   111   28.14   28.03
c rst  luby  svd  vmt   423  135K    1540   34K   826    5.85    5.76   293   490   24K   111   28.09   27.97
c rst  luby  svd  vmt   424  135K    1540   34K   826    5.85    5.76   295   499   24K   111   28.05   27.93
c rst  luby  svd  vmt   425  135K    1540   34K   826    5.85    5.76   298   500   24K   111   28.05   27.94
c rst  luby  svd  vmt   426  136K    1540   34K   826    5.85    5.76   301   517   24K   111   27.96   27.85
c rst  luby  svd  vmt   427  136K    1540   34K   826    5.85    5.76   301   524   25K   111   27.96   27.85
c rst  luby  svd  vmt   428  136K    1540   34K   826    5.85    5.76   301   528   25K   111   27.93   27.82
c rst  luby  svd  vmt   429  136K    1540   34K   826    5.85    5.76   301   530   25K   111   27.94   27.83
c rst  luby  svd  vmt   430  136K    1540   34K   826    5.85    5.76   303   555   25K   111   27.95   27.84
c rst  luby  svd  vmt   431  137K    1540   34K   826    5.85    5.76   303   557   25K   111   27.95   27.84
c rst  luby  svd  vmt   432  137K    1540   34K   826    5.85    5.76   303   559   25K   111   27.92   27.82
c rst  geom best  vmt   433  137K    1540   34K   826    5.85    5.76   303   563   25K   111   27.89   27.79
c rst  geom best  vmt   434  137K    1540   34K   826    5.85    5.76   303   566   25K   111   27.88   27.77
c rst  geom best  vmt   435  137K    1540   34K   826    5.85    5.76   303   567   26K   111   27.79   27.69
c rst  geom best  vmt   436  137K    1540   34K   826    5.85    5.76   303   571   26K   111   27.72   27.61
c rst  geom best  vmt   437  137K    1540   34K   826    5.85    5.76   303   573   26K   111   27.63   27.53
c rst  geom best  vmt   438  137K    1540   34K   826    5.85    5.76   304   592   26K   111   27.60   27.50
c rst  geom best  vmt   439  138K    1540   34K   826    5.85    5.76   304   595   26K   111   27.53   27.43
c rst  geom best  vmt   440  138K    1540   34K   826    5.85    5.76   305   602   26K   111   27.47   27.37
c rst  geom best  vmt   441  138K    1540   34K   826    5.85    5.76   305   607   27K   111   27.41   27.31
c rst  geom best  vmt   442  138K    1540   34K   826    5.85    5.76   305   620   27K   111   27.35   27.25
c rst  geom best  vmt   443  139K    1540   34K   826    5.85    5.76   306   627   27K   111   27.26   27.17
c rst  geom best  vmt   444  139K    1540   34K   826    5.85    5.76   307   627   27K   111   27.17   27.07
c rst  geom best  vmt   445  139K    1540   34K   826    5.85    5.76   307   636   28K   111   27.06   26.97
c rst  geom best  vmt   446  140K    1540   34K   826    5.85    5.76   429   519   28K   111   26.91   26.81
c rst  geom best  vmt   447  140K    1540   34K   826    5.85    5.76   429   525   29K   111   26.77   26.68
c rst  geom best  vmt   448  141K    1540   34K   826    5.85    5.76   432   535   29K   111   26.62   26.53
c rst  geom best  vmt   449  141K    1540   34K   826    5.85    5.76   437   544   29K   111   26.55   26.46
c rst  geom best  vmt   450  142K    1540   34K   826    5.85    5.76   437   554   30K   111   26.39   26.30
c rst  geom best  vmt   451  142K    1540   34K   826    5.85    5.76   441   556   31K   111   26.38   26.30
c [full-probe]  bin_only: 1 set: 0 repl: 0 T: 0.01 T-out: N T-r: 99.75%
c rst  geom best  vmt   452  143K    1540   34K   826    5.85    5.76   442   556   31K   111   26.55   26.47
c [distill-long-red0] cls tried: 306/306 T: 0.01 T-out: N T-r: 99.54%
c [distill-long-red1] cls tried: 53/457 T: 0.01 T-out: Y T-r: -1.54%
c rst  geom best  vmt   453  144K    1540   34K   826    5.85    5.76   444   559   32K   112   26.90   26.82
c rst  geom  stb  vmt   454  144K    1540   34K   826    5.85    5.76   444   560   33K   112   26.99   26.91
c rst  geom  stb  vmt   455  145K    1540   34K   826    5.85    5.76   444   563   34K   112   27.66   27.58
c rst  geom  stb  vmt   456  146K    1540   34K   826    5.85    5.76   444   571   35K   112   28.18   28.10
c rst  geom  stb  vmt   457  147K    1540   34K   826    5.85    5.76   444   573   36K   112   28.30   28.22
c rst  geom  stb  vmt   458  148K    1540   34K   826    5.85    5.76   444   579   37K   112   28.56   28.48
c rst  geom  stb  vmt   459  150K    1540   34K   826    5.85    5.76   534   816   31K   112   28.98   28.88
c rst  geom  stb  vmt   460  151K    1540   34K   826    5.85    5.76   534   821   32K   112   30.28   30.18
c rst  geom ibes  vmt   461  153K    1540   34K   826    5.85    5.76   537   825   34K   112   30.59   30.50
c rst  geom ibes  vmt   462  154K    1540   34K   826    5.85    5.76   537   826   35K   112   31.29   31.20
c [branch] adjusting to: vsid (from: vmtf) var_decay:0.95 descr: VSIDS
c [distill-bin] useful: 0/826/826 lits-rem: 0 cl-rem: 0 0-depth-assigns: 0 T: 0.01 T-out: N
c [distill] watch-based irred--  cl tried     7859 cl-sh     5 cl-rem    1 lit-rem      5 T: 0.01 T-out: N
c [distill] watch-based   red--  cl tried     1074 cl-sh    26 cl-rem    1 lit-rem     53 T: 0.00 T-out: N
c rst  geom ibes   vs   463  154K    1540   34K   828    5.85    5.76   536   826   36K   111   31.34   31.25
c rst  geom ibes   vs   464  155K    1540   34K   828    5.85    5.76   536   826   36K   111   31.39   31.30
c rst  geom ibes   vs   465  155K    1540   34K   828    5.85    5.76   536   826   36K   111   31.40   31.31
c rst  geom ibes   vs   466  155K    1540   34K   828    5.85    5.76   536   826   36K   112   31.36   31.27
c rst  geom ibes   vs   467  155K    1540   34K   828    5.85    5.76   536   826   36K   112   31.31   31.22
c rst  geom ibes   vs   468  155K    1540   34K   828    5.85    5.76   536   826   36K   112   31.26   31.17
c rst  geom ibes   vs   469  155K    1540   34K   828    5.85    5.76   536   826   36K   112   31.19   31.11
c rst  geom ibes   vs   470  156K    1540   34K   828    5.85    5.76   536   826   37K   112   31.17   31.09
c rst  geom ibes   vs   471  156K    1540   34K   828    5.85    5.76   536   827   37K   112   31.15   31.07
c rst  geom ibes   vs   472  156K    1540   34K   828    5.85    5.76   536   827   37K   112   31.26   31.18
c rst  geom ibes   vs   473  156K    1540   34K   828    5.85    5.76   536   827   37K   112   31.41   31.33
c rst  geom ibes   vs   474  157K    1540   34K   828    5.85    5.76   536   828   38K   112   31.40   31.32
c rst  geom ibes   vs   475  157K    1540   34K   828    5.85    5.76   536   828   38K   112   31.37   31.29
c rst  geom ibes   vs   476  157K    1540   34K   828    5.85    5.76   536   828   38K   112   31.25   31.17
c rst  geom ibes   vs   477  158K    1540   34K   828    5.85    5.76   536   829   39K   112   31.41   31.33
c rst  geom  svd   vs   478  158K    1540   34K   828    5.85    5.76   536   829   39K   113   31.57   31.49
c [distill-long-red0] cls tried: 112/112 T: 0.01 T-out: N T-r: 99.70%
c [distill-long-red1] cls tried: 41/674 T: 0.01 T-out: Y T-r: -3.57%
c rst  geom  svd   vs   479  159K    1540   34K   828    5.85    5.76   536   835   40K   113   31.67   31.59
c rst  geom  svd   vs   480  159K    1540   34K   828    5.85    5.76   536   838   40K   113   31.79   31.71
c rst  geom  svd   vs   481  160K    1540   34K   828    5.85    5.76   558   816   41K   113   31.88   31.80
c rst  geom  svd   vs   482  161K    1540   34K   828    5.85    5.76   558   822   42K   113   32.13   32.05
c [impl-str] lit bin: 0 set-var: 0 T: 0.00 T-out: N T-r: 99.95% w-visit: 3080
c [impl-sub] bin: 0 T: 0.00 T-out: N w-visit: 3080
c rst  geom  svd   vs   483  161K    1540   34K   828    5.85    5.76   558   824   42K   113   32.44   32.36
c rst  geom  svd   vs   484  162K    1540   34K   828    5.85    5.76   558   830   43K   113   32.63   32.55
c rst  geom  svd   vs   485  163K    1540   34K   828    5.85    5.76   558   832   44K   113   32.78   32.70
c [full-probe]  bin_only: 0 set: 2 repl: 0 T: 0.01 T-out: N T-r: 97.37%
c rst  geom  svd   vs   486  164K    1538   34K   828    5.85    5.76   558   833   45K   113   32.84   32.76
c rst  geom  svd   vs   487  165K    1538   34K   828    5.85    5.76   562   851   34K   113   35.15   35.05
c rst  geom best   vs   488  166K    1538   34K   828    5.85    5.76   562   851   35K   113   35.65   35.55
c rst  geom best   vs   489  167K    1538   34K   828    5.85    5.76   562   855   36K   113   35.73   35.63
c rst  geom best   vs   490  169K    1538   34K   828    5.85    5.76   562   856   38K   113   35.42   35.33
c rst  geom best   vs   491  170K    1538   34K   828    5.85    5.76   581   845   39K   113   35.37   35.28
c rst  geom best   vs   492  172K    1538   34K   828    5.85    5.76   581   855   41K   113   35.73   35.64
c rst  geom  stb   vs   493  174K    1538   34K   828    5.85    5.76   581   860   43K   113   35.53   35.45
c [distill-long-red0] cls tried: 45/45 T: 0.00 T-out: N T-r: 99.93%
c [distill-long-red1] cls tried: 71/663 T: 0.01 T-out: Y T-r: -0.67%
c rst  geom  stb   vs   494  176K    1538   34K   828    5.85    5.76   581   860   45K   113   35.62   35.54
c [branch] adjusting to: vmtf (from: vsid) var_decay:0.95 descr: VMTF
c [distill-bin] useful: 0/828/828 lits-rem: 0 cl-rem: 0 0-depth-assigns: 0 T: 0.01 T-out: N
c rst  luby  stb  vmt   495  176K    1538   34K   824    5.85    5.76   581   862   45K   113   35.63   35.55
c rst  luby  stb  vmt   496  176K    1538   34K   824    5.85    5.76   581   864   45K   113   35.64   35.56
c rst  luby  stb  vmt   497  176K    1538   34K   824    5.85    5.76   581   864   45K   113   35.62   35.54
c rst  luby  stb  vmt   498  176K    1538   34K   824    5.85    5.76   581   864   45K   113   35.63   35.55
c rst  luby  stb  vmt   499  177K    1538   34K   824    5.85    5.76   582   864   46K   113   35.67   35.59
c rst  luby  stb  vmt   500  177K    1538   34K   824    5.85    5.76   582   864   46K   113   35.65   35.57
c rst  luby  stb  vmt   501  177K    1538   34K   824    5.85    5.76   583   868   46K   113   35.69   35.61
c [ccnr] saving best assignment phase to stable_polar
c [ccnr] bumping based on clause weights
c [ccnr] Bumped vars: 103 bump type: 6
c [ccnr] time: 0.40
c rst  luby  stb  vmt   502  177K    1538   34K   824    5.85    5.76   583   869   46K   113   35.66   35.58
c rst  luby  stb  vmt   503  177K    1538   34K   824    5.85    5.76   583   878   46K   113   35.63   35.55
c rst  luby  stb  vmt   504  178K    1538   34K   824    5.85    5.76   583   883   47K   113   35.54   35.46
c rst  luby  stb  vmt   505  178K    1538   34K   824    5.85    5.76   583   884   47K   113   35.52   35.44
c rst  luby  stb  vmt   506  178K    1538   34K   824    5.85    5.76   583   887   47K   113   35.53   35.45
c rst  luby  stb  vmt   507  178K    1538   34K   824    5.85    5.76   583   887   47K   113   35.57   35.49
c rst  luby  stb  vmt   508  178K    1538   34K   824    5.85    5.76   583   887   47K   113   35.51   35.44
c rst  luby  stb  vmt   509  179K    1538   34K   824    5.85    5.76   583   887   48K   113   35.58   35.51
c rst  luby ibes  vmt   510  179K    1538   34K   824    5.85    5.76   583   887   48K   113   35.59   35.51
c rst  luby ibes  vmt   511  179K    1538   34K   824    5.85    5.76   583   887   48K   113   35.59   35.52
c [distill] watch-based irred--  cl tried     7820 cl-sh     0 cl-rem    0 lit-rem      0 T: 0.01 T-out: N
c [distill] watch-based   red--  cl tried     1166 cl-sh     7 cl-rem    0 lit-rem     11 T: 0.00 T-out: N
c rst  luby ibes  vmt   512  180K    1538   33K   826    5.84    5.75   632   873   35K   110   38.46   38.35
c rst  luby ibes  vmt   513  180K    1538   33K   826    5.84    5.75   632   874   36K   110   38.46   38.35
c rst  luby ibes  vmt   514  180K    1538   33K   826    5.84    5.75   632   874   36K   110   38.46   38.35
c rst  luby ibes  vmt   515  180K    1538   33K   826    5.84    5.75   632   877   36K   110   38.49   38.39
c rst  luby ibes  vmt   516  180K    1538   33K   826    5.84    5.75   632   879   36K   110   38.48   38.38
c [gauss] XOR-encoding clauses are not detached, so no need to reattach them.
c [g 0] truth-find prop checks  : 1190K
c [g 0] -> of which prop        : 55.84 %
c [g 0] -> of which confl       :  2.29 %
c [g 0] elim called             : 73K
c [g 0] ---> which lead to prop : 44.86 %
c [g 0] ---> which lead to confl:  1.35 %
c [g 0] size: 55    x 475  
c [scc] new: 0 BP 0M T: 0.00
c [vrep] vars 0 lits 0 rem-bin-cls 0 rem-long-cls 0 BP 0M T: 0.01
c [intree] Set 0 vars hyper-added: 2 trans-irred: 0 trans-red: 1 T: 0.01 T-out: N T-r: -1.36%
c [find&init matx] performing matrix init
c [gauss] XOR-encoding clauses are not detached, so no need to reattach them.
c [xor-rem-unconnected] left with 968 xors from 968 non-empty xors T: 0.00
c [xor-together] xored together: 913 orig xors: 968 new xors: 55 T: 0.00
c [xor-rem-unconnected] left with 55 xors from 55 non-empty xors T: 0.00
c [xor-clean-equiv] removed equivalent xors: 0 left with: 55
c [matrix] unused xors from cleaning: 0
c [matrix] Good   matrix 0 55      x473    density:0.1505  xorlen avg: 71.16
c [matrix] Using 1 matrices recovered from 0 xors T: 0.00 T-out: N
c rst  luby ibes vmt  517   180 K 1538      33K   826 5.84    5.75      632   879   36K   111 38.51   38.40  
c rst  luby ibes vmt  518   181 K 1538      33K   826 5.84    5.75      632   879   36K   111 38.51   38.40  
c rst  luby ibes vmt  519   181 K 1538      33K   826 5.84    5.75      632   879   37K   111 38.47   38.37  
c rst  luby ibes vmt  520   181 K 1538      33K   826 5.84    5.75      632   879   37K   111 38.49   38.38  
c rst  luby ibes vmt  521   181 K 1538      33K   826 5.84    5.75      632   879   37K   111 38.47   38.37  
c rst  luby ibes vmt  522   181 K 1538      33K   826 5.84    5.75      632   879   37K   111 38.50   38.39  
c rst  luby ibes vmt  523   182 K 1538      33K   826 5.84    5.75      632   880   37K   111 38.36   38.26  
c rst  luby ibes vmt  524   182 K 1538      33K   826 5.84    5.75      632   882   38K   111 38.38   38.28  
c rst  luby ibes vmt  525   184 K 1538      33K   826 5.84    5.75      634   891   40K   111 38.40   38.31  
c [full-probe]  bin_only: 1 set: 0 repl: 0 T: 0.01 T-out: N T-r: 99.82%
c rst  luby ibes vmt  526   184 K 1538      33K   826 5.84    5.75      634   891   40K   111 38.40   38.30  
c rst  luby ibes vmt  527   184 K 1538      33K   826 5.84    5.75      634   891   40K   111 38.40   38.31  
c rst  luby ibes vmt  528   184 K 1538      33K   826 5.84    5.75      634   891   40K   111 38.37   38.28  
c rst  luby ibes vmt  529   184 K 1538      33K   826 5.84    5.75      634   891   40K   111 38.34   38.24  
c rst  luby ibes vmt  530   185 K 1538      33K   826 5.84    5.75      634   891   40K   111 38.33   38.23  
c rst  luby ibes vmt  531   185 K 1538      33K   826 5.84    5.75      634   891   41K   111 38.32   38.23  
c rst  luby ibes vmt  532   185 K 1538      33K   826 5.84    5.75      634   892   41K   111 38.39   38.30  
c rst  luby ibes vmt  533   185 K 1538      33K   826 5.84    5.75      634   894   41K   111 38.39   38.30  
c rst  luby ibes vmt  534   185 K 1538      33K   826 5.84    5.75      634   895   41K   111 38.39   38.30  
c rst  luby ibes vmt  535   186 K 1538      33K   826 5.84    5.75      634   895   41K   111 38.35   38.26  
c rst  luby ibes vmt  536   186 K 1538      33K   826 5.84    5.75      634   895   42K   111 38.37   38.27  
c rst  luby ibes vmt  537   186 K 1538      33K   826 5.84    5.75      634   895   42K   111 38.33   38.24  
c rst  luby ibes vmt  538   186 K 1538      33K   826 5.84    5.75      634   895   42K   111 38.35   38.26  
c rst  luby svd  vmt  539   186 K 1538      33K   826 5.84    5.75      635   898   42K   111 38.35   38.26  
c rst  luby svd  vmt  540   187 K 1538      33K   826 5.84    5.75      635   903   43K   111 38.26   38.18  
c rst  luby svd  vmt  541   187 K 1538      33K   826 5.84    5.75      635   904   43K   111 38.28   38.19  
c rst  luby svd  vmt  542   187 K 1538      33K   826 5.84    5.75      635   906   43K   111 38.29   38.20  
c rst  luby svd  vmt  543   188 K 1538      33K   826 5.84    5.75      635   907   43K   111 38.33   38.24  
c rst  luby svd  vmt  544   188 K 1538      33K   826 5.84    5.75      635   909   44K   111 38.35   38.26  
c rst  luby svd  vmt  545   188 K 1538      33K   826 5.84    5.75      635   910   44K   111 38.39   38.30  
c rst  luby svd  vmt  546   188 K 1538      33K   826 5.84    5.75      635   910   44K   111 38.41   38.33  
c rst  luby svd  vmt  547   188 K 1538      33K   826 5.84    5.75      635   920   44K   111 38.50   38.42  
c rst  luby svd  vmt  548   189 K 1538      33K   826 5.84    5.75      635   921   44K   111 38.52   38.43  
c rst  luby svd  vmt  549   189 K 1538      33K   826 5.84    5.75      635   921   44K   111 38.50   38.41  
c rst  luby svd  vmt  550   189 K 1538      33K   826 5.84    5.75      635   921   45K   111 38.46   38.37  
c rst  luby svd  vmt  551   189 K 1538      33K   826 5.84    5.75      635   921   45K   111 38.49   38.40  
c [distill-long-red0] cls tried: 61/61 T: 0.00 T-out: N T-r: 99.91%
c [distill-long-red1] cls tried: 105/660 T: 0.01 T-out: Y T-r: -0.21%
c rst  luby svd  vmt  552   189 K 1538      33K   826 5.84    5.75      635   919   45K   113 38.49   38.40  
c rst  luby svd  vmt  553   189 K 1538      33K   826 5.84    5.75      635   919   45K   113 38.49   38.40  
c rst  luby svd  vmt  554   190 K 1538      33K   826 5.84    5.75      659   806   46K   113 38.57   38.48  
c rst  luby svd  vmt  555   190 K 1538      33K   826 5.84    5.75      660   810   46K   113 38.58   38.49  
c rst  luby svd  vmt  556   192 K 1538      33K   826 5.84    5.75      660   812   48K   113 38.48   38.40  
c rst  luby svd  vmt  557   195 K 1538      33K   826 5.84    5.75      663   869   36K   113 38.08   37.97  
c rst  geom best vmt  558   195 K 1538      33K   826 5.84    5.75      663   869   36K   113 38.13   38.02  
c rst  geom best vmt  559   195 K 1538      33K   826 5.84    5.75      663   869   36K   113 38.10   37.99  
c rst  geom best vmt  560   196 K 1538      33K   826 5.84    5.75      663   869   36K   113 38.07   37.97  
c rst  geom best vmt  561   196 K 1538      33K   826 5.84    5.75      663   869   37K   113 38.07   37.96  
c rst  geom best vmt  562   196 K 1538      33K   826 5.84    5.75      663   869   37K   113 38.08   37.98  
c rst  geom best vmt  563   196 K 1538      33K   826 5.84    5.75      663   869   37K   113 38.06   37.95  
c [distill-bin] useful: 0/826/826 lits-rem: 0 cl-rem: 0 0-depth-assigns: 0 T: 0.01 T-out: N
c rst  geom best vmt  564   196 K 1538      33K   826 5.84    5.75      663   869   37K   113 38.04   37.94  
c rst  geom best vmt  565   196 K 1538      33K   826 5.84    5.75      663   869   37K   113 38.03   37.93  
c rst  geom best vmt  566   197 K 1538      33K   826 5.84    5.75      663   869   38K   113 37.98   37.88  
c rst  geom best vmt  567   197 K 1538      33K   826 5.84    5.75      663   869   38K   113 37.96   37.86  
c rst  geom best vmt  568   197 K 1538      33K   826 5.84    5.75      663   869   38K   113 37.85   37.75  
c [branch] adjusting to: vsid (from: vmtf) var_decay:0.95 descr: VSIDS
c rst  geom best vs   569   197 K 1538      33K   826 5.84    5.75      663   869   38K   113 37.89   37.79  
c rst  geom best vs   570   198 K 1538      33K   826 5.84    5.75      663   869   38K   113 37.86   37.76  
c rst  geom best vs   571   198 K 1538      33K   826 5.84    5.75      663   869   39K   113 37.81   37.71  
c rst  geom best vs   572   198 K 1538      33K   826 5.84    5.75      663   869   39K   113 37.76   37.66  
c rst  geom best vs   573   198 K 1538      33K   826 5.84    5.75      663   869   39K   113 37.70   37.60  
c rst  geom best vs   574   198 K 1538      33K   826 5.84    5.75      663   869   39K   113 37.67   37.58  
c rst  geom best vs   575   198 K 1538      33K   826 5.84    5.75      663   871   39K   113 37.65   37.55  
c rst  geom best vs   576   199 K 1538      33K   826 5.84    5.75      663   871   39K   113 37.62   37.53  
c rst  geom best vs   577   199 K 1538      33K   826 5.84    5.75      663   871   40K   113 37.54   37.45  
c rst  geom best vs   578   199 K 1538      33K   826 5.84    5.75      663   871   40K   113 37.54   37.44  
c rst  geom best vs   579   199 K 1538      33K   826 5.84    5.75      663   871   40K   113 37.48   37.39  
c rst  geom best vs   580   200 K 1538      33K   826 5.84    5.75      694   779   41K   113 37.44   37.35  
c rst  geom best vs   581   200 K 1538      33K   826 5.84    5.75      694   779   41K   113 37.40   37.31  
c rst  geom best vs   582   200 K 1538      33K   826 5.84    5.75      694   779   41K   113 37.37   37.28  
c rst  geom best vs   583   201 K 1538      33K   826 5.84    5.75      694   779   42K   113 37.25   37.15  
c rst  geom best vs   584   201 K 1538      33K   826 5.84    5.75      694   779   42K   113 37.26   37.17  
c rst  geom best vs   585   202 K 1538      33K   826 5.84    5.75      694   779   43K   113 37.24   37.15  
c rst  geom best vs   586   202 K 1538      33K   826 5.84    5.75      694   780   43K   113 37.21   37.12  
c rst  geom best vs   587   203 K 1538      33K   826 5.84    5.75      694   780   44K   113 37.30   37.22  
c rst  geom stb  vs   588   203 K 1538      33K   826 5.84    5.75      694   780   44K   113 37.22   37.13  
c rst  geom stb  vs   589   204 K 1538      33K   826 5.84    5.75      694   780   45K   113 37.23   37.14  
c [distill-long-red0] cls tried: 58/58 T: 0.01 T-out: N T-r: 99.88%
c [distill-long-red1] cls tried: 137/481 T: 0.01 T-out: Y T-r: -0.58%
c [full-probe]  bin_only: 0 set: 0 repl: 0 T: 0.01 T-out: N T-r: 97.83%
c rst  geom stb  vs   590   205 K 1538      33K   826 5.84    5.75      694   780   46K   113 37.22   37.14  
c [distill] watch-based irred--  cl tried 7820     cl-sh 0     cl-rem 0    lit-rem 0      T: 0.00 T-out: N
c [distill] watch-based red  --  cl tried 1387     cl-sh 11    cl-rem 1    lit-rem 17     T: 0.00 T-out: N
c rst  geom stb  vs   591   206 K 1538      33K   826 5.84    5.75      693   782   47K   113 37.48   37.39  
c rst  geom stb  vs   592   207 K 1538      33K   826 5.84    5.75      693   782   48K   113 37.51   37.43  
c rst  geom stb  vs   593   208 K 1538      33K   826 5.84    5.75      693   783   49K   113 37.41   37.33  
c rst  geom stb  vs   594   209 K 1538      33K   826 5.84    5.75      693   783   50K   113 37.56   37.49  
c rst  geom stb  vs   595   210 K 1538      33K   826 5.84    5.75      715   538   38K   113 35.73   35.63  
c rst  geom ibes vs   596   212 K 1538      33K   826 5.84    5.75      715   539   39K   113 35.66   35.57  
c rst  geom ibes vs   597   213 K 1538      33K   826 5.84    5.75      715   540   41K   113 35.51   35.42  
c rst  geom ibes vs   598   215 K 1538      33K   826 5.84    5.75      715   542   42K   113 35.11   35.03  
c rst  geom ibes vs   599   217 K 1538      33K   826 5.84    5.75      715   546   44K   113 34.95   34.87  
c [distill-bin] useful: 0/826/826 lits-rem: 0 cl-rem: 0 0-depth-assigns: 0 T: 0.01 T-out: N
c rst  geom ibes vs   600   219 K 1538      33K   826 5.84    5.75      715   552   46K   113 34.58   34.50  
c rst  geom svd  vs   601   221 K 1538      33K   826 5.84    5.75      744   354   49K   113 34.68   34.61  
c [distill-long-red0] cls tried: 58/58 T: 0.01 T-out: N T-r: 99.88%
c [distill-long-red1] cls tried: 100/181 T: 0.01 T-out: Y T-r: -1.52%
c [impl-str] lit bin: 0 set-var: 0 T: 0.00 T-out: N T-r: 99.95% w-visit: 3080
c [impl-sub] bin: 4 T: 0.00 T-out: N w-visit: 3080
c rst  geom svd  vs   602   224 K 1538      33K   826 5.84    5.75      746   365   51K   109 35.15   35.08  
c [branch] adjusting to: vmtf (from: vsid) var_decay:0.95 descr: VMTF
c [ccnr] saving best assignment phase to stable_polar
c [ccnr] bumping based on var unsat frequency: conflict_ct
c [ccnr] Bumped vars: 1540 bump type: 6
c [ccnr] time: 0.40
c rst  luby svd  vmt  603   224 K 1538      33K   826 5.84    5.75      749   381   51K   109 35.14   35.07  
c rst  luby svd  vmt  604   224 K 1538      33K   826 5.84    5.75      749   396   51K   109 35.14   35.07  
c rst  luby svd  vmt  605   224 K 1538      33K   826 5.84    5.75      749   396   52K   109 35.14   35.07  
c rst  luby svd  vmt  606   224 K 1538      33K   826 5.84    5.75      749   396   52K   109 35.14   35.07  
c rst  luby svd  vmt  607   224 K 1538      33K   826 5.84    5.75      749   396   52K   109 35.15   35.09  
c [full-probe]  bin_only: 1 set: 0 repl: 0 T: 0.01 T-out: N T-r: 99.80%
c rst  luby svd  vmt  608   224 K 1538      33K   826 5.84    5.75      749   396   52K   109 35.17   35.10  
c rst  luby svd  vmt  609   225 K 1538      33K   826 5.84    5.75      751   430   38K   109 34.71   34.62  
c rst  luby svd  vmt  610   225 K 1538      33K   826 5.84    5.75      751   430   38K   109 34.69   34.60  
c rst  luby svd  vmt  611   225 K 1538      33K   826 5.84    5.75      751   430   38K   109 34.66   34.57  
c rst  luby svd  vmt  612   225 K 1538      33K   826 5.84    5.75      751   430   38K   109 34.60   34.51  
c rst  luby svd  vmt  613   225 K 1538      33K   826 5.84    5.75      751   430   38K   109 34.57   34.48  
c rst  luby svd  vmt  614   225 K 1538      33K   826 5.84    5.75      751   430   38K   109 34.55   34.46  
c rst  luby svd  vmt  615   226 K 1538      33K   826 5.84    5.75      751   430   38K   109 34.55   34.46  
c rst  luby svd  vmt  616   226 K 1538      33K   826 5.84    5.75      751   431   39K   109 34.64   34.55  
c rst  luby svd  vmt  617   227 K 1538      33K   826 5.84    5.75      751   431   40K   109 34.53   34.45  
c rst  geom best vmt  618   227 K 1538      33K   826 5.84    5.75      751   431   40K   109 34.54   34.46  
c rst  geom best vmt  619   227 K 1538      33K   826 5.84    5.75      751   434   40K   109 34.53   34.45  
c rst  geom best vmt  620   227 K 1538      33K   826 5.84    5.75      754   434   40K   109 34.54   34.46  
c rst  geom best vmt  621   227 K 1538      33K   826 5.84    5.75      754   434   40K   109 34.59   34.50  
c rst  geom best vmt  622   228 K 1538      33K   826 5.84    5.75      754   435   40K   109 34.62   34.53  
c rst  geom best vmt  623   228 K 1538      33K   826 5.84    5.75      754   435   40K   109 34.60   34.51  
c rst  geom best vmt  624   228 K 1538      33K   826 5.84    5.75      754   435   41K   109 34.59   34.51  
c rst  geom best vmt  625   228 K 1538      33K   826 5.84    5.75      754   435   41K   109 34.61   34.53  
c rst  geom best vmt  626   228 K 1538      33K   826 5.84    5.75      754   438   41K   109 34.61   34.53  
c rst  geom best vmt  627   229 K 1538      33K   826 5.84    5.75      754   440   41K   109 34.64   34.56  
c rst  geom best vmt  628   229 K 1538      33K   826 5.84    5.75      754   440   42K   109 34.54   34.46  
c rst  geom best vmt  629   229 K 1538      33K   826 5.84    5.75      754   442   42K   109 34.45   34.37  
c rst  geom best vmt  630   230 K 1538      33K   826 5.84    5.75      783   407   42K   109 34.43   34.35  
c rst  geom best vmt  631   230 K 1538      33K   826 5.84    5.75      783   410   43K   109 34.50   34.42  
c rst  geom best vmt  632   230 K 1538      33K   826 5.84    5.75      783   411   43K   109 34.47   34.39  
c [distill] watch-based irred--  cl tried 7820     cl-sh 0     cl-rem 0    lit-rem 0      T: 0.00 T-out: N
c [distill] watch-based red  --  cl tried 1565     cl-sh 7     cl-rem 1    lit-rem 8      T: 0.00 T-out: N
c rst  geom best vmt  633   231 K 1538      33K   826 5.84    5.75      783   412   43K   109 34.51   34.43  
c rst  geom best vmt  634   231 K 1538      33K   826 5.84    5.75      784   415   44K   109 34.46   34.38  
c rst  geom best vmt  635   232 K 1538      33K   826 5.84    5.75      784   415   44K   109 34.37   34.29  
c rst  geom best vmt  636   232 K 1538      33K   826 5.84    5.75      785   419   45K   109 34.32   34.25  
c rst  geom best vmt  637   233 K 1538      33K   826 5.84    5.75      785   424   46K   109 34.31   34.23  
c rst  geom best vmt  638   234 K 1538      33K   826 5.84    5.75      785   424   46K   109 34.27   34.19  
c rst  geom best vmt  639   235 K 1538      33K   826 5.84    5.75      785   429   47K   109 34.31   34.24  
c rst  geom stb  vmt  640   235 K 1538      33K   826 5.84    5.75      786   437   48K   109 34.64   34.57  
c rst  geom stb  vmt  641   236 K 1538      33K   826 5.84    5.75      788   441   49K   109 34.85   34.78  
c [distill-long-red0] cls tried: 40/40 T: 0.00 T-out: N T-r: 99.94%
c [distill-long-red1] cls tried: 86/183 T: 0.01 T-out: Y T-r: -1.22%
c rst  geom stb  vmt  642   237 K 1538      33K   826 5.84    5.75      788   441   50K   109 35.16   35.09  
c [distill-bin] useful: 0/826/826 lits-rem: 0 cl-rem: 0 0-depth-assigns: 0 T: 0.01 T-out: N
c rst  geom stb  vmt  643   239 K 1538      33K   826 5.84    5.75      788   443   51K   109 35.25   35.18  
c rst  geom stb  vmt  644   240 K 1538      33K   826 5.84    5.75      808   440   35K   109 34.54   34.44  
c rst  geom stb  vmt  645   241 K 1538      33K   826 5.84    5.75      808   446   37K   109 34.75   34.65  
c rst  geom stb  vmt  646   243 K 1538      33K   826 5.84    5.75      808   448   38K   109 34.73   34.64  
c rst  geom ibes vmt  647   244 K 1538      33K   826 5.84    5.75      808   448   39K   109 34.68   34.59  
c recursive minimization cost OK: 673Kcost/(% lits removed)
c [gauss] XOR-encoding clauses are not detached, so no need to reattach them.
c [g 0] truth-find prop checks  : 1472K
c [g 0] -> of which prop        : 67.92 %
c [g 0] -> of which confl       :  2.23 %
c [g 0] elim called             : 48K
c [g 0] ---> which lead to prop : 106.62 %
c [g 0] ---> which lead to confl:  2.45 %
c [g 0] size: 55    x 473  
c --> Executing strategy token: scc-vrepl
c [scc] new: 0 BP 0M T: 0.00
c --> Executing strategy token: sub-impl
c [impl-sub] bin: 0 T: 0.00 T-out: N w-visit: 3080
c --> Executing strategy token: breakid
c --> Executing OCC strategy token(s): 'occ-backw-sub-str,occ-clean-implicit,occ-bve,occ-bva,occ-ternary-res,occ-xor,'
c [occ] mem usage for occur 3      MB
c [occ] Linked in IRRED BIN by default: 826
c [occ] Linked in RED   BIN by default: 109
c [occ] mem usage for occur 0      MB
c Mem for watch alloc      : 9           MB (21.39     %)
c Mem for watch array      : 0           MB (0.15      %)
c --> Executing OCC strategy token: occ-backw-sub-str
c [occ-backw-sub-str-long-w-bins] subs: 0 str: 10 tried: 8711 0-depth ass: 0 T: 0.00 T-out: N T-r: 99.12%
c [occ-backw-sub-long-w-long] rem cl: 44 tried: 74648/74648 (100.0%) T: 0.03 T-out: N T-r: 89.02%
c [occ-backw-sub-str-long-w-long] sub: 1 str: 13 tried: 223944/74648 (300.0)  T: 0.21 T-out: N T-r: 67.89%
c --> Executing OCC strategy token: occ-clean-implicit
c --> Executing OCC strategy token: occ-bve
c [occ-empty-res] Empty resolvent elimed: 0 T: 0.00 T-out: N
c [occ-bve] iter v-elim 0
c cl_inc_rate=1.0, var_dec_rate=1.0 (grow=0)
c Reduced to 1538 vars, 34796 cls (grow=0)
c [occ-bve] iter v-elim 0
c cl_inc_rate=1.0, var_dec_rate=1.0 (grow=8)
c Reduced to 1538 vars, 34796 cls (grow=8)
c [occ-bve] iter v-elim 3
c cl_inc_rate=1.0, var_dec_rate=1.0 (grow=16)
c Reduced to 1535 vars, 34791 cls (grow=16)
c x n vars       : 1535
c #try to eliminate:  4635
c #var-elim        :     3
c #T-o: N
c #T-r: 99.98%
c #T  : 0.41
c [occur] 0.04 is overhead
c [occur] link-in T: 0.04 cleanup T: 0.00
c --> Executing OCC strategy token: occ-bva
c --> Executing OCC strategy token: occ-ternary-res
c [occ-ternary-res] Ternary res-tri: 0 res-bin: 0 sub: 0 str: 0 T: 0.00 T-out: N T-r: 99.79%
c --> Executing OCC strategy token: occ-xor
c [occ-xor] sort occur list T: 0.00
c [xor-clean-equiv] removed equivalent xors: 0 left with: 961
c [occ-xor] found    961 avg sz 5.9 min sz  3 max sz  6 T: 0.01 T-out: N T-r: 99.97%
c --> Executing strategy token: card-find
c --> Executing strategy token: cl-consolidate
c Not consolidating memory.
c --> Executing strategy token: scc-vrepl
c [scc] new: 0 BP 0M T: 0.00
c --> Executing strategy token: renumber
c --> Executing strategy token: bosphorus
c --> Executing strategy token: louvain-comms
c [consolidate] mini T: 0.00
c global_timeout_multiplier: 3.9930
c [branch] rebuilding order heap for all branchings. Current branching: vmtf
c [find&init matx] performing matrix init
c [gauss] XOR-encoding clauses are not detached, so no need to reattach them.
c [xor-rem-unconnected] left with 961 xors from 961 non-empty xors T: 0.00
c [xor-together] xored together: 899 orig xors: 961 new xors: 62 T: 0.00
c [xor-rem-unconnected] left with 62 xors from 62 non-empty xors T: 0.00
c [xor-clean-equiv] removed equivalent xors: 0 left with: 62
c [matrix] unused xors from cleaning: 0
c [matrix] Good   matrix  0     62 x  487  density:0.1291  xorlen avg: 62.85
c [matrix] Using 1 matrices recovered from 0 xors T: 0.00 T-out: N
c rst  geom ibes  vmt   648  245K    1535   33K   826    5.84    5.75   750   440   40K   109   34.63   34.54
c [full-probe]  bin_only: 0 set: 0 repl: 0 T: 0.01 T-out: N T-r: 96.60%
c rst  geom ibes  vmt   649  246K    1535   33K   826    5.84    5.75   750   450   42K   109   34.65   34.57
c [gauss] XOR-encoding clauses are not detached, so no need to reattach them.
c [g 0] truth-find prop checks  : 60K
c [g 0] -> of which prop        : 71.76 %
c [g 0] -> of which confl       :  2.78 %
c [g 0] elim called             : 1800
c [g 0] ---> which lead to prop : 103.56 %
c [g 0] ---> which lead to confl:  2.00 %
c [g 0] size: 62    x 487  
c [scc] new: 0 BP 0M T: 0.00
c [vrep] vars 0 lits 0 rem-bin-cls 0 rem-long-cls 0 BP 0M T: 0.01
c [intree] Set 0 vars hyper-added: 0 trans-irred: 0 trans-red: 0 T: 0.01 T-out: N T-r: 0.18%
c [find&init matx] performing matrix init
c [gauss] XOR-encoding clauses are not detached, so no need to reattach them.
c [xor-rem-unconnected] left with 961 xors from 961 non-empty xors T: 0.00
c [xor-together] xored together: 899 orig xors: 961 new xors: 62 T: 0.00
c [xor-rem-unconnected] left with 62 xors from 62 non-empty xors T: 0.00
c [xor-clean-equiv] removed equivalent xors: 0 left with: 62
c [matrix] unused xors from cleaning: 0
c [matrix] Good   matrix 0 62      x487    density:0.1291  xorlen avg: 62.85
c [matrix] Using 1 matrices recovered from 0 xors T: 0.00 T-out: N
c rst  geom ibes vmt  650   248 K 1535      33K   826 5.84    5.75      751   469   44K   109 35.33   35.25  
c rst  geom ibes vmt  651   251 K 1535      33K   826 5.84    5.75      776   342   46K   109 35.48   35.41  
c [branch] adjusting to: vsid (from: vmtf) var_decay:0.95 descr: VSIDS
c rst  geom svd  vs   652   251 K 1535      33K   826 5.84    5.75      778   344   46K   109 35.50   35.42  
c rst  geom svd  vs   653   251 K 1535      33K   826 5.84    5.75      778   344   46K   109 35.50   35.43  
c rst  geom svd  vs   654   251 K 1535      33K   826 5.84    5.75      778   345   46K   109 35.50   35.42  
c rst  geom svd  vs   655   251 K 1535      33K   826 5.84    5.75      778   345   47K   109 35.52   35.44  
c rst  geom svd  vs   656   251 K 1535      33K   826 5.84    5.75      778   345   47K   109 35.54   35.47  
c rst  geom svd  vs   657   252 K 1535      33K   826 5.84    5.75      778   345   47K   109 35.55   35.47  
c [distill-long-red0] cls tried: 47/47 T: 0.00 T-out: N T-r: 99.90%
c [distill-long-red1] cls tried: 112/126 T: 0.01 T-out: Y T-r: -1.08%
c rst  geom svd  vs   658   252 K 1535      33K   826 5.84    5.75      778   345   47K   109 35.52   35.44  
c rst  geom svd  vs   659   252 K 1535      33K   826 5.84    5.75      778   345   47K   109 35.48   35.41  
c rst  geom svd  vs   660   252 K 1535      33K   826 5.84    5.75      778   345   48K   109 35.43   35.36  
c rst  geom svd  vs   661   252 K 1535      33K   826 5.84    5.75      778   346   48K   109 35.38   35.31  
c rst  geom svd  vs   662   253 K 1535      33K   826 5.84    5.75      778   346   48K   109 35.32   35.24  
c rst  geom svd  vs   663   253 K 1535      33K   826 5.84    5.75      778   346   48K   109 35.29   35.22  
c rst  geom svd  vs   664   253 K 1535      33K   826 5.84    5.75      778   352   49K   109 35.33   35.25  
c rst  geom svd  vs   665   254 K 1535      33K   826 5.84    5.75      778   354   49K   109 35.48   35.41  
c rst  geom svd  vs   666   254 K 1535      33K   826 5.84    5.75      778   354   49K   109 35.63   35.56  
c rst  geom svd  vs   667   255 K 1535      33K   826 5.84    5.75      781   394   36K   109 36.67   36.57  
c rst  geom svd  vs   668   255 K 1535      33K   826 5.84    5.75      782   396   37K   109 36.68   36.58  
c rst  geom svd  vs   669   256 K 1535      33K   826 5.84    5.75      782   396   37K   109 36.69   36.59  
c [distill] watch-based irred--  cl tried 8338     cl-sh 0     cl-rem 0    lit-rem 0      T: 0.01 T-out: N
c [distill] watch-based red  --  cl tried 1564     cl-sh 7     cl-rem 0    lit-rem 11     T: 0.00 T-out: N
c rst  geom svd  vs   670   256 K 1535      33K   826 5.84    5.75      782   396   38K   109 36.52   36.42  
c rst  geom svd  vs   671   257 K 1535      33K   826 5.84    5.75      782   396   39K   109 36.45   36.36  
c rst  geom svd  vs   672   258 K 1535      33K   826 5.84    5.75      782   396   39K   109 36.51   36.42  
c [distill-bin] useful: 2/826/826 lits-rem: 0 cl-rem: 2 0-depth-assigns: 0 T: 0.01 T-out: N
c rst  geom svd  vs   673   258 K 1535      33K   824 5.84    5.75      782   397   40K   109 36.53   36.44  
c rst  geom best vs   674   259 K 1535      33K   824 5.84    5.75      782   398   41K   110 36.44   36.35  
c rst  geom best vs   675   260 K 1535      33K   824 5.84    5.75      820   352   42K   110 36.17   36.08  
c rst  geom best vs   676   261 K 1535      33K   824 5.84    5.75      821   366   43K   110 36.54   36.45  
c rst  geom best vs   677   262 K 1535      33K   824 5.84    5.75      821   372   44K   110 36.44   36.36  
c rst  geom best vs   678   264 K 1535      33K   824 5.84    5.75      822   372   46K   110 36.25   36.17  
c rst  geom best vs   679   265 K 1535      33K   824 5.84    5.75      822   375   47K   110 36.03   35.95  
c [full-probe]  bin_only: 1 set: 0 repl: 0 T: 0.01 T-out: N T-r: 99.80%
c rst  geom best vs   680   267 K 1535      33K   824 5.84    5.75      822   375   48K   110 36.02   35.94  
c [distill-long-red0] cls tried: 24/24 T: 0.00 T-out: N T-r: 99.96%
c [distill-long-red1] cls tried: 80/80 T: 0.01 T-out: N T-r: 28.99%
c rst  geom stb  vs   681   268 K 1535      33K   824 5.84    5.75      822   376   50K   110 35.87   35.80  
c [ccnr] saving best assignment phase to stable_polar
c [ccnr] bumping based on var unsat frequency: conflict_ct
c [ccnr] Bumped vars: 1540 bump type: 6
c [ccnr] time: 0.39
c rst  geom stb  vs   682   270 K 1535      33K   824 5.84    5.75      853   351   38K   110 36.28   36.18  
c rst  geom stb  vs   683   272 K 1535      33K   824 5.84    5.75      853   351   40K   110 35.82   35.73  
c rst  geom stb  vs   684   275 K 1535      33K   824 5.84    5.75      853   359   42K   110 35.95   35.87  
c rst  geom ibes vs   685   277 K 1535      33K   824 5.84    5.75      854   360   44K   110 36.06   35.98  
c rst  geom ibes vs   686   280 K 1535      33K   824 5.84    5.75      880   331   47K   110 36.53   36.46  
c [distill-bin] useful: 0/824/824 lits-rem: 0 cl-rem: 0 0-depth-assigns: 0 T: 0.01 T-out: N
c rst  geom ibes vs   687   283 K 1535      33K   824 5.84    5.75      880   334   50K   110 36.83   36.75  
c [branch] adjusting to: vmtf (from: vsid) var_decay:0.95 descr: VMTF
c [distill-long-red0] cls tried: 12/12 T: 0.00 T-out: N T-r: 99.98%
c [distill-long-red1] cls tried: 34/34 T: 0.00 T-out: N T-r: 63.54%
c [distill] watch-based irred--  cl tried 8338     cl-sh 0     cl-rem 0    lit-rem 0      T: 0.00 T-out: N
c [distill] watch-based red  --  cl tried 1760     cl-sh 6     cl-rem 0    lit-rem 13     T: 0.00 T-out: N
c [impl-str] lit bin: 0 set-var: 0 T: 0.00 T-out: N T-r: 99.95% w-visit: 3080
c [impl-sub] bin: 0 T: 0.00 T-out: N w-visit: 3080
c rst  luby svd  vmt  688   283 K 1535      33K   824 5.84    5.75      886   348   50K   111 36.80   36.73  
c rst  luby svd  vmt  689   283 K 1535      33K   824 5.84    5.75      886   348   50K   111 36.81   36.73  
c rst  luby svd  vmt  690   283 K 1535      33K   824 5.84    5.75      886   348   50K   111 36.78   36.71  
c rst  luby svd  vmt  691   283 K 1535      33K   824 5.84    5.75      886   349   51K   111 36.77   36.70  
c rst  luby svd  vmt  692   283 K 1535      33K   824 5.84    5.75      886   349   51K   111 36.78   36.70  
c rst  luby svd  vmt  693   284 K 1535      33K   824 5.84    5.75      886   351   51K   112 36.83   36.75  
c rst  luby svd  vmt  694   284 K 1535      33K   824 5.84    5.75      886   352   51K   112 36.92   36.85  
c rst  luby svd  vmt  695   284 K 1535      33K   824 5.84    5.75      886   352   51K   112 36.93   36.85  
c rst  luby svd  vmt  696   284 K 1535      33K   824 5.84    5.75      886   355   51K   112 36.93   36.86  
c rst  luby svd  vmt  697   284 K 1535      33K   824 5.84    5.75      886   360   52K   112 36.99   36.91  
c rst  luby svd  vmt  698   284 K 1535      33K   824 5.84    5.75      886   361   52K   112 37.00   36.93  
c rst  luby svd  vmt  699   285 K 1535      33K   824 5.84    5.75      887   377   37K   112 36.07   35.97  
c rst  luby svd  vmt  700   285 K 1535      33K   824 5.84    5.75      887   380   37K   112 36.11   36.01  
c rst  luby svd  vmt  701   285 K 1535      33K   824 5.84    5.75      887   380   38K   112 36.06   35.96  
c [full-probe]  bin_only: 0 set: 0 repl: 0 T: 0.01 T-out: N T-r: 98.31%
c rst  luby svd  vmt  702   286 K 1535      33K   824 5.84    5.75      887   382   38K   112 36.17   36.08  
c rst  luby svd  vmt  703   286 K 1535      33K   824 5.84    5.75      887   382   38K   112 36.17   36.07  
c rst  luby svd  vmt  704   286 K 1535      33K   824 5.84    5.75      887   383   39K   112 36.17   36.07  
c rst  luby svd  vmt  705   286 K 1535      33K   824 5.84    5.75      887   385   39K   112 36.17   36.08  
c rst  luby svd  vmt  706   286 K 1535      33K   824 5.84    5.75      887   385   39K   112 36.21   36.11  
c rst  luby svd  vmt  707   287 K 1535      33K   824 5.84    5.75      888   385   39K   112 36.22   36.13  
c rst  luby svd  vmt  708   287 K 1535      33K   824 5.84    5.75      888   386   39K   112 36.19   36.10  
c rst  luby svd  vmt  709   287 K 1535      33K   824 5.84    5.75      888   387   40K   112 36.29   36.20  
c rst  luby svd  vmt  710   287 K 1535      33K   824 5.84    5.75      888   391   40K   112 36.31   36.21  
c rst  luby svd  vmt  711   287 K 1535      33K   824 5.84    5.75      889   391   40K   112 36.32   36.23  
c rst  luby svd  vmt  712   288 K 1535      33K   824 5.84    5.75      889   391   40K   112 36.36   36.27  
c rst  luby svd  vmt  713   288 K 1535      33K   824 5.84    5.75      889   391   40K   112 36.36   36.27  
c rst  luby svd  vmt  714   288 K 1535      33K   824 5.84    5.75      889   391   40K   112 36.38   36.29  
c rst  luby svd  vmt  715   288 K 1535      33K   824 5.84    5.75      889   391   40K   112 36.44   36.35  
c rst  luby svd  vmt  716   288 K 1535      33K   824 5.84    5.75      889   391   41K   112 36.43   36.34  
c rst  luby svd  vmt  717   289 K 1535      33K   824 5.84    5.75      889   391   42K   112 36.45   36.36  
c rst  luby svd  vmt  718   291 K 1535      33K   824 5.84    5.75      919   367   43K   112 36.66   36.58  
c rst  geom best vmt  719   291 K 1535      33K   824 5.84    5.75      919   367   43K   112 36.66   36.57  
c rst  geom best vmt  720   291 K 1535      33K   824 5.84    5.75      919   367   43K   112 36.65   36.57  
c rst  geom best vmt  721   291 K 1535      33K   824 5.84    5.75      919   368   44K   112 36.62   36.53  
c rst  geom best vmt  722   291 K 1535      33K   824 5.84    5.75      919   368   44K   112 36.62   36.54  
c rst  geom best vmt  723   291 K 1535      33K   824 5.84    5.75      919   368   44K   112 36.62   36.53  
c rst  geom best vmt  724   292 K 1535      33K   824 5.84    5.75      919   368   44K   112 36.57   36.48  
c rst  geom best vmt  725   292 K 1535      33K   824 5.84    5.75      919   368   44K   112 36.53   36.45  
c rst  geom best vmt  726   292 K 1535      33K   824 5.84    5.75      919   368   44K   112 36.49   36.40  
c rst  geom best vmt  727   292 K 1535      33K   824 5.84    5.75      919   369   45K   112 36.53   36.45  
c rst  geom best vmt  728   293 K 1535      33K   824 5.84    5.75      919   372   45K   112 36.55   36.47  
c rst  geom best vmt  729   293 K 1535      33K   824 5.84    5.75      919   373   45K   112 36.61   36.52  
c rst  geom best vmt  730   293 K 1535      33K   824 5.84    5.75      919   373   45K   112 36.58   36.50  
c rst  geom best vmt  731   293 K 1535      33K   824 5.84    5.75      919   376   46K   112 36.62   36.54  
c rst  geom best vmt  732   294 K 1535      33K   824 5.84    5.75      919   380   46K   112 36.61   36.53  
c rst  geom best vmt  733   294 K 1535      33K   824 5.84    5.75      919   393   47K   112 36.63   36.55  
c rst  geom best vmt  734   295 K 1535      33K   824 5.84    5.75      919   393   47K   112 36.60   36.52  
c rst  geom best vmt  735   295 K 1535      33K   824 5.84    5.75      919   397   48K   112 36.65   36.57  
c rst  geom best vmt  736   296 K 1535      33K   824 5.84    5.75      919   399   48K   112 36.65   36.57  
c rst  geom best vmt  737   296 K 1535      33K   824 5.84    5.75      919   399   49K   112 36.57   36.49  
c rst  geom best vmt  738   297 K 1535      33K   824 5.84    5.75      919   399   49K   112 36.45   36.38  
c rst  geom best vmt  739   298 K 1535      33K   824 5.84    5.75      920   399   50K   112 36.62   36.55  
c rst  geom best vmt  740   299 K 1535      33K   824 5.84    5.75      920   404   51K   112 36.81   36.73  
c [distill-long-red0] cls tried: 37/37 T: 0.00 T-out: N T-r: 99.92%
c [distill-long-red1] cls tried: 90/90 T: 0.01 T-out: N T-r: 26.47%
c rst  geom best vmt  741   299 K 1535      33K   824 5.84    5.75      920   412   52K   112 36.98   36.91  
c rst  geom stb  vmt  742   300 K 1535      33K   824 5.84    5.75      964   357   37K   112 36.91   36.81  
c [distill-bin] useful: 0/824/824 lits-rem: 0 cl-rem: 0 0-depth-assigns: 0 T: 0.01 T-out: N
c rst  geom stb  vmt  743   301 K 1535      33K   824 5.84    5.75      964   357   38K   112 36.66   36.56  
c rst  geom stb  vmt  744   303 K 1535      33K   824 5.84    5.75      966   361   39K   112 36.30   36.20  
c rst  geom stb  vmt  745   304 K 1535      33K   824 5.84    5.75      966   368   40K   112 36.68   36.59  
c rst  geom stb  vmt  746   305 K 1535      33K   824 5.84    5.75      967   381   42K   112 36.83   36.74  
c [full-probe]  bin_only: 1 set: 0 repl: 0 T: 0.01 T-out: N T-r: 99.83%
c rst  geom stb  vmt  747   307 K 1535      33K   824 5.84    5.75      967   381   43K   112 36.70   36.62  
c rst  geom stb  vmt  748   308 K 1535      33K   824 5.84    5.75      967   381   45K   112 36.40   36.32  
c [distill] watch-based irred--  cl tried 8338     cl-sh 0     cl-rem 0    lit-rem 0      T: 0.00 T-out: N
c [distill] watch-based red  --  cl tried 1934     cl-sh 8     cl-rem 0    lit-rem 11     T: 0.00 T-out: N
c rst  geom ibes vmt  749   310 K 1535      33K   824 5.84    5.75     1003   355   47K   112 36.47   36.39  
c rst  geom ibes vmt  750   312 K 1535      33K   824 5.84    5.75     1004   361   49K   112 36.51   36.43  
c [gauss] XOR-encoding clauses are not detached, so no need to reattach them.
c [g 0] truth-find prop checks  : 1552K
c [g 0] -> of which prop        : 68.41 %
c [g 0] -> of which confl       :  2.42 %
c [g 0] elim called             : 50K
c [g 0] ---> which lead to prop : 97.70 %
c [g 0] ---> which lead to confl:  2.61 %
c [g 0] size: 62    x 487  
c [scc] new: 0 BP 0M T: 0.00
c [vrep] vars 0 lits 0 rem-bin-cls 0 rem-long-cls 0 BP 0M T: 0.01
c [intree] Set 0 vars hyper-added: 0 trans-irred: 0 trans-red: 0 T: 0.01 T-out: N T-r: -1.25%
c [find&init matx] performing matrix init
c [gauss] XOR-encoding clauses are not detached, so no need to reattach them.
c [xor-rem-unconnected] left with 961 xors from 961 non-empty xors T: 0.00
c [xor-together] xored together: 899 orig xors: 961 new xors: 62 T: 0.00
c [xor-rem-unconnected] left with 62 xors from 62 non-empty xors T: 0.00
c [xor-clean-equiv] removed equivalent xors: 0 left with: 62
c [matrix] unused xors from cleaning: 0
c [matrix] Good   matrix 0 62      x487    density:0.1291  xorlen avg: 62.85
c [matrix] Using 1 matrices recovered from 0 xors T: 0.00 T-out: N
c [ccnr] saving best assignment phase to stable_polar
c [ccnr] bumping based on clause weights
c [ccnr] Bumped vars: 101 bump type: 6
c [ccnr] time: 0.37
c [g  <0] Disabling GJ-elim in this round.  Usefulness was: 18.1291%  over 59534 calls
c rst  geom ibes vmt  751   315 K 1535      33K   824 5.84    5.75     1046   652   37K   112 36.70   36.60  
c [branch] adjusting to: vsid (from: vmtf) var_decay:0.95 descr: VSIDS
c [distill-long-red0] cls tried: 63/63 T: 0.00 T-out: N T-r: 99.93%
c [distill-long-red1] cls tried: 68/359 T: 0.01 T-out: Y T-r: -2.19%
c rst  geom ibes vs   752   315 K 1535      33K   824 5.84    5.75     1046   655   37K   112 36.69   36.60  
c rst  geom ibes vs   753   315 K 1535      33K   824 5.84    5.75     1048   663   37K   112 36.75   36.65  
c rst  geom ibes vs   754   315 K 1535      33K   824 5.84    5.75     1048   667   37K   112 36.75   36.65  
c rst  geom ibes vs   755   315 K 1535      33K   824 5.84    5.75     1048   676   37K   112 36.79   36.69  
c rst  geom ibes vs   756   315 K 1535      33K   824 5.84    5.75     1048   678   38K   112 36.86   36.77  
c rst  geom ibes vs   757   316 K 1535      33K   824 5.84    5.75     1049   690   38K   112 36.85   36.76  
c rst  geom ibes vs   758   316 K 1535      33K   824 5.84    5.75     1049   693   38K   112 36.92   36.83  
c rst  geom ibes vs   759   316 K 1535      33K   824 5.84    5.75     1051   702   38K   112 36.97   36.87  
c rst  geom ibes vs   760   316 K 1535      33K   824 5.84    5.75     1051   706   38K   112 37.03   36.94  
c rst  geom ibes vs   761   316 K 1535      33K   824 5.84    5.75     1053   726   39K   112 36.99   36.89  
c rst  geom ibes vs   762   317 K 1535      33K   824 5.84    5.75     1054   739   39K   112 37.03   36.94  
c rst  geom svd  vs   763   317 K 1535      33K   824 5.84    5.75     1054   751   39K   112 37.14   37.04  
c rst  geom svd  vs   764   317 K 1535      33K   824 5.84    5.75     1056   762   40K   112 37.11   37.01  
c rst  geom svd  vs   765   318 K 1535      33K   824 5.84    5.75     1057   768   40K   112 37.07   36.98  
c rst  geom svd  vs   766   318 K 1535      33K   824 5.84    5.75     1059   776   40K   112 37.08   36.99  
c rst  geom svd  vs   767   319 K 1535      33K   824 5.84    5.75     1059   794   41K   112 37.12   37.02  
c rst  geom svd  vs   768   319 K 1535      33K   824 5.84    5.75     1062   813   41K   112 37.11   37.02  
c rst  geom svd  vs   769   320 K 1535      33K   824 5.84    5.75     1272   598   42K   112 37.13   37.04  
c rst  geom svd  vs   770   320 K 1535      33K   824 5.84    5.75     1274   611   42K   112 37.08   36.99  
c rst  geom svd  vs   771   321 K 1535      33K   824 5.84    5.75     1276   630   43K   112 36.97   36.88  
c [distill-bin] useful: 0/824/824 lits-rem: 0 cl-rem: 0 0-depth-assigns: 0 T: 0.01 T-out: N
c rst  geom svd  vs   772   322 K 1535      33K   824 5.84    5.75     1277   644   44K   112 36.83   36.74  
c rst  geom svd  vs   773   322 K 1535      33K   824 5.84    5.75     1279   662   44K   112 36.66   36.57  
c rst  geom svd  vs   774   323 K 1535      33K   824 5.84    5.75     1281   673   45K   112 36.49   36.41  
c rst  geom svd  vs   775   324 K 1535      33K   824 5.84    5.75     1283   684   46K   112 36.30   36.22  
c rst  geom svd  vs   776   325 K 1535      33K   824 5.84    5.75     1288   718   47K   112 36.09   36.02  
c [full-probe]  bin_only: 0 set: 0 repl: 0 T: 0.01 T-out: N T-r: 97.12%
c rst  geom best vs   777   326 K 1535      33K   824 5.84    5.75     1312   994   48K   112 35.66   35.58  
c rst  geom best vs   778   328 K 1535      33K   824 5.84    5.75     1314  1034   49K   112 35.27   35.20  
c rst  geom best vs   779   329 K 1535      33K   824 5.84    5.75     1316  1076   51K   112 34.95   34.89  
c rst  geom best vs   780   331 K 1535      33K   824 5.84    5.75     1811  1436   37K   112 32.07   31.98  
c [distill-long-red0] cls tried: 642/642 T: 0.05 T-out: N T-r: 98.75%
c [distill-long-red1] cls tried: 34/1203 T: 0.02 T-out: Y T-r: -4.28%
c rst  geom best vs   781   332 K 1535      33K   824 5.84    5.75     1812  1453   38K   112 31.42   31.34  
c rst  geom best vs   782   334 K 1535      33K   824 5.84    5.75     1815  1555   40K   112 30.79   30.72  
c [distill] watch-based irred--  cl tried 8338     cl-sh 0     cl-rem 0    lit-rem 0      T: 0.01 T-out: N
c [distill] watch-based red  --  cl tried 3630     cl-sh 67    cl-rem 0    lit-rem 89     T: 0.00 T-out: N
c rst  geom stb  vs   783   336 K 1535      33K   824 5.84    5.75     1816  1595   42K   112 30.20   30.13  
c rst  geom stb  vs   784   339 K 1535      33K   824 5.84    5.75     1816  1615   44K   112 29.58   29.51  
c rst  geom stb  vs   785   341 K 1535      33K   824 5.84    5.75     2159  1379   47K   112 28.87   28.81  
c [distill-bin] useful: 0/824/824 lits-rem: 0 cl-rem: 0 0-depth-assigns: 0 T: 0.01 T-out: N
c rst  geom stb  vs   786   344 K 1535      33K   824 5.84    5.75     2161  1422   50K   112 28.29   28.24  
c [impl-str] lit bin: 0 set-var: 0 T: 0.00 T-out: N T-r: 99.95% w-visit: 3080
c [impl-sub] bin: 1 T: 0.00 T-out: N w-visit: 3080
c rst  geom ibes vs   787   347 K 1535      33K   824 5.84    5.75     2328  2290   38K   111 24.19   24.13  
c ------- FINAL TOTAL SEARCH STATS ---------
c UIP search time          : 36.24       (95.92     % time)
c All times are for this thread only except if explicitly specified
c restarts                 : 787         (441.08    confls per restart)
c blocked restarts         : 0           (0.00      per normal restart)
c time                     : 36.24       
c decisions                : 373856      (0.00      % random)
c propagations             : 44M         (1220K     props/s)
c decisions/conflicts      : 1.08        
c conflicts                : 347132      
c LEARNT stats
c units learnt             : 0           (0.00      % of conflicts)
c bins learnt              : 81          (0.02      % of conflicts)
c long learnt              : 347422      (100.08    % of conflicts)
c red which0               : 576         (0.17      % of confl)
c SEAMLESS HYPERBIN&TRANS-RED stats
c advProp called           : 0           
c hyper-bin add bin        : 0           (0.00      bin/call)
c trans-red rem irred bin  : 0           (0.00      bin/call)
c trans-red rem red bin    : 0           (0.00      bin/call)
c CONFL LITS stats
c orig                     : 81160592    (233.80    lit/confl)
c recurs-min effective     : 338180      (97.42     % attempt successful)
c recurs-min lits          : 69034652    (85.06     % less overall)
c permDiff call%           : 1.19        (0.00      % attempt successful)
c permDiff lits-rem        : 0           (0.00      less lits/cl on attempts)
c further-min call%        : 0.01        (28.57     % attempt successful)
c bintri-min lits          : 8           (0.00      % less overall)
c final avg                : 34.93       
c all-threads sum CPU time : 36.24        s
c PROP stats
c Mbogo-props              : 109.10      (3.01      / sec)
c MHyper-props             : 0.06        (0.00      / sec)
c Mprops                   : 44.24       (1.22      / sec)
c -------- OccSimplifier STATS ----------
c time                     : 0.84        (0.00      % var-elim)
c called                   : 3           (0.28      s per call)
c 0-depth assigns          : 0           (0.00      % vars)
c -------- OccSimplifier STATS END ----------
c -------- SubsumeStrengthen STATS ----------
c cl-subs                  : 1470         Clauses
c cl-str rem lit           : 936          Lits
c cl-sub T                 : 0.11         s
c cl-str T                 : 0.55         s
c -------- SubsumeStrengthen STATS END ----------
c ----- SCC STATS --------
c time                     : 0.00        (0.00      per call)
c called                   : 13          (0.85      new found per call)
c found                    : 11          (50.00     % of all found)
c bogoprops                : 490917      % of all found
c ----- SCC STATS END --------
c --------- VAR REPLACE STATS ----------
c time                     : 0.09        (0.01      per call)
c trees' crown             : 11          (0.39      % of vars)
c 0-depth assigns          : 0           (0.00      % vars)
c lits replaced            : 30907       
c bin cls removed          : 50          
c long cls removed         : 9           
c long lits removed        : 3650        
c bogoprops                : 1945610     
c --------- VAR REPLACE STATS END ----------
c vrep replace time        : 0.09        (0.23      % time)
c vrep tree roots          : 6           
c vrep trees' crown        : 11          (1.83      leafs/tree)
c -------- DISTILL-BIN STATS --------
c time                     : 0.19        (0.01      per call)
c timed out                : 1           (5.88      % of calls)
c distill/checked/potential: 0          /16257/16763
c lits-rem                 : 0           
c 0-depth-assigns          : 0           (0.00      % of vars)
c -------- DISTILL STATS END --------
c -------- STRENGTHEN STATS --------
c --> watch-based on irred cls
c time                     : 0.06        (0.00      s/call)
c shrinked/tried/total     : 164        /90348/729812
c subsumed/tried/total     : 176        /90348/729812
c lits-rem                 : 173         (0.04      % of lits tried)
c called                   : 26          (0.00      % ran out of time)
c --> watch-based on red cls
c time                     : 0.01        (0.00      s/call)
c shrinked/tried/total     : 214        /16591/16591
c subsumed/tried/total     : 11         /16591/16591
c lits-rem                 : 357         (0.37      % of lits tried)
c called                   : 26          (0.00      % ran out of time)
c -------- STRENGTHEN STATS END --------
c -------- IMPLICIT SUB  STATS --------
c time                     : 0.02        (0.00      per call)
c timed out                : 0           (0.00      % of calls)
c rem bins                 : 43          
c -------- IMPLICIT SUB STATS END --------
c Mem used                 : 46          MB
c Mem for longclauses      : 10          MB (22.47     %)
c Mem for watch alloc      : 11          MB (25.76     %)
c Mem for watch array      : 0           MB (0.15      %)
c Mem for assings&vardata  : 0           MB (0.16      %)
c Mem for search&solve     : 0           MB (0.42      %)
c Mem for renumberer       : 0           MB (0.06      %)
c Mem for occsimplifier    : 1           MB (3.57      %)
c Mem for varReplacer&SCC  : 0           MB (0.13      %)
c Mem for impl subsume     : 0           MB (0.00      %)
c Mem for 3 distills       : 0           MB (0.00      %)
c Accounted for mem (rss)  : 52.74       %
c Accounted for mem (vm)   : 48.04       %
c restarts                 : 787         (441.08    confls per restart)
c blocked restarts         : 0           (0.00      per normal restart)
c time                     : 36.24       
c decisions                : 373856      (0.00      % random)
c propagations             : 44M         (1220K     props/s)
c decisions/conflicts      : 1.08        
c conflicts                : 347132      
c conf lits non-minim      : 81160592    (233.80    lit/confl)
c conf lits final          : 34.93       
c red which0               : 576         (0.17      % of confl)
c props/decision           : 0.00        
c props/conflict           : 0.00        
c 0-depth assigns          : 4           (0.26      % vars)
c 0-depth assigns by CNF   : 2           (0.13      % vars)
c reduceDB time            : 0.12        (0.31      % time)
c OccSimplifier time       : 0.84        (2.23      % time)
c [occur] 0.15 is overhead
c [occur] link-in T: 0.12 cleanup T: 0.03
c [occ-substr] long subBySub: 1385 subByStr: 85 lits-rem-str: 936 T: 0.66
c SCC time                 : 0.00        (0.01      % time)
c [scc] new: 11 BP 0M  T: 0.00
c vrep replace time        : 0.09        (0.23      % time)
c vrep tree roots          : 6           
c vrep trees' crown        : 11          (1.83      leafs/tree)
c distill long time        : 0.38        (1.00      % time)
c distill bin time         : 0.19        (0.50      % time)
c strength cache-irred time: 0.06        (0.17      % time)
c strength cache-red time  : 0.01        (0.04      % time)
c avg cls in red 0         : 598.28      
c avg cls in red 1         : 511.91      
c avg cls in red 2         : 38982.12    
c Conflicts in UIP         : 347132      (9187.26   confl/time_this_thread)
c Max Memory (rss) used    : 55892 kB    
c Total time (this thread) : 37.78       
s SATISFIABLE
v -1 2 -3 -4 5 6 -7 -8 -9 -10 11 -12 -13 14 -15 -16 17 -18 -19 -20 -21 -22 -23 
v -24 -25 -26 -27 -28 29 -30 -31 -32 -33 -34 -35 -36 -37 -38 -39 -40 -41 -42 
v -43 -44 -45 -46 47 -48 -49 -50 -51 -52 53 -54 -55 -56 -57 -58 -59 -60 -61 62 
v -63 -64 65 -66 -67 -68 -69 -70 -71 -72 -73 -74 -75 -76 -77 -78 -79 80 -81 -82 
v 83 -84 -85 86 -87 -88 89 -90 -91 -92 -93 -94 -95 -96 -97 -98 -99 -100 -101 
v -102 -103 -104 -105 -106 -107 -108 -109 -110 -111 -112 -113 -114 -115 116 
v -117 -118 119 -120 -121 -122 -123 -124 -125 -126 -127 -128 -129 -130 -131 
v -132 -133 -134 -135 -136 -137 -138 -139 -140 -141 -142 -143 -144 -145 -146 
v -147 -148 -149 -150 -151 -152 -153 -154 -155 -156 -157 -158 -159 -160 -161 
v -162 -163 -164 -165 -166 -167 -168 -169 -170 -171 -172 -173 -174 -175 -176 
v -177 -178 -179 -180 -181 -182 -183 -184 -185 -186 -187 188 -189 -190 191 -192 
v -193 -194 -195 -196 -197 -198 -199 -200 -201 -202 -203 -204 -205 -206 -207 
v -208 -209 -210 -211 -212 -213 -214 -215 -216 -217 -218 -219 -220 -221 -222 
v -223 -224 -225 -226 -227 -228 -229 -230 -231 -232 -233 -234 -235 -236 -237 
v -238 -239 -240 -241 -242 -243 -244 -245 -246 -247 -248 -249 -250 -251 -252 
v -253 -254 -255 -256 -257 -258 -259 -260 -261 -262 -263 -264 -265 -266 -267 
v -268 -269 -270 -271 -272 -273 -274 -275 -276 -277 -278 -279 -280 -281 -282 
v -283 -284 -285 -286 -287 -288 -289 -290 -291 -292 -293 -294 -295 296 -297 
v -298 299 -300 -301 -302 -303 -304 -305 -306 -307 -308 -309 -310 -311 -312 
v -313 -314 -315 -316 -317 -318 -319 -320 -321 -322 -323 -324 -325 -326 -327 
v -328 -329 -330 -331 332 -333 -334 335 -336 -337 -338 -339 -340 -341 -342 -343 
v -344 -345 -346 347 348 -349 -350 351 -352 -353 -354 355 -356 357 -358 -359 
v -360 -361 -362 -363 -364 -365 366 -367 -368 -369 370 -371 372 373 -374 -375 
v -376 -377 -378 -379 -380 -381 -382 -383 -384 -385 -386 -387 -388 -389 -390 
v -391 -392 -393 -394 -395 -396 -397 -398 -399 -400 -401 -402 -403 -404 -405 
v -406 -407 -408 -409 -410 -411 -412 -413 -414 -415 -416 -417 -418 -419 -420 
v -421 -422 -423 -424 -425 -426 -427 -428 -429 -430 -431 -432 -433 -434 -435 
v -436 -437 -438 -439 -440 -441 -442 -443 -444 -445 446 -447 -448 -449 450 -451 
v 452 453 -454 -455 -456 -457 -458 -459 -460 -461 462 -463 -464 -465 466 -467 
v 468 469 -470 -471 -472 -473 -474 -475 -476 -477 -478 -479 -480 -481 -482 -483 
v -484 -485 -486 -487 -488 -489 -490 -491 -492 -493 -494 -495 -496 -497 -498 
v -499 -500 -501 -502 -503 -504 -505 -506 -507 -508 -509 510 -511 -512 -513 514 
v -515 516 517 -518 -519 -520 -521 -522 -523 -524 -525 -526 -527 -528 -529 -530 
v -531 -532 -533 -534 -535 -536 -537 -538 -539 -540 -541 -542 -543 -544 -545 
v -546 -547 -548 -549 -550 -551 -552 -553 -554 -555 -556 -557 -558 -559 -560 
v -561 -562 -563 -564 -565 -566 -567 -568 -569 -570 -571 -572 -573 574 -575 
v -576 -577 578 -579 580 581 -582 -583 -584 -585 -586 -587 -588 -589 -590 -591 
v -592 -593 -594 -595 -596 -597 -598 -599 -600 -601 -602 -603 -604 -605 606 
v -607 -608 -609 610 -611 612 613 -614 -615 -616 -617 -618 -619 -620 -621 -622 
v -623 -624 -625 -626 -627 -628 -629 -630 -631 -632 -633 -634 -635 -636 -637 
v -638 -639 -640 -641 -642 -643 -644 -645 -646 -647 -648 -649 -650 -651 -652 
v -653 -654 -655 -656 -657 -658 -659 -660 -661 -662 -663 -664 -665 -666 -667 
v -668 -669 -670 -671 -672 -673 -674 -675 -676 -677 -678 -679 -680 -681 -682 
v -683 -684 -685 -686 -687 -688 -689 -690 -691 -692 -693 -694 -695 -696 -697 
v -698 -699 -700 -701 -702 -703 -704 -705 -706 -707 -708 -709 -710 -711 -712 
v -713 -714 -715 -716 -717 -718 -719 -720 -721 -722 -723 -724 -725 726 -727 728 
v 729 -730 -731 -732 -733 -734 -735 -736 -737 -738 -739 -740 -741 -742 -743 
v -744 -745 -746 -747 -748 -749 -750 -751 -752 -753 754 755 -756 -757 -758 -759 
v -760 -761 762 -763 -764 -765 -766 -767 768 769 -770 -771 -772 -773 -774 -775 
v -776 -777 -778 -779 -780 -781 -782 783 784 -785 -786 -787 -788 -789 -790 -791 
v -792 -793 -794 -795 0
c [g 0] truth-find prop checks  : 45K
c [g 0] -> of which prop        : 18.49 %
c [g 0] -> of which confl       :  0.92 %
c [g 0] elim called             : 6749
c [g 0] ---> which lead to prop : 28.51 %
c [g 0] ---> which lead to confl:  0.81 %
c [g 0] size: 62    x 487  

real	0m38.147s
user	0m37.786s
sys	0m0.046s
