c BreakID not compiled in, disabling
c CryptoMiniSat version 5.11.19
c CMS Copyright (C) 2009-2020 Authors of CryptoMiniSat, see AUTHORS file
c CMS SHA revision b80e09ebd7703fc13b987401d693d7d406a50441
c Using VMTF code by Armin Biere from CaDiCaL
c Using Yalsat by Armin Biere, see Balint et al. Improving implementation of SLS solvers [...], SAT'14
c Using WalkSAT by Henry Kautz, see Kautz and Selman Pushing the envelope: planning, propositional logic, and stochastic search, AAAI'96,
c CMS is MIT licensed
c Using code from 'When Boolean Satisfiability Meets Gauss-E. in a Simplex Way'
c       by C.-S. Han and J.-H. Roland Jiang in CAV 2012. Fixes by M. Soos
c Using CCAnr from 'CCAnr: A Conf. Checking Based Local Search Solver [...]'
c       by Shaowei Cai, Chuan Luo, and Kaile Su, SAT 2015
c CMS compilation env CMAKE_CXX_COMPILER = /usr/bin/c++ | CMAKE_CXX_FLAGS =  -fvisibility=hidden -Wall -Wextra -Wunused -Wsign-compare -fno-omit-frame-pointer -Wtype-limits -Wuninitialized -Wno-deprecated -Wstrict-aliasing -Wpointer-arith -Wpointer-arith -Wformat-nonliteral -Winit-self -Wparentheses -Wunreachable-code -g -Wno-class-memaccess -mpopcnt -msse4.2 -ggdb3 -Wlogical-op -Wrestrict -Wnull-dereference -Wdouble-promotion -Wshadow -Wformat=2 -Wextra-semi -pedantic | COMPILE_DEFINES =  -DRDB0_ONLY_FEATURES -DUSE_ZLIB -DYALSAT_FPU | STATICCOMPILE = OFF | ONLY_SIMPLE =  | STATS = OFF | SQLITE3_FOUND =  | ZLIB_FOUND = TRUE | VALGRIND_FOUND =  | ENABLE_TESTING = OFF | SLOW_DEBUG = OFF | ENABLE_ASSERTIONS = ON | PYTHON_EXECUTABLE =  | PYTHON_LIBRARY =  | PYTHON_INCLUDE_DIRS =  | MY_TARGETS =  | LARGEMEM = OFF | LIMITMEM = OFF | BREAKID_LIBRARIES =  | BREAKID-VER = . | BOSPHORUS_LIBRARIES =  | BOSPH-VER = . | compilation date time = Jul 13 2026 14:05:03
c CMS compiled with gcc version 11.5.0 20240719 (Red Hat 11.5.0-5)
c Executed with command line: ./cryptominisat5 ./instancesBreak/IC_S4/Xn19l6-25-U.dimacs_break.cnf
c Reading file './instancesBreak/IC_S4/Xn19l6-25-U.dimacs_break.cnf'
c -- header says num vars:            805
c -- header says num clauses:        2529
c -- clauses added: 2477
c -- xor clauses added: 52
c -- vars added 805
c Parsing time: 0.00 s
c [find&init matx] performing matrix init
c [gauss] XOR-encoding clauses are not detached, so no need to reattach them.
c [xor-rem-unconnected] left with 50 xors from 50 non-empty xors T: 0.00
c [xor-together] xored together: 0 orig xors: 50 new xors: 50 T: 0.00
c [xor-rem-unconnected] left with 50 xors from 50 non-empty xors T: 0.00
c [xor-clean-equiv] removed equivalent xors: 0 left with: 50
c [matrix] unused xors from cleaning: 0
c [matrix] Good   matrix  0     50 x  765  density:0.1158  xorlen avg: 88.62
c [matrix] Using 1 matrices recovered from 0 xors T: 0.00 T-out: N
c [branch] adjusting to: vsid (from: vsid) var_decay:0.95 descr: VSIDS
c rst  geom  stb   vs     1   117    2928 18147  1656    3.96    3.80     0    28    84     5  210.39  201.49
c rst  geom  stb   vs     2   239    2928 18147  1656    3.96    3.80     3    41   190     5  161.55  158.21
c  res  pol bran  nres  conf freevar  IrrL  IrrB l/longC  l/allC RedL0 RedL1 RedL2  RedB l/longC  l/allC
c rst  geom  stb   vs     3   373    2928 18147  1656    3.96    3.80     3    45   318     7  131.26  128.83
c rst  geom  stb   vs     4   520    2928 18147  1656    3.96    3.80     3    45   465     7  114.06  112.55
c rst  geom  stb   vs     5   682    2928 18147  1656    3.96    3.80     3    45   626     8  102.52  101.34
c rst  geom  stb   vs     6   860    2928 18147  1656    3.96    3.80     3    45   804     8   92.76   91.92
c rst  geom  stb   vs     7  1055    2928 18147  1656    3.96    3.80     3    45   999     8   86.07   85.44
c rst  geom  stb   vs     8  1268    2928 18147  1656    3.96    3.80     3    45  1209    11   81.77   81.08
c rst  geom  stb   vs     9  1502    2928 18147  1656    3.96    3.80     7    45  1439    11   78.55   77.99
c rst  geom  stb   vs    10  1760    2928 18147  1656    3.96    3.80    10    45  1691    14   77.79   77.19
c rst  geom  stb   vs    11  2042    2928 18147  1656    3.96    3.80    12    48  1968    14   74.57   74.07
c rst  geom  stb   vs    12  2352    2928 18147  1656    3.96    3.80    13    48  2276    15   73.45   72.99
c rst  geom  stb   vs    13  2693    2928 18147  1656    3.96    3.80    13    48  2616    16   71.56   71.15
c rst  geom  stb   vs    14  3067    2928 18147  1656    3.96    3.80    17    50  2983    17   70.20   69.82
c rst  geom  stb   vs    15  3478    2928 18147  1656    3.96    3.80    17    50  3394    17   68.75   68.42
c rst  geom  stb   vs    16  3930    2928 18147  1656    3.96    3.80    18    53  3841    18   67.33   67.03
c rst  geom  stb   vs    17  4424    2928 18147  1656    3.96    3.80    21    53  4332    18   67.51   67.25
c rst  geom  stb   vs    18  4967    2928 18147  1656    3.96    3.80    22    53  4874    18   68.00   67.76
c rst  geom  stb   vs    19  5565    2928 18147  1656    3.96    3.80    23    53  5470    19   66.91   66.69
c [branch] adjusting to: vmtf (from: vsid) var_decay:0.95 descr: VMTF
c [distill-long-red0] cls tried: 23/23 T: 0.00 T-out: N T-r: 99.99%
c [distill-long-red1] cls tried: 53/53 T: 0.00 T-out: N T-r: 96.45%
c rst  luby ibes  vmt    20  5668    2928 18147  1656    3.96    3.80    38    79  5529    22   66.04   65.79
c rst  luby ibes  vmt    21  5769    2928 18147  1656    3.96    3.80    42   126  5578    23   65.72   65.47
c rst  luby ibes  vmt    22  5971    2928 18147  1656    3.96    3.80    42   132  5796    23   65.08   64.84
c rst  luby ibes  vmt    23  6073    2928 18147  1656    3.96    3.80    43   136  5892    24   64.65   64.41
c rst  luby ibes  vmt    24  6175    2928 18147  1656    3.96    3.80    43   137  5999    24   64.19   63.95
c rst  luby ibes  vmt    25  6377    2928 18147  1656    3.96    3.80    43   145  6194    24   63.03   62.80
c rst  luby ibes  vmt    26  6778    2928 18147  1656    3.96    3.80    49   227  6551    24   60.72   60.52
c rst  luby ibes  vmt    27  6880    2928 18147  1656    3.96    3.80    49   230  6650    24   60.36   60.16
c rst  luby ibes  vmt    28  6981    2928 18147  1656    3.96    3.80    49   233  6748    24   59.99   59.80
c rst  luby ibes  vmt    29  7184    2928 18147  1656    3.96    3.80    49   242  6941    25   59.38   59.18
c rst  luby ibes  vmt    30  7286    2928 18147  1656    3.96    3.80    49   244  7040    26   59.22   59.02
c rst  luby ibes  vmt    31  7387    2928 18147  1656    3.96    3.80    49   248  7137    26   58.97   58.77
c rst  luby ibes  vmt    32  7588    2928 18147  1656    3.96    3.80    49   251  7335    26   58.63   58.44
c rst  luby ibes  vmt    33  7989    2928 18147  1656    3.96    3.80    52   258  7726    26   57.68   57.50
c rst  luby ibes  vmt    34  8791    2928 18147  1656    3.96    3.80    56   284  8501    29   55.92   55.74
c rst  luby ibes  vmt    35  8892    2928 18147  1656    3.96    3.80    56   285  8602    30   55.76   55.58
c rst  luby ibes  vmt    36  8993    2928 18147  1656    3.96    3.80    56   287  8703    30   55.65   55.48
c rst  luby ibes  vmt    37  9194    2928 18147  1656    3.96    3.80    57   290  8900    30   55.33   55.16
c rst  luby ibes  vmt    38  9296    2928 18147  1656    3.96    3.80    57   295  8999    30   55.16   54.99
c rst  luby ibes  vmt    39  9398    2928 18147  1656    3.96    3.80    59   296  9098    30   55.08   54.91
c rst  luby ibes  vmt    40  9600    2928 18147  1656    3.96    3.80    61   307  9287    30   54.57   54.41
c rst  luby ibes  vmt    41 10001    2928 18147  1656    3.96    3.80   177   212  9667    30   54.15   53.99
c rst  luby ibes  vmt    42 10102    2928 18147  1656    3.96    3.80   177   222  9758    30   53.96   53.80
c rst  luby ibes  vmt    43 10203    2928 18147  1656    3.96    3.80   177   230  9866    30   53.73   53.58
c rst  luby ibes  vmt    44 10405    2928 18147  1656    3.96    3.80   177   267 10055    30   53.23   53.08
c rst  luby ibes  vmt    45 10506    2928 18147  1656    3.96    3.80   177   270 10157    30   53.08   52.94
c rst  luby ibes  vmt    46 10607    2928 18147  1656    3.96    3.80   178   270 10257    30   52.96   52.81
c rst  luby ibes  vmt    47 10808    2928 18147  1656    3.96    3.80   179   276 10451    30   52.64   52.50
c rst  luby  svd  vmt    48 11209    2928 18147  1656    3.96    3.80   186   280 10846    30   53.40   53.26
c rst  luby  svd  vmt    49 12011    2928 18147  1656    3.96    3.80   205   304 11605    30   53.78   53.65
c [branch] adjusting to: vsid (from: vmtf) var_decay:0.95 descr: VSIDS
c [distill-bin] useful: 14/1656/1656 lits-rem: 0 cl-rem: 14 0-depth-assigns: 0 T: 0.01 T-out: N
c rst  geom  svd   vs    50 12123    2928 18147  1642    3.96    3.80   205   304 11717    30   53.51   53.38
c rst  geom  svd   vs    51 12245    2928 18147  1642    3.96    3.80   205   304 11839    30   53.24   53.11
c rst  geom  svd   vs    52 12379    2928 18147  1642    3.96    3.80   205   304 11973    30   53.00   52.88
c rst  geom  svd   vs    53 12527    2928 18147  1642    3.96    3.80   205   304 12121    30   52.64   52.52
c rst  geom  svd   vs    54 12689    2928 18147  1642    3.96    3.80   205   304 12283    30   52.23   52.11
c rst  geom  svd   vs    55 12867    2928 18147  1642    3.96    3.80   205   304 12461    30   51.78   51.66
c rst  geom  svd   vs    56 13061    2928 18147  1642    3.96    3.80   205   304 12655    30   51.34   51.22
c rst  geom  svd   vs    57 13275    2928 18147  1642    3.96    3.80   206   304 12868    30   50.89   50.78
c rst  geom  svd   vs    58 13509    2928 18147  1642    3.96    3.80   206   304 13102    30   50.51   50.40
c rst  geom  svd   vs    59 13767    2928 18147  1642    3.96    3.80   206   304 13360    30   50.08   49.97
c rst  geom  svd   vs    60 14049    2928 18147  1642    3.96    3.80   206   304 13642    30   49.66   49.56
c rst  geom  svd   vs    61 14359    2928 18147  1642    3.96    3.80   206   304 13952    30   49.20   49.10
c rst  geom  svd   vs    62 14699    2928 18147  1642    3.96    3.80   206   304 14292    30   48.71   48.62
c rst  geom  svd   vs    63 15074    2928 18147  1642    3.96    3.80   230   702 14245    30   48.35   48.26
c rst  geom  svd   vs    64 15484    2928 18147  1642    3.96    3.80   230   702 14655    30   48.10   48.02
c rst  geom  svd   vs    65 15935    2928 18147  1642    3.96    3.80   230   702 15106    30   47.58   47.50
c rst  geom  svd   vs    66 16430    2928 18147  1642    3.96    3.80   230   702 15601    30   47.14   47.06
c rst  geom best   vs    67 16974    2928 18147  1642    3.96    3.80   230   702 16145    30   48.42   48.34
c rst  geom best   vs    68 17571    2928 18147  1642    3.96    3.80   230   702 16742    30   48.24   48.16
c rst  geom best   vs    69 18227    2928 18147  1642    3.96    3.80   230   702 17398    30   48.02   47.94
c [branch] adjusting to: vmtf (from: vsid) var_decay:0.95 descr: VMTF
c rst  luby best  vmt    70 18328    2928 18147  1642    3.96    3.80   231   703 17496    31   48.20   48.12
c rst  luby best  vmt    71 18429    2928 18147  1642    3.96    3.80   234   705 17591    32   48.21   48.13
c rst  luby best  vmt    72 18630    2928 18147  1642    3.96    3.80   238   710 17782    33   48.37   48.29
c rst  luby best  vmt    73 18733    2928 18147  1642    3.96    3.80   239   713 17877    37   48.47   48.37
c rst  luby best  vmt    74 18834    2928 18147  1642    3.96    3.80   247   714 17968    38   48.50   48.40
c rst  luby best  vmt    75 19036    2928 18147  1642    3.96    3.80   249   721 18160    39   48.69   48.59
c rst  luby best  vmt    76 19437    2928 18147  1642    3.96    3.80   262   730 18534    44   48.85   48.74
c rst  luby best  vmt    77 19538    2928 18147  1642    3.96    3.80   264   731 18632    44   48.96   48.85
c rst  luby best  vmt    78 19639    2928 18147  1642    3.96    3.80   268   731 18729    44   49.14   49.03
c rst  luby best  vmt    79 19840    2928 18147  1642    3.96    3.80   276   736 18917    44   49.27   49.17
c rst  luby best  vmt    80 19941    2928 18147  1642    3.96    3.80   282   736 19012    44   49.33   49.23
c rst  luby best  vmt    81   20K    2928 18147  1642    3.96    3.80   331   689 19111    44   49.40   49.30
c [full-probe]  bin_only: 1 set: 0 repl: 0 T: 0.01 T-out: N T-r: 99.74%
c rst  luby best  vmt    82   20K    2928 18147  1642    3.96    3.80   334   696 19302    50   49.48   49.37
c rst  luby best  vmt    83   20K    2928 18147  1642    3.96    3.80   335   701 19698    50   49.95   49.83
c [distill-long-red0] cls tried: 275/275 T: 0.02 T-out: N T-r: 99.52%
c [distill-long-red1] cls tried: 40/685 T: 0.01 T-out: Y T-r: -3.58%
c rst  luby best  vmt    84   21K    2928 18147  1642    3.96    3.80   341   741   20K    62   50.43   50.29
c rst  luby best  vmt    85   21K    2928 18147  1642    3.96    3.80   341   744   20K    62   50.41   50.27
c rst  luby best  vmt    86   21K    2928 18147  1642    3.96    3.80   343   744   20K    62   50.46   50.32
c rst  luby  stb  vmt    87   21K    2928 18147  1642    3.96    3.80   346   749   20K    62   50.49   50.35
c rst  luby  stb  vmt    88   21K    2928 18147  1642    3.96    3.80   347   753   20K    62   50.56   50.43
c rst  luby  stb  vmt    89   22K    2928 18147  1642    3.96    3.80   351   760   21K    62   50.56   50.43
c rst  luby  stb  vmt    90   22K    2928 18147  1642    3.96    3.80   354   761   21K    63   50.63   50.49
c rst  luby  stb  vmt    91   22K    2928 18147  1642    3.96    3.80   358   766   21K    63   51.11   50.97
c rst  luby  stb  vmt    92   22K    2928 18147  1642    3.96    3.80   359   766   21K    63   51.16   51.03
c rst  luby  stb  vmt    93   22K    2928 18147  1642    3.96    3.80   359   768   21K    63   51.20   51.07
c rst  luby  stb  vmt    94   23K    2928 18147  1642    3.96    3.80   360   772   22K    63   51.19   51.06
c rst  luby  stb  vmt    95   23K    2928 18147  1642    3.96    3.80   363   781   22K    63   51.38   51.25
c rst  luby  stb  vmt    96   23K    2928 18147  1642    3.96    3.80   367   788   22K    66   51.47   51.33
c rst  luby  stb  vmt    97   23K    2928 18147  1642    3.96    3.80   372   793   22K    66   51.69   51.55
c rst  luby  stb  vmt    98   23K    2928 18147  1642    3.96    3.80   385   798   22K    67   51.68   51.54
c rst  luby  stb  vmt    99   24K    2928 18147  1642    3.96    3.80   393   819   23K    68   51.72   51.58
c rst  luby  stb  vmt   100   26K    2928 18147  1642    3.96    3.80   403   847   25K    68   52.26   52.13
c [branch] adjusting to: vsid (from: vmtf) var_decay:0.95 descr: VSIDS
c [distill] watch-based irred--  cl tried     1636 cl-sh     1 cl-rem    4 lit-rem      1 T: 0.00 T-out: N
c [distill] watch-based   red--  cl tried      802 cl-sh    39 cl-rem    5 lit-rem    118 T: 0.00 T-out: N
c rst  geom  stb   vs   101   26K    2928 18139  1650    3.96    3.80   396   847   25K    66   52.20   52.08
c rst  geom  stb   vs   102   26K    2928 18139  1650    3.96    3.80   396   847   25K    66   52.06   51.94
c rst  geom  stb   vs   103   26K    2928 18139  1650    3.96    3.80   396   847   25K    66   51.93   51.81
c rst  geom  stb   vs   104   26K    2928 18139  1650    3.96    3.80   396   847   25K    66   51.79   51.67
c rst  geom  stb   vs   105   26K    2928 18139  1650    3.96    3.80   396   847   25K    66   51.68   51.56
c rst  geom ibes   vs   106   27K    2928 18139  1650    3.96    3.80   396   847   26K    66   51.50   51.38
c rst  geom ibes   vs   107   27K    2928 18139  1650    3.96    3.80   396   847   26K    66   51.26   51.15
c rst  geom ibes   vs   108   27K    2928 18139  1650    3.96    3.80   396   847   26K    66   51.01   50.89
c rst  geom ibes   vs   109   27K    2928 18139  1650    3.96    3.80   396   847   26K    66   50.75   50.63
c rst  geom ibes   vs   110   28K    2928 18139  1650    3.96    3.80   396   847   26K    66   50.45   50.34
c rst  geom ibes   vs   111   28K    2928 18139  1650    3.96    3.80   396   847   27K    66   50.14   50.03
c rst  geom ibes   vs   112   28K    2928 18139  1650    3.96    3.80   396   847   27K    66   49.80   49.69
c rst  geom ibes   vs   113   28K    2928 18139  1650    3.96    3.80   396   847   27K    66   49.42   49.31
c rst  geom ibes   vs   114   29K    2928 18139  1650    3.96    3.80   396   847   28K    66   49.02   48.91
c rst  geom ibes   vs   115   29K    2928 18139  1650    3.96    3.80   398   847   28K    66   48.66   48.56
c rst  geom ibes   vs   116   30K    2928 18139  1650    3.96    3.80   546  1189   24K    66   45.14   45.03
c rst  geom ibes   vs   117   30K    2928 18139  1650    3.96    3.80   546  1189   25K    66   44.58   44.48
c rst  geom ibes   vs   118   31K    2928 18139  1650    3.96    3.80   546  1189   25K    66   44.20   44.09
c rst  geom ibes   vs   119   31K    2928 18139  1650    3.96    3.80   546  1189   26K    66   43.66   43.57
c rst  geom ibes   vs   120   32K    2928 18139  1650    3.96    3.80   546  1189   27K    66   43.08   42.99
c [distill-bin] useful: 0/1379/1650 lits-rem: 0 cl-rem: 0 0-depth-assigns: 0 T: 0.02 T-out: Y
c rst  geom  svd   vs   121   33K    2928 18139  1650    3.96    3.80   546  1189   27K    66   42.79   42.70
c rst  geom  svd   vs   122   34K    2928 18139  1650    3.96    3.80   546  1189   28K    66   42.64   42.55
c [branch] adjusting to: vmtf (from: vsid) var_decay:0.95 descr: VMTF
c rst  luby  svd  vmt   123   34K    2928 18139  1650    3.96    3.80   546  1193   28K    66   42.62   42.53
c rst  luby  svd  vmt   124   34K    2928 18139  1650    3.96    3.80   546  1193   28K    66   42.69   42.60
c rst  luby  svd  vmt   125   34K    2928 18139  1650    3.96    3.80   550  1205   29K    66   42.77   42.68
c rst  luby  svd  vmt   126   34K    2928 18139  1650    3.96    3.80   552  1209   29K    66   42.85   42.77
c rst  luby  svd  vmt   127   34K    2928 18139  1650    3.96    3.80   552  1211   29K    66   42.90   42.81
c rst  luby  svd  vmt   128   34K    2928 18139  1650    3.96    3.80   558  1213   29K    66   43.18   43.09
c rst  luby  svd  vmt   129   35K    2928 18139  1650    3.96    3.80   561  1217   29K    67   43.30   43.21
c rst  luby  svd  vmt   130   35K    2928 18139  1650    3.96    3.80   562  1217   29K    67   43.30   43.22
c rst  luby  svd  vmt   131   35K    2928 18139  1650    3.96    3.80   562  1226   30K    68   43.32   43.23
c rst  luby  svd  vmt   132   35K    2928 18139  1650    3.96    3.80   562  1229   30K    68   43.44   43.35
c rst  luby  svd  vmt   133   35K    2928 18139  1650    3.96    3.80   565  1234   30K    68   43.50   43.41
c [distill-long-red0] cls tried: 272/272 T: 0.03 T-out: N T-r: 99.26%
c [distill-long-red1] cls tried: 30/1179 T: 0.02 T-out: Y T-r: -5.50%
c rst  luby  svd  vmt   134   35K    2928 18139  1650    3.96    3.80   563  1235   30K    71   43.39   43.30
c rst  luby  svd  vmt   135   36K    2928 18139  1650    3.96    3.80   564  1240   30K    71   43.51   43.42
c rst  luby  svd  vmt   136   36K    2928 18139  1650    3.96    3.80   565  1252   30K    71   43.70   43.61
c rst  luby  svd  vmt   137   37K    2928 18139  1650    3.96    3.80   568  1266   31K    72   43.79   43.70
c rst  luby  svd  vmt   138   37K    2928 18139  1650    3.96    3.80   571  1277   31K    72   43.79   43.71
c rst  luby  svd  vmt   139   37K    2928 18139  1650    3.96    3.80   572  1278   31K    72   43.78   43.69
c rst  luby  svd  vmt   140   37K    2928 18139  1650    3.96    3.80   575  1282   32K    72   43.80   43.71
c rst  luby  svd  vmt   141   37K    2928 18139  1650    3.96    3.80   578  1283   32K    72   43.88   43.79
c rst  luby  svd  vmt   142   37K    2928 18139  1650    3.96    3.80   579  1285   32K    72   43.90   43.81
c rst  luby  svd  vmt   143   38K    2928 18139  1650    3.96    3.80   581  1291   32K    72   43.90   43.82
c rst  geom best  vmt   144   38K    2928 18139  1650    3.96    3.80   581  1291   32K    72   43.97   43.88
c rst  geom best  vmt   145   38K    2928 18139  1650    3.96    3.80   583  1299   32K    72   43.97   43.88
c rst  geom best  vmt   146   38K    2928 18139  1650    3.96    3.80   585  1300   32K    72   44.04   43.95
c rst  geom best  vmt   147   38K    2928 18139  1650    3.96    3.80   587  1300   33K    72   44.07   43.99
c rst  geom best  vmt   148   38K    2928 18139  1650    3.96    3.80   590  1300   33K    72   44.08   43.99
c rst  geom best  vmt   149   38K    2928 18139  1650    3.96    3.80   590  1305   33K    72   44.16   44.07
c rst  geom best  vmt   150   39K    2928 18139  1650    3.96    3.80   591  1313   33K    72   44.25   44.16
c rst  geom best  vmt   151   39K    2928 18139  1650    3.96    3.80   592  1324   33K    72   44.27   44.18
c rst  geom best  vmt   152   39K    2928 18139  1650    3.96    3.80   593  1333   34K    72   44.27   44.18
c rst  geom best  vmt   153   39K    2928 18139  1650    3.96    3.80   594  1338   34K    72   44.23   44.15
c rst  geom best  vmt   154   40K    2928 18139  1650    3.96    3.80   720  1218   34K    72   44.42   44.34
c [full-probe]  bin_only: 0 set: 0 repl: 0 T: 0.01 T-out: N T-r: 96.32%
c [impl-str] lit bin: 0 set-var: 0 T: 0.00 T-out: N T-r: 99.95% w-visit: 5860
c [impl-sub] bin: 13 T: 0.00 T-out: N w-visit: 5860
c rst  geom best  vmt   155   40K    2928 18139  1650    3.96    3.80   720  1228   34K    59   44.40   44.33
c rst  geom best  vmt   156   40K    2928 18139  1650    3.96    3.80   724  1239   35K    60   44.51   44.44
c rst  geom best  vmt   157   41K    2928 18139  1650    3.96    3.80   725  1243   35K    60   44.58   44.51
c rst  geom best  vmt   158   41K    2928 18139  1650    3.96    3.80   726  1259   35K    60   44.57   44.50
c rst  geom best  vmt   159   41K    2928 18139  1650    3.96    3.80   729  1288   36K    60   44.60   44.54
c rst  geom best  vmt   160   42K    2928 18139  1650    3.96    3.80   731  1290   36K    61   44.79   44.72
c [branch] adjusting to: vsid (from: vmtf) var_decay:0.95 descr: VSIDS
c rst  geom best   vs   161   42K    2928 18139  1650    3.96    3.80   731  1290   37K    61   44.75   44.68
c rst  geom best   vs   162   42K    2928 18139  1650    3.96    3.80   731  1290   37K    61   44.72   44.65
c rst  geom best   vs   163   42K    2928 18139  1650    3.96    3.80   731  1290   37K    61   44.67   44.60
c rst  geom best   vs   164   42K    2928 18139  1650    3.96    3.80   731  1290   37K    61   44.60   44.53
c rst  geom best   vs   165   43K    2928 18139  1650    3.96    3.80   731  1290   37K    61   44.50   44.44
c rst  geom best   vs   166   43K    2928 18139  1650    3.96    3.80   731  1290   37K    62   44.41   44.34
c rst  geom best   vs   167   43K    2928 18139  1650    3.96    3.80   732  1290   37K    62   44.29   44.23
c rst  geom  stb   vs   168   43K    2928 18139  1650    3.96    3.80   732  1290   38K    62   44.18   44.12
c rst  geom  stb   vs   169   43K    2928 18139  1650    3.96    3.80   732  1290   38K    62   44.09   44.02
c rst  geom  stb   vs   170   44K    2928 18139  1650    3.96    3.80   732  1290   38K    62   43.99   43.93
c [ccnr] tries: 0 steps: 262143 best found: 14
c [ccnr] tries: 0 steps: 524287 best found: 13
c [ccnr] tries: 0 steps: 786431 best found: 13
c [ccnr] saving best assignment phase to stable_polar
c [ccnr] bumping based on clause weights
c [ccnr] Bumped vars: 103 bump type: 6
c [ccnr] time: 0.62
c rst  geom  stb   vs   171   44K    2928 18139  1650    3.96    3.80   732  1290   38K    62   43.99   43.92
c rst  geom  stb   vs   172   44K    2928 18139  1650    3.96    3.80   732  1290   39K    62   43.98   43.92
c rst  geom  stb   vs   173   45K    2928 18139  1650    3.96    3.80   765  1848   31K    62   42.77   42.70
c rst  geom  stb   vs   174   45K    2928 18139  1650    3.96    3.80   766  1848   31K    62   42.72   42.65
c rst  geom  stb   vs   175   45K    2928 18139  1650    3.96    3.80   766  1848   32K    62   42.65   42.58
c rst  geom  stb   vs   176   46K    2928 18139  1650    3.96    3.80   766  1848   32K    62   42.48   42.41
c rst  geom  stb   vs   177   46K    2928 18139  1650    3.96    3.80   768  1848   33K    62   42.20   42.13
c rst  geom  stb   vs   178   47K    2928 18139  1650    3.96    3.80   768  1848   33K    62   42.10   42.03
c rst  geom  stb   vs   179   48K    2928 18139  1650    3.96    3.80   768  1848   34K    62   41.97   41.91
c rst  geom  stb   vs   180   48K    2928 18139  1650    3.96    3.80   768  1848   34K    62   41.80   41.73
c rst  geom  stb   vs   181   49K    2928 18139  1650    3.96    3.80   768  1849   35K    62   41.64   41.57
c rst  geom ibes   vs   182   50K    2928 18139  1650    3.96    3.80   818  1799   36K    62   41.20   41.14
c [gauss] XOR-encoding clauses are not detached, so no need to reattach them.
c [g 0] truth-find prop checks  : 956K
c [g 0] -> of which prop        : 37.22 %
c [g 0] -> of which confl       :  3.12 %
c [g 0] elim called             : 177K
c [g 0] ---> which lead to prop :  7.31 %
c [g 0] ---> which lead to confl:  0.53 %
c [g 0] size: 50    x 765  
c [scc] new: 7 BP 0M T: 0.00
c [vrep] vars 7 lits 11254 rem-bin-cls 32 rem-long-cls 0 BP 0M T: 0.02
c [scc] new: 0 BP 0M T: 0.00
c [vrep] vars 0 lits 0 rem-bin-cls 0 rem-long-cls 0 BP 0M T: 0.01
c [intree] Set 0 vars hyper-added: 858 trans-irred: 0 trans-red: 82 T: 0.01 T-out: N T-r: -1.58%
c [find&init matx] performing matrix init
c [gauss] XOR-encoding clauses are not detached, so no need to reattach them.
c [xor-rem-unconnected] left with 50 xors from 50 non-empty xors T: 0.00
c [xor-together] xored together: 0 orig xors: 50 new xors: 50 T: 0.00
c [xor-rem-unconnected] left with 50 xors from 50 non-empty xors T: 0.00
c [xor-clean-equiv] removed equivalent xors: 0 left with: 50
c [matrix] unused xors from cleaning: 0
c [matrix] Good   matrix 0 50      x760    density:0.1151  xorlen avg: 87.46
c [matrix] Using 1 matrices recovered from 0 xors T: 0.00 T-out: N
c rst  geom ibes vs   183   51  K 2921    18139  1636 3.96    3.80      818  1800   37K   834 40.82   40.03  
c [distill-long-red0] cls tried: 255/255 T: 0.03 T-out: N T-r: 99.08%
c [distill-long-red1] cls tried: 25/1716 T: 0.01 T-out: Y T-r: -11.47%
c rst  geom ibes vs   184   52  K 2921    18139  1636 3.96    3.80      817  1801   38K   837 40.34   39.57  
c [distill] watch-based irred--  cl tried 1629     cl-sh 0     cl-rem 1    lit-rem 0      T: 0.00 T-out: N
c [distill] watch-based red  --  cl tried 1633     cl-sh 40    cl-rem 1    lit-rem 174    T: 0.00 T-out: N
c rst  geom ibes vs   185   53  K 2921    18138  1637 3.96    3.80      816  1801   39K   837 39.79   39.05  
c [branch] adjusting to: vmtf (from: vsid) var_decay:0.95 descr: VMTF
c [distill-bin] useful: 1/1262/1637 lits-rem: 0 cl-rem: 1 0-depth-assigns: 0 T: 0.02 T-out: Y
c rst  luby ibes vmt  186   53  K 2921    18138  1636 3.96    3.80      817  1815   39K   838 39.77   39.04  
c rst  luby ibes vmt  187   53  K 2921    18138  1636 3.96    3.80      817  1821   39K   838 39.81   39.07  
c rst  luby ibes vmt  188   53  K 2921    18138  1636 3.96    3.80      817  1827   39K   838 39.85   39.12  
c rst  luby ibes vmt  189   53  K 2921    18138  1636 3.96    3.80      817  1831   39K   838 39.86   39.12  
c rst  luby ibes vmt  190   53  K 2921    18138  1636 3.96    3.80      817  1832   39K   838 39.89   39.16  
c rst  luby ibes vmt  191   53  K 2921    18138  1636 3.96    3.80      818  1838   40K   838 39.95   39.22  
c rst  luby ibes vmt  192   54  K 2921    18138  1636 3.96    3.80      820  1850   40K   838 40.02   39.29  
c rst  luby ibes vmt  193   54  K 2921    18138  1636 3.96    3.80      821  1853   40K   838 40.00   39.28  
c rst  luby ibes vmt  194   54  K 2921    18138  1636 3.96    3.80      822  1856   40K   838 40.02   39.30  
c rst  luby ibes vmt  195   54  K 2921    18138  1636 3.96    3.80      824  1865   40K   838 40.00   39.29  
c rst  luby ibes vmt  196   54  K 2921    18138  1636 3.96    3.80      824  1871   41K   838 39.99   39.27  
c rst  luby ibes vmt  197   54  K 2921    18138  1636 3.96    3.80      824  1872   41K   838 40.03   39.31  
c rst  luby ibes vmt  198   55  K 2921    18138  1636 3.96    3.80      825  1878   41K   838 40.01   39.30  
c rst  luby svd  vmt  199   55  K 2921    18138  1636 3.96    3.80      825  1883   41K   838 40.28   39.57  
c rst  luby svd  vmt  200   56  K 2921    18138  1636 3.96    3.80      829  1900   42K   838 40.41   39.71  
c recursive minimization cost OK: 293Kcost/(% lits removed)
c [gauss] XOR-encoding clauses are not detached, so no need to reattach them.
c [g 0] truth-find prop checks  : 112K
c [g 0] -> of which prop        : 35.20 %
c [g 0] -> of which confl       :  3.08 %
c [g 0] elim called             : 21K
c [g 0] ---> which lead to prop :  1.23 %
c [g 0] ---> which lead to confl:  0.14 %
c [g 0] size: 50    x 760  
c --> Executing strategy token: scc-vrepl
c [scc] new: 3 BP 0M T: 0.00
c [vrep] vars 3 lits 10300 rem-bin-cls 12 rem-long-cls 31 BP 0M T: 0.02
c --> Executing strategy token: sub-impl
c [impl-sub] bin: 6 T: 0.00 T-out: N w-visit: 5860
c --> Executing strategy token: breakid
c --> Executing OCC strategy token(s): 'occ-backw-sub-str,occ-clean-implicit,occ-bve,occ-bva,occ-ternary-res,occ-xor,'
c [occ] mem usage for occur 1      MB
c [occ] Linked in IRRED BIN by default: 1634
c [occ] Linked in RED   BIN by default: 828
c [occ] mem usage for occur 0      MB
c Mem for watch alloc      : 4           MB (20.22     %)
c Mem for watch array      : 0           MB (0.88      %)
c --> Executing OCC strategy token: occ-backw-sub-str
c [occ-backw-sub-str-long-w-bins] subs: 1 str: 8 tried: 2463 0-depth ass: 0 T: 0.00 T-out: N T-r: 99.29%
c [occ-backw-sub-long-w-long] rem cl: 71 tried: 63030/63030 (100.0%) T: 0.01 T-out: N T-r: 96.44%
c [occ-backw-sub-str-long-w-long] sub: 0 str: 0 tried: 189090/63030 (300.0)  T: 0.06 T-out: N T-r: 88.27%
c [occ-backw-sub-str-w-added-long]  sub: 0 str: 0 0-depth ass: 0 T: 0.00 T-out: N T-r: 100.00%
c --> Executing OCC strategy token: occ-clean-implicit
c --> Executing OCC strategy token: occ-bve
c [occ-empty-res] Empty resolvent elimed: 0 T: 0.00 T-out: N
c [occ-bve] iter v-elim 11
c cl_inc_rate=1.0, var_dec_rate=1.0 (grow=0)
c Reduced to 2907 vars, 19764 cls (grow=0)
c [occ-bve] iter v-elim 292
c cl_inc_rate=1.1, var_dec_rate=1.1 (grow=8)
c Reduced to 2615 vars, 20964 cls (grow=8)
c x n vars       : 2615
c #try to eliminate:  6182
c #var-elim        :   303
c #T-o: N
c #T-r: 99.99%
c #T  : 0.10
c [occur] 0.04 is overhead
c [occur] link-in T: 0.04 cleanup T: 0.00
c --> Executing OCC strategy token: occ-bva
c --> Executing OCC strategy token: occ-ternary-res
c [occ-ternary-res] Ternary res-tri: 41 res-bin: 0 sub: 2 str: 0 T: 0.00 T-out: N T-r: 99.37%
c --> Executing OCC strategy token: occ-xor
c [occ-xor] sort occur list T: 0.00
c [xor-clean-equiv] removed equivalent xors: 0 left with: 2014
c [occ-xor] found   2014 avg sz 4.0 min sz  4 max sz  5 T: 0.01 T-out: N T-r: 99.98%
c --> Executing strategy token: card-find
c --> Executing strategy token: cl-consolidate
c [mem] consolidate  old-sz: 9614K new-sz: 4466K new bits offs: 20 T: 0.00
c --> Executing strategy token: scc-vrepl
c [scc] new: 1 BP 0M T: 0.00
c --> Executing strategy token: renumber
c --> Executing strategy token: bosphorus
c --> Executing strategy token: louvain-comms
c [consolidate] mini T: 0.00
c global_timeout_multiplier: 3.3000
c [branch] rebuilding order heap for all branchings. Current branching: vmtf
c [find&init matx] performing matrix init
c [gauss] XOR-encoding clauses are not detached, so no need to reattach them.
c [xor-rem-unconnected] left with 2011 xors from 2014 non-empty xors T: 0.00
c [xor-together] xored together: 1961 orig xors: 2011 new xors: 50 T: 0.00
c [xor-rem-unconnected] left with 50 xors from 50 non-empty xors T: 0.00
c [xor-clean-equiv] removed equivalent xors: 0 left with: 50
c [matrix] unused xors from cleaning: 3
c [matrix] Good   matrix  0     50 x  459  density:0.1800  xorlen avg: 82.64
c [matrix] Using 1 matrices recovered from 0 xors T: 0.00 T-out: N
c rst  luby  svd  vmt   201   56K    2615   20K   928    4.10    4.01   209   365   25K   127   27.91   27.78
c rst  luby  svd  vmt   202   56K    2615   20K   928    4.10    4.01   212   365   25K   127   27.88   27.76
c rst  luby  svd  vmt   203   56K    2615   20K   928    4.10    4.01   212   369   25K   127   27.88   27.76
c rst  luby  svd  vmt   204   56K    2615   20K   928    4.10    4.01   213   381   25K   127   27.85   27.72
c rst  luby  svd  vmt   205   56K    2615   20K   928    4.10    4.01   213   387   25K   127   27.79   27.67
c rst  luby  svd  vmt   206   56K    2615   20K   928    4.10    4.01   213   388   25K   127   27.78   27.65
c rst  luby  svd  vmt   207   57K    2615   20K   928    4.10    4.01   213   394   26K   127   27.71   27.58
c rst  luby  svd  vmt   208   57K    2615   20K   928    4.10    4.01   214   405   26K   127   27.64   27.52
c rst  luby  svd  vmt   209   57K    2615   20K   928    4.10    4.01   214   410   26K   127   27.64   27.52
c rst  luby  svd  vmt   210   57K    2615   20K   928    4.10    4.01   215   412   26K   127   27.62   27.51
c rst  luby  svd  vmt   211   57K    2615   20K   928    4.10    4.01   215   420   26K   127   27.57   27.45
c rst  luby  svd  vmt   212   58K    2615   20K   928    4.10    4.01   215   421   27K   127   27.55   27.44
c rst  luby  svd  vmt   213   58K    2615   20K   928    4.10    4.01   216   421   27K   127   27.51   27.40
c rst  luby  svd  vmt   214   58K    2615   20K   928    4.10    4.01   217   423   27K   127   27.44   27.33
c rst  luby  svd  vmt   215   58K    2615   20K   928    4.10    4.01   220   435   27K   127   27.30   27.18
c rst  luby  svd  vmt   216   59K    2615   20K   928    4.10    4.01   221   454   28K   127   27.12   27.01
c rst  luby  svd  vmt   217   61K    2615   20K   928    4.10    4.01   311   555   24K   127   24.95   24.84
c [full-probe]  bin_only: 1 set: 1 repl: 0 T: 0.01 T-out: N T-r: 99.79%
c rst  geom best  vmt   218   61K    2614   20K   928    4.10    4.01   313   562   25K   129   24.94   24.83
c rst  geom best  vmt   219   61K    2614   20K   928    4.10    4.01   313   564   25K   129   24.94   24.82
c rst  geom best  vmt   220   61K    2614   20K   928    4.10    4.01   314   567   25K   129   24.91   24.79
c rst  geom best  vmt   221   61K    2614   20K   928    4.10    4.01   314   575   25K   129   24.94   24.83
c rst  geom best  vmt   222   61K    2614   20K   928    4.10    4.01   314   579   25K   129   24.93   24.82
c rst  geom best  vmt   223   61K    2614   20K   928    4.10    4.01   314   584   25K   129   24.87   24.76
c rst  geom best  vmt   224   62K    2614   20K   928    4.10    4.01   315   584   25K   129   24.90   24.79
c rst  geom best  vmt   225   62K    2614   20K   928    4.10    4.01   317   595   26K   130   24.85   24.74
c rst  geom best  vmt   226   62K    2614   20K   928    4.10    4.01   318   604   26K   130   24.80   24.69
c rst  geom best  vmt   227   62K    2614   20K   928    4.10    4.01   318   612   26K   130   24.73   24.62
c rst  geom best  vmt   228   63K    2614   20K   928    4.10    4.01   318   619   26K   130   24.66   24.56
c [branch] adjusting to: vsid (from: vmtf) var_decay:0.95 descr: VSIDS
c rst  geom best   vs   229   63K    2614   20K   928    4.10    4.01   318   619   26K   130   24.69   24.58
c rst  geom best   vs   230   63K    2614   20K   928    4.10    4.01   318   619   27K   130   24.67   24.57
c rst  geom best   vs   231   63K    2614   20K   928    4.10    4.01   318   619   27K   130   24.69   24.58
c rst  geom best   vs   232   63K    2614   20K   928    4.10    4.01   319   619   27K   130   24.69   24.58
c rst  geom best   vs   233   63K    2614   20K   928    4.10    4.01   319   619   27K   130   24.72   24.62
c rst  geom best   vs   234   64K    2614   20K   928    4.10    4.01   319   619   27K   130   24.69   24.58
c rst  geom best   vs   235   64K    2614   20K   928    4.10    4.01   319   619   27K   130   24.65   24.55
c rst  geom best   vs   236   64K    2614   20K   928    4.10    4.01   319   619   28K   130   24.62   24.52
c rst  geom best   vs   237   64K    2614   20K   928    4.10    4.01   319   619   28K   130   24.66   24.56
c rst  geom best   vs   238   64K    2614   20K   928    4.10    4.01   320   619   28K   130   24.80   24.70
c rst  geom best   vs   239   65K    2614   20K   928    4.10    4.01   320   621   28K   130   24.83   24.73
c rst  geom best   vs   240   65K    2614   20K   928    4.10    4.01   322   621   29K   130   24.86   24.76
c rst  geom best   vs   241   65K    2614   20K   928    4.10    4.01   322   621   29K   130   24.93   24.83
c rst  geom best   vs   242   66K    2614   20K   928    4.10    4.01   322   621   29K   130   24.93   24.84
c [distill-long-red0] cls tried: 129/129 T: 0.01 T-out: N T-r: 99.81%
c [distill-long-red1] cls tried: 84/572 T: 0.01 T-out: Y T-r: -4.91%
c rst  geom best   vs   243   66K    2613   20K   928    4.10    4.01   317   621   30K   133   24.85   24.75
c rst  geom best   vs   244   67K    2613   20K   928    4.10    4.01   317   621   30K   133   24.81   24.72
c rst  geom  stb   vs   245   67K    2613   20K   928    4.10    4.01   317   621   31K   133   24.84   24.75
c rst  geom  stb   vs   246   68K    2613   20K   928    4.10    4.01   321   623   31K   133   24.91   24.81
c rst  geom  stb   vs   247   68K    2613   20K   928    4.10    4.01   321   623   32K   133   24.91   24.82
c rst  geom  stb   vs   248   69K    2613   20K   928    4.10    4.01   321   623   33K   133   24.95   24.86
c rst  geom  stb   vs   249   70K    2613   20K   928    4.10    4.01   393   550   33K   133   24.85   24.76
c rst  geom  stb   vs   250   70K    2613   20K   928    4.10    4.01   393   550   34K   133   24.88   24.79
c rst  geom  stb   vs   251   71K    2613   20K   928    4.10    4.01   393   550   35K   133   24.91   24.82
c rst  geom  stb   vs   252   72K    2613   20K   928    4.10    4.01   393   550   36K   133   24.84   24.75
c rst  geom  stb   vs   253   73K    2613   20K   928    4.10    4.01   393   550   37K   133   24.92   24.85
c [distill-bin] useful: 4/928/928 lits-rem: 0 cl-rem: 4 0-depth-assigns: 0 T: 0.01 T-out: N
c rst  geom ibes   vs   254   74K    2613   20K   920    4.10    4.01   393   550   38K   133   24.86   24.78
c [branch] adjusting to: vmtf (from: vsid) var_decay:0.95 descr: VMTF
c rst  luby ibes  vmt   255   75K    2613   20K   920    4.10    4.01   405   712   31K   133   25.43   25.33
c rst  luby ibes  vmt   256   75K    2613   20K   920    4.10    4.01   406   714   31K   133   25.39   25.30
c rst  luby ibes  vmt   257   75K    2613   20K   920    4.10    4.01   406   721   32K   133   25.32   25.23
c rst  luby ibes  vmt   258   75K    2613   20K   920    4.10    4.01   406   725   32K   133   25.29   25.19
c rst  luby ibes  vmt   259   75K    2613   20K   920    4.10    4.01   407   729   32K   133   25.25   25.16
c rst  luby ibes  vmt   260   75K    2613   20K   920    4.10    4.01   407   730   32K   133   25.19   25.10
c rst  luby ibes  vmt   261   76K    2613   20K   920    4.10    4.01   409   735   32K   133   25.04   24.96
c rst  luby ibes  vmt   262   76K    2613   20K   920    4.10    4.01   410   741   32K   133   25.01   24.92
c rst  luby ibes  vmt   263   76K    2613   20K   920    4.10    4.01   410   745   32K   133   24.97   24.88
c rst  luby ibes  vmt   264   76K    2613   20K   920    4.10    4.01   410   749   33K   133   24.93   24.85
c rst  luby ibes  vmt   265   76K    2613   20K   920    4.10    4.01   413   751   33K   133   24.90   24.81
c rst  luby ibes  vmt   266   76K    2613   20K   920    4.10    4.01   413   752   33K   133   24.85   24.77
c rst  luby ibes  vmt   267   76K    2613   20K   920    4.10    4.01   413   754   33K   133   24.80   24.71
c rst  luby ibes  vmt   268   77K    2613   20K   920    4.10    4.01   413   764   33K   133   24.64   24.55
c [distill] watch-based irred--  cl tried     7516 cl-sh   155 cl-rem  170 lit-rem    163 T: 0.01 T-out: N
c [distill] watch-based   red--  cl tried      824 cl-sh    13 cl-rem    2 lit-rem     30 T: 0.00 T-out: N
c rst  luby ibes  vmt   269   78K    2613 19781   936    4.09    4.00   413   775   34K   115   24.32   24.24
c rst  luby ibes  vmt   270   78K    2613 19781   936    4.09    4.00   413   778   34K   115   24.30   24.22
c rst  luby ibes  vmt   271   78K    2613 19781   936    4.09    4.00   413   778   34K   115   24.27   24.20
c rst  luby ibes  vmt   272   78K    2613 19781   936    4.09    4.00   413   781   34K   115   24.20   24.13
c rst  luby ibes  vmt   273   78K    2613 19781   936    4.09    4.00   413   782   34K   115   24.16   24.09
c rst  luby ibes  vmt   274   78K    2613 19781   936    4.09    4.00   413   785   34K   115   24.14   24.06
c rst  luby ibes  vmt   275   78K    2613 19781   936    4.09    4.00   413   788   34K   115   24.06   23.99
c rst  luby ibes  vmt   276   79K    2613 19781   936    4.09    4.00   413   803   35K   115   23.90   23.83
c rst  luby ibes  vmt   277   79K    2613 19781   936    4.09    4.00   413   803   35K   115   23.88   23.81
c rst  luby ibes  vmt   278   79K    2613 19781   936    4.09    4.00   415   804   35K   115   23.85   23.78
c rst  luby  svd  vmt   279   79K    2613 19781   936    4.09    4.00   415   807   35K   115   23.83   23.76
c rst  luby  svd  vmt   280   79K    2613 19781   936    4.09    4.00   416   813   35K   115   23.81   23.74
c rst  luby  svd  vmt   281   79K    2613 19781   936    4.09    4.00   416   813   35K   115   23.78   23.71
c rst  luby  svd  vmt   282   80K    2613 19781   936    4.09    4.00   545   646   36K   115   23.76   23.70
c rst  luby  svd  vmt   283   80K    2613 19781   936    4.09    4.00   545   648   36K   115   23.71   23.65
c rst  luby  svd  vmt   284   81K    2613 19781   936    4.09    4.00   546   662   37K   115   23.66   23.59
c [distill-long-red0] cls tried: 213/213 T: 0.02 T-out: N T-r: 99.33%
c [distill-long-red1] cls tried: 43/564 T: 0.01 T-out: Y T-r: -1.75%
c [full-probe]  bin_only: 0 set: 0 repl: 0 T: 0.01 T-out: N T-r: 97.55%
c rst  luby  svd  vmt   285   82K    2613 19781   936    4.09    4.00   546   696   38K   117   23.25   23.19
c rst  luby  svd  vmt   286   83K    2613 19781   936    4.09    4.00   546   697   39K   117   23.25   23.18
c rst  luby  svd  vmt   287   83K    2613 19781   936    4.09    4.00   546   698   39K   117   23.24   23.18
c rst  luby  svd  vmt   288   83K    2613 19781   936    4.09    4.00   546   702   39K   117   23.22   23.16
c rst  luby  svd  vmt   289   83K    2613 19781   936    4.09    4.00   546   702   39K   117   23.21   23.15
c rst  luby  svd  vmt   290   83K    2613 19781   936    4.09    4.00   546   707   39K   117   23.20   23.14
c rst  luby  svd  vmt   291   83K    2613 19781   936    4.09    4.00   548   715   39K   117   23.20   23.14
c rst  luby  svd  vmt   292   84K    2613 19781   936    4.09    4.00   551   720   40K   117   23.19   23.13
c rst  luby  svd  vmt   293   84K    2613 19781   936    4.09    4.00   551   720   40K   117   23.17   23.11
c rst  luby  svd  vmt   294   84K    2613 19781   936    4.09    4.00   551   721   40K   117   23.17   23.11
c rst  luby  svd  vmt   295   84K    2613 19781   936    4.09    4.00   553   726   40K   117   23.25   23.19
c rst  luby  svd  vmt   296   84K    2613 19781   936    4.09    4.00   553   726   40K   117   23.29   23.23
c rst  luby  svd  vmt   297   84K    2613 19781   936    4.09    4.00   553   726   40K   117   23.32   23.26
c rst  luby  svd  vmt   298   85K    2613 19781   936    4.09    4.00   553   726   40K   117   23.38   23.32
c rst  luby  svd  vmt   299   85K    2613 19781   936    4.09    4.00   553   726   41K   117   23.42   23.36
c rst  luby  svd  vmt   300   86K    2613 19781   936    4.09    4.00   554   726   42K   117   23.54   23.48
c rst  geom best  vmt   301   86K    2613 19781   936    4.09    4.00   554   726   42K   117   23.55   23.49
c rst  geom best  vmt   302   86K    2613 19781   936    4.09    4.00   554   726   42K   117   23.58   23.52
c rst  geom best  vmt   303   86K    2613 19781   936    4.09    4.00   554   726   42K   117   23.57   23.51
c rst  geom best  vmt   304   86K    2613 19781   936    4.09    4.00   554   726   42K   117   23.57   23.52
c rst  geom best  vmt   305   86K    2613 19781   936    4.09    4.00   554   726   42K   117   23.60   23.54
c rst  geom best  vmt   306   87K    2613 19781   936    4.09    4.00   554   726   42K   117   23.72   23.66
c rst  geom best  vmt   307   87K    2613 19781   936    4.09    4.00   554   726   43K   117   23.73   23.67
c rst  geom best  vmt   308   87K    2613 19781   936    4.09    4.00   554   726   43K   117   23.75   23.69
c rst  geom best  vmt   309   87K    2613 19781   936    4.09    4.00   554   726   43K   117   23.79   23.73
c [branch] adjusting to: vsid (from: vmtf) var_decay:0.95 descr: VSIDS
c rst  geom best   vs   310   87K    2613 19781   936    4.09    4.00   554   726   43K   117   23.78   23.72
c rst  geom best   vs   311   87K    2613 19781   936    4.09    4.00   554   726   43K   117   23.77   23.71
c rst  geom best   vs   312   88K    2613 19781   936    4.09    4.00   554   726   43K   117   23.76   23.71
c rst  geom best   vs   313   88K    2613 19781   936    4.09    4.00   554   726   44K   117   23.75   23.69
c [ccnr] tries: 0 steps: 262143 best found: 11
c [ccnr] tries: 0 steps: 524287 best found: 11
c [ccnr] tries: 0 steps: 786431 best found: 11
c [ccnr] saving best assignment phase to stable_polar
c [ccnr] bumping based on var unsat frequency: conflict_ct
c [ccnr] Bumped vars: 2930 bump type: 6
c [ccnr] time: 0.55
c rst  geom best   vs   314   88K    2613 19781   936    4.09    4.00   554   726   44K   117   23.74   23.69
c rst  geom best   vs   315   88K    2613 19781   936    4.09    4.00   554   726   44K   117   23.75   23.70
c rst  geom best   vs   316   88K    2613 19781   936    4.09    4.00   554   726   44K   117   23.76   23.70
c rst  geom best   vs   317   88K    2613 19781   936    4.09    4.00   554   726   44K   117   23.73   23.68
c rst  geom best   vs   318   89K    2613 19781   936    4.09    4.00   554   726   45K   117   23.72   23.66
c rst  geom best   vs   319   89K    2613 19781   936    4.09    4.00   554   726   45K   117   23.76   23.71
c rst  geom best   vs   320   89K    2613 19781   936    4.09    4.00   555   726   45K   117   23.83   23.77
c rst  geom best   vs   321   90K    2613 19781   936    4.09    4.00   651  1109   34K   117   22.04   21.97
c rst  geom best   vs   322   90K    2613 19781   936    4.09    4.00   651  1109   34K   117   22.03   21.96
c rst  geom best   vs   323   90K    2613 19781   936    4.09    4.00   651  1109   35K   117   22.03   21.97
c rst  geom best   vs   324   91K    2613 19781   936    4.09    4.00   651  1109   35K   117   22.08   22.02
c rst  geom best   vs   325   91K    2613 19781   936    4.09    4.00   651  1109   36K   117   22.21   22.15
c rst  geom best   vs   326   92K    2613 19781   936    4.09    4.00   651  1109   36K   117   22.24   22.18
c rst  geom  stb   vs   327   92K    2613 19781   936    4.09    4.00   651  1109   37K   117   22.35   22.29
c rst  geom  stb   vs   328   93K    2613 19781   936    4.09    4.00   651  1109   37K   117   22.52   22.46
c rst  geom  stb   vs   329   93K    2613 19781   936    4.09    4.00   651  1109   38K   117   22.71   22.65
c [distill-bin] useful: 2/936/936 lits-rem: 0 cl-rem: 2 0-depth-assigns: 0 T: 0.01 T-out: N
c rst  geom  stb   vs   330   94K    2613 19781   934    4.09    4.00   651  1109   39K   117   22.92   22.86
c rst  geom  stb   vs   331   95K    2613 19781   934    4.09    4.00   651  1109   39K   117   23.13   23.07
c rst  geom  stb   vs   332   96K    2613 19781   934    4.09    4.00   651  1109   40K   117   23.44   23.38
c rst  geom  stb   vs   333   97K    2613 19781   934    4.09    4.00   651  1109   41K   117   23.76   23.70
c [distill-long-red0] cls tried: 103/103 T: 0.02 T-out: N T-r: 99.53%
c [distill-long-red1] cls tried: 32/971 T: 0.01 T-out: Y T-r: -4.89%
c rst  geom  stb   vs   334   98K    2613 19781   934    4.09    4.00   651  1109   42K   117   24.03   23.97
c rst  geom ibes   vs   335   99K    2613 19781   934    4.09    4.00   651  1109   43K   117   23.89   23.84
c rst  geom ibes   vs   336  100K    2613 19781   934    4.09    4.00   652  1078   45K   117   23.84   23.79
c [impl-str] lit bin: 0 set-var: 0 T: 0.00 T-out: N T-r: 99.95% w-visit: 5860
c [impl-sub] bin: 5 T: 0.00 T-out: N w-visit: 5860
c rst  geom ibes   vs   337  102K    2613 19781   934    4.09    4.00   652  1078   46K   112   23.61   23.56
c [branch] adjusting to: vmtf (from: vsid) var_decay:0.95 descr: VMTF
c [full-probe]  bin_only: 1 set: 0 repl: 0 T: 0.01 T-out: N T-r: 99.76%
c rst  luby ibes  vmt   338  102K    2613 19781   934    4.09    4.00   653  1104   46K   115   23.73   23.68
c rst  luby ibes  vmt   339  102K    2613 19781   934    4.09    4.00   655  1160   46K   115   23.71   23.66
c [distill] watch-based irred--  cl tried     7344 cl-sh     0 cl-rem    2 lit-rem      0 T: 0.01 T-out: N
c [distill] watch-based   red--  cl tried     1310 cl-sh    21 cl-rem    0 lit-rem     58 T: 0.00 T-out: N
c rst  luby ibes  vmt   340  102K    2613 19779   935    4.09    4.00   655  1161   46K   114   23.66   23.61
c rst  luby ibes  vmt   341  102K    2613 19779   935    4.09    4.00   655  1163   46K   114   23.63   23.58
c rst  luby ibes  vmt   342  102K    2613 19779   935    4.09    4.00   655  1167   47K   114   23.61   23.56
c rst  luby ibes  vmt   343  102K    2613 19779   935    4.09    4.00   655  1181   47K   114   23.56   23.51
c rst  luby ibes  vmt   344  103K    2613 19779   935    4.09    4.00   657  1184   47K   114   23.47   23.42
c rst  luby ibes  vmt   345  103K    2613 19779   935    4.09    4.00   657  1184   47K   114   23.45   23.40
c rst  luby ibes  vmt   346  103K    2613 19779   935    4.09    4.00   657  1184   47K   114   23.42   23.37
c rst  luby ibes  vmt   347  103K    2613 19779   935    4.09    4.00   657  1189   48K   114   23.38   23.33
c rst  luby ibes  vmt   348  103K    2613 19779   935    4.09    4.00   657  1191   48K   114   23.37   23.32
c rst  luby ibes  vmt   349  103K    2613 19779   935    4.09    4.00   657  1195   48K   114   23.35   23.30
c rst  luby ibes  vmt   350  104K    2613 19779   935    4.09    4.00   660  1201   48K   114   23.32   23.27
c rst  luby ibes  vmt   351  104K    2613 19779   935    4.09    4.00   661  1209   48K   114   23.23   23.18
c rst  luby  svd  vmt   352  105K    2613 19779   935    4.09    4.00   674  1426   36K   114   22.94   22.88
c rst  luby  svd  vmt   353  105K    2613 19779   935    4.09    4.00   674  1433   36K   114   22.95   22.88
c rst  luby  svd  vmt   354  105K    2613 19779   935    4.09    4.00   674  1437   36K   114   22.95   22.89
c rst  luby  svd  vmt   355  105K    2613 19779   935    4.09    4.00   676  1440   36K   114   22.96   22.90
c rst  luby  svd  vmt   356  105K    2613 19779   935    4.09    4.00   677  1444   37K   114   22.96   22.90
c rst  luby  svd  vmt   357  105K    2613 19779   935    4.09    4.00   677  1446   37K   114   22.94   22.88
c rst  luby  svd  vmt   358  106K    2613 19779   935    4.09    4.00   677  1450   37K   114   22.94   22.88
c rst  luby  svd  vmt   359  106K    2613 19779   935    4.09    4.00   679  1463   37K   114   22.86   22.80
c rst  luby  svd  vmt   360  106K    2613 19779   935    4.09    4.00   680  1464   37K   114   22.84   22.78
c rst  luby  svd  vmt   361  106K    2613 19779   935    4.09    4.00   681  1467   37K   114   22.84   22.78
c rst  luby  svd  vmt   362  107K    2613 19779   935    4.09    4.00   682  1473   38K   114   22.83   22.77
c rst  luby  svd  vmt   363  107K    2613 19779   935    4.09    4.00   682  1475   38K   114   22.82   22.76
c rst  luby  svd  vmt   364  107K    2613 19779   935    4.09    4.00   683  1478   38K   114   22.81   22.76
c rst  luby  svd  vmt   365  107K    2613 19779   935    4.09    4.00   683  1483   38K   114   22.80   22.74
c rst  luby  svd  vmt   366  107K    2613 19779   935    4.09    4.00   684  1487   38K   114   22.81   22.75
c rst  luby  svd  vmt   367  108K    2613 19779   935    4.09    4.00   691  1514   39K   114   22.78   22.72
c rst  luby  svd  vmt   368  110K    2613 19779   935    4.09    4.00   893  1330   41K   114   22.43   22.38
c rst  luby  svd  vmt   369  110K    2613 19779   935    4.09    4.00   893  1334   41K   114   22.42   22.36
c rst  luby  svd  vmt   370  110K    2613 19779   935    4.09    4.00   893  1337   41K   114   22.39   22.34
c rst  luby  svd  vmt   371  110K    2613 19779   935    4.09    4.00   893  1342   41K   114   22.36   22.30
c rst  luby  svd  vmt   372  110K    2613 19779   935    4.09    4.00   894  1342   41K   114   22.34   22.29
c rst  geom best  vmt   373  110K    2613 19779   935    4.09    4.00   894  1343   41K   114   22.31   22.26
c rst  geom best  vmt   374  110K    2613 19779   935    4.09    4.00   894  1345   41K   114   22.29   22.24
c rst  geom best  vmt   375  111K    2613 19779   935    4.09    4.00   894  1350   42K   114   22.27   22.22
c rst  geom best  vmt   376  111K    2613 19779   935    4.09    4.00   894  1354   42K   114   22.25   22.20
c rst  geom best  vmt   377  111K    2613 19779   935    4.09    4.00   894  1357   42K   114   22.22   22.17
c rst  geom best  vmt   378  111K    2613 19779   935    4.09    4.00   894  1359   42K   114   22.20   22.15
c rst  geom best  vmt   379  111K    2613 19779   935    4.09    4.00   894  1366   42K   114   22.17   22.12
c rst  geom best  vmt   380  111K    2613 19779   935    4.09    4.00   894  1373   42K   114   22.13   22.08
c rst  geom best  vmt   381  112K    2613 19779   935    4.09    4.00   895  1383   43K   114   22.15   22.10
c rst  geom best  vmt   382  112K    2613 19779   935    4.09    4.00   895  1388   43K   114   22.12   22.07
c [distill-long-red0] cls tried: 263/263 T: 0.04 T-out: N T-r: 98.76%
c [distill-long-red1] cls tried: 29/1225 T: 0.01 T-out: Y T-r: -3.63%
c rst  geom best  vmt   383  112K    2613 19779   935    4.09    4.00   896  1403   43K   114   22.05   22.00
c rst  geom best  vmt   384  113K    2613 19779   935    4.09    4.00   897  1415   44K   114   22.00   21.96
c rst  geom best  vmt   385  113K    2613 19779   935    4.09    4.00   898  1419   44K   114   21.95   21.90
c rst  geom best  vmt   386  113K    2613 19779   935    4.09    4.00   900  1428   44K   114   21.90   21.85
c rst  geom best  vmt   387  114K    2613 19779   935    4.09    4.00   900  1442   45K   114   21.89   21.84
c [distill-bin] useful: 1/935/935 lits-rem: 0 cl-rem: 1 0-depth-assigns: 0 T: 0.01 T-out: N
c rst  geom best  vmt   388  114K    2613 19779   934    4.09    4.00   902  1454   45K   114   21.84   21.79
c rst  geom best  vmt   389  115K    2613 19779   934    4.09    4.00   902  1468   46K   114   21.80   21.75
c rst  geom best  vmt   390  115K    2613 19779   934    4.09    4.00   903  1486   46K   114   21.76   21.72
c [gauss] XOR-encoding clauses are not detached, so no need to reattach them.
c [g 0] truth-find prop checks  : 2051K
c [g 0] -> of which prop        : 35.37 %
c [g 0] -> of which confl       :  1.33 %
c [g 0] elim called             : 373K
c [g 0] ---> which lead to prop : 31.04 %
c [g 0] ---> which lead to confl:  1.70 %
c [g 0] size: 50    x 459  
c [scc] new: 1 BP 0M T: 0.00
c [vrep] vars 1 lits 3494 rem-bin-cls 6 rem-long-cls 0 BP 0M T: 0.01
c [scc] new: 0 BP 0M T: 0.00
c [vrep] vars 0 lits 0 rem-bin-cls 0 rem-long-cls 0 BP 0M T: 0.00
c [intree] Set 0 vars hyper-added: 63 trans-irred: 0 trans-red: 4 T: 0.01 T-out: N T-r: -2.05%
c [find&init matx] performing matrix init
c [gauss] XOR-encoding clauses are not detached, so no need to reattach them.
c [xor-rem-unconnected] left with 2011 xors from 2014 non-empty xors T: 0.00
c [xor-together] xored together: 1960 orig xors: 2011 new xors: 51 T: 0.00
c [xor-rem-unconnected] left with 51 xors from 51 non-empty xors T: 0.00
c [xor-clean-equiv] removed equivalent xors: 0 left with: 51
c [matrix] unused xors from cleaning: 3
c [matrix] Good   matrix 0 51      x457    density:0.1765  xorlen avg: 80.65
c [matrix] Using 1 matrices recovered from 0 xors T: 0.01 T-out: N
c rst  geom best vmt  391   116 K 2612    19779   932 4.09    4.00      904  1511   47K   171 21.68   21.61  
c [g  <0] Disabling GJ-elim in this round.  Usefulness was: 19.7275%  over 77592 calls
c rst  geom best vmt  392   116 K 2612    19779   932 4.09    4.00      905  1562   47K   171 21.57   21.51  
c rst  geom stb  vmt  393   117 K 2612    19779   932 4.09    4.00      905  1576   48K   171 21.55   21.48  
c [branch] adjusting to: vsid (from: vmtf) var_decay:0.95 descr: VSIDS
c rst  geom stb  vs   394   117 K 2612    19779   932 4.09    4.00      907  1590   48K   171 21.62   21.56  
c rst  geom stb  vs   395   117 K 2612    19779   932 4.09    4.00      910  1602   48K   171 21.71   21.64  
c rst  geom stb  vs   396   118 K 2612    19779   932 4.09    4.00      916  1632   48K   171 21.78   21.71  
c rst  geom stb  vs   397   118 K 2612    19779   932 4.09    4.00      922  1644   48K   171 21.85   21.78  
c rst  geom stb  vs   398   118 K 2612    19779   932 4.09    4.00      924  1654   49K   171 21.93   21.87  
c rst  geom stb  vs   399   118 K 2612    19779   932 4.09    4.00      926  1668   49K   171 22.05   21.98  
c rst  geom stb  vs   400   118 K 2612    19779   932 4.09    4.00      928  1674   49K   171 22.11   22.04  
c rst  geom stb  vs   401   118 K 2612    19779   932 4.09    4.00      930  1681   49K   171 22.23   22.16  
c rst  geom stb  vs   402   119 K 2612    19779   932 4.09    4.00      933  1691   49K   171 22.33   22.26  
c rst  geom stb  vs   403   119 K 2612    19779   932 4.09    4.00      936  1692   50K   171 22.42   22.35  
c rst  geom stb  vs   404   119 K 2612    19779   932 4.09    4.00      937  1705   50K   171 22.54   22.48  
c rst  geom stb  vs   405   120 K 2612    19779   932 4.09    4.00     1003  2657   35K   171 23.65   23.55  
c rst  geom stb  vs   406   120 K 2612    19779   932 4.09    4.00     1254  2405   35K   171 23.85   23.75  
c rst  geom stb  vs   407   120 K 2612    19779   932 4.09    4.00     1257  2413   36K   171 24.03   23.94  
c rst  geom stb  vs   408   121 K 2612    19779   932 4.09    4.00     1258  2423   36K   171 24.28   24.19  
c rst  geom stb  vs   409   121 K 2612    19779   932 4.09    4.00     1262  2429   36K   171 24.54   24.44  
c rst  geom stb  vs   410   122 K 2612    19779   932 4.09    4.00     1264  2434   37K   171 24.85   24.76  
c rst  geom stb  vs   411   122 K 2612    19779   932 4.09    4.00     1271  2451   37K   171 25.09   25.00  
c [full-probe]  bin_only: 0 set: 0 repl: 0 T: 0.01 T-out: N T-r: 97.19%
c rst  geom stb  vs   412   123 K 2612    19779   932 4.09    4.00     1272  2485   38K   171 25.38   25.29  
c rst  geom ibes vs   413   123 K 2612    19779   932 4.09    4.00     1282  2537   39K   171 25.51   25.42  
c rst  geom ibes vs   414   124 K 2612    19779   932 4.09    4.00     1290  2607   39K   171 25.83   25.74  
c rst  geom ibes vs   415   125 K 2612    19779   932 4.09    4.00     1296  2668   40K   171 26.14   26.05  
c rst  geom ibes vs   416   126 K 2612    19779   932 4.09    4.00     1308  2721   41K   171 26.55   26.46  
c rst  geom ibes vs   417   127 K 2612    19779   932 4.09    4.00     1315  2759   42K   171 26.94   26.85  
c rst  geom ibes vs   418   128 K 2612    19779   932 4.09    4.00     1318  2806   43K   171 27.36   27.27  
c [distill-long-red0] cls tried: 415/415 T: 0.04 T-out: N T-r: 98.83%
c [distill-long-red1] cls tried: 27/2623 T: 0.01 T-out: Y T-r: -5.11%
c [distill] watch-based irred--  cl tried 7339     cl-sh 0     cl-rem 3    lit-rem 0      T: 0.01 T-out: N
c [distill] watch-based red  --  cl tried 2636     cl-sh 72    cl-rem 0    lit-rem 157    T: 0.01 T-out: N
c rst  geom ibes vs   419   129 K 2612    19776   935 4.09    4.00     1324  2832   44K   168 27.50   27.41  
c rst  geom ibes vs   420   130 K 2612    19776   935 4.09    4.00     1631  2552   45K   168 27.62   27.53  
c rst  geom svd  vs   421   132 K 2612    19776   935 4.09    4.00     1640  2592   46K   168 28.22   28.13  
c rst  geom svd  vs   422   133 K 2612    19776   935 4.09    4.00     1650  2625   48K   168 28.52   28.44  
c [ccnr] tries: 0 steps: 262143 best found: 3
c [ccnr] tries: 0 steps: 524287 best found: 3
c [ccnr] tries: 0 steps: 786431 best found: 3
c [ccnr] saving best assignment phase to stable_polar
c [ccnr] bumping based on var unsat frequency: conflict_ct
c [ccnr] Bumped vars: 2930 bump type: 6
c [ccnr] time: 0.57
c rst  geom svd  vs   423   134 K 2612    19776   935 4.09    4.00     1659  2638   49K   168 28.58   28.50  
c recursive minimization cost OK: 324Kcost/(% lits removed)
c [gauss] XOR-encoding clauses are not detached, so no need to reattach them.
c [g 0] truth-find prop checks  : 54K
c [g 0] -> of which prop        : 19.94 %
c [g 0] -> of which confl       :  0.77 %
c [g 0] elim called             : 13281
c [g 0] ---> which lead to prop : 29.02 %
c [g 0] ---> which lead to confl:  1.72 %
c [g 0] size: 51    x 457  
c --> Executing strategy token: scc-vrepl
c [scc] new: 0 BP 0M T: 0.00
c --> Executing strategy token: sub-impl
c [impl-sub] bin: 3 T: 0.00 T-out: N w-visit: 5860
c --> Executing strategy token: breakid
c --> Executing OCC strategy token(s): 'occ-backw-sub-str,occ-clean-implicit,occ-bve,occ-bva,occ-ternary-res,occ-xor,'
c [occ] mem usage for occur 1      MB
c [occ] Linked in IRRED BIN by default: 935
c [occ] Linked in RED   BIN by default: 165
c [occ] mem usage for occur 0      MB
c Mem for watch alloc      : 7           MB (18.71     %)
c Mem for watch array      : 0           MB (0.32      %)
c --> Executing OCC strategy token: occ-backw-sub-str
c [occ-backw-sub-str-long-w-bins] subs: 0 str: 254 tried: 5466 0-depth ass: 0 T: 0.00 T-out: N T-r: 99.57%
c [occ-backw-sub-long-w-long] rem cl: 658 tried: 73136/73136 (100.0%) T: 0.02 T-out: N T-r: 90.06%
c [occ-backw-sub-str-long-w-long] sub: 0 str: 130 tried: 219408/73136 (300.0)  T: 0.10 T-out: N T-r: 81.15%
c --> Executing OCC strategy token: occ-clean-implicit
c --> Executing OCC strategy token: occ-bve
c [occ-empty-res] Empty resolvent elimed: 0 T: 0.00 T-out: N
c [occ-bve] iter v-elim 0
c cl_inc_rate=1.0, var_dec_rate=1.0 (grow=0)
c Reduced to 2612 vars, 20254 cls (grow=0)
c [occ-bve] iter v-elim 27
c cl_inc_rate=1.0, var_dec_rate=1.0 (grow=8)
c Reduced to 2585 vars, 20326 cls (grow=8)
c x n vars       : 2585
c #try to eliminate:  5321
c #var-elim        :    27
c #T-o: N
c #T-r: 99.99%
c #T  : 0.10
c [occur] 0.04 is overhead
c [occur] link-in T: 0.04 cleanup T: 0.00
c --> Executing OCC strategy token: occ-bva
c --> Executing OCC strategy token: occ-ternary-res
c [occ-ternary-res] Ternary res-tri: 4 res-bin: 0 sub: 1 str: 0 T: 0.00 T-out: N T-r: 99.69%
c --> Executing OCC strategy token: occ-xor
c [occ-xor] sort occur list T: 0.00
c [xor-clean-equiv] removed equivalent xors: 0 left with: 1991
c [occ-xor] found   1991 avg sz 4.0 min sz  4 max sz  5 T: 0.01 T-out: N T-r: 99.98%
c --> Executing strategy token: card-find
c --> Executing strategy token: cl-consolidate
c Not consolidating memory.
c --> Executing strategy token: scc-vrepl
c [scc] new: 0 BP 0M T: 0.00
c --> Executing strategy token: renumber
c --> Executing strategy token: bosphorus
c --> Executing strategy token: louvain-comms
c [consolidate] mini T: 0.00
c global_timeout_multiplier: 3.6300
c [branch] rebuilding order heap for all branchings. Current branching: vsid
c [find&init matx] performing matrix init
c [gauss] XOR-encoding clauses are not detached, so no need to reattach them.
c [xor-rem-unconnected] left with 1988 xors from 1991 non-empty xors T: 0.00
c [xor-together] xored together: 1934 orig xors: 1988 new xors: 54 T: 0.00
c [xor-rem-unconnected] left with 54 xors from 54 non-empty xors T: 0.00
c [xor-clean-equiv] removed equivalent xors: 0 left with: 54
c [matrix] unused xors from cleaning: 3
c [matrix] Good   matrix  0     54 x  465  density:0.1639  xorlen avg: 76.20
c [matrix] Using 1 matrices recovered from 0 xors T: 0.00 T-out: N
c [distill-bin] useful: 2/917/917 lits-rem: 0 cl-rem: 2 0-depth-assigns: 0 T: 0.01 T-out: N
c rst  geom  svd   vs   424  135K    2585 19409   915    4.11    4.02  1498  2917   34K   162   27.91   27.81
c [branch] adjusting to: vmtf (from: vsid) var_decay:0.95 descr: VMTF
c rst  luby  svd  vmt   425  135K    2585 19409   915    4.11    4.02  1498  2962   34K   162   27.89   27.79
c rst  luby  svd  vmt   426  135K    2585 19409   915    4.11    4.02  1498  2970   34K   162   27.91   27.80
c rst  luby  svd  vmt   427  135K    2585 19409   915    4.11    4.02  1499  2974   34K   162   27.87   27.77
c rst  luby  svd  vmt   428  135K    2585 19409   915    4.11    4.02  1499  2974   34K   162   27.84   27.73
c rst  luby  svd  vmt   429  135K    2585 19409   915    4.11    4.02  1499  2975   34K   162   27.81   27.71
c rst  luby  svd  vmt   430  136K    2585 19409   915    4.11    4.02  1499  2977   34K   162   27.86   27.75
c rst  luby  svd  vmt   431  136K    2585 19409   915    4.11    4.02  1500  2979   35K   162   27.80   27.70
c rst  luby  svd  vmt   432  136K    2585 19409   915    4.11    4.02  1500  2979   35K   162   27.80   27.69
c rst  luby  svd  vmt   433  136K    2585 19409   915    4.11    4.02  1500  2982   35K   162   27.77   27.67
c rst  luby  svd  vmt   434  136K    2585 19409   915    4.11    4.02  1500  2984   35K   162   27.72   27.62
c rst  luby  svd  vmt   435  137K    2585 19409   915    4.11    4.02  1500  2984   35K   162   27.70   27.60
c rst  luby  svd  vmt   436  137K    2585 19409   915    4.11    4.02  1500  2987   35K   162   27.68   27.58
c rst  geom best  vmt   437  137K    2585 19409   915    4.11    4.02  1500  2989   36K   162   27.66   27.56
c rst  geom best  vmt   438  137K    2585 19409   915    4.11    4.02  1500  2992   36K   162   27.63   27.53
c rst  geom best  vmt   439  137K    2585 19409   915    4.11    4.02  1501  2998   36K   162   27.62   27.52
c rst  geom best  vmt   440  137K    2585 19409   915    4.11    4.02  1501  3006   36K   162   27.63   27.53
c rst  geom best  vmt   441  137K    2585 19409   915    4.11    4.02  1504  3017   36K   162   27.57   27.47
c rst  geom best  vmt   442  138K    2585 19409   915    4.11    4.02  1504  3020   36K   162   27.50   27.40
c rst  geom best  vmt   443  138K    2585 19409   915    4.11    4.02  1504  3030   36K   162   27.44   27.34
c rst  geom best  vmt   444  138K    2585 19409   915    4.11    4.02  1504  3039   37K   162   27.36   27.27
c rst  geom best  vmt   445  138K    2585 19409   915    4.11    4.02  1504  3041   37K   162   27.31   27.21
c rst  geom best  vmt   446  138K    2585 19409   915    4.11    4.02  1506  3059   37K   162   27.29   27.19
c rst  geom best  vmt   447  139K    2585 19409   915    4.11    4.02  1507  3067   37K   162   27.24   27.14
c rst  geom best  vmt   448  139K    2585 19409   915    4.11    4.02  1507  3085   38K   162   27.27   27.18
c rst  geom best  vmt   449  139K    2585 19409   915    4.11    4.02  1507  3098   38K   162   27.15   27.06
c rst  geom best  vmt   450  140K    2585 19409   915    4.11    4.02  1649  2924   38K   162   27.03   26.94
c rst  geom best  vmt   451  140K    2585 19409   915    4.11    4.02  1649  2935   39K   162   26.98   26.89
c rst  geom best  vmt   452  141K    2585 19409   915    4.11    4.02  1649  2949   39K   162   26.89   26.80
c rst  geom best  vmt   453  141K    2585 19409   915    4.11    4.02  1649  2959   40K   162   26.75   26.66
c rst  geom best  vmt   454  142K    2585 19409   915    4.11    4.02  1649  3010   40K   162   26.56   26.47
c rst  geom best  vmt   455  142K    2585 19409   915    4.11    4.02  1649  3024   41K   162   26.44   26.35
c [full-probe]  bin_only: 1 set: 0 repl: 0 T: 0.01 T-out: N T-r: 99.66%
c rst  geom best  vmt   456  143K    2585 19409   915    4.11    4.02  1649  3059   41K   162   26.24   26.16
c [distill-long-red0] cls tried: 596/596 T: 0.06 T-out: N T-r: 98.56%
c [distill-long-red1] cls tried: 21/2879 T: 0.02 T-out: Y T-r: -10.51%
c rst  geom best  vmt   457  144K    2585 19409   915    4.11    4.02  1653  3077   42K   162   26.06   25.98
c rst  geom  stb  vmt   458  144K    2585 19409   915    4.11    4.02  1653  3087   43K   162   26.03   25.95
c rst  geom  stb  vmt   459  145K    2585 19409   915    4.11    4.02  1654  3092   44K   162   25.89   25.82
c rst  geom  stb  vmt   460  146K    2585 19409   915    4.11    4.02  1656  3102   45K   162   25.74   25.66
c rst  geom  stb  vmt   461  147K    2585 19409   915    4.11    4.02  1657  3115   46K   162   25.52   25.45
c rst  geom  stb  vmt   462  148K    2585 19409   915    4.11    4.02  1657  3125   47K   162   25.41   25.34
c rst  geom  stb  vmt   463  150K    2585 19409   915    4.11    4.02  1963  4002   35K   162   27.46   27.36
c rst  geom  stb  vmt   464  151K    2585 19409   915    4.11    4.02  1966  4059   36K   162   27.24   27.15
c rst  geom ibes  vmt   465  153K    2585 19409   915    4.11    4.02  1966  4077   38K   162   26.94   26.84
c rst  geom ibes  vmt   466  154K    2585 19409   915    4.11    4.02  1968  4155   40K   162   26.59   26.50
c [branch] adjusting to: vsid (from: vmtf) var_decay:0.95 descr: VSIDS
c [distill-bin] useful: 0/915/915 lits-rem: 0 cl-rem: 0 0-depth-assigns: 0 T: 0.01 T-out: N
c [distill] watch-based irred--  cl tried     6466 cl-sh     0 cl-rem    0 lit-rem      0 T: 0.01 T-out: N
c [distill] watch-based   red--  cl tried     3936 cl-sh    71 cl-rem    0 lit-rem    111 T: 0.01 T-out: N
c rst  geom ibes   vs   467  154K    2585 19409   915    4.11    4.02  1968  4155   40K   162   26.61   26.52
c rst  geom ibes   vs   468  155K    2585 19409   915    4.11    4.02  1968  4155   40K   162   26.64   26.55
c rst  geom ibes   vs   469  155K    2585 19409   915    4.11    4.02  1968  4155   40K   162   26.65   26.57
c rst  geom ibes   vs   470  155K    2585 19409   915    4.11    4.02  1968  4155   40K   162   26.66   26.57
c rst  geom ibes   vs   471  155K    2585 19409   915    4.11    4.02  1969  4155   40K   162   26.66   26.57
c rst  geom ibes   vs   472  155K    2585 19409   915    4.11    4.02  1969  4155   40K   162   26.68   26.60
c rst  geom ibes   vs   473  155K    2585 19409   915    4.11    4.02  1969  4155   41K   162   26.69   26.61
c rst  geom ibes   vs   474  156K    2585 19409   915    4.11    4.02  1969  4155   41K   162   26.75   26.66
c rst  geom ibes   vs   475  156K    2585 19409   915    4.11    4.02  1969  4155   41K   162   26.74   26.66
c rst  geom ibes   vs   476  156K    2585 19409   915    4.11    4.02  1969  4155   41K   162   26.75   26.66
c rst  geom ibes   vs   477  156K    2585 19409   915    4.11    4.02  1969  4155   42K   162   26.76   26.68
c rst  geom ibes   vs   478  157K    2585 19409   915    4.11    4.02  1969  4156   42K   162   26.77   26.68
c rst  geom ibes   vs   479  157K    2585 19409   915    4.11    4.02  1969  4156   42K   162   26.77   26.69
c rst  geom ibes   vs   480  157K    2585 19409   915    4.11    4.02  1969  4156   43K   162   26.81   26.73
c rst  geom ibes   vs   481  158K    2585 19409   915    4.11    4.02  1969  4156   43K   162   26.85   26.77
c rst  geom  svd   vs   482  158K    2585 19409   915    4.11    4.02  1969  4156   43K   162   26.88   26.80
c [distill-long-red0] cls tried: 363/363 T: 0.09 T-out: N T-r: 97.63%
c [distill-long-red1] cls tried: 21/3967 T: 0.01 T-out: Y T-r: -11.66%
c rst  geom  svd   vs   483  159K    2585 19409   915    4.11    4.02  1969  4156   44K   162   26.78   26.70
c rst  geom  svd   vs   484  159K    2585 19409   915    4.11    4.02  1969  4156   44K   162   26.69   26.61
c rst  geom  svd   vs   485  160K    2585 19409   915    4.11    4.02  2120  3888   45K   162   26.74   26.66
c rst  geom  svd   vs   486  161K    2585 19409   915    4.11    4.02  2120  3889   46K   162   26.78   26.70
c [impl-str] lit bin: 0 set-var: 0 T: 0.00 T-out: N T-r: 99.95% w-visit: 5860
c [impl-sub] bin: 0 T: 0.00 T-out: N w-visit: 5860
c rst  geom  svd   vs   487  161K    2585 19409   915    4.11    4.02  2120  3889   47K   162   26.79   26.72
c rst  geom  svd   vs   488  162K    2585 19409   915    4.11    4.02  2120  3889   47K   162   26.80   26.73
c rst  geom  svd   vs   489  163K    2585 19409   915    4.11    4.02  2120  3891   48K   162   27.07   27.00
c [full-probe]  bin_only: 0 set: 0 repl: 0 T: 0.01 T-out: N T-r: 96.60%
c rst  geom  svd   vs   490  164K    2585 19409   915    4.11    4.02  2120  3894   49K   164   27.32   27.24
c rst  geom  svd   vs   491  165K    2585 19409   915    4.11    4.02  2140  4259   36K   164   24.80   24.71
c rst  geom best   vs   492  166K    2585 19409   915    4.11    4.02  2141  4259   37K   164   24.72   24.63
c rst  geom best   vs   493  167K    2585 19409   915    4.11    4.02  2141  4261   38K   164   24.85   24.77
c rst  geom best   vs   494  169K    2585 19409   915    4.11    4.02  2141  4261   40K   164   24.66   24.58
c rst  geom best   vs   495  170K    2585 19409   915    4.11    4.02  2150  4249   41K   164   24.45   24.38
c rst  geom best   vs   496  172K    2585 19409   915    4.11    4.02  2150  4251   43K   164   24.72   24.64
c rst  geom  stb   vs   497  174K    2585 19409   915    4.11    4.02  2150  4252   45K   164   25.05   24.97
c [distill-long-red0] cls tried: 180/180 T: 0.03 T-out: N T-r: 99.22%
c [distill-long-red1] cls tried: 21/4064 T: 0.01 T-out: Y T-r: -5.83%
c rst  geom  stb   vs   498  176K    2585 19409   915    4.11    4.02  2150  4253   47K   164   25.75   25.67
c [branch] adjusting to: vmtf (from: vsid) var_decay:0.95 descr: VMTF
c [distill-bin] useful: 0/915/915 lits-rem: 0 cl-rem: 0 0-depth-assigns: 0 T: 0.01 T-out: N
c rst  luby  stb  vmt   499  176K    2585 19409   915    4.11    4.02  2150  4254   47K   164   25.73   25.66
c rst  luby  stb  vmt   500  176K    2585 19409   915    4.11    4.02  2150  4259   47K   164   25.73   25.66
c rst  luby  stb  vmt   501  176K    2585 19409   915    4.11    4.02  2150  4262   47K   164   25.75   25.67
c rst  luby  stb  vmt   502  176K    2585 19409   915    4.11    4.02  2150  4265   47K   164   25.74   25.67
c rst  luby  stb  vmt   503  177K    2585 19409   915    4.11    4.02  2150  4265   47K   164   25.74   25.67
c rst  luby  stb  vmt   504  177K    2585 19409   915    4.11    4.02  2150  4268   48K   164   25.71   25.64
c rst  luby  stb  vmt   505  177K    2585 19409   915    4.11    4.02  2151  4275   48K   164   25.68   25.61
c [ccnr] tries: 0 steps: 262143 best found: 11
c [ccnr] tries: 0 steps: 524287 best found: 11
c [ccnr] tries: 0 steps: 786431 best found: 11
c [ccnr] saving best assignment phase to stable_polar
c [ccnr] bumping based on clause weights
c [ccnr] Bumped vars: 101 bump type: 6
c [ccnr] time: 0.56
c rst  luby  stb  vmt   506  177K    2585 19409   915    4.11    4.02  2151  4277   48K   164   25.67   25.60
c rst  luby  stb  vmt   507  177K    2585 19409   915    4.11    4.02  2151  4279   48K   164   25.66   25.59
c rst  luby  stb  vmt   508  178K    2585 19409   915    4.11    4.02  2151  4280   48K   164   25.63   25.56
c rst  luby  stb  vmt   509  178K    2585 19409   915    4.11    4.02  2151  4280   49K   164   25.62   25.55
c rst  luby  stb  vmt   510  178K    2585 19409   915    4.11    4.02  2151  4281   49K   164   25.60   25.53
c rst  luby  stb  vmt   511  178K    2585 19409   915    4.11    4.02  2151  4282   49K   164   25.56   25.49
c rst  luby  stb  vmt   512  178K    2585 19409   915    4.11    4.02  2151  4290   49K   164   25.51   25.44
c rst  luby  stb  vmt   513  179K    2585 19409   915    4.11    4.02  2152  4296   50K   164   25.38   25.31
c rst  luby ibes  vmt   514  179K    2585 19409   915    4.11    4.02  2152  4297   50K   164   25.37   25.30
c rst  luby ibes  vmt   515  179K    2585 19409   915    4.11    4.02  2152  4299   50K   164   25.36   25.29
c [distill] watch-based irred--  cl tried     6466 cl-sh     0 cl-rem    0 lit-rem      0 T: 0.01 T-out: N
c [distill] watch-based   red--  cl tried     4304 cl-sh     1 cl-rem    0 lit-rem      2 T: 0.01 T-out: N
c rst  luby ibes  vmt   516  180K    2585 19409   915    4.11    4.02  2242  4144   35K   164   23.85   23.76
c rst  luby ibes  vmt   517  180K    2585 19409   915    4.11    4.02  2242  4144   35K   164   23.83   23.75
c rst  luby ibes  vmt   518  180K    2585 19409   915    4.11    4.02  2243  4145   35K   164   23.81   23.73
c rst  luby ibes  vmt   519  180K    2585 19409   915    4.11    4.02  2244  4149   35K   164   23.78   23.69
c rst  luby ibes  vmt   520  180K    2585 19409   915    4.11    4.02  2244  4152   36K   164   23.71   23.62
c [gauss] XOR-encoding clauses are not detached, so no need to reattach them.
c [g 0] truth-find prop checks  : 1661K
c [g 0] -> of which prop        : 32.87 %
c [g 0] -> of which confl       :  1.30 %
c [g 0] elim called             : 274K
c [g 0] ---> which lead to prop : 39.77 %
c [g 0] ---> which lead to confl:  1.59 %
c [g 0] size: 54    x 465  
c [scc] new: 1 BP 0M T: 0.00
c [vrep] vars 1 lits 730 rem-bin-cls 5 rem-long-cls 0 BP 0M T: 0.01
c [scc] new: 0 BP 0M T: 0.00
c [vrep] vars 0 lits 0 rem-bin-cls 0 rem-long-cls 0 BP 0M T: 0.01
c [intree] Set 0 vars hyper-added: 2 trans-irred: 0 trans-red: 0 T: 0.01 T-out: N T-r: -2.78%
c [find&init matx] performing matrix init
c [gauss] XOR-encoding clauses are not detached, so no need to reattach them.
c [xor-rem-unconnected] left with 1988 xors from 1991 non-empty xors T: 0.00
c [xor-together] xored together: 1932 orig xors: 1988 new xors: 56 T: 0.00
c [xor-rem-unconnected] left with 56 xors from 56 non-empty xors T: 0.00
c [xor-clean-equiv] removed equivalent xors: 0 left with: 56
c [matrix] unused xors from cleaning: 3
c [matrix] Good   matrix 0 56      x466    density:0.1578  xorlen avg: 73.55
c [matrix] Using 1 matrices recovered from 0 xors T: 0.00 T-out: N
c rst  luby ibes vmt  521   180 K 2584    19409   915 4.11    4.02     2244  4154   36K   163 23.69   23.61  
c rst  luby ibes vmt  522   181 K 2584    19409   915 4.11    4.02     2244  4156   36K   163 23.67   23.59  
c rst  luby ibes vmt  523   181 K 2584    19409   915 4.11    4.02     2244  4160   36K   163 23.65   23.57  
c rst  luby ibes vmt  524   181 K 2584    19409   915 4.11    4.02     2244  4163   36K   163 23.64   23.55  
c rst  luby ibes vmt  525   181 K 2584    19409   915 4.11    4.02     2244  4163   36K   163 23.67   23.59  
c rst  luby ibes vmt  526   181 K 2584    19409   915 4.11    4.02     2246  4202   36K   163 23.63   23.54  
c rst  luby ibes vmt  527   182 K 2584    19409   915 4.11    4.02     2248  4211   37K   163 23.59   23.51  
c rst  luby ibes vmt  528   182 K 2584    19409   915 4.11    4.02     2249  4228   38K   163 23.47   23.39  
c [g  <0] Disabling GJ-elim in this round.  Usefulness was: 19.7056%  over 143873 calls
c rst  luby ibes vmt  529   184 K 2584    19409   915 4.11    4.02     2251  4363   39K   163 23.11   23.03  
c [full-probe]  bin_only: 1 set: 0 repl: 0 T: 0.01 T-out: N T-r: 99.75%
c rst  luby ibes vmt  530   184 K 2584    19409   915 4.11    4.02     2251  4364   39K   163 23.10   23.03  
c rst  luby ibes vmt  531   184 K 2584    19409   915 4.11    4.02     2252  4365   39K   163 23.10   23.02  
c rst  luby ibes vmt  532   184 K 2584    19409   915 4.11    4.02     2252  4368   40K   163 23.06   22.99  
c rst  luby ibes vmt  533   185 K 2584    19409   915 4.11    4.02     2252  4368   40K   163 23.05   22.97  
c rst  luby ibes vmt  534   185 K 2584    19409   915 4.11    4.02     2252  4368   40K   163 23.02   22.95  
c rst  luby ibes vmt  535   185 K 2584    19409   915 4.11    4.02     2252  4368   40K   163 22.98   22.90  
c rst  luby ibes vmt  536   185 K 2584    19409   915 4.11    4.02     2252  4378   40K   163 22.89   22.82  
c rst  luby ibes vmt  537   185 K 2584    19409   915 4.11    4.02     2252  4380   40K   163 22.87   22.80  
c rst  luby ibes vmt  538   185 K 2584    19409   915 4.11    4.02     2252  4380   41K   163 22.84   22.77  
c rst  luby ibes vmt  539   186 K 2584    19409   915 4.11    4.02     2252  4385   41K   163 22.80   22.73  
c rst  luby ibes vmt  540   186 K 2584    19409   915 4.11    4.02     2252  4387   41K   163 22.78   22.71  
c rst  luby ibes vmt  541   186 K 2584    19409   915 4.11    4.02     2252  4388   41K   163 22.76   22.69  
c rst  luby ibes vmt  542   186 K 2584    19409   915 4.11    4.02     2252  4392   41K   163 22.73   22.66  
c rst  luby svd  vmt  543   186 K 2584    19409   915 4.11    4.02     2253  4406   42K   163 22.67   22.60  
c rst  luby svd  vmt  544   187 K 2584    19409   915 4.11    4.02     2260  4441   42K   163 22.98   22.91  
c rst  luby svd  vmt  545   187 K 2584    19409   915 4.11    4.02     2260  4442   42K   163 22.96   22.89  
c rst  luby svd  vmt  546   187 K 2584    19409   915 4.11    4.02     2260  4443   42K   163 22.95   22.88  
c rst  luby svd  vmt  547   188 K 2584    19409   915 4.11    4.02     2260  4446   43K   163 22.92   22.85  
c rst  luby svd  vmt  548   188 K 2584    19409   915 4.11    4.02     2260  4447   43K   163 22.90   22.83  
c rst  luby svd  vmt  549   188 K 2584    19409   915 4.11    4.02     2261  4448   43K   163 22.88   22.82  
c rst  luby svd  vmt  550   188 K 2584    19409   915 4.11    4.02     2261  4448   43K   163 22.85   22.79  
c rst  luby svd  vmt  551   188 K 2584    19409   915 4.11    4.02     2261  4461   43K   163 22.87   22.80  
c rst  luby svd  vmt  552   189 K 2584    19409   915 4.11    4.02     2261  4461   44K   163 22.87   22.81  
c rst  luby svd  vmt  553   189 K 2584    19409   915 4.11    4.02     2262  4461   44K   163 22.89   22.82  
c rst  luby svd  vmt  554   189 K 2584    19409   915 4.11    4.02     2262  4465   44K   163 22.88   22.81  
c rst  luby svd  vmt  555   189 K 2584    19409   915 4.11    4.02     2262  4465   44K   163 22.86   22.79  
c [distill-long-red0] cls tried: 113/113 T: 0.02 T-out: N T-r: 99.47%
c [distill-long-red1] cls tried: 25/4291 T: 0.01 T-out: Y T-r: -7.60%
c rst  luby svd  vmt  556   189 K 2584    19409   915 4.11    4.02     2262  4468   44K   163 22.84   22.77  
c rst  luby svd  vmt  557   189 K 2584    19409   915 4.11    4.02     2263  4472   44K   163 22.86   22.79  
c rst  luby svd  vmt  558   190 K 2584    19409   915 4.11    4.02     2957  3428   45K   163 22.83   22.76  
c rst  luby svd  vmt  559   190 K 2584    19409   915 4.11    4.02     2957  3470   46K   163 22.77   22.71  
c rst  luby svd  vmt  560   192 K 2584    19409   915 4.11    4.02     2958  3495   47K   163 22.62   22.56  
c rst  luby svd  vmt  561   195 K 2584    19409   915 4.11    4.02     3105  4913   36K   163 22.42   22.34  
c rst  geom best vmt  562   195 K 2584    19409   915 4.11    4.02     3106  4916   36K   163 22.42   22.34  
c rst  geom best vmt  563   195 K 2584    19409   915 4.11    4.02     3106  4920   37K   163 22.41   22.34  
c rst  geom best vmt  564   196 K 2584    19409   915 4.11    4.02     3106  4922   37K   163 22.41   22.34  
c rst  geom best vmt  565   196 K 2584    19409   915 4.11    4.02     3106  4923   37K   163 22.39   22.32  
c rst  geom best vmt  566   196 K 2584    19409   915 4.11    4.02     3106  4925   37K   163 22.38   22.31  
c rst  geom best vmt  567   196 K 2584    19409   915 4.11    4.02     3106  4927   37K   163 22.36   22.29  
c [distill-bin] useful: 2/915/915 lits-rem: 0 cl-rem: 2 0-depth-assigns: 0 T: 0.01 T-out: N
c rst  geom best vmt  568   196 K 2584    19409   913 4.11    4.02     3106  4929   37K   163 22.37   22.30  
c rst  geom best vmt  569   197 K 2584    19409   913 4.11    4.02     3106  4935   38K   163 22.35   22.28  
c rst  geom best vmt  570   197 K 2584    19409   913 4.11    4.02     3106  4941   38K   163 22.34   22.27  
c rst  geom best vmt  571   197 K 2584    19409   913 4.11    4.02     3107  4958   38K   163 22.29   22.22  
c rst  geom best vmt  572   197 K 2584    19409   913 4.11    4.02     3108  4961   38K   163 22.26   22.19  
c [branch] adjusting to: vsid (from: vmtf) var_decay:0.95 descr: VSIDS
c rst  geom best vs   573   197 K 2584    19409   913 4.11    4.02     3109  4968   38K   163 22.29   22.22  
c rst  geom best vs   574   198 K 2584    19409   913 4.11    4.02     3110  4972   39K   163 22.34   22.27  
c rst  geom best vs   575   198 K 2584    19409   913 4.11    4.02     3112  4973   39K   163 22.39   22.32  
c rst  geom best vs   576   198 K 2584    19409   913 4.11    4.02     3112  4983   39K   163 22.45   22.38  
c rst  geom best vs   577   198 K 2584    19409   913 4.11    4.02     3112  4989   39K   163 22.51   22.44  
c rst  geom best vs   578   198 K 2584    19409   913 4.11    4.02     3112  4991   39K   163 22.56   22.49  
c rst  geom best vs   579   198 K 2584    19409   913 4.11    4.02     3114  4997   39K   163 22.60   22.53  
c rst  geom best vs   580   199 K 2584    19409   913 4.11    4.02     3118  5012   40K   163 22.67   22.60  
c rst  geom best vs   581   199 K 2584    19409   913 4.11    4.02     3118  5016   40K   163 22.71   22.64  
c rst  geom best vs   582   199 K 2584    19409   913 4.11    4.02     3120  5024   40K   163 22.75   22.68  
c rst  geom best vs   583   199 K 2584    19409   913 4.11    4.02     3121  5036   40K   163 22.86   22.80  
c rst  geom best vs   584   200 K 2584    19409   913 4.11    4.02     3451  4634   41K   163 22.95   22.88  
c rst  geom best vs   585   200 K 2584    19409   913 4.11    4.02     3453  4639   41K   163 23.12   23.05  
c rst  geom best vs   586   200 K 2584    19409   913 4.11    4.02     3454  4650   41K   163 23.21   23.14  
c rst  geom best vs   587   201 K 2584    19409   913 4.11    4.02     3457  4656   42K   163 23.38   23.31  
c rst  geom best vs   588   201 K 2584    19409   913 4.11    4.02     3458  4662   42K   163 23.57   23.50  
c rst  geom best vs   589   202 K 2584    19409   913 4.11    4.02     3460  4686   43K   163 23.63   23.57  
c rst  geom best vs   590   202 K 2584    19409   913 4.11    4.02     3460  4691   43K   163 23.82   23.75  
c rst  geom best vs   591   203 K 2584    19409   913 4.11    4.02     3461  4701   44K   163 24.03   23.96  
c rst  geom stb  vs   592   204 K 2584    19409   913 4.11    4.02     3469  4751   44K   163 24.22   24.16  
c rst  geom stb  vs   593   204 K 2584    19409   913 4.11    4.02     3472  4781   45K   163 24.39   24.32  
c [distill-long-red0] cls tried: 1206/1206 T: 0.18 T-out: N T-r: 94.80%
c [distill-long-red1] cls tried: 24/4624 T: 0.01 T-out: Y T-r: -6.38%
c [full-probe]  bin_only: 0 set: 0 repl: 0 T: 0.01 T-out: N T-r: 96.98%
c rst  geom stb  vs   594   205 K 2584    19409   913 4.11    4.02     3478  4802   46K   163 24.51   24.44  
c [distill] watch-based irred--  cl tried 6466     cl-sh 0     cl-rem 0    lit-rem 0      T: 0.01 T-out: N
c [distill] watch-based red  --  cl tried 6956     cl-sh 42    cl-rem 0    lit-rem 61     T: 0.02 T-out: N
c rst  geom stb  vs   595   206 K 2584    19409   913 4.11    4.02     3482  4830   47K   163 24.68   24.62  
c rst  geom stb  vs   596   207 K 2584    19409   913 4.11    4.02     3488  4851   48K   163 24.79   24.73  
c rst  geom stb  vs   597   208 K 2584    19409   913 4.11    4.02     3490  4861   49K   163 24.98   24.91  
c rst  geom stb  vs   598   209 K 2584    19409   913 4.11    4.02     3495  4876   50K   163 25.11   25.04  
c rst  geom stb  vs   599   210 K 2584    19409   913 4.11    4.02     3704  5005   37K   163 24.52   24.44  
c rst  geom ibes vs   600   212 K 2584    19409   913 4.11    4.02     3712  5028   38K   163 24.90   24.82  
c rst  geom ibes vs   601   213 K 2584    19409   913 4.11    4.02     3719  5050   40K   163 25.17   25.09  
c rst  geom ibes vs   602   215 K 2584    19409   913 4.11    4.02     3726  5072   41K   163 25.19   25.12  
c rst  geom ibes vs   603   217 K 2584    19409   913 4.11    4.02     3730  5086   43K   163 25.48   25.41  
c [distill-bin] useful: 0/913/913 lits-rem: 0 cl-rem: 0 0-depth-assigns: 0 T: 0.01 T-out: N
c rst  geom ibes vs   604   219 K 2584    19409   913 4.11    4.02     3732  5092   45K   163 25.83   25.76  
c rst  geom svd  vs   605   221 K 2584    19409   913 4.11    4.02     3841  4490   48K   163 26.48   26.41  
c [distill-long-red0] cls tried: 410/410 T: 0.03 T-out: N T-r: 99.28%
c [distill-long-red1] cls tried: 22/4371 T: 0.01 T-out: Y T-r: -9.65%
c [impl-str] lit bin: 0 set-var: 0 T: 0.00 T-out: N T-r: 99.95% w-visit: 5860
c [impl-sub] bin: 0 T: 0.00 T-out: N w-visit: 5860
c rst  geom svd  vs   606   224 K 2584    19409   913 4.11    4.02     3847  4510   50K   163 26.43   26.36  
c [branch] adjusting to: vmtf (from: vsid) var_decay:0.95 descr: VMTF
c [ccnr] tries: 0 steps: 262143 best found: 16
c [ccnr] tries: 0 steps: 524287 best found: 9
c [ccnr] tries: 0 steps: 786431 best found: 9
c [ccnr] saving best assignment phase to stable_polar
c [ccnr] bumping based on var unsat frequency: conflict_ct
c [ccnr] Bumped vars: 2930 bump type: 6
c [ccnr] time: 0.54
c rst  luby svd  vmt  607   224 K 2584    19409   913 4.11    4.02     3860  4569   51K   163 26.41   26.35  
c rst  luby svd  vmt  608   224 K 2584    19409   913 4.11    4.02     3860  4571   51K   163 26.40   26.33  
c rst  luby svd  vmt  609   224 K 2584    19409   913 4.11    4.02     3860  4576   51K   163 26.38   26.32  
c rst  luby svd  vmt  610   224 K 2584    19409   913 4.11    4.02     3860  4579   51K   163 26.37   26.31  
c rst  luby svd  vmt  611   224 K 2584    19409   913 4.11    4.02     3860  4579   51K   163 26.37   26.30  
c [full-probe]  bin_only: 1 set: 0 repl: 0 T: 0.02 T-out: N T-r: 99.42%
c rst  luby svd  vmt  612   224 K 2584    19409   913 4.11    4.02     3861  4589   51K   163 26.34   26.27  
c rst  luby svd  vmt  613   225 K 2584    19409   913 4.11    4.02     3933  5026   38K   163 26.70   26.62  
c rst  luby svd  vmt  614   225 K 2584    19409   913 4.11    4.02     3933  5026   38K   163 26.68   26.60  
c rst  luby svd  vmt  615   225 K 2584    19409   913 4.11    4.02     3933  5030   38K   163 26.67   26.59  
c rst  luby svd  vmt  616   225 K 2584    19409   913 4.11    4.02     3933  5033   38K   163 26.64   26.55  
c rst  luby svd  vmt  617   225 K 2584    19409   913 4.11    4.02     3933  5034   38K   163 26.62   26.54  
c rst  luby svd  vmt  618   225 K 2584    19409   913 4.11    4.02     3933  5036   39K   163 26.59   26.50  
c rst  luby svd  vmt  619   226 K 2584    19409   913 4.11    4.02     3933  5038   39K   163 26.53   26.45  
c rst  luby svd  vmt  620   226 K 2584    19409   913 4.11    4.02     3933  5042   39K   163 26.43   26.35  
c rst  luby svd  vmt  621   227 K 2584    19409   913 4.11    4.02     3935  5057   40K   163 26.29   26.21  
c rst  geom best vmt  622   227 K 2584    19409   913 4.11    4.02     3935  5063   40K   163 26.27   26.19  
c rst  geom best vmt  623   227 K 2584    19409   913 4.11    4.02     3935  5063   40K   163 26.24   26.16  
c rst  geom best vmt  624   227 K 2584    19409   913 4.11    4.02     3935  5084   40K   163 26.20   26.12  
c rst  geom best vmt  625   227 K 2584    19409   913 4.11    4.02     3937  5090   40K   163 26.17   26.10  
c rst  geom best vmt  626   228 K 2584    19409   913 4.11    4.02     3938  5100   41K   163 26.13   26.05  
c rst  geom best vmt  627   228 K 2584    19409   913 4.11    4.02     3938  5100   41K   163 26.09   26.01  
c rst  geom best vmt  628   228 K 2584    19409   913 4.11    4.02     3938  5107   41K   163 26.03   25.95  
c rst  geom best vmt  629   228 K 2584    19409   913 4.11    4.02     3938  5119   41K   163 25.99   25.91  
c rst  geom best vmt  630   228 K 2584    19409   913 4.11    4.02     3938  5123   41K   163 25.98   25.90  
c rst  geom best vmt  631   229 K 2584    19409   913 4.11    4.02     3938  5130   42K   163 25.95   25.87  
c rst  geom best vmt  632   229 K 2584    19409   913 4.11    4.02     3938  5134   42K   163 25.92   25.85  
c rst  geom best vmt  633   229 K 2584    19409   913 4.11    4.02     3940  5229   42K   163 25.85   25.77  
c rst  geom best vmt  634   230 K 2584    19409   913 4.11    4.02     4616  4304   43K   163 25.77   25.69  
c rst  geom best vmt  635   230 K 2584    19409   913 4.11    4.02     4617  4317   43K   163 25.71   25.64  
c rst  geom best vmt  636   230 K 2584    19409   913 4.11    4.02     4617  4340   43K   163 25.63   25.56  
c [distill] watch-based irred--  cl tried 6466     cl-sh 0     cl-rem 0    lit-rem 0      T: 0.01 T-out: N
c [distill] watch-based red  --  cl tried 8053     cl-sh 76    cl-rem 0    lit-rem 134    T: 0.02 T-out: Y
c rst  geom best vmt  637   231 K 2584    19409   913 4.11    4.02     4618  4413   44K   163 25.50   25.43  
c rst  geom best vmt  638   231 K 2584    19409   913 4.11    4.02     4618  4429   44K   163 25.43   25.35  
c rst  geom best vmt  639   232 K 2584    19409   913 4.11    4.02     4619  4441   45K   163 25.30   25.23  
c rst  geom best vmt  640   232 K 2584    19409   913 4.11    4.02     4620  4503   45K   163 25.23   25.16  
c rst  geom best vmt  641   233 K 2584    19409   913 4.11    4.02     4620  4601   46K   163 25.08   25.01  
c rst  geom best vmt  642   234 K 2584    19409   913 4.11    4.02     4620  4655   47K   163 24.96   24.89  
c rst  geom best vmt  643   235 K 2584    19409   913 4.11    4.02     4632  4874   47K   164 24.77   24.70  
c rst  geom stb  vmt  644   235 K 2584    19409   913 4.11    4.02     4632  4900   48K   164 24.61   24.54  
c rst  geom stb  vmt  645   236 K 2584    19409   913 4.11    4.02     4632  4952   49K   164 24.49   24.43  
c [distill-long-red0] cls tried: 830/830 T: 0.13 T-out: N T-r: 96.13%
c [distill-long-red1] cls tried: 25/4818 T: 0.01 T-out: Y T-r: -3.46%
c rst  geom stb  vmt  646   237 K 2584    19409   913 4.11    4.02     4618  5058   50K   179 24.30   24.23  
c [distill-bin] useful: 0/913/913 lits-rem: 0 cl-rem: 0 0-depth-assigns: 0 T: 0.01 T-out: N
c rst  geom stb  vmt  647   239 K 2584    19409   913 4.11    4.02     4623  5120   51K   179 24.18   24.12  
c rst  geom stb  vmt  648   240 K 2584    19409   913 4.11    4.02     5645  6654   36K   179 23.10   23.02  
c rst  geom stb  vmt  649   241 K 2584    19409   913 4.11    4.02     5647  6687   37K   179 22.81   22.74  
c rst  geom stb  vmt  650   243 K 2584    19409   913 4.11    4.02     5648  6720   39K   179 22.58   22.51  
c rst  geom ibes vmt  651   244 K 2584    19409   913 4.11    4.02     5649  6747   39K   179 22.41   22.34  
c recursive minimization cost OK: 502Kcost/(% lits removed)
c [gauss] XOR-encoding clauses are not detached, so no need to reattach them.
c [g 0] truth-find prop checks  : 103K
c [g 0] -> of which prop        : 18.47 %
c [g 0] -> of which confl       :  0.77 %
c [g 0] elim called             : 21K
c [g 0] ---> which lead to prop : 36.63 %
c [g 0] ---> which lead to confl:  1.43 %
c [g 0] size: 56    x 466  
c --> Executing strategy token: scc-vrepl
c [scc] new: 0 BP 0M T: 0.00
c --> Executing strategy token: sub-impl
c [impl-sub] bin: 15 T: 0.00 T-out: N w-visit: 5860
c --> Executing strategy token: breakid
c --> Executing OCC strategy token(s): 'occ-backw-sub-str,occ-clean-implicit,occ-bve,occ-bva,occ-ternary-res,occ-xor,'
c [occ] mem usage for occur 1      MB
c [occ] Linked in IRRED BIN by default: 913
c [occ] Linked in RED   BIN by default: 164
c [occ] mem usage for occur 0      MB
c Mem for watch alloc      : 10          MB (27.25     %)
c Mem for watch array      : 0           MB (0.35      %)
c --> Executing OCC strategy token: occ-backw-sub-str
c [occ-backw-sub-str-long-w-bins] subs: 168 str: 556 tried: 7019 0-depth ass: 0 T: 0.00 T-out: N T-r: 99.47%
c [occ-backw-sub-long-w-long] rem cl: 672 tried: 71710/71710 (100.0%) T: 0.03 T-out: N T-r: 81.50%
c [occ-backw-sub-str-long-w-long] sub: 41 str: 464 tried: 215130/71710 (300.0)  T: 0.14 T-out: N T-r: 71.00%
c --> Executing OCC strategy token: occ-clean-implicit
c --> Executing OCC strategy token: occ-bve
c [occ-empty-res] Empty resolvent elimed: 0 T: 0.00 T-out: N
c [occ-bve] iter v-elim 0
c cl_inc_rate=1.0, var_dec_rate=1.0 (grow=0)
c Reduced to 2584 vars, 20194 cls (grow=0)
c [occ-bve] iter v-elim 7
c cl_inc_rate=1.0, var_dec_rate=1.0 (grow=8)
c Reduced to 2577 vars, 20182 cls (grow=8)
c [occ-bve] iter v-elim 992
c cl_inc_rate=1.8, var_dec_rate=1.6 (grow=16)
c Reduced to 1585 vars, 35813 cls (grow=16)
c x n vars       : 1585
c #try to eliminate:  9270
c #var-elim        :   999
c #T-o: N
c #T-r: 99.83%
c #T  : 0.55
c [occur] 0.03 is overhead
c [occur] link-in T: 0.03 cleanup T: 0.00
c --> Executing OCC strategy token: occ-bva
c --> Executing OCC strategy token: occ-ternary-res
c [occ-ternary-res] Ternary res-tri: 11 res-bin: 0 sub: 30 str: 41 T: 0.00 T-out: N T-r: 99.57%
c --> Executing OCC strategy token: occ-xor
c [occ-xor] sort occur list T: 0.00
c [xor-clean-equiv] removed equivalent xors: 0 left with: 1020
c [occ-xor] found   1020 avg sz 5.9 min sz  4 max sz  6 T: 0.01 T-out: N T-r: 99.97%
c --> Executing strategy token: card-find
c --> Executing strategy token: cl-consolidate
c [mem] consolidate  old-sz: 8669K new-sz: 4946K new bits offs: 20 T: 0.00
c --> Executing strategy token: scc-vrepl
c [scc] new: 0 BP 0M T: 0.00
c --> Executing strategy token: renumber
c [gauss] XOR-encoding clauses are not detached, so no need to reattach them.
c [renumber] T: 0.00
c --> Executing strategy token: bosphorus
c --> Executing strategy token: louvain-comms
c [consolidate] mini T: 0.00
c global_timeout_multiplier: 3.9930
c [branch] rebuilding order heap for all branchings. Current branching: vmtf
c [find&init matx] performing matrix init
c [gauss] XOR-encoding clauses are not detached, so no need to reattach them.
c [xor-rem-unconnected] left with 1020 xors from 1020 non-empty xors T: 0.00
c [xor-together] xored together: 961 orig xors: 1020 new xors: 59 T: 0.00
c [xor-rem-unconnected] left with 59 xors from 59 non-empty xors T: 0.00
c [xor-clean-equiv] removed equivalent xors: 0 left with: 59
c [matrix] unused xors from cleaning: 0
c [matrix] Good   matrix  0     59 x  474  density:0.1466  xorlen avg: 69.47
c [matrix] Using 1 matrices recovered from 0 xors T: 0.00 T-out: N
c rst  geom ibes  vmt   652  245K    1585   34K   826    5.83    5.74  2606  5938   27K   126   15.44   15.39
c [full-probe]  bin_only: 0 set: 0 repl: 0 T: 0.01 T-out: N T-r: 96.70%
c [g  <0] Disabling GJ-elim in this round.  Usefulness was: 17.2931%  over 73376 calls
c rst  geom ibes  vmt   653  246K    1585   34K   826    5.83    5.74  2608  6119   29K   126   15.35   15.30
c [gauss] XOR-encoding clauses are not detached, so no need to reattach them.
c [g 0] truth-find prop checks  : 54K
c [g 0] -> of which prop        : 16.07 %
c [g 0] -> of which confl       :  0.86 %
c [g 0] elim called             : 8933
c [g 0] ---> which lead to prop : 37.64 %
c [g 0] ---> which lead to confl:  1.29 %
c [g 0] size: 59    x 474  
c [scc] new: 0 BP 0M T: 0.00
c [vrep] vars 0 lits 0 rem-bin-cls 0 rem-long-cls 0 BP 0M T: 0.00
c [intree] Set 0 vars hyper-added: 4 trans-irred: 0 trans-red: 2 T: 0.01 T-out: N T-r: 0.14%
c [find&init matx] performing matrix init
c [gauss] XOR-encoding clauses are not detached, so no need to reattach them.
c [xor-rem-unconnected] left with 1020 xors from 1020 non-empty xors T: 0.00
c [xor-together] xored together: 961 orig xors: 1020 new xors: 59 T: 0.00
c [xor-rem-unconnected] left with 59 xors from 59 non-empty xors T: 0.00
c [xor-clean-equiv] removed equivalent xors: 0 left with: 59
c [matrix] unused xors from cleaning: 0
c [matrix] Good   matrix 0 59      x474    density:0.1466  xorlen avg: 69.47
c [matrix] Using 1 matrices recovered from 0 xors T: 0.00 T-out: N
c [g  <0] Disabling GJ-elim in this round.  Usefulness was: 16.4452%  over 84602 calls
c rst  geom ibes vmt  654   248 K 1585      34K   826 5.83    5.74     2628  6872   30K   129 15.13   15.08  
c rst  geom ibes vmt  655   251 K 1585      34K   826 5.83    5.74     3016  7333   31K   131 14.93   14.89  
c [branch] adjusting to: vsid (from: vmtf) var_decay:0.95 descr: VSIDS
c rst  geom svd  vs   656   251 K 1585      34K   826 5.83    5.74     3016  7337   31K   131 15.05   15.01  
c rst  geom svd  vs   657   251 K 1585      34K   826 5.83    5.74     3019  7347   32K   131 15.11   15.07  
c rst  geom svd  vs   658   251 K 1585      34K   826 5.83    5.74     3019  7351   32K   131 15.20   15.16  
c rst  geom svd  vs   659   251 K 1585      34K   826 5.83    5.74     3019  7360   32K   131 15.35   15.31  
c rst  geom svd  vs   660   251 K 1585      34K   826 5.83    5.74     3020  7361   32K   131 15.50   15.46  
c rst  geom svd  vs   661   252 K 1585      34K   826 5.83    5.74     3021  7368   32K   131 15.60   15.56  
c [distill-long-red0] cls tried: 878/878 T: 0.16 T-out: N T-r: 95.52%
c [distill-long-red1] cls tried: 35/7249 T: 0.01 T-out: Y T-r: -1.40%
c rst  geom svd  vs   662   252 K 1585      34K   826 5.83    5.74     2856  7378   32K   298 15.72   15.62  
c rst  geom svd  vs   663   252 K 1585      34K   826 5.83    5.74     2856  7384   33K   298 15.82   15.73  
c rst  geom svd  vs   664   252 K 1585      34K   826 5.83    5.74     2856  7392   33K   298 15.91   15.81  
c rst  geom svd  vs   665   252 K 1585      34K   826 5.83    5.74     2858  7404   33K   298 16.06   15.96  
c rst  geom svd  vs   666   253 K 1585      34K   826 5.83    5.74     2859  7412   33K   298 16.19   16.10  
c rst  geom svd  vs   667   253 K 1585      34K   826 5.83    5.74     2861  7426   34K   298 16.31   16.21  
c rst  geom svd  vs   668   253 K 1585      34K   826 5.83    5.74     2861  7435   34K   298 16.50   16.40  
c rst  geom svd  vs   669   254 K 1585      34K   826 5.83    5.74     2862  7448   34K   298 16.69   16.59  
c rst  geom svd  vs   670   254 K 1585      34K   826 5.83    5.74     2864  7461   35K   298 16.86   16.77  
c rst  geom svd  vs   671   255 K 1585      34K   826 5.83    5.74     2937  9365   26K   298 15.44   15.33  
c rst  geom svd  vs   672   255 K 1585      34K   826 5.83    5.74     2937  9374   26K   298 15.60   15.50  
c rst  geom svd  vs   673   256 K 1585      34K   826 5.83    5.74     2937  9384   27K   298 15.74   15.64  
c [distill] watch-based irred--  cl tried 7218     cl-sh 183   cl-rem 80   lit-rem 184    T: 0.02 T-out: N
c [distill] watch-based red  --  cl tried 5440     cl-sh 309   cl-rem 177  lit-rem 365    T: 0.02 T-out: Y
c rst  geom svd  vs   674   256 K 1585      34K   830 5.83    5.74     2763  9397   27K   294 15.94   15.84  
c rst  geom svd  vs   675   257 K 1585      34K   830 5.83    5.74     2764  9404   28K   294 16.12   16.02  
c rst  geom svd  vs   676   258 K 1585      34K   830 5.83    5.74     2765  9418   29K   294 16.32   16.22  
c [distill-bin] useful: 5/830/830 lits-rem: 0 cl-rem: 5 0-depth-assigns: 0 T: 0.01 T-out: N
c rst  geom svd  vs   677   258 K 1585      34K   825 5.83    5.74     2766  9427   29K   294 16.50   16.40  
c rst  geom best vs   678   259 K 1585      34K   825 5.83    5.74     2766  9441   30K   294 17.34   17.24  
c rst  geom best vs   679   260 K 1585      34K   825 5.83    5.74     3119  8469   32K   294 17.70   17.59  
c rst  geom best vs   680   261 K 1585      34K   825 5.83    5.74     3121  8479   33K   294 18.36   18.26  
c rst  geom best vs   681   263 K 1585      34K   825 5.83    5.74     3128  8510   34K   294 18.76   18.65  
c rst  geom best vs   682   264 K 1585      34K   825 5.83    5.74     3129  8536   35K   294 19.19   19.08  
c rst  geom best vs   683   265 K 1585      34K   825 5.83    5.74     3129  8551   37K   294 19.71   19.61  
c [full-probe]  bin_only: 1 set: 0 repl: 0 T: 0.01 T-out: N T-r: 99.77%
c rst  geom best vs   684   267 K 1585      34K   825 5.83    5.74     3132  8601   38K   294 20.86   20.75  
c [distill-long-red0] cls tried: 718/718 T: 0.12 T-out: N T-r: 96.78%
c [distill-long-red1] cls tried: 35/8460 T: 0.01 T-out: Y T-r: -3.17%
c rst  geom stb  vs   685   268 K 1585      34K   825 5.83    5.74     3083  8640   40K   349 21.14   21.01  
c [ccnr] saving best assignment phase to stable_polar
c [ccnr] bumping based on var unsat frequency: conflict_ct
c [ccnr] Bumped vars: 1585 bump type: 6
c [ccnr] time: 0.38
c rst  geom stb  vs   686   270 K 1585      34K   825 5.83    5.74     3235  8215   34K   349 23.02   22.86  
c rst  geom stb  vs   687   272 K 1585      34K   825 5.83    5.74     3237  8234   36K   349 23.45   23.29  
c rst  geom stb  vs   688   275 K 1585      34K   825 5.83    5.74     3237  8240   38K   349 24.15   24.00  
c rst  geom ibes vs   689   277 K 1585      34K   825 5.83    5.74     3240  8279   41K   349 24.44   24.30  
c rst  geom ibes vs   690   280 K 1585      34K   825 5.83    5.74     3375  8184   43K   349 24.74   24.60  
c [distill-bin] useful: 0/825/825 lits-rem: 0 cl-rem: 0 0-depth-assigns: 0 T: 0.01 T-out: N
c rst  geom ibes vs   691   283 K 1585      34K   825 5.83    5.74     3382  8211   46K   349 24.86   24.73  
c [branch] adjusting to: vmtf (from: vsid) var_decay:0.95 descr: VMTF
c [distill-long-red0] cls tried: 303/303 T: 0.02 T-out: N T-r: 99.40%
c [distill-long-red1] cls tried: 37/8067 T: 0.01 T-out: Y T-r: -5.85%
c [distill] watch-based irred--  cl tried 7138     cl-sh 0     cl-rem 0    lit-rem 0      T: 0.01 T-out: N
c [distill] watch-based red  --  cl tried 6723     cl-sh 145   cl-rem 4    lit-rem 216    T: 0.02 T-out: Y
c [impl-str] lit bin: 0 set-var: 0 T: 0.00 T-out: N T-r: 99.95% w-visit: 3170
c [impl-sub] bin: 224 T: 0.00 T-out: N w-visit: 3170
c rst  luby svd  vmt  692   283 K 1585      34K   825 5.83    5.74     3394  8262   46K   128 24.82   24.77  
c rst  luby svd  vmt  693   283 K 1585      34K   825 5.83    5.74     3394  8266   47K   128 24.80   24.75  
c rst  luby svd  vmt  694   283 K 1585      34K   825 5.83    5.74     3394  8272   47K   128 24.76   24.71  
c rst  luby svd  vmt  695   283 K 1585      34K   825 5.83    5.74     3394  8283   47K   128 24.73   24.68  
c rst  luby svd  vmt  696   283 K 1585      34K   825 5.83    5.74     3394  8291   47K   128 24.71   24.66  
c rst  luby svd  vmt  697   284 K 1585      34K   825 5.83    5.74     3395  8323   47K   128 24.67   24.62  
c rst  luby svd  vmt  698   284 K 1585      34K   825 5.83    5.74     3398  8422   47K   128 24.57   24.53  
c rst  luby svd  vmt  699   284 K 1585      34K   825 5.83    5.74     3398  8424   48K   128 24.56   24.51  
c rst  luby svd  vmt  700   284 K 1585      34K   825 5.83    5.74     3398  8427   48K   128 24.54   24.49  
c rst  luby svd  vmt  701   284 K 1585      34K   825 5.83    5.74     3402  8505   48K   129 24.49   24.44  
c rst  luby svd  vmt  702   285 K 1585      34K   825 5.83    5.74     3539  9126   35K   129 27.25   27.18  
c rst  luby svd  vmt  703   285 K 1585      34K   825 5.83    5.74     3539  9128   35K   129 27.22   27.15  
c rst  luby svd  vmt  704   285 K 1585      34K   825 5.83    5.74     3539  9138   36K   129 27.18   27.12  
c rst  luby svd  vmt  705   285 K 1585      34K   825 5.83    5.74     3540  9220   36K   129 27.05   26.99  
c [full-probe]  bin_only: 0 set: 0 repl: 0 T: 0.01 T-out: N T-r: 96.08%
c rst  luby svd  vmt  706   286 K 1582      34K   825 5.83    5.74     3584  9547   36K   140 26.79   26.72  
c rst  luby svd  vmt  707   286 K 1576      34K   825 5.83    5.74     3597  9592   36K   144 26.76   26.69  
c rst  luby svd  vmt  708   286 K 1281    16410  1600 5.38    5.08      759   242   206   151 7.39    6.79   
c ------- FINAL TOTAL SEARCH STATS ---------
c UIP search time          : 45.55       (97.13     % time)
c All times are for this thread only except if explicitly specified
c restarts                 : 708         (404.89    confls per restart)
c blocked restarts         : 0           (0.00      per normal restart)
c time                     : 45.55       
c decisions                : 310956      (0.00      % random)
c propagations             : 110M        (2415K     props/s)
c decisions/conflicts      : 1.08        
c conflicts                : 286659      
c LEARNT stats
c units learnt             : 6           (0.00      % of conflicts)
c bins learnt              : 88          (0.03      % of conflicts)
c long learnt              : 287614      (100.33    % of conflicts)
c red which0               : 969         (0.34      % of confl)
c SEAMLESS HYPERBIN&TRANS-RED stats
c advProp called           : 0           
c hyper-bin add bin        : 0           (0.00      bin/call)
c trans-red rem irred bin  : 0           (0.00      bin/call)
c trans-red rem red bin    : 0           (0.00      bin/call)
c CONFL LITS stats
c orig                     : 50678137    (176.79    lit/confl)
c recurs-min effective     : 268821      (93.78     % attempt successful)
c recurs-min lits          : 42114974    (83.10     % less overall)
c permDiff call%           : 3.28        (0.00      % attempt successful)
c permDiff lits-rem        : 0           (0.00      less lits/cl on attempts)
c further-min call%        : 0.06        (30.60     % attempt successful)
c bintri-min lits          : 190         (0.00      % less overall)
c final avg                : 29.87       
c all-threads sum CPU time : 45.55        s
c PROP stats
c Mbogo-props              : 252.30      (5.54      / sec)
c MHyper-props             : 0.07        (0.00      / sec)
c Mprops                   : 110.02      (2.42      / sec)
c -------- OccSimplifier STATS ----------
c time                     : 0.79        (0.00      % var-elim)
c called                   : 3           (0.26      s per call)
c 0-depth assigns          : 0           (0.00      % vars)
c -------- OccSimplifier STATS END ----------
c -------- SubsumeStrengthen STATS ----------
c cl-subs                  : 2466         Clauses
c cl-str rem lit           : 1943         Lits
c cl-sub T                 : 0.11         s
c cl-str T                 : 0.51         s
c -------- SubsumeStrengthen STATS END ----------
c ----- SCC STATS --------
c time                     : 0.00        (0.00      per call)
c called                   : 13          (1.00      new found per call)
c found                    : 13          (50.00     % of all found)
c bogoprops                : 481594      % of all found
c ----- SCC STATS END --------
c --------- VAR REPLACE STATS ----------
c time                     : 0.08        (0.01      per call)
c trees' crown             : 12          (0.41      % of vars)
c 0-depth assigns          : 0           (0.00      % vars)
c lits replaced            : 25778       
c bin cls removed          : 55          
c long cls removed         : 31          
c long lits removed        : 3332        
c bogoprops                : 1805657     
c --------- VAR REPLACE STATS END ----------
c vrep replace time        : 0.08        (0.17      % time)
c vrep tree roots          : 7           
c vrep trees' crown        : 12          (1.71      leafs/tree)
c -------- DISTILL-BIN STATS --------
c time                     : 0.16        (0.01      per call)
c timed out                : 2           (14.29     % of calls)
c distill/checked/potential: 0          /14239/14885
c lits-rem                 : 0           
c 0-depth-assigns          : 0           (0.00      % of vars)
c -------- DISTILL STATS END --------
c -------- STRENGTHEN STATS --------
c --> watch-based on irred cls
c time                     : 0.10        (0.00      s/call)
c shrinked/tried/total     : 339        /65684/486348
c subsumed/tried/total     : 260        /65684/486348
c lits-rem                 : 348         (0.12      % of lits tried)
c called                   : 22          (0.00      % ran out of time)
c --> watch-based on red cls
c time                     : 0.11        (0.01      s/call)
c shrinked/tried/total     : 829        /42617/44092
c subsumed/tried/total     : 189        /42617/44092
c lits-rem                 : 1426        (0.48      % of lits tried)
c called                   : 22          (6704.55   % ran out of time)
c -------- STRENGTHEN STATS END --------
c -------- IMPLICIT SUB  STATS --------
c time                     : 0.01        (0.00      per call)
c timed out                : 0           (0.00      % of calls)
c rem bins                 : 266         
c -------- IMPLICIT SUB STATS END --------
c Mem used                 : 46          MB
c Mem for longclauses      : 1           MB (2.80      %)
c Mem for watch alloc      : 11          MB (24.81     %)
c Mem for watch array      : 0           MB (0.16      %)
c Mem for assings&vardata  : 0           MB (0.17      %)
c Mem for search&solve     : 0           MB (0.42      %)
c Mem for renumberer       : 0           MB (0.06      %)
c Mem for occsimplifier    : 0           MB (1.60      %)
c Mem for varReplacer&SCC  : 0           MB (0.14      %)
c Mem for impl subsume     : 0           MB (0.00      %)
c Mem for 3 distills       : 0           MB (0.00      %)
c Accounted for mem (rss)  : 30.14       %
c Accounted for mem (vm)   : 27.85       %
c restarts                 : 708         (404.89    confls per restart)
c blocked restarts         : 0           (0.00      per normal restart)
c time                     : 45.55       
c decisions                : 310956      (0.00      % random)
c propagations             : 110M        (2415K     props/s)
c decisions/conflicts      : 1.08        
c conflicts                : 286659      
c conf lits non-minim      : 50678137    (176.79    lit/confl)
c conf lits final          : 29.87       
c red which0               : 969         (0.34      % of confl)
c props/decision           : 0.00        
c props/conflict           : 0.00        
c 0-depth assigns          : 308         (19.43     % vars)
c 0-depth assigns by CNF   : 2           (0.13      % vars)
c reduceDB time            : 0.10        (0.20      % time)
c OccSimplifier time       : 0.79        (1.68      % time)
c [occur] 0.14 is overhead
c [occur] link-in T: 0.11 cleanup T: 0.02
c [occ-substr] long subBySub: 2201 subByStr: 265 lits-rem-str: 1943 T: 0.63
c SCC time                 : 0.00        (0.01      % time)
c [scc] new: 13 BP 0M  T: 0.00
c vrep replace time        : 0.08        (0.17      % time)
c vrep tree roots          : 7           
c vrep trees' crown        : 12          (1.71      leafs/tree)
c distill long time        : 1.27        (2.72      % time)
c distill bin time         : 0.16        (0.34      % time)
c strength cache-irred time: 0.10        (0.22      % time)
c strength cache-red time  : 0.11        (0.24      % time)
c avg cls in red 0         : 1853.38     
c avg cls in red 1         : 3403.30     
c avg cls in red 2         : 37001.09    
c Conflicts in UIP         : 286659      (6112.62   confl/time_this_thread)
c Max Memory (rss) used    : 49352 kB    
c Total time (this thread) : 46.90       
s UNSATISFIABLE
c [g 0] truth-find prop checks  : 62K
c [g 0] -> of which prop        : 16.11 %
c [g 0] -> of which confl       :  0.86 %
c [g 0] elim called             : 9948
c [g 0] ---> which lead to prop : 32.38 %
c [g 0] ---> which lead to confl:  0.76 %
c [g 0] size: 59    x 474  

real	0m47.313s
user	0m46.897s
sys	0m0.054s
