c BreakID not compiled in, disabling
c CryptoMiniSat version 5.11.19
c CMS Copyright (C) 2009-2020 Authors of CryptoMiniSat, see AUTHORS file
c CMS SHA revision b80e09ebd7703fc13b987401d693d7d406a50441
c Using VMTF code by Armin Biere from CaDiCaL
c Using Yalsat by Armin Biere, see Balint et al. Improving implementation of SLS solvers [...], SAT'14
c Using WalkSAT by Henry Kautz, see Kautz and Selman Pushing the envelope: planning, propositional logic, and stochastic search, AAAI'96,
c CMS is MIT licensed
c Using code from 'When Boolean Satisfiability Meets Gauss-E. in a Simplex Way'
c       by C.-S. Han and J.-H. Roland Jiang in CAV 2012. Fixes by M. Soos
c Using CCAnr from 'CCAnr: A Conf. Checking Based Local Search Solver [...]'
c       by Shaowei Cai, Chuan Luo, and Kaile Su, SAT 2015
c CMS compilation env CMAKE_CXX_COMPILER = /usr/bin/c++ | CMAKE_CXX_FLAGS =  -fvisibility=hidden -Wall -Wextra -Wunused -Wsign-compare -fno-omit-frame-pointer -Wtype-limits -Wuninitialized -Wno-deprecated -Wstrict-aliasing -Wpointer-arith -Wpointer-arith -Wformat-nonliteral -Winit-self -Wparentheses -Wunreachable-code -g -Wno-class-memaccess -mpopcnt -msse4.2 -ggdb3 -Wlogical-op -Wrestrict -Wnull-dereference -Wdouble-promotion -Wshadow -Wformat=2 -Wextra-semi -pedantic | COMPILE_DEFINES =  -DRDB0_ONLY_FEATURES -DUSE_ZLIB -DYALSAT_FPU | STATICCOMPILE = OFF | ONLY_SIMPLE =  | STATS = OFF | SQLITE3_FOUND =  | ZLIB_FOUND = TRUE | VALGRIND_FOUND =  | ENABLE_TESTING = OFF | SLOW_DEBUG = OFF | ENABLE_ASSERTIONS = ON | PYTHON_EXECUTABLE =  | PYTHON_LIBRARY =  | PYTHON_INCLUDE_DIRS =  | MY_TARGETS =  | LARGEMEM = OFF | LIMITMEM = OFF | BREAKID_LIBRARIES =  | BREAKID-VER = . | BOSPHORUS_LIBRARIES =  | BOSPH-VER = . | compilation date time = Jul 13 2026 14:05:03
c CMS compiled with gcc version 11.5.0 20240719 (Red Hat 11.5.0-5)
c Executed with command line: ./cryptominisat5 ./instancesBreak/IC_S4/Xn19l6-312-S.dimacs_break.cnf
c Reading file './instancesBreak/IC_S4/Xn19l6-312-S.dimacs_break.cnf'
c -- header says num vars:            805
c -- header says num clauses:        2529
c -- clauses added: 2477
c -- xor clauses added: 52
c -- vars added 805
c Parsing time: 0.00 s
c [find&init matx] performing matrix init
c [gauss] XOR-encoding clauses are not detached, so no need to reattach them.
c [xor-rem-unconnected] left with 50 xors from 50 non-empty xors T: 0.00
c [xor-together] xored together: 0 orig xors: 50 new xors: 50 T: 0.00
c [xor-rem-unconnected] left with 50 xors from 50 non-empty xors T: 0.00
c [xor-clean-equiv] removed equivalent xors: 0 left with: 50
c [matrix] unused xors from cleaning: 0
c [matrix] Good   matrix  0     50 x  765  density:0.1136  xorlen avg: 86.94
c [matrix] Using 1 matrices recovered from 0 xors T: 0.00 T-out: N
c [branch] adjusting to: vsid (from: vsid) var_decay:0.95 descr: VSIDS
c rst  geom  stb   vs     1   112    2885 17811  1656    3.96    3.80     1    32    71     8  155.44  144.48
c rst  geom  stb   vs     2   234    2885 17811  1656    3.96    3.80     3    42   181     8  122.65  118.53
c  res  pol bran  nres  conf freevar  IrrL  IrrB l/longC  l/allC RedL0 RedL1 RedL2  RedB l/longC  l/allC
c rst  geom  stb   vs     3   369    2885 17811  1656    3.96    3.80     8    42   309    10   99.32   96.68
c rst  geom  stb   vs     4   517    2885 17811  1656    3.96    3.80     8    42   456    11   92.29   90.37
c rst  geom  stb   vs     5   679    2885 17811  1656    3.96    3.80     8    42   618    11   80.43   79.16
c rst  geom  stb   vs     6   856    2885 17811  1656    3.96    3.80     8    42   795    11   72.81   71.90
c rst  geom  stb   vs     7  1050    2885 17811  1656    3.96    3.80     8    42   989    11   69.13   68.42
c rst  geom  stb   vs     8  1263    2885 17811  1656    3.96    3.80     9    42  1198    14   71.39   70.62
c rst  geom  stb   vs     9  1497    2885 17811  1656    3.96    3.80     9    42  1431    15   70.74   70.05
c rst  geom  stb   vs    10  1756    2885 17811  1656    3.96    3.80     9    42  1689    16   71.57   70.94
c rst  geom  stb   vs    11  2039    2885 17811  1656    3.96    3.80     9    42  1972    16   69.67   69.14
c rst  geom  stb   vs    12  2349    2885 17811  1656    3.96    3.80     9    42  2282    16   69.00   68.54
c rst  geom  stb   vs    13  2690    2885 17811  1656    3.96    3.80     9    42  2623    16   68.56   68.16
c rst  geom  stb   vs    14  3064    2885 17811  1656    3.96    3.80     9    42  2997    16   66.31   65.98
c rst  geom  stb   vs    15  3474    2885 17811  1656    3.96    3.80    10    45  3403    16   67.66   67.36
c rst  geom  stb   vs    16  3924    2885 17811  1656    3.96    3.80    11    45  3852    16   66.33   66.07
c rst  geom  stb   vs    17  4418    2885 17811  1656    3.96    3.80    11    45  4346    16   63.68   63.46
c rst  geom  stb   vs    18  4962    2885 17811  1656    3.96    3.80    12    48  4886    16   62.57   62.38
c rst  geom  stb   vs    19  5559    2885 17811  1656    3.96    3.80    12    48  5482    17   61.21   61.03
c [branch] adjusting to: vmtf (from: vsid) var_decay:0.95 descr: VMTF
c [distill-long-red0] cls tried: 12/12 T: 0.00 T-out: N T-r: 99.99%
c [distill-long-red1] cls tried: 48/48 T: 0.00 T-out: N T-r: 95.31%
c rst  luby ibes  vmt    20  5661    2885 17811  1656    3.96    3.80    20    74  5541    26   60.52   60.26
c rst  luby ibes  vmt    21  5763    2885 17811  1656    3.96    3.80    21    84  5632    26   60.66   60.40
c rst  luby ibes  vmt    22  5965    2885 17811  1656    3.96    3.80    22    95  5833    26   59.55   59.30
c rst  luby ibes  vmt    23  6067    2885 17811  1656    3.96    3.80    22   104  5927    27   59.19   58.93
c rst  luby ibes  vmt    24  6168    2885 17811  1656    3.96    3.80    22   106  6025    28   58.93   58.68
c rst  luby ibes  vmt    25  6369    2885 17811  1656    3.96    3.80    22   118  6214    28   58.51   58.26
c rst  luby ibes  vmt    26  6770    2885 17811  1656    3.96    3.80    24   132  6635    30   58.06   57.81
c rst  luby ibes  vmt    27  6871    2885 17811  1656    3.96    3.80    25   141  6729    30   57.57   57.32
c rst  luby ibes  vmt    28  6973    2885 17811  1656    3.96    3.80    26   156  6815    30   57.38   57.15
c rst  luby ibes  vmt    29  7174    2885 17811  1656    3.96    3.80    26   162  7018    30   57.39   57.16
c rst  luby ibes  vmt    30  7275    2885 17811  1656    3.96    3.80    26   166  7115    30   57.09   56.86
c rst  luby ibes  vmt    31  7376    2885 17811  1656    3.96    3.80    26   166  7217    30   57.26   57.04
c rst  luby ibes  vmt    32  7577    2885 17811  1656    3.96    3.80    26   189  7403    30   56.27   56.05
c rst  luby ibes  vmt    33  7978    2885 17811  1656    3.96    3.80    30   222  7797    30   54.78   54.58
c rst  luby ibes  vmt    34  8781    2885 17811  1656    3.96    3.80    34   264  8703    32   54.80   54.62
c rst  luby ibes  vmt    35  8883    2885 17811  1656    3.96    3.80    34   286  8792    32   54.35   54.17
c rst  luby ibes  vmt    36  8985    2885 17811  1656    3.96    3.80    35   304  8885    33   54.01   53.82
c rst  luby ibes  vmt    37  9188    2885 17811  1656    3.96    3.80    38   337  9097    33   53.60   53.42
c rst  luby ibes  vmt    38  9289    2885 17811  1656    3.96    3.80    39   345  9190    33   53.46   53.28
c rst  luby ibes  vmt    39  9390    2885 17811  1656    3.96    3.80    39   358  9286    33   53.26   53.08
c rst  luby ibes  vmt    40  9591    2885 17811  1656    3.96    3.80    39   372  9475    33   52.88   52.71
c rst  luby ibes  vmt    41  9992    2885 17811  1656    3.96    3.80    41   387  9864    35   52.39   52.22
c rst  luby ibes  vmt    42 10093    2885 17811  1656    3.96    3.80   124   308  9961    35   52.22   52.05
c rst  luby ibes  vmt    43 10194    2885 17811  1656    3.96    3.80   124   316 10056    35   52.07   51.90
c rst  luby ibes  vmt    44 10395    2885 17811  1656    3.96    3.80   124   324 10253    35   52.00   51.84
c rst  luby ibes  vmt    45 10497    2885 17811  1656    3.96    3.80   126   330 10345    37   51.92   51.75
c rst  luby ibes  vmt    46 10599    2885 17811  1656    3.96    3.80   126   347 10430    37   51.90   51.73
c rst  luby ibes  vmt    47 10800    2885 17811  1656    3.96    3.80   127   361 10625    38   51.63   51.46
c rst  luby  svd  vmt    48 11202    2885 17811  1656    3.96    3.80   137   363 11014    39   52.41   52.24
c rst  luby  svd  vmt    49 12006    2885 17811  1656    3.96    3.80   144   379 11793    41   52.54   52.37
c [branch] adjusting to: vsid (from: vmtf) var_decay:0.95 descr: VSIDS
c [distill-bin] useful: 14/1656/1656 lits-rem: 0 cl-rem: 14 0-depth-assigns: 0 T: 0.01 T-out: N
c rst  geom  svd   vs    50 12118    2885 17811  1642    3.96    3.80   144   379 11905    41   52.39   52.22
c rst  geom  svd   vs    51 12240    2885 17811  1642    3.96    3.80   144   379 12027    41   52.28   52.11
c rst  geom  svd   vs    52 12374    2885 17811  1642    3.96    3.80   144   379 12161    41   52.09   51.93
c rst  geom  svd   vs    53 12521    2885 17811  1642    3.96    3.80   145   379 12307    41   51.88   51.72
c rst  geom  svd   vs    54 12683    2885 17811  1642    3.96    3.80   145   379 12469    41   51.70   51.54
c rst  geom  svd   vs    55 12861    2885 17811  1642    3.96    3.80   145   379 12647    41   51.45   51.30
c rst  geom  svd   vs    56 13056    2885 17811  1642    3.96    3.80   145   379 12842    41   51.21   51.06
c rst  geom  svd   vs    57 13270    2885 17811  1642    3.96    3.80   145   379 13056    41   50.94   50.79
c rst  geom  svd   vs    58 13504    2885 17811  1642    3.96    3.80   145   379 13290    41   50.79   50.65
c rst  geom  svd   vs    59 13762    2885 17811  1642    3.96    3.80   145   379 13548    41   50.53   50.39
c rst  geom  svd   vs    60 14044    2885 17811  1642    3.96    3.80   145   379 13830    41   50.12   49.99
c rst  geom  svd   vs    61 14354    2885 17811  1642    3.96    3.80   145   379 14140    41   49.66   49.53
c rst  geom  svd   vs    62 14694    2885 17811  1642    3.96    3.80   145   379 14480    41   49.14   49.01
c rst  geom  svd   vs    63 15068    2885 17811  1642    3.96    3.80   163  1064 13737    41   47.24   47.12
c rst  geom  svd   vs    64 15478    2885 17811  1642    3.96    3.80   163  1064 14147    41   46.75   46.63
c rst  geom  svd   vs    65 15929    2885 17811  1642    3.96    3.80   163  1064 14598    41   46.05   45.93
c rst  geom  svd   vs    66 16423    2885 17811  1642    3.96    3.80   163  1064 15092    41   45.54   45.43
c rst  geom best   vs    67 16966    2885 17811  1642    3.96    3.80   164  1064 15634    41   46.22   46.11
c rst  geom best   vs    68 17564    2885 17811  1642    3.96    3.80   164  1064 16230    43   46.15   46.05
c rst  geom best   vs    69 18220    2885 17811  1642    3.96    3.80   164  1064 16886    43   46.07   45.96
c [branch] adjusting to: vmtf (from: vsid) var_decay:0.95 descr: VMTF
c rst  luby best  vmt    70 18322    2885 17811  1642    3.96    3.80   167  1070 16978    44   46.14   46.03
c rst  luby best  vmt    71 18423    2885 17811  1642    3.96    3.80   168  1070 17078    44   46.47   46.36
c rst  luby best  vmt    72 18624    2885 17811  1642    3.96    3.80   169  1071 17276    45   46.78   46.67
c rst  luby best  vmt    73 18725    2885 17811  1642    3.96    3.80   169  1071 17377    45   46.89   46.78
c rst  luby best  vmt    74 18828    2885 17811  1642    3.96    3.80   171  1073 17472    49   47.14   47.02
c rst  luby best  vmt    75 19029    2885 17811  1642    3.96    3.80   177  1084 17655    50   47.34   47.23
c rst  luby best  vmt    76 19431    2885 17811  1642    3.96    3.80   182  1100 18028    58   48.00   47.86
c rst  luby best  vmt    77 19533    2885 17811  1642    3.96    3.80   183  1100 18127    60   48.02   47.88
c rst  luby best  vmt    78 19636    2885 17811  1642    3.96    3.80   184  1101 18228    60   48.09   47.95
c rst  luby best  vmt    79 19837    2885 17811  1642    3.96    3.80   191  1101 18421    61   48.57   48.42
c rst  luby best  vmt    80 19940    2885 17811  1642    3.96    3.80   193  1110 18513    61   48.70   48.56
c rst  luby best  vmt    81   20K    2885 17811  1642    3.96    3.80   258  1055 18602    63   48.68   48.53
c [full-probe]  bin_only: 1 set: 0 repl: 0 T: 0.01 T-out: N T-r: 99.75%
c rst  luby best  vmt    82   20K    2885 17811  1642    3.96    3.80   264  1057 18795    69   48.97   48.81
c rst  luby best  vmt    83   20K    2885 17811  1642    3.96    3.80   267  1064 19186    70   49.28   49.12
c [distill-long-red0] cls tried: 239/239 T: 0.02 T-out: N T-r: 99.62%
c [distill-long-red1] cls tried: 35/1037 T: 0.01 T-out: Y T-r: -3.28%
c rst  luby best  vmt    84   21K    2885 17811  1642    3.96    3.80   272  1079 19951    88   49.78   49.58
c rst  luby best  vmt    85   21K    2885 17811  1642    3.96    3.80   272  1079   20K    88   49.84   49.64
c rst  luby best  vmt    86   21K    2885 17811  1642    3.96    3.80   273  1080   20K    89   49.93   49.73
c rst  luby  stb  vmt    87   21K    2885 17811  1642    3.96    3.80   276  1081   20K    89   50.02   49.82
c rst  luby  stb  vmt    88   21K    2885 17811  1642    3.96    3.80   279  1086   20K    89   50.11   49.92
c rst  luby  stb  vmt    89   22K    2885 17811  1642    3.96    3.80   279  1094   20K    89   50.14   49.95
c rst  luby  stb  vmt    90   22K    2885 17811  1642    3.96    3.80   280  1094   20K    89   50.30   50.10
c rst  luby  stb  vmt    91   22K    2885 17811  1642    3.96    3.80   290  1105   21K    90   50.61   50.42
c rst  luby  stb  vmt    92   22K    2885 17811  1642    3.96    3.80   290  1106   21K    90   50.65   50.46
c rst  luby  stb  vmt    93   22K    2885 17811  1642    3.96    3.80   291  1106   21K    90   50.79   50.60
c rst  luby  stb  vmt    94   23K    2885 17811  1642    3.96    3.80   293  1106   21K    90   50.92   50.73
c rst  luby  stb  vmt    95   23K    2885 17811  1642    3.96    3.80   293  1108   21K    90   50.94   50.75
c rst  luby  stb  vmt    96   23K    2885 17811  1642    3.96    3.80   293  1108   21K    90   51.02   50.83
c rst  luby  stb  vmt    97   23K    2885 17811  1642    3.96    3.80   294  1111   21K    90   51.06   50.87
c rst  luby  stb  vmt    98   23K    2885 17811  1642    3.96    3.80   294  1114   22K    90   51.30   51.11
c rst  luby  stb  vmt    99   24K    2885 17811  1642    3.96    3.80   306  1127   23K    90   51.53   51.35
c rst  luby  stb  vmt   100   26K    2885 17811  1642    3.96    3.80   311  1150   24K    92   51.39   51.22
c [branch] adjusting to: vsid (from: vmtf) var_decay:0.95 descr: VSIDS
c [distill] watch-based irred--  cl tried     1635 cl-sh     0 cl-rem    5 lit-rem      0 T: 0.00 T-out: N
c [distill] watch-based   red--  cl tried      620 cl-sh    11 cl-rem    2 lit-rem     20 T: 0.00 T-out: N
c rst  geom  stb   vs   101   26K    2885 17803  1650    3.96    3.80   308  1150   24K    88   51.35   51.18
c rst  geom  stb   vs   102   26K    2885 17803  1650    3.96    3.80   309  1150   24K    88   51.37   51.21
c rst  geom  stb   vs   103   26K    2885 17803  1650    3.96    3.80   309  1150   25K    88   51.33   51.16
c rst  geom  stb   vs   104   26K    2885 17803  1650    3.96    3.80   309  1150   25K    89   51.36   51.19
c rst  geom  stb   vs   105   26K    2885 17803  1650    3.96    3.80   309  1150   25K    89   51.31   51.15
c rst  geom ibes   vs   106   27K    2885 17803  1650    3.96    3.80   309  1150   25K    89   51.24   51.08
c rst  geom ibes   vs   107   27K    2885 17803  1650    3.96    3.80   309  1150   25K    89   51.31   51.15
c rst  geom ibes   vs   108   27K    2885 17803  1650    3.96    3.80   309  1150   25K    89   51.31   51.15
c rst  geom ibes   vs   109   27K    2885 17803  1650    3.96    3.80   309  1150   26K    89   51.23   51.07
c rst  geom ibes   vs   110   28K    2885 17803  1650    3.96    3.80   309  1150   26K    89   51.11   50.95
c rst  geom ibes   vs   111   28K    2885 17803  1650    3.96    3.80   309  1150   26K    89   51.07   50.91
c rst  geom ibes   vs   112   28K    2885 17803  1650    3.96    3.80   309  1150   27K    89   50.99   50.83
c rst  geom ibes   vs   113   28K    2885 17803  1650    3.96    3.80   309  1150   27K    89   50.86   50.71
c rst  geom ibes   vs   114   29K    2885 17803  1650    3.96    3.80   309  1150   27K    89   50.75   50.60
c rst  geom ibes   vs   115   29K    2885 17803  1650    3.96    3.80   309  1150   28K    89   50.47   50.33
c rst  geom ibes   vs   116   30K    2885 17803  1650    3.96    3.80   433  1358   22K    89   48.91   48.74
c rst  geom ibes   vs   117   30K    2885 17803  1650    3.96    3.80   433  1358   23K    89   48.72   48.56
c rst  geom ibes   vs   118   31K    2885 17803  1650    3.96    3.80   433  1358   23K    89   48.58   48.42
c rst  geom ibes   vs   119   31K    2885 17803  1650    3.96    3.80   434  1363   24K    89   48.21   48.05
c rst  geom ibes   vs   120   32K    2885 17803  1650    3.96    3.80   435  1363   24K    89   47.49   47.34
c [distill-bin] useful: 0/1424/1650 lits-rem: 0 cl-rem: 0 0-depth-assigns: 0 T: 0.02 T-out: Y
c rst  geom  svd   vs   121   33K    2885 17803  1650    3.96    3.80   435  1374   25K    90   47.25   47.11
c rst  geom  svd   vs   122   34K    2885 17803  1650    3.96    3.80   435  1374   26K    90   46.58   46.44
c [branch] adjusting to: vmtf (from: vsid) var_decay:0.95 descr: VMTF
c rst  luby  svd  vmt   123   34K    2885 17803  1650    3.96    3.80   436  1383   26K    90   46.57   46.43
c rst  luby  svd  vmt   124   34K    2885 17803  1650    3.96    3.80   437  1384   26K    91   46.66   46.52
c rst  luby  svd  vmt   125   34K    2885 17803  1650    3.96    3.80   441  1396   26K    91   46.80   46.65
c rst  luby  svd  vmt   126   34K    2885 17803  1650    3.96    3.80   441  1398   26K    91   46.88   46.74
c rst  luby  svd  vmt   127   34K    2885 17803  1650    3.96    3.80   441  1399   27K    91   47.03   46.89
c rst  luby  svd  vmt   128   34K    2885 17803  1650    3.96    3.80   444  1406   27K    91   47.03   46.89
c rst  luby  svd  vmt   129   35K    2885 17803  1650    3.96    3.80   447  1420   27K    92   47.90   47.75
c rst  luby  svd  vmt   130   35K    2885 17803  1650    3.96    3.80   447  1420   27K    92   47.91   47.77
c rst  luby  svd  vmt   131   35K    2885 17803  1650    3.96    3.80   448  1426   27K    92   47.94   47.80
c rst  luby  svd  vmt   132   35K    2885 17803  1650    3.96    3.80   449  1435   28K    92   48.05   47.91
c rst  luby  svd  vmt   133   35K    2885 17803  1650    3.96    3.80   450  1437   28K    92   48.04   47.90
c [distill-long-red0] cls tried: 202/202 T: 0.02 T-out: N T-r: 99.51%
c [distill-long-red1] cls tried: 35/1375 T: 0.01 T-out: Y T-r: -6.85%
c rst  luby  svd  vmt   134   35K    2885 17803  1650    3.96    3.80   446  1437   28K    97   47.95   47.81
c rst  luby  svd  vmt   135   36K    2885 17803  1650    3.96    3.80   447  1441   28K    97   47.98   47.83
c rst  luby  svd  vmt   136   36K    2885 17803  1650    3.96    3.80   452  1447   28K    98   48.10   47.95
c rst  luby  svd  vmt   137   37K    2885 17803  1650    3.96    3.80   459  1455   29K   101   48.42   48.27
c rst  luby  svd  vmt   138   37K    2885 17803  1650    3.96    3.80   460  1456   29K   102   48.44   48.29
c rst  luby  svd  vmt   139   37K    2885 17803  1650    3.96    3.80   460  1469   29K   104   48.55   48.40
c rst  luby  svd  vmt   140   37K    2885 17803  1650    3.96    3.80   461  1469   29K   104   48.96   48.81
c rst  luby  svd  vmt   141   37K    2885 17803  1650    3.96    3.80   463  1469   30K   105   48.97   48.82
c rst  luby  svd  vmt   142   37K    2885 17803  1650    3.96    3.80   465  1471   30K   105   48.99   48.84
c rst  luby  svd  vmt   143   38K    2885 17803  1650    3.96    3.80   466  1474   30K   105   49.08   48.93
c rst  geom best  vmt   144   38K    2885 17803  1650    3.96    3.80   467  1477   30K   105   49.16   49.00
c rst  geom best  vmt   145   38K    2885 17803  1650    3.96    3.80   468  1481   30K   105   49.15   49.00
c rst  geom best  vmt   146   38K    2885 17803  1650    3.96    3.80   468  1482   30K   105   49.13   48.98
c rst  geom best  vmt   147   38K    2885 17803  1650    3.96    3.80   468  1483   30K   105   49.10   48.95
c rst  geom best  vmt   148   38K    2885 17803  1650    3.96    3.80   470  1494   31K   105   49.10   48.96
c rst  geom best  vmt   149   38K    2885 17803  1650    3.96    3.80   470  1498   31K   105   49.09   48.94
c rst  geom best  vmt   150   39K    2885 17803  1650    3.96    3.80   470  1514   31K   105   48.98   48.83
c rst  geom best  vmt   151   39K    2885 17803  1650    3.96    3.80   473  1526   31K   106   49.02   48.87
c rst  geom best  vmt   152   39K    2885 17803  1650    3.96    3.80   474  1543   31K   106   49.02   48.87
c rst  geom best  vmt   153   39K    2885 17803  1650    3.96    3.80   480  1559   32K   106   49.04   48.89
c rst  geom best  vmt   154   40K    2885 17803  1650    3.96    3.80   654  1397   32K   107   49.03   48.89
c [full-probe]  bin_only: 0 set: 0 repl: 0 T: 0.01 T-out: N T-r: 96.92%
c [impl-str] lit bin: 0 set-var: 0 T: 0.00 T-out: N T-r: 99.95% w-visit: 5774
c [impl-sub] bin: 21 T: 0.00 T-out: N w-visit: 5774
c rst  geom best  vmt   155   40K    2885 17803  1650    3.96    3.80   654  1411   32K    86   49.01   48.90
c rst  geom best  vmt   156   40K    2885 17803  1650    3.96    3.80   657  1420   32K    86   49.11   49.00
c rst  geom best  vmt   157   41K    2885 17803  1650    3.96    3.80   658  1429   33K    87   49.14   49.03
c rst  geom best  vmt   158   41K    2885 17803  1650    3.96    3.80   659  1443   33K    88   49.14   49.02
c rst  geom best  vmt   159   41K    2885 17803  1650    3.96    3.80   660  1460   34K    88   49.26   49.15
c rst  geom best  vmt   160   42K    2885 17803  1650    3.96    3.80   662  1469   34K    88   49.48   49.36
c [branch] adjusting to: vsid (from: vmtf) var_decay:0.95 descr: VSIDS
c rst  geom best   vs   161   42K    2885 17803  1650    3.96    3.80   662  1469   34K    88   49.39   49.28
c rst  geom best   vs   162   42K    2885 17803  1650    3.96    3.80   662  1471   34K    88   49.32   49.20
c rst  geom best   vs   163   42K    2885 17803  1650    3.96    3.80   662  1471   35K    88   49.25   49.14
c rst  geom best   vs   164   42K    2885 17803  1650    3.96    3.80   662  1471   35K    88   49.17   49.05
c rst  geom best   vs   165   43K    2885 17803  1650    3.96    3.80   662  1471   35K    88   49.05   48.94
c rst  geom best   vs   166   43K    2885 17803  1650    3.96    3.80   662  1471   35K    88   48.91   48.80
c rst  geom best   vs   167   43K    2885 17803  1650    3.96    3.80   662  1471   35K    88   48.80   48.69
c rst  geom  stb   vs   168   43K    2885 17803  1650    3.96    3.80   662  1471   35K    88   48.73   48.62
c rst  geom  stb   vs   169   43K    2885 17803  1650    3.96    3.80   662  1471   36K    88   48.67   48.56
c rst  geom  stb   vs   170   44K    2885 17803  1650    3.96    3.80   662  1471   36K    88   48.57   48.47
c [ccnr] tries: 0 steps: 262143 best found: 19
c [ccnr] tries: 0 steps: 524287 best found: 19
c [ccnr] tries: 0 steps: 786431 best found: 19
c [ccnr] saving best assignment phase to stable_polar
c [ccnr] bumping based on clause weights
c [ccnr] Bumped vars: 102 bump type: 6
c [ccnr] time: 0.63
c rst  geom  stb   vs   171   44K    2885 17803  1650    3.96    3.80   662  1471   36K    88   48.50   48.40
c rst  geom  stb   vs   172   44K    2885 17803  1650    3.96    3.80   662  1471   36K    88   48.37   48.26
c rst  geom  stb   vs   173   45K    2885 17803  1650    3.96    3.80   720  2221   29K    88   48.55   48.42
c rst  geom  stb   vs   174   45K    2885 17803  1650    3.96    3.80   720  2221   29K    88   48.27   48.14
c rst  geom  stb   vs   175   45K    2885 17803  1650    3.96    3.80   720  2221   29K    88   47.92   47.80
c rst  geom  stb   vs   176   46K    2885 17803  1650    3.96    3.80   720  2221   30K    88   47.61   47.49
c rst  geom  stb   vs   177   46K    2885 17803  1650    3.96    3.80   720  2221   30K    88   47.24   47.13
c rst  geom  stb   vs   178   47K    2885 17803  1650    3.96    3.80   720  2221   31K    88   46.99   46.87
c rst  geom  stb   vs   179   48K    2885 17803  1650    3.96    3.80   721  2222   31K    88   46.59   46.47
c rst  geom  stb   vs   180   48K    2885 17803  1650    3.96    3.80   721  2222   32K    88   46.28   46.17
c rst  geom  stb   vs   181   49K    2885 17803  1650    3.96    3.80   721  2222   33K    88   45.85   45.75
c rst  geom ibes   vs   182   50K    2885 17803  1650    3.96    3.80   767  2176   34K    88   45.47   45.36
c [gauss] XOR-encoding clauses are not detached, so no need to reattach them.
c [g 0] truth-find prop checks  : 935K
c [g 0] -> of which prop        : 36.77 %
c [g 0] -> of which confl       :  3.14 %
c [g 0] elim called             : 175K
c [g 0] ---> which lead to prop : 10.53 %
c [g 0] ---> which lead to confl:  0.74 %
c [g 0] size: 50    x 765  
c [scc] new: 7 BP 0M T: 0.00
c [vrep] vars 7 lits 13054 rem-bin-cls 32 rem-long-cls 0 BP 0M T: 0.03
c [scc] new: 0 BP 0M T: 0.00
c [vrep] vars 0 lits 0 rem-bin-cls 0 rem-long-cls 0 BP 0M T: 0.01
c [intree] Set 0 vars hyper-added: 793 trans-irred: 0 trans-red: 58 T: 0.01 T-out: N T-r: -1.40%
c [find&init matx] performing matrix init
c [gauss] XOR-encoding clauses are not detached, so no need to reattach them.
c [xor-rem-unconnected] left with 50 xors from 50 non-empty xors T: 0.00
c [xor-together] xored together: 0 orig xors: 50 new xors: 50 T: 0.00
c [xor-rem-unconnected] left with 50 xors from 50 non-empty xors T: 0.00
c [xor-clean-equiv] removed equivalent xors: 0 left with: 50
c [matrix] unused xors from cleaning: 0
c [matrix] Good   matrix 0 50      x760    density:0.1130  xorlen avg: 85.86
c [matrix] Using 1 matrices recovered from 0 xors T: 0.00 T-out: N
c rst  geom ibes vs   183   51  K 2878    17803  1636 3.96    3.80      768  2176   35K   819 44.84   43.94  
c [distill-long-red0] cls tried: 323/323 T: 0.05 T-out: N T-r: 98.70%
c [distill-long-red1] cls tried: 23/2079 T: 0.01 T-out: Y T-r: -4.52%
c rst  geom ibes vs   184   52  K 2878    17803  1636 3.96    3.80      764  2176   35K   823 44.29   43.41  
c [distill] watch-based irred--  cl tried 1630     cl-sh 0     cl-rem 0    lit-rem 0      T: 0.00 T-out: N
c [distill] watch-based red  --  cl tried 1526     cl-sh 31    cl-rem 2    lit-rem 45     T: 0.00 T-out: N
c rst  geom ibes vs   185   53  K 2878    17803  1636 3.96    3.80      762  2176   37K   823 43.56   42.72  
c [branch] adjusting to: vmtf (from: vsid) var_decay:0.95 descr: VMTF
c [distill-bin] useful: 0/1176/1636 lits-rem: 0 cl-rem: 0 0-depth-assigns: 0 T: 0.02 T-out: Y
c rst  luby ibes vmt  186   53  K 2878    17803  1636 3.96    3.80      762  2179   37K   823 43.80   42.96  
c rst  luby ibes vmt  187   53  K 2878    17803  1636 3.96    3.80      762  2186   37K   823 43.77   42.94  
c rst  luby ibes vmt  188   53  K 2878    17803  1636 3.96    3.80      763  2192   37K   823 43.81   42.97  
c rst  luby ibes vmt  189   53  K 2878    17803  1636 3.96    3.80      765  2192   37K   823 43.92   43.08  
c rst  luby ibes vmt  190   53  K 2878    17803  1636 3.96    3.80      767  2206   37K   823 44.00   43.16  
c rst  luby ibes vmt  191   53  K 2878    17803  1636 3.96    3.80      767  2214   37K   823 44.26   43.43  
c rst  luby ibes vmt  192   54  K 2878    17803  1636 3.96    3.80      770  2227   38K   823 44.49   43.66  
c rst  luby ibes vmt  193   54  K 2878    17803  1636 3.96    3.80      770  2228   38K   823 44.52   43.69  
c rst  luby ibes vmt  194   54  K 2878    17803  1636 3.96    3.80      772  2229   38K   823 44.54   43.71  
c rst  luby ibes vmt  195   54  K 2878    17803  1636 3.96    3.80      774  2231   38K   823 44.69   43.86  
c rst  luby ibes vmt  196   54  K 2878    17803  1636 3.96    3.80      774  2234   38K   823 44.70   43.87  
c rst  luby ibes vmt  197   54  K 2878    17803  1636 3.96    3.80      774  2243   38K   823 44.66   43.84  
c rst  luby ibes vmt  198   55  K 2878    17803  1636 3.96    3.80      774  2243   38K   823 44.73   43.91  
c rst  luby svd  vmt  199   55  K 2878    17803  1636 3.96    3.80      774  2252   39K   823 44.76   43.94  
c rst  luby svd  vmt  200   56  K 2878    17803  1636 3.96    3.80      781  2271   39K   823 44.92   44.11  
c recursive minimization cost OK: 300Kcost/(% lits removed)
c [gauss] XOR-encoding clauses are not detached, so no need to reattach them.
c [g 0] truth-find prop checks  : 105K
c [g 0] -> of which prop        : 33.83 %
c [g 0] -> of which confl       :  3.45 %
c [g 0] elim called             : 20K
c [g 0] ---> which lead to prop :  2.56 %
c [g 0] ---> which lead to confl:  0.42 %
c [g 0] size: 50    x 760  
c --> Executing strategy token: scc-vrepl
c [scc] new: 4 BP 0M T: 0.00
c [vrep] vars 4 lits 9691 rem-bin-cls 16 rem-long-cls 2 BP 0M T: 0.02
c --> Executing strategy token: sub-impl
c [impl-sub] bin: 10 T: 0.00 T-out: N w-visit: 5774
c --> Executing strategy token: breakid
c --> Executing OCC strategy token(s): 'occ-backw-sub-str,occ-clean-implicit,occ-bve,occ-bva,occ-ternary-res,occ-xor,'
c [occ] mem usage for occur 1      MB
c [occ] Linked in IRRED BIN by default: 1632
c [occ] Linked in RED   BIN by default: 809
c [occ] mem usage for occur 0      MB
c Mem for watch alloc      : 3           MB (17.06     %)
c Mem for watch array      : 0           MB (0.81      %)
c --> Executing OCC strategy token: occ-backw-sub-str
c [occ-backw-sub-str-long-w-bins] subs: 1 str: 7 tried: 2441 0-depth ass: 0 T: 0.00 T-out: N T-r: 99.34%
c [occ-backw-sub-long-w-long] rem cl: 75 tried: 60728/60728 (100.0%) T: 0.01 T-out: N T-r: 96.59%
c [occ-backw-sub-str-long-w-long] sub: 0 str: 5 tried: 182184/60728 (300.0)  T: 0.06 T-out: N T-r: 88.55%
c --> Executing OCC strategy token: occ-clean-implicit
c --> Executing OCC strategy token: occ-bve
c [occ-empty-res] Empty resolvent elimed: 0 T: 0.00 T-out: N
c [occ-bve] iter v-elim 10
c cl_inc_rate=1.0, var_dec_rate=1.0 (grow=0)
c Reduced to 2864 vars, 19426 cls (grow=0)
c [occ-bve] iter v-elim 290
c cl_inc_rate=1.1, var_dec_rate=1.1 (grow=8)
c Reduced to 2574 vars, 20624 cls (grow=8)
c x n vars       : 2574
c #try to eliminate:  6088
c #var-elim        :   300
c #T-o: N
c #T-r: 99.99%
c #T  : 0.10
c [occur] 0.04 is overhead
c [occur] link-in T: 0.04 cleanup T: 0.00
c --> Executing OCC strategy token: occ-bva
c --> Executing OCC strategy token: occ-ternary-res
c [occ-ternary-res] Ternary res-tri: 41 res-bin: 0 sub: 5 str: 0 T: 0.00 T-out: N T-r: 99.40%
c --> Executing OCC strategy token: occ-xor
c [occ-xor] sort occur list T: 0.00
c [xor-clean-equiv] removed equivalent xors: 0 left with: 1973
c [occ-xor] found   1973 avg sz 4.0 min sz  4 max sz  5 T: 0.01 T-out: N T-r: 99.98%
c --> Executing strategy token: card-find
c --> Executing strategy token: cl-consolidate
c [mem] consolidate  old-sz: 11610K new-sz: 4380K new bits offs: 20 T: 0.00
c --> Executing strategy token: scc-vrepl
c [scc] new: 0 BP 0M T: 0.00
c --> Executing strategy token: renumber
c --> Executing strategy token: bosphorus
c --> Executing strategy token: louvain-comms
c [consolidate] mini T: 0.00
c global_timeout_multiplier: 3.3000
c [branch] rebuilding order heap for all branchings. Current branching: vmtf
c [find&init matx] performing matrix init
c [gauss] XOR-encoding clauses are not detached, so no need to reattach them.
c [xor-rem-unconnected] left with 1970 xors from 1973 non-empty xors T: 0.00
c [xor-together] xored together: 1919 orig xors: 1970 new xors: 51 T: 0.00
c [xor-rem-unconnected] left with 51 xors from 51 non-empty xors T: 0.00
c [xor-clean-equiv] removed equivalent xors: 0 left with: 51
c [matrix] unused xors from cleaning: 3
c [matrix] Good   matrix  0     51 x  460  density:0.1726  xorlen avg: 79.41
c [matrix] Using 1 matrices recovered from 0 xors T: 0.00 T-out: N
c rst  luby  svd  vmt   201   56K    2574 19697   927    4.10    4.01   173   240   22K   117   31.30   31.15
c rst  luby  svd  vmt   202   56K    2574 19697   927    4.10    4.01   173   244   22K   117   31.29   31.14
c rst  luby  svd  vmt   203   56K    2574 19697   927    4.10    4.01   173   244   22K   117   31.23   31.08
c rst  luby  svd  vmt   204   56K    2574 19697   927    4.10    4.01   174   246   23K   117   31.19   31.04
c rst  luby  svd  vmt   205   56K    2574 19697   927    4.10    4.01   174   250   23K   117   31.13   30.98
c rst  luby  svd  vmt   206   56K    2574 19697   927    4.10    4.01   174   250   23K   117   31.05   30.91
c [g  <0] Disabling GJ-elim in this round.  Usefulness was: 19.9058%  over 66860 calls
c rst  luby  svd  vmt   207   57K    2574 19697   927    4.10    4.01   174   252   23K   117   30.93   30.79
c rst  luby  svd  vmt   208   57K    2574 19697   927    4.10    4.01   175   257   23K   117   30.90   30.76
c rst  luby  svd  vmt   209   57K    2574 19697   927    4.10    4.01   175   259   23K   117   30.86   30.72
c rst  luby  svd  vmt   210   57K    2574 19697   927    4.10    4.01   175   261   24K   117   30.87   30.74
c rst  luby  svd  vmt   211   57K    2574 19697   927    4.10    4.01   176   269   24K   117   30.86   30.73
c rst  luby  svd  vmt   212   58K    2574 19697   927    4.10    4.01   177   271   24K   117   30.89   30.75
c rst  luby  svd  vmt   213   58K    2574 19697   927    4.10    4.01   177   271   24K   117   30.87   30.73
c rst  luby  svd  vmt   214   58K    2574 19697   927    4.10    4.01   180   281   24K   117   30.90   30.76
c rst  luby  svd  vmt   215   58K    2574 19697   927    4.10    4.01   183   286   25K   117   30.92   30.79
c rst  luby  svd  vmt   216   59K    2574 19697   927    4.10    4.01   185   294   25K   117   30.75   30.62
c rst  luby  svd  vmt   217   61K    2574 19697   927    4.10    4.01   254   402   24K   117   29.34   29.22
c [full-probe]  bin_only: 1 set: 0 repl: 0 T: 0.01 T-out: N T-r: 99.79%
c rst  geom best  vmt   218   61K    2574 19697   927    4.10    4.01   254   406   24K   117   29.35   29.23
c rst  geom best  vmt   219   61K    2574 19697   927    4.10    4.01   254   407   24K   117   29.28   29.15
c rst  geom best  vmt   220   61K    2574 19697   927    4.10    4.01   254   408   25K   117   29.22   29.10
c rst  geom best  vmt   221   61K    2574 19697   927    4.10    4.01   254   408   25K   117   29.15   29.03
c rst  geom best  vmt   222   61K    2574 19697   927    4.10    4.01   254   410   25K   117   29.13   29.01
c rst  geom best  vmt   223   61K    2574 19697   927    4.10    4.01   255   411   25K   117   29.15   29.03
c rst  geom best  vmt   224   62K    2574 19697   927    4.10    4.01   257   414   25K   117   29.16   29.04
c rst  geom best  vmt   225   62K    2574 19697   927    4.10    4.01   257   415   25K   117   29.11   28.99
c rst  geom best  vmt   226   62K    2574 19697   927    4.10    4.01   258   420   26K   117   29.09   28.97
c rst  geom best  vmt   227   62K    2574 19697   927    4.10    4.01   258   471   26K   117   29.09   28.97
c rst  geom best  vmt   228   63K    2574 19697   927    4.10    4.01   262   493   26K   117   29.05   28.93
c [branch] adjusting to: vsid (from: vmtf) var_decay:0.95 descr: VSIDS
c rst  geom best   vs   229   63K    2574 19697   927    4.10    4.01   262   494   26K   117   29.23   29.11
c rst  geom best   vs   230   63K    2574 19697   927    4.10    4.01   262   496   26K   117   29.44   29.33
c rst  geom best   vs   231   63K    2574 19697   927    4.10    4.01   262   496   26K   117   29.62   29.50
c rst  geom best   vs   232   63K    2574 19697   927    4.10    4.01   263   502   27K   117   29.76   29.64
c rst  geom best   vs   233   63K    2574 19697   927    4.10    4.01   263   506   27K   117   29.92   29.80
c rst  geom best   vs   234   64K    2574 19697   927    4.10    4.01   263   511   27K   117   30.27   30.15
c rst  geom best   vs   235   64K    2574 19697   927    4.10    4.01   265   512   27K   117   30.49   30.38
c rst  geom best   vs   236   64K    2574 19697   927    4.10    4.01   265   513   27K   117   30.83   30.71
c rst  geom best   vs   237   64K    2574 19697   927    4.10    4.01   265   522   28K   117   31.16   31.05
c rst  geom best   vs   238   64K    2574 19697   927    4.10    4.01   271   533   28K   117   31.62   31.50
c rst  geom best   vs   239   65K    2574 19697   927    4.10    4.01   271   538   28K   117   31.96   31.84
c rst  geom best   vs   240   65K    2574 19697   927    4.10    4.01   273   547   28K   117   32.41   32.29
c rst  geom best   vs   241   65K    2574 19697   927    4.10    4.01   273   548   29K   117   32.72   32.60
c rst  geom best   vs   242   66K    2574 19697   927    4.10    4.01   279   557   29K   117   33.36   33.24
c [distill-long-red0] cls tried: 115/115 T: 0.01 T-out: N T-r: 99.83%
c [distill-long-red1] cls tried: 73/498 T: 0.01 T-out: Y T-r: -1.80%
c rst  geom best   vs   243   66K    2574 19697   927    4.10    4.01   278   563   29K   120   33.72   33.59
c rst  geom best   vs   244   67K    2574 19697   927    4.10    4.01   281   569   30K   120   34.14   34.01
c rst  geom  stb   vs   245   67K    2574 19697   927    4.10    4.01   289   604   30K   120   34.21   34.09
c rst  geom  stb   vs   246   68K    2574 19697   927    4.10    4.01   296   631   31K   120   34.35   34.23
c rst  geom  stb   vs   247   68K    2574 19697   927    4.10    4.01   301   664   31K   120   34.38   34.26
c rst  geom  stb   vs   248   69K    2574 19697   927    4.10    4.01   305   696   32K   120   34.52   34.40
c rst  geom  stb   vs   249   70K    2574 19697   927    4.10    4.01   562   477   33K   120   34.41   34.30
c rst  geom  stb   vs   250   70K    2574 19697   927    4.10    4.01   566   496   34K   120   34.24   34.13
c rst  geom  stb   vs   251   71K    2574 19697   927    4.10    4.01   576   513   34K   120   34.28   34.17
c rst  geom  stb   vs   252   72K    2574 19697   927    4.10    4.01   579   529   35K   120   34.16   34.06
c rst  geom  stb   vs   253   73K    2574 19697   927    4.10    4.01   584   549   36K   120   34.17   34.07
c [distill-bin] useful: 7/927/927 lits-rem: 0 cl-rem: 7 0-depth-assigns: 0 T: 0.01 T-out: N
c rst  geom ibes   vs   254   74K    2574 19697   920    4.10    4.01   594   583   37K   120   34.31   34.21
c [branch] adjusting to: vmtf (from: vsid) var_decay:0.95 descr: VMTF
c rst  luby ibes  vmt   255   75K    2574 19697   920    4.10    4.01   608   848   27K   120   33.57   33.45
c rst  luby ibes  vmt   256   75K    2574 19697   920    4.10    4.01   608   851   27K   120   33.55   33.42
c rst  luby ibes  vmt   257   75K    2574 19697   920    4.10    4.01   608   856   28K   120   33.47   33.34
c rst  luby ibes  vmt   258   75K    2574 19697   920    4.10    4.01   608   857   28K   120   33.47   33.34
c rst  luby ibes  vmt   259   75K    2574 19697   920    4.10    4.01   608   861   28K   120   33.41   33.28
c rst  luby ibes  vmt   260   75K    2574 19697   920    4.10    4.01   608   862   28K   120   33.38   33.25
c rst  luby ibes  vmt   261   76K    2574 19697   920    4.10    4.01   608   870   28K   120   33.26   33.14
c rst  luby ibes  vmt   262   76K    2574 19697   920    4.10    4.01   609   873   28K   120   33.22   33.10
c rst  luby ibes  vmt   263   76K    2574 19697   920    4.10    4.01   609   874   29K   120   33.16   33.04
c rst  luby ibes  vmt   264   76K    2574 19697   920    4.10    4.01   609   874   29K   120   33.08   32.96
c rst  luby ibes  vmt   265   76K    2574 19697   920    4.10    4.01   609   877   29K   120   33.06   32.94
c rst  luby ibes  vmt   266   76K    2574 19697   920    4.10    4.01   609   884   29K   120   33.02   32.90
c rst  luby ibes  vmt   267   76K    2574 19697   920    4.10    4.01   609   890   29K   120   32.97   32.85
c rst  luby ibes  vmt   268   77K    2574 19697   920    4.10    4.01   610   899   30K   120   32.87   32.75
c [distill] watch-based irred--  cl tried     7523 cl-sh   157 cl-rem  176 lit-rem    166 T: 0.01 T-out: N
c [distill] watch-based   red--  cl tried     1220 cl-sh   146 cl-rem    0 lit-rem    326 T: 0.00 T-out: N
c rst  luby ibes  vmt   269   78K    2574 19519   937    4.09    4.00   612   915   30K   105   32.75   32.65
c rst  luby ibes  vmt   270   78K    2574 19519   937    4.09    4.00   612   921   30K   105   32.71   32.61
c rst  luby ibes  vmt   271   78K    2574 19519   937    4.09    4.00   612   923   31K   105   32.67   32.58
c rst  luby ibes  vmt   272   78K    2574 19519   937    4.09    4.00   612   923   31K   105   32.59   32.49
c rst  luby ibes  vmt   273   78K    2574 19519   937    4.09    4.00   612   926   31K   105   32.55   32.45
c rst  luby ibes  vmt   274   78K    2574 19519   937    4.09    4.00   614   927   31K   105   32.52   32.42
c rst  luby ibes  vmt   275   78K    2574 19519   937    4.09    4.00   618   933   31K   105   32.43   32.33
c rst  luby ibes  vmt   276   79K    2574 19519   937    4.09    4.00   618   935   32K   105   32.21   32.11
c rst  luby ibes  vmt   277   79K    2574 19519   937    4.09    4.00   618   935   32K   105   32.20   32.10
c rst  luby ibes  vmt   278   79K    2574 19519   937    4.09    4.00   618   936   32K   105   32.18   32.09
c rst  luby  svd  vmt   279   79K    2574 19519   937    4.09    4.00   620   942   32K   105   32.15   32.05
c rst  luby  svd  vmt   280   79K    2574 19519   937    4.09    4.00   620   945   32K   105   32.15   32.05
c rst  luby  svd  vmt   281   79K    2574 19519   937    4.09    4.00   620   949   32K   105   32.13   32.04
c rst  luby  svd  vmt   282   80K    2574 19519   937    4.09    4.00   877   676   32K   105   32.10   32.01
c rst  luby  svd  vmt   283   80K    2574 19519   937    4.09    4.00   877   686   33K   105   31.96   31.87
c rst  luby  svd  vmt   284   81K    2574 19519   937    4.09    4.00   878   698   34K   105   31.60   31.51
c [distill-long-red0] cls tried: 595/595 T: 0.03 T-out: N T-r: 99.14%
c [distill-long-red1] cls tried: 65/589 T: 0.01 T-out: Y T-r: -2.86%
c [full-probe]  bin_only: 0 set: 0 repl: 0 T: 0.01 T-out: N T-r: 97.35%
c rst  luby  svd  vmt   285   82K    2574 19519   937    4.09    4.00   878   724   35K   106   31.35   31.27
c rst  luby  svd  vmt   286   83K    2574 19519   937    4.09    4.00   878   725   35K   106   31.32   31.24
c rst  luby  svd  vmt   287   83K    2574 19519   937    4.09    4.00   878   735   35K   106   31.30   31.22
c rst  luby  svd  vmt   288   83K    2574 19519   937    4.09    4.00   879   736   35K   106   31.26   31.18
c rst  luby  svd  vmt   289   83K    2574 19519   937    4.09    4.00   879   736   36K   106   31.25   31.17
c rst  luby  svd  vmt   290   83K    2574 19519   937    4.09    4.00   879   739   36K   106   31.23   31.15
c rst  luby  svd  vmt   291   83K    2574 19519   937    4.09    4.00   880   761   36K   106   31.15   31.07
c rst  luby  svd  vmt   292   84K    2574 19519   937    4.09    4.00   881   764   36K   106   31.07   30.99
c rst  luby  svd  vmt   293   84K    2574 19519   937    4.09    4.00   881   766   36K   106   31.06   30.98
c rst  luby  svd  vmt   294   84K    2574 19519   937    4.09    4.00   881   768   36K   106   31.03   30.95
c rst  luby  svd  vmt   295   84K    2574 19519   937    4.09    4.00   881   770   37K   106   30.96   30.89
c rst  luby  svd  vmt   296   84K    2574 19519   937    4.09    4.00   881   772   37K   106   30.94   30.86
c rst  luby  svd  vmt   297   84K    2574 19519   937    4.09    4.00   881   773   37K   106   30.91   30.83
c rst  luby  svd  vmt   298   85K    2574 19519   937    4.09    4.00   881   776   37K   106   30.90   30.82
c rst  luby  svd  vmt   299   85K    2574 19519   937    4.09    4.00   881   779   37K   106   30.74   30.66
c rst  luby  svd  vmt   300   86K    2574 19519   937    4.09    4.00   882   783   38K   106   30.54   30.46
c rst  geom best  vmt   301   86K    2574 19519   937    4.09    4.00   882   785   38K   106   30.51   30.44
c rst  geom best  vmt   302   86K    2574 19519   937    4.09    4.00   883   787   38K   106   30.47   30.39
c rst  geom best  vmt   303   86K    2574 19519   937    4.09    4.00   883   794   39K   106   30.42   30.35
c rst  geom best  vmt   304   86K    2574 19519   937    4.09    4.00   883   795   39K   106   30.41   30.34
c rst  geom best  vmt   305   86K    2574 19519   937    4.09    4.00   883   797   39K   106   30.38   30.31
c rst  geom best  vmt   306   87K    2574 19519   937    4.09    4.00   885   806   39K   106   30.32   30.24
c rst  geom best  vmt   307   87K    2574 19519   937    4.09    4.00   885   806   39K   106   30.29   30.22
c rst  geom best  vmt   308   87K    2574 19519   937    4.09    4.00   885   809   39K   106   30.20   30.13
c rst  geom best  vmt   309   87K    2574 19519   937    4.09    4.00   886   814   40K   106   30.16   30.09
c [branch] adjusting to: vsid (from: vmtf) var_decay:0.95 descr: VSIDS
c rst  geom best   vs   310   87K    2574 19519   937    4.09    4.00   886   818   40K   106   30.21   30.14
c rst  geom best   vs   311   87K    2574 19519   937    4.09    4.00   888   829   40K   106   30.25   30.18
c rst  geom best   vs   312   88K    2574 19519   937    4.09    4.00   889   834   40K   106   30.30   30.23
c rst  geom best   vs   313   88K    2574 19519   937    4.09    4.00   891   838   40K   106   30.33   30.26
c [ccnr] tries: 0 steps: 262143 best found: 16
c [ccnr] tries: 0 steps: 524287 best found: 15
c [ccnr] tries: 0 steps: 786431 best found: 15
c [ccnr] saving best assignment phase to stable_polar
c [ccnr] bumping based on var unsat frequency: conflict_ct
c [ccnr] Bumped vars: 2887 bump type: 6
c [ccnr] time: 0.55
c rst  geom best   vs   314   88K    2574 19519   937    4.09    4.00   892   843   40K   106   30.34   30.27
c rst  geom best   vs   315   88K    2574 19519   937    4.09    4.00   893   845   41K   106   30.46   30.39
c rst  geom best   vs   316   88K    2574 19519   937    4.09    4.00   894   854   41K   106   30.47   30.40
c rst  geom best   vs   317   88K    2574 19519   937    4.09    4.00   894   860   41K   106   30.59   30.52
c rst  geom best   vs   318   89K    2574 19519   937    4.09    4.00   897   865   41K   106   30.60   30.53
c rst  geom best   vs   319   89K    2574 19519   937    4.09    4.00   897   874   41K   106   30.76   30.69
c rst  geom best   vs   320   89K    2574 19519   937    4.09    4.00   900   881   42K   106   30.85   30.78
c rst  geom best   vs   321   90K    2574 19519   937    4.09    4.00  1234  1360   32K   106   32.22   32.13
c rst  geom best   vs   322   90K    2574 19519   937    4.09    4.00  1235  1370   33K   106   32.28   32.19
c rst  geom best   vs   323   90K    2574 19519   937    4.09    4.00  1236  1378   33K   106   32.32   32.23
c rst  geom best   vs   324   91K    2574 19519   937    4.09    4.00  1238  1383   34K   106   32.45   32.36
c rst  geom best   vs   325   91K    2574 19519   937    4.09    4.00  1241  1392   34K   106   32.49   32.41
c rst  geom best   vs   326   92K    2574 19519   937    4.09    4.00  1242  1394   34K   106   32.54   32.46
c rst  geom  stb   vs   327   92K    2574 19519   937    4.09    4.00  1249  1411   35K   106   32.67   32.58
c rst  geom  stb   vs   328   93K    2574 19519   937    4.09    4.00  1251  1424   36K   106   32.67   32.58
c rst  geom  stb   vs   329   93K    2574 19519   937    4.09    4.00  1251  1432   36K   106   32.80   32.72
c [distill-bin] useful: 3/937/937 lits-rem: 0 cl-rem: 3 0-depth-assigns: 0 T: 0.01 T-out: N
c rst  geom  stb   vs   330   94K    2574 19519   934    4.09    4.00  1251  1440   37K   106   32.85   32.77
c rst  geom  stb   vs   331   95K    2574 19519   934    4.09    4.00  1251  1458   38K   106   32.90   32.82
c rst  geom  stb   vs   332   96K    2574 19519   934    4.09    4.00  1254  1468   39K   106   32.91   32.83
c rst  geom  stb   vs   333   97K    2574 19519   934    4.09    4.00  1267  1483   39K   106   32.90   32.82
c [distill-long-red0] cls tried: 382/382 T: 0.04 T-out: N T-r: 98.63%
c [distill-long-red1] cls tried: 65/1318 T: 0.01 T-out: Y T-r: -1.72%
c rst  geom  stb   vs   334   98K    2574 19519   934    4.09    4.00  1269  1495   41K   106   32.86   32.78
c rst  geom ibes   vs   335   99K    2574 19519   934    4.09    4.00  1269  1499   42K   106   33.07   32.99
c rst  geom ibes   vs   336  100K    2574 19519   934    4.09    4.00  1409  1378   43K   106   32.97   32.90
c [impl-str] lit bin: 0 set-var: 0 T: 0.00 T-out: N T-r: 99.95% w-visit: 5774
c [impl-sub] bin: 0 T: 0.00 T-out: N w-visit: 5774
c rst  geom ibes   vs   337  102K    2574 19519   934    4.09    4.00  1412  1394   44K   106   33.22   33.15
c [branch] adjusting to: vmtf (from: vsid) var_decay:0.95 descr: VMTF
c [full-probe]  bin_only: 1 set: 0 repl: 0 T: 0.01 T-out: N T-r: 99.73%
c rst  luby ibes  vmt   338  102K    2574 19519   934    4.09    4.00  1417  1418   44K   109   33.20   33.13
c rst  luby ibes  vmt   339  102K    2574 19519   934    4.09    4.00  1417  1435   44K   109   33.16   33.09
c [distill] watch-based irred--  cl tried     7342 cl-sh     0 cl-rem    0 lit-rem      0 T: 0.01 T-out: N
c [distill] watch-based   red--  cl tried     2834 cl-sh   133 cl-rem    0 lit-rem    279 T: 0.01 T-out: N
c rst  luby ibes  vmt   340  102K    2574 19519   934    4.09    4.00  1417  1440   45K   109   33.10   33.03
c rst  luby ibes  vmt   341  102K    2574 19519   934    4.09    4.00  1417  1441   45K   109   33.09   33.02
c rst  luby ibes  vmt   342  102K    2574 19519   934    4.09    4.00  1417  1441   45K   109   33.04   32.97
c rst  luby ibes  vmt   343  102K    2574 19519   934    4.09    4.00  1417  1443   45K   109   33.01   32.94
c rst  luby ibes  vmt   344  103K    2574 19519   934    4.09    4.00  1417  1446   45K   109   32.91   32.84
c rst  luby ibes  vmt   345  103K    2574 19519   934    4.09    4.00  1417  1447   46K   109   32.89   32.82
c rst  luby ibes  vmt   346  103K    2574 19519   934    4.09    4.00  1419  1451   46K   109   32.86   32.79
c rst  luby ibes  vmt   347  103K    2574 19519   934    4.09    4.00  1420  1472   46K   109   32.78   32.71
c rst  luby ibes  vmt   348  103K    2574 19519   934    4.09    4.00  1420  1474   46K   109   32.78   32.71
c rst  luby ibes  vmt   349  103K    2574 19519   934    4.09    4.00  1420  1474   46K   109   32.77   32.71
c rst  luby ibes  vmt   350  104K    2574 19519   934    4.09    4.00  1420  1476   46K   109   32.73   32.66
c rst  luby ibes  vmt   351  104K    2574 19519   934    4.09    4.00  1420  1482   47K   109   32.58   32.51
c rst  luby  svd  vmt   352  105K    2574 19519   934    4.09    4.00  1519  1905   35K   109   29.45   29.37
c rst  luby  svd  vmt   353  105K    2574 19519   934    4.09    4.00  1519  1907   35K   109   29.41   29.33
c rst  luby  svd  vmt   354  105K    2574 19519   934    4.09    4.00  1519  1909   35K   109   29.38   29.31
c rst  luby  svd  vmt   355  105K    2574 19519   934    4.09    4.00  1520  1913   36K   109   29.32   29.25
c rst  luby  svd  vmt   356  105K    2574 19519   934    4.09    4.00  1520  1913   36K   109   29.28   29.21
c rst  luby  svd  vmt   357  105K    2574 19519   934    4.09    4.00  1520  1915   36K   109   29.26   29.18
c rst  luby  svd  vmt   358  106K    2574 19519   934    4.09    4.00  1520  1916   36K   109   29.20   29.13
c rst  luby  svd  vmt   359  106K    2574 19519   934    4.09    4.00  1520  1918   36K   109   29.15   29.07
c rst  luby  svd  vmt   360  106K    2574 19519   934    4.09    4.00  1520  1918   36K   109   29.13   29.06
c rst  luby  svd  vmt   361  106K    2574 19519   934    4.09    4.00  1520  1920   37K   109   29.11   29.03
c rst  luby  svd  vmt   362  107K    2574 19519   934    4.09    4.00  1520  1920   37K   109   29.05   28.98
c rst  luby  svd  vmt   363  107K    2574 19519   934    4.09    4.00  1521  1922   37K   109   29.03   28.95
c rst  luby  svd  vmt   364  107K    2574 19519   934    4.09    4.00  1521  1930   37K   109   29.01   28.94
c rst  luby  svd  vmt   365  107K    2574 19519   934    4.09    4.00  1521  1932   37K   109   28.99   28.91
c rst  luby  svd  vmt   366  107K    2574 19519   934    4.09    4.00  1521  1937   38K   109   28.88   28.81
c rst  luby  svd  vmt   367  108K    2574 19519   934    4.09    4.00  1522  1949   38K   109   28.63   28.56
c rst  luby  svd  vmt   368  110K    2574 19519   934    4.09    4.00  1862  1646   40K   109   28.17   28.10
c rst  luby  svd  vmt   369  110K    2574 19519   934    4.09    4.00  1862  1650   40K   109   28.16   28.09
c rst  luby  svd  vmt   370  110K    2574 19519   934    4.09    4.00  1862  1652   40K   109   28.13   28.07
c rst  luby  svd  vmt   371  110K    2574 19519   934    4.09    4.00  1862  1652   40K   109   28.08   28.02
c rst  luby  svd  vmt   372  110K    2574 19519   934    4.09    4.00  1862  1652   40K   109   28.04   27.98
c rst  geom best  vmt   373  110K    2574 19519   934    4.09    4.00  1862  1654   41K   109   28.00   27.94
c rst  geom best  vmt   374  110K    2574 19519   934    4.09    4.00  1862  1654   41K   109   27.98   27.92
c rst  geom best  vmt   375  111K    2574 19519   934    4.09    4.00  1862  1656   41K   109   27.94   27.88
c rst  geom best  vmt   376  111K    2574 19519   934    4.09    4.00  1862  1660   41K   109   27.91   27.85
c rst  geom best  vmt   377  111K    2574 19519   934    4.09    4.00  1862  1660   41K   109   27.87   27.81
c rst  geom best  vmt   378  111K    2574 19519   934    4.09    4.00  1862  1663   41K   109   27.83   27.77
c rst  geom best  vmt   379  111K    2574 19519   934    4.09    4.00  1862  1665   41K   109   27.79   27.73
c rst  geom best  vmt   380  111K    2574 19519   934    4.09    4.00  1863  1672   42K   109   27.73   27.67
c rst  geom best  vmt   381  112K    2574 19519   934    4.09    4.00  1863  1688   42K   109   27.74   27.68
c rst  geom best  vmt   382  112K    2574 19519   934    4.09    4.00  1863  1691   42K   109   27.70   27.64
c [distill-long-red0] cls tried: 644/644 T: 0.06 T-out: N T-r: 98.00%
c [distill-long-red1] cls tried: 40/1475 T: 0.01 T-out: Y T-r: -3.18%
c rst  geom best  vmt   383  112K    2574 19519   934    4.09    4.00  1863  1698   42K   109   27.59   27.53
c rst  geom best  vmt   384  113K    2574 19519   934    4.09    4.00  1863  1706   43K   109   27.55   27.49
c rst  geom best  vmt   385  113K    2574 19519   934    4.09    4.00  1864  1721   43K   109   27.45   27.39
c rst  geom best  vmt   386  113K    2574 19519   934    4.09    4.00  1864  1723   43K   109   27.37   27.31
c rst  geom best  vmt   387  114K    2574 19519   934    4.09    4.00  1865  1731   44K   109   27.27   27.21
c [distill-bin] useful: 0/934/934 lits-rem: 0 cl-rem: 0 0-depth-assigns: 0 T: 0.01 T-out: N
c rst  geom best  vmt   388  114K    2574 19519   934    4.09    4.00  1867  1740   44K   109   27.14   27.09
c rst  geom best  vmt   389  115K    2574 19519   934    4.09    4.00  1867  1758   45K   109   27.06   27.00
c rst  geom best  vmt   390  115K    2574 19519   934    4.09    4.00  1869  1763   45K   109   26.90   26.85
c [gauss] XOR-encoding clauses are not detached, so no need to reattach them.
c [g 0] truth-find prop checks  : 48K
c [g 0] -> of which prop        : 19.80 %
c [g 0] -> of which confl       :  1.11 %
c [g 0] elim called             : 10626
c [g 0] ---> which lead to prop : 27.66 %
c [g 0] ---> which lead to confl:  1.81 %
c [g 0] size: 51    x 460  
c [scc] new: 1 BP 0M T: 0.00
c [vrep] vars 1 lits 20606 rem-bin-cls 6 rem-long-cls 0 BP 0M T: 0.03
c [scc] new: 0 BP 0M T: 0.00
c [vrep] vars 0 lits 0 rem-bin-cls 0 rem-long-cls 0 BP 0M T: 0.00
c [intree] Set 1 vars hyper-added: 51 trans-irred: 0 trans-red: 9 T: 0.01 T-out: N T-r: -2.85%
c [find&init matx] performing matrix init
c [gauss] XOR-encoding clauses are not detached, so no need to reattach them.
c [xor-rem-unconnected] left with 1970 xors from 1973 non-empty xors T: 0.00
c [xor-together] xored together: 1919 orig xors: 1970 new xors: 51 T: 0.00
c [xor-rem-unconnected] left with 51 xors from 51 non-empty xors T: 0.00
c [xor-clean-equiv] removed equivalent xors: 0 left with: 51
c [matrix] unused xors from cleaning: 3
c [matrix] Good   matrix 0 51      x458    density:0.1729  xorlen avg: 79.20
c [matrix] Using 1 matrices recovered from 0 xors T: 0.00 T-out: N
c rst  geom best vmt  391   116 K 2572    19519   932 4.09    4.00     1870  1777   46K   149 26.77   26.70  
c [g  <0] Disabling GJ-elim in this round.  Usefulness was: 18.6365%  over 72712 calls
c rst  geom best vmt  392   116 K 2572    19519   932 4.09    4.00     1873  1798   47K   149 26.72   26.64  
c rst  geom stb  vmt  393   117 K 2572    19519   932 4.09    4.00     1875  1823   47K   149 26.60   26.53  
c [branch] adjusting to: vsid (from: vmtf) var_decay:0.95 descr: VSIDS
c rst  geom stb  vs   394   117 K 2572    19519   932 4.09    4.00     1876  1827   47K   149 26.67   26.60  
c rst  geom stb  vs   395   117 K 2572    19519   932 4.09    4.00     1876  1833   47K   149 26.69   26.62  
c rst  geom stb  vs   396   118 K 2572    19519   932 4.09    4.00     1876  1836   48K   149 26.70   26.63  
c rst  geom stb  vs   397   118 K 2572    19519   932 4.09    4.00     1879  1845   48K   149 26.74   26.67  
c rst  geom stb  vs   398   118 K 2572    19519   932 4.09    4.00     1880  1849   48K   149 26.79   26.72  
c rst  geom stb  vs   399   118 K 2572    19519   932 4.09    4.00     1880  1855   48K   149 26.81   26.74  
c rst  geom stb  vs   400   118 K 2572    19519   932 4.09    4.00     1881  1866   48K   149 26.85   26.78  
c rst  geom stb  vs   401   118 K 2572    19519   932 4.09    4.00     1882  1868   48K   149 26.90   26.83  
c rst  geom stb  vs   402   119 K 2572    19519   932 4.09    4.00     1883  1878   49K   149 26.95   26.88  
c rst  geom stb  vs   403   119 K 2572    19519   932 4.09    4.00     1883  1882   49K   149 26.98   26.91  
c rst  geom stb  vs   404   119 K 2572    19519   932 4.09    4.00     1887  1885   49K   149 27.04   26.97  
c rst  geom stb  vs   405   120 K 2572    19519   932 4.09    4.00     1888  1891   49K   149 27.12   27.05  
c rst  geom stb  vs   406   120 K 2572    19519   932 4.09    4.00     2295  2490   36K   149 26.23   26.14  
c rst  geom stb  vs   407   120 K 2572    19519   932 4.09    4.00     2295  2496   36K   149 26.35   26.26  
c rst  geom stb  vs   408   121 K 2572    19519   932 4.09    4.00     2296  2510   37K   149 26.42   26.34  
c rst  geom stb  vs   409   121 K 2572    19519   932 4.09    4.00     2297  2519   37K   149 26.46   26.38  
c rst  geom stb  vs   410   122 K 2572    19519   932 4.09    4.00     2297  2524   38K   149 26.54   26.46  
c rst  geom stb  vs   411   122 K 2572    19519   932 4.09    4.00     2299  2535   38K   149 26.68   26.59  
c [full-probe]  bin_only: 0 set: 0 repl: 0 T: 0.01 T-out: N T-r: 96.28%
c rst  geom stb  vs   412   123 K 2572    19519   932 4.09    4.00     2299  2547   39K   149 26.79   26.70  
c rst  geom ibes vs   413   123 K 2572    19519   932 4.09    4.00     2301  2560   39K   149 26.88   26.79  
c rst  geom ibes vs   414   124 K 2572    19519   932 4.09    4.00     2304  2581   40K   149 27.14   27.06  
c rst  geom ibes vs   415   125 K 2572    19519   932 4.09    4.00     2309  2589   41K   149 27.27   27.19  
c rst  geom ibes vs   416   126 K 2572    19519   932 4.09    4.00     2314  2594   42K   149 27.27   27.19  
c rst  geom ibes vs   417   127 K 2572    19519   932 4.09    4.00     2315  2601   43K   149 27.37   27.29  
c rst  geom ibes vs   418   128 K 2572    19519   932 4.09    4.00     2318  2607   44K   149 27.55   27.47  
c [distill-long-red0] cls tried: 444/444 T: 0.06 T-out: N T-r: 98.05%
c [distill-long-red1] cls tried: 18/2362 T: 0.01 T-out: Y T-r: -8.67%
c [distill] watch-based irred--  cl tried 7338     cl-sh 0     cl-rem 2    lit-rem 0      T: 0.01 T-out: N
c [distill] watch-based red  --  cl tried 4636     cl-sh 57    cl-rem 0    lit-rem 133    T: 0.01 T-out: N
c rst  geom ibes vs   419   129 K 2572    19472   933 4.09    4.00     2319  2616   45K   146 27.61   27.54  
c rst  geom ibes vs   420   130 K 2572    19472   933 4.09    4.00     2412  2500   46K   146 27.69   27.62  
c rst  geom svd  vs   421   132 K 2572    19472   933 4.09    4.00     2412  2512   47K   146 28.49   28.42  
c rst  geom svd  vs   422   133 K 2572    19472   933 4.09    4.00     2413  2550   49K   146 28.88   28.81  
c [ccnr] tries: 0 steps: 262143 best found: 14
c [ccnr] tries: 0 steps: 524287 best found: 11
c [ccnr] tries: 0 steps: 786431 best found: 11
c [ccnr] saving best assignment phase to stable_polar
c [ccnr] bumping based on var unsat frequency: conflict_ct
c [ccnr] Bumped vars: 2887 bump type: 6
c [ccnr] time: 0.53
c rst  geom svd  vs   423   134 K 2572    19472   933 4.09    4.00     2417  2582   50K   146 28.94   28.87  
c recursive minimization cost OK: 425Kcost/(% lits removed)
c [gauss] XOR-encoding clauses are not detached, so no need to reattach them.
c [g 0] truth-find prop checks  : 52K
c [g 0] -> of which prop        : 17.40 %
c [g 0] -> of which confl       :  0.94 %
c [g 0] elim called             : 12807
c [g 0] ---> which lead to prop : 28.71 %
c [g 0] ---> which lead to confl:  1.59 %
c [g 0] size: 51    x 458  
c --> Executing strategy token: scc-vrepl
c [scc] new: 0 BP 0M T: 0.00
c --> Executing strategy token: sub-impl
c [impl-sub] bin: 2 T: 0.00 T-out: N w-visit: 5774
c --> Executing strategy token: breakid
c --> Executing OCC strategy token(s): 'occ-backw-sub-str,occ-clean-implicit,occ-bve,occ-bva,occ-ternary-res,occ-xor,'
c [occ] mem usage for occur 1      MB
c [occ] Linked in IRRED BIN by default: 933
c [occ] Linked in RED   BIN by default: 144
c [occ] mem usage for occur 0      MB
c Mem for watch alloc      : 7           MB (21.39     %)
c Mem for watch array      : 0           MB (0.37      %)
c --> Executing OCC strategy token: occ-backw-sub-str
c [occ-backw-sub-str-long-w-bins] subs: 0 str: 97 tried: 5393 0-depth ass: 0 T: 0.00 T-out: N T-r: 99.56%
c [occ-backw-sub-long-w-long] rem cl: 712 tried: 74645/74645 (100.0%) T: 0.02 T-out: N T-r: 89.56%
c [occ-backw-sub-str-long-w-long] sub: 2 str: 121 tried: 223935/74645 (300.0)  T: 0.09 T-out: N T-r: 80.29%
c --> Executing OCC strategy token: occ-clean-implicit
c --> Executing OCC strategy token: occ-bve
c [occ-empty-res] Empty resolvent elimed: 0 T: 0.00 T-out: N
c [occ-bve] iter v-elim 0
c cl_inc_rate=1.0, var_dec_rate=1.0 (grow=0)
c Reduced to 2572 vars, 19953 cls (grow=0)
c [occ-bve] iter v-elim 17
c cl_inc_rate=1.0, var_dec_rate=1.0 (grow=8)
c Reduced to 2555 vars, 19985 cls (grow=8)
c x n vars       : 2555
c #try to eliminate:  5208
c #var-elim        :    17
c #T-o: N
c #T-r: 99.99%
c #T  : 0.10
c [occur] 0.04 is overhead
c [occur] link-in T: 0.04 cleanup T: 0.00
c --> Executing OCC strategy token: occ-bva
c --> Executing OCC strategy token: occ-ternary-res
c [occ-ternary-res] Ternary res-tri: 8 res-bin: 0 sub: 2 str: 0 T: 0.00 T-out: N T-r: 99.67%
c --> Executing OCC strategy token: occ-xor
c [occ-xor] sort occur list T: 0.00
c [xor-clean-equiv] removed equivalent xors: 0 left with: 1961
c [occ-xor] found   1961 avg sz 4.0 min sz  4 max sz  5 T: 0.01 T-out: N T-r: 99.98%
c --> Executing strategy token: card-find
c --> Executing strategy token: cl-consolidate
c Not consolidating memory.
c --> Executing strategy token: scc-vrepl
c [scc] new: 0 BP 0M T: 0.00
c --> Executing strategy token: renumber
c --> Executing strategy token: bosphorus
c --> Executing strategy token: louvain-comms
c [consolidate] mini T: 0.00
c global_timeout_multiplier: 3.6300
c [branch] rebuilding order heap for all branchings. Current branching: vsid
c [find&init matx] performing matrix init
c [gauss] XOR-encoding clauses are not detached, so no need to reattach them.
c [xor-rem-unconnected] left with 1958 xors from 1961 non-empty xors T: 0.00
c [xor-together] xored together: 1907 orig xors: 1958 new xors: 51 T: 0.00
c [xor-rem-unconnected] left with 51 xors from 51 non-empty xors T: 0.00
c [xor-clean-equiv] removed equivalent xors: 0 left with: 51
c [matrix] unused xors from cleaning: 3
c [matrix] Good   matrix  0     51 x  459  density:0.1725  xorlen avg: 79.16
c [matrix] Using 1 matrices recovered from 0 xors T: 0.00 T-out: N
c [distill-bin] useful: 3/915/915 lits-rem: 0 cl-rem: 3 0-depth-assigns: 0 T: 0.01 T-out: N
c rst  geom  svd   vs   424  135K    2555 19070   912    4.10    4.01  2156  2793   35K   138   25.93   25.85
c [branch] adjusting to: vmtf (from: vsid) var_decay:0.95 descr: VMTF
c rst  luby  svd  vmt   425  135K    2555 19070   912    4.10    4.01  2175  2826   35K   138   25.92   25.83
c rst  luby  svd  vmt   426  135K    2555 19070   912    4.10    4.01  2176  2828   35K   138   25.90   25.81
c rst  luby  svd  vmt   427  135K    2555 19070   912    4.10    4.01  2176  2833   35K   138   25.88   25.80
c rst  luby  svd  vmt   428  135K    2555 19070   912    4.10    4.01  2176  2834   35K   138   25.88   25.80
c rst  luby  svd  vmt   429  135K    2555 19070   912    4.10    4.01  2177  2836   35K   138   25.86   25.78
c rst  luby  svd  vmt   430  136K    2555 19070   912    4.10    4.01  2177  2837   35K   138   25.85   25.77
c rst  luby  svd  vmt   431  136K    2555 19070   912    4.10    4.01  2177  2843   36K   138   25.78   25.70
c rst  luby  svd  vmt   432  136K    2555 19070   912    4.10    4.01  2178  2848   36K   138   25.77   25.69
c rst  luby  svd  vmt   433  136K    2555 19070   912    4.10    4.01  2178  2849   36K   138   25.74   25.66
c rst  luby  svd  vmt   434  136K    2555 19070   912    4.10    4.01  2178  2852   36K   138   25.71   25.63
c rst  luby  svd  vmt   435  137K    2555 19070   912    4.10    4.01  2178  2852   36K   138   25.68   25.60
c rst  luby  svd  vmt   436  137K    2555 19070   912    4.10    4.01  2178  2853   36K   138   25.66   25.58
c rst  geom best  vmt   437  137K    2555 19070   912    4.10    4.01  2178  2859   36K   138   25.64   25.56
c rst  geom best  vmt   438  137K    2555 19070   912    4.10    4.01  2179  2862   37K   138   25.63   25.55
c rst  geom best  vmt   439  137K    2555 19070   912    4.10    4.01  2179  2866   37K   138   25.60   25.53
c rst  geom best  vmt   440  137K    2555 19070   912    4.10    4.01  2179  2868   37K   138   25.57   25.50
c rst  geom best  vmt   441  137K    2555 19070   912    4.10    4.01  2179  2869   37K   138   25.54   25.46
c rst  geom best  vmt   442  138K    2555 19070   912    4.10    4.01  2179  2870   37K   138   25.50   25.42
c rst  geom best  vmt   443  138K    2555 19070   912    4.10    4.01  2179  2871   37K   138   25.46   25.38
c rst  geom best  vmt   444  138K    2555 19070   912    4.10    4.01  2180  2875   38K   138   25.40   25.33
c rst  geom best  vmt   445  138K    2555 19070   912    4.10    4.01  2180  2878   38K   138   25.36   25.29
c rst  geom best  vmt   446  138K    2555 19070   912    4.10    4.01  2180  2880   38K   138   25.30   25.23
c rst  geom best  vmt   447  139K    2555 19070   912    4.10    4.01  2181  2883   38K   138   25.26   25.19
c rst  geom best  vmt   448  139K    2555 19070   912    4.10    4.01  2182  2888   39K   138   25.26   25.18
c rst  geom best  vmt   449  139K    2555 19070   912    4.10    4.01  2182  2893   39K   138   25.18   25.11
c rst  geom best  vmt   450  140K    2555 19070   912    4.10    4.01  2333  2696   39K   138   25.14   25.07
c rst  geom best  vmt   451  140K    2555 19070   912    4.10    4.01  2334  2696   40K   138   25.05   24.98
c rst  geom best  vmt   452  141K    2555 19070   912    4.10    4.01  2334  2714   40K   138   24.93   24.87
c rst  geom best  vmt   453  141K    2555 19070   912    4.10    4.01  2335  2722   41K   138   24.86   24.79
c rst  geom best  vmt   454  142K    2555 19070   912    4.10    4.01  2335  2732   41K   138   24.77   24.70
c rst  geom best  vmt   455  142K    2555 19070   912    4.10    4.01  2335  2745   42K   138   24.68   24.61
c [full-probe]  bin_only: 1 set: 0 repl: 0 T: 0.02 T-out: N T-r: 99.53%
c rst  geom best  vmt   456  143K    2555 19070   912    4.10    4.01  2336  2767   42K   138   24.57   24.51
c [distill-long-red0] cls tried: 358/358 T: 0.05 T-out: N T-r: 98.43%
c [distill-long-red1] cls tried: 19/2530 T: 0.01 T-out: Y T-r: -6.60%
c [g  <0] Disabling GJ-elim in this round.  Usefulness was: 19.7306%  over 596936 calls
c rst  geom best  vmt   457  144K    2555 19070   912    4.10    4.01  2339  2774   43K   138   24.40   24.33
c rst  geom  stb  vmt   458  144K    2555 19070   912    4.10    4.01  2340  2833   44K   138   24.17   24.11
c rst  geom  stb  vmt   459  145K    2555 19070   912    4.10    4.01  2340  2842   45K   138   24.05   23.99
c rst  geom  stb  vmt   460  146K    2555 19070   912    4.10    4.01  2344  2874   46K   138   23.91   23.85
c rst  geom  stb  vmt   461  147K    2555 19070   912    4.10    4.01  2344  2910   47K   138   23.75   23.70
c rst  geom  stb  vmt   462  148K    2555 19070   912    4.10    4.01  2344  2929   48K   138   23.56   23.50
c rst  geom  stb  vmt   463  150K    2555 19070   912    4.10    4.01  3083  3683   35K   138   23.19   23.13
c rst  geom  stb  vmt   464  151K    2555 19070   912    4.10    4.01  3083  3715   37K   138   22.95   22.88
c rst  geom ibes  vmt   465  153K    2555 19070   912    4.10    4.01  3084  3750   38K   138   22.76   22.69
c rst  geom ibes  vmt   466  154K    2555 19070   912    4.10    4.01  3087  3801   40K   138   22.53   22.47
c [branch] adjusting to: vsid (from: vmtf) var_decay:0.95 descr: VSIDS
c [distill-bin] useful: 0/912/912 lits-rem: 0 cl-rem: 0 0-depth-assigns: 0 T: 0.01 T-out: N
c [distill] watch-based irred--  cl tried     6455 cl-sh     0 cl-rem    5 lit-rem      0 T: 0.01 T-out: N
c [distill] watch-based   red--  cl tried     6174 cl-sh   100 cl-rem    0 lit-rem    244 T: 0.01 T-out: N
c rst  geom ibes   vs   467  154K    2555 19065   915    4.10    4.01  3087  3801   40K   136   22.55   22.49
c rst  geom ibes   vs   468  155K    2555 19065   915    4.10    4.01  3088  3807   40K   136   22.57   22.52
c rst  geom ibes   vs   469  155K    2555 19065   915    4.10    4.01  3088  3807   40K   136   22.61   22.55
c rst  geom ibes   vs   470  155K    2555 19065   915    4.10    4.01  3089  3811   40K   136   22.65   22.59
c rst  geom ibes   vs   471  155K    2555 19065   915    4.10    4.01  3089  3812   41K   136   22.73   22.68
c rst  geom ibes   vs   472  155K    2555 19065   915    4.10    4.01  3089  3813   41K   136   22.77   22.71
c rst  geom ibes   vs   473  155K    2555 19065   915    4.10    4.01  3090  3813   41K   136   22.84   22.78
c rst  geom ibes   vs   474  156K    2555 19065   915    4.10    4.01  3090  3813   41K   136   22.89   22.84
c rst  geom ibes   vs   475  156K    2555 19065   915    4.10    4.01  3090  3816   41K   136   22.95   22.89
c rst  geom ibes   vs   476  156K    2555 19065   915    4.10    4.01  3090  3817   42K   136   23.00   22.94
c rst  geom ibes   vs   477  156K    2555 19065   915    4.10    4.01  3090  3817   42K   136   23.06   23.00
c rst  geom ibes   vs   478  157K    2555 19065   915    4.10    4.01  3090  3817   42K   136   23.13   23.07
c rst  geom ibes   vs   479  157K    2555 19065   915    4.10    4.01  3090  3820   43K   136   23.18   23.12
c rst  geom ibes   vs   480  157K    2555 19065   915    4.10    4.01  3090  3821   43K   136   23.23   23.17
c rst  geom ibes   vs   481  158K    2555 19065   915    4.10    4.01  3092  3825   43K   136   23.28   23.22
c rst  geom  svd   vs   482  158K    2555 19065   915    4.10    4.01  3095  3845   44K   136   23.36   23.30
c [distill-long-red0] cls tried: 786/786 T: 0.12 T-out: N T-r: 96.27%
c [distill-long-red1] cls tried: 20/3619 T: 0.01 T-out: Y T-r: -9.75%
c rst  geom  svd   vs   483  159K    2555 19065   915    4.10    4.01  3095  3867   44K   136   23.46   23.40
c rst  geom  svd   vs   484  159K    2555 19065   915    4.10    4.01  3098  3880   45K   136   23.57   23.52
c rst  geom  svd   vs   485  160K    2555 19065   915    4.10    4.01  3280  3599   46K   136   23.60   23.55
c rst  geom  svd   vs   486  161K    2555 19065   915    4.10    4.01  3281  3605   46K   136   23.69   23.63
c [impl-str] lit bin: 0 set-var: 0 T: 0.00 T-out: N T-r: 99.95% w-visit: 5774
c [impl-sub] bin: 0 T: 0.00 T-out: N w-visit: 5774
c rst  geom  svd   vs   487  161K    2555 19065   915    4.10    4.01  3283  3607   47K   136   23.71   23.65
c rst  geom  svd   vs   488  162K    2555 19065   915    4.10    4.01  3289  3614   48K   136   23.74   23.69
c rst  geom  svd   vs   489  163K    2555 19065   915    4.10    4.01  3295  3621   49K   136   23.72   23.66
c [full-probe]  bin_only: 0 set: 1 repl: 0 T: 0.01 T-out: N T-r: 96.17%
c rst  geom  svd   vs   490  164K    2554 19065   915    4.10    4.01  3299  3638   49K   136   23.90   23.85
c rst  geom  svd   vs   491  165K    2554 19065   915    4.10    4.01  3364  4386   37K   136   22.44   22.38
c rst  geom best   vs   492  166K    2554 19065   915    4.10    4.01  3365  4411   38K   136   22.77   22.70
c rst  geom best   vs   493  167K    2554 19065   915    4.10    4.01  3368  4427   39K   136   22.83   22.77
c rst  geom best   vs   494  169K    2554 19065   915    4.10    4.01  3370  4439   40K   136   23.05   22.99
c rst  geom best   vs   495  170K    2554 19065   915    4.10    4.01  3489  4294   42K   136   23.36   23.31
c rst  geom best   vs   496  172K    2554 19065   915    4.10    4.01  3499  4309   44K   136   23.57   23.52
c rst  geom  stb   vs   497  174K    2554 19065   915    4.10    4.01  3503  4338   46K   136   24.32   24.27
c [distill-long-red0] cls tried: 402/402 T: 0.05 T-out: N T-r: 98.63%
c [distill-long-red1] cls tried: 21/4128 T: 0.01 T-out: Y T-r: -5.61%
c rst  geom  stb   vs   498  176K    2554 19065   915    4.10    4.01  3507  4367   48K   136   24.75   24.69
c [branch] adjusting to: vmtf (from: vsid) var_decay:0.95 descr: VMTF
c [distill-bin] useful: 3/915/915 lits-rem: 0 cl-rem: 3 0-depth-assigns: 0 T: 0.01 T-out: N
c rst  luby  stb  vmt   499  176K    2554 19065   910    4.10    4.01  3507  4370   48K   136   24.74   24.68
c rst  luby  stb  vmt   500  176K    2554 19065   910    4.10    4.01  3507  4370   48K   136   24.72   24.67
c rst  luby  stb  vmt   501  176K    2554 19065   910    4.10    4.01  3507  4371   48K   136   24.70   24.65
c rst  luby  stb  vmt   502  176K    2554 19065   910    4.10    4.01  3507  4372   48K   136   24.69   24.64
c rst  luby  stb  vmt   503  177K    2554 19065   910    4.10    4.01  3507  4373   48K   136   24.69   24.63
c rst  luby  stb  vmt   504  177K    2554 19065   910    4.10    4.01  3507  4376   48K   136   24.67   24.62
c rst  luby  stb  vmt   505  177K    2554 19065   910    4.10    4.01  3511  4413   49K   136   24.68   24.63
c [ccnr] tries: 0 steps: 262143 best found: 14
c [ccnr] tries: 0 steps: 524287 best found: 14
c [ccnr] tries: 0 steps: 786431 best found: 14
c [ccnr] saving best assignment phase to stable_polar
c [ccnr] bumping based on clause weights
c [ccnr] Bumped vars: 101 bump type: 6
c [ccnr] time: 0.57
c rst  luby  stb  vmt   506  177K    2554 19065   910    4.10    4.01  3513  4414   49K   136   24.67   24.61
c rst  luby  stb  vmt   507  177K    2554 19065   910    4.10    4.01  3513  4414   49K   136   24.66   24.61
c rst  luby  stb  vmt   508  178K    2554 19065   910    4.10    4.01  3513  4418   49K   136   24.64   24.59
c rst  luby  stb  vmt   509  178K    2554 19065   910    4.10    4.01  3513  4418   49K   136   24.63   24.58
c rst  luby  stb  vmt   510  178K    2554 19065   910    4.10    4.01  3513  4419   49K   136   24.63   24.57
c rst  luby  stb  vmt   511  178K    2554 19065   910    4.10    4.01  3513  4419   50K   136   24.60   24.55
c rst  luby  stb  vmt   512  178K    2554 19065   910    4.10    4.01  3513  4424   50K   136   24.54   24.49
c rst  luby  stb  vmt   513  179K    2554 19065   910    4.10    4.01  3513  4440   51K   136   24.44   24.39
c rst  luby ibes  vmt   514  179K    2554 19065   910    4.10    4.01  3513  4440   51K   136   24.43   24.38
c rst  luby ibes  vmt   515  179K    2554 19065   910    4.10    4.01  3514  4442   51K   136   24.41   24.36
c [distill] watch-based irred--  cl tried     6447 cl-sh     0 cl-rem    1 lit-rem      0 T: 0.01 T-out: N
c [distill] watch-based   red--  cl tried     6704 cl-sh    42 cl-rem    1 lit-rem     69 T: 0.02 T-out: Y
c rst  luby ibes  vmt   516  180K    2554 19015   912    4.10    4.01  3973  4479   37K   135   22.92   22.86
c rst  luby ibes  vmt   517  180K    2554 19015   912    4.10    4.01  3973  4483   37K   135   22.90   22.84
c rst  luby ibes  vmt   518  180K    2554 19015   912    4.10    4.01  3973  4484   37K   135   22.89   22.83
c rst  luby ibes  vmt   519  180K    2554 19015   912    4.10    4.01  3973  4484   37K   135   22.88   22.82
c rst  luby ibes  vmt   520  180K    2554 19015   912    4.10    4.01  3973  4489   38K   135   22.85   22.79
c [gauss] XOR-encoding clauses are not detached, so no need to reattach them.
c [g 0] truth-find prop checks  : 433K
c [g 0] -> of which prop        : 19.34 %
c [g 0] -> of which confl       :  0.91 %
c [g 0] elim called             : 98K
c [g 0] ---> which lead to prop : 28.86 %
c [g 0] ---> which lead to confl:  1.56 %
c [g 0] size: 51    x 459  
c [scc] new: 0 BP 0M T: 0.00
c [vrep] vars 0 lits 0 rem-bin-cls 0 rem-long-cls 0 BP 0M T: 0.00
c [intree] Set 0 vars hyper-added: 25 trans-irred: 0 trans-red: 10 T: 0.01 T-out: N T-r: -3.38%
c [find&init matx] performing matrix init
c [gauss] XOR-encoding clauses are not detached, so no need to reattach them.
c [xor-rem-unconnected] left with 1958 xors from 1961 non-empty xors T: 0.00
c [xor-together] xored together: 1907 orig xors: 1958 new xors: 51 T: 0.00
c [xor-rem-unconnected] left with 51 xors from 51 non-empty xors T: 0.00
c [xor-clean-equiv] removed equivalent xors: 0 left with: 51
c [matrix] unused xors from cleaning: 3
c [matrix] Good   matrix 0 51      x458    density:0.1723  xorlen avg: 78.92
c [matrix] Using 1 matrices recovered from 0 xors T: 0.00 T-out: N
c rst  luby ibes vmt  521   180 K 2554    19015   912 4.10    4.01     3973  4491   38K   150 22.84   22.77  
c rst  luby ibes vmt  522   181 K 2554    19015   912 4.10    4.01     3973  4491   38K   150 22.83   22.76  
c rst  luby ibes vmt  523   181 K 2554    19015   912 4.10    4.01     3973  4496   38K   150 22.81   22.74  
c rst  luby ibes vmt  524   181 K 2554    19015   912 4.10    4.01     3973  4498   38K   150 22.79   22.73  
c rst  luby ibes vmt  525   181 K 2554    19015   912 4.10    4.01     3974  4500   38K   150 22.77   22.71  
c rst  luby ibes vmt  526   181 K 2554    19015   912 4.10    4.01     3974  4504   38K   150 22.77   22.71  
c [g  <0] Disabling GJ-elim in this round.  Usefulness was: 16.9854%  over 75394 calls
c rst  luby ibes vmt  527   182 K 2554    19015   912 4.10    4.01     3976  4524   39K   150 22.70   22.64  
c rst  luby ibes vmt  528   182 K 2554    19015   912 4.10    4.01     3977  4562   40K   150 22.55   22.49  
c rst  luby ibes vmt  529   184 K 2554    19015   912 4.10    4.01     3979  4760   41K   150 22.27   22.21  
c [full-probe]  bin_only: 1 set: 0 repl: 0 T: 0.01 T-out: N T-r: 99.58%
c rst  luby ibes vmt  530   184 K 2554    19015   912 4.10    4.01     3979  4761   41K   150 22.26   22.20  
c rst  luby ibes vmt  531   184 K 2554    19015   912 4.10    4.01     3979  4764   41K   150 22.24   22.18  
c rst  luby ibes vmt  532   184 K 2554    19015   912 4.10    4.01     3979  4767   41K   150 22.22   22.16  
c rst  luby ibes vmt  533   185 K 2554    19015   912 4.10    4.01     3979  4767   41K   150 22.21   22.15  
c rst  luby ibes vmt  534   185 K 2554    19015   912 4.10    4.01     3979  4768   42K   150 22.20   22.14  
c rst  luby ibes vmt  535   185 K 2554    19015   912 4.10    4.01     3979  4770   42K   150 22.18   22.12  
c rst  luby ibes vmt  536   185 K 2554    19015   912 4.10    4.01     3979  4777   42K   150 22.14   22.09  
c rst  luby ibes vmt  537   185 K 2554    19015   912 4.10    4.01     3979  4781   42K   150 22.13   22.07  
c rst  luby ibes vmt  538   185 K 2554    19015   912 4.10    4.01     3979  4783   42K   150 22.13   22.07  
c rst  luby ibes vmt  539   186 K 2554    19015   912 4.10    4.01     3979  4802   43K   150 22.09   22.03  
c rst  luby ibes vmt  540   186 K 2554    19015   912 4.10    4.01     3979  4804   43K   150 22.10   22.04  
c rst  luby ibes vmt  541   186 K 2554    19015   912 4.10    4.01     3979  4806   43K   150 22.08   22.02  
c rst  luby ibes vmt  542   186 K 2554    19015   912 4.10    4.01     3979  4809   43K   150 22.07   22.01  
c rst  luby svd  vmt  543   186 K 2554    19015   912 4.10    4.01     3980  4832   43K   150 22.01   21.96  
c rst  luby svd  vmt  544   187 K 2554    19015   912 4.10    4.01     3980  4845   44K   150 21.94   21.88  
c rst  luby svd  vmt  545   187 K 2554    19015   912 4.10    4.01     3980  4845   44K   150 21.93   21.88  
c rst  luby svd  vmt  546   187 K 2554    19015   912 4.10    4.01     3980  4848   44K   150 21.92   21.87  
c rst  luby svd  vmt  547   188 K 2554    19015   912 4.10    4.01     3980  4851   45K   150 21.91   21.86  
c rst  luby svd  vmt  548   188 K 2554    19015   912 4.10    4.01     3980  4851   45K   150 21.90   21.85  
c rst  luby svd  vmt  549   188 K 2554    19015   912 4.10    4.01     3980  4852   45K   150 21.89   21.83  
c rst  luby svd  vmt  550   188 K 2554    19015   912 4.10    4.01     3980  4853   45K   150 21.89   21.83  
c rst  luby svd  vmt  551   188 K 2554    19015   912 4.10    4.01     3980  4857   45K   150 21.85   21.80  
c rst  luby svd  vmt  552   189 K 2554    19015   912 4.10    4.01     3980  4858   45K   150 21.85   21.80  
c rst  luby svd  vmt  553   189 K 2554    19015   912 4.10    4.01     3980  4860   46K   150 21.84   21.78  
c rst  luby svd  vmt  554   189 K 2554    19015   912 4.10    4.01     3980  4864   46K   150 21.83   21.77  
c rst  luby svd  vmt  555   189 K 2554    19015   912 4.10    4.01     3980  4865   46K   150 21.82   21.76  
c [distill-long-red0] cls tried: 516/516 T: 0.07 T-out: N T-r: 97.78%
c [distill-long-red1] cls tried: 19/4657 T: 0.01 T-out: Y T-r: -4.63%
c rst  luby svd  vmt  556   189 K 2554    19015   912 4.10    4.01     3979  4865   46K   151 21.79   21.74  
c rst  luby svd  vmt  557   189 K 2554    19015   912 4.10    4.01     3979  4878   46K   151 21.76   21.70  
c rst  luby svd  vmt  558   190 K 2554    19015   912 4.10    4.01     4438  4227   47K   151 21.73   21.68  
c rst  luby svd  vmt  559   190 K 2554    19015   912 4.10    4.01     4439  4250   47K   151 21.68   21.63  
c rst  luby svd  vmt  560   192 K 2554    19015   912 4.10    4.01     4440  4318   49K   151 21.58   21.53  
c rst  luby svd  vmt  561   195 K 2554    19015   912 4.10    4.01     4753  6165   36K   151 21.56   21.49  
c rst  geom best vmt  562   195 K 2554    19015   912 4.10    4.01     4753  6167   37K   151 21.54   21.48  
c rst  geom best vmt  563   195 K 2554    19015   912 4.10    4.01     4753  6168   37K   151 21.52   21.46  
c rst  geom best vmt  564   196 K 2554    19015   912 4.10    4.01     4753  6170   37K   151 21.50   21.44  
c rst  geom best vmt  565   196 K 2554    19015   912 4.10    4.01     4753  6172   37K   151 21.49   21.43  
c rst  geom best vmt  566   196 K 2554    19015   912 4.10    4.01     4753  6174   37K   151 21.48   21.42  
c rst  geom best vmt  567   196 K 2554    19015   912 4.10    4.01     4755  6182   37K   151 21.44   21.38  
c [distill-bin] useful: 1/912/912 lits-rem: 0 cl-rem: 1 0-depth-assigns: 0 T: 0.01 T-out: N
c rst  geom best vmt  568   196 K 2554    19015   911 4.10    4.01     4755  6184   37K   151 21.41   21.35  
c rst  geom best vmt  569   197 K 2554    19015   911 4.10    4.01     4755  6186   38K   151 21.37   21.31  
c rst  geom best vmt  570   197 K 2554    19015   911 4.10    4.01     4756  6191   38K   151 21.34   21.28  
c rst  geom best vmt  571   197 K 2554    19015   911 4.10    4.01     4756  6195   38K   151 21.31   21.25  
c rst  geom best vmt  572   197 K 2554    19015   911 4.10    4.01     4756  6200   38K   151 21.28   21.22  
c [branch] adjusting to: vsid (from: vmtf) var_decay:0.95 descr: VSIDS
c rst  geom best vs   573   197 K 2554    19015   911 4.10    4.01     4756  6200   39K   151 21.37   21.31  
c rst  geom best vs   574   198 K 2554    19015   911 4.10    4.01     4756  6201   39K   151 21.42   21.36  
c rst  geom best vs   575   198 K 2554    19015   911 4.10    4.01     4756  6202   39K   151 21.48   21.42  
c rst  geom best vs   576   198 K 2554    19015   911 4.10    4.01     4756  6203   39K   151 21.52   21.46  
c rst  geom best vs   577   198 K 2554    19015   911 4.10    4.01     4757  6204   39K   151 21.62   21.56  
c rst  geom best vs   578   198 K 2554    19015   911 4.10    4.01     4758  6205   39K   151 21.71   21.65  
c rst  geom best vs   579   198 K 2554    19015   911 4.10    4.01     4758  6207   39K   151 21.76   21.70  
c rst  geom best vs   580   199 K 2554    19015   911 4.10    4.01     4758  6207   40K   151 21.82   21.76  
c rst  geom best vs   581   199 K 2554    19015   911 4.10    4.01     4759  6209   40K   151 21.90   21.84  
c rst  geom best vs   582   199 K 2554    19015   911 4.10    4.01     4759  6211   40K   151 21.95   21.89  
c rst  geom best vs   583   199 K 2554    19015   911 4.10    4.01     4759  6211   40K   151 22.15   22.09  
c rst  geom best vs   584   200 K 2554    19015   911 4.10    4.01     5058  5883   41K   151 22.24   22.18  
c rst  geom best vs   585   200 K 2554    19015   911 4.10    4.01     5060  5885   41K   151 22.35   22.29  
c rst  geom best vs   586   200 K 2554    19015   911 4.10    4.01     5060  5887   41K   151 22.46   22.40  
c rst  geom best vs   587   201 K 2554    19015   911 4.10    4.01     5060  5889   42K   151 22.61   22.55  
c rst  geom best vs   588   201 K 2554    19015   911 4.10    4.01     5061  5892   42K   151 22.70   22.64  
c rst  geom best vs   589   202 K 2554    19015   911 4.10    4.01     5061  5896   43K   151 22.84   22.78  
c rst  geom best vs   590   202 K 2554    19015   911 4.10    4.01     5062  5899   43K   151 23.01   22.95  
c rst  geom best vs   591   203 K 2554    19015   911 4.10    4.01     5062  5900   44K   151 23.14   23.09  
c rst  geom stb  vs   592   204 K 2554    19015   911 4.10    4.01     5063  5905   45K   151 23.37   23.31  
c rst  geom stb  vs   593   204 K 2554    19015   911 4.10    4.01     5065  5907   45K   151 23.56   23.51  
c [distill-long-red0] cls tried: 1070/1070 T: 0.21 T-out: N T-r: 93.66%
c [distill-long-red1] cls tried: 20/5731 T: 0.01 T-out: Y T-r: -5.60%
c [full-probe]  bin_only: 0 set: 0 repl: 0 T: 0.02 T-out: N T-r: 94.36%
c rst  geom stb  vs   594   205 K 2554    19015   911 4.10    4.01     5066  5919   46K   151 23.69   23.64  
c [distill] watch-based irred--  cl tried 6446     cl-sh 1     cl-rem 0    lit-rem 1      T: 0.01 T-out: N
c [distill] watch-based red  --  cl tried 8186     cl-sh 30    cl-rem 0    lit-rem 60     T: 0.02 T-out: Y
c rst  geom stb  vs   595   206 K 2554    19015   911 4.10    4.01     5067  5926   47K   151 23.72   23.67  
c rst  geom stb  vs   596   207 K 2554    19015   911 4.10    4.01     5067  5932   48K   151 23.80   23.75  
c rst  geom stb  vs   597   208 K 2554    19015   911 4.10    4.01     5068  5935   49K   151 23.91   23.86  
c rst  geom stb  vs   598   209 K 2554    19015   911 4.10    4.01     5071  5939   50K   151 24.09   24.04  
c rst  geom stb  vs   599   210 K 2554    19015   911 4.10    4.01     5153  6190   38K   151 22.32   22.26  
c rst  geom ibes vs   600   212 K 2554    19015   911 4.10    4.01     5154  6199   39K   151 22.70   22.64  
c rst  geom ibes vs   601   213 K 2554    19015   911 4.10    4.01     5154  6200   40K   151 22.95   22.89  
c rst  geom ibes vs   602   215 K 2554    19015   911 4.10    4.01     5156  6201   42K   151 23.17   23.11  
c rst  geom ibes vs   603   217 K 2554    19015   911 4.10    4.01     5156  6210   44K   151 23.64   23.58  
c [distill-bin] useful: 0/911/911 lits-rem: 0 cl-rem: 0 0-depth-assigns: 0 T: 0.01 T-out: N
c rst  geom ibes vs   604   219 K 2554    19015   911 4.10    4.01     5156  6212   46K   151 23.89   23.84  
c rst  geom svd  vs   605   221 K 2554    19015   911 4.10    4.01     5188  5475   49K   151 24.59   24.54  
c [distill-long-red0] cls tried: 152/152 T: 0.02 T-out: N T-r: 99.34%
c [distill-long-red1] cls tried: 18/5319 T: 0.01 T-out: Y T-r: -5.95%
c [impl-str] lit bin: 0 set-var: 0 T: 0.00 T-out: N T-r: 99.95% w-visit: 5774
c [impl-sub] bin: 1 T: 0.00 T-out: N w-visit: 5774
c rst  geom svd  vs   606   224 K 2554    19015   911 4.10    4.01     5189  5503   51K   150 24.73   24.68  
c [branch] adjusting to: vmtf (from: vsid) var_decay:0.95 descr: VMTF
c [ccnr] tries: 0 steps: 262143 best found: 15
c [ccnr] tries: 0 steps: 524287 best found: 15
c [ccnr] saving best assignment phase to stable_polar
c [ccnr] bumping based on var unsat frequency: conflict_ct
c [ccnr] Bumped vars: 2887 bump type: 6
c [ccnr] time: 0.54
c rst  luby svd  vmt  607   224 K 2554    19015   911 4.10    4.01     5189  5558   52K   150 24.72   24.67  
c rst  luby svd  vmt  608   224 K 2554    19015   911 4.10    4.01     5189  5560   52K   150 24.71   24.66  
c rst  luby svd  vmt  609   224 K 2554    19015   911 4.10    4.01     5189  5562   52K   150 24.69   24.64  
c rst  luby svd  vmt  610   224 K 2554    19015   911 4.10    4.01     5189  5562   52K   150 24.68   24.62  
c rst  luby svd  vmt  611   224 K 2554    19015   911 4.10    4.01     5189  5565   52K   150 24.68   24.62  
c [full-probe]  bin_only: 1 set: 0 repl: 0 T: 0.02 T-out: N T-r: 99.38%
c rst  luby svd  vmt  612   224 K 2554    19015   911 4.10    4.01     5189  5565   52K   150 24.66   24.61  
c rst  luby svd  vmt  613   225 K 2554    19015   911 4.10    4.01     5254  5884   39K   150 24.34   24.28  
c rst  luby svd  vmt  614   225 K 2554    19015   911 4.10    4.01     5254  5886   39K   150 24.35   24.28  
c rst  luby svd  vmt  615   225 K 2554    19015   911 4.10    4.01     5254  5886   39K   150 24.33   24.26  
c rst  luby svd  vmt  616   225 K 2554    19015   911 4.10    4.01     5254  5886   39K   150 24.29   24.22  
c rst  luby svd  vmt  617   225 K 2554    19015   911 4.10    4.01     5254  5887   39K   150 24.27   24.21  
c rst  luby svd  vmt  618   225 K 2554    19015   911 4.10    4.01     5254  5887   39K   150 24.27   24.20  
c rst  luby svd  vmt  619   226 K 2554    19015   911 4.10    4.01     5254  5889   39K   150 24.25   24.19  
c rst  luby svd  vmt  620   226 K 2554    19015   911 4.10    4.01     5254  5894   40K   150 24.19   24.13  
c rst  luby svd  vmt  621   227 K 2554    19015   911 4.10    4.01     5256  5904   41K   150 24.02   23.96  
c rst  geom best vmt  622   227 K 2554    19015   911 4.10    4.01     5256  5904   41K   150 24.01   23.95  
c rst  geom best vmt  623   227 K 2554    19015   911 4.10    4.01     5256  5907   41K   150 23.99   23.93  
c rst  geom best vmt  624   227 K 2554    19015   911 4.10    4.01     5256  5909   41K   150 23.96   23.90  
c rst  geom best vmt  625   227 K 2554    19015   911 4.10    4.01     5256  5912   41K   150 23.94   23.87  
c rst  geom best vmt  626   228 K 2554    19015   911 4.10    4.01     5256  5914   41K   150 23.90   23.84  
c rst  geom best vmt  627   228 K 2554    19015   911 4.10    4.01     5256  5918   41K   150 23.86   23.80  
c rst  geom best vmt  628   228 K 2554    19015   911 4.10    4.01     5256  5922   42K   150 23.82   23.76  
c rst  geom best vmt  629   228 K 2554    19015   911 4.10    4.01     5257  5925   42K   150 23.78   23.72  
c rst  geom best vmt  630   228 K 2554    19015   911 4.10    4.01     5258  5943   42K   150 23.75   23.69  
c rst  geom best vmt  631   229 K 2554    19015   911 4.10    4.01     5258  5946   42K   150 23.71   23.65  
c rst  geom best vmt  632   229 K 2554    19015   911 4.10    4.01     5258  5960   43K   150 23.64   23.58  
c rst  geom best vmt  633   229 K 2554    19015   911 4.10    4.01     5258  6007   43K   150 23.57   23.51  
c rst  geom best vmt  634   230 K 2554    19015   911 4.10    4.01     5684  5282   43K   150 23.49   23.43  
c rst  geom best vmt  635   230 K 2554    19015   911 4.10    4.01     5684  5290   44K   150 23.42   23.36  
c rst  geom best vmt  636   230 K 2554    19015   911 4.10    4.01     5685  5295   44K   150 23.34   23.28  
c [distill] watch-based irred--  cl tried 6446     cl-sh 0     cl-rem 0    lit-rem 0      T: 0.01 T-out: N
c [distill] watch-based red  --  cl tried 8991     cl-sh 55    cl-rem 0    lit-rem 113    T: 0.03 T-out: Y
c rst  geom best vmt  637   231 K 2554    19015   911 4.10    4.01     5686  5307   45K   150 23.25   23.20  
c rst  geom best vmt  638   231 K 2554    19015   911 4.10    4.01     5686  5351   45K   150 23.15   23.09  
c rst  geom best vmt  639   232 K 2554    19015   911 4.10    4.01     5686  5377   46K   150 23.06   23.01  
c rst  geom best vmt  640   232 K 2554    19015   911 4.10    4.01     5687  5415   46K   150 22.96   22.90  
c rst  geom best vmt  641   233 K 2554    19015   911 4.10    4.01     5687  5437   47K   150 22.85   22.80  
c rst  geom best vmt  642   234 K 2554    19015   911 4.10    4.01     5688  5535   47K   150 22.76   22.71  
c rst  geom best vmt  643   235 K 2554    19015   911 4.10    4.01     5689  5638   48K   150 22.62   22.57  
c rst  geom stb  vmt  644   235 K 2554    19015   911 4.10    4.01     5690  5699   49K   150 22.46   22.41  
c rst  geom stb  vmt  645   236 K 2554    19015   911 4.10    4.01     5691  5764   50K   150 22.34   22.29  
c [distill-long-red0] cls tried: 529/529 T: 0.10 T-out: N T-r: 96.91%
c [distill-long-red1] cls tried: 23/5610 T: 0.01 T-out: Y T-r: -5.93%
c rst  geom stb  vmt  646   237 K 2554    19015   911 4.10    4.01     5691  5787   51K   150 22.23   22.18  
c [distill-bin] useful: 0/911/911 lits-rem: 0 cl-rem: 0 0-depth-assigns: 0 T: 0.01 T-out: N
c rst  geom stb  vmt  647   239 K 2554    19015   911 4.10    4.01     5691  5801   52K   150 22.12   22.08  
c rst  geom stb  vmt  648   240 K 2554    19015   911 4.10    4.01     6371  7428   37K   150 21.15   21.09  
c rst  geom stb  vmt  649   241 K 2554    19015   911 4.10    4.01     6372  7612   38K   150 20.89   20.84  
c rst  geom stb  vmt  650   242 K 2554    19015   911 4.10    4.01     6376  7770   38K   150 20.78   20.73  
c ------- FINAL TOTAL SEARCH STATS ---------
c UIP search time          : 47.83       (98.89     % time)
c All times are for this thread only except if explicitly specified
c restarts                 : 650         (372.86    confls per restart)
c blocked restarts         : 0           (0.00      per normal restart)
c time                     : 47.83       
c decisions                : 267254      (0.00      % random)
c propagations             : 80M         (1678K     props/s)
c decisions/conflicts      : 1.10        
c conflicts                : 242361      
c LEARNT stats
c units learnt             : 0           (0.00      % of conflicts)
c bins learnt              : 91          (0.04      % of conflicts)
c long learnt              : 243249      (100.37    % of conflicts)
c red which0               : 691         (0.29      % of confl)
c SEAMLESS HYPERBIN&TRANS-RED stats
c advProp called           : 0           
c hyper-bin add bin        : 0           (0.00      bin/call)
c trans-red rem irred bin  : 0           (0.00      bin/call)
c trans-red rem red bin    : 0           (0.00      bin/call)
c CONFL LITS stats
c orig                     : 36021246    (148.63    lit/confl)
c recurs-min effective     : 224652      (92.69     % attempt successful)
c recurs-min lits          : 28341574    (78.68     % less overall)
c permDiff call%           : 2.55        (0.00      % attempt successful)
c permDiff lits-rem        : 0           (0.00      less lits/cl on attempts)
c further-min call%        : 0.03        (22.54     % attempt successful)
c bintri-min lits          : 46          (0.00      % less overall)
c final avg                : 31.69       
c all-threads sum CPU time : 47.83        s
c PROP stats
c Mbogo-props              : 188.64      (3.94      / sec)
c MHyper-props             : 0.08        (0.00      / sec)
c Mprops                   : 80.31       (1.68      / sec)
c -------- OccSimplifier STATS ----------
c time                     : 0.36        (0.00      % var-elim)
c called                   : 2           (0.18      s per call)
c 0-depth assigns          : 0           (0.00      % vars)
c -------- OccSimplifier STATS END ----------
c -------- SubsumeStrengthen STATS ----------
c cl-subs                  : 868          Clauses
c cl-str rem lit           : 290          Lits
c cl-sub T                 : 0.05         s
c cl-str T                 : 0.21         s
c -------- SubsumeStrengthen STATS END ----------
c ----- SCC STATS --------
c time                     : 0.00        (0.00      per call)
c called                   : 9           (1.33      new found per call)
c found                    : 12          (50.00     % of all found)
c bogoprops                : 322477      % of all found
c ----- SCC STATS END --------
c --------- VAR REPLACE STATS ----------
c time                     : 0.09        (0.02      per call)
c trees' crown             : 12          (0.42      % of vars)
c 0-depth assigns          : 0           (0.00      % vars)
c lits replaced            : 43351       
c bin cls removed          : 54          
c long cls removed         : 2           
c long lits removed        : 4219        
c bogoprops                : 1628026     
c --------- VAR REPLACE STATS END ----------
c vrep replace time        : 0.09        (0.19      % time)
c vrep tree roots          : 7           
c vrep trees' crown        : 12          (1.71      leafs/tree)
c -------- DISTILL-BIN STATS --------
c time                     : 0.13        (0.01      per call)
c timed out                : 2           (16.67     % of calls)
c distill/checked/potential: 0          /12530/13216
c lits-rem                 : 0           
c 0-depth-assigns          : 0           (0.00      % of vars)
c -------- DISTILL STATS END --------
c -------- STRENGTHEN STATS --------
c --> watch-based on irred cls
c time                     : 0.08        (0.00      s/call)
c shrinked/tried/total     : 158        /51262/340646
c subsumed/tried/total     : 189        /51262/340646
c lits-rem                 : 167         (0.07      % of lits tried)
c called                   : 18          (0.00      % ran out of time)
c --> watch-based on red cls
c time                     : 0.10        (0.01      s/call)
c shrinked/tried/total     : 605        /40891/45539
c subsumed/tried/total     : 5          /40891/45539
c lits-rem                 : 1289        (0.42      % of lits tried)
c called                   : 18          (25822.22  % ran out of time)
c -------- STRENGTHEN STATS END --------
c -------- IMPLICIT SUB  STATS --------
c time                     : 0.01        (0.00      per call)
c timed out                : 0           (0.00      % of calls)
c rem bins                 : 34          
c -------- IMPLICIT SUB STATS END --------
c Mem used                 : 37          MB
c Mem for longclauses      : 9           MB (25.84     %)
c Mem for watch alloc      : 9           MB (26.29     %)
c Mem for watch array      : 0           MB (0.35      %)
c Mem for assings&vardata  : 0           MB (0.20      %)
c Mem for search&solve     : 0           MB (0.57      %)
c Mem for renumberer       : 0           MB (0.07      %)
c Mem for occsimplifier    : 0           MB (1.92      %)
c Mem for varReplacer&SCC  : 0           MB (0.16      %)
c Mem for impl subsume     : 0           MB (0.00      %)
c Mem for 3 distills       : 0           MB (0.00      %)
c Accounted for mem (rss)  : 55.41       %
c Accounted for mem (vm)   : 50.51       %
c restarts                 : 650         (372.86    confls per restart)
c blocked restarts         : 0           (0.00      per normal restart)
c time                     : 47.83       
c decisions                : 267254      (0.00      % random)
c propagations             : 80M         (1678K     props/s)
c decisions/conflicts      : 1.10        
c conflicts                : 242361      
c conf lits non-minim      : 36021246    (148.63    lit/confl)
c conf lits final          : 31.69       
c red which0               : 691         (0.29      % of confl)
c props/decision           : 0.00        
c props/conflict           : 0.00        
c 0-depth assigns          : 4           (0.14      % vars)
c 0-depth assigns by CNF   : 2           (0.07      % vars)
c reduceDB time            : 0.07        (0.14      % time)
c OccSimplifier time       : 0.36        (0.74      % time)
c [occur] 0.09 is overhead
c [occur] link-in T: 0.07 cleanup T: 0.02
c [occ-substr] long subBySub: 862 subByStr: 6 lits-rem-str: 290 T: 0.25
c SCC time                 : 0.00        (0.01      % time)
c [scc] new: 12 BP 0M  T: 0.00
c vrep replace time        : 0.09        (0.19      % time)
c vrep tree roots          : 7           
c vrep trees' crown        : 12          (1.71      leafs/tree)
c distill long time        : 1.09        (2.26      % time)
c distill bin time         : 0.13        (0.28      % time)
c strength cache-irred time: 0.08        (0.16      % time)
c strength cache-red time  : 0.10        (0.21      % time)
c avg cls in red 0         : 2332.60     
c avg cls in red 1         : 2843.60     
c avg cls in red 2         : 36920.49    
c Conflicts in UIP         : 242361      (5010.66   confl/time_this_thread)
c Max Memory (rss) used    : 48460 kB    
c Total time (this thread) : 48.37       
s SATISFIABLE
v -1 -2 3 4 5 -6 7 8 -9 -10 -11 12 13 -14 15 16 17 18 -19 -20 -21 -22 -23 -24 -25 
v -26 -27 -28 -29 -30 31 32 -33 -34 -35 36 37 38 -39 -40 -41 42 43 44 -45 -46 
v -47 48 -49 -50 -51 -52 -53 -54 -55 -56 -57 -58 -59 -60 -61 -62 -63 -64 -65 
v -66 67 -68 69 70 71 72 73 -74 75 76 77 78 79 -80 81 82 83 84 -85 -86 -87 -88 
v -89 -90 91 -92 93 94 95 96 97 -98 99 100 101 102 -103 -104 -105 -106 -107 -108 
v -109 -110 -111 -112 -113 -114 -115 -116 -117 -118 -119 -120 121 -122 123 124 
v 125 126 -127 -128 -129 -130 -131 -132 -133 -134 -135 -136 -137 -138 -139 -140 
v -141 -142 -143 -144 -145 -146 -147 -148 -149 -150 -151 -152 -153 -154 -155 
v -156 -157 -158 -159 -160 -161 -162 -163 -164 -165 -166 -167 -168 -169 -170 
v -171 -172 -173 -174 -175 -176 -177 -178 -179 -180 -181 -182 -183 -184 -185 
v -186 -187 -188 -189 -190 -191 -192 -193 -194 -195 -196 -197 -198 199 -200 201 
v 202 203 204 205 -206 207 208 209 210 -211 -212 -213 -214 -215 -216 -217 -218 
v -219 -220 -221 -222 -223 -224 -225 -226 -227 -228 229 -230 231 232 233 234 
v 235 -236 237 238 239 240 241 -242 243 244 245 246 -247 -248 -249 -250 -251 
v -252 -253 -254 -255 -256 -257 -258 -259 -260 -261 -262 -263 -264 265 -266 267 
v 268 269 270 271 -272 273 274 275 276 277 -278 279 280 281 282 -283 -284 -285 
v -286 -287 -288 -289 -290 -291 -292 -293 -294 -295 -296 -297 -298 -299 -300 
v 301 -302 303 304 305 306 -307 -308 -309 -310 -311 -312 -313 -314 -315 -316 
v -317 -318 -319 -320 -321 -322 -323 -324 -325 -326 -327 -328 -329 -330 -331 
v -332 -333 -334 -335 -336 -337 -338 -339 -340 -341 -342 -343 344 -345 -346 
v -347 -348 349 350 351 352 -353 -354 -355 356 -357 358 359 -360 -361 362 -363 
v 364 -365 366 367 -368 369 370 371 372 -373 374 -375 -376 -377 -378 -379 -380 
v -381 -382 -383 -384 -385 -386 -387 -388 -389 -390 -391 -392 -393 394 -395 396 
v -397 398 399 -400 401 402 403 404 -405 406 -407 -408 -409 -410 -411 -412 -413 
v -414 -415 -416 -417 -418 -419 -420 -421 -422 -423 -424 -425 -426 -427 -428 
v -429 -430 -431 -432 -433 -434 -435 -436 -437 -438 -439 -440 -441 -442 -443 
v -444 -445 -446 -447 -448 -449 -450 -451 -452 -453 -454 -455 -456 -457 -458 
v -459 -460 -461 -462 -463 -464 -465 -466 -467 -468 -469 -470 -471 -472 -473 
v 474 -475 476 -477 478 479 -480 481 482 483 484 -485 486 -487 -488 -489 490 
v -491 492 -493 494 495 -496 497 498 499 500 -501 502 -503 -504 -505 506 -507 
v 508 -509 510 511 -512 513 514 515 516 -517 518 -519 -520 -521 522 -523 524 
v -525 526 527 -528 529 530 531 532 -533 534 -535 -536 -537 -538 -539 -540 -541 
v -542 -543 -544 -545 -546 -547 -548 -549 -550 -551 -552 -553 -554 -555 -556 
v -557 -558 -559 -560 -561 -562 -563 -564 -565 -566 -567 -568 -569 -570 -571 
v -572 -573 -574 -575 -576 -577 -578 -579 -580 -581 -582 -583 -584 -585 586 
v -587 588 -589 590 591 -592 593 594 595 596 -597 598 -599 -600 -601 -602 -603 
v -604 -605 -606 -607 -608 -609 -610 -611 -612 -613 -614 -615 -616 -617 618 
v -619 620 -621 622 623 -624 625 626 627 628 -629 630 -631 -632 -633 634 -635 
v 636 -637 638 639 -640 641 642 643 644 -645 646 -647 -648 -649 -650 -651 -652 
v -653 -654 -655 -656 -657 -658 -659 -660 -661 -662 -663 -664 -665 -666 -667 
v -668 -669 -670 -671 -672 -673 -674 -675 -676 -677 678 -679 680 681 -682 683 
v 684 685 686 -687 688 -689 -690 -691 -692 -693 -694 -695 -696 -697 -698 -699 
v -700 -701 -702 703 704 -705 706 707 708 709 -710 711 -712 -713 -714 -715 -716 
v -717 -718 -719 -720 -721 -722 723 -724 725 726 727 728 -729 730 -731 -732 733 
v 734 735 736 -737 738 -739 -740 -741 -742 -743 -744 -745 -746 747 748 749 -750 
v 751 -752 753 754 -755 756 -757 758 -759 760 -761 -762 763 -764 -765 -766 -767 
v 768 -769 -770 -771 -772 -773 -774 -775 776 -777 -778 779 780 781 782 783 784 
v -785 -786 -787 -788 -789 -790 -791 -792 -793 -794 -795 -796 -797 -798 -799 
v -800 -801 -802 -803 -804 -805 0
c [g 0] truth-find prop checks  : 54K
c [g 0] -> of which prop        : 15.30 %
c [g 0] -> of which confl       :  0.72 %
c [g 0] elim called             : 13899
c [g 0] ---> which lead to prop : 27.92 %
c [g 0] ---> which lead to confl:  1.51 %
c [g 0] size: 51    x 458  

real	0m48.728s
user	0m48.371s
sys	0m0.037s
