c BreakID not compiled in, disabling
c CryptoMiniSat version 5.11.19
c CMS Copyright (C) 2009-2020 Authors of CryptoMiniSat, see AUTHORS file
c CMS SHA revision b80e09ebd7703fc13b987401d693d7d406a50441
c Using VMTF code by Armin Biere from CaDiCaL
c Using Yalsat by Armin Biere, see Balint et al. Improving implementation of SLS solvers [...], SAT'14
c Using WalkSAT by Henry Kautz, see Kautz and Selman Pushing the envelope: planning, propositional logic, and stochastic search, AAAI'96,
c CMS is MIT licensed
c Using code from 'When Boolean Satisfiability Meets Gauss-E. in a Simplex Way'
c       by C.-S. Han and J.-H. Roland Jiang in CAV 2012. Fixes by M. Soos
c Using CCAnr from 'CCAnr: A Conf. Checking Based Local Search Solver [...]'
c       by Shaowei Cai, Chuan Luo, and Kaile Su, SAT 2015
c CMS compilation env CMAKE_CXX_COMPILER = /usr/bin/c++ | CMAKE_CXX_FLAGS =  -fvisibility=hidden -Wall -Wextra -Wunused -Wsign-compare -fno-omit-frame-pointer -Wtype-limits -Wuninitialized -Wno-deprecated -Wstrict-aliasing -Wpointer-arith -Wpointer-arith -Wformat-nonliteral -Winit-self -Wparentheses -Wunreachable-code -g -Wno-class-memaccess -mpopcnt -msse4.2 -ggdb3 -Wlogical-op -Wrestrict -Wnull-dereference -Wdouble-promotion -Wshadow -Wformat=2 -Wextra-semi -pedantic | COMPILE_DEFINES =  -DRDB0_ONLY_FEATURES -DUSE_ZLIB -DYALSAT_FPU | STATICCOMPILE = OFF | ONLY_SIMPLE =  | STATS = OFF | SQLITE3_FOUND =  | ZLIB_FOUND = TRUE | VALGRIND_FOUND =  | ENABLE_TESTING = OFF | SLOW_DEBUG = OFF | ENABLE_ASSERTIONS = ON | PYTHON_EXECUTABLE =  | PYTHON_LIBRARY =  | PYTHON_INCLUDE_DIRS =  | MY_TARGETS =  | LARGEMEM = OFF | LIMITMEM = OFF | BREAKID_LIBRARIES =  | BREAKID-VER = . | BOSPHORUS_LIBRARIES =  | BOSPH-VER = . | compilation date time = Jul 13 2026 14:05:03
c CMS compiled with gcc version 11.5.0 20240719 (Red Hat 11.5.0-5)
c Executed with command line: ./cryptominisat5 ./instances/Syndrome_80_100/SD_100_0.cnf
c Reading file './instances/Syndrome_80_100/SD_100_0.cnf'
c -- header says num vars:          19325
c -- header says num clauses:       28914
c -- clauses added: 28864
c -- xor clauses added: 50
c -- vars added 19325
c Parsing time: 0.01 s
c [find&init matx] performing matrix init
c [gauss] XOR-encoding clauses are not detached, so no need to reattach them.
c [xor-rem-unconnected] left with 50 xors from 50 non-empty xors T: 0.00
c [xor-together] xored together: 0 orig xors: 50 new xors: 50 T: 0.00
c [xor-rem-unconnected] left with 50 xors from 50 non-empty xors T: 0.00
c [xor-clean-equiv] removed equivalent xors: 0 left with: 50
c [matrix] unused xors from cleaning: 0
c [matrix] Good   matrix  0     50 x  100  density:0.2574  xorlen avg: 25.74
c [matrix] Using 1 matrices recovered from 0 xors T: 0.00 T-out: N
c [branch] adjusting to: vsid (from: vsid) var_decay:0.95 descr: VSIDS
c rst  geom  stb   vs     1   126   19781 14146 18820    3.33    2.57    11    25    89     0   58.85   58.85
c rst  geom  stb   vs     2   248   19781 14146 18820    3.33    2.57    11    30   206     0   47.69   47.69
c  res  pol bran  nres  conf freevar  IrrL  IrrB l/longC  l/allC RedL0 RedL1 RedL2  RedB l/longC  l/allC
c rst  geom  stb   vs     3   382   19781 14146 18820    3.33    2.57    11    30   340     0   43.49   43.49
c rst  geom  stb   vs     4   535   19781 14146 18820    3.33    2.57    11    30   493     0   40.20   40.20
c rst  geom  stb   vs     5   696   19781 14146 18820    3.33    2.57    11    30   654     0   38.41   38.41
c rst  geom  stb   vs     6   873   19781 14146 18820    3.33    2.57    11    30   831     0   37.57   37.57
c rst  geom  stb   vs     7  1067   19781 14146 18820    3.33    2.57    11    30  1025     0   37.00   37.00
c rst  geom  stb   vs     8  1284   19781 14146 18820    3.33    2.57    11    30  1242     0   36.31   36.31
c rst  geom  stb   vs     9  1521   19781 14146 18820    3.33    2.57    11    30  1479     0   36.18   36.18
c rst  geom  stb   vs    10  1779   19781 14146 18820    3.33    2.57    11    30  1737     0   36.07   36.07
c rst  geom  stb   vs    11  2062   19781 14146 18820    3.33    2.57    11    30  2020     0   35.81   35.81
c rst  geom  stb   vs    12  2373   19781 14146 18820    3.33    2.57    11    30  2331     0   35.99   35.99
c rst  geom  stb   vs    13  2715   19781 14146 18820    3.33    2.57    11    30  2673     0   35.90   35.90
c rst  geom  stb   vs    14  3088   19781 14146 18820    3.33    2.57    11    30  3046     0   35.85   35.85
c rst  geom  stb   vs    15  3500   19781 14146 18820    3.33    2.57    11    30  3458     0   35.70   35.70
c rst  geom  stb   vs    16  3951   19781 14146 18820    3.33    2.57    11    30  3909     0   35.59   35.59
c rst  geom  stb   vs    17  4446   19781 14146 18820    3.33    2.57    11    30  4404     0   35.62   35.62
c rst  geom  stb   vs    18  4989   19781 14146 18820    3.33    2.57    11    30  4947     0   35.57   35.57
c rst  geom  stb   vs    19  5587   19781 14146 18820    3.33    2.57    11    30  5545     0   35.46   35.46
c [branch] adjusting to: vmtf (from: vsid) var_decay:0.95 descr: VMTF
c [distill-long-red0] cls tried: 11/11 T: 0.00 T-out: N T-r: 100.00%
c [distill-long-red1] cls tried: 30/30 T: 0.00 T-out: N T-r: 98.43%
c rst  luby ibes  vmt    20  5689   19781 14146 18820    3.33    2.57    21    77  5590     0   35.34   35.34
c rst  luby ibes  vmt    21  5790   19781 14146 18820    3.33    2.57    21    77  5691     0   35.43   35.43
c rst  luby ibes  vmt    22  5991   19781 14146 18820    3.33    2.57    21    77  5892     0   35.53   35.53
c rst  luby ibes  vmt    23  6093   19781 14146 18820    3.33    2.57    21    77  5994     0   35.54   35.54
c rst  luby ibes  vmt    24  6194   19781 14146 18820    3.33    2.57    21    77  6095     0   35.51   35.51
c rst  luby ibes  vmt    25  6396   19781 14146 18820    3.33    2.57    21    77  6297     0   35.59   35.59
c rst  luby ibes  vmt    26  6797   19781 14146 18820    3.33    2.57    21    77  6698     0   35.20   35.20
c rst  luby ibes  vmt    27  6899   19781 14146 18820    3.33    2.57    21    77  6800     0   35.09   35.09
c rst  luby ibes  vmt    28  7000   19781 14146 18820    3.33    2.57    21    77  6901     0   34.98   34.98
c rst  luby ibes  vmt    29  7201   19781 14146 18820    3.33    2.57    21    77  7102     0   34.94   34.94
c rst  luby ibes  vmt    30  7302   19781 14146 18820    3.33    2.57    21    77  7203     0   34.96   34.96
c rst  luby ibes  vmt    31  7403   19781 14146 18820    3.33    2.57    21    77  7304     0   34.90   34.90
c rst  luby ibes  vmt    32  7611   19781 14146 18820    3.33    2.57    21    77  7512     0   34.88   34.88
c rst  luby ibes  vmt    33  8012   19781 14146 18820    3.33    2.57    21    77  7913     0   35.20   35.20
c rst  luby ibes  vmt    34  8813   19781 14146 18820    3.33    2.57    21    77  8714     0   35.16   35.16
c rst  luby ibes  vmt    35  8914   19781 14146 18820    3.33    2.57    21    77  8815     0   35.14   35.14
c rst  luby ibes  vmt    36  9016   19781 14146 18820    3.33    2.57    21    79  8915     0   35.07   35.07
c rst  luby ibes  vmt    37  9221   19781 14146 18820    3.33    2.57    21    79  9120     0   34.91   34.91
c rst  luby ibes  vmt    38  9322   19781 14146 18820    3.33    2.57    21    79  9221     0   34.89   34.89
c rst  luby ibes  vmt    39  9424   19781 14146 18820    3.33    2.57    21    79  9323     0   34.87   34.87
c rst  luby ibes  vmt    40  9625   19781 14146 18820    3.33    2.57    21    79  9524     0   34.75   34.75
c rst  luby ibes  vmt    41 10027   19781 14146 18820    3.33    2.57    59    41  9926     0   34.62   34.62
c rst  luby ibes  vmt    42 10128   19781 14146 18820    3.33    2.57    59    41 10027     0   34.58   34.58
c rst  luby ibes  vmt    43 10229   19781 14146 18820    3.33    2.57    59    41 10128     0   34.53   34.53
c rst  luby ibes  vmt    44 10430   19781 14146 18820    3.33    2.57    59    41 10329     0   34.45   34.45
c rst  luby ibes  vmt    45 10531   19781 14146 18820    3.33    2.57    59    41 10430     0   34.48   34.48
c rst  luby ibes  vmt    46 10634   19781 14146 18820    3.33    2.57    59    41 10533     0   34.48   34.48
c rst  luby ibes  vmt    47 10835   19781 14146 18820    3.33    2.57    59    41 10734     0   34.50   34.50
c rst  luby  svd  vmt    48 11236   19781 14146 18820    3.33    2.57    59    41 11135     0   34.91   34.91
c rst  luby  svd  vmt    49 12038   19781 14146 18820    3.33    2.57    59    41 11937     0   35.52   35.52
c [branch] adjusting to: vsid (from: vmtf) var_decay:0.95 descr: VSIDS
c [distill-bin] useful: 2/18820/18820 lits-rem: 0 cl-rem: 2 0-depth-assigns: 0 T: 0.02 T-out: N
c rst  geom  svd   vs    50 12151   19781 14146 18816    3.33    2.57    59    41 12050     0   35.53   35.53
c rst  geom  svd   vs    51 12273   19781 14146 18816    3.33    2.57    59    41 12172     0   35.52   35.52
c rst  geom  svd   vs    52 12408   19781 14146 18816    3.33    2.57    59    41 12307     0   35.54   35.54
c rst  geom  svd   vs    53 12557   19781 14146 18816    3.33    2.57    59    41 12456     0   35.56   35.56
c rst  geom  svd   vs    54 12718   19781 14146 18816    3.33    2.57    59    41 12617     0   35.57   35.57
c rst  geom  svd   vs    55 12895   19781 14146 18816    3.33    2.57    59    41 12794     0   35.63   35.63
c rst  geom  svd   vs    56 13089   19781 14146 18816    3.33    2.57    59    41 12988     0   35.60   35.60
c rst  geom  svd   vs    57 13302   19781 14146 18816    3.33    2.57    59    41 13201     0   35.65   35.65
c rst  geom  svd   vs    58 13536   19781 14146 18816    3.33    2.57    59    41 13435     0   35.68   35.68
c rst  geom  svd   vs    59 13795   19781 14146 18816    3.33    2.57    59    41 13694     0   35.67   35.67
c rst  geom  svd   vs    60 14078   19781 14146 18816    3.33    2.57    59    41 13977     0   35.67   35.67
c rst  geom  svd   vs    61 14388   19781 14146 18816    3.33    2.57    59    41 14287     0   35.61   35.61
c rst  geom  svd   vs    62 14728   19781 14146 18816    3.33    2.57    59    41 14627     0   35.54   35.54
c rst  geom  svd   vs    63 15105   19781 14146 18816    3.33    2.57    59    62 13018     0   34.80   34.80
c rst  geom  svd   vs    64 15517   19781 14146 18816    3.33    2.57    59    62 13430     0   34.78   34.78
c rst  geom  svd   vs    65 15968   19781 14146 18816    3.33    2.57    59    62 13881     0   34.77   34.77
c rst  geom  svd   vs    66 16462   19781 14146 18816    3.33    2.57    59    62 14375     0   34.85   34.85
c rst  geom best   vs    67 17006   19781 14146 18816    3.33    2.57    59    62 14919     0   35.25   35.25
c rst  geom best   vs    68 17603   19781 14146 18816    3.33    2.57    59    62 15516     0   35.55   35.55
c rst  geom best   vs    69 18259   19781 14146 18816    3.33    2.57    59    62 16172     0   35.83   35.83
c [branch] adjusting to: vmtf (from: vsid) var_decay:0.95 descr: VMTF
c rst  luby best  vmt    70 18360   19781 14146 18816    3.33    2.57    59    62 16273     0   35.84   35.84
c rst  luby best  vmt    71 18461   19781 14146 18816    3.33    2.57    59    62 16374     0   35.84   35.84
c rst  luby best  vmt    72 18662   19781 14146 18816    3.33    2.57    59    62 16575     0   35.96   35.96
c rst  luby best  vmt    73 18764   19781 14146 18816    3.33    2.57    59    62 16677     0   35.97   35.97
c rst  luby best  vmt    74 18867   19781 14146 18816    3.33    2.57    59    62 16780     0   35.99   35.99
c rst  luby best  vmt    75 19071   19781 14146 18816    3.33    2.57    59    62 16984     0   36.03   36.03
c rst  luby best  vmt    76 19472   19781 14146 18816    3.33    2.57    59    62 17385     0   36.16   36.16
c rst  luby best  vmt    77 19574   19781 14146 18816    3.33    2.57    59    62 17487     0   36.17   36.17
c rst  luby best  vmt    78 19676   19781 14146 18816    3.33    2.57    59    62 17589     0   36.19   36.19
c rst  luby best  vmt    79 19878   19781 14146 18816    3.33    2.57    59    62 17791     0   36.26   36.26
c rst  luby best  vmt    80 19979   19781 14146 18816    3.33    2.57    59    62 17892     0   36.30   36.30
c rst  luby best  vmt    81   20K   19781 14146 18816    3.33    2.57    60    61 17993     0   36.33   36.33
c [full-probe]  bin_only: 1 set: 0 repl: 0 T: 0.01 T-out: N T-r: 99.25%
c rst  luby best  vmt    82   20K   19781 14146 18816    3.33    2.57    60    61 18194     0   36.39   36.39
c rst  luby best  vmt    83   20K   19781 14146 18816    3.33    2.57    60    61 18595     0   36.59   36.59
c [distill-long-red0] cls tried: 31/31 T: 0.00 T-out: N T-r: 99.95%
c [distill-long-red1] cls tried: 49/49 T: 0.00 T-out: N T-r: 74.82%
c rst  luby best  vmt    84   21K   19781 14146 18816    3.33    2.57    60    61 19396     0   37.03   37.03
c rst  luby best  vmt    85   21K   19781 14146 18816    3.33    2.57    60    61 19498     0   37.07   37.07
c rst  luby best  vmt    86   21K   19781 14146 18816    3.33    2.57    60    61 19603     0   37.11   37.11
c rst  luby  stb  vmt    87   21K   19781 14146 18816    3.33    2.57    60    61 19804     0   37.09   37.09
c rst  luby  stb  vmt    88   21K   19781 14146 18816    3.33    2.57    60    61 19905     0   37.07   37.07
c rst  luby  stb  vmt    89   22K   19781 14146 18816    3.33    2.57    60    61   20K     0   37.10   37.10
c rst  luby  stb  vmt    90   22K   19781 14146 18816    3.33    2.57    60    61   20K     0   37.14   37.14
c rst  luby  stb  vmt    91   22K   19781 14146 18816    3.33    2.57    60    61   20K     0   37.14   37.14
c rst  luby  stb  vmt    92   22K   19781 14146 18816    3.33    2.57    60    61   20K     0   37.16   37.16
c rst  luby  stb  vmt    93   22K   19781 14146 18816    3.33    2.57    60    61   20K     0   37.15   37.15
c rst  luby  stb  vmt    94   23K   19781 14146 18816    3.33    2.57    60    61   21K     0   37.18   37.18
c rst  luby  stb  vmt    95   23K   19781 14146 18816    3.33    2.57    60    61   21K     0   37.21   37.21
c rst  luby  stb  vmt    96   23K   19781 14146 18816    3.33    2.57    60    61   21K     0   37.23   37.23
c rst  luby  stb  vmt    97   23K   19781 14146 18816    3.33    2.57    60    61   21K     0   37.26   37.26
c rst  luby  stb  vmt    98   23K   19781 14146 18816    3.33    2.57    60    61   21K     0   37.27   37.27
c rst  luby  stb  vmt    99   24K   19781 14146 18816    3.33    2.57    60    61   22K     0   37.36   37.36
c rst  luby  stb  vmt   100   26K   19781 14146 18816    3.33    2.57    60    61   24K     0   37.45   37.45
c [branch] adjusting to: vsid (from: vmtf) var_decay:0.95 descr: VSIDS
c [distill] watch-based irred--  cl tried    18696 cl-sh     0 cl-rem    0 lit-rem      0 T: 0.00 T-out: N
c [distill] watch-based   red--  cl tried      120 cl-sh     0 cl-rem    0 lit-rem      0 T: 0.00 T-out: N
c rst  geom  stb   vs   101   26K   19781 14096 18866    3.33    2.57    60    61   24K     0   37.45   37.45
c rst  geom  stb   vs   102   26K   19781 14096 18866    3.33    2.57    60    61   24K     0   37.44   37.44
c rst  geom  stb   vs   103   26K   19781 14096 18866    3.33    2.57    60    61   24K     0   37.44   37.44
c rst  geom  stb   vs   104   26K   19781 14096 18866    3.33    2.57    60    61   24K     0   37.42   37.42
c rst  geom  stb   vs   105   26K   19781 14096 18866    3.33    2.57    60    61   24K     0   37.40   37.40
c rst  geom ibes   vs   106   27K   19781 14096 18866    3.33    2.57    60    61   25K     0   37.32   37.32
c rst  geom ibes   vs   107   27K   19781 14096 18866    3.33    2.57    60    61   25K     0   37.22   37.22
c rst  geom ibes   vs   108   27K   19781 14096 18866    3.33    2.57    60    61   25K     0   37.10   37.10
c rst  geom ibes   vs   109   27K   19781 14096 18866    3.33    2.57    60    61   25K     0   36.98   36.98
c rst  geom ibes   vs   110   28K   19781 14096 18866    3.33    2.57    60    61   25K     0   36.86   36.86
c rst  geom ibes   vs   111   28K   19781 14096 18866    3.33    2.57    60    63   26K     0   36.71   36.71
c rst  geom ibes   vs   112   28K   19781 14096 18866    3.33    2.57    60    64   26K     0   36.55   36.55
c rst  geom ibes   vs   113   29K   19781 14096 18866    3.33    2.57    60    64   26K     0   36.39   36.39
c rst  geom ibes   vs   114   29K   19781 14096 18866    3.33    2.57    60    64   27K     0   36.20   36.20
c rst  geom ibes   vs   115   29K   19781 14096 18866    3.33    2.57    60    64   27K     0   36.04   36.04
c rst  geom ibes   vs   116   30K   19781 14096 18866    3.33    2.57    60    75 18074     0   36.33   36.33
c rst  geom ibes   vs   117   30K   19781 14096 18866    3.33    2.57    60    75 18568     0   35.99   35.99
c rst  geom ibes   vs   118   31K   19781 14096 18866    3.33    2.57    60    75 19111     0   35.61   35.61
c rst  geom ibes   vs   119   31K   19781 14096 18866    3.33    2.57    60    75 19708     0   35.28   35.28
c rst  geom ibes   vs   120   32K   19781 14096 18866    3.33    2.57    60    76   20K     0   34.94   34.94
c [distill-bin] useful: 0/18866/18866 lits-rem: 0 cl-rem: 0 0-depth-assigns: 0 T: 0.02 T-out: N
c rst  geom  svd   vs   121   33K   19781 14096 18866    3.33    2.57    60    76   21K     0   34.72   34.72
c rst  geom  svd   vs   122   34K   19781 14096 18866    3.33    2.57    60    76   21K     0   34.55   34.55
c [branch] adjusting to: vmtf (from: vsid) var_decay:0.95 descr: VMTF
c rst  luby  svd  vmt   123   34K   19781 14096 18866    3.33    2.57    60    76   21K     0   34.58   34.58
c rst  luby  svd  vmt   124   34K   19781 14096 18866    3.33    2.57    60    76   22K     0   34.61   34.61
c rst  luby  svd  vmt   125   34K   19781 14096 18866    3.33    2.57    60    76   22K     0   34.67   34.67
c rst  luby  svd  vmt   126   34K   19781 14096 18866    3.33    2.57    60    76   22K     0   34.70   34.70
c rst  luby  svd  vmt   127   34K   19781 14096 18866    3.33    2.57    60    76   22K     0   34.75   34.75
c rst  luby  svd  vmt   128   34K   19781 14096 18866    3.33    2.57    60    76   22K     0   34.82   34.82
c rst  luby  svd  vmt   129   35K   19781 14096 18866    3.33    2.57    60    76   23K     0   34.89   34.89
c rst  luby  svd  vmt   130   35K   19781 14096 18866    3.33    2.57    60    76   23K     0   34.92   34.92
c rst  luby  svd  vmt   131   35K   19781 14096 18866    3.33    2.57    60    76   23K     0   34.94   34.94
c rst  luby  svd  vmt   132   35K   19781 14096 18866    3.33    2.57    60    76   23K     0   34.96   34.96
c rst  luby  svd  vmt   133   35K   19781 14096 18866    3.33    2.57    60    76   23K     0   34.97   34.97
c [distill-long-red0] cls tried: 0/0 T: 0.00 T-out: N T-r: 100.00%
c [distill-long-red1] cls tried: 15/15 T: 0.00 T-out: N T-r: 88.54%
c rst  luby  svd  vmt   134   35K   19778 14096 18866    3.33    2.57    60    74   23K     0   34.99   34.99
c rst  luby  svd  vmt   135   36K   19778 14096 18866    3.33    2.57    60    74   23K     0   35.03   35.03
c rst  luby  svd  vmt   136   36K   19778 14096 18866    3.33    2.57    60    74   24K     0   35.09   35.09
c rst  luby  svd  vmt   137   37K   19778 14096 18866    3.33    2.57    60    74   25K     0   35.24   35.24
c rst  luby  svd  vmt   138   37K   19778 14096 18866    3.33    2.57    60    74   25K     0   35.25   35.25
c rst  luby  svd  vmt   139   37K   19778 14096 18866    3.33    2.57    60    74   25K     0   35.27   35.27
c rst  luby  svd  vmt   140   37K   19778 14096 18866    3.33    2.57    60    74   25K     0   35.31   35.31
c rst  luby  svd  vmt   141   37K   19778 14096 18866    3.33    2.57    60    74   25K     0   35.34   35.34
c rst  luby  svd  vmt   142   37K   19778 14096 18866    3.33    2.57    60    74   25K     0   35.37   35.37
c rst  luby  svd  vmt   143   38K   19778 14096 18866    3.33    2.57    60    74   25K     0   35.36   35.36
c rst  geom best  vmt   144   38K   19778 14096 18866    3.33    2.57    60    74   26K     0   35.32   35.32
c rst  geom best  vmt   145   38K   19778 14096 18866    3.33    2.57    60    74   26K     0   35.33   35.33
c rst  geom best  vmt   146   38K   19778 14096 18866    3.33    2.57    60    74   26K     0   35.30   35.30
c rst  geom best  vmt   147   38K   19778 14096 18866    3.33    2.57    60    74   26K     0   35.32   35.32
c rst  geom best  vmt   148   38K   19778 14096 18866    3.33    2.57    60    74   26K     0   35.33   35.33
c rst  geom best  vmt   149   38K   19778 14096 18866    3.33    2.57    60    74   26K     0   35.35   35.35
c rst  geom best  vmt   150   39K   19778 14096 18866    3.33    2.57    60    74   26K     0   35.35   35.35
c rst  geom best  vmt   151   39K   19778 14096 18866    3.33    2.57    60    74   27K     1   35.40   35.40
c rst  geom best  vmt   152   39K   19778 14096 18866    3.33    2.57    60    74   27K     1   35.47   35.47
c rst  geom best  vmt   153   39K   19778 14096 18866    3.33    2.57    60    74   27K     1   35.45   35.45
c rst  geom best  vmt   154   40K   19778 14096 18866    3.33    2.57    61    73   27K     1   35.37   35.37
c [full-probe]  bin_only: 0 set: 28 repl: 0 T: 0.01 T-out: N T-r: 97.59%
c [impl-str] lit bin: 0 set-var: 0 T: 0.00 T-out: N T-r: 99.83% w-visit: 39762
c [impl-sub] bin: 1 T: 0.00 T-out: N w-visit: 39762
c rst  geom best  vmt   155   40K   19750 14096 18866    3.33    2.57    61    73   28K     0   35.29   35.29
c rst  geom best  vmt   156   40K   19750 14096 18866    3.33    2.57    61    73   28K     0   35.35   35.35
c rst  geom best  vmt   157   41K   19750 14096 18866    3.33    2.57    61    73   28K     0   35.35   35.35
c rst  geom best  vmt   158   41K   19750 14096 18866    3.33    2.57    61    73   29K     0   35.33   35.33
c rst  geom best  vmt   159   42K   19750 14096 18866    3.33    2.57    61    73   29K     0   35.39   35.39
c rst  geom best  vmt   160   42K   19750 14096 18866    3.33    2.57    61    73   30K     0   35.43   35.43
c [branch] adjusting to: vsid (from: vmtf) var_decay:0.95 descr: VSIDS
c rst  geom best   vs   161   42K   19750 14096 18866    3.33    2.57    61    73   30K     0   35.46   35.46
c rst  geom best   vs   162   42K   19750 14096 18866    3.33    2.57    61    73   30K     0   35.49   35.49
c rst  geom best   vs   163   42K   19750 14096 18866    3.33    2.57    61    73   30K     0   35.54   35.54
c rst  geom best   vs   164   43K   19750 14096 18866    3.33    2.57    61    73   30K     0   35.57   35.57
c rst  geom best   vs   165   43K   19750 14096 18866    3.33    2.57    61    73   31K     0   35.61   35.61
c rst  geom best   vs   166   43K   19750 14096 18866    3.33    2.57    61    73   31K     0   35.64   35.64
c rst  geom best   vs   167   43K   19750 14096 18866    3.33    2.57    61    73   31K     0   35.68   35.68
c rst  geom  stb   vs   168   43K   19750 14096 18866    3.33    2.57    61    73   31K     0   35.68   35.68
c rst  geom  stb   vs   169   44K   19750 14096 18866    3.33    2.57    61    73   31K     0   35.69   35.69
c [ccnr] tries: 0 steps: 262143 best found: 3
c [ccnr] tries: 0 steps: 524287 best found: 3
c [ccnr] tries: 0 steps: 786431 best found: 2
c [ccnr] tries: 1 steps: 262143 best found: 1
c [ccnr] tries: 1 steps: 524287 best found: 1
c [ccnr] tries: 1 steps: 786431 best found: 1
c [ccnr] saving best assignment phase to stable_polar
c [ccnr] bumping based on clause weights
c [ccnr] Bumped vars: 102 bump type: 6
c [ccnr] time: 0.69
c rst  geom  stb   vs   170   44K   19750 14096 18866    3.33    2.57    61    73   32K     0   35.67   35.67
c rst  geom  stb   vs   171   44K   19750 14096 18866    3.33    2.57    61    73   32K     0   35.67   35.67
c rst  geom  stb   vs   172   44K   19750 14096 18866    3.33    2.57    61    73   32K     0   35.70   35.70
c rst  geom  stb   vs   173   45K   19750 14096 18866    3.33    2.57    65    92   23K     0   34.05   34.05
c rst  geom  stb   vs   174   45K   19750 14096 18866    3.33    2.57    65    92   23K     0   34.11   34.11
c rst  geom  stb   vs   175   45K   19750 14096 18866    3.33    2.57    65    92   23K     0   34.16   34.16
c rst  geom  stb   vs   176   46K   19750 14096 18866    3.33    2.57    65    92   24K     0   34.21   34.21
c rst  geom  stb   vs   177   46K   19750 14096 18866    3.33    2.57    65    92   24K     0   34.22   34.22
c rst  geom  stb   vs   178   47K   19750 14096 18866    3.33    2.57    65    92   25K     0   34.31   34.31
c rst  geom  stb   vs   179   48K   19750 14096 18866    3.33    2.57    65    92   25K     0   34.34   34.34
c rst  geom  stb   vs   180   48K   19750 14096 18866    3.33    2.57    65    92   26K     0   34.33   34.33
c rst  geom  stb   vs   181   49K   19750 14096 18866    3.33    2.57    65    92   27K     0   34.36   34.36
c rst  geom ibes   vs   182   50K   19750 14096 18866    3.33    2.57    67    90   28K     0   34.18   34.18
c [gauss] XOR-encoding clauses are not detached, so no need to reattach them.
c [g 0] truth-find prop checks  : 1034K
c [g 0] -> of which prop        : 38.37 %
c [g 0] -> of which confl       :  1.28 %
c [g 0] elim called             : 136K
c [g 0] ---> which lead to prop : 145.40 %
c [g 0] ---> which lead to confl:  6.59 %
c [g 0] size: 50    x 100  
c [scc] new: 0 BP 0M T: 0.00
c [vrep] vars 0 lits 0 rem-bin-cls 0 rem-long-cls 0 BP 0M T: 0.00
c [intree] Set 0 vars hyper-added: 1434 trans-irred: 0 trans-red: 49 T: 0.02 T-out: N T-r: -0.32%
c [find&init matx] performing matrix init
c [gauss] XOR-encoding clauses are not detached, so no need to reattach them.
c [xor-rem-unconnected] left with 50 xors from 50 non-empty xors T: 0.00
c [xor-together] xored together: 0 orig xors: 50 new xors: 50 T: 0.00
c [xor-rem-unconnected] left with 50 xors from 50 non-empty xors T: 0.00
c [xor-clean-equiv] removed equivalent xors: 0 left with: 50
c [matrix] unused xors from cleaning: 0
c [matrix] Good   matrix 0 50      x100    density:0.2574  xorlen avg: 25.74
c [matrix] Using 1 matrices recovered from 0 xors T: 0.00 T-out: N
c rst  geom ibes vs   183   51  K 19750   14093 18809 3.33    2.57       68    89   28K  1385 34.07   32.61  
c [distill-long-red0] cls tried: 5/5 T: 0.00 T-out: N T-r: 99.98%
c [distill-long-red1] cls tried: 18/18 T: 0.00 T-out: N T-r: 80.17%
c rst  geom ibes vs   184   52  K 19750   14093 18809 3.33    2.57       69    89   29K  1385 33.77   32.37  
c [distill] watch-based irred--  cl tried 18690    cl-sh 0     cl-rem 0    lit-rem 0      T: 0.00 T-out: N
c [distill] watch-based red  --  cl tried 138      cl-sh 0     cl-rem 0    lit-rem 0      T: 0.00 T-out: N
c rst  geom ibes vs   185   53  K 19750   14093 18809 3.33    2.57       75    92   30K  1385 33.51   32.16  
c [branch] adjusting to: vmtf (from: vsid) var_decay:0.95 descr: VMTF
c [distill-bin] useful: 0/18809/18809 lits-rem: 0 cl-rem: 0 0-depth-assigns: 0 T: 0.02 T-out: N
c rst  luby ibes vmt  186   53  K 19750   14093 18809 3.33    2.57       80   126   30K  1385 33.50   32.16  
c rst  luby ibes vmt  187   53  K 19750   14093 18809 3.33    2.57       80   126   31K  1385 33.50   32.16  
c rst  luby ibes vmt  188   53  K 19750   14093 18809 3.33    2.57       80   126   31K  1385 33.48   32.15  
c rst  luby ibes vmt  189   53  K 19750   14093 18809 3.33    2.57       80   126   31K  1385 33.48   32.16  
c rst  luby ibes vmt  190   53  K 19750   14093 18809 3.33    2.57       80   126   31K  1385 33.47   32.15  
c rst  luby ibes vmt  191   53  K 19750   14093 18809 3.33    2.57       80   126   31K  1385 33.46   32.15  
c rst  luby ibes vmt  192   54  K 19750   14093 18809 3.33    2.57       80   126   32K  1385 33.49   32.19  
c rst  luby ibes vmt  193   54  K 19750   14093 18809 3.33    2.57       80   126   32K  1385 33.48   32.19  
c rst  luby ibes vmt  194   54  K 19744   14093 18809 3.33    2.57       80   127   32K  1385 33.46   32.17  
c rst  luby ibes vmt  195   54  K 19744   14093 18809 3.33    2.57       81   128   32K  1385 33.48   32.20  
c rst  luby ibes vmt  196   54  K 19744   14093 18809 3.33    2.57       81   128   32K  1385 33.49   32.21  
c rst  luby ibes vmt  197   54  K 19744   14093 18809 3.33    2.57       81   128   32K  1385 33.50   32.22  
c rst  luby ibes vmt  198   55  K 19744   14093 18809 3.33    2.57       81   129   32K  1385 33.52   32.25  
c rst  luby svd  vmt  199   55  K 19744   14093 18809 3.33    2.57       81   129   33K  1385 33.47   32.22  
c rst  luby svd  vmt  200   56  K 19744   14093 18809 3.33    2.57       81   129   33K  1385 33.43   32.20  
c recursive minimization cost OK: 502Kcost/(% lits removed)
c [gauss] XOR-encoding clauses are not detached, so no need to reattach them.
c [g 0] truth-find prop checks  : 146K
c [g 0] -> of which prop        : 35.16 %
c [g 0] -> of which confl       :  1.03 %
c [g 0] elim called             : 17393
c [g 0] ---> which lead to prop : 132.14 %
c [g 0] ---> which lead to confl:  4.96 %
c [g 0] size: 50    x 100  
c --> Executing strategy token: scc-vrepl
c [scc] new: 0 BP 0M T: 0.00
c --> Executing strategy token: sub-impl
c [impl-sub] bin: 0 T: 0.00 T-out: N w-visit: 39762
c --> Executing strategy token: breakid
c --> Executing OCC strategy token(s): 'occ-backw-sub-str,occ-clean-implicit,occ-bve,occ-bva,occ-ternary-res,occ-xor,'
c [occ] mem usage for occur 2      MB
c [occ] Linked in IRRED BIN by default: 18802
c [occ] Linked in RED   BIN by default: 1385
c [occ] mem usage for occur 1      MB
c Mem for watch alloc      : 3           MB (13.57     %)
c Mem for watch array      : 1           MB (3.83      %)
c --> Executing OCC strategy token: occ-backw-sub-str
c [occ-backw-sub-str-long-w-bins] subs: 0 str: 0 tried: 20187 0-depth ass: 0 T: 0.00 T-out: N T-r: 97.72%
c [occ-backw-sub-long-w-long] rem cl: 36 tried: 48002/48002 (100.0%) T: 0.01 T-out: N T-r: 99.12%
c [occ-backw-sub-str-long-w-long] sub: 0 str: 0 tried: 144006/48002 (300.0)  T: 0.03 T-out: N T-r: 94.35%
c --> Executing OCC strategy token: occ-clean-implicit
c --> Executing OCC strategy token: occ-bve
c [occ-empty-res] Empty resolvent elimed: 4456 T: 0.00 T-out: N
c [occ-bve] turning off picosat-based irreg gate detection, added lits:  210K
c [occ-bve] iter v-elim 10028
c cl_inc_rate=0.6, var_dec_rate=2.9 (grow=0)
c Reduced to 5260 vars, 15703 cls (grow=0)
c [occ-bve] iter v-elim 1382
c cl_inc_rate=1.3, var_dec_rate=1.4 (grow=8)
c Reduced to 3878 vars, 19784 cls (grow=8)
c [occ-bve] iter v-elim 676
c cl_inc_rate=1.4, var_dec_rate=1.2 (grow=16)
c Reduced to 3202 vars, 28258 cls (grow=16)
c x n vars       : 3202
c #try to eliminate:   44K
c #var-elim        : 12086
c #T-o: N
c #T-r: 99.92%
c #T  : 1.18
c [occur] 0.03 is overhead
c [occur] link-in T: 0.03 cleanup T: 0.00
c --> Executing OCC strategy token: occ-bva
c --> Executing OCC strategy token: occ-ternary-res
c [occ-ternary-res] Ternary res-tri: 10 res-bin: 0 sub: 2 str: 0 T: 0.01 T-out: N T-r: 94.65%
c --> Executing OCC strategy token: occ-xor
c [occ-xor] sort occur list T: 0.00
c [xor-clean-equiv] removed equivalent xors: 0 left with: 323
c [occ-xor] found    323 avg sz 5.5 min sz  4 max sz  6 T: 0.01 T-out: N T-r: 99.95%
c --> Executing strategy token: card-find
c --> Executing strategy token: cl-consolidate
c [mem] consolidate  old-sz: 8821K new-sz: 1381K new bits offs: 18 T: 0.00
c --> Executing strategy token: scc-vrepl
c [scc] new: 0 BP 0M T: 0.00
c --> Executing strategy token: renumber
c [gauss] XOR-encoding clauses are not detached, so no need to reattach them.
c [renumber] T: 0.00
c --> Executing strategy token: bosphorus
c --> Executing strategy token: louvain-comms
c [consolidate] mini T: 0.00
c global_timeout_multiplier: 3.3000
c [branch] rebuilding order heap for all branchings. Current branching: vmtf
c [find&init matx] performing matrix init
c [gauss] XOR-encoding clauses are not detached, so no need to reattach them.
c [xor-rem-unconnected] left with 323 xors from 323 non-empty xors T: 0.00
c [xor-together] xored together: 273 orig xors: 323 new xors: 50 T: 0.00
c [xor-rem-unconnected] left with 50 xors from 50 non-empty xors T: 0.00
c [xor-clean-equiv] removed equivalent xors: 0 left with: 50
c [matrix] unused xors from cleaning: 0
c [matrix] Good   matrix  0     50 x  100  density:0.2470  xorlen avg: 24.70
c [matrix] Using 1 matrices recovered from 0 xors T: 0.00 T-out: N
c rst  luby  svd  vmt   201   56K    3202   25K  3092    6.70    6.19     3    12   367   230   36.43   23.49
c rst  luby  svd  vmt   202   56K    3202   25K  3092    6.70    6.19     3    12   468   230   37.17   25.82
c rst  luby  svd  vmt   203   56K    3202   25K  3092    6.70    6.19     3    12   569   230   37.79   27.68
c rst  luby  svd  vmt   204   56K    3202   25K  3092    6.70    6.19     3    13   770   230   38.39   30.15
c rst  luby  svd  vmt   205   56K    3202   25K  3092    6.70    6.19     3    13   871   230   38.31   30.84
c rst  luby  svd  vmt   206   56K    3202   25K  3092    6.70    6.19     3    13   973   230   38.40   31.53
c rst  luby  svd  vmt   207   57K    3202   25K  3092    6.70    6.19     3    13  1174   230   38.76   32.80
c rst  luby  svd  vmt   208   57K    3202   25K  3092    6.70    6.19     3    13  1575   230   38.63   34.00
c rst  luby  svd  vmt   209   57K    3202   25K  3092    6.70    6.19     3    13  1677   230   38.52   34.15
c rst  luby  svd  vmt   210   57K    3202   25K  3092    6.70    6.19     3    13  1778   230   39.01   34.81
c rst  luby  svd  vmt   211   57K    3202   25K  3092    6.70    6.19     3    13  1981   230   39.40   35.54
c rst  luby  svd  vmt   212   58K    3202   25K  3092    6.70    6.19     3    13  2082   230   39.39   35.70
c rst  luby  svd  vmt   213   58K    3202   25K  3092    6.70    6.19     3    13  2184   230   39.39   35.85
c rst  luby  svd  vmt   214   58K    3202   25K  3092    6.70    6.19     3    13  2385   230   39.36   36.10
c rst  luby  svd  vmt   215   58K    3202   25K  3092    6.70    6.19     3    13  2787   230   39.20   36.38
c rst  luby  svd  vmt   216   59K    3202   25K  3092    6.70    6.19     3    13  3588   230   39.81   37.54
c rst  luby  svd  vmt   217   61K    3202   25K  3092    6.70    6.19     4    13  3861   230   39.68   37.57
c [full-probe]  bin_only: 1 set: 0 repl: 0 T: 0.00 T-out: N T-r: 99.87%
c rst  geom best  vmt   218   61K    3202   25K  3092    6.70    6.19     4    13  3972   230   39.44   37.40
c rst  geom best  vmt   219   61K    3202   25K  3092    6.70    6.19     4    13  4094   230   39.28   37.30
c rst  geom best  vmt   220   61K    3202   25K  3092    6.70    6.19     4    13  4228   230   38.99   37.09
c rst  geom best  vmt   221   61K    3202   25K  3092    6.70    6.19     5    13  4376   230   38.82   36.99
c rst  geom best  vmt   222   61K    3202   25K  3092    6.70    6.19     5    13  4540   230   38.53   36.78
c rst  geom best  vmt   223   62K    3202   25K  3092    6.70    6.19     5    13  4718   230   38.14   36.46
c rst  geom best  vmt   224   62K    3202   25K  3092    6.70    6.19     5    13  4913   230   37.94   36.33
c rst  geom best  vmt   225   62K    3202   25K  3092    6.70    6.19     5    13  5126   230   37.96   36.42
c rst  geom best  vmt   226   62K    3202   25K  3092    6.70    6.19     5    13  5361   230   38.13   36.65
c rst  geom best  vmt   227   62K    3202   25K  3092    6.70    6.19     5    13  5619   230   38.24   36.82
c [branch] adjusting to: vsid (from: vmtf) var_decay:0.95 descr: VSIDS
c rst  geom best   vs   228   63K    3202   25K  3092    6.70    6.19     5    13  5730   230   38.27   36.87
c rst  geom best   vs   229   63K    3202   25K  3092    6.70    6.19     5    13  5854   230   38.32   36.95
c rst  geom best   vs   230   63K    3202   25K  3092    6.70    6.19     5    13  5991   230   38.34   37.00
c rst  geom best   vs   231   63K    3202   25K  3092    6.70    6.19     5    13  6139   230   38.34   37.03
c rst  geom best   vs   232   63K    3202   25K  3092    6.70    6.19     5    13  6300   230   38.26   36.99
c rst  geom best   vs   233   63K    3202   25K  3092    6.70    6.19     5    13  6477   230   38.16   36.92
c rst  geom best   vs   234   63K    3202   25K  3092    6.70    6.19     5    13  6672   230   38.15   36.95
c rst  geom best   vs   235   64K    3202   25K  3092    6.70    6.19     5    13  6885   230   38.13   36.97
c rst  geom best   vs   236   64K    3202   25K  3092    6.70    6.19     5    13  7119   230   38.12   37.00
c rst  geom best   vs   237   64K    3202   25K  3092    6.70    6.19     5    13  7376   230   38.10   37.01
c rst  geom best   vs   238   64K    3202   25K  3092    6.70    6.19     5    13  7658   230   38.05   37.00
c rst  geom best   vs   239   65K    3202   25K  3092    6.70    6.19     5    13  7968   230   37.97   36.97
c rst  geom best   vs   240   65K    3202   25K  3092    6.70    6.19     5    13  8309   230   37.92   36.96
c rst  geom best   vs   241   66K    3202   25K  3092    6.70    6.19     5    13  8682   230   37.83   36.90
c rst  geom best   vs   242   66K    3202   25K  3092    6.70    6.19     5    13  9092   230   37.74   36.86
c [distill-long-red0] cls tried: 3/3 T: 0.00 T-out: N T-r: 99.99%
c [distill-long-red1] cls tried: 2/2 T: 0.00 T-out: N T-r: 99.55%
c rst  geom best   vs   243   66K    3202   25K  3092    6.70    6.19     5    13  9546   230   37.75   36.91
c rst  geom  stb   vs   244   67K    3202   25K  3092    6.70    6.19     5    18 10036   230   37.55   36.76
c rst  geom  stb   vs   245   67K    3202   25K  3092    6.70    6.19     5    19 10580   230   37.51   36.76
c rst  geom  stb   vs   246   68K    3202   25K  3092    6.70    6.19     5    19 11178   230   37.39   36.68
c rst  geom  stb   vs   247   69K    3202   25K  3092    6.70    6.19     5    19 11835   230   37.38   36.71
c rst  geom  stb   vs   248   69K    3202   25K  3092    6.70    6.19     5    20 12556   230   37.22   36.59
c rst  geom  stb   vs   249   70K    3202   25K  3092    6.70    6.19     6    19 13349   230   37.26   36.67
c rst  geom  stb   vs   250   71K    3202   25K  3092    6.70    6.19     6    19 14221   230   37.14   36.58
c rst  geom  stb   vs   251   72K    3202   25K  3092    6.70    6.19     6    19 15182   230   36.90   36.38
c rst  geom  stb   vs   252   73K    3202   25K  3092    6.70    6.19     6    19 16237   230   36.72   36.24
c [distill-bin] useful: 0/3092/3092 lits-rem: 0 cl-rem: 0 0-depth-assigns: 0 T: 0.01 T-out: N
c rst  geom ibes   vs   253   74K    3202   25K  3092    6.70    6.19     6    23 17392   230   36.29   35.85
c [branch] adjusting to: vmtf (from: vsid) var_decay:0.95 descr: VMTF
c rst  luby ibes  vmt   254   74K    3202   25K  3092    6.70    6.19     6    29 17488   230   36.21   35.77
c rst  luby ibes  vmt   255   74K    3202   25K  3092    6.70    6.19     6    34 17584   230   36.24   35.80
c rst  luby ibes  vmt   256   75K    3202   25K  3092    6.70    6.19     6    71 13036   230   34.80   34.24
c rst  luby ibes  vmt   257   75K    3202   25K  3092    6.70    6.19     6    71 13140   230   34.79   34.23
c rst  luby ibes  vmt   258   75K    3202   25K  3092    6.70    6.19     6    72 13240   230   34.88   34.32
c rst  luby ibes  vmt   259   75K    3202   25K  3092    6.70    6.19     6    73 13440   230   34.91   34.36
c rst  luby ibes  vmt   260   75K    3202   25K  3092    6.70    6.19     6    73 13842   230   34.99   34.45
c rst  luby ibes  vmt   261   76K    3202   25K  3092    6.70    6.19     6    73 13943   230   34.98   34.44
c rst  luby ibes  vmt   262   76K    3202   25K  3092    6.70    6.19     6    74 14046   230   34.98   34.45
c rst  luby ibes  vmt   263   76K    3202   25K  3092    6.70    6.19     6    74 14247   230   34.94   34.42
c rst  luby ibes  vmt   264   76K    3202   25K  3092    6.70    6.19     6    74 14348   230   34.98   34.46
c rst  luby ibes  vmt   265   76K    3202   25K  3092    6.70    6.19     6    74 14452   230   35.01   34.50
c rst  luby ibes  vmt   266   76K    3202   25K  3092    6.70    6.19     6    74 14654   230   35.01   34.50
c rst  luby ibes  vmt   267   77K    3202   25K  3092    6.70    6.19     6    75 15056   230   35.14   34.65
c [distill] watch-based irred--  cl tried    31538 cl-sh     0 cl-rem    0 lit-rem      0 T: 0.04 T-out: Y
c [distill] watch-based   red--  cl tried       12 cl-sh     0 cl-rem    0 lit-rem      0 T: 0.00 T-out: N
c rst  luby ibes  vmt   268   77K    3202   25K  3092    6.70    6.19     6    76 15857   230   35.20   34.73
c rst  luby ibes  vmt   269   78K    3202   25K  3092    6.70    6.19     6    76 15958   230   35.21   34.74
c rst  luby ibes  vmt   270   78K    3202   25K  3092    6.70    6.19     6    76 16059   230   35.20   34.73
c rst  luby ibes  vmt   271   78K    3202   25K  3092    6.70    6.19     6    77 16259   230   35.24   34.78
c rst  luby ibes  vmt   272   78K    3202   25K  3092    6.70    6.19     6    77 16361   230   35.25   34.79
c rst  luby ibes  vmt   273   78K    3202   25K  3092    6.70    6.19     6    77 16462   230   35.22   34.76
c rst  luby ibes  vmt   274   78K    3202   25K  3092    6.70    6.19     6    77 16664   230   35.20   34.75
c rst  luby ibes  vmt   275   79K    3202   25K  3092    6.70    6.19     6    78 17067   230   35.23   34.79
c rst  luby ibes  vmt   276   79K    3202   25K  3092    6.70    6.19     6    81 17165   230   35.26   34.82
c rst  luby ibes  vmt   277   79K    3202   25K  3092    6.70    6.19     6    81 17266   230   35.25   34.81
c rst  luby  svd  vmt   278   79K    3202   25K  3092    6.70    6.19     6    81 17467   230   35.23   34.80
c rst  luby  svd  vmt   279   79K    3202   25K  3092    6.70    6.19     6    81 17568   230   35.28   34.86
c rst  luby  svd  vmt   280   79K    3202   25K  3092    6.70    6.19     6    81 17669   230   35.33   34.91
c rst  luby  svd  vmt   281   79K    3202   25K  3092    6.70    6.19     6    81 17871   230   35.44   35.02
c rst  luby  svd  vmt   282   80K    3202   25K  3092    6.70    6.19    18    67 18274   230   35.73   35.31
c rst  luby  svd  vmt   283   81K    3202   25K  3092    6.70    6.19    18    68 19075   230   35.92   35.52
c rst  luby  svd  vmt   284   82K    3202   25K  3092    6.70    6.19    18    68   20K   230   36.24   35.86
c [distill-long-red0] cls tried: 12/12 T: 0.00 T-out: N T-r: 99.97%
c [distill-long-red1] cls tried: 58/58 T: 0.00 T-out: N T-r: 71.80%
c [full-probe]  bin_only: 0 set: 0 repl: 0 T: 0.00 T-out: N T-r: 98.64%
c rst  luby  svd  vmt   285   82K    3202   25K  3092    6.70    6.19    18    68   20K   230   36.23   35.86
c rst  luby  svd  vmt   286   82K    3202   25K  3092    6.70    6.19    18    68   20K   230   36.25   35.88
c rst  luby  svd  vmt   287   83K    3202   25K  3092    6.70    6.19    18    68   21K   230   36.30   35.93
c rst  luby  svd  vmt   288   83K    3202   25K  3092    6.70    6.19    18    68   21K   230   36.33   35.96
c rst  luby  svd  vmt   289   83K    3202   25K  3092    6.70    6.19    18    68   21K   230   36.36   35.99
c rst  luby  svd  vmt   290   83K    3202   25K  3092    6.70    6.19    18    68   21K   230   36.41   36.05
c rst  luby  svd  vmt   291   83K    3202   25K  3092    6.70    6.19    18    68   21K   230   36.48   36.12
c rst  luby  svd  vmt   292   84K    3202   25K  3092    6.70    6.19    18    68   21K   230   36.50   36.14
c rst  luby  svd  vmt   293   84K    3202   25K  3092    6.70    6.19    18    69   22K   230   36.50   36.15
c rst  luby  svd  vmt   294   84K    3202   25K  3092    6.70    6.19    18    71   22K   230   36.52   36.17
c rst  luby  svd  vmt   295   84K    3202   25K  3092    6.70    6.19    18    71   22K   230   36.54   36.19
c rst  luby  svd  vmt   296   84K    3202   25K  3092    6.70    6.19    18    71   22K   230   36.56   36.22
c rst  luby  svd  vmt   297   84K    3202   25K  3092    6.70    6.19    18    72   22K   230   36.60   36.25
c rst  luby  svd  vmt   298   85K    3202   25K  3092    6.70    6.19    18    72   23K   230   36.60   36.26
c rst  luby  svd  vmt   299   86K    3202   25K  3092    6.70    6.19    18    72   23K   230   36.41   36.08
c rst  geom best  vmt   300   86K    3202   25K  3092    6.70    6.19    18    72   24K   230   36.39   36.06
c rst  geom best  vmt   301   86K    3202   25K  3092    6.70    6.19    18    72   24K   230   36.37   36.05
c rst  geom best  vmt   302   86K    3202   25K  3092    6.70    6.19    18    72   24K   230   36.34   36.02
c rst  geom best  vmt   303   86K    3202   25K  3092    6.70    6.19    18    72   24K   230   36.35   36.03
c rst  geom best  vmt   304   86K    3202   25K  3092    6.70    6.19    18    72   24K   230   36.34   36.02
c rst  geom best  vmt   305   86K    3202   25K  3092    6.70    6.19    18    72   24K   230   36.35   36.03
c rst  geom best  vmt   306   87K    3202   25K  3092    6.70    6.19    18    72   24K   230   36.33   36.02
c rst  geom best  vmt   307   87K    3202   25K  3092    6.70    6.19    18    72   25K   230   36.33   36.02
c rst  geom best  vmt   308   87K    3202   25K  3092    6.70    6.19    18    72   25K   230   36.27   35.97
c rst  geom best  vmt   309   87K    3202   25K  3092    6.70    6.19    23   100   25K   230   36.29   35.99
c [branch] adjusting to: vsid (from: vmtf) var_decay:0.95 descr: VSIDS
c rst  geom best   vs   310   87K    3202   25K  3092    6.70    6.19    23   100   25K   230   36.29   35.98
c rst  geom best   vs   311   88K    3202   25K  3092    6.70    6.19    23   100   25K   230   36.29   35.99
c rst  geom best   vs   312   88K    3202   25K  3092    6.70    6.19    23   100   25K   230   36.28   35.98
c [ccnr] tries: 0 steps: 262143 best found: 6
c [ccnr] saving best assignment phase to stable_polar
c [ccnr] bumping based on var unsat frequency: conflict_ct
c [ccnr] Bumped vars: 3202 bump type: 6
c [ccnr] time: 0.33
c rst  geom best   vs   313   88K    3202   25K  3092    6.70    6.19    23   103   26K   230   36.27   35.97
c rst  geom best   vs   314   88K    3202   25K  3092    6.70    6.19    23   104   26K   230   36.23   35.94
c rst  geom best   vs   315   88K    3202   25K  3092    6.70    6.19    23   104   26K   230   36.22   35.92
c rst  geom best   vs   316   88K    3202   25K  3092    6.70    6.19    23   105   26K   230   36.14   35.85
c rst  geom best   vs   317   89K    3202   25K  3092    6.70    6.19    23   105   26K   230   36.08   35.79
c rst  geom best   vs   318   89K    3202   25K  3092    6.70    6.19    23   105   27K   230   36.03   35.75
c rst  geom best   vs   319   89K    3202   25K  3092    6.70    6.19    23   109   27K   230   35.98   35.70
c rst  geom best   vs   320   89K    3202   25K  3092    6.70    6.19    23   110   27K   230   35.94   35.66
c rst  geom best   vs   321   90K    3202   25K  3092    6.70    6.19    57   104 19434   230   35.92   35.53
c rst  geom best   vs   322   90K    3202   25K  3092    6.70    6.19    57   104 19774   230   35.82   35.43
c rst  geom best   vs   323   90K    3202   25K  3092    6.70    6.19    57   104   20K   230   35.75   35.37
c rst  geom best   vs   324   91K    3202   25K  3092    6.70    6.19    57   104   20K   230   35.62   35.25
c rst  geom best   vs   325   91K    3202   25K  3092    6.70    6.19    57   104   21K   230   35.48   35.12
c rst  geom best   vs   326   92K    3202   25K  3092    6.70    6.19    57   104   21K   230   35.36   35.01
c rst  geom  stb   vs   327   92K    3202   25K  3092    6.70    6.19    58   104   22K   230   35.42   35.08
c rst  geom  stb   vs   328   93K    3202   25K  3092    6.70    6.19    58   104   22K   230   35.36   35.03
c rst  geom  stb   vs   329   93K    3202   25K  3092    6.70    6.19    58   105   23K   230   35.31   34.98
c [distill-bin] useful: 0/3092/3092 lits-rem: 0 cl-rem: 0 0-depth-assigns: 0 T: 0.01 T-out: N
c rst  geom  stb   vs   330   94K    3202   25K  3092    6.70    6.19    58   105   24K   230   35.26   34.94
c rst  geom  stb   vs   331   95K    3202   25K  3092    6.70    6.19    58   105   24K   230   35.22   34.92
c rst  geom  stb   vs   332   96K    3202   25K  3092    6.70    6.19    58   105   25K   230   35.13   34.84
c rst  geom  stb   vs   333   97K    3202   25K  3092    6.70    6.19    58   105   26K   230   35.13   34.85
c rst  geom  stb   vs   334   98K    3202   25K  3092    6.70    6.19    58   105   27K   230   35.18   34.91
c [distill-long-red0] cls tried: 30/30 T: 0.00 T-out: N T-r: 99.95%
c [distill-long-red1] cls tried: 47/47 T: 0.00 T-out: N T-r: 75.33%
c rst  geom ibes   vs   335   99K    3202   25K  3092    6.70    6.19    58   109   28K   230   34.88   34.62
c rst  geom ibes   vs   336  100K    3202   25K  3092    6.70    6.19    66   101   30K   230   34.58   34.33
c [impl-str] lit bin: 0 set-var: 0 T: 0.00 T-out: N T-r: 99.94% w-visit: 6404
c [impl-sub] bin: 1 T: 0.00 T-out: N w-visit: 6404
c rst  geom ibes   vs   337  102K    3202   25K  3092    6.70    6.19    66   102   31K   229   34.33   34.10
c [branch] adjusting to: vmtf (from: vsid) var_decay:0.95 descr: VMTF
c [distill] watch-based irred--  cl tried    29931 cl-sh     0 cl-rem    0 lit-rem      0 T: 0.04 T-out: Y
c [distill] watch-based   red--  cl tried      132 cl-sh     0 cl-rem    0 lit-rem      0 T: 0.00 T-out: N
c rst  luby ibes  vmt   338  102K    3202   25K  3092    6.70    6.19    67   109   31K   229   34.33   34.10
c rst  luby ibes  vmt   339  102K    3202   25K  3092    6.70    6.19    68   117   31K   229   34.29   34.06
c rst  luby ibes  vmt   340  102K    3202   25K  3092    6.70    6.19    69   126   31K   229   34.30   34.07
c rst  luby ibes  vmt   341  102K    3202   25K  3092    6.70    6.19    69   126   32K   229   34.31   34.08
c rst  luby ibes  vmt   342  102K    3202   25K  3092    6.70    6.19    69   126   32K   229   34.31   34.08
c [full-probe]  bin_only: 1 set: 0 repl: 0 T: 0.01 T-out: N T-r: 99.74%
c rst  luby ibes  vmt   343  103K    3202   25K  3092    6.70    6.19    70   127   32K   229   34.35   34.12
c rst  luby ibes  vmt   344  103K    3202   25K  3092    6.70    6.19    70   127   32K   229   34.41   34.19
c rst  luby ibes  vmt   345  103K    3202   25K  3092    6.70    6.19    70   127   32K   229   34.44   34.22
c rst  luby ibes  vmt   346  103K    3202   25K  3092    6.70    6.19    70   127   32K   229   34.45   34.23
c rst  luby ibes  vmt   347  103K    3202   25K  3092    6.70    6.19    70   127   33K   229   34.47   34.25
c rst  luby ibes  vmt   348  103K    3202   25K  3092    6.70    6.19    70   127   33K   229   34.47   34.25
c rst  luby ibes  vmt   349  104K    3202   25K  3092    6.70    6.19    70   130   33K   229   34.50   34.28
c rst  luby ibes  vmt   350  104K    3202   25K  3092    6.70    6.19    70   130   33K   229   34.53   34.31
c rst  luby ibes  vmt   351  104K    3202   25K  3092    6.70    6.19    70   130   33K   229   34.57   34.35
c rst  luby  svd  vmt   352  105K    3202   25K  3092    6.70    6.19    72   159   25K   229   34.04   33.75
c rst  luby  svd  vmt   353  105K    3202   25K  3092    6.70    6.19    72   159   25K   229   34.04   33.76
c rst  luby  svd  vmt   354  105K    3202   25K  3092    6.70    6.19    72   159   25K   229   34.07   33.78
c rst  luby  svd  vmt   355  105K    3202   25K  3092    6.70    6.19    72   159   25K   229   34.13   33.84
c rst  luby  svd  vmt   356  105K    3202   25K  3092    6.70    6.19    72   160   25K   229   34.13   33.85
c rst  luby  svd  vmt   357  106K    3202   25K  3092    6.70    6.19    72   160   25K   229   34.16   33.88
c rst  luby  svd  vmt   358  106K    3202   25K  3092    6.70    6.19    72   160   25K   229   34.24   33.96
c rst  luby  svd  vmt   359  106K    3202   25K  3092    6.70    6.19    72   161   26K   229   34.39   34.11
c rst  luby  svd  vmt   360  106K    3202   25K  3092    6.70    6.19    72   161   26K   229   34.42   34.14
c rst  luby  svd  vmt   361  106K    3202   25K  3092    6.70    6.19    72   161   26K   229   34.44   34.16
c rst  luby  svd  vmt   362  107K    3202   25K  3092    6.70    6.19    72   161   26K   229   34.49   34.22
c rst  luby  svd  vmt   363  107K    3202   25K  3092    6.70    6.19    72   162   26K   229   34.53   34.26
c rst  luby  svd  vmt   364  107K    3202   25K  3092    6.70    6.19    72   162   26K   229   34.57   34.29
c rst  luby  svd  vmt   365  107K    3202   25K  3092    6.70    6.19    72   163   27K   229   34.60   34.33
c rst  luby  svd  vmt   366  107K    3202   25K  3092    6.70    6.19    72   163   27K   229   34.63   34.37
c rst  luby  svd  vmt   367  108K    3202   25K  3092    6.70    6.19    72   164   28K   229   34.89   34.63
c rst  luby  svd  vmt   368  110K    3202   25K  3092    6.70    6.19    94   142   29K   229   35.06   34.81
c rst  luby  svd  vmt   369  110K    3202   25K  3092    6.70    6.19    94   142   29K   229   35.08   34.83
c rst  luby  svd  vmt   370  110K    3202   25K  3092    6.70    6.19    94   142   30K   229   35.10   34.85
c rst  luby  svd  vmt   371  110K    3202   25K  3092    6.70    6.19    94   142   30K   229   35.11   34.87
c rst  luby  svd  vmt   372  110K    3202   25K  3092    6.70    6.19    94   142   30K   229   35.14   34.89
c rst  geom best  vmt   373  110K    3202   25K  3092    6.70    6.19    94   142   30K   229   35.11   34.87
c rst  geom best  vmt   374  111K    3202   25K  3092    6.70    6.19    94   142   30K   229   35.12   34.87
c rst  geom best  vmt   375  111K    3202   25K  3092    6.70    6.19    94   142   30K   229   35.12   34.87
c rst  geom best  vmt   376  111K    3202   25K  3092    6.70    6.19    94   142   30K   229   35.10   34.86
c rst  geom best  vmt   377  111K    3202   25K  3092    6.70    6.19    94   142   31K   229   35.10   34.86
c rst  geom best  vmt   378  111K    3202   25K  3092    6.70    6.19    94   142   31K   229   35.07   34.83
c rst  geom best  vmt   379  111K    3202   25K  3092    6.70    6.19    94   143   31K   229   35.03   34.80
c rst  geom best  vmt   380  112K    3202   25K  3092    6.70    6.19    94   143   31K   229   35.01   34.77
c rst  geom best  vmt   381  112K    3202   25K  3092    6.70    6.19    95   161   31K   229   34.91   34.67
c rst  geom best  vmt   382  112K    3202   25K  3092    6.70    6.19    95   161   32K   229   34.89   34.66
c rst  geom best  vmt   383  112K    3202   25K  3092    6.70    6.19    95   162   32K   229   34.85   34.62
c rst  geom best  vmt   384  113K    3202   25K  3092    6.70    6.19    95   162   32K   229   34.88   34.65
c rst  geom best  vmt   385  113K    3202   25K  3092    6.70    6.19    95   162   33K   229   34.84   34.61
c [distill-long-red0] cls tried: 20/20 T: 0.00 T-out: N T-r: 99.96%
c [distill-long-red1] cls tried: 74/74 T: 0.00 T-out: N T-r: 59.81%
c rst  geom best  vmt   386  113K    3202   25K  3092    6.70    6.19    95   163   33K   229   34.82   34.60
c rst  geom best  vmt   387  114K    3202   25K  3092    6.70    6.19    95   163   33K   229   34.77   34.55
c [distill-bin] useful: 0/3092/3092 lits-rem: 0 cl-rem: 0 0-depth-assigns: 0 T: 0.01 T-out: N
c rst  geom best  vmt   388  114K    3202   25K  3092    6.70    6.19    95   163   34K   229   34.77   34.55
c rst  geom best  vmt   389  115K    3202   25K  3092    6.70    6.19    95   163   34K   229   34.71   34.50
c rst  geom best  vmt   390  115K    3202   25K  3092    6.70    6.19    95   163   35K   229   34.66   34.46
c [gauss] XOR-encoding clauses are not detached, so no need to reattach them.
c [g 0] truth-find prop checks  : 1144K
c [g 0] -> of which prop        : 35.97 %
c [g 0] -> of which confl       :  1.59 %
c [g 0] elim called             : 146K
c [g 0] ---> which lead to prop : 157.67 %
c [g 0] ---> which lead to confl:  8.05 %
c [g 0] size: 50    x 100  
c [scc] new: 0 BP 0M T: 0.00
c [vrep] vars 0 lits 0 rem-bin-cls 0 rem-long-cls 0 BP 0M T: 0.01
c [intree] Set 0 vars hyper-added: 24 trans-irred: 0 trans-red: 0 T: 0.01 T-out: N T-r: -0.65%
c [find&init matx] performing matrix init
c [gauss] XOR-encoding clauses are not detached, so no need to reattach them.
c [xor-rem-unconnected] left with 323 xors from 323 non-empty xors T: 0.00
c [xor-together] xored together: 273 orig xors: 323 new xors: 50 T: 0.00
c [xor-rem-unconnected] left with 50 xors from 50 non-empty xors T: 0.00
c [xor-clean-equiv] removed equivalent xors: 0 left with: 50
c [matrix] unused xors from cleaning: 0
c [matrix] Good   matrix 0 50      x100    density:0.2470  xorlen avg: 24.70
c [matrix] Using 1 matrices recovered from 0 xors T: 0.00 T-out: N
c rst  geom best vmt  391   116 K 3202      25K  3092 6.70    6.19       95   163   35K   253 34.61   34.39  
c rst  geom best vmt  392   117 K 3202      25K  3092 6.70    6.19       95   163   36K   253 34.57   34.35  
c rst  geom stb  vmt  393   117 K 3202      25K  3092 6.70    6.19       95   163   37K   253 34.79   34.57  
c [branch] adjusting to: vsid (from: vmtf) var_decay:0.95 descr: VSIDS
c rst  geom stb  vs   394   117 K 3202      25K  3092 6.70    6.19       95   163   37K   253 34.80   34.59  
c rst  geom stb  vs   395   117 K 3202      25K  3092 6.70    6.19       95   163   37K   253 34.81   34.59  
c rst  geom stb  vs   396   118 K 3202      25K  3092 6.70    6.19       95   163   37K   253 34.82   34.60  
c rst  geom stb  vs   397   118 K 3202      25K  3092 6.70    6.19       95   163   37K   253 34.82   34.61  
c rst  geom stb  vs   398   118 K 3202      25K  3092 6.70    6.19       95   163   37K   253 34.82   34.60  
c rst  geom stb  vs   399   118 K 3202      25K  3092 6.70    6.19       95   163   38K   253 34.83   34.61  
c rst  geom stb  vs   400   118 K 3202      25K  3092 6.70    6.19       95   164   38K   253 34.82   34.61  
c rst  geom stb  vs   401   119 K 3202      25K  3092 6.70    6.19       95   164   38K   253 34.82   34.60  
c rst  geom stb  vs   402   119 K 3202      25K  3092 6.70    6.19       95   164   38K   253 34.81   34.60  
c rst  geom stb  vs   403   119 K 3202      25K  3092 6.70    6.19       95   164   39K   253 34.83   34.62  
c rst  geom stb  vs   404   119 K 3202      25K  3092 6.70    6.19       95   164   39K   253 34.85   34.64  
c rst  geom stb  vs   405   120 K 3202      25K  3092 6.70    6.19      106   201   25K   253 34.63   34.31  
c rst  geom stb  vs   406   120 K 3202      25K  3092 6.70    6.19      106   201   25K   253 34.64   34.32  
c rst  geom stb  vs   407   120 K 3202      25K  3092 6.70    6.19      106   201   26K   253 34.65   34.34  
c rst  geom stb  vs   408   121 K 3202      25K  3092 6.70    6.19      106   201   26K   253 34.64   34.34  
c rst  geom stb  vs   409   121 K 3202      25K  3092 6.70    6.19      106   201   26K   253 34.68   34.38  
c rst  geom stb  vs   410   122 K 3202      25K  3092 6.70    6.19      106   201   27K   253 34.74   34.44  
c rst  geom stb  vs   411   122 K 3202      25K  3092 6.70    6.19      106   201   27K   253 34.74   34.45  
c rst  geom stb  vs   412   123 K 3202      25K  3092 6.70    6.19      106   201   28K   253 34.76   34.47  
c [full-probe]  bin_only: 0 set: 0 repl: 0 T: 0.01 T-out: N T-r: 98.12%
c rst  geom ibes vs   413   123 K 3202      25K  3092 6.70    6.19      106   203   29K   253 34.63   34.35  
c rst  geom ibes vs   414   124 K 3202      25K  3092 6.70    6.19      106   204   29K   253 34.43   34.17  
c rst  geom ibes vs   415   125 K 3202      25K  3092 6.70    6.19      106   204   30K   253 34.27   34.01  
c rst  geom ibes vs   416   126 K 3202      25K  3092 6.70    6.19      106   205   31K   253 34.18   33.93  
c rst  geom ibes vs   417   127 K 3202      25K  3092 6.70    6.19      106   213   32K   253 33.99   33.74  
c [distill] watch-based irred--  cl tried 30064    cl-sh 0     cl-rem 0    lit-rem 0      T: 0.04 T-out: Y
c [distill] watch-based red  --  cl tried 212      cl-sh 0     cl-rem 0    lit-rem 0      T: 0.00 T-out: N
c rst  geom ibes vs   418   128 K 3202      25K  3092 6.70    6.19      106   215   33K   253 33.87   33.64  
c rst  geom ibes vs   419   129 K 3202      25K  3092 6.70    6.19      106   225   34K   253 33.66   33.44  
c [distill-long-red0] cls tried: 1/1 T: 0.00 T-out: N T-r: 100.00%
c [distill-long-red1] cls tried: 73/73 T: 0.01 T-out: N T-r: 55.58%
c rst  geom ibes vs   420   130 K 3202      25K  3092 6.70    6.19      120   210   36K   253 33.76   33.54  
c rst  geom svd  vs   421   132 K 3202      25K  3092 6.70    6.19      120   211   37K   253 33.67   33.46  
c [ccnr] tries: 0 steps: 262143 best found: 2
c [ccnr] saving best assignment phase to stable_polar
c [ccnr] bumping based on var unsat frequency: conflict_ct
c [ccnr] Bumped vars: 3202 bump type: 6
c [ccnr] time: 0.34
c rst  geom svd  vs   422   133 K 3202      25K  3092 6.70    6.19      120   225   38K   253 33.64   33.44  
c rst  geom svd  vs   423   134 K 3202      25K  3092 6.70    6.19      120   225   39K   253 33.64   33.44  
c recursive minimization cost OK: 446Kcost/(% lits removed)
c [gauss] XOR-encoding clauses are not detached, so no need to reattach them.
c [g 0] truth-find prop checks  : 408K
c [g 0] -> of which prop        : 31.79 %
c [g 0] -> of which confl       :  1.23 %
c [g 0] elim called             : 44K
c [g 0] ---> which lead to prop : 149.36 %
c [g 0] ---> which lead to confl:  6.57 %
c [g 0] size: 50    x 100  
c --> Executing strategy token: scc-vrepl
c [scc] new: 0 BP 0M T: 0.00
c --> Executing strategy token: sub-impl
c [impl-sub] bin: 0 T: 0.00 T-out: N w-visit: 6404
c --> Executing strategy token: breakid
c --> Executing OCC strategy token(s): 'occ-backw-sub-str,occ-clean-implicit,occ-bve,occ-bva,occ-ternary-res,occ-xor,'
c [occ] mem usage for occur 2      MB
c [occ] Linked in IRRED BIN by default: 3092
c [occ] Linked in RED   BIN by default: 253
c [occ] mem usage for occur 0      MB
c Mem for watch alloc      : 5           MB (12.01     %)
c Mem for watch array      : 0           MB (0.32      %)
c --> Executing OCC strategy token: occ-backw-sub-str
c [occ-backw-sub-str-long-w-bins] subs: 0 str: 0 tried: 77056 0-depth ass: 0 T: 0.00 T-out: N T-r: 99.13%
c [occ-backw-sub-long-w-long] rem cl: 4 tried: 65153/65153 (100.0%) T: 0.01 T-out: N T-r: 96.90%
c [occ-backw-sub-str-long-w-long] sub: 0 str: 1 tried: 195459/65153 (300.0)  T: 0.08 T-out: N T-r: 86.21%
c --> Executing OCC strategy token: occ-clean-implicit
c --> Executing OCC strategy token: occ-bve
c [occ-empty-res] Empty resolvent elimed: 0 T: 0.00 T-out: N
c [occ-bve] turning off picosat-based irreg gate detection, added lits:  231K
c [occ-bve] iter v-elim 0
c cl_inc_rate=1.0, var_dec_rate=1.0 (grow=0)
c Reduced to 3202 vars, 28258 cls (grow=0)
c [occ-bve] iter v-elim 0
c cl_inc_rate=1.0, var_dec_rate=1.0 (grow=8)
c Reduced to 3202 vars, 28258 cls (grow=8)
c [occ-bve] iter v-elim 0
c cl_inc_rate=1.0, var_dec_rate=1.0 (grow=16)
c Reduced to 3202 vars, 28258 cls (grow=16)
c x n vars       : 3202
c #try to eliminate:  9606
c #var-elim        :     0
c #T-o: N
c #T-r: 99.98%
c #T  : 0.90
c [occur] 0.04 is overhead
c [occur] link-in T: 0.04 cleanup T: 0.00
c --> Executing OCC strategy token: occ-bva
c --> Executing OCC strategy token: occ-ternary-res
c [occ-ternary-res] Ternary res-tri: 0 res-bin: 0 sub: 0 str: 0 T: 0.00 T-out: N T-r: 99.80%
c --> Executing OCC strategy token: occ-xor
c [occ-xor] sort occur list T: 0.01
c [xor-clean-equiv] removed equivalent xors: 0 left with: 323
c [occ-xor] found    323 avg sz 5.5 min sz  4 max sz  6 T: 0.01 T-out: N T-r: 99.96%
c --> Executing strategy token: card-find
c --> Executing strategy token: cl-consolidate
c Not consolidating memory.
c --> Executing strategy token: scc-vrepl
c [scc] new: 0 BP 0M T: 0.00
c --> Executing strategy token: renumber
c --> Executing strategy token: bosphorus
c --> Executing strategy token: louvain-comms
c [consolidate] mini T: 0.00
c global_timeout_multiplier: 3.6300
c [branch] rebuilding order heap for all branchings. Current branching: vsid
c [find&init matx] performing matrix init
c [gauss] XOR-encoding clauses are not detached, so no need to reattach them.
c [xor-rem-unconnected] left with 323 xors from 323 non-empty xors T: 0.00
c [xor-together] xored together: 271 orig xors: 323 new xors: 52 T: 0.00
c [xor-rem-unconnected] left with 52 xors from 52 non-empty xors T: 0.00
c [xor-clean-equiv] removed equivalent xors: 0 left with: 52
c [matrix] unused xors from cleaning: 0
c [matrix] Good   matrix  0     52 x  104  density:0.2291  xorlen avg: 23.83
c [matrix] Using 1 matrices recovered from 0 xors T: 0.00 T-out: N
c [distill-bin] useful: 0/3092/3092 lits-rem: 0 cl-rem: 0 0-depth-assigns: 0 T: 0.01 T-out: N
c rst  geom  svd   vs   424  135K    3202   25K  3092    6.70    6.19   122   266   28K   253   33.46   33.19
c [branch] adjusting to: vmtf (from: vsid) var_decay:0.95 descr: VMTF
c rst  luby  svd  vmt   425  135K    3202   25K  3092    6.70    6.19   123   280   28K   253   33.41   33.14
c rst  luby  svd  vmt   426  135K    3202   25K  3092    6.70    6.19   124   284   28K   253   33.39   33.12
c rst  luby  svd  vmt   427  135K    3202   25K  3092    6.70    6.19   124   285   28K   253   33.44   33.17
c rst  luby  svd  vmt   428  135K    3202   25K  3092    6.70    6.19   124   287   28K   253   33.47   33.20
c rst  luby  svd  vmt   429  136K    3202   25K  3092    6.70    6.19   124   287   29K   253   33.50   33.23
c rst  luby  svd  vmt   430  136K    3202   25K  3092    6.70    6.19   125   287   29K   253   33.56   33.29
c rst  luby  svd  vmt   431  136K    3202   25K  3092    6.70    6.19   125   288   29K   253   33.65   33.39
c rst  luby  svd  vmt   432  136K    3202   25K  3092    6.70    6.19   125   288   29K   253   33.66   33.40
c rst  luby  svd  vmt   433  136K    3202   25K  3092    6.70    6.19   126   288   29K   253   33.67   33.40
c rst  luby  svd  vmt   434  137K    3202   25K  3092    6.70    6.19   126   289   30K   253   33.72   33.46
c rst  luby  svd  vmt   435  137K    3202   25K  3092    6.70    6.19   126   289   30K   253   33.75   33.49
c rst  luby  svd  vmt   436  137K    3202   25K  3092    6.70    6.19   126   289   30K   253   33.78   33.52
c rst  geom best  vmt   437  137K    3202   25K  3092    6.70    6.19   126   289   30K   253   33.77   33.51
c rst  geom best  vmt   438  137K    3202   25K  3092    6.70    6.19   126   289   30K   253   33.75   33.49
c rst  geom best  vmt   439  137K    3202   25K  3092    6.70    6.19   126   290   30K   253   33.76   33.50
c rst  geom best  vmt   440  137K    3202   25K  3092    6.70    6.19   126   290   30K   253   33.76   33.50
c rst  geom best  vmt   441  137K    3202   25K  3092    6.70    6.19   126   290   30K   253   33.76   33.50
c rst  geom best  vmt   442  138K    3202   25K  3092    6.70    6.19   126   290   31K   253   33.73   33.48
c rst  geom best  vmt   443  138K    3202   25K  3092    6.70    6.19   126   290   31K   253   33.73   33.48
c rst  geom best  vmt   444  138K    3202   25K  3092    6.70    6.19   126   291   31K   253   33.71   33.46
c rst  geom best  vmt   445  138K    3202   25K  3092    6.70    6.19   126   297   31K   253   33.65   33.40
c rst  geom best  vmt   446  139K    3202   25K  3092    6.70    6.19   126   297   32K   253   33.61   33.36
c rst  geom best  vmt   447  139K    3202   25K  3092    6.70    6.19   126   297   32K   253   33.61   33.36
c rst  geom best  vmt   448  139K    3202   25K  3092    6.70    6.19   126   300   32K   253   33.55   33.31
c rst  geom best  vmt   449  139K    3202   25K  3092    6.70    6.19   126   301   32K   253   33.54   33.30
c rst  geom best  vmt   450  140K    3202   25K  3092    6.70    6.19   139   288   33K   253   33.49   33.26
c rst  geom best  vmt   451  140K    3202   25K  3092    6.70    6.19   139   289   33K   253   33.44   33.21
c rst  geom best  vmt   452  141K    3202   25K  3092    6.70    6.19   139   291   34K   253   33.42   33.19
c rst  geom best  vmt   453  141K    3202   25K  3092    6.70    6.19   139   293   34K   253   33.39   33.17
c rst  geom best  vmt   454  142K    3202   25K  3092    6.70    6.19   139   294   35K   253   33.35   33.13
c rst  geom best  vmt   455  142K    3202   25K  3092    6.70    6.19   139   294   35K   253   33.33   33.11
c rst  geom best  vmt   456  143K    3202   25K  3092    6.70    6.19   139   294   36K   253   33.32   33.10
c [full-probe]  bin_only: 1 set: 0 repl: 0 T: 0.01 T-out: N T-r: 99.69%
c rst  geom best  vmt   457  144K    3202   25K  3092    6.70    6.19   139   294   37K   253   33.24   33.03
c rst  geom  stb  vmt   458  145K    3202   25K  3092    6.70    6.19   139   295   38K   253   33.46   33.26
c [distill-long-red0] cls tried: 13/13 T: 0.00 T-out: N T-r: 99.98%
c [distill-long-red1] cls tried: 96/96 T: 0.01 T-out: N T-r: 54.85%
c rst  geom  stb  vmt   459  145K    3202   25K  3092    6.70    6.19   139   297   38K   253   33.58   33.38
c rst  geom  stb  vmt   460  146K    3202   25K  3092    6.70    6.19   139   297   39K   253   33.76   33.56
c rst  geom  stb  vmt   461  147K    3202   25K  3092    6.70    6.19   139   301   40K   253   33.81   33.61
c rst  geom  stb  vmt   462  149K    3202   25K  3092    6.70    6.19   139   302   42K   253   33.79   33.61
c rst  geom  stb  vmt   463  150K    3202   25K  3092    6.70    6.19   155   297   28K   253   32.95   32.68
c rst  geom  stb  vmt   464  151K    3202   25K  3092    6.70    6.19   156   298   30K   253   33.05   32.80
c rst  geom ibes  vmt   465  153K    3202   25K  3092    6.70    6.19   157   308   31K   253   33.03   32.79
c [distill] watch-based irred--  cl tried    28884 cl-sh     0 cl-rem    0 lit-rem      0 T: 0.04 T-out: Y
c [distill] watch-based   red--  cl tried      314 cl-sh     0 cl-rem    0 lit-rem      0 T: 0.00 T-out: N
c rst  geom ibes  vmt   466  154K    3202   25K  3092    6.70    6.19   158   308   33K   253   33.38   33.15
c [branch] adjusting to: vsid (from: vmtf) var_decay:0.95 descr: VSIDS
c [distill-bin] useful: 0/3092/3092 lits-rem: 0 cl-rem: 0 0-depth-assigns: 0 T: 0.01 T-out: N
c rst  geom ibes   vs   467  155K    3202   25K  3092    6.70    6.19   158   309   33K   253   33.36   33.13
c rst  geom ibes   vs   468  155K    3202   25K  3092    6.70    6.19   158   309   33K   253   33.35   33.12
c rst  geom ibes   vs   469  155K    3202   25K  3092    6.70    6.19   158   310   33K   253   33.33   33.10
c rst  geom ibes   vs   470  155K    3202   25K  3092    6.70    6.19   158   310   34K   253   33.30   33.07
c rst  geom ibes   vs   471  155K    3202   25K  3092    6.70    6.19   158   311   34K   253   33.27   33.04
c rst  geom ibes   vs   472  155K    3202   25K  3092    6.70    6.19   158   311   34K   253   33.25   33.02
c rst  geom ibes   vs   473  156K    3202   25K  3092    6.70    6.19   158   311   34K   253   33.20   32.98
c rst  geom ibes   vs   474  156K    3202   25K  3092    6.70    6.19   158   313   34K   253   33.15   32.93
c rst  geom ibes   vs   475  156K    3202   25K  3092    6.70    6.19   158   313   35K   253   33.13   32.91
c rst  geom ibes   vs   476  156K    3202   25K  3092    6.70    6.19   158   313   35K   253   33.08   32.86
c rst  geom ibes   vs   477  157K    3202   25K  3092    6.70    6.19   158   313   35K   253   33.05   32.83
c rst  geom ibes   vs   478  157K    3202   25K  3092    6.70    6.19   158   313   35K   253   33.01   32.80
c rst  geom ibes   vs   479  157K    3202   25K  3092    6.70    6.19   158   314   36K   253   32.96   32.75
c rst  geom ibes   vs   480  158K    3202   25K  3092    6.70    6.19   158   314   36K   253   32.92   32.71
c rst  geom ibes   vs   481  158K    3202   25K  3092    6.70    6.19   158   315   37K   253   32.86   32.65
c rst  geom  svd   vs   482  158K    3202   25K  3092    6.70    6.19   158   315   37K   253   32.78   32.58
c rst  geom  svd   vs   483  159K    3202   25K  3092    6.70    6.19   158   315   37K   253   32.72   32.52
c rst  geom  svd   vs   484  159K    3202   25K  3092    6.70    6.19   158   318   38K   253   32.66   32.46
c rst  geom  svd   vs   485  160K    3202   25K  3092    6.70    6.19   187   273   39K   253   32.59   32.39
c [distill-long-red0] cls tried: 22/22 T: 0.00 T-out: N T-r: 99.97%
c [distill-long-red1] cls tried: 36/36 T: 0.00 T-out: N T-r: 79.31%
c rst  geom  svd   vs   486  161K    3202   25K  3092    6.70    6.19   187   273   39K   253   32.55   32.36
c [impl-str] lit bin: 0 set-var: 0 T: 0.00 T-out: N T-r: 99.94% w-visit: 6404
c [impl-sub] bin: 0 T: 0.00 T-out: N w-visit: 6404
c rst  geom  svd   vs   487  161K    3202   25K  3092    6.70    6.19   187   273   40K   253   32.48   32.29
c rst  geom  svd   vs   488  162K    3202   25K  3092    6.70    6.19   187   280   41K   253   32.36   32.18
c rst  geom  svd   vs   489  163K    3202   25K  3092    6.70    6.19   187   282   42K   253   32.35   32.17
c [full-probe]  bin_only: 0 set: 0 repl: 0 T: 0.01 T-out: N T-r: 97.79%
c rst  geom  svd   vs   490  164K    3202   25K  3092    6.70    6.19   187   282   43K   253   32.33   32.15
c rst  geom  svd   vs   491  165K    3202   25K  3092    6.70    6.19   190   334   32K   253   32.52   32.29
c rst  geom best   vs   492  166K    3202   25K  3092    6.70    6.19   190   334   33K   253   32.34   32.12
c rst  geom best   vs   493  168K    3202   25K  3092    6.70    6.19   190   334   34K   253   32.23   32.02
c rst  geom best   vs   494  169K    3202   25K  3092    6.70    6.19   191   337   36K   253   32.13   31.92
c rst  geom best   vs   495  170K    3202   25K  3092    6.70    6.19   200   325   37K   253   31.94   31.75
c rst  geom best   vs   496  172K    3202   25K  3092    6.70    6.19   200   327   39K   253   31.68   31.49
c rst  geom  stb   vs   497  174K    3202   25K  3092    6.70    6.19   200   327   41K   253   31.90   31.72
c rst  geom  stb   vs   498  176K    3202   25K  3092    6.70    6.19   200   327   43K   253   32.16   31.98
c [branch] adjusting to: vmtf (from: vsid) var_decay:0.95 descr: VMTF
c [distill-long-red0] cls tried: 6/6 T: 0.00 T-out: N T-r: 99.98%
c [distill-long-red1] cls tried: 60/60 T: 0.00 T-out: N T-r: 68.23%
c [distill-bin] useful: 0/3092/3092 lits-rem: 0 cl-rem: 0 0-depth-assigns: 0 T: 0.01 T-out: N
c [ccnr] tries: 0 steps: 262143 best found: 2
c [ccnr] saving best assignment phase to stable_polar
c [ccnr] bumping based on clause weights
c [ccnr] Bumped vars: 102 bump type: 6
c [ccnr] time: 0.34
c rst  luby  stb  vmt   499  176K    3202   25K  3092    6.70    6.19   200   331   43K   253   32.17   32.00
c rst  luby  stb  vmt   500  176K    3202   25K  3092    6.70    6.19   200   332   43K   253   32.21   32.04
c rst  luby  stb  vmt   501  176K    3202   25K  3092    6.70    6.19   200   336   43K   253   32.27   32.09
c rst  luby  stb  vmt   502  177K    3202   25K  3092    6.70    6.19   202   337   43K   253   32.29   32.12
c rst  luby  stb  vmt   503  177K    3202   25K  3092    6.70    6.19   202   337   44K   253   32.31   32.14
c rst  luby  stb  vmt   504  177K    3202   25K  3092    6.70    6.19   202   337   44K   253   32.37   32.19
c rst  luby  stb  vmt   505  177K    3202   25K  3092    6.70    6.19   203   339   44K   253   32.45   32.29
c rst  luby  stb  vmt   506  177K    3202   25K  3092    6.70    6.19   203   340   44K   253   32.48   32.31
c rst  luby  stb  vmt   507  177K    3202   25K  3092    6.70    6.19   203   341   44K   253   32.50   32.33
c rst  luby  stb  vmt   508  178K    3202   25K  3092    6.70    6.19   203   343   45K   253   32.54   32.37
c rst  luby  stb  vmt   509  178K    3202   25K  3092    6.70    6.19   203   344   45K   253   32.57   32.40
c [distill] watch-based irred--  cl tried    25191 cl-sh     0 cl-rem    0 lit-rem      0 T: 0.04 T-out: Y
c [distill] watch-based   red--  cl tried      406 cl-sh     0 cl-rem    0 lit-rem      0 T: 0.00 T-out: N
c rst  luby  stb  vmt   510  178K    3202   25K  3092    6.70    6.19   203   344   45K   253   32.58   32.41
c rst  luby  stb  vmt   511  178K    3202   25K  3092    6.70    6.19   203   344   45K   253   32.63   32.46
c rst  luby  stb  vmt   512  179K    3202   25K  3092    6.70    6.19   203   345   45K   253   32.72   32.55
c rst  luby  stb  vmt   513  179K    3202   25K  3092    6.70    6.19   204   346   46K   253   32.88   32.71
c rst  luby ibes  vmt   514  179K    3202   25K  3092    6.70    6.19   205   346   46K   253   32.88   32.72
c rst  luby ibes  vmt   515  180K    3202   25K  3092    6.70    6.19   205   347   46K   253   32.87   32.71
c rst  luby ibes  vmt   516  180K    3202   25K  3092    6.70    6.19   242   313   29K   253   31.78   31.53
c rst  luby ibes  vmt   517  180K    3202   25K  3092    6.70    6.19   242   313   29K   253   31.78   31.53
c rst  luby ibes  vmt   518  180K    3202   25K  3092    6.70    6.19   242   314   29K   253   31.80   31.55
c rst  luby ibes  vmt   519  180K    3202   25K  3092    6.70    6.19   242   315   29K   253   31.81   31.56
c rst  luby ibes  vmt   520  181K    3202   25K  3092    6.70    6.19   242   316   30K   253   31.82   31.57
c [gauss] XOR-encoding clauses are not detached, so no need to reattach them.
c [g 0] truth-find prop checks  : 994K
c [g 0] -> of which prop        : 32.48 %
c [g 0] -> of which confl       :  1.37 %
c [g 0] elim called             : 134K
c [g 0] ---> which lead to prop : 143.72 %
c [g 0] ---> which lead to confl:  6.42 %
c [g 0] size: 52    x 104  
c [scc] new: 0 BP 0M T: 0.00
c [vrep] vars 0 lits 0 rem-bin-cls 0 rem-long-cls 0 BP 0M T: 0.01
c [intree] Set 0 vars hyper-added: 0 trans-irred: 0 trans-red: 0 T: 0.01 T-out: N T-r: -0.57%
c [find&init matx] performing matrix init
c [gauss] XOR-encoding clauses are not detached, so no need to reattach them.
c [xor-rem-unconnected] left with 323 xors from 323 non-empty xors T: 0.00
c [xor-together] xored together: 271 orig xors: 323 new xors: 52 T: 0.00
c [xor-rem-unconnected] left with 52 xors from 52 non-empty xors T: 0.00
c [xor-clean-equiv] removed equivalent xors: 0 left with: 52
c [matrix] unused xors from cleaning: 0
c [matrix] Good   matrix 0 52      x104    density:0.2291  xorlen avg: 23.83
c [matrix] Using 1 matrices recovered from 0 xors T: 0.00 T-out: N
c rst  luby ibes vmt  521   181 K 3202      25K  3092 6.70    6.19      242   316   30K   253 31.82   31.58  
c rst  luby ibes vmt  522   181 K 3202      25K  3092 6.70    6.19      242   317   30K   253 31.83   31.59  
c rst  luby ibes vmt  523   181 K 3202      25K  3092 6.70    6.19      242   318   30K   253 31.84   31.60  
c rst  luby ibes vmt  524   181 K 3202      25K  3092 6.70    6.19      242   320   30K   253 31.83   31.59  
c rst  luby ibes vmt  525   181 K 3202      25K  3092 6.70    6.19      242   320   30K   253 31.83   31.59  
c rst  luby ibes vmt  526   181 K 3202      25K  3092 6.70    6.19      242   320   31K   253 31.86   31.62  
c rst  luby ibes vmt  527   182 K 3202      25K  3092 6.70    6.19      242   321   31K   253 31.97   31.74  
c rst  luby ibes vmt  528   183 K 3202      25K  3092 6.70    6.19      242   323   32K   253 32.19   31.96  
c rst  luby ibes vmt  529   184 K 3202      25K  3092 6.70    6.19      242   325   33K   253 32.63   32.41  
c [full-probe]  bin_only: 1 set: 0 repl: 0 T: 0.01 T-out: N T-r: 99.80%
c rst  luby ibes vmt  530   184 K 3202      25K  3092 6.70    6.19      242   325   34K   253 32.65   32.43  
c rst  luby ibes vmt  531   184 K 3202      25K  3092 6.70    6.19      242   327   34K   253 32.66   32.43  
c rst  luby ibes vmt  532   185 K 3202      25K  3092 6.70    6.19      242   327   34K   253 32.65   32.43  
c rst  luby ibes vmt  533   185 K 3202      25K  3092 6.70    6.19      242   328   34K   253 32.64   32.42  
c rst  luby ibes vmt  534   185 K 3202      25K  3092 6.70    6.19      242   328   34K   253 32.64   32.42  
c rst  luby ibes vmt  535   185 K 3202      25K  3092 6.70    6.19      242   329   34K   253 32.64   32.42  
c rst  luby ibes vmt  536   185 K 3202      25K  3092 6.70    6.19      242   332   35K   253 32.70   32.49  
c rst  luby ibes vmt  537   185 K 3202      25K  3092 6.70    6.19      242   332   35K   253 32.71   32.50  
c rst  luby ibes vmt  538   186 K 3202      25K  3092 6.70    6.19      242   332   35K   253 32.73   32.51  
c rst  luby ibes vmt  539   186 K 3202      25K  3092 6.70    6.19      242   332   35K   253 32.75   32.54  
c rst  luby ibes vmt  540   186 K 3202      25K  3092 6.70    6.19      242   332   35K   253 32.76   32.55  
c rst  luby ibes vmt  541   186 K 3202      25K  3092 6.70    6.19      242   332   35K   253 32.75   32.54  
c rst  luby ibes vmt  542   186 K 3202      25K  3092 6.70    6.19      242   333   35K   253 32.79   32.58  
c rst  luby ibes vmt  543   187 K 3202      25K  3092 6.70    6.19      242   346   36K   253 32.78   32.57  
c rst  luby svd  vmt  544   187 K 3202      25K  3092 6.70    6.19      242   351   37K   253 32.86   32.66  
c rst  luby svd  vmt  545   187 K 3202      25K  3092 6.70    6.19      242   351   37K   253 32.89   32.69  
c rst  luby svd  vmt  546   188 K 3202      25K  3092 6.70    6.19      242   351   37K   253 32.92   32.71  
c rst  luby svd  vmt  547   188 K 3202      25K  3092 6.70    6.19      242   351   37K   253 32.94   32.74  
c rst  luby svd  vmt  548   188 K 3202      25K  3092 6.70    6.19      243   354   37K   253 32.95   32.75  
c rst  luby svd  vmt  549   188 K 3202      25K  3092 6.70    6.19      243   355   37K   253 32.97   32.76  
c rst  luby svd  vmt  550   188 K 3202      25K  3092 6.70    6.19      243   355   37K   253 32.98   32.78  
c rst  luby svd  vmt  551   189 K 3202      25K  3092 6.70    6.19      243   355   38K   253 33.06   32.86  
c rst  luby svd  vmt  552   189 K 3202      25K  3092 6.70    6.19      243   355   38K   253 33.08   32.88  
c rst  luby svd  vmt  553   189 K 3202      25K  3092 6.70    6.19      243   355   38K   253 33.10   32.90  
c rst  luby svd  vmt  554   189 K 3202      25K  3092 6.70    6.19      243   355   38K   253 33.13   32.93  
c rst  luby svd  vmt  555   189 K 3202      25K  3092 6.70    6.19      243   355   38K   253 33.15   32.95  
c rst  luby svd  vmt  556   189 K 3202      25K  3092 6.70    6.19      243   355   38K   253 33.17   32.97  
c rst  luby svd  vmt  557   189 K 3202      25K  3092 6.70    6.19      243   355   39K   253 33.20   33.00  
c rst  luby svd  vmt  558   190 K 3202      25K  3092 6.70    6.19      298   260   39K   253 33.25   33.05  
c rst  luby svd  vmt  559   191 K 3202      25K  3092 6.70    6.19      298   260   40K   253 33.42   33.22  
c rst  luby svd  vmt  560   192 K 3202      25K  3092 6.70    6.19      298   263   42K   253 33.85   33.66  
c [distill-long-red0] cls tried: 54/54 T: 0.01 T-out: N T-r: 99.89%
c [distill-long-red1] cls tried: 48/48 T: 0.00 T-out: N T-r: 60.77%
c rst  luby svd  vmt  561   195 K 3202      25K  3092 6.70    6.19      300   290   27K   253 36.39   36.08  
c rst  geom best vmt  562   195 K 3202      25K  3092 6.70    6.19      300   291   27K   253 36.39   36.08  
c rst  geom best vmt  563   196 K 3202      25K  3092 6.70    6.19      300   292   27K   253 36.37   36.07  
c rst  geom best vmt  564   196 K 3202      25K  3092 6.70    6.19      300   294   27K   253 36.37   36.07  
c rst  geom best vmt  565   196 K 3202      25K  3092 6.70    6.19      300   297   27K   253 36.35   36.05  
c rst  geom best vmt  566   196 K 3202      25K  3092 6.70    6.19      300   306   28K   253 36.34   36.04  
c rst  geom best vmt  567   196 K 3202      25K  3092 6.70    6.19      300   306   28K   253 36.34   36.04  
c [distill-bin] useful: 0/3092/3092 lits-rem: 0 cl-rem: 0 0-depth-assigns: 0 T: 0.01 T-out: N
c rst  geom best vmt  568   196 K 3202      25K  3092 6.70    6.19      300   308   28K   253 36.32   36.02  
c rst  geom best vmt  569   197 K 3202      25K  3092 6.70    6.19      300   308   28K   253 36.25   35.96  
c rst  geom best vmt  570   197 K 3202      25K  3092 6.70    6.19      300   309   28K   253 36.23   35.94  
c rst  geom best vmt  571   197 K 3202      25K  3092 6.70    6.19      300   310   29K   253 36.26   35.97  
c rst  geom best vmt  572   197 K 3202      25K  3092 6.70    6.19      301   310   29K   253 36.24   35.95  
c [branch] adjusting to: vsid (from: vmtf) var_decay:0.95 descr: VSIDS
c rst  geom best vs   573   198 K 3202      25K  3092 6.70    6.19      301   310   29K   253 36.23   35.95  
c rst  geom best vs   574   198 K 3202      25K  3092 6.70    6.19      301   310   29K   253 36.23   35.94  
c rst  geom best vs   575   198 K 3202      25K  3092 6.70    6.19      301   310   29K   253 36.22   35.94  
c rst  geom best vs   576   198 K 3202      25K  3092 6.70    6.19      301   310   30K   253 36.21   35.93  
c rst  geom best vs   577   198 K 3202      25K  3092 6.70    6.19      301   310   30K   253 36.20   35.92  
c rst  geom best vs   578   198 K 3202      25K  3092 6.70    6.19      301   310   30K   253 36.19   35.91  
c rst  geom best vs   579   198 K 3202      25K  3092 6.70    6.19      301   310   30K   253 36.18   35.90  
c rst  geom best vs   580   199 K 3202      25K  3092 6.70    6.19      301   310   30K   253 36.16   35.88  
c rst  geom best vs   581   199 K 3202      25K  3092 6.70    6.19      301   310   30K   253 36.15   35.88  
c rst  geom best vs   582   199 K 3202      25K  3092 6.70    6.19      301   310   31K   253 36.13   35.87  
c rst  geom best vs   583   199 K 3202      25K  3092 6.70    6.19      301   311   31K   253 36.10   35.84  
c rst  geom best vs   584   200 K 3202      25K  3092 6.70    6.19      324   284   31K   253 36.09   35.83  
c rst  geom best vs   585   200 K 3202      25K  3092 6.70    6.19      325   284   32K   253 36.10   35.83  
c rst  geom best vs   586   200 K 3202      25K  3092 6.70    6.19      325   284   32K   253 36.08   35.82  
c rst  geom best vs   587   201 K 3202      25K  3092 6.70    6.19      325   284   32K   253 36.04   35.79  
c rst  geom best vs   588   201 K 3202      25K  3092 6.70    6.19      325   285   33K   253 36.07   35.82  
c rst  geom best vs   589   202 K 3202      25K  3092 6.70    6.19      325   285   33K   253 36.08   35.83  
c rst  geom best vs   590   202 K 3202      25K  3092 6.70    6.19      325   285   34K   253 36.04   35.80  
c rst  geom best vs   591   203 K 3202      25K  3092 6.70    6.19      325   285   35K   253 36.09   35.85  
c [distill] watch-based irred--  cl tried 29603    cl-sh 0     cl-rem 0    lit-rem 0      T: 0.04 T-out: Y
c [distill] watch-based red  --  cl tried 650      cl-sh 0     cl-rem 0    lit-rem 0      T: 0.00 T-out: N
c rst  geom stb  vs   592   204 K 3202      25K  3092 6.70    6.19      325   285   35K   253 36.01   35.77  
c rst  geom stb  vs   593   204 K 3202      25K  3092 6.70    6.19      325   285   36K   253 36.03   35.80  
c [full-probe]  bin_only: 0 set: 0 repl: 0 T: 0.01 T-out: N T-r: 97.88%
c rst  geom stb  vs   594   205 K 3202      25K  3092 6.70    6.19      325   285   37K   253 35.98   35.75  
c rst  geom stb  vs   595   206 K 3202      25K  3092 6.70    6.19      325   285   38K   253 35.95   35.73  
c rst  geom stb  vs   596   207 K 3202      25K  3092 6.70    6.19      325   286   39K   253 35.93   35.71  
c rst  geom stb  vs   597   208 K 3202      25K  3092 6.70    6.19      325   286   40K   253 35.98   35.77  
c [distill-long-red0] cls tried: 17/17 T: 0.00 T-out: N T-r: 99.97%
c [distill-long-red1] cls tried: 37/37 T: 0.00 T-out: N T-r: 67.97%
c rst  geom stb  vs   598   209 K 3202      25K  3092 6.70    6.19      325   288   41K   253 35.96   35.75  
c rst  geom stb  vs   599   210 K 3202      25K  3092 6.70    6.19      334   254   25K   253 35.81   35.48  
c rst  geom ibes vs   600   212 K 3202      25K  3092 6.70    6.19      334   255   26K   253 35.50   35.19  
c rst  geom ibes vs   601   213 K 3202      25K  3092 6.70    6.19      334   255   28K   253 35.32   35.02  
c rst  geom ibes vs   602   215 K 3202      25K  3092 6.70    6.19      334   256   29K   253 35.14   34.86  
c rst  geom ibes vs   603   217 K 3202      25K  3092 6.70    6.19      334   261   31K   253 34.75   34.49  
c [distill-bin] useful: 0/3092/3092 lits-rem: 0 cl-rem: 0 0-depth-assigns: 0 T: 0.01 T-out: N
c rst  geom ibes vs   604   219 K 3202      25K  3092 6.70    6.19      334   261   33K   253 34.45   34.21  
c rst  geom svd  vs   605   221 K 3202      25K  3092 6.70    6.19      342   244   35K   253 34.32   34.10  
c [impl-str] lit bin: 0 set-var: 0 T: 0.00 T-out: N T-r: 99.94% w-visit: 6404
c [impl-sub] bin: 0 T: 0.00 T-out: N w-visit: 6404
c [ccnr] tries: 0 steps: 262143 best found: 2
c [ccnr] saving best assignment phase to stable_polar
c [ccnr] bumping based on var unsat frequency: conflict_ct
c [ccnr] Bumped vars: 3202 bump type: 6
c [ccnr] time: 0.33
c rst  geom svd  vs   606   224 K 3202      25K  3092 6.70    6.19      342   244   38K   253 34.38   34.17  
c [branch] adjusting to: vmtf (from: vsid) var_decay:0.95 descr: VMTF
c [distill-long-red0] cls tried: 4/4 T: 0.00 T-out: N T-r: 99.99%
c [distill-long-red1] cls tried: 19/19 T: 0.00 T-out: N T-r: 87.96%
c rst  luby svd  vmt  607   224 K 3202      25K  3092 6.70    6.19      342   251   38K   253 34.36   34.15  
c rst  luby svd  vmt  608   224 K 3202      25K  3092 6.70    6.19      342   252   38K   253 34.38   34.18  
c rst  luby svd  vmt  609   224 K 3202      25K  3092 6.70    6.19      342   253   38K   253 34.41   34.20  
c rst  luby svd  vmt  610   224 K 3202      25K  3092 6.70    6.19      342   253   38K   253 34.43   34.22  
c rst  luby svd  vmt  611   224 K 3202      25K  3092 6.70    6.19      342   253   38K   253 34.44   34.23  
c [full-probe]  bin_only: 1 set: 0 repl: 0 T: 0.01 T-out: N T-r: 99.78%
c rst  luby svd  vmt  612   225 K 3202      25K  3092 6.70    6.19      343   277   28K   253 32.81   32.54  
c rst  luby svd  vmt  613   225 K 3202      25K  3092 6.70    6.19      343   277   28K   253 32.86   32.60  
c rst  luby svd  vmt  614   225 K 3202      25K  3092 6.70    6.19      344   277   28K   253 32.86   32.60  
c rst  luby svd  vmt  615   225 K 3202      25K  3092 6.70    6.19      344   278   28K   253 32.88   32.62  
c rst  luby svd  vmt  616   225 K 3202      25K  3092 6.70    6.19      344   278   28K   253 32.92   32.66  
c rst  luby svd  vmt  617   225 K 3202      25K  3092 6.70    6.19      344   279   29K   253 32.96   32.69  
c rst  luby svd  vmt  618   226 K 3202      25K  3092 6.70    6.19      344   279   29K   253 32.99   32.73  
c rst  luby svd  vmt  619   226 K 3202      25K  3092 6.70    6.19      344   279   29K   253 33.04   32.78  
c rst  luby svd  vmt  620   226 K 3202      25K  3092 6.70    6.19      344   279   29K   253 33.12   32.87  
c rst  luby svd  vmt  621   227 K 3202      25K  3092 6.70    6.19      344   279   30K   253 33.17   32.92  
c rst  geom best vmt  622   227 K 3202      25K  3092 6.70    6.19      344   279   30K   253 33.16   32.91  
c rst  geom best vmt  623   227 K 3202      25K  3092 6.70    6.19      344   279   30K   253 33.15   32.90  
c rst  geom best vmt  624   227 K 3202      25K  3092 6.70    6.19      344   280   30K   253 33.14   32.89  
c rst  geom best vmt  625   228 K 3202      25K  3092 6.70    6.19      345   281   31K   253 33.10   32.86  
c rst  geom best vmt  626   228 K 3202      25K  3092 6.70    6.19      346   286   31K   253 33.16   32.92  
c rst  geom best vmt  627   228 K 3202      25K  3092 6.70    6.19      346   286   31K   253 33.16   32.92  
c rst  geom best vmt  628   228 K 3202      25K  3092 6.70    6.19      346   286   31K   253 33.16   32.92  
c [distill] watch-based irred--  cl tried 29909    cl-sh 0     cl-rem 0    lit-rem 0      T: 0.04 T-out: Y
c [distill] watch-based red  --  cl tried 692      cl-sh 1     cl-rem 0    lit-rem 1      T: 0.00 T-out: N
c rst  geom best vmt  629   228 K 3202      25K  3092 6.70    6.19      346   287   31K   253 33.17   32.93  
c rst  geom best vmt  630   228 K 3202      25K  3092 6.70    6.19      346   289   32K   253 33.15   32.91  
c rst  geom best vmt  631   229 K 3202      25K  3092 6.70    6.19      346   289   32K   253 33.15   32.91  
c rst  geom best vmt  632   229 K 3202      25K  3092 6.70    6.19      346   290   32K   253 33.18   32.95  
c rst  geom best vmt  633   229 K 3202      25K  3092 6.70    6.19      346   293   32K   253 33.18   32.94  
c rst  geom best vmt  634   230 K 3202      25K  3092 6.70    6.19      368   263   33K   253 33.21   32.98  
c rst  geom best vmt  635   230 K 3202      25K  3092 6.70    6.19      368   263   33K   253 33.27   33.04  
c rst  geom best vmt  636   230 K 3202      25K  3092 6.70    6.19      368   265   34K   253 33.29   33.06  
c rst  geom best vmt  637   231 K 3202      25K  3092 6.70    6.19      368   265   34K   253 33.35   33.13  
c rst  geom best vmt  638   231 K 3202      25K  3092 6.70    6.19      370   269   34K   253 33.38   33.16  
c rst  geom best vmt  639   232 K 3202      25K  3092 6.70    6.19      370   269   35K   253 33.39   33.17  
c rst  geom best vmt  640   233 K 3202      25K  3092 6.70    6.19      370   271   36K   253 33.41   33.20  
c rst  geom best vmt  641   233 K 3202      25K  3092 6.70    6.19      370   274   36K   253 33.54   33.32  
c rst  geom best vmt  642   234 K 3202      25K  3092 6.70    6.19      370   274   37K   253 33.65   33.44  
c rst  geom best vmt  643   235 K 3202      25K  3092 6.70    6.19      370   275   38K   253 33.68   33.48  
c rst  geom stb  vmt  644   236 K 3202      25K  3092 6.70    6.19      371   278   39K   253 33.78   33.58  
c rst  geom stb  vmt  645   237 K 3202      25K  3092 6.70    6.19      371   278   40K   253 34.05   33.85  
c rst  geom stb  vmt  646   238 K 3202      25K  3092 6.70    6.19      371   278   41K   253 34.28   34.09  
c [distill-bin] useful: 0/3092/3092 lits-rem: 0 cl-rem: 0 0-depth-assigns: 0 T: 0.01 T-out: N
c rst  geom stb  vmt  647   239 K 3202      25K  3092 6.70    6.19      371   278   42K   253 34.50   34.31  
c [distill-long-red0] cls tried: 18/18 T: 0.00 T-out: N T-r: 99.97%
c [distill-long-red1] cls tried: 61/61 T: 0.01 T-out: N T-r: 56.98%
c rst  geom stb  vmt  648   240 K 3202      25K  3092 6.70    6.19      395   262   25K   253 35.07   34.76  
c rst  geom stb  vmt  649   241 K 3202      25K  3092 6.70    6.19      395   262   27K   253 35.25   34.95  
c rst  geom stb  vmt  650   243 K 3202      25K  3092 6.70    6.19      395   262   28K   253 35.38   35.09  
c rst  geom ibes vmt  651   244 K 3202      25K  3092 6.70    6.19      395   262   29K   253 35.29   35.02  
c recursive minimization cost OK: 657Kcost/(% lits removed)
c [gauss] XOR-encoding clauses are not detached, so no need to reattach them.
c [g 0] truth-find prop checks  : 1228K
c [g 0] -> of which prop        : 37.67 %
c [g 0] -> of which confl       :  1.51 %
c [g 0] elim called             : 138K
c [g 0] ---> which lead to prop : 183.18 %
c [g 0] ---> which lead to confl:  7.93 %
c [g 0] size: 52    x 104  
c --> Executing strategy token: scc-vrepl
c [scc] new: 0 BP 0M T: 0.00
c --> Executing strategy token: sub-impl
c [impl-sub] bin: 0 T: 0.00 T-out: N w-visit: 6404
c --> Executing strategy token: breakid
c --> Executing OCC strategy token(s): 'occ-backw-sub-str,occ-clean-implicit,occ-bve,occ-bva,occ-ternary-res,occ-xor,'
c [occ] mem usage for occur 2      MB
c [occ] Linked in IRRED BIN by default: 3092
c [occ] Linked in RED   BIN by default: 253
c [occ] mem usage for occur 0      MB
c Mem for watch alloc      : 7           MB (18.13     %)
c Mem for watch array      : 0           MB (0.37      %)
c --> Executing OCC strategy token: occ-backw-sub-str
c [occ-backw-sub-str-long-w-bins] subs: 0 str: 0 tried: 80401 0-depth ass: 0 T: 0.00 T-out: N T-r: 99.21%
c [occ-backw-sub-long-w-long] rem cl: 19 tried: 55295/55295 (100.0%) T: 0.01 T-out: N T-r: 97.34%
c [occ-backw-sub-str-long-w-long] sub: 0 str: 0 tried: 165885/55295 (300.0)  T: 0.08 T-out: N T-r: 88.49%
c --> Executing OCC strategy token: occ-clean-implicit
c --> Executing OCC strategy token: occ-bve
c [occ-empty-res] Empty resolvent elimed: 0 T: 0.00 T-out: N
c [occ-bve] turning off picosat-based irreg gate detection, added lits:  254K
c [occ-bve] iter v-elim 0
c cl_inc_rate=1.0, var_dec_rate=1.0 (grow=0)
c Reduced to 3202 vars, 28258 cls (grow=0)
c [occ-bve] iter v-elim 0
c cl_inc_rate=1.0, var_dec_rate=1.0 (grow=8)
c Reduced to 3202 vars, 28258 cls (grow=8)
c [occ-bve] iter v-elim 0
c cl_inc_rate=1.0, var_dec_rate=1.0 (grow=16)
c Reduced to 3202 vars, 28258 cls (grow=16)
c x n vars       : 3202
c #try to eliminate:  9606
c #var-elim        :     0
c #T-o: N
c #T-r: 99.98%
c #T  : 0.99
c [occur] 0.04 is overhead
c [occur] link-in T: 0.04 cleanup T: 0.00
c --> Executing OCC strategy token: occ-bva
c --> Executing OCC strategy token: occ-ternary-res
c [occ-ternary-res] Ternary res-tri: 0 res-bin: 0 sub: 0 str: 0 T: 0.00 T-out: N T-r: 99.85%
c --> Executing OCC strategy token: occ-xor
c [occ-xor] sort occur list T: 0.01
c [xor-clean-equiv] removed equivalent xors: 0 left with: 322
c [occ-xor] found    322 avg sz 5.5 min sz  4 max sz  6 T: 0.01 T-out: N T-r: 99.96%
c --> Executing strategy token: card-find
c --> Executing strategy token: cl-consolidate
c Not consolidating memory.
c --> Executing strategy token: scc-vrepl
c [scc] new: 0 BP 0M T: 0.00
c --> Executing strategy token: renumber
c --> Executing strategy token: bosphorus
c --> Executing strategy token: louvain-comms
c [consolidate] mini T: 0.00
c global_timeout_multiplier: 3.9930
c [branch] rebuilding order heap for all branchings. Current branching: vmtf
c [find&init matx] performing matrix init
c [gauss] XOR-encoding clauses are not detached, so no need to reattach them.
c [xor-rem-unconnected] left with 322 xors from 322 non-empty xors T: 0.00
c [xor-together] xored together: 270 orig xors: 322 new xors: 52 T: 0.00
c [xor-rem-unconnected] left with 52 xors from 52 non-empty xors T: 0.00
c [xor-clean-equiv] removed equivalent xors: 0 left with: 52
c [matrix] unused xors from cleaning: 0
c [matrix] Good   matrix  0     52 x  104  density:0.2284  xorlen avg: 23.75
c [matrix] Using 1 matrices recovered from 0 xors T: 0.00 T-out: N
c rst  geom ibes  vmt   652  245K    3202   25K  3092    6.70    6.19   382   267   30K   253   35.30   35.03
c [full-probe]  bin_only: 0 set: 0 repl: 0 T: 0.01 T-out: N T-r: 98.33%
c rst  geom ibes  vmt   653  247K    3202   25K  3092    6.70    6.19   383   277   32K   253   35.23   34.97
c [gauss] XOR-encoding clauses are not detached, so no need to reattach them.
c [g 0] truth-find prop checks  : 58K
c [g 0] -> of which prop        : 35.18 %
c [g 0] -> of which confl       :  1.62 %
c [g 0] elim called             : 7418
c [g 0] ---> which lead to prop : 165.95 %
c [g 0] ---> which lead to confl:  9.26 %
c [g 0] size: 52    x 104  
c [scc] new: 0 BP 0M T: 0.00
c [vrep] vars 0 lits 0 rem-bin-cls 0 rem-long-cls 0 BP 0M T: 0.00
c [intree] Set 0 vars hyper-added: 0 trans-irred: 0 trans-red: 0 T: 0.01 T-out: N T-r: 0.11%
c [find&init matx] performing matrix init
c [gauss] XOR-encoding clauses are not detached, so no need to reattach them.
c [xor-rem-unconnected] left with 322 xors from 322 non-empty xors T: 0.00
c [xor-together] xored together: 270 orig xors: 322 new xors: 52 T: 0.00
c [xor-rem-unconnected] left with 52 xors from 52 non-empty xors T: 0.00
c [xor-clean-equiv] removed equivalent xors: 0 left with: 52
c [matrix] unused xors from cleaning: 0
c [matrix] Good   matrix 0 52      x104    density:0.2284  xorlen avg: 23.75
c [matrix] Using 1 matrices recovered from 0 xors T: 0.00 T-out: N
c rst  geom ibes vmt  654   249 K 3202      25K  3092 6.70    6.19      385   282   34K   253 35.32   35.08  
c rst  geom ibes vmt  655   251 K 3202      25K  3092 6.70    6.19      410   240   36K   253 35.50   35.28  
c [branch] adjusting to: vsid (from: vmtf) var_decay:0.95 descr: VSIDS
c rst  geom svd  vs   656   251 K 3202      25K  3092 6.70    6.19      410   240   36K   253 35.50   35.28  
c rst  geom svd  vs   657   251 K 3202      25K  3092 6.70    6.19      410   242   36K   253 35.48   35.26  
c rst  geom svd  vs   658   251 K 3202      25K  3092 6.70    6.19      410   243   37K   253 35.46   35.24  
c rst  geom svd  vs   659   251 K 3202      25K  3092 6.70    6.19      410   243   37K   253 35.46   35.23  
c rst  geom svd  vs   660   252 K 3202      25K  3092 6.70    6.19      410   243   37K   253 35.43   35.21  
c rst  geom svd  vs   661   252 K 3202      25K  3092 6.70    6.19      410   244   37K   253 35.43   35.21  
c rst  geom svd  vs   662   252 K 3202      25K  3092 6.70    6.19      410   244   37K   253 35.39   35.17  
c rst  geom svd  vs   663   252 K 3202      25K  3092 6.70    6.19      410   244   37K   253 35.34   35.13  
c rst  geom svd  vs   664   252 K 3202      25K  3092 6.70    6.19      410   245   38K   253 35.32   35.10  
c rst  geom svd  vs   665   253 K 3202      25K  3092 6.70    6.19      410   245   38K   253 35.29   35.07  
c rst  geom svd  vs   666   253 K 3202      25K  3092 6.70    6.19      410   247   38K   253 35.27   35.06  
c rst  geom svd  vs   667   253 K 3202      25K  3092 6.70    6.19      410   249   39K   253 35.24   35.03  
c [distill] watch-based irred--  cl tried 33564    cl-sh 0     cl-rem 0    lit-rem 0      T: 0.04 T-out: Y
c [distill] watch-based red  --  cl tried 820      cl-sh 0     cl-rem 0    lit-rem 0      T: 0.00 T-out: N
c rst  geom svd  vs   668   254 K 3202      25K  3092 6.70    6.19      410   251   39K   253 35.19   34.98  
c rst  geom svd  vs   669   254 K 3202      25K  3092 6.70    6.19      410   254   39K   253 35.12   34.91  
c [distill-long-red0] cls tried: 21/21 T: 0.00 T-out: N T-r: 99.98%
c [distill-long-red1] cls tried: 53/53 T: 0.00 T-out: N T-r: 72.61%
c rst  geom svd  vs   670   254 K 3202      25K  3092 6.70    6.19      410   254   40K   253 35.05   34.85  
c rst  geom svd  vs   671   255 K 3202      25K  3092 6.70    6.19      413   283   25K   253 35.94   35.62  
c rst  geom svd  vs   672   255 K 3202      25K  3092 6.70    6.19      413   283   26K   253 35.95   35.64  
c rst  geom svd  vs   673   256 K 3202      25K  3092 6.70    6.19      413   285   26K   253 35.89   35.58  
c rst  geom svd  vs   674   256 K 3202      25K  3092 6.70    6.19      413   285   27K   253 35.87   35.57  
c rst  geom svd  vs   675   257 K 3202      25K  3092 6.70    6.19      413   285   28K   253 35.81   35.51  
c rst  geom svd  vs   676   258 K 3202      25K  3092 6.70    6.19      413   285   28K   253 35.63   35.35  
c [distill-bin] useful: 0/3092/3092 lits-rem: 0 cl-rem: 0 0-depth-assigns: 0 T: 0.01 T-out: N
c rst  geom svd  vs   677   259 K 3202      25K  3092 6.70    6.19      413   285   29K   253 35.58   35.30  
c rst  geom best vs   678   259 K 3202      25K  3092 6.70    6.19      413   287   30K   253 35.53   35.26  
c rst  geom best vs   679   260 K 3202      25K  3092 6.70    6.19      433   249   31K   253 35.49   35.23  
c rst  geom best vs   680   261 K 3202      25K  3092 6.70    6.19      433   252   32K   253 35.49   35.23  
c rst  geom best vs   681   263 K 3202      25K  3092 6.70    6.19      433   252   33K   253 35.41   35.17  
c rst  geom best vs   682   264 K 3202      25K  3092 6.70    6.19      433   252   34K   253 35.43   35.19  
c rst  geom best vs   683   265 K 3202      25K  3092 6.70    6.19      435   254   36K   253 35.25   35.03  
c [full-probe]  bin_only: 1 set: 0 repl: 0 T: 0.01 T-out: N T-r: 99.78%
c [ccnr] tries: 0 steps: 262143 best found: 2
c [ccnr] saving best assignment phase to stable_polar
c [ccnr] bumping based on var unsat frequency: conflict_ct
c [ccnr] Bumped vars: 3202 bump type: 6
c [ccnr] time: 0.33
c rst  geom best vs   684   267 K 3202      25K  3092 6.70    6.19      437   258   37K   253 35.06   34.85  
c rst  geom stb  vs   685   269 K 3202      25K  3092 6.70    6.19      438   259   39K   253 35.24   35.03  
c rst  geom stb  vs   686   270 K 3202      25K  3092 6.70    6.19      461   250   27K   253 33.56   33.28  
c [distill-long-red0] cls tried: 21/21 T: 0.00 T-out: N T-r: 99.97%
c [distill-long-red1] cls tried: 48/48 T: 0.00 T-out: N T-r: 75.28%
c rst  geom stb  vs   687   272 K 3202      25K  3092 6.70    6.19      460   252   29K   254 33.86   33.59  
c rst  geom stb  vs   688   275 K 3202      25K  3092 6.70    6.19      460   253   31K   254 34.16   33.91  
c rst  geom ibes vs   689   277 K 3202      25K  3092 6.70    6.19      460   255   33K   254 33.91   33.68  
c rst  geom ibes vs   690   280 K 3202      25K  3092 6.70    6.19      469   244   36K   254 33.56   33.35  
c [distill-bin] useful: 0/3092/3092 lits-rem: 0 cl-rem: 0 0-depth-assigns: 0 T: 0.01 T-out: N
c [distill] watch-based irred--  cl tried 31513    cl-sh 0     cl-rem 0    lit-rem 0      T: 0.04 T-out: Y
c [distill] watch-based red  --  cl tried 938      cl-sh 0     cl-rem 0    lit-rem 0      T: 0.00 T-out: N
c rst  geom ibes vs   691   283 K 3202      25K  3092 6.70    6.19      469   246   39K   254 33.43   33.23  
c [branch] adjusting to: vmtf (from: vsid) var_decay:0.95 descr: VMTF
c [impl-str] lit bin: 0 set-var: 0 T: 0.00 T-out: N T-r: 99.95% w-visit: 6404
c [impl-sub] bin: 0 T: 0.00 T-out: N w-visit: 6404
c rst  luby svd  vmt  692   283 K 3202      25K  3092 6.70    6.19      470   257   39K   254 33.39   33.19  
c rst  luby svd  vmt  693   283 K 3202      25K  3092 6.70    6.19      470   257   39K   254 33.39   33.19  
c rst  luby svd  vmt  694   283 K 3202      25K  3092 6.70    6.19      471   257   39K   254 33.42   33.22  
c rst  luby svd  vmt  695   283 K 3202      25K  3092 6.70    6.19      471   257   40K   254 33.44   33.25  
c rst  luby svd  vmt  696   284 K 3202      25K  3092 6.70    6.19      471   257   40K   254 33.46   33.27  
c rst  luby svd  vmt  697   284 K 3202      25K  3092 6.70    6.19      471   257   40K   254 33.51   33.32  
c rst  luby svd  vmt  698   284 K 3202      25K  3092 6.70    6.19      474   257   40K   254 33.56   33.37  
c rst  luby svd  vmt  699   284 K 3202      25K  3092 6.70    6.19      474   257   40K   254 33.57   33.38  
c rst  luby svd  vmt  700   284 K 3202      25K  3092 6.70    6.19      474   257   40K   254 33.58   33.39  
c rst  luby svd  vmt  701   285 K 3202      25K  3092 6.70    6.19      478   275   27K   254 33.33   33.05  
c rst  luby svd  vmt  702   285 K 3202      25K  3092 6.70    6.19      478   278   27K   254 33.34   33.06  
c rst  luby svd  vmt  703   285 K 3202      25K  3092 6.70    6.19      478   280   27K   254 33.36   33.08  
c rst  luby svd  vmt  704   285 K 3202      25K  3092 6.70    6.19      479   281   27K   254 33.40   33.13  
c rst  luby svd  vmt  705   285 K 3202      25K  3092 6.70    6.19      479   281   28K   254 33.48   33.21  
c [full-probe]  bin_only: 0 set: 0 repl: 0 T: 0.01 T-out: N T-r: 98.53%
c rst  luby svd  vmt  706   286 K 3202      25K  3092 6.70    6.19      480   282   28K   254 33.66   33.39  
c [distill-long-red0] cls tried: 10/10 T: 0.00 T-out: N T-r: 99.99%
c [distill-long-red1] cls tried: 41/41 T: 0.00 T-out: N T-r: 74.48%
c rst  luby svd  vmt  707   286 K 3202      25K  3092 6.70    6.19      480   282   28K   254 33.69   33.42  
c rst  luby svd  vmt  708   286 K 3202      25K  3092 6.70    6.19      480   284   29K   254 33.70   33.44  
c rst  luby svd  vmt  709   287 K 3202      25K  3092 6.70    6.19      480   285   29K   254 33.72   33.45  
c rst  luby svd  vmt  710   287 K 3202      25K  3092 6.70    6.19      480   285   29K   254 33.74   33.48  
c rst  luby svd  vmt  711   287 K 3202      25K  3092 6.70    6.19      480   285   29K   254 33.76   33.49  
c rst  luby svd  vmt  712   287 K 3202      25K  3092 6.70    6.19      480   285   29K   254 33.77   33.51  
c rst  luby svd  vmt  713   287 K 3202      25K  3092 6.70    6.19      480   286   30K   254 33.82   33.56  
c rst  luby svd  vmt  714   287 K 3202      25K  3092 6.70    6.19      480   286   30K   254 33.85   33.59  
c rst  luby svd  vmt  715   288 K 3202      25K  3092 6.70    6.19      480   286   30K   254 33.86   33.61  
c rst  luby svd  vmt  716   288 K 3202      25K  3092 6.70    6.19      480   286   30K   254 33.89   33.63  
c rst  luby svd  vmt  717   288 K 3202      25K  3092 6.70    6.19      480   286   30K   254 33.92   33.66  
c rst  luby svd  vmt  718   288 K 3202      25K  3092 6.70    6.19      480   287   30K   254 33.95   33.70  
c rst  luby svd  vmt  719   288 K 3202      25K  3092 6.70    6.19      480   288   30K   254 34.01   33.76  
c rst  luby svd  vmt  720   289 K 3202      25K  3092 6.70    6.19      480   290   31K   254 34.01   33.76  
c rst  luby svd  vmt  721   289 K 3202      25K  3092 6.70    6.19      481   290   32K   254 34.17   33.92  
c rst  luby svd  vmt  722   291 K 3202      25K  3092 6.70    6.19      501   258   33K   254 34.38   34.15  
c rst  geom best vmt  723   291 K 3202      25K  3092 6.70    6.19      501   258   33K   254 34.39   34.15  
c rst  geom best vmt  724   291 K 3202      25K  3092 6.70    6.19      501   258   33K   254 34.41   34.17  
c rst  geom best vmt  725   291 K 3202      25K  3092 6.70    6.19      501   258   34K   254 34.41   34.17  
c rst  geom best vmt  726   292 K 3202      25K  3092 6.70    6.19      501   260   34K   254 34.43   34.20  
c rst  geom best vmt  727   292 K 3202      25K  3092 6.70    6.19      501   260   34K   254 34.46   34.22  
c rst  geom best vmt  728   292 K 3202      25K  3092 6.70    6.19      501   260   34K   254 34.45   34.22  
c rst  geom best vmt  729   292 K 3202      25K  3092 6.70    6.19      501   261   34K   254 34.47   34.24  
c rst  geom best vmt  730   292 K 3202      25K  3092 6.70    6.19      501   262   34K   254 34.45   34.22  
c rst  geom best vmt  731   292 K 3202      25K  3092 6.70    6.19      501   264   35K   254 34.42   34.20  
c rst  geom best vmt  732   293 K 3202      25K  3092 6.70    6.19      501   271   35K   254 34.39   34.17  
c rst  geom best vmt  733   293 K 3202      25K  3092 6.70    6.19      502   277   35K   254 34.46   34.23  
c rst  geom best vmt  734   293 K 3202      25K  3092 6.70    6.19      502   277   35K   254 34.51   34.29  
c rst  geom best vmt  735   294 K 3202      25K  3092 6.70    6.19      503   278   36K   254 34.59   34.37  
c rst  geom best vmt  736   294 K 3202      25K  3092 6.70    6.19      503   278   36K   254 34.64   34.42  
c rst  geom best vmt  737   294 K 3202      25K  3092 6.70    6.19      504   279   37K   254 34.61   34.40  
c rst  geom best vmt  738   295 K 3202      25K  3092 6.70    6.19      510   288   37K   254 34.52   34.30  
c rst  geom best vmt  739   295 K 3202      25K  3092 6.70    6.19      510   288   38K   254 34.56   34.34  
c rst  geom best vmt  740   296 K 3202      25K  3092 6.70    6.19      512   291   38K   254 34.47   34.26  
c rst  geom best vmt  741   297 K 3202      25K  3092 6.70    6.19      513   295   39K   254 34.41   34.20  
c rst  geom best vmt  742   297 K 3202      25K  3092 6.70    6.19      513   295   39K   254 34.44   34.24  
c rst  geom best vmt  743   298 K 3202      25K  3092 6.70    6.19      513   298   40K   254 34.45   34.25  
c rst  geom best vmt  744   299 K 3202      25K  3092 6.70    6.19      513   300   41K   254 34.36   34.16  
c rst  geom best vmt  745   300 K 3202      25K  3092 6.70    6.19      569   263   27K   254 34.16   33.87  
c rst  geom stb  vmt  746   301 K 3202      25K  3092 6.70    6.19      569   263   28K   254 34.19   33.91  
c [distill-bin] useful: 0/3092/3092 lits-rem: 0 cl-rem: 0 0-depth-assigns: 0 T: 0.01 T-out: N
c rst  geom stb  vmt  747   302 K 3202      25K  3092 6.70    6.19      569   263   29K   254 34.33   34.05  
c [distill-long-red0] cls tried: 59/59 T: 0.00 T-out: N T-r: 99.95%
c [distill-long-red1] cls tried: 39/39 T: 0.00 T-out: N T-r: 68.79%
c rst  geom stb  vmt  748   303 K 3202      25K  3092 6.70    6.19      569   264   30K   254 34.45   34.19  
c rst  geom stb  vmt  749   304 K 3202      25K  3092 6.70    6.19      570   270   31K   254 34.60   34.34  
c rst  geom stb  vmt  750   305 K 3202      25K  3092 6.70    6.19      571   276   33K   254 34.77   34.52  
c [full-probe]  bin_only: 1 set: 0 repl: 0 T: 0.01 T-out: N T-r: 99.77%
c [distill] watch-based irred--  cl tried 29809    cl-sh 0     cl-rem 0    lit-rem 0      T: 0.04 T-out: Y
c [distill] watch-based red  --  cl tried 1142     cl-sh 1     cl-rem 0    lit-rem 1      T: 0.00 T-out: N
c rst  geom stb  vmt  751   307 K 3202      25K  3092 6.70    6.19      572   284   34K   254 34.88   34.64  
c rst  geom stb  vmt  752   309 K 3202      25K  3092 6.70    6.19      572   288   36K   254 35.24   35.01  
c rst  geom ibes vmt  753   311 K 3202      25K  3092 6.70    6.19      593   264   38K   254 35.20   34.99  
c [ccnr] tries: 0 steps: 262143 best found: 2
c [ccnr] saving best assignment phase to stable_polar
c [ccnr] bumping based on clause weights
c [ccnr] Bumped vars: 103 bump type: 6
c [ccnr] time: 0.33
c rst  geom ibes vmt  754   313 K 3202      25K  3092 6.70    6.19      599   302   40K   254 35.56   35.35  
c [gauss] XOR-encoding clauses are not detached, so no need to reattach them.
c [g 0] truth-find prop checks  : 1294K
c [g 0] -> of which prop        : 35.79 %
c [g 0] -> of which confl       :  1.47 %
c [g 0] elim called             : 160K
c [g 0] ---> which lead to prop : 170.42 %
c [g 0] ---> which lead to confl:  7.16 %
c [g 0] size: 52    x 104  
c [scc] new: 0 BP 0M T: 0.00
c [vrep] vars 0 lits 0 rem-bin-cls 0 rem-long-cls 0 BP 0M T: 0.01
c [intree] Set 0 vars hyper-added: 0 trans-irred: 0 trans-red: 0 T: 0.01 T-out: N T-r: -0.76%
c [find&init matx] performing matrix init
c [gauss] XOR-encoding clauses are not detached, so no need to reattach them.
c [xor-rem-unconnected] left with 322 xors from 322 non-empty xors T: 0.00
c [xor-together] xored together: 270 orig xors: 322 new xors: 52 T: 0.00
c [xor-rem-unconnected] left with 52 xors from 52 non-empty xors T: 0.00
c [xor-clean-equiv] removed equivalent xors: 0 left with: 52
c [matrix] unused xors from cleaning: 0
c [matrix] Good   matrix 0 52      x104    density:0.2284  xorlen avg: 23.75
c [matrix] Using 1 matrices recovered from 0 xors T: 0.00 T-out: N
c rst  geom ibes vmt  755   315 K 3202      25K  3092 6.70    6.19      602   330   24K   254 36.10   35.76  
c [branch] adjusting to: vsid (from: vmtf) var_decay:0.95 descr: VSIDS
c rst  geom ibes vs   756   315 K 3202      25K  3092 6.70    6.19      602   330   24K   254 36.10   35.76  
c rst  geom ibes vs   757   315 K 3202      25K  3092 6.70    6.19      602   330   24K   254 36.05   35.71  
c rst  geom ibes vs   758   315 K 3202      25K  3092 6.70    6.19      602   330   24K   254 36.00   35.66  
c rst  geom ibes vs   759   315 K 3202      25K  3092 6.70    6.19      602   330   24K   254 35.95   35.62  
c rst  geom ibes vs   760   316 K 3202      25K  3092 6.70    6.19      602   330   24K   254 35.91   35.58  
c rst  geom ibes vs   761   316 K 3202      25K  3092 6.70    6.19      602   331   24K   254 35.84   35.51  
c rst  geom ibes vs   762   316 K 3202      25K  3092 6.70    6.19      602   332   25K   254 35.77   35.44  
c rst  geom ibes vs   763   316 K 3202      25K  3092 6.70    6.19      602   332   25K   254 35.70   35.37  
c rst  geom ibes vs   764   316 K 3202      25K  3092 6.70    6.19      602   332   25K   254 35.73   35.41  
c rst  geom ibes vs   765   317 K 3202      25K  3092 6.70    6.19      602   333   25K   254 35.67   35.35  
c [distill-long-red0] cls tried: 30/30 T: 0.00 T-out: N T-r: 99.97%
c [distill-long-red1] cls tried: 80/80 T: 0.00 T-out: N T-r: 65.75%
c rst  geom ibes vs   766   317 K 3202      25K  3092 6.70    6.19      602   334   26K   254 35.60   35.29  
c rst  geom svd  vs   767   317 K 3202      25K  3092 6.70    6.19      602   334   26K   254 35.63   35.32  
c rst  geom svd  vs   768   318 K 3202      25K  3092 6.70    6.19      602   334   26K   254 35.65   35.34  
c rst  geom svd  vs   769   318 K 3202      25K  3092 6.70    6.19      602   334   27K   254 35.71   35.41  
c rst  geom svd  vs   770   318 K 3202      25K  3092 6.70    6.19      602   335   27K   254 35.76   35.46  
c rst  geom svd  vs   771   319 K 3202      25K  3092 6.70    6.19      602   335   28K   254 35.78   35.49  
c rst  geom svd  vs   772   319 K 3202      25K  3092 6.70    6.19      602   335   28K   254 35.89   35.60  
c rst  geom svd  vs   773   320 K 3202      25K  3092 6.70    6.19      640   284   29K   254 35.97   35.69  
c rst  geom svd  vs   774   320 K 3202      25K  3092 6.70    6.19      640   284   29K   254 36.06   35.78  
c rst  geom svd  vs   775   321 K 3202      25K  3092 6.70    6.19      640   284   30K   254 36.14   35.86  
c [distill-bin] useful: 0/3092/3092 lits-rem: 0 cl-rem: 0 0-depth-assigns: 0 T: 0.01 T-out: N
c rst  geom svd  vs   776   322 K 3202      25K  3092 6.70    6.19      640   284   31K   254 36.21   35.94  
c rst  geom svd  vs   777   323 K 3202      25K  3092 6.70    6.19      640   284   31K   254 36.30   36.04  
c rst  geom svd  vs   778   323 K 3202      25K  3092 6.70    6.19      640   286   32K   254 36.39   36.13  
c rst  geom svd  vs   779   324 K 3202      25K  3092 6.70    6.19      640   286   33K   254 36.45   36.20  
c rst  geom svd  vs   780   325 K 3202      25K  3092 6.70    6.19      640   286   34K   254 36.49   36.24  
c [full-probe]  bin_only: 0 set: 0 repl: 0 T: 0.01 T-out: N T-r: 98.07%
c rst  geom best vs   781   327 K 3202      25K  3092 6.70    6.19      640   286   35K   254 36.38   36.14  
c rst  geom best vs   782   328 K 3202      25K  3092 6.70    6.19      640   288   37K   254 36.37   36.14  
c rst  geom best vs   783   329 K 3202      25K  3092 6.70    6.19      640   289   38K   254 36.13   35.91  
c rst  geom best vs   784   331 K 3202      25K  3092 6.70    6.19      663   253   25K   254 35.70   35.38  
c [distill] watch-based irred--  cl tried 33692    cl-sh 0     cl-rem 0    lit-rem 0      T: 0.04 T-out: N
c [distill] watch-based red  --  cl tried 1326     cl-sh 2     cl-rem 0    lit-rem 2      T: 0.00 T-out: N
c rst  geom best vs   785   333 K 3202      25K  3092 6.70    6.19      663   253   26K   254 35.43   35.13  
c [distill-long-red0] cls tried: 8/8 T: 0.00 T-out: N T-r: 99.99%
c [distill-long-red1] cls tried: 7/7 T: 0.00 T-out: N T-r: 95.07%
c rst  geom best vs   786   334 K 3202      25K  3092 6.70    6.19      663   253   28K   254 35.11   34.83  
c rst  geom stb  vs   787   336 K 3202      25K  3092 6.70    6.19      663   253   30K   254 34.92   34.66  
c rst  geom stb  vs   788   339 K 3202      25K  3092 6.70    6.19      663   254   33K   254 34.76   34.52  
c rst  geom stb  vs   789   341 K 3202      25K  3092 6.70    6.19      668   217   35K   254 34.86   34.63  
c [distill-bin] useful: 0/3092/3092 lits-rem: 0 cl-rem: 0 0-depth-assigns: 0 T: 0.01 T-out: N
c rst  geom stb  vs   790   344 K 3202      25K  3092 6.70    6.19      668   217   38K   254 35.12   34.91  
c [impl-str] lit bin: 0 set-var: 0 T: 0.00 T-out: N T-r: 99.95% w-visit: 6404
c [impl-sub] bin: 0 T: 0.00 T-out: N w-visit: 6404
c rst  geom ibes vs   791   347 K 3202      25K  3092 6.70    6.19      668   230   29K   254 33.54   33.28  
c [full-probe]  bin_only: 1 set: 0 repl: 0 T: 0.01 T-out: N T-r: 99.81%
c rst  geom ibes vs   792   350 K 3202      25K  3092 6.70    6.19      680   214   32K   254 33.31   33.07  
c [distill-long-red0] cls tried: 1/1 T: 0.00 T-out: N T-r: 100.00%
c [distill-long-red1] cls tried: 15/15 T: 0.00 T-out: N T-r: 92.22%
c rst  geom ibes vs   793   354 K 3202      25K  3092 6.70    6.19      680   218   36K   254 33.12   32.91  
c [branch] adjusting to: vmtf (from: vsid) var_decay:0.95 descr: VMTF
c rst  luby svd  vmt  794   354 K 3202      25K  3092 6.70    6.19      680   218   36K   254 33.12   32.91  
c rst  luby svd  vmt  795   354 K 3202      25K  3092 6.70    6.19      680   218   36K   254 33.13   32.92  
c rst  luby svd  vmt  796   354 K 3202      25K  3092 6.70    6.19      681   219   36K   254 33.14   32.93  
c rst  luby svd  vmt  797   354 K 3202      25K  3092 6.70    6.19      681   219   36K   254 33.15   32.94  
c rst  luby svd  vmt  798   354 K 3202      25K  3092 6.70    6.19      681   219   36K   254 33.16   32.96  
c rst  luby svd  vmt  799   355 K 3202      25K  3092 6.70    6.19      681   219   37K   254 33.22   33.01  
c [ccnr] tries: 0 steps: 262143 best found: 2
c [ccnr] saving best assignment phase to stable_polar
c [ccnr] bumping based on var unsat frequency: conflict_ct
c [ccnr] Bumped vars: 3202 bump type: 6
c [ccnr] time: 0.32
c rst  luby svd  vmt  800   355 K 3202      25K  3092 6.70    6.19      685   251   37K   254 33.15   32.94  
c rst  luby svd  vmt  801   355 K 3202      25K  3092 6.70    6.19      686   253   37K   254 33.17   32.97  
c rst  luby svd  vmt  802   355 K 3202      25K  3092 6.70    6.19      688   254   37K   254 33.18   32.98  
c rst  luby svd  vmt  803   355 K 3202      25K  3092 6.70    6.19      688   258   37K   254 33.19   32.99  
c rst  luby svd  vmt  804   356 K 3202      25K  3092 6.70    6.19      688   259   37K   254 33.21   33.01  
c rst  luby svd  vmt  805   356 K 3202      25K  3092 6.70    6.19      688   259   37K   254 33.22   33.02  
c rst  luby svd  vmt  806   356 K 3202      25K  3092 6.70    6.19      688   259   38K   254 33.24   33.04  
c [distill] watch-based irred--  cl tried 33692    cl-sh 0     cl-rem 0    lit-rem 0      T: 0.04 T-out: N
c [distill] watch-based red  --  cl tried 1376     cl-sh 0     cl-rem 0    lit-rem 0      T: 0.00 T-out: N
c rst  luby svd  vmt  807   356 K 3202      25K  3092 6.70    6.19      688   260   38K   254 33.31   33.11  
c rst  luby svd  vmt  808   357 K 3202      25K  3092 6.70    6.19      689   267   39K   254 33.54   33.34  
c rst  luby svd  vmt  809   357 K 3202      25K  3092 6.70    6.19      689   268   39K   254 33.56   33.37  
c rst  luby svd  vmt  810   357 K 3202      25K  3092 6.70    6.19      689   269   39K   254 33.60   33.40  
c rst  luby svd  vmt  811   358 K 3202      25K  3092 6.70    6.19      689   269   39K   254 33.66   33.46  
c rst  luby svd  vmt  812   358 K 3202      25K  3092 6.70    6.19      689   269   39K   254 33.68   33.48  
c rst  luby svd  vmt  813   358 K 3202      25K  3092 6.70    6.19      689   269   40K   254 33.69   33.49  
c rst  luby svd  vmt  814   358 K 3202      25K  3092 6.70    6.19      689   269   40K   254 33.73   33.53  
c rst  luby svd  vmt  815   358 K 3202      25K  3092 6.70    6.19      689   269   40K   254 33.79   33.60  
c rst  luby svd  vmt  816   358 K 3202      25K  3092 6.70    6.19      689   269   40K   254 33.81   33.61  
c rst  luby svd  vmt  817   359 K 3202      25K  3092 6.70    6.19      689   269   40K   254 33.82   33.63  
c rst  luby svd  vmt  818   359 K 3202      25K  3092 6.70    6.19      689   269   41K   254 33.87   33.68  
c rst  luby svd  vmt  819   359 K 3202      25K  3092 6.70    6.19      689   269   41K   254 33.89   33.69  
c rst  luby svd  vmt  820   359 K 3202      25K  3092 6.70    6.19      689   269   41K   254 33.91   33.72  
c rst  luby svd  vmt  821   359 K 3202      25K  3092 6.70    6.19      689   269   41K   254 33.95   33.76  
c rst  luby svd  vmt  822   360 K 3202      25K  3092 6.70    6.19      695   310   29K   254 33.00   32.74  
c rst  luby svd  vmt  823   360 K 3202      25K  3092 6.70    6.19      717   272   29K   254 33.20   32.95  
c rst  luby svd  vmt  824   362 K 3202      25K  3092 6.70    6.19      717   276   31K   254 33.52   33.27  
c [distill-bin] useful: 0/3092/3092 lits-rem: 0 cl-rem: 0 0-depth-assigns: 0 T: 0.01 T-out: N
c rst  luby svd  vmt  825   362 K 3202      25K  3092 6.70    6.19      717   276   31K   254 33.53   33.29  
c rst  luby svd  vmt  826   362 K 3202      25K  3092 6.70    6.19      717   276   31K   254 33.57   33.33  
c rst  luby svd  vmt  827   362 K 3202      25K  3092 6.70    6.19      717   277   31K   254 33.62   33.38  
c rst  luby svd  vmt  828   362 K 3202      25K  3092 6.70    6.19      717   277   32K   254 33.64   33.40  
c rst  luby svd  vmt  829   363 K 3202      25K  3092 6.70    6.19      718   277   32K   254 33.66   33.42  
c rst  geom best vmt  830   363 K 3202      25K  3092 6.70    6.19      718   277   32K   254 33.66   33.42  
c rst  geom best vmt  831   363 K 3202      25K  3092 6.70    6.19      718   277   32K   254 33.69   33.45  
c rst  geom best vmt  832   363 K 3202      25K  3092 6.70    6.19      718   277   32K   254 33.67   33.43  
c rst  geom best vmt  833   363 K 3202      25K  3092 6.70    6.19      718   278   32K   254 33.65   33.41  
c rst  geom best vmt  834   363 K 3202      25K  3092 6.70    6.19      718   278   32K   254 33.69   33.46  
c rst  geom best vmt  835   363 K 3202      25K  3092 6.70    6.19      718   278   33K   254 33.68   33.44  
c rst  geom best vmt  836   364 K 3202      25K  3092 6.70    6.19      718   279   33K   254 33.68   33.45  
c rst  geom best vmt  837   364 K 3202      25K  3092 6.70    6.19      718   279   33K   254 33.70   33.47  
c rst  geom best vmt  838   364 K 3202      25K  3092 6.70    6.19      718   279   33K   254 33.67   33.44  
c rst  geom best vmt  839   364 K 3202      25K  3092 6.70    6.19      721   283   33K   254 33.65   33.43  
c rst  geom best vmt  840   365 K 3202      25K  3092 6.70    6.19      721   283   34K   254 33.63   33.40  
c rst  geom best vmt  841   365 K 3202      25K  3092 6.70    6.19      721   283   34K   254 33.59   33.37  
c rst  geom best vmt  842   365 K 3202      25K  3092 6.70    6.19      721   283   34K   254 33.57   33.34  
c rst  geom best vmt  843   366 K 3202      25K  3092 6.70    6.19      724   290   35K   254 33.59   33.37  
c [distill-long-red0] cls tried: 38/38 T: 0.00 T-out: N T-r: 99.95%
c [distill-long-red1] cls tried: 96/96 T: 0.01 T-out: N T-r: 45.52%
c rst  geom best vmt  844   366 K 3202      25K  3092 6.70    6.19      724   290   35K   254 33.62   33.40  
c rst  geom best vmt  845   366 K 3202      25K  3092 6.70    6.19      724   292   36K   254 33.62   33.40  
c rst  geom best vmt  846   367 K 3202      25K  3092 6.70    6.19      727   308   36K   254 33.63   33.42  
c [full-probe]  bin_only: 0 set: 0 repl: 0 T: 0.01 T-out: N T-r: 98.47%
c rst  geom best vmt  847   368 K 3202      25K  3092 6.70    6.19      727   308   37K   254 33.60   33.39  
c rst  geom best vmt  848   368 K 3202      25K  3092 6.70    6.19      727   308   37K   254 33.56   33.36  
c rst  geom best vmt  849   369 K 3202      25K  3092 6.70    6.19      728   316   38K   254 33.66   33.45  
c rst  geom best vmt  850   369 K 3202      25K  3092 6.70    6.19      728   317   39K   254 33.56   33.36  
c rst  geom best vmt  851   370 K 3202      25K  3092 6.70    6.19      775   252   39K   254 33.51   33.32  
c rst  geom best vmt  852   371 K 3202      25K  3092 6.70    6.19      775   252   40K   254 33.43   33.24  
c rst  geom best vmt  853   372 K 3202      25K  3092 6.70    6.19      775   252   41K   254 33.40   33.21  
c rst  geom stb  vmt  854   373 K 3202      25K  3092 6.70    6.19      775   254   42K   254 33.68   33.50  
c rst  geom stb  vmt  855   374 K 3202      25K  3092 6.70    6.19      775   255   43K   254 33.89   33.71  
c rst  geom stb  vmt  856   376 K 3202      25K  3092 6.70    6.19      777   280   30K   254 34.49   34.23  
c rst  geom stb  vmt  857   377 K 3202      25K  3092 6.70    6.19      777   281   31K   254 34.84   34.58  
c rst  geom stb  vmt  858   379 K 3202      25K  3092 6.70    6.19      779   284   33K   254 34.97   34.73  
c [gauss] XOR-encoding clauses are not detached, so no need to reattach them.
c [g 0] truth-find prop checks  : 1319K
c [g 0] -> of which prop        : 36.62 %
c [g 0] -> of which confl       :  1.37 %
c [g 0] elim called             : 155K
c [g 0] ---> which lead to prop : 164.05 %
c [g 0] ---> which lead to confl:  6.96 %
c [g 0] size: 52    x 104  
c [scc] new: 0 BP 0M T: 0.00
c [vrep] vars 0 lits 0 rem-bin-cls 0 rem-long-cls 0 BP 0M T: 0.01
c [intree] Set 0 vars hyper-added: 0 trans-irred: 0 trans-red: 0 T: 0.01 T-out: N T-r: -0.71%
c [find&init matx] performing matrix init
c [gauss] XOR-encoding clauses are not detached, so no need to reattach them.
c [xor-rem-unconnected] left with 322 xors from 322 non-empty xors T: 0.00
c [xor-together] xored together: 270 orig xors: 322 new xors: 52 T: 0.00
c [xor-rem-unconnected] left with 52 xors from 52 non-empty xors T: 0.00
c [xor-clean-equiv] removed equivalent xors: 0 left with: 52
c [matrix] unused xors from cleaning: 0
c [matrix] Good   matrix 0 52      x104    density:0.2284  xorlen avg: 23.75
c [matrix] Using 1 matrices recovered from 0 xors T: 0.00 T-out: N
c rst  geom stb  vmt  859   380 K 3202      25K  3092 6.70    6.19      806   265   34K   254 35.11   34.88  
c rst  geom stb  vmt  860   382 K 3202      25K  3092 6.70    6.19      808   276   36K   254 35.39   35.17  
c [distill-long-red0] cls tried: 43/43 T: 0.00 T-out: N T-r: 99.96%
c [distill-long-red1] cls tried: 45/45 T: 0.00 T-out: N T-r: 68.51%
c [distill-bin] useful: 0/3092/3092 lits-rem: 0 cl-rem: 0 0-depth-assigns: 0 T: 0.01 T-out: N
c [distill] watch-based irred--  cl tried 29242    cl-sh 0     cl-rem 0    lit-rem 0      T: 0.04 T-out: Y
c [distill] watch-based red  --  cl tried 1616     cl-sh 0     cl-rem 0    lit-rem 0      T: 0.00 T-out: N
c rst  geom ibes vmt  861   384 K 3202      25K  3092 6.70    6.19      808   287   38K   254 35.30   35.09  
c rst  geom ibes vmt  862   386 K 3202      25K  3092 6.70    6.19      809   291   40K   254 35.56   35.36  
c rst  geom ibes vmt  863   389 K 3202      25K  3092 6.70    6.19      810   296   43K   254 35.66   35.46  
c [full-probe]  bin_only: 1 set: 0 repl: 0 T: 0.01 T-out: N T-r: 99.74%
c rst  geom ibes vmt  864   392 K 3202      25K  3092 6.70    6.19      859   278   29K   254 35.69   35.41  
c rst  geom svd  vmt  865   395 K 3202      25K  3092 6.70    6.19      859   285   32K   254 36.02   35.76  
c [branch] adjusting to: vsid (from: vmtf) var_decay:0.95 descr: VSIDS
c rst  geom svd  vs   866   395 K 3202      25K  3092 6.70    6.19      860   285   32K   254 36.01   35.76  
c rst  geom svd  vs   867   395 K 3202      25K  3092 6.70    6.19      860   285   32K   254 36.01   35.75  
c rst  geom svd  vs   868   395 K 3202      25K  3092 6.70    6.19      860   285   32K   254 36.02   35.77  
c rst  geom svd  vs   869   395 K 3202      25K  3092 6.70    6.19      860   285   32K   254 36.01   35.76  
c rst  geom svd  vs   870   395 K 3202      25K  3092 6.70    6.19      860   286   32K   254 36.00   35.75  
c rst  geom svd  vs   871   395 K 3202      25K  3092 6.70    6.19      860   286   33K   254 35.98   35.73  
c rst  geom svd  vs   872   396 K 3202      25K  3092 6.70    6.19      860   286   33K   254 35.96   35.71  
c rst  geom svd  vs   873   396 K 3202      25K  3092 6.70    6.19      860   286   33K   254 35.93   35.69  
c rst  geom svd  vs   874   396 K 3202      25K  3092 6.70    6.19      860   286   33K   254 35.91   35.66  
c rst  geom svd  vs   875   396 K 3202      25K  3092 6.70    6.19      860   287   33K   254 35.85   35.60  
c rst  geom svd  vs   876   397 K 3202      25K  3092 6.70    6.19      860   287   34K   254 35.80   35.56  
c rst  geom svd  vs   877   397 K 3202      25K  3092 6.70    6.19      860   287   34K   254 35.76   35.52  
c rst  geom svd  vs   878   397 K 3202      25K  3092 6.70    6.19      860   287   34K   254 35.74   35.50  
c [distill-long-red0] cls tried: 30/30 T: 0.00 T-out: N T-r: 99.96%
c [distill-long-red1] cls tried: 54/54 T: 0.00 T-out: N T-r: 69.41%
c rst  geom svd  vs   879   397 K 3202      25K  3092 6.70    6.19      860   287   34K   254 35.74   35.50  
c recursive minimization cost OK: 992Kcost/(% lits removed)
c [gauss] XOR-encoding clauses are not detached, so no need to reattach them.
c [g 0] truth-find prop checks  : 361K
c [g 0] -> of which prop        : 36.86 %
c [g 0] -> of which confl       :  1.52 %
c [g 0] elim called             : 44K
c [g 0] ---> which lead to prop : 190.69 %
c [g 0] ---> which lead to confl:  7.61 %
c [g 0] size: 52    x 104  
c --> Executing strategy token: scc-vrepl
c [scc] new: 0 BP 0M T: 0.00
c --> Executing strategy token: sub-impl
c [impl-sub] bin: 0 T: 0.00 T-out: N w-visit: 6404
c --> Executing strategy token: breakid
c --> Executing OCC strategy token(s): 'occ-backw-sub-str,occ-clean-implicit,occ-bve,occ-bva,occ-ternary-res,occ-xor,'
c [occ] mem usage for occur 2      MB
c [occ] Linked in IRRED BIN by default: 3092
c [occ] Linked in RED   BIN by default: 254
c [occ] mem usage for occur 0      MB
c Mem for watch alloc      : 8           MB (19.17     %)
c Mem for watch array      : 0           MB (0.32      %)
c --> Executing OCC strategy token: occ-backw-sub-str
c [occ-backw-sub-str-long-w-bins] subs: 0 str: 2 tried: 83747 0-depth ass: 0 T: 0.00 T-out: N T-r: 99.27%
c [occ-backw-sub-long-w-long] rem cl: 27 tried: 61208/61208 (100.0%) T: 0.02 T-out: N T-r: 97.35%
c [occ-backw-sub-str-long-w-long] sub: 2 str: 10 tried: 183624/61208 (300.0)  T: 0.08 T-out: N T-r: 88.71%
c --> Executing OCC strategy token: occ-clean-implicit
c --> Executing OCC strategy token: occ-bve
c [occ-empty-res] Empty resolvent elimed: 0 T: 0.00 T-out: N
c [occ-bve] turning off picosat-based irreg gate detection, added lits:  279K
c [occ-bve] iter v-elim 0
c cl_inc_rate=1.0, var_dec_rate=1.0 (grow=0)
c Reduced to 3202 vars, 28258 cls (grow=0)
c [occ-bve] iter v-elim 0
c cl_inc_rate=1.0, var_dec_rate=1.0 (grow=8)
c Reduced to 3202 vars, 28258 cls (grow=8)
c [occ-bve] iter v-elim 0
c cl_inc_rate=1.0, var_dec_rate=1.0 (grow=16)
c Reduced to 3202 vars, 28258 cls (grow=16)
c x n vars       : 3202
c #try to eliminate:  9606
c #var-elim        :     0
c #T-o: N
c #T-r: 99.99%
c #T  : 1.07
c [occur] 0.04 is overhead
c [occur] link-in T: 0.04 cleanup T: 0.00
c --> Executing OCC strategy token: occ-bva
c --> Executing OCC strategy token: occ-ternary-res
c [occ-ternary-res] Ternary res-tri: 0 res-bin: 0 sub: 0 str: 0 T: 0.00 T-out: N T-r: 99.85%
c --> Executing OCC strategy token: occ-xor
c [occ-xor] sort occur list T: 0.01
c [xor-clean-equiv] removed equivalent xors: 0 left with: 315
c [occ-xor] found    315 avg sz 5.5 min sz  4 max sz  6 T: 0.01 T-out: N T-r: 99.97%
c --> Executing strategy token: card-find
c --> Executing strategy token: cl-consolidate
c Not consolidating memory.
c --> Executing strategy token: scc-vrepl
c [scc] new: 0 BP 0M T: 0.00
c --> Executing strategy token: renumber
c --> Executing strategy token: bosphorus
c --> Executing strategy token: louvain-comms
c [consolidate] mini T: 0.00
c global_timeout_multiplier: 4.3923
c [branch] rebuilding order heap for all branchings. Current branching: vsid
c [find&init matx] performing matrix init
c [gauss] XOR-encoding clauses are not detached, so no need to reattach them.
c [xor-rem-unconnected] left with 315 xors from 315 non-empty xors T: 0.00
c [xor-together] xored together: 261 orig xors: 315 new xors: 54 T: 0.00
c [xor-rem-unconnected] left with 54 xors from 54 non-empty xors T: 0.00
c [xor-clean-equiv] removed equivalent xors: 0 left with: 54
c [matrix] unused xors from cleaning: 0
c [matrix] Good   matrix  0     54 x  108  density:0.2076  xorlen avg: 22.43
c [matrix] Using 1 matrices recovered from 0 xors T: 0.00 T-out: N
c rst  geom  svd   vs   880  398K    3202   25K  3092    6.70    6.19   847   282   35K   254   35.76   35.53
c rst  geom  svd   vs   881  398K    3202   25K  3092    6.70    6.19   847   283   35K   254   35.75   35.52
c rst  geom  svd   vs   882  399K    3202   25K  3092    6.70    6.19   847   284   36K   254   35.73   35.50
c rst  geom  svd   vs   883  399K    3202   25K  3092    6.70    6.19   847   286   36K   254   35.69   35.46
c [ccnr] tries: 0 steps: 262143 best found: 6
c [ccnr] saving best assignment phase to stable_polar
c [ccnr] bumping based on var unsat frequency: conflict_ct
c [ccnr] Bumped vars: 3202 bump type: 6
c [ccnr] time: 0.33
c rst  geom  svd   vs   884  400K    3202   25K  3092    6.70    6.19   853   273   37K   254   35.64   35.41
c rst  geom  svd   vs   885  400K    3202   25K  3092    6.70    6.19   853   280   37K   254   35.57   35.35
c rst  geom  svd   vs   886  401K    3202   25K  3092    6.70    6.19   853   282   38K   254   35.55   35.34
c rst  geom best   vs   887  402K    3202   25K  3092    6.70    6.19   853   282   39K   254   35.45   35.24
c rst  geom best   vs   888  402K    3202   25K  3092    6.70    6.19   853   282   39K   254   35.40   35.19
c [distill-bin] useful: 0/3092/3092 lits-rem: 0 cl-rem: 0 0-depth-assigns: 0 T: 0.01 T-out: N
c rst  geom best   vs   889  403K    3202   25K  3092    6.70    6.19   853   282   40K   254   35.34   35.14
c rst  geom best   vs   890  404K    3202   25K  3092    6.70    6.19   853   282   41K   254   35.24   35.04
c [impl-str] lit bin: 0 set-var: 0 T: 0.00 T-out: N T-r: 99.95% w-visit: 6404
c [impl-sub] bin: 0 T: 0.00 T-out: N w-visit: 6404
c rst  geom best   vs   891  405K    3202   25K  3092    6.70    6.19   853   288   27K   254   34.67   34.38
c rst  geom best   vs   892  406K    3202   25K  3092    6.70    6.19   853   288   28K   254   34.51   34.23
c rst  geom best   vs   893  408K    3202   25K  3092    6.70    6.19   853   288   30K   254   34.43   34.17
c [distill] watch-based irred--  cl tried    34140 cl-sh     0 cl-rem    0 lit-rem      0 T: 0.04 T-out: N
c [distill] watch-based   red--  cl tried     1706 cl-sh     0 cl-rem    0 lit-rem      0 T: 0.00 T-out: N
c rst  geom best   vs   894  409K    3202   25K  3092    6.70    6.19   853   288   31K   254   34.38   34.13
c [full-probe]  bin_only: 0 set: 0 repl: 0 T: 0.01 T-out: N T-r: 98.56%
c rst  geom best   vs   895  411K    3202   25K  3092    6.70    6.19   864   268   33K   254   34.35   34.12
c rst  geom  stb   vs   896  412K    3202   25K  3092    6.70    6.19   864   270   34K   254   34.39   34.16
c [distill-long-red0] cls tried: 6/6 T: 0.00 T-out: N T-r: 99.99%
c [distill-long-red1] cls tried: 27/27 T: 0.00 T-out: N T-r: 85.36%
c rst  geom  stb   vs   897  414K    3202   25K  3092    6.70    6.19   865   270   36K   254   34.50   34.29
c rst  geom  stb   vs   898  416K    3202   25K  3092    6.70    6.19   865   270   38K   254   34.80   34.59
c rst  geom  stb   vs   899  418K    3202   25K  3092    6.70    6.19   865   270   40K   254   35.10   34.90
c rst  geom  stb   vs   900  421K    3202   25K  3092    6.70    6.19   875   241   26K   254   33.48   33.19
c rst  geom ibes   vs   901  424K    3202   25K  3092    6.70    6.19   875   243   28K   254   33.08   32.81
c [distill-bin] useful: 0/3092/3092 lits-rem: 0 cl-rem: 0 0-depth-assigns: 0 T: 0.01 T-out: N
c rst  geom ibes   vs   902  427K    3202   25K  3092    6.70    6.19   876   245   31K   254   32.95   32.71
c rst  geom ibes   vs   903  430K    3202   25K  3092    6.70    6.19   884   193   35K   254   32.94   32.73
c [distill-long-red0] cls tried: 3/3 T: 0.00 T-out: N T-r: 100.00%
c [distill-long-red1] cls tried: 7/7 T: 0.00 T-out: N T-r: 95.20%
c [full-probe]  bin_only: 1 set: 0 repl: 0 T: 0.01 T-out: N T-r: 99.85%
c rst  geom ibes   vs   904  434K    3202   25K  3092    6.70    6.19   884   196   38K   254   32.88   32.68
c [distill] watch-based irred--  cl tried    31133 cl-sh     0 cl-rem    0 lit-rem      0 T: 0.04 T-out: Y
c [distill] watch-based   red--  cl tried     1768 cl-sh     0 cl-rem    0 lit-rem      0 T: 0.00 T-out: N
c rst  geom  svd   vs   905  438K    3202   25K  3092    6.70    6.19   884   220   31K   255   33.12   32.88
c [branch] adjusting to: vmtf (from: vsid) var_decay:0.95 descr: VMTF
c rst  luby  svd  vmt   906  438K    3202   25K  3092    6.70    6.19   885   235   31K   255   33.08   32.84
c rst  luby  svd  vmt   907  438K    3202   25K  3092    6.70    6.19   886   239   31K   255   33.12   32.87
c rst  luby  svd  vmt   908  438K    3202   25K  3092    6.70    6.19   886   239   31K   255   33.18   32.94
c rst  luby  svd  vmt   909  438K    3202   25K  3092    6.70    6.19   886   240   31K   255   33.22   32.98
c rst  luby  svd  vmt   910  438K    3202   25K  3092    6.70    6.19   886   241   31K   255   33.24   33.00
c rst  luby  svd  vmt   911  438K    3202   25K  3092    6.70    6.19   886   241   31K   255   33.29   33.05
c rst  luby  svd  vmt   912  439K    3202   25K  3092    6.70    6.19   886   241   32K   255   33.37   33.14
c rst  luby  svd  vmt   913  439K    3202   25K  3092    6.70    6.19   886   241   32K   255   33.38   33.15
c rst  luby  svd  vmt   914  439K    3202   25K  3092    6.70    6.19   886   242   32K   255   33.40   33.16
c rst  luby  svd  vmt   915  439K    3202   25K  3092    6.70    6.19   886   243   32K   255   33.43   33.20
c rst  luby  svd  vmt   916  439K    3202   25K  3092    6.70    6.19   886   243   32K   255   33.45   33.22
c rst  luby  svd  vmt   917  439K    3202   25K  3092    6.70    6.19   886   243   33K   255   33.48   33.25
c rst  luby  svd  vmt   918  440K    3202   25K  3092    6.70    6.19   895   204   33K   255   33.55   33.31
c rst  luby  svd  vmt   919  440K    3202   25K  3092    6.70    6.19   895   204   33K   255   33.67   33.44
c rst  luby  svd  vmt   920  441K    3202   25K  3092    6.70    6.19   895   211   34K   255   33.86   33.63
c rst  luby  svd  vmt   921  441K    3202   25K  3092    6.70    6.19   895   212   34K   255   33.90   33.67
c rst  luby  svd  vmt   922  441K    3202   25K  3092    6.70    6.19   895   212   34K   255   33.93   33.70
c rst  luby  svd  vmt   923  441K    3202   25K  3092    6.70    6.19   895   212   34K   255   33.94   33.72
c rst  luby  svd  vmt   924  441K    3202   25K  3092    6.70    6.19   895   213   34K   255   33.96   33.74
c rst  luby  svd  vmt   925  441K    3202   25K  3092    6.70    6.19   895   213   35K   255   33.97   33.75
c rst  luby  svd  vmt   926  442K    3202   25K  3092    6.70    6.19   895   213   35K   255   34.01   33.78
c rst  luby  svd  vmt   927  442K    3202   25K  3092    6.70    6.19   895   213   35K   255   34.11   33.89
c rst  luby  svd  vmt   928  442K    3202   25K  3092    6.70    6.19   895   213   35K   255   34.13   33.91
c rst  luby  svd  vmt   929  442K    3202   25K  3092    6.70    6.19   895   213   35K   255   34.15   33.93
c rst  luby  svd  vmt   930  442K    3202   25K  3092    6.70    6.19   895   214   36K   255   34.21   34.00
c rst  luby  svd  vmt   931  443K    3202   25K  3092    6.70    6.19   895   215   36K   255   34.22   34.00
c rst  luby  svd  vmt   932  443K    3202   25K  3092    6.70    6.19   895   216   36K   255   34.24   34.02
c rst  luby  svd  vmt   933  443K    3202   25K  3092    6.70    6.19   895   216   36K   255   34.28   34.06
c rst  luby  svd  vmt   934  443K    3202   25K  3092    6.70    6.19   895   217   36K   255   34.30   34.08
c [ccnr] tries: 0 steps: 262143 best found: 6
c [ccnr] saving best assignment phase to stable_polar
c [ccnr] bumping based on clause weights
c [ccnr] Bumped vars: 106 bump type: 6
c [ccnr] time: 0.32
c rst  geom best  vmt   935  443K    3202   25K  3092    6.70    6.19   896   217   36K   255   34.30   34.08
c rst  geom best  vmt   936  443K    3202   25K  3092    6.70    6.19   896   217   37K   255   34.32   34.10
c rst  geom best  vmt   937  444K    3202   25K  3092    6.70    6.19   896   219   37K   255   34.33   34.12
c [gauss] XOR-encoding clauses are not detached, so no need to reattach them.
c [g 0] truth-find prop checks  : 969K
c [g 0] -> of which prop        : 34.51 %
c [g 0] -> of which confl       :  1.19 %
c [g 0] elim called             : 99K
c [g 0] ---> which lead to prop : 177.51 %
c [g 0] ---> which lead to confl:  6.68 %
c [g 0] size: 54    x 108  
c [scc] new: 0 BP 0M T: 0.00
c [vrep] vars 0 lits 0 rem-bin-cls 0 rem-long-cls 0 BP 0M T: 0.01
c [intree] Set 0 vars hyper-added: 0 trans-irred: 0 trans-red: 0 T: 0.01 T-out: N T-r: -0.25%
c [find&init matx] performing matrix init
c [gauss] XOR-encoding clauses are not detached, so no need to reattach them.
c [xor-rem-unconnected] left with 315 xors from 315 non-empty xors T: 0.00
c [xor-together] xored together: 261 orig xors: 315 new xors: 54 T: 0.00
c [xor-rem-unconnected] left with 54 xors from 54 non-empty xors T: 0.00
c [xor-clean-equiv] removed equivalent xors: 0 left with: 54
c [matrix] unused xors from cleaning: 0
c [matrix] Good   matrix 0 54      x108    density:0.2076  xorlen avg: 22.43
c [matrix] Using 1 matrices recovered from 0 xors T: 0.00 T-out: N
c rst  geom best vmt  938   444 K 3202      25K  3092 6.70    6.19      896   220   37K   255 34.33   34.12  
c [distill-bin] useful: 0/3092/3092 lits-rem: 0 cl-rem: 0 0-depth-assigns: 0 T: 0.01 T-out: N
c rst  geom best vmt  939   444 K 3202      25K  3092 6.70    6.19      897   225   37K   255 34.29   34.08  
c rst  geom best vmt  940   444 K 3202      25K  3092 6.70    6.19      897   225   37K   255 34.28   34.07  
c rst  geom best vmt  941   444 K 3202      25K  3092 6.70    6.19      897   225   37K   255 34.27   34.06  
c rst  geom best vmt  942   445 K 3202      25K  3092 6.70    6.19      897   227   38K   255 34.28   34.07  
c rst  geom best vmt  943   445 K 3202      25K  3092 6.70    6.19      897   229   38K   255 34.26   34.06  
c rst  geom best vmt  944   445 K 3202      25K  3092 6.70    6.19      897   229   38K   255 34.26   34.06  
c [distill-long-red0] cls tried: 9/9 T: 0.00 T-out: N T-r: 99.99%
c [distill-long-red1] cls tried: 70/70 T: 0.00 T-out: N T-r: 74.90%
c rst  geom best vmt  945   445 K 3202      25K  3092 6.70    6.19      897   229   38K   255 34.26   34.06  
c rst  geom best vmt  946   446 K 3202      25K  3092 6.70    6.19      897   229   39K   255 34.26   34.05  
c rst  geom best vmt  947   446 K 3202      25K  3092 6.70    6.19      897   229   39K   255 34.33   34.13  
c rst  geom best vmt  948   446 K 3202      25K  3092 6.70    6.19      898   234   39K   255 34.31   34.12  
c rst  geom best vmt  949   447 K 3202      25K  3092 6.70    6.19      898   237   40K   255 34.27   34.07  
c rst  geom best vmt  950   447 K 3202      25K  3092 6.70    6.19      898   238   40K   255 34.26   34.07  
c rst  geom best vmt  951   448 K 3202      25K  3092 6.70    6.19      898   242   41K   255 34.23   34.04  
c rst  geom best vmt  952   448 K 3202      25K  3092 6.70    6.19      902   257   41K   255 34.18   33.99  
c rst  geom best vmt  953   449 K 3202      25K  3092 6.70    6.19      902   258   42K   255 34.15   33.96  
c rst  geom best vmt  954   449 K 3202      25K  3092 6.70    6.19      902   259   43K   255 34.16   33.97  
c rst  geom best vmt  955   450 K 3202      25K  3092 6.70    6.19      940   264   28K   255 33.26   32.99  
c [full-probe]  bin_only: 0 set: 0 repl: 0 T: 0.01 T-out: N T-r: 98.71%
c rst  geom best vmt  956   451 K 3202      25K  3092 6.70    6.19      940   267   28K   255 33.39   33.13  
c rst  geom best vmt  957   452 K 3202      25K  3092 6.70    6.19      940   267   29K   255 33.44   33.19  
c rst  geom best vmt  958   453 K 3202      25K  3092 6.70    6.19      940   274   30K   255 33.33   33.08  
c rst  geom stb  vmt  959   454 K 3202      25K  3092 6.70    6.19      940   274   31K   255 33.65   33.41  
c rst  geom stb  vmt  960   455 K 3202      25K  3092 6.70    6.19      940   297   32K   255 33.82   33.58  
c rst  geom stb  vmt  961   456 K 3202      25K  3092 6.70    6.19      940   304   34K   255 33.87   33.64  
c rst  geom stb  vmt  962   458 K 3202      25K  3092 6.70    6.19      941   311   35K   255 33.94   33.72  
c rst  geom stb  vmt  963   459 K 3202      25K  3092 6.70    6.19      941   315   37K   255 34.30   34.09  
c [distill] watch-based irred--  cl tried 30558    cl-sh 0     cl-rem 0    lit-rem 0      T: 0.04 T-out: Y
c [distill] watch-based red  --  cl tried 1882     cl-sh 1     cl-rem 0    lit-rem 1      T: 0.00 T-out: N
c rst  geom stb  vmt  964   461 K 3202      25K  3092 6.70    6.19      983   265   38K   255 34.73   34.52  
c [distill-long-red0] cls tried: 57/57 T: 0.00 T-out: N T-r: 99.95%
c [distill-long-red1] cls tried: 88/88 T: 0.01 T-out: N T-r: 54.66%
c rst  geom stb  vmt  965   463 K 3202      25K  3092 6.70    6.19      983   266   40K   255 34.91   34.71  
c rst  geom ibes vmt  966   465 K 3202      25K  3092 6.70    6.19      989   285   26K   255 36.52   36.21  
c [distill-bin] useful: 0/3092/3092 lits-rem: 0 cl-rem: 0 0-depth-assigns: 0 T: 0.01 T-out: N
c [impl-str] lit bin: 0 set-var: 0 T: 0.00 T-out: N T-r: 99.96% w-visit: 6404
c [impl-sub] bin: 1 T: 0.00 T-out: N w-visit: 6404
c rst  geom ibes vmt  967   467 K 3202      25K  3092 6.70    6.19      989   290   29K   254 36.18   35.90  
c rst  geom ibes vmt  968   470 K 3202      25K  3092 6.70    6.19     1024   251   31K   254 36.24   35.98  
c rst  geom ibes vmt  969   472 K 3202      25K  3092 6.70    6.19     1032   269   34K   254 36.29   36.04  
c [full-probe]  bin_only: 1 set: 0 repl: 0 T: 0.01 T-out: N T-r: 99.81%
c rst  geom ibes vmt  970   475 K 3202      25K  3092 6.70    6.19     1033   285   37K   254 36.36   36.14  
c rst  geom svd  vmt  971   479 K 3202      25K  3092 6.70    6.19     1033   291   40K   254 36.66   36.45  
c [distill-long-red0] cls tried: 19/19 T: 0.00 T-out: N T-r: 99.97%
c [distill-long-red1] cls tried: 67/67 T: 0.00 T-out: N T-r: 74.10%
c rst  geom svd  vmt  972   482 K 3202      25K  3092 6.70    6.19     1079   282   28K   254 37.01   36.71  
c rst  geom svd  vmt  973   486 K 3202      25K  3092 6.70    6.19     1079   301   32K   254 37.53   37.27  
c [branch] adjusting to: vsid (from: vmtf) var_decay:0.95 descr: VSIDS
c [distill-bin] useful: 0/3092/3092 lits-rem: 0 cl-rem: 0 0-depth-assigns: 0 T: 0.01 T-out: N
c [distill] watch-based irred--  cl tried 31917    cl-sh 0     cl-rem 0    lit-rem 0      T: 0.04 T-out: Y
c [distill] watch-based red  --  cl tried 2158     cl-sh 0     cl-rem 0    lit-rem 0      T: 0.00 T-out: N
c rst  geom best vs   974   486 K 3202      25K  3092 6.70    6.19     1079   301   32K   254 37.49   37.23  
c rst  geom best vs   975   487 K 3202      25K  3092 6.70    6.19     1079   301   32K   254 37.46   37.20  
c rst  geom best vs   976   487 K 3202      25K  3092 6.70    6.19     1079   301   32K   254 37.42   37.16  
c rst  geom best vs   977   487 K 3202      25K  3092 6.70    6.19     1079   301   32K   254 37.36   37.10  
c rst  geom best vs   978   487 K 3202      25K  3092 6.70    6.19     1079   301   33K   254 37.31   37.05  
c rst  geom best vs   979   487 K 3202      25K  3092 6.70    6.19     1079   301   33K   254 37.27   37.01  
c rst  geom best vs   980   487 K 3202      25K  3092 6.70    6.19     1079   301   33K   254 37.21   36.96  
c [ccnr] tries: 0 steps: 262143 best found: 2
c [ccnr] saving best assignment phase to stable_polar
c [ccnr] bumping based on var unsat frequency: conflict_ct
c [ccnr] Bumped vars: 3202 bump type: 6
c [ccnr] time: 0.32
c rst  geom best vs   981   488 K 3202      25K  3092 6.70    6.19     1079   301   33K   254 37.15   36.90  
c rst  geom best vs   982   488 K 3202      25K  3092 6.70    6.19     1079   304   34K   254 37.08   36.83  
c rst  geom best vs   983   488 K 3202      25K  3092 6.70    6.19     1079   305   34K   254 37.01   36.76  
c rst  geom best vs   984   489 K 3202      25K  3092 6.70    6.19     1079   308   34K   254 36.94   36.69  
c rst  geom best vs   985   489 K 3202      25K  3092 6.70    6.19     1079   311   34K   254 36.84   36.60  
c rst  geom best vs   986   489 K 3202      25K  3092 6.70    6.19     1079   312   35K   254 36.77   36.53  
c rst  geom best vs   987   490 K 3202      25K  3092 6.70    6.19     1093   296   35K   254 36.65   36.41  
c rst  geom best vs   988   490 K 3202      25K  3092 6.70    6.19     1093   296   36K   254 36.57   36.34  
c rst  geom best vs   989   491 K 3202      25K  3092 6.70    6.19     1093   296   36K   254 36.47   36.24  
c rst  geom best vs   990   491 K 3202      25K  3092 6.70    6.19     1093   298   37K   254 36.31   36.09  
c rst  geom best vs   991   492 K 3202      25K  3092 6.70    6.19     1093   298   37K   254 36.16   35.94  
c rst  geom best vs   992   492 K 3202      25K  3092 6.70    6.19     1094   302   38K   254 36.04   35.82  
c [full-probe]  bin_only: 0 set: 0 repl: 0 T: 0.01 T-out: N T-r: 98.23%
c rst  geom best vs   993   493 K 3202      25K  3092 6.70    6.19     1094   302   39K   254 35.91   35.70  
c rst  geom best vs   994   494 K 3202      25K  3092 6.70    6.19     1094   304   39K   254 35.90   35.69  
c [distill-long-red0] cls tried: 8/8 T: 0.00 T-out: N T-r: 99.98%
c [distill-long-red1] cls tried: 72/72 T: 0.01 T-out: N T-r: 61.98%
c rst  geom best vs   995   495 K 3202      25K  3092 6.70    6.19     1095   386   29K   254 34.43   34.17  
c rst  geom best vs   996   496 K 3202      25K  3092 6.70    6.19     1095   387   30K   254 34.32   34.06  
c rst  geom best vs   997   497 K 3202      25K  3092 6.70    6.19     1095   388   31K   254 34.26   34.01  
c rst  geom stb  vs   998   498 K 3202      25K  3092 6.70    6.19     1095   390   32K   254 34.37   34.13  
c rst  geom stb  vs   999   499 K 3202      25K  3092 6.70    6.19     1095   391   34K   254 34.46   34.23  
c rst  geom stb  vs   1000  501 K 3202      25K  3092 6.70    6.19     1120   362   35K   254 34.60   34.37  
c rst  geom stb  vs   1001  502 K 3202      25K  3092 6.70    6.19     1120   362   37K   254 34.63   34.42  
c rst  geom stb  vs   1002  504 K 3202      25K  3092 6.70    6.19     1121   363   38K   254 34.82   34.61  
c rst  geom stb  vs   1003  506 K 3202      25K  3092 6.70    6.19     1121   364   40K   254 34.81   34.62  
c rst  geom stb  vs   1004  508 K 3202      25K  3092 6.70    6.19     1121   365   42K   254 34.85   34.66  
c [distill-bin] useful: 0/3092/3092 lits-rem: 0 cl-rem: 0 0-depth-assigns: 0 T: 0.01 T-out: N
c rst  geom ibes vs   1005  510 K 3202      25K  3092 6.70    6.19     1138   347   26K   254 31.99   31.72  
c [distill-long-red0] cls tried: 13/13 T: 0.00 T-out: N T-r: 99.99%
c [distill-long-red1] cls tried: 100/100 T: 0.00 T-out: N T-r: 67.68%
c [gauss] XOR-encoding clauses are not detached, so no need to reattach them.
c [g 0] truth-find prop checks  : 1428K
c [g 0] -> of which prop        : 34.90 %
c [g 0] -> of which confl       :  1.37 %
c [g 0] elim called             : 170K
c [g 0] ---> which lead to prop : 170.56 %
c [g 0] ---> which lead to confl:  6.48 %
c [g 0] size: 54    x 108  
c [scc] new: 0 BP 0M T: 0.00
c [vrep] vars 0 lits 0 rem-bin-cls 0 rem-long-cls 0 BP 0M T: 0.00
c [intree] Set 0 vars hyper-added: 0 trans-irred: 0 trans-red: 0 T: 0.01 T-out: N T-r: -0.95%
c [find&init matx] performing matrix init
c [gauss] XOR-encoding clauses are not detached, so no need to reattach them.
c [xor-rem-unconnected] left with 315 xors from 315 non-empty xors T: 0.00
c [xor-together] xored together: 261 orig xors: 315 new xors: 54 T: 0.00
c [xor-rem-unconnected] left with 54 xors from 54 non-empty xors T: 0.00
c [xor-clean-equiv] removed equivalent xors: 0 left with: 54
c [matrix] unused xors from cleaning: 0
c [matrix] Good   matrix 0 54      x108    density:0.2076  xorlen avg: 22.43
c [matrix] Using 1 matrices recovered from 0 xors T: 0.00 T-out: N
c rst  geom ibes vs   1006  512 K 3202      25K  3092 6.70    6.19     1138   348   28K   254 31.79   31.54  
c [full-probe]  bin_only: 1 set: 0 repl: 0 T: 0.01 T-out: N T-r: 99.83%
c [distill] watch-based irred--  cl tried 32153    cl-sh 0     cl-rem 0    lit-rem 0      T: 0.04 T-out: Y
c [distill] watch-based red  --  cl tried 2276     cl-sh 1     cl-rem 0    lit-rem 1      T: 0.00 T-out: N
c rst  geom ibes vs   1007  515 K 3202      25K  3092 6.70    6.19     1138   350   31K   254 31.62   31.39  
c rst  geom ibes vs   1008  518 K 3202      25K  3092 6.70    6.19     1138   350   34K   254 31.47   31.26  
c rst  geom svd  vs   1009  522 K 3202      25K  3092 6.70    6.19     1148   294   37K   254 31.51   31.32  
c rst  geom svd  vs   1010  525 K 3202      25K  3092 6.70    6.19     1150   316   31K   254 31.24   31.02  
c [distill-long-red0] cls tried: 3/3 T: 0.00 T-out: N T-r: 100.00%
c [distill-long-red1] cls tried: 24/24 T: 0.00 T-out: N T-r: 91.86%
c [impl-str] lit bin: 0 set-var: 0 T: 0.00 T-out: N T-r: 99.96% w-visit: 6404
c [impl-sub] bin: 0 T: 0.00 T-out: N w-visit: 6404
c rst  geom svd  vs   1011  529 K 3202      25K  3092 6.70    6.19     1152   316   35K   254 31.35   31.15  
c [distill-bin] useful: 0/3092/3092 lits-rem: 0 cl-rem: 0 0-depth-assigns: 0 T: 0.01 T-out: N
c rst  geom best vs   1012  534 K 3202      25K  3092 6.70    6.19     1159   301   40K   254 31.31   31.13  
c [full-probe]  bin_only: 0 set: 0 repl: 0 T: 0.01 T-out: N T-r: 98.33%
c [ccnr] tries: 0 steps: 262143 best found: 4
c [ccnr] saving best assignment phase to stable_polar
c [ccnr] bumping based on var unsat frequency: conflict_ct
c [ccnr] Bumped vars: 3202 bump type: 6
c [ccnr] time: 0.34
c rst  geom best vs   1013  538 K 3202      25K  3092 6.70    6.19     1164   303   44K   254 30.95   30.79  
c [distill] watch-based irred--  cl tried 33016    cl-sh 0     cl-rem 0    lit-rem 0      T: 0.04 T-out: Y
c [distill] watch-based red  --  cl tried 2328     cl-sh 0     cl-rem 0    lit-rem 0      T: 0.00 T-out: N
c rst  geom best vs   1014  544 K 3202      25K  3092 6.70    6.19     1177   323   37K   254 28.76   28.58  
c [branch] adjusting to: vmtf (from: vsid) var_decay:0.95 descr: VMTF
c [distill-long-red0] cls tried: 17/17 T: 0.00 T-out: N T-r: 99.98%
c [distill-long-red1] cls tried: 48/48 T: 0.00 T-out: N T-r: 85.05%
c rst  luby stb  vmt  1015  544 K 3202      25K  3092 6.70    6.19     1180   329   37K   254 28.79   28.62  
c rst  luby stb  vmt  1016  544 K 3202      25K  3092 6.70    6.19     1185   333   37K   254 28.78   28.61  
c rst  luby stb  vmt  1017  544 K 3202      25K  3092 6.70    6.19     1185   333   37K   254 28.78   28.61  
c rst  luby stb  vmt  1018  544 K 3202      25K  3092 6.70    6.19     1185   333   37K   254 28.81   28.64  
c rst  luby stb  vmt  1019  544 K 3202      25K  3092 6.70    6.19     1185   333   38K   254 28.81   28.63  
c rst  luby stb  vmt  1020  544 K 3202      25K  3092 6.70    6.19     1185   333   38K   254 28.81   28.64  
c rst  luby stb  vmt  1021  545 K 3202      25K  3092 6.70    6.19     1192   339   38K   254 28.87   28.70  
c rst  luby stb  vmt  1022  545 K 3202      25K  3092 6.70    6.19     1192   340   38K   254 28.88   28.71  
c rst  luby stb  vmt  1023  545 K 3202      25K  3092 6.70    6.19     1192   341   38K   254 28.88   28.71  
c rst  luby stb  vmt  1024  545 K 3202      25K  3092 6.70    6.19     1192   343   39K   254 28.89   28.72  
c rst  luby stb  vmt  1025  545 K 3202      25K  3092 6.70    6.19     1192   345   39K   254 28.91   28.74  
c rst  luby stb  vmt  1026  545 K 3202      25K  3092 6.70    6.19     1192   345   39K   254 28.90   28.73  
c rst  luby stb  vmt  1027  546 K 3202      25K  3092 6.70    6.19     1192   347   39K   254 28.86   28.70  
c rst  luby stb  vmt  1028  546 K 3202      25K  3092 6.70    6.19     1194   347   39K   254 28.85   28.69  
c rst  luby stb  vmt  1029  547 K 3202      25K  3092 6.70    6.19     1195   351   40K   254 28.93   28.77  
c rst  luby stb  vmt  1030  547 K 3202      25K  3092 6.70    6.19     1195   351   40K   254 28.92   28.76  
c rst  luby stb  vmt  1031  547 K 3202      25K  3092 6.70    6.19     1195   352   40K   254 28.94   28.78  
c rst  luby stb  vmt  1032  547 K 3202      25K  3092 6.70    6.19     1195   354   41K   254 28.96   28.80  
c rst  luby stb  vmt  1033  547 K 3202      25K  3092 6.70    6.19     1195   354   41K   254 28.97   28.81  
c rst  luby stb  vmt  1034  547 K 3202      25K  3092 6.70    6.19     1195   355   41K   254 28.99   28.83  
c rst  luby stb  vmt  1035  548 K 3202      25K  3092 6.70    6.19     1195   355   41K   254 29.00   28.84  
c rst  luby stb  vmt  1036  548 K 3202      25K  3092 6.70    6.19     1195   357   41K   254 29.03   28.87  
c rst  luby stb  vmt  1037  548 K 3202      25K  3092 6.70    6.19     1195   357   41K   254 29.03   28.87  
c rst  luby stb  vmt  1038  548 K 3202      25K  3092 6.70    6.19     1195   357   42K   254 29.03   28.87  
c rst  luby stb  vmt  1039  549 K 3202      25K  3092 6.70    6.19     1195   357   42K   254 29.04   28.89  
c rst  luby stb  vmt  1040  549 K 3202      25K  3092 6.70    6.19     1195   357   42K   254 29.04   28.88  
c rst  luby stb  vmt  1041  549 K 3202      25K  3092 6.70    6.19     1195   358   42K   254 29.04   28.89  
c rst  luby stb  vmt  1042  549 K 3202      25K  3092 6.70    6.19     1195   362   42K   254 29.05   28.89  
c rst  luby stb  vmt  1043  549 K 3202      25K  3092 6.70    6.19     1195   362   43K   254 29.03   28.88  
c [distill-bin] useful: 0/3092/3092 lits-rem: 0 cl-rem: 0 0-depth-assigns: 0 T: 0.01 T-out: N
c rst  luby stb  vmt  1044  550 K 3202      25K  3092 6.70    6.19     1236   317   43K   254 29.04   28.89  
c rst  luby stb  vmt  1045  552 K 3202      25K  3092 6.70    6.19     1236   317   45K   254 29.05   28.90  
c rst  luby stb  vmt  1046  552 K 3202      25K  3092 6.70    6.19     1236   317   45K   254 29.06   28.91  
c rst  luby stb  vmt  1047  552 K 3202      25K  3092 6.70    6.19     1236   320   45K   254 29.07   28.92  
c rst  luby stb  vmt  1048  552 K 3202      25K  3092 6.70    6.19     1236   320   45K   254 29.10   28.96  
c rst  luby stb  vmt  1049  552 K 3202      25K  3092 6.70    6.19     1236   321   45K   254 29.12   28.97  
c rst  luby stb  vmt  1050  552 K 3202      25K  3092 6.70    6.19     1236   322   46K   254 29.11   28.97  
c rst  luby stb  vmt  1051  553 K 3202      25K  3092 6.70    6.19     1236   324   46K   254 29.14   29.00  
c rst  luby stb  vmt  1052  553 K 3202      25K  3092 6.70    6.19     1236   324   46K   254 29.15   29.01  
c rst  luby stb  vmt  1053  553 K 3202      25K  3092 6.70    6.19     1236   324   46K   254 29.15   29.01  
c rst  luby stb  vmt  1054  553 K 3202      25K  3092 6.70    6.19     1236   327   46K   254 29.17   29.03  
c rst  luby stb  vmt  1055  553 K 3202      25K  3092 6.70    6.19     1236   327   47K   254 29.19   29.04  
c rst  luby stb  vmt  1056  553 K 3202      25K  3092 6.70    6.19     1236   327   47K   254 29.18   29.04  
c rst  luby stb  vmt  1057  554 K 3202      25K  3092 6.70    6.19     1236   327   47K   254 29.19   29.05  
c [full-probe]  bin_only: 1 set: 0 repl: 0 T: 0.01 T-out: N T-r: 99.74%
c rst  luby stb  vmt  1058  554 K 3202      25K  3092 6.70    6.19     1236   327   47K   254 29.21   29.07  
c rst  luby stb  vmt  1059  554 K 3202      25K  3092 6.70    6.19     1239   329   47K   254 29.21   29.07  
c rst  luby stb  vmt  1060  555 K 3202      25K  3092 6.70    6.19     1249   399   35K   254 28.77   28.59  
c rst  luby ibes vmt  1061  555 K 3202      25K  3092 6.70    6.19     1249   399   35K   254 28.79   28.61  
c rst  luby ibes vmt  1062  555 K 3202      25K  3092 6.70    6.19     1250   400   35K   254 28.81   28.63  
c rst  luby ibes vmt  1063  555 K 3202      25K  3092 6.70    6.19     1250   408   35K   254 28.82   28.64  
c rst  luby ibes vmt  1064  555 K 3202      25K  3092 6.70    6.19     1250   408   35K   254 28.84   28.66  
c rst  luby ibes vmt  1065  556 K 3202      25K  3092 6.70    6.19     1250   408   36K   254 28.86   28.68  
c rst  luby ibes vmt  1066  556 K 3202      25K  3092 6.70    6.19     1251   408   36K   254 28.92   28.74  
c rst  luby ibes vmt  1067  556 K 3202      25K  3092 6.70    6.19     1251   408   36K   254 28.98   28.80  
c rst  luby ibes vmt  1068  556 K 3202      25K  3092 6.70    6.19     1251   408   36K   254 29.01   28.83  
c rst  luby ibes vmt  1069  556 K 3202      25K  3092 6.70    6.19     1251   409   36K   254 29.04   28.86  
c rst  luby ibes vmt  1070  557 K 3202      25K  3092 6.70    6.19     1252   410   37K   254 29.08   28.90  
c rst  luby ibes vmt  1071  557 K 3202      25K  3092 6.70    6.19     1252   410   37K   254 29.10   28.92  
c rst  luby ibes vmt  1072  557 K 3202      25K  3092 6.70    6.19     1252   410   37K   254 29.12   28.95  
c rst  luby ibes vmt  1073  557 K 3202      25K  3092 6.70    6.19     1252   410   37K   254 29.15   28.97  
c rst  luby ibes vmt  1074  557 K 3202      25K  3092 6.70    6.19     1252   411   37K   254 29.23   29.05  
c rst  luby ibes vmt  1075  558 K 3202      25K  3092 6.70    6.19     1254   416   38K   254 29.47   29.30  
c rst  luby ibes vmt  1076  560 K 3202      25K  3092 6.70    6.19     1303   331   40K   254 29.50   29.33  
c [distill-long-red0] cls tried: 84/84 T: 0.01 T-out: N T-r: 99.90%
c [distill-long-red1] cls tried: 90/90 T: 0.01 T-out: N T-r: 44.34%
c rst  luby ibes vmt  1077  563 K 3202      25K  3092 6.70    6.19     1306   349   43K   254 29.81   29.65  
c rst  luby ibes vmt  1078  563 K 3202      25K  3092 6.70    6.19     1306   354   43K   254 29.81   29.65  
c rst  luby ibes vmt  1079  563 K 3202      25K  3092 6.70    6.19     1306   354   43K   254 29.82   29.66  
c rst  luby ibes vmt  1080  563 K 3202      25K  3092 6.70    6.19     1306   354   43K   254 29.84   29.69  
c [distill] watch-based irred--  cl tried 28515    cl-sh 0     cl-rem 0    lit-rem 0      T: 0.04 T-out: Y
c [distill] watch-based red  --  cl tried 2612     cl-sh 0     cl-rem 0    lit-rem 0      T: 0.00 T-out: N
c rst  luby ibes vmt  1081  563 K 3202      25K  3092 6.70    6.19     1306   356   43K   254 29.86   29.70  
c rst  luby ibes vmt  1082  564 K 3202      25K  3092 6.70    6.19     1306   358   44K   254 29.86   29.70  
c rst  luby ibes vmt  1083  564 K 3202      25K  3092 6.70    6.19     1306   359   44K   254 29.87   29.72  
c rst  luby ibes vmt  1084  564 K 3202      25K  3092 6.70    6.19     1307   373   44K   254 29.86   29.71  
c rst  luby ibes vmt  1085  564 K 3202      25K  3092 6.70    6.19     1307   375   44K   254 29.89   29.74  
c rst  luby ibes vmt  1086  564 K 3202      25K  3092 6.70    6.19     1307   375   44K   254 29.92   29.77  
c rst  luby ibes vmt  1087  565 K 3202      25K  3092 6.70    6.19     1307   376   45K   254 29.97   29.82  
c rst  luby ibes vmt  1088  565 K 3202      25K  3092 6.70    6.19     1307   376   45K   254 30.00   29.85  
c rst  luby ibes vmt  1089  565 K 3202      25K  3092 6.70    6.19     1307   377   45K   254 30.01   29.86  
c rst  luby ibes vmt  1090  565 K 3202      25K  3092 6.70    6.19     1307   377   45K   254 30.01   29.86  
c rst  luby ibes vmt  1091  565 K 3202      25K  3092 6.70    6.19     1307   378   45K   254 30.07   29.92  
c rst  luby ibes vmt  1092  566 K 3202      25K  3092 6.70    6.19     1312   395   46K   254 30.18   30.04  
c rst  luby svd  vmt  1093  566 K 3202      25K  3092 6.70    6.19     1312   395   46K   254 30.19   30.05  
c rst  luby svd  vmt  1094  566 K 3202      25K  3092 6.70    6.19     1312   397   46K   254 30.20   30.06  
c rst  luby svd  vmt  1095  567 K 3202      25K  3092 6.70    6.19     1312   397   47K   254 30.23   30.08  
c rst  luby svd  vmt  1096  567 K 3202      25K  3092 6.70    6.19     1312   397   47K   254 30.25   30.10  
c rst  luby svd  vmt  1097  567 K 3202      25K  3092 6.70    6.19     1312   397   47K   254 30.26   30.12  
c rst  luby svd  vmt  1098  567 K 3202      25K  3092 6.70    6.19     1312   397   47K   254 30.31   30.17  
c rst  luby svd  vmt  1099  567 K 3202      25K  3092 6.70    6.19     1312   401   47K   254 30.38   30.23  
c rst  luby svd  vmt  1100  568 K 3202      25K  3092 6.70    6.19     1312   401   47K   254 30.40   30.26  
c rst  luby svd  vmt  1101  568 K 3202      25K  3092 6.70    6.19     1312   401   48K   254 30.42   30.28  
c rst  luby svd  vmt  1102  568 K 3202      25K  3092 6.70    6.19     1312   401   48K   254 30.44   30.29  
c rst  luby svd  vmt  1103  568 K 3202      25K  3092 6.70    6.19     1312   402   48K   254 30.47   30.32  
c rst  luby svd  vmt  1104  568 K 3202      25K  3092 6.70    6.19     1312   402   48K   254 30.50   30.35  
c rst  luby svd  vmt  1105  568 K 3202      25K  3092 6.70    6.19     1312   402   48K   254 30.55   30.41  
c rst  luby svd  vmt  1106  569 K 3202      25K  3092 6.70    6.19     1312   404   49K   254 30.60   30.46  
c rst  luby svd  vmt  1107  569 K 3202      25K  3092 6.70    6.19     1312   406   49K   254 30.69   30.55  
c [distill-bin] useful: 0/3092/3092 lits-rem: 0 cl-rem: 0 0-depth-assigns: 0 T: 0.02 T-out: N
c rst  luby svd  vmt  1108  571 K 3202      25K  3092 6.70    6.19     1393   389   32K   254 31.47   31.25  
c rst  luby svd  vmt  1109  571 K 3202      25K  3092 6.70    6.19     1393   389   32K   254 31.49   31.28  
c rst  luby svd  vmt  1110  571 K 3202      25K  3092 6.70    6.19     1393   389   32K   254 31.53   31.31  
c rst  luby svd  vmt  1111  571 K 3202      25K  3092 6.70    6.19     1393   389   33K   254 31.57   31.36  
c rst  luby svd  vmt  1112  572 K 3202      25K  3092 6.70    6.19     1393   390   33K   254 31.60   31.39  
c rst  luby svd  vmt  1113  572 K 3202      25K  3092 6.70    6.19     1393   390   33K   254 31.63   31.41  
c rst  luby svd  vmt  1114  572 K 3202      25K  3092 6.70    6.19     1393   390   33K   254 31.67   31.46  
c rst  luby svd  vmt  1115  572 K 3202      25K  3092 6.70    6.19     1393   390   33K   254 31.74   31.53  
c rst  luby svd  vmt  1116  572 K 3202      25K  3092 6.70    6.19     1393   390   33K   254 31.77   31.56  
c rst  luby svd  vmt  1117  572 K 3202      25K  3092 6.70    6.19     1393   390   34K   254 31.79   31.58  
c rst  luby svd  vmt  1118  573 K 3202      25K  3092 6.70    6.19     1393   390   34K   254 31.86   31.65  
c rst  luby svd  vmt  1119  573 K 3202      25K  3092 6.70    6.19     1393   390   34K   254 31.89   31.68  
c rst  luby svd  vmt  1120  573 K 3202      25K  3092 6.70    6.19     1393   390   34K   254 31.90   31.69  
c rst  luby svd  vmt  1121  573 K 3202      25K  3092 6.70    6.19     1393   390   34K   254 31.93   31.73  
c rst  luby svd  vmt  1122  573 K 3202      25K  3092 6.70    6.19     1393   392   35K   254 32.00   31.79  
c rst  luby svd  vmt  1123  574 K 3202      25K  3092 6.70    6.19     1393   392   35K   254 32.12   31.92  
c [full-probe]  bin_only: 0 set: 0 repl: 0 T: 0.01 T-out: N T-r: 98.40%
c rst  luby svd  vmt  1124  574 K 3202      25K  3092 6.70    6.19     1394   392   35K   254 32.14   31.94  
c rst  luby svd  vmt  1125  574 K 3202      25K  3092 6.70    6.19     1394   392   36K   254 32.18   31.98  
c rst  luby svd  vmt  1126  575 K 3202      25K  3092 6.70    6.19     1394   392   36K   254 32.24   32.04  
c rst  luby svd  vmt  1127  575 K 3202      25K  3092 6.70    6.19     1394   392   36K   254 32.27   32.07  
c rst  luby svd  vmt  1128  575 K 3202      25K  3092 6.70    6.19     1394   396   36K   254 32.27   32.07  
c [distill-long-red0] cls tried: 58/58 T: 0.00 T-out: N T-r: 99.92%
c [distill-long-red1] cls tried: 96/96 T: 0.01 T-out: N T-r: 37.96%
c rst  luby svd  vmt  1129  575 K 3202      25K  3092 6.70    6.19     1394   396   36K   254 32.34   32.14  
c [gauss] XOR-encoding clauses are not detached, so no need to reattach them.
c [g 0] truth-find prop checks  : 1427K
c [g 0] -> of which prop        : 31.53 %
c [g 0] -> of which confl       :  1.29 %
c [g 0] elim called             : 191K
c [g 0] ---> which lead to prop : 148.23 %
c [g 0] ---> which lead to confl:  5.74 %
c [g 0] size: 54    x 108  
c [scc] new: 0 BP 0M T: 0.00
c [vrep] vars 0 lits 0 rem-bin-cls 0 rem-long-cls 0 BP 0M T: 0.01
c [intree] Set 0 vars hyper-added: 0 trans-irred: 0 trans-red: 0 T: 0.01 T-out: N T-r: -0.86%
c [find&init matx] performing matrix init
c [gauss] XOR-encoding clauses are not detached, so no need to reattach them.
c [xor-rem-unconnected] left with 315 xors from 315 non-empty xors T: 0.00
c [xor-together] xored together: 261 orig xors: 315 new xors: 54 T: 0.00
c [xor-rem-unconnected] left with 54 xors from 54 non-empty xors T: 0.00
c [xor-clean-equiv] removed equivalent xors: 0 left with: 54
c [matrix] unused xors from cleaning: 0
c [matrix] Good   matrix 0 54      x108    density:0.2076  xorlen avg: 22.43
c [matrix] Using 1 matrices recovered from 0 xors T: 0.00 T-out: N
c rst  luby svd  vmt  1130  575 K 3202      25K  3092 6.70    6.19     1394   399   37K   254 32.42   32.22  
c rst  luby svd  vmt  1131  576 K 3202      25K  3092 6.70    6.19     1394   400   37K   254 32.45   32.25  
c rst  luby svd  vmt  1132  576 K 3202      25K  3092 6.70    6.19     1394   400   37K   254 32.48   32.28  
c rst  luby svd  vmt  1133  576 K 3202      25K  3092 6.70    6.19     1394   401   37K   254 32.54   32.34  
c rst  luby svd  vmt  1134  576 K 3202      25K  3092 6.70    6.19     1394   401   37K   254 32.56   32.36  
c rst  luby svd  vmt  1135  576 K 3202      25K  3092 6.70    6.19     1394   401   37K   254 32.58   32.38  
c rst  luby svd  vmt  1136  576 K 3202      25K  3092 6.70    6.19     1394   402   37K   254 32.62   32.43  
c rst  luby svd  vmt  1137  577 K 3202      25K  3092 6.70    6.19     1394   405   38K   254 32.72   32.52  
c rst  luby svd  vmt  1138  577 K 3202      25K  3092 6.70    6.19     1395   407   39K   254 32.81   32.62  
c rst  geom best vmt  1139  578 K 3202      25K  3092 6.70    6.19     1395   407   39K   254 32.81   32.62  
c [ccnr] tries: 0 steps: 262143 best found: 4
c [ccnr] saving best assignment phase to stable_polar
c [ccnr] bumping based on clause weights
c [ccnr] Bumped vars: 106 bump type: 6
c [ccnr] time: 0.34
c rst  geom best vmt  1140  578 K 3202      25K  3092 6.70    6.19     1398   413   39K   254 32.82   32.63  
c rst  geom best vmt  1141  578 K 3202      25K  3092 6.70    6.19     1398   414   39K   254 32.83   32.64  
c rst  geom best vmt  1142  578 K 3202      25K  3092 6.70    6.19     1399   416   39K   254 32.84   32.66  
c rst  geom best vmt  1143  578 K 3202      25K  3092 6.70    6.19     1399   416   39K   254 32.84   32.65  
c rst  geom best vmt  1144  578 K 3202      25K  3092 6.70    6.19     1399   416   39K   254 32.83   32.64  
c rst  geom best vmt  1145  579 K 3202      25K  3092 6.70    6.19     1399   417   40K   254 32.81   32.63  
c rst  geom best vmt  1146  579 K 3202      25K  3092 6.70    6.19     1399   417   40K   254 32.81   32.63  
c rst  geom best vmt  1147  579 K 3202      25K  3092 6.70    6.19     1399   418   40K   254 32.80   32.62  
c rst  geom best vmt  1148  579 K 3202      25K  3092 6.70    6.19     1401   421   40K   254 32.79   32.61  
c rst  geom best vmt  1149  580 K 3202      25K  3092 6.70    6.19     1401   425   41K   254 32.78   32.60  
c rst  geom best vmt  1150  580 K 3202      25K  3092 6.70    6.19     1439   383   41K   254 32.81   32.63  
c rst  geom best vmt  1151  580 K 3202      25K  3092 6.70    6.19     1439   384   41K   254 32.83   32.65  
c rst  geom best vmt  1152  581 K 3202      25K  3092 6.70    6.19     1439   384   42K   254 32.86   32.68  
c rst  geom best vmt  1153  581 K 3202      25K  3092 6.70    6.19     1439   385   42K   254 32.84   32.66  
c rst  geom best vmt  1154  581 K 3202      25K  3092 6.70    6.19     1440   391   42K   254 32.93   32.75  
c rst  geom best vmt  1155  582 K 3202      25K  3092 6.70    6.19     1440   398   43K   254 32.95   32.77  
c rst  geom best vmt  1156  582 K 3202      25K  3092 6.70    6.19     1440   398   44K   254 32.96   32.79  
c rst  geom best vmt  1157  583 K 3202      25K  3092 6.70    6.19     1440   404   44K   254 32.95   32.78  
c rst  geom best vmt  1158  584 K 3202      25K  3092 6.70    6.19     1440   414   45K   254 33.02   32.85  
c rst  geom best vmt  1159  584 K 3202      25K  3092 6.70    6.19     1442   441   45K   254 33.11   32.94  
c rst  geom best vmt  1160  585 K 3202      25K  3092 6.70    6.19     1447   498   28K   254 35.03   34.76  
c [impl-str] lit bin: 0 set-var: 0 T: 0.00 T-out: N T-r: 99.96% w-visit: 6404
c [impl-sub] bin: 0 T: 0.00 T-out: N w-visit: 6404
c rst  geom best vmt  1161  586 K 3202      25K  3092 6.70    6.19     1447   509   29K   254 35.03   34.77  
c rst  geom best vmt  1162  587 K 3202      25K  3092 6.70    6.19     1447   515   30K   254 35.03   34.78  
c rst  geom best vmt  1163  588 K 3202      25K  3092 6.70    6.19     1448   522   31K   254 34.97   34.73  
c rst  geom best vmt  1164  589 K 3202      25K  3092 6.70    6.19     1448   523   32K   254 34.82   34.58  
c [distill] watch-based irred--  cl tried 32127    cl-sh 0     cl-rem 0    lit-rem 0      T: 0.04 T-out: Y
c [distill] watch-based red  --  cl tried 2896     cl-sh 0     cl-rem 0    lit-rem 0      T: 0.00 T-out: N
c rst  geom stb  vmt  1165  591 K 3202      25K  3092 6.70    6.19     1500   450   34K   254 34.88   34.65  
c [distill-long-red0] cls tried: 65/65 T: 0.00 T-out: N T-r: 99.91%
c [distill-long-red1] cls tried: 119/119 T: 0.01 T-out: N T-r: 36.79%
c [distill-bin] useful: 0/3092/3092 lits-rem: 0 cl-rem: 0 0-depth-assigns: 0 T: 0.01 T-out: N
c rst  geom stb  vmt  1166  592 K 3202      25K  3092 6.70    6.19     1500   450   35K   254 34.85   34.63  
c rst  geom stb  vmt  1167  593 K 3202      25K  3092 6.70    6.19     1500   462   37K   254 34.91   34.69  
c rst  geom stb  vmt  1168  595 K 3202      25K  3092 6.70    6.19     1500   481   38K   254 34.95   34.74  
c [full-probe]  bin_only: 1 set: 0 repl: 0 T: 0.01 T-out: N T-r: 99.77%
c rst  geom stb  vmt  1169  597 K 3202      25K  3092 6.70    6.19     1501   494   40K   254 35.07   34.88  
c rst  geom stb  vmt  1170  599 K 3202      25K  3092 6.70    6.19     1501   513   42K   254 35.17   34.99  
c rst  geom stb  vmt  1171  601 K 3202      25K  3092 6.70    6.19     1548   550   29K   254 34.42   34.17  
c [branch] adjusting to: vsid (from: vmtf) var_decay:0.95 descr: VSIDS
c rst  geom ibes vs   1172  601 K 3202      25K  3092 6.70    6.19     1548   550   29K   254 34.41   34.15  
c rst  geom ibes vs   1173  602 K 3202      25K  3092 6.70    6.19     1548   550   29K   254 34.39   34.14  
c rst  geom ibes vs   1174  602 K 3202      25K  3092 6.70    6.19     1548   550   30K   254 34.38   34.13  
c rst  geom ibes vs   1175  602 K 3202      25K  3092 6.70    6.19     1548   550   30K   254 34.36   34.11  
c rst  geom ibes vs   1176  602 K 3202      25K  3092 6.70    6.19     1548   550   30K   254 34.34   34.09  
c rst  geom ibes vs   1177  602 K 3202      25K  3092 6.70    6.19     1548   550   30K   254 34.33   34.08  
c rst  geom ibes vs   1178  602 K 3202      25K  3092 6.70    6.19     1548   550   30K   254 34.31   34.06  
c rst  geom ibes vs   1179  603 K 3202      25K  3092 6.70    6.19     1548   550   30K   254 34.29   34.04  
c rst  geom ibes vs   1180  603 K 3202      25K  3092 6.70    6.19     1548   551   31K   254 34.26   34.01  
c rst  geom ibes vs   1181  603 K 3202      25K  3092 6.70    6.19     1548   551   31K   254 34.24   34.00  
c rst  geom ibes vs   1182  603 K 3202      25K  3092 6.70    6.19     1548   551   31K   254 34.22   33.98  
c rst  geom ibes vs   1183  604 K 3202      25K  3092 6.70    6.19     1549   552   32K   254 34.23   33.99  
c rst  geom ibes vs   1184  604 K 3202      25K  3092 6.70    6.19     1550   552   32K   254 34.21   33.98  
c rst  geom ibes vs   1185  604 K 3202      25K  3092 6.70    6.19     1550   552   32K   254 34.16   33.93  
c rst  geom ibes vs   1186  605 K 3202      25K  3092 6.70    6.19     1550   552   33K   254 34.12   33.89  
c rst  geom ibes vs   1187  605 K 3202      25K  3092 6.70    6.19     1550   552   33K   254 34.09   33.86  
c rst  geom ibes vs   1188  606 K 3202      25K  3092 6.70    6.19     1550   552   34K   254 34.07   33.84  
c [distill-long-red0] cls tried: 34/34 T: 0.00 T-out: N T-r: 99.96%
c [distill-long-red1] cls tried: 118/118 T: 0.01 T-out: N T-r: 60.97%
c rst  geom ibes vs   1189  606 K 3202      25K  3092 6.70    6.19     1550   554   34K   254 34.03   33.81  
c rst  geom ibes vs   1190  607 K 3202      25K  3092 6.70    6.19     1550   554   35K   254 33.98   33.76  
c rst  geom ibes vs   1191  608 K 3202      25K  3092 6.70    6.19     1550   554   35K   254 33.96   33.75  
c rst  geom ibes vs   1192  608 K 3202      25K  3092 6.70    6.19     1551   555   36K   254 33.85   33.64  
c rst  geom ibes vs   1193  609 K 3202      25K  3092 6.70    6.19     1552   555   37K   254 33.76   33.55  
c rst  geom ibes vs   1194  610 K 3202      25K  3092 6.70    6.19     1588   499   38K   254 33.68   33.48  
c rst  geom ibes vs   1195  611 K 3202      25K  3092 6.70    6.19     1588   499   39K   254 33.59   33.40  
c [distill-bin] useful: 0/3092/3092 lits-rem: 0 cl-rem: 0 0-depth-assigns: 0 T: 0.01 T-out: N
c rst  geom ibes vs   1196  612 K 3202      25K  3092 6.70    6.19     1588   501   40K   254 33.42   33.24  
c rst  geom ibes vs   1197  612 K 3202      25K  3092 6.70    6.19     1588   503   40K   254 33.37   33.19  
c recursive minimization cost OK: 1312Kcost/(% lits removed)
c [gauss] XOR-encoding clauses are not detached, so no need to reattach them.
c [g 0] truth-find prop checks  : 813K
c [g 0] -> of which prop        : 31.76 %
c [g 0] -> of which confl       :  1.40 %
c [g 0] elim called             : 113K
c [g 0] ---> which lead to prop : 146.12 %
c [g 0] ---> which lead to confl:  5.88 %
c [g 0] size: 54    x 108  
c --> Executing strategy token: scc-vrepl
c [scc] new: 0 BP 0M T: 0.00
c --> Executing strategy token: sub-impl
c [impl-sub] bin: 0 T: 0.00 T-out: N w-visit: 6404
c --> Executing strategy token: breakid
c --> Executing OCC strategy token(s): 'occ-backw-sub-str,occ-clean-implicit,occ-bve,occ-bva,occ-ternary-res,occ-xor,'
c [occ] mem usage for occur 2      MB
c [occ] Linked in IRRED BIN by default: 3092
c [occ] Linked in RED   BIN by default: 254
c [occ] mem usage for occur 0      MB
c Mem for watch alloc      : 10          MB (20.07     %)
c Mem for watch array      : 0           MB (0.29      %)
c --> Executing OCC strategy token: occ-backw-sub-str
c [occ-backw-sub-str-long-w-bins] subs: 0 str: 2 tried: 87093 0-depth ass: 0 T: 0.00 T-out: N T-r: 99.32%
c [occ-backw-sub-long-w-long] rem cl: 51 tried: 68067/68067 (100.0%) T: 0.02 T-out: N T-r: 97.30%
c [occ-backw-sub-str-long-w-long] sub: 1 str: 13 tried: 204201/68067 (300.0)  T: 0.09 T-out: N T-r: 88.93%
c --> Executing OCC strategy token: occ-clean-implicit
c --> Executing OCC strategy token: occ-bve
c [occ-empty-res] Empty resolvent elimed: 0 T: 0.00 T-out: N
c [occ-bve] turning off picosat-based irreg gate detection, added lits:  307K
c [occ-bve] iter v-elim 0
c cl_inc_rate=1.0, var_dec_rate=1.0 (grow=0)
c Reduced to 3202 vars, 28258 cls (grow=0)
c [occ-bve] iter v-elim 0
c cl_inc_rate=1.0, var_dec_rate=1.0 (grow=8)
c Reduced to 3202 vars, 28258 cls (grow=8)
c [occ-bve] iter v-elim 4
c cl_inc_rate=1.0, var_dec_rate=1.0 (grow=16)
c Reduced to 3198 vars, 28313 cls (grow=16)
c x n vars       : 3198
c #try to eliminate:  9715
c #var-elim        :     4
c #T-o: N
c #T-r: 99.99%
c #T  : 1.18
c [occur] 0.05 is overhead
c [occur] link-in T: 0.05 cleanup T: 0.00
c --> Executing OCC strategy token: occ-bva
c --> Executing OCC strategy token: occ-ternary-res
c [occ-ternary-res] Ternary res-tri: 0 res-bin: 0 sub: 0 str: 0 T: 0.00 T-out: N T-r: 99.84%
c --> Executing OCC strategy token: occ-xor
c [occ-xor] sort occur list T: 0.01
c [xor-clean-equiv] removed equivalent xors: 0 left with: 313
c [occ-xor] found    313 avg sz 5.5 min sz  4 max sz  6 T: 0.01 T-out: N T-r: 99.97%
c --> Executing strategy token: card-find
c --> Executing strategy token: cl-consolidate
c Not consolidating memory.
c --> Executing strategy token: scc-vrepl
c [scc] new: 0 BP 0M T: 0.00
c --> Executing strategy token: renumber
c --> Executing strategy token: bosphorus
c --> Executing strategy token: louvain-comms
c [consolidate] mini T: 0.00
c global_timeout_multiplier: 4.8315
c [branch] rebuilding order heap for all branchings. Current branching: vsid
c [find&init matx] performing matrix init
c [gauss] XOR-encoding clauses are not detached, so no need to reattach them.
c [xor-rem-unconnected] left with 313 xors from 313 non-empty xors T: 0.00
c [xor-together] xored together: 259 orig xors: 313 new xors: 54 T: 0.00
c [xor-rem-unconnected] left with 54 xors from 54 non-empty xors T: 0.00
c [xor-clean-equiv] removed equivalent xors: 0 left with: 54
c [matrix] unused xors from cleaning: 0
c [matrix] Good   matrix  0     54 x  108  density:0.2063  xorlen avg: 22.28
c [matrix] Using 1 matrices recovered from 0 xors T: 0.00 T-out: N
c rst  geom  svd   vs  1198  613K    3198   25K  3088    6.71    6.20  1548   539   41K   254   33.39   33.20
c rst  geom  svd   vs  1199  614K    3198   25K  3088    6.71    6.20  1549   541   42K   254   33.32   33.15
c [distill] watch-based irred--  cl tried    34221 cl-sh     0 cl-rem    0 lit-rem      0 T: 0.05 T-out: Y
c [distill] watch-based   red--  cl tried     3098 cl-sh     1 cl-rem    0 lit-rem      1 T: 0.00 T-out: N
c rst  geom  svd   vs  1200  616K    3198   25K  3088    6.71    6.20  1551   545   32K   254   31.93   31.71
c [full-probe]  bin_only: 0 set: 0 repl: 0 T: 0.01 T-out: N T-r: 98.35%
c rst  geom  svd   vs  1201  617K    3198   25K  3088    6.71    6.20  1551   545   34K   254   31.80   31.59
c rst  geom  svd   vs  1202  619K    3198   25K  3088    6.71    6.20  1551   545   35K   254   31.78   31.58
c rst  geom  svd   vs  1203  621K    3198   25K  3088    6.71    6.20  1565   474   37K   254   32.10   31.91
c [distill-long-red0] cls tried: 11/11 T: 0.00 T-out: N T-r: 99.99%
c [distill-long-red1] cls tried: 52/52 T: 0.00 T-out: N T-r: 85.22%
c rst  geom  svd   vs  1204  623K    3198   25K  3088    6.71    6.20  1565   474   39K   254   32.27   32.09
c [ccnr] tries: 0 steps: 262143 best found: 6
c [ccnr] saving best assignment phase to stable_polar
c [ccnr] bumping based on var unsat frequency: conflict_ct
c [ccnr] Bumped vars: 3202 bump type: 6
c [ccnr] time: 0.33
c rst  geom  svd   vs  1205  625K    3198   25K  3088    6.71    6.20  1565   475   42K   254   32.41   32.24
c rst  geom best   vs  1206  628K    3198   25K  3088    6.71    6.20  1565   477   44K   254   32.30   32.14
c rst  geom best   vs  1207  630K    3198   25K  3088    6.71    6.20  1582   454   30K   254   30.41   30.19
c rst  geom best   vs  1208  633K    3198   25K  3088    6.71    6.20  1582   455   33K   254   30.61   30.41
c [distill-bin] useful: 0/3088/3088 lits-rem: 0 cl-rem: 0 0-depth-assigns: 0 T: 0.01 T-out: N
c rst  geom best   vs  1209  637K    3198   25K  3088    6.71    6.20  1582   455   36K   254   30.81   30.62
c [distill-long-red0] cls tried: 3/3 T: 0.00 T-out: N T-r: 100.00%
c [distill-long-red1] cls tried: 11/11 T: 0.00 T-out: N T-r: 95.81%
c [full-probe]  bin_only: 1 set: 0 repl: 0 T: 0.01 T-out: N T-r: 99.86%
c rst  geom  stb   vs  1210  640K    3198   25K  3088    6.71    6.20  1600   411   40K   254   31.36   31.18
c [distill] watch-based irred--  cl tried    33541 cl-sh     0 cl-rem    0 lit-rem      0 T: 0.04 T-out: Y
c [distill] watch-based   red--  cl tried     3200 cl-sh     0 cl-rem    0 lit-rem      0 T: 0.00 T-out: N
c [gauss] XOR-encoding clauses are not detached, so no need to reattach them.
c [g 0] truth-find prop checks  : 605K
c [g 0] -> of which prop        : 32.56 %
c [g 0] -> of which confl       :  1.15 %
c [g 0] elim called             : 64K
c [g 0] ---> which lead to prop : 155.76 %
c [g 0] ---> which lead to confl:  6.20 %
c [g 0] size: 54    x 108  
c [scc] new: 0 BP 0M T: 0.00
c [vrep] vars 0 lits 0 rem-bin-cls 0 rem-long-cls 0 BP 0M T: 0.01
c [intree] Set 0 vars hyper-added: 0 trans-irred: 0 trans-red: 0 T: 0.01 T-out: N T-r: -0.04%
c [find&init matx] performing matrix init
c [gauss] XOR-encoding clauses are not detached, so no need to reattach them.
c [xor-rem-unconnected] left with 313 xors from 313 non-empty xors T: 0.00
c [xor-together] xored together: 259 orig xors: 313 new xors: 54 T: 0.00
c [xor-rem-unconnected] left with 54 xors from 54 non-empty xors T: 0.00
c [xor-clean-equiv] removed equivalent xors: 0 left with: 54
c [matrix] unused xors from cleaning: 0
c [matrix] Good   matrix 0 54      x108    density:0.2063  xorlen avg: 22.28
c [matrix] Using 1 matrices recovered from 0 xors T: 0.00 T-out: N
c rst  geom stb  vs   1211  644 K 3198      25K  3088 6.71    6.20     1601   412   44K   254 31.79   31.62  
c rst  geom stb  vs   1212  649 K 3198      25K  3088 6.71    6.20     1602   415   31K   254 33.14   32.90  
c [impl-str] lit bin: 0 set-var: 0 T: 0.00 T-out: N T-r: 99.96% w-visit: 6404
c [impl-sub] bin: 0 T: 0.00 T-out: N w-visit: 6404
c rst  geom ibes vs   1213  654 K 3198      25K  3088 6.71    6.20     1629   362   35K   254 32.79   32.58  
c [distill-long-red0] cls tried: 8/8 T: 0.00 T-out: N T-r: 99.99%
c [distill-long-red1] cls tried: 19/19 T: 0.00 T-out: N T-r: 88.93%
c [distill-bin] useful: 0/3088/3088 lits-rem: 0 cl-rem: 0 0-depth-assigns: 0 T: 0.01 T-out: N
c rst  geom ibes vs   1214  659 K 3198      25K  3088 6.71    6.20     1631   368   41K   254 32.89   32.71  
c [full-probe]  bin_only: 0 set: 0 repl: 0 T: 0.01 T-out: N T-r: 98.46%
c rst  geom ibes vs   1215  665 K 3198      25K  3088 6.71    6.20     1650   323   32K   254 32.68   32.46  
c rst  geom svd  vs   1216  671 K 3198      25K  3088 6.71    6.20     1660   268   39K   254 33.25   33.06  
c [branch] adjusting to: vmtf (from: vsid) var_decay:0.95 descr: VMTF
c [distill-long-red0] cls tried: 13/13 T: 0.00 T-out: N T-r: 99.99%
c [distill-long-red1] cls tried: 35/35 T: 0.00 T-out: N T-r: 85.59%
c [distill] watch-based irred--  cl tried 34386    cl-sh 0     cl-rem 0    lit-rem 0      T: 0.04 T-out: N
c [distill] watch-based red  --  cl tried 3320     cl-sh 0     cl-rem 0    lit-rem 0      T: 0.00 T-out: N
c [ccnr] tries: 0 steps: 262143 best found: 6
c [ccnr] saving best assignment phase to stable_polar
c [ccnr] bumping based on var unsat frequency: conflict_ct
c [ccnr] Bumped vars: 3202 bump type: 6
c [ccnr] time: 0.34
c rst  luby svd  vmt  1217  671 K 3198      25K  3088 6.71    6.20     1660   282   39K   254 33.22   33.03  
c rst  luby svd  vmt  1218  671 K 3198      25K  3088 6.71    6.20     1660   283   39K   254 33.22   33.03  
c rst  luby svd  vmt  1219  672 K 3198      25K  3088 6.71    6.20     1660   283   39K   254 33.24   33.05  
c rst  luby svd  vmt  1220  672 K 3198      25K  3088 6.71    6.20     1660   285   39K   254 33.26   33.07  
c rst  luby svd  vmt  1221  672 K 3198      25K  3088 6.71    6.20     1660   285   39K   254 33.28   33.09  
c rst  luby svd  vmt  1222  672 K 3198      25K  3088 6.71    6.20     1660   285   39K   254 33.33   33.14  
c rst  luby svd  vmt  1223  672 K 3198      25K  3088 6.71    6.20     1660   287   40K   254 33.42   33.23  
c rst  luby svd  vmt  1224  672 K 3198      25K  3088 6.71    6.20     1660   288   40K   254 33.43   33.24  
c rst  luby svd  vmt  1225  673 K 3198      25K  3088 6.71    6.20     1660   288   40K   254 33.45   33.26  
c rst  luby svd  vmt  1226  673 K 3198      25K  3088 6.71    6.20     1660   288   40K   254 33.50   33.31  
c rst  luby svd  vmt  1227  673 K 3198      25K  3088 6.71    6.20     1660   289   40K   254 33.52   33.33  
c rst  luby svd  vmt  1228  673 K 3198      25K  3088 6.71    6.20     1660   291   40K   254 33.53   33.34  
c rst  luby svd  vmt  1229  673 K 3198      25K  3088 6.71    6.20     1660   293   41K   254 33.55   33.37  
c rst  luby svd  vmt  1230  674 K 3198      25K  3088 6.71    6.20     1661   296   41K   254 33.62   33.44  
c rst  luby svd  vmt  1231  674 K 3198      25K  3088 6.71    6.20     1661   296   42K   254 33.82   33.64  
c [distill-bin] useful: 0/3088/3088 lits-rem: 0 cl-rem: 0 0-depth-assigns: 0 T: 0.01 T-out: N
c rst  luby svd  vmt  1232  674 K 3198      25K  3088 6.71    6.20     1661   296   42K   254 33.85   33.67  
c rst  luby svd  vmt  1233  675 K 3198      25K  3088 6.71    6.20     1672   318   24K   254 32.74   32.45  
c rst  luby svd  vmt  1234  675 K 3198      25K  3088 6.71    6.20     1672   318   25K   254 32.76   32.47  
c rst  luby svd  vmt  1235  675 K 3198      25K  3088 6.71    6.20     1672   318   25K   254 32.78   32.49  
c rst  luby svd  vmt  1236  675 K 3198      25K  3088 6.71    6.20     1672   319   25K   254 32.82   32.53  
c rst  luby svd  vmt  1237  675 K 3198      25K  3088 6.71    6.20     1672   319   25K   254 32.90   32.61  
c rst  luby svd  vmt  1238  676 K 3198      25K  3088 6.71    6.20     1672   319   25K   254 33.06   32.78  
c rst  luby svd  vmt  1239  676 K 3198      25K  3088 6.71    6.20     1672   319   25K   254 33.08   32.80  
c rst  luby svd  vmt  1240  676 K 3198      25K  3088 6.71    6.20     1672   319   26K   254 33.11   32.83  
c rst  luby svd  vmt  1241  676 K 3198      25K  3088 6.71    6.20     1672   319   26K   254 33.14   32.87  
c rst  luby svd  vmt  1242  676 K 3198      25K  3088 6.71    6.20     1672   319   26K   254 33.16   32.88  
c rst  luby svd  vmt  1243  676 K 3198      25K  3088 6.71    6.20     1672   320   26K   254 33.17   32.90  
c rst  luby svd  vmt  1244  676 K 3198      25K  3088 6.71    6.20     1672   321   26K   254 33.25   32.98  
c rst  luby svd  vmt  1245  677 K 3198      25K  3088 6.71    6.20     1672   321   27K   254 33.36   33.09  
c rst  geom best vmt  1246  677 K 3198      25K  3088 6.71    6.20     1672   323   27K   254 33.36   33.09  
c rst  geom best vmt  1247  677 K 3198      25K  3088 6.71    6.20     1672   328   27K   254 33.34   33.07  
c rst  geom best vmt  1248  677 K 3198      25K  3088 6.71    6.20     1672   328   27K   254 33.32   33.06  
c rst  geom best vmt  1249  677 K 3198      25K  3088 6.71    6.20     1672   330   27K   254 33.28   33.01  
c rst  geom best vmt  1250  677 K 3198      25K  3088 6.71    6.20     1672   330   27K   254 33.26   32.99  
c rst  geom best vmt  1251  678 K 3198      25K  3088 6.71    6.20     1672   330   27K   254 33.28   33.02  
c rst  geom best vmt  1252  678 K 3198      25K  3088 6.71    6.20     1672   331   28K   254 33.25   32.99  
c rst  geom best vmt  1253  678 K 3198      25K  3088 6.71    6.20     1672   331   28K   254 33.32   33.06  
c rst  geom best vmt  1254  678 K 3198      25K  3088 6.71    6.20     1672   331   28K   254 33.32   33.06  
c rst  geom best vmt  1255  679 K 3198      25K  3088 6.71    6.20     1673   332   28K   254 33.27   33.01  
c rst  geom best vmt  1256  679 K 3198      25K  3088 6.71    6.20     1673   333   29K   254 33.24   32.99  
c rst  geom best vmt  1257  679 K 3198      25K  3088 6.71    6.20     1673   339   29K   254 33.22   32.97  
c [full-probe]  bin_only: 1 set: 0 repl: 0 T: 0.01 T-out: N T-r: 99.85%
c rst  geom best vmt  1258  679 K 3198      25K  3088 6.71    6.20     1673   339   29K   254 33.19   32.94  
c rst  geom best vmt  1259  680 K 3198      25K  3088 6.71    6.20     1707   261   30K   254 33.13   32.89  
c rst  geom best vmt  1260  680 K 3198      25K  3088 6.71    6.20     1715   292   30K   254 33.07   32.83  
c rst  geom best vmt  1261  681 K 3198      25K  3088 6.71    6.20     1715   295   30K   254 33.03   32.79  
c rst  geom best vmt  1262  681 K 3198      25K  3088 6.71    6.20     1715   296   31K   254 33.03   32.80  
c rst  geom best vmt  1263  682 K 3198      25K  3088 6.71    6.20     1715   296   32K   254 32.96   32.73  
c rst  geom best vmt  1264  682 K 3198      25K  3088 6.71    6.20     1719   314   32K   254 32.89   32.66  
c rst  geom best vmt  1265  683 K 3198      25K  3088 6.71    6.20     1719   316   33K   254 32.89   32.67  
c rst  geom best vmt  1266  684 K 3198      25K  3088 6.71    6.20     1719   316   33K   254 32.97   32.76  
c rst  geom best vmt  1267  685 K 3198      25K  3088 6.71    6.20     1719   327   34K   254 32.90   32.68  
c rst  geom best vmt  1268  685 K 3198      25K  3088 6.71    6.20     1719   330   35K   254 32.87   32.66  
c rst  geom best vmt  1269  686 K 3198      25K  3088 6.71    6.20     1720   344   36K   254 32.75   32.55  
c [distill-long-red0] cls tried: 42/42 T: 0.00 T-out: N T-r: 99.96%
c [distill-long-red1] cls tried: 124/124 T: 0.01 T-out: N T-r: 57.72%
c rst  geom best vmt  1270  687 K 3198      25K  3088 6.71    6.20     1720   346   37K   254 32.82   32.63  
c rst  geom best vmt  1271  689 K 3198      25K  3088 6.71    6.20     1720   347   38K   254 32.73   32.54  
c rst  geom best vmt  1272  690 K 3198      25K  3088 6.71    6.20     1806   302   30K   254 32.61   32.37  
c rst  geom stb  vmt  1273  691 K 3198      25K  3088 6.71    6.20     1811   335   31K   254 32.91   32.68  
c rst  geom stb  vmt  1274  693 K 3198      25K  3088 6.71    6.20     1812   343   33K   254 33.26   33.03  
c rst  geom stb  vmt  1275  694 K 3198      25K  3088 6.71    6.20     1812   346   34K   254 33.70   33.48  
c [distill-bin] useful: 0/3088/3088 lits-rem: 0 cl-rem: 0 0-depth-assigns: 0 T: 0.01 T-out: N
c rst  geom stb  vmt  1276  696 K 3198      25K  3088 6.71    6.20     1812   346   36K   254 34.10   33.89  
c [distill] watch-based irred--  cl tried 32380    cl-sh 0     cl-rem 0    lit-rem 0      T: 0.05 T-out: Y
c [distill] watch-based red  --  cl tried 3624     cl-sh 0     cl-rem 0    lit-rem 0      T: 0.00 T-out: N
c rst  geom stb  vmt  1277  698 K 3198      25K  3088 6.71    6.20     1812   348   38K   254 34.35   34.15  
c rst  geom stb  vmt  1278  701 K 3198      25K  3088 6.71    6.20     1850   307   40K   254 34.55   34.35  
c [full-probe]  bin_only: 0 set: 0 repl: 0 T: 0.01 T-out: N T-r: 98.19%
c rst  geom stb  vmt  1279  703 K 3198      25K  3088 6.71    6.20     1850   316   43K   254 34.96   34.78  
c [distill-long-red0] cls tried: 46/46 T: 0.00 T-out: N T-r: 99.96%
c [distill-long-red1] cls tried: 78/78 T: 0.01 T-out: N T-r: 52.34%
c rst  geom ibes vmt  1280  706 K 3198      25K  3088 6.71    6.20     1856   371   25K   254 34.55   34.26  
c [gauss] XOR-encoding clauses are not detached, so no need to reattach them.
c [g 0] truth-find prop checks  : 1415K
c [g 0] -> of which prop        : 36.19 %
c [g 0] -> of which confl       :  1.28 %
c [g 0] elim called             : 161K
c [g 0] ---> which lead to prop : 179.76 %
c [g 0] ---> which lead to confl:  6.36 %
c [g 0] size: 54    x 108  
c [scc] new: 0 BP 0M T: 0.00
c [vrep] vars 0 lits 0 rem-bin-cls 0 rem-long-cls 0 BP 0M T: 0.00
c [intree] Set 0 vars hyper-added: 0 trans-irred: 0 trans-red: 0 T: 0.01 T-out: N T-r: -0.63%
c [find&init matx] performing matrix init
c [gauss] XOR-encoding clauses are not detached, so no need to reattach them.
c [xor-rem-unconnected] left with 313 xors from 313 non-empty xors T: 0.00
c [xor-together] xored together: 259 orig xors: 313 new xors: 54 T: 0.00
c [xor-rem-unconnected] left with 54 xors from 54 non-empty xors T: 0.00
c [xor-clean-equiv] removed equivalent xors: 0 left with: 54
c [matrix] unused xors from cleaning: 0
c [matrix] Good   matrix 0 54      x108    density:0.2063  xorlen avg: 22.28
c [matrix] Using 1 matrices recovered from 0 xors T: 0.00 T-out: N
c rst  geom ibes vmt  1281  709 K 3198      25K  3088 6.71    6.20     1856   394   28K   254 34.74   34.47  
c [impl-str] lit bin: 0 set-var: 0 T: 0.00 T-out: N T-r: 99.96% w-visit: 6404
c [impl-sub] bin: 0 T: 0.00 T-out: N w-visit: 6404
c rst  geom ibes vmt  1282  712 K 3198      25K  3088 6.71    6.20     1903   356   32K   254 34.60   34.36  
c rst  geom ibes vmt  1283  716 K 3198      25K  3088 6.71    6.20     1903   363   35K   254 35.25   35.03  
c [distill-bin] useful: 0/3088/3088 lits-rem: 0 cl-rem: 0 0-depth-assigns: 0 T: 0.01 T-out: N
c [ccnr] tries: 0 steps: 262143 best found: 4
c [ccnr] saving best assignment phase to stable_polar
c [ccnr] bumping based on clause weights
c [ccnr] Bumped vars: 105 bump type: 6
c [ccnr] time: 0.33
c rst  geom svd  vmt  1284  720 K 3198      25K  3088 6.71    6.20     1953   435   29K   254 36.41   36.13  
c [distill-long-red0] cls tried: 58/58 T: 0.00 T-out: N T-r: 99.94%
c [distill-long-red1] cls tried: 175/175 T: 0.01 T-out: N T-r: 21.58%
c rst  geom svd  vmt  1285  724 K 3198      25K  3088 6.71    6.20     1955   456   33K   254 36.79   36.54  
c [full-probe]  bin_only: 1 set: 0 repl: 0 T: 0.01 T-out: N T-r: 99.83%
c [distill] watch-based irred--  cl tried 32288    cl-sh 0     cl-rem 0    lit-rem 0      T: 0.04 T-out: Y
c [distill] watch-based red  --  cl tried 3910     cl-sh 0     cl-rem 0    lit-rem 0      T: 0.00 T-out: N
c rst  geom svd  vmt  1286  729 K 3198      25K  3088 6.71    6.20     1955   459   38K   254 37.33   37.11  
c rst  geom best vmt  1287  734 K 3198      25K  3088 6.71    6.20     1984   432   43K   254 36.60   36.41  
c rst  geom best vmt  1288  740 K 3198      25K  3088 6.71    6.20     2006   419   34K   254 33.81   33.59  
c [branch] adjusting to: vsid (from: vmtf) var_decay:0.95 descr: VSIDS
c [distill-long-red0] cls tried: 35/35 T: 0.00 T-out: N T-r: 99.96%
c [distill-long-red1] cls tried: 69/69 T: 0.00 T-out: N T-r: 73.86%
c [distill-bin] useful: 0/3088/3088 lits-rem: 0 cl-rem: 0 0-depth-assigns: 0 T: 0.01 T-out: N
c rst  geom best vs   1289  740 K 3198      25K  3088 6.71    6.20     2006   419   34K   254 33.80   33.58  
c rst  geom best vs   1290  740 K 3198      25K  3088 6.71    6.20     2006   419   34K   254 33.79   33.57  
c rst  geom best vs   1291  740 K 3198      25K  3088 6.71    6.20     2006   419   35K   254 33.77   33.55  
c rst  geom best vs   1292  741 K 3198      25K  3088 6.71    6.20     2006   419   35K   254 33.73   33.52  
c rst  geom best vs   1293  741 K 3198      25K  3088 6.71    6.20     2006   419   35K   254 33.72   33.50  
c rst  geom best vs   1294  741 K 3198      25K  3088 6.71    6.20     2006   419   35K   254 33.71   33.49  
c rst  geom best vs   1295  741 K 3198      25K  3088 6.71    6.20     2006   424   35K   254 33.67   33.46  
c rst  geom best vs   1296  741 K 3198      25K  3088 6.71    6.20     2006   424   35K   254 33.64   33.43  
c rst  geom stb  vs   1297  742 K 3198      25K  3088 6.71    6.20     2007   424   36K   254 33.65   33.44  
c rst  geom stb  vs   1298  742 K 3198      25K  3088 6.71    6.20     2007   425   36K   254 33.65   33.44  
c rst  geom stb  vs   1299  742 K 3198      25K  3088 6.71    6.20     2007   426   36K   254 33.64   33.44  
c rst  geom stb  vs   1300  742 K 3198      25K  3088 6.71    6.20     2007   426   36K   254 33.65   33.45  
c rst  geom stb  vs   1301  743 K 3198      25K  3088 6.71    6.20     2007   426   37K   254 33.70   33.50  
c rst  geom stb  vs   1302  743 K 3198      25K  3088 6.71    6.20     2007   428   37K   254 33.73   33.54  
c rst  geom stb  vs   1303  744 K 3198      25K  3088 6.71    6.20     2007   428   38K   254 33.78   33.58  
c rst  geom stb  vs   1304  744 K 3198      25K  3088 6.71    6.20     2007   429   38K   254 33.85   33.65  
c rst  geom stb  vs   1305  745 K 3198      25K  3088 6.71    6.20     2007   430   39K   254 33.89   33.69  
c [full-probe]  bin_only: 0 set: 0 repl: 0 T: 0.01 T-out: N T-r: 97.91%
c rst  geom stb  vs   1306  745 K 3198      25K  3088 6.71    6.20     2007   430   39K   254 33.91   33.72  
c rst  geom stb  vs   1307  746 K 3198      25K  3088 6.71    6.20     2007   430   40K   254 33.91   33.72  
c rst  geom stb  vs   1308  746 K 3198      25K  3088 6.71    6.20     2007   431   40K   254 33.93   33.74  
c rst  geom stb  vs   1309  747 K 3198      25K  3088 6.71    6.20     2007   432   41K   254 33.91   33.73  
c rst  geom stb  vs   1310  748 K 3198      25K  3088 6.71    6.20     2007   432   42K   254 33.91   33.73  
c rst  geom stb  vs   1311  749 K 3198      25K  3088 6.71    6.20     2007   435   43K   254 33.92   33.74  
c rst  geom stb  vs   1312  750 K 3198      25K  3088 6.71    6.20     2046   371   28K   254 32.28   32.04  
c [distill] watch-based irred--  cl tried 34371    cl-sh 0     cl-rem 0    lit-rem 0      T: 0.05 T-out: Y
c [distill] watch-based red  --  cl tried 4092     cl-sh 0     cl-rem 0    lit-rem 0      T: 0.00 T-out: N
c rst  geom stb  vs   1313  751 K 3198      25K  3088 6.71    6.20     2046   372   29K   254 32.29   32.06  
c rst  geom stb  vs   1314  752 K 3198      25K  3088 6.71    6.20     2046   372   31K   254 32.38   32.15  
c rst  geom stb  vs   1315  753 K 3198      25K  3088 6.71    6.20     2046   372   32K   254 32.60   32.38  
c rst  geom stb  vs   1316  755 K 3198      25K  3088 6.71    6.20     2046   374   33K   254 32.73   32.51  
c rst  geom ibes vs   1317  756 K 3198      25K  3088 6.71    6.20     2046   375   35K   254 32.69   32.48  
c [distill-long-red0] cls tried: 11/11 T: 0.00 T-out: N T-r: 99.99%
c [distill-long-red1] cls tried: 31/31 T: 0.00 T-out: N T-r: 86.64%
c rst  geom ibes vs   1318  758 K 3198      25K  3088 6.71    6.20     2046   377   37K   254 32.58   32.39  
c rst  geom ibes vs   1319  760 K 3198      25K  3088 6.71    6.20     2067   312   38K   254 32.27   32.09  
c rst  geom ibes vs   1320  762 K 3198      25K  3088 6.71    6.20     2067   312   40K   254 31.98   31.81  
c [distill-bin] useful: 0/3088/3088 lits-rem: 0 cl-rem: 0 0-depth-assigns: 0 T: 0.01 T-out: N
c [ccnr] tries: 0 steps: 262143 best found: 2
c [ccnr] saving best assignment phase to stable_polar
c [ccnr] bumping based on var unsat frequency: conflict_ct
c [ccnr] Bumped vars: 3202 bump type: 6
c [ccnr] time: 0.33
c rst  geom ibes vs   1321  764 K 3198      25K  3088 6.71    6.20     2067   312   43K   254 31.72   31.56  
c rst  geom ibes vs   1322  766 K 3198      25K  3088 6.71    6.20     2077   329   32K   254 29.31   29.11  
c [full-probe]  bin_only: 1 set: 0 repl: 0 T: 0.01 T-out: N T-r: 99.84%
c rst  geom ibes vs   1323  769 K 3198      25K  3088 6.71    6.20     2078   331   34K   254 29.35   29.16  
c [impl-str] lit bin: 0 set-var: 0 T: 0.00 T-out: N T-r: 99.96% w-visit: 6404
c [impl-sub] bin: 0 T: 0.00 T-out: N w-visit: 6404
c rst  geom svd  vs   1324  772 K 3198      25K  3088 6.71    6.20     2086   316   37K   254 29.94   29.76  
c [distill-long-red0] cls tried: 7/7 T: 0.00 T-out: N T-r: 99.99%
c [distill-long-red1] cls tried: 16/16 T: 0.00 T-out: N T-r: 96.16%
c [gauss] XOR-encoding clauses are not detached, so no need to reattach them.
c [g 0] truth-find prop checks  : 1323K
c [g 0] -> of which prop        : 33.78 %
c [g 0] -> of which confl       :  1.46 %
c [g 0] elim called             : 180K
c [g 0] ---> which lead to prop : 153.96 %
c [g 0] ---> which lead to confl:  6.52 %
c [g 0] size: 54    x 108  
c [scc] new: 0 BP 0M T: 0.00
c [vrep] vars 0 lits 0 rem-bin-cls 0 rem-long-cls 0 BP 0M T: 0.01
c [intree] Set 0 vars hyper-added: 0 trans-irred: 0 trans-red: 0 T: 0.01 T-out: N T-r: -0.68%
c [find&init matx] performing matrix init
c [gauss] XOR-encoding clauses are not detached, so no need to reattach them.
c [xor-rem-unconnected] left with 313 xors from 313 non-empty xors T: 0.00
c [xor-together] xored together: 259 orig xors: 313 new xors: 54 T: 0.00
c [xor-rem-unconnected] left with 54 xors from 54 non-empty xors T: 0.00
c [xor-clean-equiv] removed equivalent xors: 0 left with: 54
c [matrix] unused xors from cleaning: 0
c [matrix] Good   matrix 0 54      x108    density:0.2063  xorlen avg: 22.28
c [matrix] Using 1 matrices recovered from 0 xors T: 0.00 T-out: N
c rst  geom svd  vs   1325  775 K 3198      25K  3088 6.71    6.20     2086   336   41K   254 30.41   30.25  
c [distill] watch-based irred--  cl tried 29108    cl-sh 0     cl-rem 0    lit-rem 0      T: 0.05 T-out: Y
c [distill] watch-based red  --  cl tried 4172     cl-sh 0     cl-rem 0    lit-rem 0      T: 0.01 T-out: N
c rst  geom svd  vs   1326  779 K 3198      25K  3088 6.71    6.20     2086   338   44K   254 30.81   30.65  
c rst  geom svd  vs   1327  783 K 3198      25K  3088 6.71    6.20     2119   309   30K   254 30.30   30.08  
c [distill-bin] useful: 0/3088/3088 lits-rem: 0 cl-rem: 0 0-depth-assigns: 0 T: 0.01 T-out: N
c rst  geom best vs   1328  787 K 3198      25K  3088 6.71    6.20     2119   314   34K   254 30.64   30.44  
c [distill-long-red0] cls tried: 7/7 T: 0.00 T-out: N T-r: 99.99%
c [distill-long-red1] cls tried: 50/50 T: 0.00 T-out: N T-r: 87.81%
c [full-probe]  bin_only: 0 set: 0 repl: 0 T: 0.01 T-out: N T-r: 98.56%
c rst  geom best vs   1329  792 K 3198      25K  3088 6.71    6.20     2134   248   39K   254 30.92   30.75  
c rst  geom best vs   1330  798 K 3198      25K  3088 6.71    6.20     2138   275   30K   254 32.08   31.84  
c rst  geom stb  vs   1331  803 K 3198      25K  3088 6.71    6.20     2148   226   36K   254 31.86   31.67  
c [distill-long-red0] cls tried: 5/5 T: 0.00 T-out: N T-r: 99.99%
c [distill-long-red1] cls tried: 32/32 T: 0.00 T-out: N T-r: 87.67%
c [distill-bin] useful: 0/3088/3088 lits-rem: 0 cl-rem: 0 0-depth-assigns: 0 T: 0.01 T-out: N
c [distill] watch-based irred--  cl tried 32260    cl-sh 0     cl-rem 0    lit-rem 0      T: 0.05 T-out: Y
c [distill] watch-based red  --  cl tried 4296     cl-sh 0     cl-rem 0    lit-rem 0      T: 0.00 T-out: N
c rst  geom stb  vs   1332  810 K 3198      25K  3088 6.71    6.20     2162   215   31K   254 30.05   29.84  
c [full-probe]  bin_only: 1 set: 0 repl: 0 T: 0.01 T-out: N T-r: 99.79%
c [ccnr] tries: 0 steps: 262143 best found: 2
c [ccnr] saving best assignment phase to stable_polar
c [ccnr] bumping based on var unsat frequency: conflict_ct
c [ccnr] Bumped vars: 3202 bump type: 6
c [ccnr] time: 0.33
c rst  geom stb  vs   1333  817 K 3198      25K  3088 6.71    6.20     2162   222   38K   254 31.50   31.32  
c [branch] adjusting to: vmtf (from: vsid) var_decay:0.95 descr: VMTF
c rst  luby ibes vmt  1334  817 K 3198      25K  3088 6.71    6.20     2163   256   38K   254 31.46   31.28  
c rst  luby ibes vmt  1335  817 K 3198      25K  3088 6.71    6.20     2163   257   38K   254 31.46   31.28  
c rst  luby ibes vmt  1336  817 K 3198      25K  3088 6.71    6.20     2163   263   38K   254 31.49   31.31  
c rst  luby ibes vmt  1337  817 K 3198      25K  3088 6.71    6.20     2163   264   38K   254 31.50   31.32  
c rst  luby ibes vmt  1338  818 K 3198      25K  3088 6.71    6.20     2163   265   39K   254 31.51   31.33  
c rst  luby ibes vmt  1339  818 K 3198      25K  3088 6.71    6.20     2163   266   39K   254 31.53   31.35  
c rst  luby ibes vmt  1340  818 K 3198      25K  3088 6.71    6.20     2163   268   39K   254 31.52   31.34  
c rst  luby ibes vmt  1341  818 K 3198      25K  3088 6.71    6.20     2163   270   39K   254 31.54   31.36  
c rst  luby ibes vmt  1342  818 K 3198      25K  3088 6.71    6.20     2163   270   39K   254 31.55   31.37  
c rst  luby ibes vmt  1343  819 K 3198      25K  3088 6.71    6.20     2163   273   40K   254 31.59   31.42  
c [distill-long-red0] cls tried: 2/2 T: 0.00 T-out: N T-r: 100.00%
c [distill-long-red1] cls tried: 77/77 T: 0.00 T-out: N T-r: 76.17%
c rst  luby ibes vmt  1344  819 K 3198      25K  3088 6.71    6.20     2165   276   40K   254 31.59   31.41  
c rst  luby ibes vmt  1345  819 K 3198      25K  3088 6.71    6.20     2165   276   40K   254 31.62   31.44  
c rst  luby ibes vmt  1346  819 K 3198      25K  3088 6.71    6.20     2165   279   40K   254 31.59   31.42  
c rst  luby ibes vmt  1347  819 K 3198      25K  3088 6.71    6.20     2165   285   40K   254 31.57   31.40  
c rst  luby ibes vmt  1348  820 K 3198      25K  3088 6.71    6.20     2204   231   41K   254 31.55   31.38  
c rst  luby ibes vmt  1349  820 K 3198      25K  3088 6.71    6.20     2204   231   41K   254 31.54   31.37  
c rst  luby ibes vmt  1350  820 K 3198      25K  3088 6.71    6.20     2205   231   41K   254 31.54   31.37  
c rst  luby ibes vmt  1351  821 K 3198      25K  3088 6.71    6.20     2205   231   42K   254 31.58   31.42  
c rst  luby ibes vmt  1352  821 K 3198      25K  3088 6.71    6.20     2205   231   42K   254 31.61   31.44  
c rst  luby ibes vmt  1353  821 K 3198      25K  3088 6.71    6.20     2205   231   42K   254 31.62   31.45  
c rst  luby ibes vmt  1354  821 K 3198      25K  3088 6.71    6.20     2205   234   42K   254 31.60   31.44  
c rst  luby ibes vmt  1355  821 K 3198      25K  3088 6.71    6.20     2205   235   42K   254 31.58   31.41  
c rst  luby ibes vmt  1356  821 K 3198      25K  3088 6.71    6.20     2205   236   42K   254 31.59   31.43  
c rst  luby ibes vmt  1357  822 K 3198      25K  3088 6.71    6.20     2205   236   43K   254 31.59   31.42  
c rst  luby ibes vmt  1358  822 K 3198      25K  3088 6.71    6.20     2206   238   43K   254 31.62   31.45  
c rst  luby ibes vmt  1359  822 K 3198      25K  3088 6.71    6.20     2206   240   43K   254 31.62   31.46  
c rst  luby ibes vmt  1360  822 K 3198      25K  3088 6.71    6.20     2206   244   43K   254 31.64   31.48  
c rst  luby ibes vmt  1361  822 K 3198      25K  3088 6.71    6.20     2206   246   43K   254 31.68   31.52  
c rst  luby ibes vmt  1362  823 K 3198      25K  3088 6.71    6.20     2206   246   44K   254 31.75   31.59  
c rst  luby ibes vmt  1363  823 K 3198      25K  3088 6.71    6.20     2206   253   44K   254 31.73   31.57  
c rst  luby ibes vmt  1364  825 K 3198      25K  3088 6.71    6.20     2217   306   28K   254 30.94   30.71  
c [distill-bin] useful: 0/3088/3088 lits-rem: 0 cl-rem: 0 0-depth-assigns: 0 T: 0.01 T-out: N
c rst  luby ibes vmt  1365  825 K 3198      25K  3088 6.71    6.20     2218   309   28K   254 30.96   30.72  
c rst  luby ibes vmt  1366  825 K 3198      25K  3088 6.71    6.20     2218   310   28K   254 30.97   30.74  
c rst  luby ibes vmt  1367  825 K 3198      25K  3088 6.71    6.20     2218   313   28K   254 31.03   30.79  
c rst  luby ibes vmt  1368  825 K 3198      25K  3088 6.71    6.20     2218   313   28K   254 31.05   30.82  
c rst  luby ibes vmt  1369  826 K 3198      25K  3088 6.71    6.20     2218   313   28K   254 31.08   30.85  
c rst  luby ibes vmt  1370  826 K 3198      25K  3088 6.71    6.20     2218   315   29K   254 31.14   30.91  
c rst  luby ibes vmt  1371  826 K 3198      25K  3088 6.71    6.20     2218   317   29K   254 31.16   30.94  
c rst  luby ibes vmt  1372  826 K 3198      25K  3088 6.71    6.20     2218   317   29K   254 31.17   30.94  
c rst  luby ibes vmt  1373  826 K 3198      25K  3088 6.71    6.20     2218   320   29K   254 31.19   30.97  
c rst  luby ibes vmt  1374  827 K 3198      25K  3088 6.71    6.20     2218   321   29K   254 31.25   31.02  
c rst  luby ibes vmt  1375  827 K 3198      25K  3088 6.71    6.20     2218   321   30K   254 31.28   31.06  
c rst  luby ibes vmt  1376  827 K 3198      25K  3088 6.71    6.20     2218   321   30K   254 31.32   31.09  
c rst  luby ibes vmt  1377  827 K 3198      25K  3088 6.71    6.20     2218   321   30K   254 31.33   31.10  
c rst  luby ibes vmt  1378  827 K 3198      25K  3088 6.71    6.20     2218   321   30K   254 31.37   31.14  
c rst  luby ibes vmt  1379  828 K 3198      25K  3088 6.71    6.20     2218   324   31K   254 31.48   31.27  
c rst  luby ibes vmt  1380  828 K 3198      25K  3088 6.71    6.20     2218   324   31K   254 31.50   31.29  
c rst  luby ibes vmt  1381  828 K 3198      25K  3088 6.71    6.20     2218   324   31K   254 31.50   31.29  
c rst  luby ibes vmt  1382  829 K 3198      25K  3088 6.71    6.20     2219   332   31K   254 31.49   31.28  
c [distill] watch-based irred--  cl tried 33724    cl-sh 0     cl-rem 0    lit-rem 0      T: 0.05 T-out: Y
c [distill] watch-based red  --  cl tried 4438     cl-sh 0     cl-rem 0    lit-rem 0      T: 0.00 T-out: N
c rst  luby ibes vmt  1383  829 K 3198      25K  3088 6.71    6.20     2219   332   32K   254 31.50   31.29  
c rst  luby ibes vmt  1384  829 K 3198      25K  3088 6.71    6.20     2219   332   32K   254 31.49   31.28  
c rst  luby ibes vmt  1385  829 K 3198      25K  3088 6.71    6.20     2220   342   32K   254 31.47   31.26  
c rst  luby ibes vmt  1386  829 K 3198      25K  3088 6.71    6.20     2221   343   32K   254 31.56   31.35  
c [impl-str] lit bin: 0 set-var: 0 T: 0.00 T-out: N T-r: 99.96% w-visit: 6404
c [impl-sub] bin: 0 T: 0.00 T-out: N w-visit: 6404
c rst  luby ibes vmt  1387  830 K 3198      25K  3088 6.71    6.20     2221   347   32K   254 31.57   31.36  
c rst  luby ibes vmt  1388  830 K 3198      25K  3088 6.71    6.20     2277   280   32K   254 31.60   31.39  
c rst  luby ibes vmt  1389  830 K 3198      25K  3088 6.71    6.20     2277   282   33K   254 31.65   31.44  
c rst  luby ibes vmt  1390  830 K 3198      25K  3088 6.71    6.20     2277   282   33K   254 31.67   31.46  
c [full-probe]  bin_only: 0 set: 0 repl: 0 T: 0.01 T-out: N T-r: 98.63%
c rst  luby ibes vmt  1391  830 K 3198      25K  3088 6.71    6.20     2277   284   33K   254 31.68   31.47  
c rst  luby ibes vmt  1392  830 K 3198      25K  3088 6.71    6.20     2277   285   33K   254 31.71   31.50  
c rst  luby svd  vmt  1393  831 K 3198      25K  3088 6.71    6.20     2278   298   33K   254 31.76   31.56  
c rst  luby svd  vmt  1394  831 K 3198      25K  3088 6.71    6.20     2278   301   34K   254 31.91   31.70  
c rst  luby svd  vmt  1395  833 K 3198      25K  3088 6.71    6.20     2278   305   36K   254 32.28   32.09  
c rst  luby svd  vmt  1396  836 K 3198      25K  3088 6.71    6.20     2278   323   39K   254 32.89   32.71  
c [distill-long-red0] cls tried: 56/56 T: 0.01 T-out: N T-r: 99.87%
c [distill-long-red1] cls tried: 130/130 T: 0.01 T-out: N T-r: 17.29%
c rst  luby svd  vmt  1397  836 K 3198      25K  3088 6.71    6.20     2278   324   39K   254 32.90   32.71  
c rst  luby svd  vmt  1398  836 K 3198      25K  3088 6.71    6.20     2278   324   39K   254 32.91   32.73  
c rst  luby svd  vmt  1399  837 K 3198      25K  3088 6.71    6.20     2278   328   39K   254 32.92   32.74  
c rst  luby svd  vmt  1400  837 K 3198      25K  3088 6.71    6.20     2278   329   40K   254 32.92   32.74  
c rst  luby svd  vmt  1401  837 K 3198      25K  3088 6.71    6.20     2278   331   40K   254 32.95   32.77  
c rst  luby svd  vmt  1402  837 K 3198      25K  3088 6.71    6.20     2278   331   40K   254 32.99   32.81  
c rst  luby svd  vmt  1403  837 K 3198      25K  3088 6.71    6.20     2278   331   40K   254 33.05   32.87  
c [gauss] XOR-encoding clauses are not detached, so no need to reattach them.
c [g 0] truth-find prop checks  : 1281K
c [g 0] -> of which prop        : 34.19 %
c [g 0] -> of which confl       :  1.43 %
c [g 0] elim called             : 174K
c [g 0] ---> which lead to prop : 163.32 %
c [g 0] ---> which lead to confl:  6.64 %
c [g 0] size: 54    x 108  
c [scc] new: 0 BP 0M T: 0.00
c [vrep] vars 0 lits 0 rem-bin-cls 0 rem-long-cls 0 BP 0M T: 0.01
c [intree] Set 0 vars hyper-added: 0 trans-irred: 0 trans-red: 0 T: 0.01 T-out: N T-r: -0.53%
c [find&init matx] performing matrix init
c [gauss] XOR-encoding clauses are not detached, so no need to reattach them.
c [xor-rem-unconnected] left with 313 xors from 313 non-empty xors T: 0.00
c [xor-together] xored together: 259 orig xors: 313 new xors: 54 T: 0.00
c [xor-rem-unconnected] left with 54 xors from 54 non-empty xors T: 0.00
c [xor-clean-equiv] removed equivalent xors: 0 left with: 54
c [matrix] unused xors from cleaning: 0
c [matrix] Good   matrix 0 54      x108    density:0.2063  xorlen avg: 22.28
c [matrix] Using 1 matrices recovered from 0 xors T: 0.00 T-out: N
c rst  luby svd  vmt  1404  838 K 3198      25K  3088 6.71    6.20     2278   331   40K   254 33.06   32.87  
c rst  luby svd  vmt  1405  838 K 3198      25K  3088 6.71    6.20     2278   331   40K   254 33.06   32.88  
c rst  luby svd  vmt  1406  838 K 3198      25K  3088 6.71    6.20     2278   332   41K   254 33.10   32.92  
c rst  luby svd  vmt  1407  838 K 3198      25K  3088 6.71    6.20     2278   332   41K   254 33.12   32.94  
c rst  luby svd  vmt  1408  838 K 3198      25K  3088 6.71    6.20     2278   332   41K   254 33.13   32.95  
c rst  luby svd  vmt  1409  838 K 3198      25K  3088 6.71    6.20     2278   336   41K   254 33.15   32.97  
c rst  luby svd  vmt  1410  839 K 3198      25K  3088 6.71    6.20     2278   340   41K   254 33.23   33.05  
c rst  luby svd  vmt  1411  839 K 3198      25K  3088 6.71    6.20     2278   340   42K   254 33.39   33.22  
c rst  luby svd  vmt  1412  840 K 3198      25K  3088 6.71    6.20     2325   345   25K   254 34.25   33.97  
c rst  luby svd  vmt  1413  840 K 3198      25K  3088 6.71    6.20     2325   345   25K   254 34.29   34.01  
c rst  luby svd  vmt  1414  840 K 3198      25K  3088 6.71    6.20     2325   345   26K   254 34.34   34.06  
c rst  luby svd  vmt  1415  840 K 3198      25K  3088 6.71    6.20     2325   345   26K   254 34.37   34.09  
c rst  luby svd  vmt  1416  840 K 3198      25K  3088 6.71    6.20     2325   346   26K   254 34.40   34.11  
c rst  luby svd  vmt  1417  840 K 3198      25K  3088 6.71    6.20     2325   346   26K   254 34.41   34.13  
c rst  luby svd  vmt  1418  841 K 3198      25K  3088 6.71    6.20     2325   346   26K   254 34.45   34.17  
c rst  luby svd  vmt  1419  841 K 3198      25K  3088 6.71    6.20     2325   346   26K   254 34.45   34.18  
c rst  luby svd  vmt  1420  841 K 3198      25K  3088 6.71    6.20     2325   346   27K   254 34.47   34.20  
c rst  luby svd  vmt  1421  841 K 3198      25K  3088 6.71    6.20     2325   347   27K   254 34.52   34.24  
c rst  luby svd  vmt  1422  841 K 3198      25K  3088 6.71    6.20     2325   347   27K   254 34.55   34.28  
c rst  luby svd  vmt  1423  841 K 3198      25K  3088 6.71    6.20     2325   350   27K   254 34.57   34.30  
c rst  luby svd  vmt  1424  842 K 3198      25K  3088 6.71    6.20     2325   350   27K   254 34.61   34.34  
c rst  luby svd  vmt  1425  842 K 3198      25K  3088 6.71    6.20     2325   350   28K   254 34.65   34.39  
c rst  luby svd  vmt  1426  843 K 3198      25K  3088 6.71    6.20     2325   350   28K   254 34.79   34.53  
c rst  luby svd  vmt  1427  844 K 3198      25K  3088 6.71    6.20     2325   352   30K   254 35.13   34.88  
c rst  geom best vmt  1428  844 K 3198      25K  3088 6.71    6.20     2325   352   30K   254 35.12   34.87  
c rst  geom best vmt  1429  845 K 3198      25K  3088 6.71    6.20     2325   354   30K   254 35.10   34.85  
c rst  geom best vmt  1430  845 K 3198      25K  3088 6.71    6.20     2325   354   30K   254 35.11   34.87  
c rst  geom best vmt  1431  845 K 3198      25K  3088 6.71    6.20     2325   355   30K   254 35.07   34.82  
c rst  geom best vmt  1432  845 K 3198      25K  3088 6.71    6.20     2325   355   31K   254 35.07   34.82  
c rst  geom best vmt  1433  845 K 3198      25K  3088 6.71    6.20     2325   356   31K   254 35.04   34.80  
c [distill-bin] useful: 0/3088/3088 lits-rem: 0 cl-rem: 0 0-depth-assigns: 0 T: 0.01 T-out: N
c rst  geom best vmt  1434  845 K 3198      25K  3088 6.71    6.20     2325   358   31K   254 35.00   34.76  
c rst  geom best vmt  1435  846 K 3198      25K  3088 6.71    6.20     2325   359   31K   254 34.98   34.74  
c rst  geom best vmt  1436  846 K 3198      25K  3088 6.71    6.20     2325   363   31K   254 34.94   34.70  
c rst  geom best vmt  1437  846 K 3198      25K  3088 6.71    6.20     2325   363   32K   254 34.90   34.66  
c rst  geom best vmt  1438  846 K 3198      25K  3088 6.71    6.20     2325   363   32K   254 34.84   34.60  
c rst  geom best vmt  1439  847 K 3198      25K  3088 6.71    6.20     2325   363   32K   254 34.76   34.53  
c rst  geom best vmt  1440  847 K 3198      25K  3088 6.71    6.20     2325   384   33K   254 34.67   34.44  
c rst  geom best vmt  1441  847 K 3198      25K  3088 6.71    6.20     2325   387   33K   254 34.69   34.47  
c rst  geom best vmt  1442  848 K 3198      25K  3088 6.71    6.20     2325   387   33K   254 34.67   34.44  
c rst  geom best vmt  1443  848 K 3198      25K  3088 6.71    6.20     2325   390   34K   254 34.62   34.40  
c rst  geom best vmt  1444  849 K 3198      25K  3088 6.71    6.20     2330   412   34K   254 34.57   34.35  
c rst  geom best vmt  1445  849 K 3198      25K  3088 6.71    6.20     2330   414   35K   254 34.55   34.33  
c rst  geom best vmt  1446  850 K 3198      25K  3088 6.71    6.20     2389   348   35K   254 34.47   34.26  
c rst  geom best vmt  1447  851 K 3198      25K  3088 6.71    6.20     2389   362   36K   254 34.52   34.31  
c [full-probe]  bin_only: 1 set: 0 repl: 0 T: 0.01 T-out: N T-r: 99.81%
c rst  geom best vmt  1448  851 K 3198      25K  3088 6.71    6.20     2389   364   37K   254 34.46   34.26  
c [distill-long-red0] cls tried: 47/47 T: 0.00 T-out: N T-r: 99.93%
c [distill-long-red1] cls tried: 112/112 T: 0.01 T-out: N T-r: 36.09%
c rst  geom best vmt  1449  852 K 3198      25K  3088 6.71    6.20     2389   368   38K   254 34.40   34.20  
c rst  geom best vmt  1450  853 K 3198      25K  3088 6.71    6.20     2389   369   38K   254 34.38   34.19  
c rst  geom best vmt  1451  854 K 3198      25K  3088 6.71    6.20     2389   372   39K   254 34.32   34.13  
c [distill] watch-based irred--  cl tried 30695    cl-sh 0     cl-rem 0    lit-rem 0      T: 0.05 T-out: Y
c [distill] watch-based red  --  cl tried 4778     cl-sh 0     cl-rem 0    lit-rem 0      T: 0.01 T-out: N
c rst  geom best vmt  1452  855 K 3198      25K  3088 6.71    6.20     2393   445   28K   254 33.91   33.66  
c [ccnr] tries: 0 steps: 262143 best found: 6
c [ccnr] saving best assignment phase to stable_polar
c [ccnr] bumping based on clause weights
c [ccnr] Bumped vars: 104 bump type: 6
c [ccnr] time: 0.33
c rst  geom best vmt  1453  856 K 3198      25K  3088 6.71    6.20     2394   455   29K   254 34.12   33.87  
c rst  geom best vmt  1454  857 K 3198      25K  3088 6.71    6.20     2394   465   30K   254 34.24   34.00  
c rst  geom best vmt  1455  859 K 3198      25K  3088 6.71    6.20     2394   468   32K   254 34.04   33.81  
c rst  geom stb  vmt  1456  860 K 3198      25K  3088 6.71    6.20     2443   419   33K   254 34.30   34.07  
c rst  geom stb  vmt  1457  862 K 3198      25K  3088 6.71    6.20     2443   419   35K   254 34.61   34.40  
c rst  geom stb  vmt  1458  864 K 3198      25K  3088 6.71    6.20     2443   420   37K   254 34.81   34.60  
c rst  geom stb  vmt  1459  866 K 3198      25K  3088 6.71    6.20     2443   424   39K   254 34.98   34.79  
c [distill-bin] useful: 0/3088/3088 lits-rem: 0 cl-rem: 0 0-depth-assigns: 0 T: 0.01 T-out: N
c rst  geom stb  vmt  1460  868 K 3198      25K  3088 6.71    6.20     2443   427   41K   254 35.02   34.83  
c [distill-long-red0] cls tried: 23/23 T: 0.00 T-out: N T-r: 99.97%
c [distill-long-red1] cls tried: 97/97 T: 0.01 T-out: N T-r: 32.80%
c rst  geom stb  vmt  1461  871 K 3198      25K  3088 6.71    6.20     2458   450   26K   254 32.48   32.22  
c [full-probe]  bin_only: 0 set: 0 repl: 0 T: 0.01 T-out: N T-r: 98.65%
c rst  geom stb  vmt  1462  873 K 3198      25K  3088 6.71    6.20     2459   451   29K   254 33.11   32.87  
c rst  geom ibes vmt  1463  876 K 3198      25K  3088 6.71    6.20     2460   452   32K   254 33.40   33.18  
c rst  geom ibes vmt  1464  880 K 3198      25K  3088 6.71    6.20     2488   426   35K   254 33.81   33.60  
c [distill] watch-based irred--  cl tried 30118    cl-sh 0     cl-rem 0    lit-rem 0      T: 0.05 T-out: Y
c [distill] watch-based red  --  cl tried 4976     cl-sh 1     cl-rem 0    lit-rem 1      T: 0.01 T-out: N
c rst  geom ibes vmt  1465  883 K 3198      25K  3088 6.71    6.20     2488   440   39K   254 34.10   33.90  
c [distill-long-red0] cls tried: 14/14 T: 0.00 T-out: N T-r: 99.98%
c [distill-long-red1] cls tried: 54/54 T: 0.00 T-out: N T-r: 70.41%
c rst  geom ibes vmt  1466  887 K 3198      25K  3088 6.71    6.20     2492   484   31K   254 34.39   34.16  
c [distill-bin] useful: 0/3088/3088 lits-rem: 0 cl-rem: 0 0-depth-assigns: 0 T: 0.01 T-out: N
c rst  geom svd  vmt  1467  892 K 3198      25K  3088 6.71    6.20     2538   387   36K   254 34.80   34.59  
c [full-probe]  bin_only: 1 set: 0 repl: 0 T: 0.01 T-out: N T-r: 99.81%
c [impl-str] lit bin: 0 set-var: 0 T: 0.00 T-out: N T-r: 99.96% w-visit: 6404
c [impl-sub] bin: 0 T: 0.00 T-out: N w-visit: 6404
c rst  geom svd  vmt  1468  897 K 3198      25K  3088 6.71    6.20     2539   398   40K   254 34.93   34.74  
c rst  geom svd  vmt  1469  902 K 3198      25K  3088 6.71    6.20     2567   373   27K   254 34.96   34.69  
c [distill-long-red0] cls tried: 32/32 T: 0.00 T-out: N T-r: 99.97%
c [distill-long-red1] cls tried: 74/74 T: 0.01 T-out: N T-r: 63.30%
c [ccnr] tries: 0 steps: 262143 best found: 2
c [ccnr] saving best assignment phase to stable_polar
c [ccnr] bumping based on var unsat frequency: conflict_ct
c [ccnr] Bumped vars: 3202 bump type: 6
c [ccnr] time: 0.33
c rst  geom best vmt  1470  908 K 3198      25K  3088 6.71    6.20     2576   519   33K   254 36.54   36.30  
c [branch] adjusting to: vsid (from: vmtf) var_decay:0.95 descr: VSIDS
c [distill-bin] useful: 0/3088/3088 lits-rem: 0 cl-rem: 0 0-depth-assigns: 0 T: 0.01 T-out: N
c [distill] watch-based irred--  cl tried 31451    cl-sh 0     cl-rem 0    lit-rem 0      T: 0.05 T-out: Y
c [distill] watch-based red  --  cl tried 5152     cl-sh 0     cl-rem 0    lit-rem 0      T: 0.01 T-out: N
c [gauss] XOR-encoding clauses are not detached, so no need to reattach them.
c [g 0] truth-find prop checks  : 1412K
c [g 0] -> of which prop        : 36.21 %
c [g 0] -> of which confl       :  1.49 %
c [g 0] elim called             : 185K
c [g 0] ---> which lead to prop : 173.18 %
c [g 0] ---> which lead to confl:  6.76 %
c [g 0] size: 54    x 108  
c [scc] new: 0 BP 0M T: 0.00
c [vrep] vars 0 lits 0 rem-bin-cls 0 rem-long-cls 0 BP 0M T: 0.01
c [intree] Set 0 vars hyper-added: 0 trans-irred: 0 trans-red: 0 T: 0.01 T-out: N T-r: -0.82%
c [find&init matx] performing matrix init
c [gauss] XOR-encoding clauses are not detached, so no need to reattach them.
c [xor-rem-unconnected] left with 313 xors from 313 non-empty xors T: 0.00
c [xor-together] xored together: 259 orig xors: 313 new xors: 54 T: 0.00
c [xor-rem-unconnected] left with 54 xors from 54 non-empty xors T: 0.00
c [xor-clean-equiv] removed equivalent xors: 0 left with: 54
c [matrix] unused xors from cleaning: 0
c [matrix] Good   matrix 0 54      x108    density:0.2063  xorlen avg: 22.28
c [matrix] Using 1 matrices recovered from 0 xors T: 0.00 T-out: N
c rst  geom best vs   1471  908 K 3198      25K  3088 6.71    6.20     2576   519   33K   254 36.53   36.30  
c rst  geom best vs   1472  908 K 3198      25K  3088 6.71    6.20     2576   519   33K   254 36.52   36.29  
c rst  geom best vs   1473  908 K 3198      25K  3088 6.71    6.20     2576   519   34K   254 36.51   36.27  
c rst  geom best vs   1474  908 K 3198      25K  3088 6.71    6.20     2576   521   34K   254 36.49   36.26  
c rst  geom best vs   1475  908 K 3198      25K  3088 6.71    6.20     2576   522   34K   254 36.46   36.23  
c rst  geom best vs   1476  909 K 3198      25K  3088 6.71    6.20     2576   523   34K   254 36.43   36.20  
c rst  geom best vs   1477  909 K 3198      25K  3088 6.71    6.20     2576   523   34K   254 36.41   36.18  
c rst  geom best vs   1478  909 K 3198      25K  3088 6.71    6.20     2576   523   34K   254 36.39   36.16  
c rst  geom best vs   1479  909 K 3198      25K  3088 6.71    6.20     2576   523   35K   254 36.35   36.12  
c rst  geom best vs   1480  909 K 3198      25K  3088 6.71    6.20     2576   525   35K   254 36.32   36.10  
c rst  geom best vs   1481  910 K 3198      25K  3088 6.71    6.20     2652   426   35K   254 36.27   36.04  
c rst  geom best vs   1482  910 K 3198      25K  3088 6.71    6.20     2653   426   36K   254 36.23   36.01  
c rst  geom best vs   1483  910 K 3198      25K  3088 6.71    6.20     2653   427   36K   254 36.19   35.97  
c rst  geom best vs   1484  911 K 3198      25K  3088 6.71    6.20     2653   427   36K   254 36.12   35.90  
c rst  geom best vs   1485  911 K 3198      25K  3088 6.71    6.20     2653   428   37K   254 36.06   35.85  
c rst  geom best vs   1486  912 K 3198      25K  3088 6.71    6.20     2653   428   37K   254 36.01   35.80  
c rst  geom best vs   1487  912 K 3198      25K  3088 6.71    6.20     2653   428   38K   254 35.96   35.76  
c [full-probe]  bin_only: 0 set: 0 repl: 0 T: 0.01 T-out: N T-r: 98.27%
c rst  geom best vs   1488  913 K 3198      25K  3088 6.71    6.20     2653   428   38K   254 35.92   35.72  
c rst  geom best vs   1489  913 K 3198      25K  3088 6.71    6.20     2653   428   39K   254 35.84   35.64  
c rst  geom best vs   1490  914 K 3198      25K  3088 6.71    6.20     2653   428   39K   254 35.77   35.57  
c recursive minimization cost OK: 1972Kcost/(% lits removed)
c [gauss] XOR-encoding clauses are not detached, so no need to reattach them.
c [g 0] truth-find prop checks  : 137K
c [g 0] -> of which prop        : 22.65 %
c [g 0] -> of which confl       :  1.18 %
c [g 0] elim called             : 27K
c [g 0] ---> which lead to prop : 113.85 %
c [g 0] ---> which lead to confl:  6.19 %
c [g 0] size: 54    x 108  
c --> Executing strategy token: scc-vrepl
c [scc] new: 0 BP 0M T: 0.00
c --> Executing strategy token: sub-impl
c [impl-sub] bin: 0 T: 0.00 T-out: N w-visit: 6404
c --> Executing strategy token: breakid
c --> Executing OCC strategy token(s): 'occ-backw-sub-str,occ-clean-implicit,occ-bve,occ-bva,occ-ternary-res,occ-xor,'
c [occ] mem usage for occur 2      MB
c [occ] Linked in IRRED BIN by default: 3088
c [occ] Linked in RED   BIN by default: 254
c [occ] mem usage for occur 0      MB
c Mem for watch alloc      : 11          MB (22.16     %)
c Mem for watch array      : 0           MB (0.28      %)
c --> Executing OCC strategy token: occ-backw-sub-str
c [occ-backw-sub-str-long-w-bins] subs: 0 str: 3 tried: 90678 0-depth ass: 0 T: 0.00 T-out: N T-r: 99.37%
c [occ-backw-sub-long-w-long] rem cl: 87 tried: 67980/67980 (100.0%) T: 0.02 T-out: N T-r: 97.36%
c [occ-backw-sub-str-long-w-long] sub: 7 str: 29 tried: 203940/67980 (300.0)  T: 0.09 T-out: N T-r: 89.64%
c --> Executing OCC strategy token: occ-clean-implicit
c --> Executing OCC strategy token: occ-bve
c [occ-empty-res] Empty resolvent elimed: 0 T: 0.00 T-out: N
c [occ-bve] turning off picosat-based irreg gate detection, added lits:  338K
c [occ-bve] iter v-elim 0
c cl_inc_rate=1.0, var_dec_rate=1.0 (grow=0)
c Reduced to 3198 vars, 28313 cls (grow=0)
c [occ-bve] iter v-elim 0
c cl_inc_rate=1.0, var_dec_rate=1.0 (grow=8)
c Reduced to 3198 vars, 28313 cls (grow=8)
c [occ-bve] iter v-elim 0
c cl_inc_rate=1.0, var_dec_rate=1.0 (grow=16)
c Reduced to 3198 vars, 28313 cls (grow=16)
c x n vars       : 3198
c #try to eliminate:  9594
c #var-elim        :     0
c #T-o: N
c #T-r: 99.99%
c #T  : 1.28
c [occur] 0.05 is overhead
c [occur] link-in T: 0.05 cleanup T: 0.00
c --> Executing OCC strategy token: occ-bva
c --> Executing OCC strategy token: occ-ternary-res
c [occ-ternary-res] Ternary res-tri: 0 res-bin: 0 sub: 0 str: 0 T: 0.00 T-out: N T-r: 99.86%
c --> Executing OCC strategy token: occ-xor
c [occ-xor] sort occur list T: 0.01
c [xor-clean-equiv] removed equivalent xors: 0 left with: 306
c [occ-xor] found    306 avg sz 5.5 min sz  4 max sz  6 T: 0.01 T-out: N T-r: 99.97%
c --> Executing strategy token: card-find
c --> Executing strategy token: cl-consolidate
c Not consolidating memory.
c --> Executing strategy token: scc-vrepl
c [scc] new: 0 BP 0M T: 0.00
c --> Executing strategy token: renumber
c --> Executing strategy token: bosphorus
c --> Executing strategy token: louvain-comms
c [consolidate] mini T: 0.00
c global_timeout_multiplier: 5.3147
c [branch] rebuilding order heap for all branchings. Current branching: vsid
c [find&init matx] performing matrix init
c [gauss] XOR-encoding clauses are not detached, so no need to reattach them.
c [xor-rem-unconnected] left with 306 xors from 306 non-empty xors T: 0.00
c [xor-together] xored together: 249 orig xors: 306 new xors: 57 T: 0.00
c [xor-rem-unconnected] left with 57 xors from 57 non-empty xors T: 0.00
c [xor-clean-equiv] removed equivalent xors: 0 left with: 57
c [matrix] unused xors from cleaning: 0
c [matrix] Good   matrix  0     57 x  115  density:0.1803  xorlen avg: 20.74
c [matrix] Using 1 matrices recovered from 0 xors T: 0.00 T-out: N
c rst  geom best   vs  1491  914K    3198   25K  3088    6.71    6.20  2571   514   39K   254   35.83   35.63
c rst  geom best   vs  1492  915K    3198   25K  3088    6.71    6.20  2571   519   29K   254   35.34   35.09
c rst  geom best   vs  1493  915K    3198   25K  3088    6.71    6.20  2571   523   30K   254   35.18   34.93
c rst  geom best   vs  1494  916K    3198   25K  3088    6.71    6.20  2571   524   31K   254   35.02   34.78
c rst  geom  stb   vs  1495  917K    3198   25K  3088    6.71    6.20  2571   525   32K   254   35.11   34.88
c [distill-long-red0] cls tried: 64/64 T: 0.00 T-out: N T-r: 99.97%
c [distill-long-red1] cls tried: 203/203 T: 0.01 T-out: N T-r: 46.77%
c rst  geom  stb   vs  1496  918K    3198   25K  3088    6.71    6.20  2571   526   33K   254   35.16   34.93
c rst  geom  stb   vs  1497  919K    3198   25K  3088    6.71    6.20  2571   532   34K   254   35.16   34.94
c rst  geom  stb   vs  1498  921K    3198   25K  3088    6.71    6.20  2596   470   36K   254   35.27   35.05
c rst  geom  stb   vs  1499  922K    3198   25K  3088    6.71    6.20  2597   470   37K   254   35.40   35.19
c rst  geom  stb   vs  1500  924K    3198   25K  3088    6.71    6.20  2597   471   38K   254   35.58   35.38
c rst  geom  stb   vs  1501  925K    3198   25K  3088    6.71    6.20  2597   478   40K   254   35.75   35.56
c rst  geom  stb   vs  1502  927K    3198   25K  3088    6.71    6.20  2597   478   42K   254   35.98   35.79
c rst  geom  stb   vs  1503  929K    3198   25K  3088    6.71    6.20  2597   480   44K   254   36.25   36.07
c [distill-bin] useful: 0/3088/3088 lits-rem: 0 cl-rem: 0 0-depth-assigns: 0 T: 0.01 T-out: N
c rst  geom  stb   vs  1504  932K    3198   25K  3088    6.71    6.20  2616   429   25K   254   33.65   33.37
c rst  geom ibes   vs  1505  934K    3198   25K  3088    6.71    6.20  2616   430   27K   254   33.49   33.23
c [distill-long-red0] cls tried: 9/9 T: 0.00 T-out: N T-r: 99.99%
c [distill-long-red1] cls tried: 34/34 T: 0.00 T-out: N T-r: 89.65%
c [full-probe]  bin_only: 1 set: 0 repl: 0 T: 0.00 T-out: N T-r: 99.89%
c [distill] watch-based irred--  cl tried    34802 cl-sh     0 cl-rem    0 lit-rem      0 T: 0.04 T-out: N
c [distill] watch-based   red--  cl tried     5232 cl-sh     0 cl-rem    0 lit-rem      0 T: 0.00 T-out: N
c rst  geom ibes   vs  1506  937K    3198   25K  3088    6.71    6.20  2616   436   30K   254   33.18   32.95
c rst  geom ibes   vs  1507  940K    3198   25K  3088    6.71    6.20  2630   415   33K   254   33.01   32.80
c rst  geom ibes   vs  1508  943K    3198   25K  3088    6.71    6.20  2631   426   36K   254   32.98   32.79
c rst  geom ibes   vs  1509  947K    3198   25K  3088    6.71    6.20  2642   470   29K   254   32.69   32.45
c [ccnr] tries: 0 steps: 262143 best found: 6
c [ccnr] saving best assignment phase to stable_polar
c [ccnr] bumping based on var unsat frequency: conflict_ct
c [ccnr] Bumped vars: 3202 bump type: 6
c [ccnr] time: 0.33
c rst  geom  svd   vs  1510  951K    3198   25K  3088    6.71    6.20  2670   419   33K   254   32.67   32.46
c [distill-long-red0] cls tried: 20/20 T: 0.00 T-out: N T-r: 99.98%
c [distill-long-red1] cls tried: 47/47 T: 0.00 T-out: N T-r: 78.67%
c [distill-bin] useful: 0/3088/3088 lits-rem: 0 cl-rem: 0 0-depth-assigns: 0 T: 0.01 T-out: N
c rst  geom  svd   vs  1511  955K    3198   25K  3088    6.71    6.20  2670   419   37K   254   33.20   33.01
c [full-probe]  bin_only: 0 set: 0 repl: 0 T: 0.01 T-out: N T-r: 98.61%
c [impl-str] lit bin: 0 set-var: 0 T: 0.00 T-out: N T-r: 99.96% w-visit: 6404
c [impl-sub] bin: 0 T: 0.00 T-out: N w-visit: 6404
c rst  geom  svd   vs  1512  960K    3198   25K  3088    6.71    6.20  2676   406   25K   254   30.57   30.32
c [distill] watch-based irred--  cl tried    34802 cl-sh     0 cl-rem    0 lit-rem      0 T: 0.04 T-out: N
c [distill] watch-based   red--  cl tried     5352 cl-sh     0 cl-rem    0 lit-rem      0 T: 0.01 T-out: N
c rst  geom  svd   vs  1513  965K    3198   25K  3088    6.71    6.20  2676   407   30K   254   30.92   30.71
c rst  geom best   vs  1514  971K    3198   25K  3088    6.71    6.20  2696   385   36K   254   30.61   30.43
c [distill-long-red0] cls tried: 5/5 T: 0.00 T-out: N T-r: 99.99%
c [distill-long-red1] cls tried: 35/35 T: 0.00 T-out: N T-r: 78.31%
c [distill-bin] useful: 0/3088/3088 lits-rem: 0 cl-rem: 0 0-depth-assigns: 0 T: 0.01 T-out: N
c rst  geom best   vs  1515  977K    3198   25K  3088    6.71    6.20  2698   407   32K   254   30.27   30.07
c [full-probe]  bin_only: 1 set: 0 repl: 0 T: 0.01 T-out: N T-r: 99.81%
c [gauss] XOR-encoding clauses are not detached, so no need to reattach them.
c [g 0] truth-find prop checks  : 1308K
c [g 0] -> of which prop        : 32.36 %
c [g 0] -> of which confl       :  1.25 %
c [g 0] elim called             : 177K
c [g 0] ---> which lead to prop : 162.98 %
c [g 0] ---> which lead to confl:  6.08 %
c [g 0] size: 57    x 115  
c [scc] new: 0 BP 0M T: 0.00
c [vrep] vars 0 lits 0 rem-bin-cls 0 rem-long-cls 0 BP 0M T: 0.01
c [intree] Set 0 vars hyper-added: 0 trans-irred: 0 trans-red: 0 T: 0.01 T-out: N T-r: -0.34%
c [find&init matx] performing matrix init
c [gauss] XOR-encoding clauses are not detached, so no need to reattach them.
c [xor-rem-unconnected] left with 306 xors from 306 non-empty xors T: 0.00
c [xor-together] xored together: 249 orig xors: 306 new xors: 57 T: 0.00
c [xor-rem-unconnected] left with 57 xors from 57 non-empty xors T: 0.00
c [xor-clean-equiv] removed equivalent xors: 0 left with: 57
c [matrix] unused xors from cleaning: 0
c [matrix] Good   matrix 0 57      x115    density:0.1803  xorlen avg: 20.74
c [matrix] Using 1 matrices recovered from 0 xors T: 0.00 T-out: N
c rst  geom best vs   1516  984 K 3198      25K  3088 6.71    6.20     2715   247   39K   254 30.36   30.20  
c rst  geom stb  vs   1517  992 K 3198      25K  3088 6.71    6.20     2739   229   35K   254 29.52   29.34  
c [distill-long-red0] cls tried: 22/22 T: 0.00 T-out: N T-r: 99.97%
c [distill-long-red1] cls tried: 42/42 T: 0.00 T-out: N T-r: 81.23%
c [distill-bin] useful: 0/3088/3088 lits-rem: 0 cl-rem: 0 0-depth-assigns: 0 T: 0.01 T-out: N
c [distill] watch-based irred--  cl tried 34802    cl-sh 0     cl-rem 0    lit-rem 0      T: 0.05 T-out: N
c [distill] watch-based red  --  cl tried 5478     cl-sh 0     cl-rem 0    lit-rem 0      T: 0.01 T-out: N
c [ccnr] tries: 0 steps: 262143 best found: 5
c [ccnr] saving best assignment phase to stable_polar
c [ccnr] bumping based on clause weights
c [ccnr] Bumped vars: 105 bump type: 6
c [ccnr] time: 0.32
c rst  geom stb  vs   1518  1001K 3198      25K  3088 6.71    6.20     2763   218   43K   254 31.01   30.86  
c [branch] adjusting to: vmtf (from: vsid) var_decay:0.95 descr: VMTF
c [full-probe]  bin_only: 0 set: 0 repl: 0 T: 0.01 T-out: N T-r: 98.52%
c rst  luby ibes vmt  1519  1001K 3198      25K  3088 6.71    6.20     2763   218   43K   254 31.04   30.89  
c rst  luby ibes vmt  1520  1001K 3198      25K  3088 6.71    6.20     2763   218   43K   254 31.06   30.90  
c rst  luby ibes vmt  1521  1001K 3198      25K  3088 6.71    6.20     2763   218   44K   254 31.09   30.94  
c rst  luby ibes vmt  1522  1001K 3198      25K  3088 6.71    6.20     2763   219   44K   254 31.12   30.96  
c rst  luby ibes vmt  1523  1001K 3198      25K  3088 6.71    6.20     2764   219   44K   254 31.14   30.99  
c rst  luby ibes vmt  1524  1002K 3198      25K  3088 6.71    6.20     2764   219   44K   254 31.18   31.03  
c rst  luby ibes vmt  1525  1002K 3198      25K  3088 6.71    6.20     2764   220   44K   254 31.23   31.08  
c rst  luby ibes vmt  1526  1002K 3198      25K  3088 6.71    6.20     2764   220   45K   254 31.25   31.10  
c rst  luby ibes vmt  1527  1002K 3198      25K  3088 6.71    6.20     2764   221   45K   254 31.25   31.10  
c rst  luby ibes vmt  1528  1002K 3198      25K  3088 6.71    6.20     2764   222   45K   254 31.26   31.10  
c rst  luby ibes vmt  1529  1002K 3198      25K  3088 6.71    6.20     2764   223   45K   254 31.27   31.12  
c rst  luby ibes vmt  1530  1003K 3198      25K  3088 6.71    6.20     2764   225   45K   254 31.29   31.14  
c rst  luby ibes vmt  1531  1003K 3198      25K  3088 6.71    6.20     2764   229   45K   254 31.29   31.14  
c rst  luby ibes vmt  1532  1003K 3198      25K  3088 6.71    6.20     2764   229   46K   254 31.29   31.14  
c rst  luby ibes vmt  1533  1004K 3198      25K  3088 6.71    6.20     2765   229   46K   254 31.47   31.32  
c rst  luby ibes vmt  1534  1004K 3198      25K  3088 6.71    6.20     2765   229   47K   254 31.47   31.32  
c rst  luby ibes vmt  1535  1004K 3198      25K  3088 6.71    6.20     2765   230   47K   254 31.49   31.34  
c rst  luby ibes vmt  1536  1004K 3198      25K  3088 6.71    6.20     2765   230   47K   254 31.50   31.35  
c rst  luby ibes vmt  1537  1005K 3198      25K  3088 6.71    6.20     2765   232   47K   254 31.51   31.36  
c rst  luby ibes vmt  1538  1005K 3198      25K  3088 6.71    6.20     2776   265   26K   254 31.74   31.49  
c rst  luby ibes vmt  1539  1005K 3198      25K  3088 6.71    6.20     2779   276   27K   254 31.84   31.59  
c rst  luby ibes vmt  1540  1005K 3198      25K  3088 6.71    6.20     2779   277   27K   254 31.96   31.71  
c rst  luby ibes vmt  1541  1005K 3198      25K  3088 6.71    6.20     2779   277   27K   254 31.97   31.73  
c rst  luby ibes vmt  1542  1005K 3198      25K  3088 6.71    6.20     2779   278   27K   254 31.99   31.74  
c rst  luby ibes vmt  1543  1006K 3198      25K  3088 6.71    6.20     2779   278   27K   254 32.01   31.77  
c rst  luby ibes vmt  1544  1006K 3198      25K  3088 6.71    6.20     2779   278   28K   254 32.01   31.77  
c rst  luby ibes vmt  1545  1006K 3198      25K  3088 6.71    6.20     2780   278   28K   254 32.02   31.78  
c rst  luby ibes vmt  1546  1006K 3198      25K  3088 6.71    6.20     2780   279   28K   254 32.07   31.83  
c rst  luby ibes vmt  1547  1006K 3198      25K  3088 6.71    6.20     2780   281   28K   254 32.19   31.96  
c rst  luby ibes vmt  1548  1007K 3198      25K  3088 6.71    6.20     2781   286   29K   254 32.35   32.11  
c rst  luby ibes vmt  1549  1009K 3198      25K  3088 6.71    6.20     2787   313   31K   254 32.55   32.32  
c [distill-long-red0] cls tried: 33/33 T: 0.00 T-out: N T-r: 99.96%
c [distill-long-red1] cls tried: 101/101 T: 0.01 T-out: N T-r: 65.29%
c rst  luby ibes vmt  1550  1009K 3198      25K  3088 6.71    6.20     2789   315   31K   254 32.54   32.32  
c rst  luby ibes vmt  1551  1009K 3198      25K  3088 6.71    6.20     2790   321   31K   254 32.56   32.34  
c rst  luby ibes vmt  1552  1009K 3198      25K  3088 6.71    6.20     2790   322   31K   254 32.61   32.38  
c rst  luby ibes vmt  1553  1009K 3198      25K  3088 6.71    6.20     2790   322   31K   254 32.62   32.40  
c rst  luby ibes vmt  1554  1009K 3198      25K  3088 6.71    6.20     2790   322   31K   254 32.63   32.41  
c rst  luby ibes vmt  1555  1010K 3198      25K  3088 6.71    6.20     2852   239   31K   254 32.63   32.41  
c rst  luby ibes vmt  1556  1010K 3198      25K  3088 6.71    6.20     2853   241   32K   254 32.66   32.44  
c rst  luby ibes vmt  1557  1010K 3198      25K  3088 6.71    6.20     2853   242   32K   254 32.67   32.45  
c rst  luby ibes vmt  1558  1010K 3198      25K  3088 6.71    6.20     2853   243   32K   254 32.67   32.46  
c rst  luby ibes vmt  1559  1010K 3198      25K  3088 6.71    6.20     2853   247   32K   254 32.69   32.47  
c rst  luby ibes vmt  1560  1011K 3198      25K  3088 6.71    6.20     2853   248   32K   254 32.69   32.48  
c rst  luby ibes vmt  1561  1011K 3198      25K  3088 6.71    6.20     2853   248   32K   254 32.73   32.51  
c rst  luby ibes vmt  1562  1011K 3198      25K  3088 6.71    6.20     2853   248   33K   254 32.74   32.53  
c rst  luby ibes vmt  1563  1011K 3198      25K  3088 6.71    6.20     2853   255   33K   254 32.74   32.53  
c rst  luby ibes vmt  1564  1012K 3198      25K  3088 6.71    6.20     2853   257   34K   254 32.89   32.69  
c rst  luby ibes vmt  1565  1012K 3198      25K  3088 6.71    6.20     2853   258   34K   254 32.90   32.69  
c rst  luby ibes vmt  1566  1012K 3198      25K  3088 6.71    6.20     2853   258   34K   254 32.90   32.69  
c [distill-bin] useful: 0/3088/3088 lits-rem: 0 cl-rem: 0 0-depth-assigns: 0 T: 0.01 T-out: N
c rst  luby ibes vmt  1567  1012K 3198      25K  3088 6.71    6.20     2853   261   34K   254 32.89   32.69  
c rst  luby ibes vmt  1568  1013K 3198      25K  3088 6.71    6.20     2853   265   34K   254 32.91   32.71  
c rst  luby ibes vmt  1569  1013K 3198      25K  3088 6.71    6.20     2853   265   34K   254 32.94   32.73  
c rst  luby ibes vmt  1570  1013K 3198      25K  3088 6.71    6.20     2853   267   35K   254 32.97   32.77  
c rst  luby ibes vmt  1571  1013K 3198      25K  3088 6.71    6.20     2854   270   35K   254 32.97   32.77  
c rst  luby ibes vmt  1572  1013K 3198      25K  3088 6.71    6.20     2854   270   35K   254 33.01   32.80  
c rst  luby ibes vmt  1573  1013K 3198      25K  3088 6.71    6.20     2854   270   35K   254 33.03   32.83  
c rst  luby ibes vmt  1574  1014K 3198      25K  3088 6.71    6.20     2854   274   35K   254 33.06   32.86  
c rst  luby ibes vmt  1575  1014K 3198      25K  3088 6.71    6.20     2854   276   36K   254 33.07   32.87  
c rst  luby ibes vmt  1576  1014K 3198      25K  3088 6.71    6.20     2854   276   36K   254 33.07   32.87  
c rst  luby ibes vmt  1577  1014K 3198      25K  3088 6.71    6.20     2854   279   36K   254 33.07   32.87  
c rst  luby ibes vmt  1578  1014K 3198      25K  3088 6.71    6.20     2854   280   36K   254 33.17   32.97  
c rst  luby ibes vmt  1579  1015K 3198      25K  3088 6.71    6.20     2854   284   37K   254 33.36   33.17  
c [impl-str] lit bin: 0 set-var: 0 T: 0.00 T-out: N T-r: 99.96% w-visit: 6404
c [impl-sub] bin: 0 T: 0.00 T-out: N w-visit: 6404
c rst  luby ibes vmt  1580  1017K 3198      25K  3088 6.71    6.20     2854   288   39K   254 33.31   33.12  
c rst  luby svd  vmt  1581  1020K 3198      25K  3088 6.71    6.20     2916   301   26K   254 34.22   33.95  
c [distill] watch-based irred--  cl tried 34802    cl-sh 0     cl-rem 0    lit-rem 0      T: 0.04 T-out: N
c [distill] watch-based red  --  cl tried 5832     cl-sh 0     cl-rem 0    lit-rem 0      T: 0.01 T-out: N
c rst  luby svd  vmt  1582  1020K 3198      25K  3088 6.71    6.20     2916   301   26K   254 34.26   33.98  
c rst  luby svd  vmt  1583  1020K 3198      25K  3088 6.71    6.20     2916   301   26K   254 34.29   34.02  
c rst  luby svd  vmt  1584  1020K 3198      25K  3088 6.71    6.20     2916   303   26K   254 34.36   34.08  
c rst  luby svd  vmt  1585  1021K 3198      25K  3088 6.71    6.20     2916   303   26K   254 34.38   34.11  
c rst  luby svd  vmt  1586  1021K 3198      25K  3088 6.71    6.20     2916   303   26K   254 34.40   34.13  
c rst  luby svd  vmt  1587  1021K 3198      25K  3088 6.71    6.20     2916   304   26K   254 34.45   34.18  
c [full-probe]  bin_only: 1 set: 0 repl: 0 T: 0.01 T-out: N T-r: 99.87%
c rst  luby svd  vmt  1588  1021K 3198      25K  3088 6.71    6.20     2916   305   27K   254 34.52   34.25  
c rst  luby svd  vmt  1589  1021K 3198      25K  3088 6.71    6.20     2916   305   27K   254 34.57   34.30  
c rst  luby svd  vmt  1590  1022K 3198      25K  3088 6.71    6.20     2916   306   27K   254 34.60   34.33  
c rst  luby svd  vmt  1591  1022K 3198      25K  3088 6.71    6.20     2916   309   27K   254 34.61   34.34  
c rst  luby svd  vmt  1592  1022K 3198      25K  3088 6.71    6.20     2916   309   27K   254 34.63   34.37  
c rst  luby svd  vmt  1593  1022K 3198      25K  3088 6.71    6.20     2916   309   27K   254 34.66   34.39  
c rst  luby svd  vmt  1594  1022K 3198      25K  3088 6.71    6.20     2916   312   28K   254 34.68   34.41  
c rst  luby svd  vmt  1595  1023K 3198      25K  3088 6.71    6.20     2916   319   28K   254 34.76   34.50  
c rst  luby svd  vmt  1596  1023K 3198      25K  3088 6.71    6.20     2916   319   29K   254 34.95   34.69  
c rst  luby svd  vmt  1597  1023K 3198      25K  3088 6.71    6.20     2916   319   29K   254 34.98   34.72  
c rst  luby svd  vmt  1598  1024K 3198      25K  3088 6.71    6.20     2916   319   29K   254 35.00   34.74  
c rst  luby svd  vmt  1599  1024K 3198      25K  3088 6.71    6.20     2916   319   29K   254 35.05   34.80  
c rst  luby svd  vmt  1600  1024K 3198      25K  3088 6.71    6.20     2916   319   29K   254 35.07   34.82  
c rst  luby svd  vmt  1601  1024K 3198      25K  3088 6.71    6.20     2916   319   29K   254 35.09   34.84  
c [distill-long-red0] cls tried: 41/41 T: 0.00 T-out: N T-r: 99.95%
c [distill-long-red1] cls tried: 111/111 T: 0.01 T-out: N T-r: 46.84%
c rst  luby svd  vmt  1602  1024K 3198      25K  3088 6.71    6.20     2916   319   30K   254 35.11   34.86  
c rst  luby svd  vmt  1603  1025K 3198      25K  3088 6.71    6.20     2917   326   30K   254 35.16   34.91  
c rst  luby svd  vmt  1604  1025K 3198      25K  3088 6.71    6.20     2917   326   30K   254 35.17   34.93  
c rst  luby svd  vmt  1605  1025K 3198      25K  3088 6.71    6.20     2917   327   30K   254 35.19   34.94  
c rst  luby svd  vmt  1606  1025K 3198      25K  3088 6.71    6.20     2917   327   30K   254 35.23   34.98  
c rst  luby svd  vmt  1607  1025K 3198      25K  3088 6.71    6.20     2917   327   30K   254 35.25   35.00  
c rst  luby svd  vmt  1608  1025K 3198      25K  3088 6.71    6.20     2917   329   31K   254 35.26   35.02  
c rst  luby svd  vmt  1609  1025K 3198      25K  3088 6.71    6.20     2918   331   31K   254 35.29   35.04  
c rst  luby svd  vmt  1610  1026K 3198      25K  3088 6.71    6.20     2918   336   31K   254 35.38   35.14  
c rst  luby svd  vmt  1611  1027K 3198      25K  3088 6.71    6.20     2918   338   32K   254 35.53   35.29  
c rst  luby svd  vmt  1612  1028K 3198      25K  3088 6.71    6.20     2919   339   34K   254 35.79   35.56  
c rst  luby svd  vmt  1613  1028K 3198      25K  3088 6.71    6.20     2919   339   34K   254 35.80   35.57  
c rst  luby svd  vmt  1614  1028K 3198      25K  3088 6.71    6.20     2919   339   34K   254 35.80   35.57  
c rst  luby svd  vmt  1615  1029K 3198      25K  3088 6.71    6.20     2919   341   34K   254 35.79   35.57  
c rst  luby svd  vmt  1616  1029K 3198      25K  3088 6.71    6.20     2919   341   34K   254 35.80   35.57  
c rst  luby svd  vmt  1617  1029K 3198      25K  3088 6.71    6.20     2919   341   34K   254 35.81   35.59  
c rst  luby svd  vmt  1618  1029K 3198      25K  3088 6.71    6.20     2919   348   34K   254 35.80   35.58  
c rst  luby svd  vmt  1619  1029K 3198      25K  3088 6.71    6.20     2920   353   35K   254 35.87   35.65  
c rst  luby svd  vmt  1620  1029K 3198      25K  3088 6.71    6.20     2920   354   35K   254 35.89   35.67  
c rst  luby svd  vmt  1621  1030K 3198      25K  3088 6.71    6.20     2920   355   35K   254 35.90   35.68  
c rst  luby svd  vmt  1622  1030K 3198      25K  3088 6.71    6.20     2969   305   35K   254 35.89   35.67  
c rst  luby svd  vmt  1623  1030K 3198      25K  3088 6.71    6.20     2969   305   35K   254 35.92   35.70  
c rst  luby svd  vmt  1624  1030K 3198      25K  3088 6.71    6.20     2969   305   35K   254 35.93   35.71  
c rst  luby svd  vmt  1625  1030K 3198      25K  3088 6.71    6.20     2969   305   36K   254 35.98   35.77  
c rst  luby svd  vmt  1626  1031K 3198      25K  3088 6.71    6.20     2969   307   36K   254 36.04   35.83  
c rst  luby svd  vmt  1627  1031K 3198      25K  3088 6.71    6.20     2969   312   37K   254 36.22   36.01  
c rst  luby svd  vmt  1628  1031K 3198      25K  3088 6.71    6.20     2969   312   37K   254 36.25   36.04  
c rst  luby svd  vmt  1629  1032K 3198      25K  3088 6.71    6.20     2969   314   37K   254 36.26   36.05  
c rst  luby svd  vmt  1630  1032K 3198      25K  3088 6.71    6.20     2969   316   37K   254 36.27   36.06  
c rst  luby svd  vmt  1631  1032K 3198      25K  3088 6.71    6.20     2969   319   37K   254 36.28   36.07  
c rst  luby svd  vmt  1632  1032K 3198      25K  3088 6.71    6.20     2969   319   37K   254 36.29   36.08  
c rst  luby svd  vmt  1633  1032K 3198      25K  3088 6.71    6.20     2970   327   38K   254 36.32   36.11  
c rst  geom best vmt  1634  1032K 3198      25K  3088 6.71    6.20     2970   327   38K   254 36.31   36.10  
c [distill-bin] useful: 0/3088/3088 lits-rem: 0 cl-rem: 0 0-depth-assigns: 0 T: 0.01 T-out: N
c rst  geom best vmt  1635  1032K 3198      25K  3088 6.71    6.20     2970   327   38K   254 36.30   36.09  
c rst  geom best vmt  1636  1033K 3198      25K  3088 6.71    6.20     2970   327   38K   254 36.30   36.09  
c rst  geom best vmt  1637  1033K 3198      25K  3088 6.71    6.20     2970   328   38K   254 36.27   36.07  
c rst  geom best vmt  1638  1033K 3198      25K  3088 6.71    6.20     2970   328   38K   254 36.25   36.04  
c rst  geom best vmt  1639  1033K 3198      25K  3088 6.71    6.20     2970   328   38K   254 36.21   36.00  
c rst  geom best vmt  1640  1033K 3198      25K  3088 6.71    6.20     2970   328   39K   254 36.20   36.00  
c rst  geom best vmt  1641  1033K 3198      25K  3088 6.71    6.20     2970   331   39K   254 36.16   35.96  
c rst  geom best vmt  1642  1034K 3198      25K  3088 6.71    6.20     2970   332   39K   254 36.13   35.93  
c rst  geom best vmt  1643  1034K 3198      25K  3088 6.71    6.20     2970   333   39K   254 36.13   35.93  
c rst  geom best vmt  1644  1034K 3198      25K  3088 6.71    6.20     2970   334   40K   254 36.10   35.90  
c rst  geom best vmt  1645  1035K 3198      25K  3088 6.71    6.20     2970   334   40K   254 36.04   35.84  
c rst  geom best vmt  1646  1035K 3198      25K  3088 6.71    6.20     2976   417   23K   254 34.96   34.65  
c rst  geom best vmt  1647  1035K 3198      25K  3088 6.71    6.20     2977   424   23K   254 34.90   34.59  
c rst  geom best vmt  1648  1036K 3198      25K  3088 6.71    6.20     2977   425   23K   254 34.90   34.60  
c rst  geom best vmt  1649  1036K 3198      25K  3088 6.71    6.20     2978   434   24K   254 34.87   34.57  
c rst  geom best vmt  1650  1037K 3198      25K  3088 6.71    6.20     2978   436   24K   254 34.87   34.58  
c [ccnr] tries: 0 steps: 262143 best found: 2
c [ccnr] saving best assignment phase to stable_polar
c [ccnr] bumping based on var unsat frequency: conflict_ct
c [ccnr] Bumped vars: 3202 bump type: 6
c [ccnr] time: 0.33
c rst  geom best vmt  1651  1037K 3198      25K  3088 6.71    6.20     2980   481   25K   254 34.72   34.43  
c rst  geom best vmt  1652  1038K 3198      25K  3088 6.71    6.20     2981   483   25K   254 34.83   34.55  
c rst  geom best vmt  1653  1038K 3198      25K  3088 6.71    6.20     2981   485   26K   254 34.86   34.58  
c rst  geom best vmt  1654  1039K 3198      25K  3088 6.71    6.20     2981   489   27K   254 34.79   34.52  
c [distill-long-red0] cls tried: 26/26 T: 0.00 T-out: N T-r: 99.97%
c [distill-long-red1] cls tried: 206/206 T: 0.01 T-out: N T-r: 18.84%
c rst  geom best vmt  1655  1040K 3198      25K  3088 6.71    6.20     3053   417   28K   254 34.69   34.43  
c rst  geom best vmt  1656  1041K 3198      25K  3088 6.71    6.20     3053   419   28K   254 34.71   34.46  
c rst  geom best vmt  1657  1042K 3198      25K  3088 6.71    6.20     3053   421   29K   254 34.84   34.59  
c [full-probe]  bin_only: 0 set: 0 repl: 0 T: 0.01 T-out: N T-r: 98.58%
c rst  geom best vmt  1658  1043K 3198      25K  3088 6.71    6.20     3053   426   30K   254 34.67   34.43  
c [gauss] XOR-encoding clauses are not detached, so no need to reattach them.
c [g 0] truth-find prop checks  : 1327K
c [g 0] -> of which prop        : 36.00 %
c [g 0] -> of which confl       :  1.40 %
c [g 0] elim called             : 171K
c [g 0] ---> which lead to prop : 168.60 %
c [g 0] ---> which lead to confl:  6.78 %
c [g 0] size: 57    x 115  
c [scc] new: 0 BP 0M T: 0.00
c [vrep] vars 0 lits 0 rem-bin-cls 0 rem-long-cls 0 BP 0M T: 0.00
c [intree] Set 0 vars hyper-added: 0 trans-irred: 0 trans-red: 0 T: 0.01 T-out: N T-r: -0.56%
c [find&init matx] performing matrix init
c [gauss] XOR-encoding clauses are not detached, so no need to reattach them.
c [xor-rem-unconnected] left with 306 xors from 306 non-empty xors T: 0.00
c [xor-together] xored together: 249 orig xors: 306 new xors: 57 T: 0.00
c [xor-rem-unconnected] left with 57 xors from 57 non-empty xors T: 0.00
c [xor-clean-equiv] removed equivalent xors: 0 left with: 57
c [matrix] unused xors from cleaning: 0
c [matrix] Good   matrix 0 57      x115    density:0.1803  xorlen avg: 20.74
c [matrix] Using 1 matrices recovered from 0 xors T: 0.00 T-out: N
c rst  geom best vmt  1659  1044K 3198      25K  3088 6.71    6.20     3053   429   32K   254 34.49   34.26  
c rst  geom best vmt  1660  1045K 3198      25K  3088 6.71    6.20     3053   431   33K   254 34.45   34.22  
c [distill] watch-based irred--  cl tried 33558    cl-sh 0     cl-rem 0    lit-rem 0      T: 0.05 T-out: Y
c [distill] watch-based red  --  cl tried 6106     cl-sh 0     cl-rem 0    lit-rem 0      T: 0.01 T-out: N
c rst  geom best vmt  1661  1047K 3198      25K  3088 6.71    6.20     3053   439   34K   254 34.37   34.16  
c rst  geom best vmt  1662  1048K 3198      25K  3088 6.71    6.20     3056   446   36K   254 34.40   34.19  
c rst  geom stb  vmt  1663  1050K 3198      25K  3088 6.71    6.20     3083   480   28K   254 34.00   33.75  
c rst  geom stb  vmt  1664  1052K 3198      25K  3088 6.71    6.20     3083   482   30K   254 34.58   34.34  
c rst  geom stb  vmt  1665  1054K 3198      25K  3088 6.71    6.20     3084   483   32K   254 35.36   35.13  
c [distill-bin] useful: 0/3088/3088 lits-rem: 0 cl-rem: 0 0-depth-assigns: 0 T: 0.01 T-out: N
c rst  geom stb  vmt  1666  1056K 3198      25K  3088 6.71    6.20     3084   488   34K   254 35.47   35.25  
c [distill-long-red0] cls tried: 16/16 T: 0.00 T-out: N T-r: 99.98%
c [distill-long-red1] cls tried: 106/106 T: 0.01 T-out: N T-r: 51.45%
c rst  geom stb  vmt  1667  1059K 3198      25K  3088 6.71    6.20     3084   494   37K   254 35.64   35.43  
c rst  geom stb  vmt  1668  1061K 3198      25K  3088 6.71    6.20     3104   472   40K   254 35.71   35.52  
c rst  geom stb  vmt  1669  1064K 3198      25K  3088 6.71    6.20     3104   477   43K   254 35.99   35.81  
c [full-probe]  bin_only: 1 set: 0 repl: 0 T: 0.01 T-out: N T-r: 99.78%
c rst  geom ibes vmt  1670  1068K 3198      25K  3088 6.71    6.20     3106   513   25K   254 34.46   34.18  
c rst  geom ibes vmt  1671  1071K 3198      25K  3088 6.71    6.20     3126   508   29K   254 34.86   34.61  
c [distill-long-red0] cls tried: 11/11 T: 0.00 T-out: N T-r: 99.99%
c [distill-long-red1] cls tried: 54/54 T: 0.01 T-out: N T-r: 77.15%
c [distill] watch-based irred--  cl tried 32871    cl-sh 0     cl-rem 0    lit-rem 0      T: 0.05 T-out: Y
c [distill] watch-based red  --  cl tried 6252     cl-sh 0     cl-rem 0    lit-rem 0      T: 0.01 T-out: N
c rst  geom ibes vmt  1672  1075K 3198      25K  3088 6.71    6.20     3127   531   33K   254 35.25   35.02  
c [distill-bin] useful: 0/3088/3088 lits-rem: 0 cl-rem: 0 0-depth-assigns: 0 T: 0.01 T-out: N
c rst  geom ibes vmt  1673  1080K 3198      25K  3088 6.71    6.20     3128   627   25K   254 34.31   34.03  
c [impl-str] lit bin: 0 set-var: 0 T: 0.00 T-out: N T-r: 99.97% w-visit: 6404
c [impl-sub] bin: 0 T: 0.00 T-out: N w-visit: 6404
c rst  geom ibes vmt  1674  1084K 3198      25K  3088 6.71    6.20     3174   545   29K   254 34.78   34.53  
c [full-probe]  bin_only: 0 set: 0 repl: 0 T: 0.01 T-out: N T-r: 98.63%
c [ccnr] tries: 0 steps: 262143 best found: 4
c [ccnr] saving best assignment phase to stable_polar
c [ccnr] bumping based on var unsat frequency: conflict_ct
c [ccnr] Bumped vars: 3202 bump type: 6
c [ccnr] time: 0.33
c rst  geom svd  vmt  1675  1090K 3198      25K  3088 6.71    6.20     3283   599   35K   255 35.87   35.65  
c [distill-long-red0] cls tried: 103/103 T: 0.01 T-out: N T-r: 99.89%
c [distill-long-red1] cls tried: 223/223 T: 0.02 T-out: N T-r: 5.26%
c rst  geom svd  vmt  1676  1096K 3198      25K  3088 6.71    6.20     3286   757   24K   260 36.62   36.31  
c [distill-bin] useful: 0/3088/3088 lits-rem: 0 cl-rem: 0 0-depth-assigns: 0 T: 0.01 T-out: N
c rst  geom svd  vmt  1677  1102K 3198      25K  3088 6.71    6.20     3343   686   31K   260 37.31   37.05  
c [distill] watch-based irred--  cl tried 32469    cl-sh 0     cl-rem 0    lit-rem 0      T: 0.05 T-out: Y
c [distill] watch-based red  --  cl tried 6685     cl-sh 1     cl-rem 1    lit-rem 1      T: 0.01 T-out: N
c rst  geom best vmt  1678  1109K 3198      25K  3088 6.71    6.20     3344   707   38K   260 36.46   36.25  
c [branch] adjusting to: vsid (from: vmtf) var_decay:0.95 descr: VSIDS
c [distill-long-red0] cls tried: 23/23 T: 0.00 T-out: N T-r: 99.97%
c [distill-long-red1] cls tried: 176/176 T: 0.01 T-out: N T-r: 18.54%
c [full-probe]  bin_only: 1 set: 0 repl: 0 T: 0.01 T-out: N T-r: 99.81%
c [gauss] XOR-encoding clauses are not detached, so no need to reattach them.
c [g 0] truth-find prop checks  : 1329K
c [g 0] -> of which prop        : 41.71 %
c [g 0] -> of which confl       :  1.40 %
c [g 0] elim called             : 143K
c [g 0] ---> which lead to prop : 205.42 %
c [g 0] ---> which lead to confl:  6.94 %
c [g 0] size: 57    x 115  
c [scc] new: 0 BP 0M T: 0.00
c [vrep] vars 0 lits 0 rem-bin-cls 0 rem-long-cls 0 BP 0M T: 0.01
c [intree] Set 0 vars hyper-added: 0 trans-irred: 0 trans-red: 4 T: 0.01 T-out: N T-r: -0.61%
c [find&init matx] performing matrix init
c [gauss] XOR-encoding clauses are not detached, so no need to reattach them.
c [xor-rem-unconnected] left with 306 xors from 306 non-empty xors T: 0.00
c [xor-together] xored together: 249 orig xors: 306 new xors: 57 T: 0.00
c [xor-rem-unconnected] left with 57 xors from 57 non-empty xors T: 0.00
c [xor-clean-equiv] removed equivalent xors: 0 left with: 57
c [matrix] unused xors from cleaning: 0
c [matrix] Good   matrix 0 57      x115    density:0.1803  xorlen avg: 20.74
c [matrix] Using 1 matrices recovered from 0 xors T: 0.00 T-out: N
c rst  geom best vs   1679  1109K 3198      25K  3088 6.71    6.20     3344   708   38K   256 36.44   36.23  
c rst  geom best vs   1680  1109K 3198      25K  3088 6.71    6.20     3344   708   38K   256 36.42   36.21  
c rst  geom best vs   1681  1109K 3198      25K  3088 6.71    6.20     3344   708   38K   256 36.40   36.19  
c rst  geom best vs   1682  1110K 3198      25K  3088 6.71    6.20     3344   708   38K   256 36.37   36.17  
c rst  geom best vs   1683  1110K 3198      25K  3088 6.71    6.20     3377   630   25K   256 35.16   34.87  
c rst  geom best vs   1684  1110K 3198      25K  3088 6.71    6.20     3377   631   25K   256 35.13   34.84  
c rst  geom best vs   1685  1110K 3198      25K  3088 6.71    6.20     3377   631   25K   256 35.08   34.80  
c rst  geom best vs   1686  1110K 3198      25K  3088 6.71    6.20     3377   632   25K   256 35.03   34.75  
c rst  geom best vs   1687  1111K 3198      25K  3088 6.71    6.20     3377   633   25K   256 34.96   34.68  
c rst  geom best vs   1688  1111K 3198      25K  3088 6.71    6.20     3377   633   26K   256 34.90   34.62  
c rst  geom best vs   1689  1111K 3198      25K  3088 6.71    6.20     3377   633   26K   256 34.84   34.56  
c rst  geom best vs   1690  1111K 3198      25K  3088 6.71    6.20     3377   633   26K   256 34.79   34.52  
c rst  geom best vs   1691  1112K 3198      25K  3088 6.71    6.20     3377   633   27K   256 34.71   34.45  
c rst  geom best vs   1692  1112K 3198      25K  3088 6.71    6.20     3377   633   27K   256 34.62   34.36  
c rst  geom best vs   1693  1112K 3198      25K  3088 6.71    6.20     3377   633   27K   256 34.55   34.29  
c rst  geom best vs   1694  1113K 3198      25K  3088 6.71    6.20     3377   633   28K   256 34.40   34.15  
c rst  geom best vs   1695  1113K 3198      25K  3088 6.71    6.20     3377   634   28K   256 34.28   34.03  
c rst  geom best vs   1696  1114K 3198      25K  3088 6.71    6.20     3377   634   29K   256 34.19   33.94  
c rst  geom best vs   1697  1115K 3198      25K  3088 6.71    6.20     3377   634   30K   256 34.04   33.80  
c rst  geom best vs   1698  1115K 3198      25K  3088 6.71    6.20     3378   635   30K   256 33.91   33.67  
c rst  geom best vs   1699  1116K 3198      25K  3088 6.71    6.20     3379   636   31K   256 33.81   33.58  
c [distill-bin] useful: 0/3088/3088 lits-rem: 0 cl-rem: 0 0-depth-assigns: 0 T: 0.01 T-out: N
c rst  geom best vs   1700  1117K 3198      25K  3088 6.71    6.20     3379   637   32K   256 33.68   33.46  
c rst  geom best vs   1701  1118K 3198      25K  3088 6.71    6.20     3379   642   33K   256 33.62   33.40  
c rst  geom best vs   1702  1119K 3198      25K  3088 6.71    6.20     3379   646   34K   256 33.56   33.34  
c rst  geom stb  vs   1703  1120K 3198      25K  3088 6.71    6.20     3412   592   35K   256 33.73   33.53  
c rst  geom stb  vs   1704  1121K 3198      25K  3088 6.71    6.20     3412   595   36K   256 33.86   33.66  
c rst  geom stb  vs   1705  1122K 3198      25K  3088 6.71    6.20     3412   596   37K   256 33.92   33.73  
c rst  geom stb  vs   1706  1123K 3198      25K  3088 6.71    6.20     3412   599   38K   256 34.01   33.82  
c rst  geom stb  vs   1707  1125K 3198      25K  3088 6.71    6.20     3420   636   27K   256 30.12   29.89  
c [distill-long-red0] cls tried: 14/14 T: 0.00 T-out: N T-r: 99.97%
c [distill-long-red1] cls tried: 101/101 T: 0.01 T-out: N T-r: 67.02%
c rst  geom stb  vs   1708  1127K 3198      25K  3088 6.71    6.20     3420   639   29K   256 30.51   30.29  
c rst  geom stb  vs   1709  1129K 3198      25K  3088 6.71    6.20     3420   645   31K   256 30.92   30.71  
c [distill] watch-based irred--  cl tried 34802    cl-sh 0     cl-rem 0    lit-rem 0      T: 0.05 T-out: N
c [distill] watch-based red  --  cl tried 6840     cl-sh 1     cl-rem 0    lit-rem 1      T: 0.01 T-out: N
c [ccnr] tries: 0 steps: 262143 best found: 2
c [ccnr] saving best assignment phase to stable_polar
c [ccnr] bumping based on clause weights
c [ccnr] Bumped vars: 102 bump type: 6
c [ccnr] time: 0.34
c rst  geom stb  vs   1710  1131K 3198      25K  3088 6.71    6.20     3447   610   33K   256 31.32   31.12  
c [full-probe]  bin_only: 0 set: 0 repl: 0 T: 0.01 T-out: N T-r: 98.74%
c rst  geom stb  vs   1711  1133K 3198      25K  3088 6.71    6.20     3447   617   35K   256 31.59   31.40  
c rst  geom stb  vs   1712  1135K 3198      25K  3088 6.71    6.20     3447   625   38K   256 31.82   31.64  
c rst  geom ibes vs   1713  1138K 3198      25K  3088 6.71    6.20     3447   629   40K   256 31.78   31.61  
c [distill-bin] useful: 0/3088/3088 lits-rem: 0 cl-rem: 0 0-depth-assigns: 0 T: 0.01 T-out: N
c rst  geom ibes vs   1714  1141K 3198      25K  3088 6.71    6.20     3490   625   26K   256 31.21   30.96  
c [distill-long-red0] cls tried: 19/19 T: 0.00 T-out: N T-r: 99.98%
c [distill-long-red1] cls tried: 64/64 T: 0.00 T-out: N T-r: 75.23%
c [impl-str] lit bin: 0 set-var: 0 T: 0.00 T-out: N T-r: 99.96% w-visit: 6404
c [impl-sub] bin: 5 T: 0.00 T-out: N w-visit: 6404
c rst  geom ibes vs   1715  1144K 3198      25K  3088 6.71    6.20     3490   626   29K   251 31.29   31.07  
c rst  geom ibes vs   1716  1148K 3198      25K  3088 6.71    6.20     3490   629   33K   251 31.62   31.42  
c rst  geom ibes vs   1717  1152K 3198      25K  3088 6.71    6.20     3502   586   37K   251 31.49   31.31  
c [full-probe]  bin_only: 1 set: 0 repl: 0 T: 0.01 T-out: N T-r: 99.82%
c rst  geom svd  vs   1718  1156K 3198      25K  3088 6.71    6.20     3509   607   29K   251 30.40   30.19  
c [distill-long-red0] cls tried: 1/1 T: 0.00 T-out: N T-r: 100.00%
c [distill-long-red1] cls tried: 25/25 T: 0.00 T-out: N T-r: 88.10%
c [distill] watch-based irred--  cl tried 34802    cl-sh 0     cl-rem 0    lit-rem 0      T: 0.04 T-out: N
c [distill] watch-based red  --  cl tried 7018     cl-sh 0     cl-rem 0    lit-rem 0      T: 0.01 T-out: N
c rst  geom svd  vs   1719  1161K 3198      25K  3088 6.71    6.20     3531   353   35K   251 30.92   30.73  
c [distill-bin] useful: 0/3088/3088 lits-rem: 0 cl-rem: 0 0-depth-assigns: 0 T: 0.01 T-out: N
c rst  geom svd  vs   1720  1167K 3198      25K  3088 6.71    6.20     3531   363   40K   251 31.26   31.09  
c rst  geom svd  vs   1721  1172K 3198      25K  3088 6.71    6.20     3565   340   29K   251 30.31   30.10  
c [distill-long-red0] cls tried: 13/13 T: 0.00 T-out: N T-r: 99.99%
c [distill-long-red1] cls tried: 45/45 T: 0.00 T-out: N T-r: 82.60%
c [full-probe]  bin_only: 0 set: 0 repl: 0 T: 0.01 T-out: N T-r: 99.00%
c rst  geom best vs   1722  1179K 3198      25K  3088 6.71    6.20     3565   345   35K   251 30.47   30.29  
c [gauss] XOR-encoding clauses are not detached, so no need to reattach them.
c [g 0] truth-find prop checks  : 1491K
c [g 0] -> of which prop        : 31.73 %
c [g 0] -> of which confl       :  1.14 %
c [g 0] elim called             : 180K
c [g 0] ---> which lead to prop : 170.06 %
c [g 0] ---> which lead to confl:  6.60 %
c [g 0] size: 57    x 115  
c [scc] new: 0 BP 0M T: 0.00
c [vrep] vars 0 lits 0 rem-bin-cls 0 rem-long-cls 0 BP 0M T: 0.00
c [intree] Set 0 vars hyper-added: 0 trans-irred: 0 trans-red: 0 T: 0.01 T-out: N T-r: -0.51%
c [find&init matx] performing matrix init
c [gauss] XOR-encoding clauses are not detached, so no need to reattach them.
c [xor-rem-unconnected] left with 306 xors from 306 non-empty xors T: 0.00
c [xor-together] xored together: 249 orig xors: 306 new xors: 57 T: 0.00
c [xor-rem-unconnected] left with 57 xors from 57 non-empty xors T: 0.00
c [xor-clean-equiv] removed equivalent xors: 0 left with: 57
c [matrix] unused xors from cleaning: 0
c [matrix] Good   matrix 0 57      x115    density:0.1803  xorlen avg: 20.74
c [matrix] Using 1 matrices recovered from 0 xors T: 0.00 T-out: N
c [ccnr] tries: 0 steps: 262143 best found: 5
c [ccnr] saving best assignment phase to stable_polar
c [ccnr] bumping based on var unsat frequency: conflict_ct
c [ccnr] Bumped vars: 3202 bump type: 6
c [ccnr] time: 0.32
c rst  geom best vs   1723  1186K 3198      25K  3088 6.71    6.20     3578   292   31K   251 29.48   29.29  
c [distill-bin] useful: 0/3088/3088 lits-rem: 0 cl-rem: 0 0-depth-assigns: 0 T: 0.01 T-out: N
c [distill] watch-based irred--  cl tried 34802    cl-sh 0     cl-rem 0    lit-rem 0      T: 0.04 T-out: N
c [distill] watch-based red  --  cl tried 7156     cl-sh 0     cl-rem 0    lit-rem 0      T: 0.01 T-out: N
c rst  geom best vs   1724  1194K 3198      25K  3088 6.71    6.20     3583   292   39K   251 28.97   28.82  
c [distill-long-red0] cls tried: 2/2 T: 0.00 T-out: N T-r: 100.00%
c [distill-long-red1] cls tried: 53/53 T: 0.00 T-out: N T-r: 78.41%
c [full-probe]  bin_only: 1 set: 0 repl: 0 T: 0.01 T-out: N T-r: 99.87%
c rst  geom stb  vs   1725  1202K 3198      25K  3088 6.71    6.20     3608   296   32K   251 29.19   29.00  
c [impl-str] lit bin: 0 set-var: 0 T: 0.00 T-out: N T-r: 99.96% w-visit: 6404
c [impl-sub] bin: 0 T: 0.00 T-out: N w-visit: 6404
c rst  geom stb  vs   1726  1212K 3198      25K  3088 6.71    6.20     3613   262   41K   251 31.03   30.87  
c [distill-long-red0] cls tried: 2/2 T: 0.00 T-out: N T-r: 100.00%
c [distill-long-red1] cls tried: 42/42 T: 0.00 T-out: N T-r: 76.14%
c [distill-bin] useful: 0/3088/3088 lits-rem: 0 cl-rem: 0 0-depth-assigns: 0 T: 0.01 T-out: N
c [distill] watch-based irred--  cl tried 34469    cl-sh 0     cl-rem 0    lit-rem 0      T: 0.05 T-out: Y
c [distill] watch-based red  --  cl tried 7226     cl-sh 0     cl-rem 0    lit-rem 0      T: 0.01 T-out: N
c rst  geom ibes vs   1727  1222K 3198      25K  3088 6.71    6.20     3635   279   30K   251 32.58   32.36  
c [branch] adjusting to: vmtf (from: vsid) var_decay:0.95 descr: VMTF
c [full-probe]  bin_only: 0 set: 0 repl: 0 T: 0.01 T-out: N T-r: 98.69%
c rst  luby ibes vmt  1728  1222K 3198      25K  3088 6.71    6.20     3637   293   30K   251 32.59   32.37  
c rst  luby ibes vmt  1729  1222K 3198      25K  3088 6.71    6.20     3637   295   30K   251 32.60   32.38  
c rst  luby ibes vmt  1730  1222K 3198      25K  3088 6.71    6.20     3637   295   31K   251 32.65   32.43  
c rst  luby ibes vmt  1731  1222K 3198      25K  3088 6.71    6.20     3637   297   31K   251 32.67   32.45  
c rst  luby ibes vmt  1732  1222K 3198      25K  3088 6.71    6.20     3637   299   31K   251 32.68   32.47  
c rst  luby ibes vmt  1733  1223K 3198      25K  3088 6.71    6.20     3637   301   31K   251 32.73   32.52  
c rst  luby ibes vmt  1734  1223K 3198      25K  3088 6.71    6.20     3637   302   32K   251 32.81   32.60  
c [ccnr] tries: 0 steps: 262143 best found: 4
c [ccnr] saving best assignment phase to stable_polar
c [ccnr] bumping based on var unsat frequency: conflict_ct
c [ccnr] Bumped vars: 3202 bump type: 6
c [ccnr] time: 0.32
c rst  luby ibes vmt  1735  1223K 3198      25K  3088 6.71    6.20     3638   308   32K   251 32.79   32.58  
c rst  luby ibes vmt  1736  1223K 3198      25K  3088 6.71    6.20     3638   309   32K   251 32.83   32.62  
c rst  luby ibes vmt  1737  1223K 3198      25K  3088 6.71    6.20     3638   311   32K   251 32.89   32.67  
c rst  luby ibes vmt  1738  1224K 3198      25K  3088 6.71    6.20     3638   313   32K   251 32.89   32.68  
c rst  luby ibes vmt  1739  1224K 3198      25K  3088 6.71    6.20     3638   314   32K   251 32.90   32.69  
c rst  luby ibes vmt  1740  1224K 3198      25K  3088 6.71    6.20     3638   316   32K   251 32.95   32.74  
c rst  luby ibes vmt  1741  1224K 3198      25K  3088 6.71    6.20     3638   318   33K   251 33.05   32.84  
c rst  luby ibes vmt  1742  1225K 3198      25K  3088 6.71    6.20     3638   322   33K   251 33.18   32.97  
c rst  luby ibes vmt  1743  1225K 3198      25K  3088 6.71    6.20     3638   322   34K   251 33.18   32.97  
c rst  luby ibes vmt  1744  1225K 3198      25K  3088 6.71    6.20     3638   323   34K   251 33.19   32.98  
c rst  luby ibes vmt  1745  1226K 3198      25K  3088 6.71    6.20     3638   323   34K   251 33.20   32.99  
c rst  luby ibes vmt  1746  1226K 3198      25K  3088 6.71    6.20     3638   324   34K   251 33.19   32.99  
c rst  luby ibes vmt  1747  1226K 3198      25K  3088 6.71    6.20     3638   326   34K   251 33.21   33.01  
c rst  luby ibes vmt  1748  1226K 3198      25K  3088 6.71    6.20     3639   326   34K   251 33.25   33.04  
c rst  luby ibes vmt  1749  1226K 3198      25K  3088 6.71    6.20     3639   326   35K   251 33.26   33.06  
c rst  luby ibes vmt  1750  1226K 3198      25K  3088 6.71    6.20     3639   326   35K   251 33.27   33.08  
c rst  luby ibes vmt  1751  1227K 3198      25K  3088 6.71    6.20     3639   326   35K   251 33.28   33.08  
c rst  luby ibes vmt  1752  1227K 3198      25K  3088 6.71    6.20     3639   329   35K   251 33.26   33.06  
c [distill-long-red0] cls tried: 7/7 T: 0.00 T-out: N T-r: 99.99%
c [distill-long-red1] cls tried: 93/93 T: 0.01 T-out: N T-r: 64.99%
c rst  luby ibes vmt  1753  1227K 3198      25K  3088 6.71    6.20     3639   330   35K   251 33.26   33.07  
c rst  luby ibes vmt  1754  1227K 3198      25K  3088 6.71    6.20     3639   330   35K   251 33.26   33.07  
c rst  luby ibes vmt  1755  1227K 3198      25K  3088 6.71    6.20     3639   330   36K   251 33.29   33.09  
c rst  luby ibes vmt  1756  1228K 3198      25K  3088 6.71    6.20     3639   330   36K   251 33.29   33.09  
c rst  luby ibes vmt  1757  1228K 3198      25K  3088 6.71    6.20     3639   333   37K   251 33.43   33.24  
c rst  luby ibes vmt  1758  1230K 3198      25K  3088 6.71    6.20     3673   343   26K   251 32.02   31.78  
c rst  luby svd  vmt  1759  1230K 3198      25K  3088 6.71    6.20     3673   344   27K   251 32.01   31.77  
c rst  luby svd  vmt  1760  1230K 3198      25K  3088 6.71    6.20     3673   345   27K   251 32.05   31.81  
c rst  luby svd  vmt  1761  1230K 3198      25K  3088 6.71    6.20     3673   346   27K   251 32.13   31.89  
c rst  luby svd  vmt  1762  1230K 3198      25K  3088 6.71    6.20     3673   347   27K   251 32.16   31.92  
c rst  luby svd  vmt  1763  1231K 3198      25K  3088 6.71    6.20     3673   347   27K   251 32.19   31.95  
c rst  luby svd  vmt  1764  1231K 3198      25K  3088 6.71    6.20     3673   348   27K   251 32.22   31.98  
c rst  luby svd  vmt  1765  1231K 3198      25K  3088 6.71    6.20     3673   350   28K   251 32.30   32.07  
c rst  luby svd  vmt  1766  1231K 3198      25K  3088 6.71    6.20     3673   352   28K   251 32.33   32.10  
c rst  luby svd  vmt  1767  1231K 3198      25K  3088 6.71    6.20     3673   352   28K   251 32.35   32.12  
c rst  luby svd  vmt  1768  1232K 3198      25K  3088 6.71    6.20     3673   356   28K   251 32.37   32.14  
c rst  luby svd  vmt  1769  1232K 3198      25K  3088 6.71    6.20     3673   356   28K   251 32.39   32.16  
c [distill-bin] useful: 0/3088/3088 lits-rem: 0 cl-rem: 0 0-depth-assigns: 0 T: 0.01 T-out: N
c rst  luby svd  vmt  1770  1232K 3198      25K  3088 6.71    6.20     3673   356   28K   251 32.40   32.17  
c rst  luby svd  vmt  1771  1232K 3198      25K  3088 6.71    6.20     3673   357   28K   251 32.45   32.22  
c rst  luby svd  vmt  1772  1232K 3198      25K  3088 6.71    6.20     3673   359   29K   251 32.52   32.29  
c rst  luby svd  vmt  1773  1233K 3198      25K  3088 6.71    6.20     3673   360   30K   251 32.65   32.42  
c rst  luby svd  vmt  1774  1233K 3198      25K  3088 6.71    6.20     3673   360   30K   251 32.68   32.46  
c rst  luby svd  vmt  1775  1233K 3198      25K  3088 6.71    6.20     3673   361   30K   251 32.71   32.49  
c rst  luby svd  vmt  1776  1234K 3198      25K  3088 6.71    6.20     3673   361   30K   251 32.76   32.53  
c rst  luby svd  vmt  1777  1234K 3198      25K  3088 6.71    6.20     3673   361   30K   251 32.77   32.55  
c rst  luby svd  vmt  1778  1234K 3198      25K  3088 6.71    6.20     3673   363   30K   251 32.78   32.56  
c rst  luby svd  vmt  1779  1234K 3198      25K  3088 6.71    6.20     3673   363   30K   251 32.80   32.58  
c rst  luby svd  vmt  1780  1234K 3198      25K  3088 6.71    6.20     3673   365   31K   251 32.89   32.67  
c rst  luby svd  vmt  1781  1234K 3198      25K  3088 6.71    6.20     3673   365   31K   251 32.91   32.69  
c rst  luby svd  vmt  1782  1235K 3198      25K  3088 6.71    6.20     3673   365   31K   251 32.93   32.72  
c rst  luby svd  vmt  1783  1235K 3198      25K  3088 6.71    6.20     3673   366   31K   251 32.96   32.74  
c rst  luby svd  vmt  1784  1235K 3198      25K  3088 6.71    6.20     3673   366   31K   251 32.98   32.76  
c rst  luby svd  vmt  1785  1235K 3198      25K  3088 6.71    6.20     3673   366   31K   251 32.98   32.77  
c rst  luby svd  vmt  1786  1235K 3198      25K  3088 6.71    6.20     3673   367   32K   251 32.99   32.78  
c rst  luby svd  vmt  1787  1236K 3198      25K  3088 6.71    6.20     3673   367   32K   251 33.03   32.82  
c rst  luby svd  vmt  1788  1236K 3198      25K  3088 6.71    6.20     3673   369   33K   251 33.20   33.00  
c rst  luby svd  vmt  1789  1238K 3198      25K  3088 6.71    6.20     3673   370   34K   251 33.61   33.41  
c [distill] watch-based irred--  cl tried 34802    cl-sh 0     cl-rem 0    lit-rem 0      T: 0.05 T-out: N
c [distill] watch-based red  --  cl tried 7346     cl-sh 2     cl-rem 0    lit-rem 2      T: 0.01 T-out: N
c rst  luby svd  vmt  1790  1241K 3198      25K  3088 6.71    6.20     3702   334   38K   251 34.10   33.91  
c rst  luby svd  vmt  1791  1241K 3198      25K  3088 6.71    6.20     3702   334   38K   251 34.11   33.92  
c rst  luby svd  vmt  1792  1241K 3198      25K  3088 6.71    6.20     3702   335   38K   251 34.13   33.94  
c rst  luby svd  vmt  1793  1242K 3198      25K  3088 6.71    6.20     3702   335   38K   251 34.15   33.96  
c rst  luby svd  vmt  1794  1242K 3198      25K  3088 6.71    6.20     3702   335   38K   251 34.17   33.98  
c rst  luby svd  vmt  1795  1242K 3198      25K  3088 6.71    6.20     3702   335   38K   251 34.20   34.01  
c [distill-long-red0] cls tried: 27/27 T: 0.00 T-out: N T-r: 99.95%
c [distill-long-red1] cls tried: 81/81 T: 0.01 T-out: N T-r: 62.40%
c rst  luby svd  vmt  1796  1242K 3198      25K  3088 6.71    6.20     3702   336   38K   251 34.24   34.05  
c [full-probe]  bin_only: 1 set: 0 repl: 0 T: 0.01 T-out: N T-r: 99.84%
c rst  luby svd  vmt  1797  1242K 3198      25K  3088 6.71    6.20     3702   336   39K   251 34.31   34.12  
c rst  luby svd  vmt  1798  1242K 3198      25K  3088 6.71    6.20     3702   336   39K   251 34.34   34.15  
c rst  luby svd  vmt  1799  1243K 3198      25K  3088 6.71    6.20     3702   337   39K   251 34.37   34.19  
c rst  luby svd  vmt  1800  1243K 3198      25K  3088 6.71    6.20     3702   337   39K   251 34.43   34.24  
c rst  luby svd  vmt  1801  1243K 3198      25K  3088 6.71    6.20     3702   337   39K   251 34.44   34.25  
c rst  luby svd  vmt  1802  1243K 3198      25K  3088 6.71    6.20     3702   338   39K   251 34.45   34.27  
c rst  luby svd  vmt  1803  1243K 3198      25K  3088 6.71    6.20     3702   338   40K   251 34.46   34.28  
c rst  luby svd  vmt  1804  1244K 3198      25K  3088 6.71    6.20     3702   338   40K   251 34.48   34.30  
c rst  luby svd  vmt  1805  1244K 3198      25K  3088 6.71    6.20     3702   343   41K   251 34.56   34.38  
c [gauss] XOR-encoding clauses are not detached, so no need to reattach them.
c [g 0] truth-find prop checks  : 1370K
c [g 0] -> of which prop        : 36.53 %
c [g 0] -> of which confl       :  1.25 %
c [g 0] elim called             : 155K
c [g 0] ---> which lead to prop : 186.73 %
c [g 0] ---> which lead to confl:  6.49 %
c [g 0] size: 57    x 115  
c [scc] new: 0 BP 0M T: 0.00
c [vrep] vars 0 lits 0 rem-bin-cls 0 rem-long-cls 0 BP 0M T: 0.01
c [intree] Set 0 vars hyper-added: 0 trans-irred: 0 trans-red: 0 T: 0.01 T-out: N T-r: -0.41%
c [find&init matx] performing matrix init
c [gauss] XOR-encoding clauses are not detached, so no need to reattach them.
c [xor-rem-unconnected] left with 306 xors from 306 non-empty xors T: 0.00
c [xor-together] xored together: 249 orig xors: 306 new xors: 57 T: 0.00
c [xor-rem-unconnected] left with 57 xors from 57 non-empty xors T: 0.00
c [xor-clean-equiv] removed equivalent xors: 0 left with: 57
c [matrix] unused xors from cleaning: 0
c [matrix] Good   matrix 0 57      x115    density:0.1803  xorlen avg: 20.74
c [matrix] Using 1 matrices recovered from 0 xors T: 0.00 T-out: N
c rst  luby svd  vmt  1806  1245K 3198      25K  3088 6.71    6.20     3702   343   41K   251 34.58   34.40  
c rst  luby svd  vmt  1807  1245K 3198      25K  3088 6.71    6.20     3704   387   22K   251 33.93   33.64  
c rst  luby svd  vmt  1808  1245K 3198      25K  3088 6.71    6.20     3704   388   22K   251 33.97   33.67  
c rst  luby svd  vmt  1809  1245K 3198      25K  3088 6.71    6.20     3704   388   23K   251 34.01   33.71  
c rst  luby svd  vmt  1810  1245K 3198      25K  3088 6.71    6.20     3704   388   23K   251 34.02   33.73  
c rst  luby svd  vmt  1811  1245K 3198      25K  3088 6.71    6.20     3704   390   23K   251 34.08   33.79  
c rst  luby svd  vmt  1812  1246K 3198      25K  3088 6.71    6.20     3705   396   23K   251 34.24   33.95  
c rst  luby svd  vmt  1813  1246K 3198      25K  3088 6.71    6.20     3705   396   23K   251 34.29   34.00  
c rst  luby svd  vmt  1814  1246K 3198      25K  3088 6.71    6.20     3705   396   23K   251 34.31   34.02  
c rst  luby svd  vmt  1815  1246K 3198      25K  3088 6.71    6.20     3705   396   24K   251 34.35   34.06  
c rst  luby svd  vmt  1816  1246K 3198      25K  3088 6.71    6.20     3705   396   24K   251 34.37   34.08  
c rst  luby svd  vmt  1817  1246K 3198      25K  3088 6.71    6.20     3705   396   24K   251 34.41   34.13  
c rst  luby svd  vmt  1818  1246K 3198      25K  3088 6.71    6.20     3705   398   24K   251 34.44   34.15  
c rst  luby svd  vmt  1819  1247K 3198      25K  3088 6.71    6.20     3705   406   24K   251 34.49   34.21  
c rst  luby svd  vmt  1820  1248K 3198      25K  3088 6.71    6.20     3705   407   25K   251 34.64   34.37  
c rst  geom best vmt  1821  1248K 3198      25K  3088 6.71    6.20     3705   407   25K   251 34.61   34.34  
c rst  geom best vmt  1822  1248K 3198      25K  3088 6.71    6.20     3705   407   26K   251 34.59   34.32  
c rst  geom best vmt  1823  1248K 3198      25K  3088 6.71    6.20     3705   408   26K   251 34.58   34.31  
c rst  geom best vmt  1824  1248K 3198      25K  3088 6.71    6.20     3705   410   26K   251 34.54   34.27  
c rst  geom best vmt  1825  1248K 3198      25K  3088 6.71    6.20     3705   410   26K   251 34.53   34.27  
c rst  geom best vmt  1826  1248K 3198      25K  3088 6.71    6.20     3705   411   26K   251 34.50   34.23  
c rst  geom best vmt  1827  1249K 3198      25K  3088 6.71    6.20     3705   411   26K   251 34.51   34.24  
c rst  geom best vmt  1828  1249K 3198      25K  3088 6.71    6.20     3705   411   27K   251 34.48   34.22  
c rst  geom best vmt  1829  1249K 3198      25K  3088 6.71    6.20     3705   412   27K   251 34.47   34.21  
c rst  geom best vmt  1830  1249K 3198      25K  3088 6.71    6.20     3705   413   27K   251 34.45   34.19  
c rst  geom best vmt  1831  1250K 3198      25K  3088 6.71    6.20     3756   344   27K   251 34.40   34.14  
c rst  geom best vmt  1832  1250K 3198      25K  3088 6.71    6.20     3756   344   28K   251 34.32   34.07  
c rst  geom best vmt  1833  1250K 3198      25K  3088 6.71    6.20     3756   344   28K   251 34.44   34.19  
c rst  geom best vmt  1834  1251K 3198      25K  3088 6.71    6.20     3757   360   28K   251 34.40   34.15  
c rst  geom best vmt  1835  1251K 3198      25K  3088 6.71    6.20     3757   362   29K   251 34.46   34.22  
c rst  geom best vmt  1836  1252K 3198      25K  3088 6.71    6.20     3757   362   29K   251 34.41   34.17  
c rst  geom best vmt  1837  1252K 3198      25K  3088 6.71    6.20     3757   363   30K   251 34.43   34.20  
c [distill-bin] useful: 0/3088/3088 lits-rem: 0 cl-rem: 0 0-depth-assigns: 0 T: 0.01 T-out: N
c rst  geom best vmt  1838  1253K 3198      25K  3088 6.71    6.20     3757   365   30K   251 34.38   34.15  
c rst  geom best vmt  1839  1253K 3198      25K  3088 6.71    6.20     3758   365   31K   251 34.40   34.17  
c rst  geom best vmt  1840  1254K 3198      25K  3088 6.71    6.20     3758   369   31K   251 34.34   34.12  
c rst  geom best vmt  1841  1255K 3198      25K  3088 6.71    6.20     3758   369   32K   251 34.25   34.04  
c rst  geom best vmt  1842  1255K 3198      25K  3088 6.71    6.20     3760   375   33K   251 34.22   34.01  
c rst  geom best vmt  1843  1256K 3198      25K  3088 6.71    6.20     3760   375   34K   251 34.31   34.10  
c rst  geom best vmt  1844  1257K 3198      25K  3088 6.71    6.20     3760   381   35K   251 34.39   34.18  
c [distill-long-red0] cls tried: 17/17 T: 0.00 T-out: N T-r: 99.97%
c [distill-long-red1] cls tried: 104/104 T: 0.01 T-out: N T-r: 43.62%
c rst  geom best vmt  1845  1258K 3198      25K  3088 6.71    6.20     3761   393   36K   251 34.44   34.24  
c rst  geom best vmt  1846  1259K 3198      25K  3088 6.71    6.20     3762   396   37K   251 34.43   34.23  
c rst  geom best vmt  1847  1261K 3198      25K  3088 6.71    6.20     3807   407   29K   251 33.70   33.46  
c rst  geom best vmt  1848  1262K 3198      25K  3088 6.71    6.20     3807   410   30K   251 33.56   33.33  
c [full-probe]  bin_only: 0 set: 0 repl: 0 T: 0.01 T-out: N T-r: 98.56%
c rst  geom best vmt  1849  1264K 3198      25K  3088 6.71    6.20     3807   413   32K   251 33.42   33.20  
c [distill] watch-based irred--  cl tried 34802    cl-sh 0     cl-rem 0    lit-rem 0      T: 0.04 T-out: N
c [distill] watch-based red  --  cl tried 7614     cl-sh 0     cl-rem 0    lit-rem 0      T: 0.01 T-out: N
c [impl-str] lit bin: 0 set-var: 0 T: 0.00 T-out: N T-r: 99.96% w-visit: 6404
c [impl-sub] bin: 0 T: 0.00 T-out: N w-visit: 6404
c rst  geom best vmt  1850  1265K 3198      25K  3088 6.71    6.20     3807   417   34K   251 33.17   32.96  
c rst  geom stb  vmt  1851  1267K 3198      25K  3088 6.71    6.20     3807   422   35K   251 33.69   33.49  
c [ccnr] tries: 0 steps: 262143 best found: 5
c [ccnr] saving best assignment phase to stable_polar
c [ccnr] bumping based on clause weights
c [ccnr] Bumped vars: 101 bump type: 6
c [ccnr] time: 0.33
c rst  geom stb  vmt  1852  1269K 3198      25K  3088 6.71    6.20     3807   460   37K   251 34.17   33.98  
c rst  geom stb  vmt  1853  1271K 3198      25K  3088 6.71    6.20     3856   429   40K   251 34.70   34.52  
c rst  geom stb  vmt  1854  1274K 3198      25K  3088 6.71    6.20     3858   477   42K   251 34.86   34.68  
c [distill-long-red0] cls tried: 42/42 T: 0.00 T-out: N T-r: 99.94%
c [distill-long-red1] cls tried: 174/174 T: 0.02 T-out: N T-r: 2.75%
c [distill-bin] useful: 0/3088/3088 lits-rem: 0 cl-rem: 0 0-depth-assigns: 0 T: 0.01 T-out: N
c rst  geom stb  vmt  1855  1277K 3198      25K  3088 6.71    6.20     3883   671   30K   251 32.62   32.40  
c rst  geom stb  vmt  1856  1280K 3198      25K  3088 6.71    6.20     3989   581   33K   251 33.52   33.31  
c rst  geom stb  vmt  1857  1283K 3198      25K  3088 6.71    6.20     3990   619   36K   251 34.29   34.10  
c [full-probe]  bin_only: 1 set: 0 repl: 0 T: 0.01 T-out: N T-r: 99.83%
c rst  geom stb  vmt  1858  1287K 3198      25K  3088 6.71    6.20     3993   639   40K   251 35.01   34.83  
c rst  geom ibes vmt  1859  1291K 3198      25K  3088 6.71    6.20     4076   666   24K   251 36.05   35.76  
c [distill-long-red0] cls tried: 106/106 T: 0.01 T-out: N T-r: 99.88%
c [distill-long-red1] cls tried: 161/307 T: 0.02 T-out: Y T-r: -0.27%
c [distill] watch-based irred--  cl tried 34802    cl-sh 0     cl-rem 0    lit-rem 0      T: 0.05 T-out: N
c [distill] watch-based red  --  cl tried 8152     cl-sh 3     cl-rem 0    lit-rem 3      T: 0.01 T-out: N
c rst  geom ibes vmt  1860  1295K 3198      25K  3088 6.71    6.20     4085   708   28K   251 36.32   36.07  
c [distill-bin] useful: 0/3088/3088 lits-rem: 0 cl-rem: 0 0-depth-assigns: 0 T: 0.01 T-out: N
c rst  geom ibes vmt  1861  1300K 3198      25K  3088 6.71    6.20     4142   620   33K   251 36.72   36.49  
c rst  geom ibes vmt  1862  1305K 3198      25K  3088 6.71    6.20     4150   747   26K   251 34.85   34.59  
c [full-probe]  bin_only: 0 set: 0 repl: 0 T: 0.01 T-out: N T-r: 98.69%
c rst  geom svd  vmt  1863  1311K 3198      25K  3088 6.71    6.20     4216   679   32K   251 35.85   35.62  
c [distill-long-red0] cls tried: 104/104 T: 0.01 T-out: N T-r: 99.86%
c [distill-long-red1] cls tried: 149/268 T: 0.02 T-out: Y T-r: -1.30%
c [gauss] XOR-encoding clauses are not detached, so no need to reattach them.
c [g 0] truth-find prop checks  : 1448K
c [g 0] -> of which prop        : 49.64 %
c [g 0] -> of which confl       :  1.18 %
c [g 0] elim called             : 122K
c [g 0] ---> which lead to prop : 196.98 %
c [g 0] ---> which lead to confl:  6.78 %
c [g 0] size: 57    x 115  
c [scc] new: 0 BP 0M T: 0.00
c [vrep] vars 0 lits 0 rem-bin-cls 0 rem-long-cls 0 BP 0M T: 0.00
c [intree] Set 0 vars hyper-added: 0 trans-irred: 0 trans-red: 0 T: 0.01 T-out: N T-r: -0.70%
c [find&init matx] performing matrix init
c [gauss] XOR-encoding clauses are not detached, so no need to reattach them.
c [xor-rem-unconnected] left with 306 xors from 306 non-empty xors T: 0.00
c [xor-together] xored together: 249 orig xors: 306 new xors: 57 T: 0.00
c [xor-rem-unconnected] left with 57 xors from 57 non-empty xors T: 0.00
c [xor-clean-equiv] removed equivalent xors: 0 left with: 57
c [matrix] unused xors from cleaning: 0
c [matrix] Good   matrix 0 57      x115    density:0.1803  xorlen avg: 20.74
c [matrix] Using 1 matrices recovered from 0 xors T: 0.00 T-out: N
c rst  geom svd  vmt  1864  1314K 3198      25K  3088 6.71    6.20     4216   684   34K   251 36.25   36.04  
c recursive minimization cost OK: 2633Kcost/(% lits removed)
c [gauss] XOR-encoding clauses are not detached, so no need to reattach them.
c [g 0] truth-find prop checks  : 46K
c [g 0] -> of which prop        : 41.19 %
c [g 0] -> of which confl       :  1.67 %
c [g 0] elim called             : 5171
c [g 0] ---> which lead to prop : 224.02 %
c [g 0] ---> which lead to confl:  8.03 %
c [g 0] size: 57    x 115  
c --> Executing strategy token: scc-vrepl
c [scc] new: 0 BP 0M T: 0.00
c --> Executing strategy token: sub-impl
c [impl-sub] bin: 0 T: 0.00 T-out: N w-visit: 6404
c --> Executing strategy token: breakid
c --> Executing OCC strategy token(s): 'occ-backw-sub-str,occ-clean-implicit,occ-bve,occ-bva,occ-ternary-res,occ-xor,'
c [occ] mem usage for occur 2      MB
c [occ] Linked in IRRED BIN by default: 3088
c [occ] Linked in RED   BIN by default: 251
c [occ] mem usage for occur 0      MB
c Mem for watch alloc      : 13          MB (24.84     %)
c Mem for watch array      : 0           MB (0.26      %)
c --> Executing OCC strategy token: occ-backw-sub-str
c [occ-backw-sub-str-long-w-bins] subs: 0 str: 0 tried: 94017 0-depth ass: 0 T: 0.00 T-out: N T-r: 99.41%
c [occ-backw-sub-long-w-long] rem cl: 107 tried: 64931/64931 (100.0%) T: 0.02 T-out: N T-r: 97.16%
c [occ-backw-sub-str-long-w-long] sub: 12 str: 88 tried: 194793/64931 (300.0)  T: 0.10 T-out: N T-r: 89.95%
c --> Executing OCC strategy token: occ-clean-implicit
c --> Executing OCC strategy token: occ-bve
c [occ-empty-res] Empty resolvent elimed: 0 T: 0.00 T-out: N
c [occ-bve] turning off picosat-based irreg gate detection, added lits:  372K
c [occ-bve] iter v-elim 0
c cl_inc_rate=1.0, var_dec_rate=1.0 (grow=0)
c Reduced to 3198 vars, 28313 cls (grow=0)
c [occ-bve] iter v-elim 0
c cl_inc_rate=1.0, var_dec_rate=1.0 (grow=8)
c Reduced to 3198 vars, 28313 cls (grow=8)
c [occ-bve] iter v-elim 0
c cl_inc_rate=1.0, var_dec_rate=1.0 (grow=16)
c Reduced to 3198 vars, 28313 cls (grow=16)
c x n vars       : 3198
c #try to eliminate:  9594
c #var-elim        :     0
c #T-o: N
c #T-r: 99.99%
c #T  : 1.41
c [occur] 0.05 is overhead
c [occur] link-in T: 0.05 cleanup T: 0.00
c --> Executing OCC strategy token: occ-bva
c --> Executing OCC strategy token: occ-ternary-res
c [occ-ternary-res] Ternary res-tri: 0 res-bin: 0 sub: 0 str: 0 T: 0.00 T-out: N T-r: 99.88%
c --> Executing OCC strategy token: occ-xor
c [occ-xor] sort occur list T: 0.01
c [xor-clean-equiv] removed equivalent xors: 0 left with: 292
c [occ-xor] found    292 avg sz 5.5 min sz  4 max sz  6 T: 0.01 T-out: N T-r: 99.97%
c --> Executing strategy token: card-find
c --> Executing strategy token: cl-consolidate
c Not consolidating memory.
c --> Executing strategy token: scc-vrepl
c [scc] new: 0 BP 0M T: 0.00
c --> Executing strategy token: renumber
c --> Executing strategy token: bosphorus
c --> Executing strategy token: louvain-comms
c [consolidate] mini T: 0.00
c global_timeout_multiplier: 5.8462
c [branch] rebuilding order heap for all branchings. Current branching: vmtf
c [find&init matx] performing matrix init
c [gauss] XOR-encoding clauses are not detached, so no need to reattach them.
c [xor-rem-unconnected] left with 292 xors from 292 non-empty xors T: 0.00
c [xor-together] xored together: 228 orig xors: 292 new xors: 64 T: 0.00
c [xor-rem-unconnected] left with 64 xors from 64 non-empty xors T: 0.00
c [xor-clean-equiv] removed equivalent xors: 0 left with: 64
c [matrix] unused xors from cleaning: 0
c [matrix] Good   matrix  0     64 x  131  density:0.1362  xorlen avg: 17.84
c [matrix] Using 1 matrices recovered from 0 xors T: 0.00 T-out: N
c [ccnr] tries: 0 steps: 262143 best found: 2
c [ccnr] saving best assignment phase to stable_polar
c [ccnr] bumping based on var unsat frequency: conflict_ct
c [ccnr] Bumped vars: 3202 bump type: 6
c [ccnr] time: 0.32
c rst  geom  svd  vmt  1865 1317K    3198   25K  3088    6.71    6.20  4122   876   38K   251   36.77   36.57
c [distill-bin] useful: 0/3088/3088 lits-rem: 0 cl-rem: 0 0-depth-assigns: 0 T: 0.01 T-out: N
c [distill] watch-based irred--  cl tried    35634 cl-sh     0 cl-rem    0 lit-rem      0 T: 0.05 T-out: N
c [distill] watch-based   red--  cl tried     8244 cl-sh     0 cl-rem    0 lit-rem      0 T: 0.01 T-out: N
c rst  geom  svd  vmt  1866 1324K    3198   25K  3088    6.71    6.20  4208   938   27K   251   36.01   35.75
c [impl-str] lit bin: 0 set-var: 0 T: 0.00 T-out: N T-r: 99.97% w-visit: 6404
c [impl-sub] bin: 0 T: 0.00 T-out: N w-visit: 6404
c rst  geom best  vmt  1867 1332K    3198   25K  3088    6.71    6.20  4255   934   35K   251   35.87   35.66
c [distill-long-red0] cls tried: 135/135 T: 0.01 T-out: N T-r: 99.88%
c [distill-long-red1] cls tried: 245/451 T: 0.02 T-out: Y T-r: -0.70%
c [full-probe]  bin_only: 1 set: 0 repl: 0 T: 0.01 T-out: N T-r: 99.87%
c rst  geom best  vmt  1868 1341K    3198   25K  3088    6.71    6.20  4316   999   28K   251   34.72   34.48
c [distill-bin] useful: 0/3088/3088 lits-rem: 0 cl-rem: 0 0-depth-assigns: 0 T: 0.01 T-out: N
c rst  geom best  vmt  1869 1350K    3198   25K  3088    6.71    6.20  4362   992   27K   251   31.80   31.57
c [branch] adjusting to: vsid (from: vmtf) var_decay:0.95 descr: VSIDS
c [distill-long-red0] cls tried: 87/87 T: 0.00 T-out: N T-r: 99.92%
c [distill-long-red1] cls tried: 170/450 T: 0.02 T-out: Y T-r: -0.35%
c [distill] watch-based irred--  cl tried    34333 cl-sh     0 cl-rem    0 lit-rem      0 T: 0.05 T-out: Y
c [distill] watch-based   red--  cl tried     8724 cl-sh     1 cl-rem    0 lit-rem      1 T: 0.01 T-out: N
c rst  geom  stb   vs  1870 1350K    3198   25K  3088    6.71    6.20  4362   992   27K   251   31.81   31.58
c rst  geom  stb   vs  1871 1350K    3198   25K  3088    6.71    6.20  4362   992   27K   251   31.85   31.62
c rst  geom  stb   vs  1872 1351K    3198   25K  3088    6.71    6.20  4362   992   27K   251   31.86   31.64
c rst  geom  stb   vs  1873 1351K    3198   25K  3088    6.71    6.20  4362   992   27K   251   31.87   31.65
c rst  geom  stb   vs  1874 1351K    3198   25K  3088    6.71    6.20  4362   992   27K   251   31.88   31.66
c rst  geom  stb   vs  1875 1351K    3198   25K  3088    6.71    6.20  4362   992   27K   251   31.90   31.68
c rst  geom  stb   vs  1876 1351K    3198   25K  3088    6.71    6.20  4362   992   28K   251   31.93   31.71
c rst  geom  stb   vs  1877 1351K    3198   25K  3088    6.71    6.20  4362   993   28K   251   31.96   31.74
c rst  geom  stb   vs  1878 1352K    3198   25K  3088    6.71    6.20  4362   994   28K   251   32.00   31.78
c rst  geom  stb   vs  1879 1352K    3198   25K  3088    6.71    6.20  4362   994   28K   251   32.04   31.82
c rst  geom  stb   vs  1880 1352K    3198   25K  3088    6.71    6.20  4362   994   29K   251   32.07   31.85
c rst  geom  stb   vs  1881 1353K    3198   25K  3088    6.71    6.20  4362   995   29K   251   32.07   31.85
c [full-probe]  bin_only: 0 set: 0 repl: 0 T: 0.01 T-out: N T-r: 98.53%
c rst  geom  stb   vs  1882 1353K    3198   25K  3088    6.71    6.20  4362   995   29K   251   32.07   31.85
c rst  geom  stb   vs  1883 1353K    3198   25K  3088    6.71    6.20  4362   995   30K   251   32.09   31.88
c rst  geom  stb   vs  1884 1354K    3198   25K  3088    6.71    6.20  4362   995   30K   251   32.11   31.90
c rst  geom  stb   vs  1885 1354K    3198   25K  3088    6.71    6.20  4362   996   31K   251   32.17   31.97
c rst  geom  stb   vs  1886 1355K    3198   25K  3088    6.71    6.20  4362   996   31K   251   32.25   32.04
c rst  geom  stb   vs  1887 1355K    3198   25K  3088    6.71    6.20  4362   996   32K   251   32.32   32.11
c rst  geom  stb   vs  1888 1356K    3198   25K  3088    6.71    6.20  4362   996   32K   251   32.39   32.19
c rst  geom  stb   vs  1889 1356K    3198   25K  3088    6.71    6.20  4362   996   33K   251   32.42   32.22
c rst  geom  stb   vs  1890 1357K    3198   25K  3088    6.71    6.20  4362   996   34K   251   32.47   32.28
c rst  geom  stb   vs  1891 1358K    3198   25K  3088    6.71    6.20  4362   996   34K   251   32.60   32.41
c [ccnr] tries: 0 steps: 262143 best found: 2
c [ccnr] saving best assignment phase to stable_polar
c [ccnr] bumping based on var unsat frequency: conflict_ct
c [ccnr] Bumped vars: 3202 bump type: 6
c [ccnr] time: 0.32
c rst  geom  stb   vs  1892 1359K    3198   25K  3088    6.71    6.20  4363   999   35K   251   32.79   32.60
c rst  geom  stb   vs  1893 1360K    3198   25K  3088    6.71    6.20  4405   860   36K   251   32.96   32.77
c rst  geom  stb   vs  1894 1361K    3198   25K  3088    6.71    6.20  4405   860   37K   251   33.10   32.92
c [distill-bin] useful: 0/3088/3088 lits-rem: 0 cl-rem: 0 0-depth-assigns: 0 T: 0.01 T-out: N
c rst  geom  stb   vs  1895 1362K    3198   25K  3088    6.71    6.20  4405   861   38K   251   33.29   33.11
c rst  geom  stb   vs  1896 1363K    3198   25K  3088    6.71    6.20  4405   861   40K   251   33.47   33.29
c rst  geom  stb   vs  1897 1365K    3198   25K  3088    6.71    6.20  4412   894   22K   251   30.79   30.53
c rst  geom  stb   vs  1898 1366K    3198   25K  3088    6.71    6.20  4412   894   24K   251   31.17   30.92
c [distill-long-red0] cls tried: 33/33 T: 0.00 T-out: N T-r: 99.97%
c [distill-long-red1] cls tried: 281/281 T: 0.02 T-out: N T-r: 13.15%
c rst  geom  stb   vs  1899 1368K    3198   25K  3088    6.71    6.20  4412   896   25K   251   31.54   31.30
c rst  geom  stb   vs  1900 1370K    3198   25K  3088    6.71    6.20  4438   773   27K   251   31.96   31.73
c rst  geom ibes   vs  1901 1372K    3198   25K  3088    6.71    6.20  4438   776   29K   251   31.97   31.76
c rst  geom ibes   vs  1902 1374K    3198   25K  3088    6.71    6.20  4438   779   32K   251   31.86   31.66
c [full-probe]  bin_only: 1 set: 0 repl: 0 T: 0.01 T-out: N T-r: 99.80%
c rst  geom ibes   vs  1903 1377K    3198   25K  3088    6.71    6.20  4438   785   34K   251   31.79   31.60
c [distill] watch-based irred--  cl tried    35634 cl-sh     0 cl-rem    0 lit-rem      0 T: 0.05 T-out: N
c [distill] watch-based   red--  cl tried     8876 cl-sh     1 cl-rem    0 lit-rem      1 T: 0.01 T-out: N
c [gauss] XOR-encoding clauses are not detached, so no need to reattach them.
c [g 0] truth-find prop checks  : 1297K
c [g 0] -> of which prop        : 34.87 %
c [g 0] -> of which confl       :  1.19 %
c [g 0] elim called             : 161K
c [g 0] ---> which lead to prop : 169.63 %
c [g 0] ---> which lead to confl:  5.91 %
c [g 0] size: 64    x 131  
c [scc] new: 0 BP 0M T: 0.00
c [vrep] vars 0 lits 0 rem-bin-cls 0 rem-long-cls 0 BP 0M T: 0.01
c [intree] Set 0 vars hyper-added: 0 trans-irred: 0 trans-red: 0 T: 0.01 T-out: N T-r: -0.54%
c [find&init matx] performing matrix init
c [gauss] XOR-encoding clauses are not detached, so no need to reattach them.
c [xor-rem-unconnected] left with 292 xors from 292 non-empty xors T: 0.00
c [xor-together] xored together: 228 orig xors: 292 new xors: 64 T: 0.00
c [xor-rem-unconnected] left with 64 xors from 64 non-empty xors T: 0.00
c [xor-clean-equiv] removed equivalent xors: 0 left with: 64
c [matrix] unused xors from cleaning: 0
c [matrix] Good   matrix 0 64      x131    density:0.1362  xorlen avg: 17.84
c [matrix] Using 1 matrices recovered from 0 xors T: 0.00 T-out: N
c rst  geom ibes vs   1904  1379K 3198      25K  3088 6.71    6.20     4439   789   37K   251 31.89   31.72  
c rst  geom ibes vs   1905  1382K 3198      25K  3088 6.71    6.20     4479   769   27K   251 31.02   30.80  
c [distill-long-red0] cls tried: 15/15 T: 0.00 T-out: N T-r: 99.99%
c [distill-long-red1] cls tried: 80/80 T: 0.00 T-out: N T-r: 77.03%
c [distill-bin] useful: 0/3088/3088 lits-rem: 0 cl-rem: 0 0-depth-assigns: 0 T: 0.01 T-out: N
c rst  geom ibes vs   1906  1386K 3198      25K  3088 6.71    6.20     4481   811   31K   251 31.28   31.08  
c [impl-str] lit bin: 0 set-var: 0 T: 0.00 T-out: N T-r: 99.97% w-visit: 6404
c [impl-sub] bin: 0 T: 0.00 T-out: N w-visit: 6404
c rst  geom ibes vs   1907  1389K 3198      25K  3088 6.71    6.20     4481   816   34K   251 32.06   31.87  
c rst  geom svd  vs   1908  1393K 3198      25K  3088 6.71    6.20     4544   545   38K   251 31.91   31.74  
c rst  geom svd  vs   1909  1398K 3198      25K  3088 6.71    6.20     4563   665   29K   251 29.38   29.18  
c [distill-long-red0] cls tried: 20/20 T: 0.00 T-out: N T-r: 99.97%
c [distill-long-red1] cls tried: 143/143 T: 0.01 T-out: N T-r: 34.93%
c [full-probe]  bin_only: 0 set: 0 repl: 0 T: 0.01 T-out: N T-r: 98.76%
c rst  geom svd  vs   1910  1402K 3198      25K  3088 6.71    6.20     4588   598   33K   251 29.57   29.39  
c [distill-bin] useful: 0/3088/3088 lits-rem: 0 cl-rem: 0 0-depth-assigns: 0 T: 0.01 T-out: N
c [distill] watch-based irred--  cl tried 34290    cl-sh 0     cl-rem 0    lit-rem 0      T: 0.05 T-out: Y
c [distill] watch-based red  --  cl tried 9176     cl-sh 1     cl-rem 0    lit-rem 1      T: 0.01 T-out: N
c [ccnr] tries: 0 steps: 262143 best found: 4
c [ccnr] saving best assignment phase to stable_polar
c [ccnr] bumping based on clause weights
c [ccnr] Bumped vars: 106 bump type: 6
c [ccnr] time: 0.33
c rst  geom svd  vs   1911  1408K 3198      25K  3088 6.71    6.20     4588   605   39K   251 29.87   29.72  
c rst  geom svd  vs   1912  1414K 3198      25K  3088 6.71    6.20     4606   522   33K   251 29.48   29.30  
c [distill-long-red0] cls tried: 11/11 T: 0.00 T-out: N T-r: 99.99%
c [distill-long-red1] cls tried: 26/26 T: 0.00 T-out: N T-r: 93.37%
c rst  geom best vs   1913  1420K 3198      25K  3088 6.71    6.20     4630   421   39K   251 29.39   29.24  
c [full-probe]  bin_only: 1 set: 0 repl: 0 T: 0.01 T-out: N T-r: 99.75%
c rst  geom best vs   1914  1427K 3198      25K  3088 6.71    6.20     4638   446   34K   251 28.09   27.92  
c [distill-bin] useful: 0/3088/3088 lits-rem: 0 cl-rem: 0 0-depth-assigns: 0 T: 0.01 T-out: N
c rst  geom best vs   1915  1435K 3198      25K  3088 6.71    6.20     4648   399   41K   251 28.69   28.55  
c [distill-long-red0] cls tried: 9/9 T: 0.00 T-out: N T-r: 99.99%
c [distill-long-red1] cls tried: 35/35 T: 0.00 T-out: N T-r: 83.80%
c [distill] watch-based irred--  cl tried 33847    cl-sh 0     cl-rem 0    lit-rem 0      T: 0.05 T-out: Y
c [distill] watch-based red  --  cl tried 9296     cl-sh 0     cl-rem 0    lit-rem 0      T: 0.01 T-out: N
c rst  geom stb  vs   1916  1443K 3198      25K  3088 6.71    6.20     4664   402   33K   251 29.45   29.28  
c [full-probe]  bin_only: 0 set: 0 repl: 0 T: 0.01 T-out: N T-r: 98.69%
c [gauss] XOR-encoding clauses are not detached, so no need to reattach them.
c [g 0] truth-find prop checks  : 1597K
c [g 0] -> of which prop        : 33.79 %
c [g 0] -> of which confl       :  1.05 %
c [g 0] elim called             : 167K
c [g 0] ---> which lead to prop : 169.33 %
c [g 0] ---> which lead to confl:  5.90 %
c [g 0] size: 64    x 131  
c [scc] new: 0 BP 0M T: 0.00
c [vrep] vars 0 lits 0 rem-bin-cls 0 rem-long-cls 0 BP 0M T: 0.00
c [intree] Set 0 vars hyper-added: 0 trans-irred: 0 trans-red: 0 T: 0.01 T-out: N T-r: -0.43%
c [find&init matx] performing matrix init
c [gauss] XOR-encoding clauses are not detached, so no need to reattach them.
c [xor-rem-unconnected] left with 292 xors from 292 non-empty xors T: 0.00
c [xor-together] xored together: 228 orig xors: 292 new xors: 64 T: 0.00
c [xor-rem-unconnected] left with 64 xors from 64 non-empty xors T: 0.00
c [xor-clean-equiv] removed equivalent xors: 0 left with: 64
c [matrix] unused xors from cleaning: 0
c [matrix] Good   matrix 0 64      x131    density:0.1362  xorlen avg: 17.84
c [matrix] Using 1 matrices recovered from 0 xors T: 0.00 T-out: N
c rst  geom stb  vs   1917  1453K 3198      25K  3088 6.71    6.20     4679   371   43K   251 30.51   30.36  
c [distill-long-red0] cls tried: 14/14 T: 0.00 T-out: N T-r: 99.98%
c [distill-long-red1] cls tried: 32/32 T: 0.00 T-out: N T-r: 88.93%
c [distill-bin] useful: 0/3088/3088 lits-rem: 0 cl-rem: 0 0-depth-assigns: 0 T: 0.01 T-out: N
c [impl-str] lit bin: 0 set-var: 0 T: 0.00 T-out: N T-r: 99.96% w-visit: 6404
c [impl-sub] bin: 0 T: 0.00 T-out: N w-visit: 6404
c [ccnr] tries: 0 steps: 262143 best found: 2
c [ccnr] saving best assignment phase to stable_polar
c [ccnr] bumping based on var unsat frequency: conflict_ct
c [ccnr] Bumped vars: 3202 bump type: 6
c [ccnr] time: 0.32
c rst  geom stb  vs   1918  1463K 3198      25K  3088 6.71    6.20     4700   230   32K   251 32.68   32.47  
c [distill] watch-based irred--  cl tried 35634    cl-sh 0     cl-rem 0    lit-rem 0      T: 0.05 T-out: N
c [distill] watch-based red  --  cl tried 9400     cl-sh 0     cl-rem 0    lit-rem 0      T: 0.01 T-out: N
c rst  geom ibes vs   1919  1474K 3198      25K  3088 6.71    6.20     4722   246   29K   251 30.48   30.27  
c [distill-long-red0] cls tried: 11/11 T: 0.00 T-out: N T-r: 99.99%
c [distill-long-red1] cls tried: 68/68 T: 0.01 T-out: N T-r: 70.24%
c [full-probe]  bin_only: 1 set: 0 repl: 0 T: 0.00 T-out: N T-r: 99.90%
c [distill-bin] useful: 0/3088/3088 lits-rem: 0 cl-rem: 0 0-depth-assigns: 0 T: 0.01 T-out: N
c rst  geom ibes vs   1920  1487K 3198      25K  3088 6.71    6.20     4730   253   33K   251 29.11   28.93  
c rst  geom svd  vs   1921  1501K 3198      25K  3088 6.71    6.20     4747   237   26K   251 29.14   28.93  
c [branch] adjusting to: vmtf (from: vsid) var_decay:0.95 descr: VMTF
c [distill-long-red0] cls tried: 4/4 T: 0.00 T-out: N T-r: 99.99%
c [distill-long-red1] cls tried: 61/61 T: 0.00 T-out: N T-r: 76.60%
c [full-probe]  bin_only: 0 set: 0 repl: 0 T: 0.01 T-out: N T-r: 99.04%
c [distill-bin] useful: 0/3088/3088 lits-rem: 0 cl-rem: 0 0-depth-assigns: 0 T: 0.01 T-out: N
c [distill] watch-based irred--  cl tried 33161    cl-sh 0     cl-rem 0    lit-rem 0      T: 0.05 T-out: Y
c [distill] watch-based red  --  cl tried 9494     cl-sh 0     cl-rem 0    lit-rem 0      T: 0.01 T-out: N
c [ccnr] tries: 0 steps: 262143 best found: 2
c [ccnr] saving best assignment phase to stable_polar
c [ccnr] bumping based on var unsat frequency: conflict_ct
c [ccnr] Bumped vars: 3202 bump type: 6
c [ccnr] time: 0.32
c rst  luby svd  vmt  1922  1501K 3198      25K  3088 6.71    6.20     4747   248   26K   251 29.11   28.90  
c rst  luby svd  vmt  1923  1501K 3198      25K  3088 6.71    6.20     4747   249   26K   251 29.16   28.94  
c rst  luby svd  vmt  1924  1501K 3198      25K  3088 6.71    6.20     4749   258   26K   251 29.23   29.01  
c rst  luby svd  vmt  1925  1501K 3198      25K  3088 6.71    6.20     4749   258   26K   251 29.27   29.06  
c rst  luby svd  vmt  1926  1501K 3198      25K  3088 6.71    6.20     4749   258   26K   251 29.31   29.10  
c rst  luby svd  vmt  1927  1501K 3198      25K  3088 6.71    6.20     4749   263   26K   251 29.39   29.18  
c rst  luby svd  vmt  1928  1502K 3198      25K  3088 6.71    6.20     4749   268   27K   251 29.52   29.31  
c rst  luby svd  vmt  1929  1502K 3198      25K  3088 6.71    6.20     4749   268   27K   251 29.55   29.33  
c rst  luby svd  vmt  1930  1502K 3198      25K  3088 6.71    6.20     4749   269   27K   251 29.57   29.35  
c rst  luby svd  vmt  1931  1502K 3198      25K  3088 6.71    6.20     4749   271   27K   251 29.61   29.40  
c rst  luby svd  vmt  1932  1502K 3198      25K  3088 6.71    6.20     4749   271   27K   251 29.65   29.44  
c rst  luby svd  vmt  1933  1502K 3198      25K  3088 6.71    6.20     4749   271   27K   251 29.67   29.46  
c rst  luby svd  vmt  1934  1503K 3198      25K  3088 6.71    6.20     4750   272   28K   251 29.74   29.53  
c rst  luby svd  vmt  1935  1503K 3198      25K  3088 6.71    6.20     4750   272   28K   251 29.91   29.70  
c rst  luby svd  vmt  1936  1504K 3198      25K  3088 6.71    6.20     4751   294   29K   252 30.13   29.92  
c rst  luby svd  vmt  1937  1504K 3198      25K  3088 6.71    6.20     4751   297   29K   252 30.14   29.93  
c rst  luby svd  vmt  1938  1504K 3198      25K  3088 6.71    6.20     4751   298   29K   252 30.18   29.98  
c rst  luby svd  vmt  1939  1504K 3198      25K  3088 6.71    6.20     4751   298   29K   252 30.25   30.04  
c rst  luby svd  vmt  1940  1504K 3198      25K  3088 6.71    6.20     4751   298   29K   252 30.29   30.09  
c rst  luby svd  vmt  1941  1504K 3198      25K  3088 6.71    6.20     4751   299   29K   252 30.32   30.12  
c rst  luby svd  vmt  1942  1505K 3198      25K  3088 6.71    6.20     4751   300   30K   252 30.39   30.19  
c rst  luby svd  vmt  1943  1505K 3198      25K  3088 6.71    6.20     4751   302   30K   252 30.45   30.25  
c rst  luby svd  vmt  1944  1505K 3198      25K  3088 6.71    6.20     4751   302   30K   252 30.48   30.28  
c rst  luby svd  vmt  1945  1505K 3198      25K  3088 6.71    6.20     4751   302   30K   252 30.51   30.31  
c rst  luby svd  vmt  1946  1505K 3198      25K  3088 6.71    6.20     4751   302   30K   252 30.55   30.35  
c rst  luby svd  vmt  1947  1506K 3198      25K  3088 6.71    6.20     4751   302   30K   252 30.57   30.37  
c rst  luby svd  vmt  1948  1506K 3198      25K  3088 6.71    6.20     4751   302   31K   252 30.61   30.41  
c rst  luby svd  vmt  1949  1506K 3198      25K  3088 6.71    6.20     4751   302   31K   252 30.67   30.47  
c rst  luby svd  vmt  1950  1506K 3198      25K  3088 6.71    6.20     4751   302   31K   252 30.77   30.58  
c rst  luby svd  vmt  1951  1507K 3198      25K  3088 6.71    6.20     4751   304   32K   252 30.98   30.79  
c rst  geom best vmt  1952  1507K 3198      25K  3088 6.71    6.20     4751   304   32K   252 30.99   30.80  
c rst  geom best vmt  1953  1507K 3198      25K  3088 6.71    6.20     4751   306   32K   252 30.99   30.79  
c rst  geom best vmt  1954  1507K 3198      25K  3088 6.71    6.20     4751   307   32K   252 31.01   30.81  
c rst  geom best vmt  1955  1508K 3198      25K  3088 6.71    6.20     4751   310   32K   252 31.04   30.85  
c rst  geom best vmt  1956  1508K 3198      25K  3088 6.71    6.20     4752   316   33K   252 31.03   30.84  
c rst  geom best vmt  1957  1508K 3198      25K  3088 6.71    6.20     4752   317   33K   252 31.10   30.91  
c rst  geom best vmt  1958  1508K 3198      25K  3088 6.71    6.20     4752   317   33K   252 31.11   30.92  
c rst  geom best vmt  1959  1508K 3198      25K  3088 6.71    6.20     4752   317   33K   252 31.19   31.00  
c [gauss] XOR-encoding clauses are not detached, so no need to reattach them.
c [g 0] truth-find prop checks  : 1364K
c [g 0] -> of which prop        : 33.40 %
c [g 0] -> of which confl       :  1.09 %
c [g 0] elim called             : 158K
c [g 0] ---> which lead to prop : 178.26 %
c [g 0] ---> which lead to confl:  6.91 %
c [g 0] size: 64    x 131  
c [scc] new: 0 BP 0M T: 0.00
c [vrep] vars 0 lits 0 rem-bin-cls 0 rem-long-cls 0 BP 0M T: 0.01
c [intree] Set 0 vars hyper-added: 0 trans-irred: 0 trans-red: 0 T: 0.01 T-out: N T-r: -0.29%
c [find&init matx] performing matrix init
c [gauss] XOR-encoding clauses are not detached, so no need to reattach them.
c [xor-rem-unconnected] left with 292 xors from 292 non-empty xors T: 0.00
c [xor-together] xored together: 228 orig xors: 292 new xors: 64 T: 0.00
c [xor-rem-unconnected] left with 64 xors from 64 non-empty xors T: 0.00
c [xor-clean-equiv] removed equivalent xors: 0 left with: 64
c [matrix] unused xors from cleaning: 0
c [matrix] Good   matrix 0 64      x131    density:0.1362  xorlen avg: 17.84
c [matrix] Using 1 matrices recovered from 0 xors T: 0.00 T-out: N
c rst  geom best vmt  1960  1509K 3198      25K  3088 6.71    6.20     4752   317   33K   252 31.20   31.01  
c rst  geom best vmt  1961  1509K 3198      25K  3088 6.71    6.20     4752   319   34K   252 31.19   31.00  
c rst  geom best vmt  1962  1509K 3198      25K  3088 6.71    6.20     4757   325   34K   252 31.20   31.01  
c rst  geom best vmt  1963  1509K 3198      25K  3088 6.71    6.20     4757   326   34K   252 31.27   31.09  
c rst  geom best vmt  1964  1510K 3198      25K  3088 6.71    6.20     4810   265   35K   252 31.29   31.11  
c rst  geom best vmt  1965  1510K 3198      25K  3088 6.71    6.20     4810   266   35K   252 31.28   31.10  
c rst  geom best vmt  1966  1511K 3198      25K  3088 6.71    6.20     4810   266   35K   252 31.35   31.17  
c rst  geom best vmt  1967  1511K 3198      25K  3088 6.71    6.20     4810   267   36K   252 31.36   31.18  
c rst  geom best vmt  1968  1512K 3198      25K  3088 6.71    6.20     4810   270   36K   252 31.40   31.23  
c rst  geom best vmt  1969  1512K 3198      25K  3088 6.71    6.20     4810   271   37K   252 31.41   31.23  
c rst  geom best vmt  1970  1513K 3198      25K  3088 6.71    6.20     4811   306   37K   252 31.37   31.20  
c rst  geom best vmt  1971  1513K 3198      25K  3088 6.71    6.20     4811   314   38K   252 31.43   31.27  
c [impl-str] lit bin: 0 set-var: 0 T: 0.00 T-out: N T-r: 99.96% w-visit: 6404
c [impl-sub] bin: 1 T: 0.00 T-out: N w-visit: 6404
c rst  geom best vmt  1972  1514K 3198      25K  3088 6.71    6.20     4811   316   39K   251 31.57   31.40  
c rst  geom best vmt  1973  1515K 3198      25K  3088 6.71    6.20     4827   407   25K   251 32.05   31.81  
c rst  geom best vmt  1974  1516K 3198      25K  3088 6.71    6.20     4827   410   26K   251 32.08   31.84  
c [distill-long-red0] cls tried: 53/53 T: 0.00 T-out: N T-r: 99.94%
c [distill-long-red1] cls tried: 204/204 T: 0.01 T-out: N T-r: 24.68%
c rst  geom best vmt  1975  1517K 3198      25K  3088 6.71    6.20     4828   412   27K   251 32.15   31.92  
c rst  geom best vmt  1976  1518K 3198      25K  3088 6.71    6.20     4828   413   28K   251 32.35   32.13  
c rst  geom best vmt  1977  1519K 3198      25K  3088 6.71    6.20     4828   414   29K   251 32.37   32.15  
c rst  geom best vmt  1978  1520K 3198      25K  3088 6.71    6.20     4882   347   30K   251 32.69   32.47  
c rst  geom best vmt  1979  1522K 3198      25K  3088 6.71    6.20     4882   349   32K   251 32.73   32.53  
c [full-probe]  bin_only: 1 set: 0 repl: 0 T: 0.01 T-out: N T-r: 99.79%
c [distill-bin] useful: 0/3088/3088 lits-rem: 0 cl-rem: 0 0-depth-assigns: 0 T: 0.01 T-out: N
c rst  geom best vmt  1980  1523K 3198      25K  3088 6.71    6.20     4883   353   33K   251 33.00   32.81  
c rst  geom best vmt  1981  1525K 3198      25K  3088 6.71    6.20     4886   367   35K   251 33.42   33.22  
c rst  geom best vmt  1982  1527K 3198      25K  3088 6.71    6.20     4886   371   37K   251 33.51   33.32  
c [distill] watch-based irred--  cl tried 34065    cl-sh 0     cl-rem 0    lit-rem 0      T: 0.05 T-out: Y
c [distill] watch-based red  --  cl tried 9772     cl-sh 1     cl-rem 0    lit-rem 1      T: 0.01 T-out: N
c rst  geom best vmt  1983  1529K 3198      25K  3088 6.71    6.20     4886   374   39K   251 33.61   33.43  
c rst  geom stb  vmt  1984  1531K 3198      25K  3088 6.71    6.20     4925   384   31K   251 32.34   32.13  
c [distill-long-red0] cls tried: 28/28 T: 0.00 T-out: N T-r: 99.96%
c [distill-long-red1] cls tried: 76/76 T: 0.01 T-out: N T-r: 64.14%
c rst  geom stb  vmt  1985  1533K 3198      25K  3088 6.71    6.20     4925   389   33K   252 32.61   32.42  
c rst  geom stb  vmt  1986  1536K 3198      25K  3088 6.71    6.20     4925   397   36K   252 33.24   33.05  
c rst  geom stb  vmt  1987  1539K 3198      25K  3088 6.71    6.20     4926   406   39K   252 34.05   33.87  
c rst  geom stb  vmt  1988  1542K 3198      25K  3088 6.71    6.20     4954   373   42K   252 34.64   34.47  
c [full-probe]  bin_only: 0 set: 0 repl: 0 T: 0.01 T-out: N T-r: 98.47%
c [distill-bin] useful: 0/3088/3088 lits-rem: 0 cl-rem: 0 0-depth-assigns: 0 T: 0.01 T-out: N
c rst  geom stb  vmt  1989  1546K 3198      25K  3088 6.71    6.20     4957   416   26K   252 33.68   33.43  
c [distill-long-red0] cls tried: 16/16 T: 0.00 T-out: N T-r: 99.99%
c [distill-long-red1] cls tried: 63/63 T: 0.00 T-out: N T-r: 83.02%
c [ccnr] tries: 0 steps: 262143 best found: 2
c [ccnr] saving best assignment phase to stable_polar
c [ccnr] bumping based on clause weights
c [ccnr] Bumped vars: 102 bump type: 6
c [ccnr] time: 0.33
c rst  geom stb  vmt  1990  1550K 3198      25K  3088 6.71    6.20     5167   479   30K   252 33.68   33.46  
c rst  geom ibes vmt  1991  1554K 3198      25K  3088 6.71    6.20     5171   537   34K   252 33.94   33.74  
c [distill] watch-based irred--  cl tried 31565    cl-sh 0     cl-rem 0    lit-rem 0      T: 0.05 T-out: Y
c [distill] watch-based red  --  cl tried 10342    cl-sh 8     cl-rem 0    lit-rem 8      T: 0.01 T-out: N
c rst  geom ibes vmt  1992  1559K 3198      25K  3088 6.71    6.20     5174   549   39K   252 34.85   34.67  
c rst  geom ibes vmt  1993  1565K 3198      25K  3088 6.71    6.20     5277   712   30K   252 35.34   35.11  
c [distill-long-red0] cls tried: 268/268 T: 0.02 T-out: N T-r: 99.69%
c [distill-long-red1] cls tried: 179/373 T: 0.02 T-out: Y T-r: -0.90%
c [full-probe]  bin_only: 1 set: 0 repl: 0 T: 0.00 T-out: N T-r: 99.91%
c [distill-bin] useful: 0/3088/3088 lits-rem: 0 cl-rem: 0 0-depth-assigns: 0 T: 0.01 T-out: N
c rst  geom ibes vmt  1994  1570K 3198      25K  3088 6.71    6.20     5293   703   36K   252 35.57   35.37  
c rst  geom ibes vmt  1995  1577K 3198      25K  3088 6.71    6.20     5302   803   25K   252 32.82   32.58  
c [impl-str] lit bin: 0 set-var: 0 T: 0.00 T-out: N T-r: 99.97% w-visit: 6404
c [impl-sub] bin: 1 T: 0.00 T-out: N w-visit: 6404
c [gauss] XOR-encoding clauses are not detached, so no need to reattach them.
c [g 0] truth-find prop checks  : 1599K
c [g 0] -> of which prop        : 39.75 %
c [g 0] -> of which confl       :  1.17 %
c [g 0] elim called             : 154K
c [g 0] ---> which lead to prop : 192.04 %
c [g 0] ---> which lead to confl:  5.78 %
c [g 0] size: 64    x 131  
c [scc] new: 0 BP 0M T: 0.00
c [vrep] vars 0 lits 0 rem-bin-cls 0 rem-long-cls 0 BP 0M T: 0.00
c [intree] Set 0 vars hyper-added: 3 trans-irred: 0 trans-red: 0 T: 0.01 T-out: N T-r: -0.59%
c [find&init matx] performing matrix init
c [gauss] XOR-encoding clauses are not detached, so no need to reattach them.
c [xor-rem-unconnected] left with 292 xors from 292 non-empty xors T: 0.00
c [xor-together] xored together: 228 orig xors: 292 new xors: 64 T: 0.00
c [xor-rem-unconnected] left with 64 xors from 64 non-empty xors T: 0.00
c [xor-clean-equiv] removed equivalent xors: 0 left with: 64
c [matrix] unused xors from cleaning: 0
c [matrix] Good   matrix 0 64      x131    density:0.1362  xorlen avg: 17.84
c [matrix] Using 1 matrices recovered from 0 xors T: 0.00 T-out: N
c rst  geom svd  vmt  1996  1584K 3198      25K  3088 6.71    6.20     5325   745   32K   254 33.37   33.16  
c [distill-long-red0] cls tried: 39/39 T: 0.00 T-out: N T-r: 99.93%
c [distill-long-red1] cls tried: 137/322 T: 0.02 T-out: Y T-r: -1.37%
c [distill] watch-based irred--  cl tried 33421    cl-sh 0     cl-rem 0    lit-rem 0      T: 0.05 T-out: Y
c [distill] watch-based red  --  cl tried 10650    cl-sh 1     cl-rem 0    lit-rem 1      T: 0.02 T-out: N
c rst  geom svd  vmt  1997  1592K 3198      25K  3088 6.71    6.20     5352   748   26K   254 31.60   31.37  
c [full-probe]  bin_only: 0 set: 0 repl: 0 T: 0.01 T-out: N T-r: 98.77%
c [distill-bin] useful: 0/3088/3088 lits-rem: 0 cl-rem: 0 0-depth-assigns: 0 T: 0.01 T-out: N
c [ccnr] tries: 0 steps: 262143 best found: 4
c [ccnr] saving best assignment phase to stable_polar
c [ccnr] bumping based on var unsat frequency: conflict_ct
c [ccnr] Bumped vars: 3202 bump type: 6
c [ccnr] time: 0.32
c rst  geom svd  vmt  1998  1600K 3198      25K  3088 6.71    6.20     5443   781   34K   254 33.92   33.73  
c res  pol  bran nres  conf  freevar IrrL  IrrB  l/longC l/allC  RedL0 RedL1 RedL2 RedB  l/longC l/allC 
c [distill-long-red0] cls tried: 102/102 T: 0.01 T-out: N T-r: 99.89%
c [distill-long-red1] cls tried: 164/318 T: 0.02 T-out: Y T-r: -0.82%
c rst  geom best vmt  1999  1610K 3198      25K  3088 6.71    6.20     5693  1172   32K   254 33.48   33.28  
c [distill] watch-based irred--  cl tried 33185    cl-sh 0     cl-rem 0    lit-rem 0      T: 0.05 T-out: Y
c [distill] watch-based red  --  cl tried 11386    cl-sh 7     cl-rem 0    lit-rem 7      T: 0.02 T-out: N
c rst  geom best vmt  2000  1620K 3198      25K  3088 6.71    6.20     5761  1262   31K   254 33.12   32.91  
c [distill-long-red0] cls tried: 244/244 T: 0.02 T-out: N T-r: 99.70%
c [distill-long-red1] cls tried: 125/892 T: 0.02 T-out: Y T-r: -2.27%
c [full-probe]  bin_only: 1 set: 0 repl: 0 T: 0.01 T-out: N T-r: 99.85%
c [distill-bin] useful: 0/3088/3088 lits-rem: 0 cl-rem: 0 0-depth-assigns: 0 T: 0.01 T-out: N
c rst  geom best vmt  2001  1631K 3198      25K  3088 6.71    6.20     5808  1194   42K   254 33.90   33.74  
c rst  geom stb  vmt  2002  1644K 3198      25K  3088 6.71    6.20     5880  1351   40K   254 33.38   33.21  
c [distill-long-red0] cls tried: 103/103 T: 0.01 T-out: N T-r: 99.86%
c [distill-long-red1] cls tried: 111/944 T: 0.02 T-out: Y T-r: -0.68%
c [full-probe]  bin_only: 0 set: 0 repl: 0 T: 0.01 T-out: N T-r: 98.44%
c [distill-bin] useful: 0/3088/3088 lits-rem: 0 cl-rem: 0 0-depth-assigns: 0 T: 0.01 T-out: N
c [distill] watch-based irred--  cl tried 30324    cl-sh 0     cl-rem 0    lit-rem 0      T: 0.05 T-out: Y
c [distill] watch-based red  --  cl tried 11760    cl-sh 2     cl-rem 0    lit-rem 2      T: 0.02 T-out: N
c [impl-str] lit bin: 0 set-var: 0 T: 0.00 T-out: N T-r: 99.96% w-visit: 6404
c [impl-sub] bin: 0 T: 0.00 T-out: N w-visit: 6404
c [gauss] XOR-encoding clauses are not detached, so no need to reattach them.
c [g 0] truth-find prop checks  : 1536K
c [g 0] -> of which prop        : 34.24 %
c [g 0] -> of which confl       :  1.11 %
c [g 0] elim called             : 187K
c [g 0] ---> which lead to prop : 160.35 %
c [g 0] ---> which lead to confl:  4.53 %
c [g 0] size: 64    x 131  
c [scc] new: 0 BP 0M T: 0.00
c [vrep] vars 0 lits 0 rem-bin-cls 0 rem-long-cls 0 BP 0M T: 0.01
c [intree] Set 0 vars hyper-added: 0 trans-irred: 0 trans-red: 0 T: 0.01 T-out: N T-r: -0.68%
c [find&init matx] performing matrix init
c [gauss] XOR-encoding clauses are not detached, so no need to reattach them.
c [xor-rem-unconnected] left with 292 xors from 292 non-empty xors T: 0.00
c [xor-together] xored together: 228 orig xors: 292 new xors: 64 T: 0.00
c [xor-rem-unconnected] left with 64 xors from 64 non-empty xors T: 0.00
c [xor-clean-equiv] removed equivalent xors: 0 left with: 64
c [matrix] unused xors from cleaning: 0
c [matrix] Good   matrix 0 64      x131    density:0.1362  xorlen avg: 17.84
c [matrix] Using 1 matrices recovered from 0 xors T: 0.00 T-out: N
c [ccnr] tries: 0 steps: 262143 best found: 2
c [ccnr] saving best assignment phase to stable_polar
c [ccnr] bumping based on var unsat frequency: conflict_ct
c [ccnr] Bumped vars: 3202 bump type: 6
c [ccnr] time: 0.33
c rst  geom stb  vmt  2003  1658K 3198      25K  3088 6.71    6.20     6002  1670   35K   255 35.74   35.54  
c [branch] adjusting to: vsid (from: vmtf) var_decay:0.95 descr: VSIDS
c rst  geom ibes vs   2004  1658K 3198      25K  3088 6.71    6.20     6002  1671   35K   255 35.72   35.52  
c rst  geom ibes vs   2005  1658K 3198      25K  3088 6.71    6.20     6002  1671   35K   255 35.70   35.50  
c rst  geom ibes vs   2006  1658K 3198      25K  3088 6.71    6.20     6002  1672   35K   255 35.68   35.48  
c rst  geom ibes vs   2007  1658K 3198      25K  3088 6.71    6.20     6002  1672   35K   255 35.65   35.45  
c rst  geom ibes vs   2008  1658K 3198      25K  3088 6.71    6.20     6002  1672   36K   255 35.65   35.46  
c rst  geom ibes vs   2009  1658K 3198      25K  3088 6.71    6.20     6002  1674   36K   255 35.64   35.44  
c rst  geom ibes vs   2010  1659K 3198      25K  3088 6.71    6.20     6002  1674   36K   255 35.60   35.41  
c rst  geom ibes vs   2011  1659K 3198      25K  3088 6.71    6.20     6002  1674   36K   255 35.60   35.40  
c [distill-long-red0] cls tried: 100/100 T: 0.01 T-out: N T-r: 99.86%
c [distill-long-red1] cls tried: 147/1234 T: 0.02 T-out: Y T-r: -1.08%
c rst  geom ibes vs   2012  1659K 3198      25K  3088 6.71    6.20     6002  1674   36K   255 35.56   35.37  
c rst  geom ibes vs   2013  1659K 3198      25K  3088 6.71    6.20     6002  1674   37K   255 35.54   35.35  
c rst  geom ibes vs   2014  1660K 3198      25K  3088 6.71    6.20     6044  1578   37K   255 35.51   35.32  
c rst  geom ibes vs   2015  1660K 3198      25K  3088 6.71    6.20     6044  1578   37K   255 35.50   35.32  
c rst  geom ibes vs   2016  1660K 3198      25K  3088 6.71    6.20     6044  1578   38K   255 35.45   35.27  
c rst  geom ibes vs   2017  1661K 3198      25K  3088 6.71    6.20     6044  1578   38K   255 35.40   35.21  
c rst  geom ibes vs   2018  1661K 3198      25K  3088 6.71    6.20     6044  1578   38K   255 35.35   35.17  
c rst  geom ibes vs   2019  1662K 3198      25K  3088 6.71    6.20     6044  1579   39K   255 35.35   35.17  
c rst  geom ibes vs   2020  1662K 3198      25K  3088 6.71    6.20     6044  1579   39K   255 35.34   35.17  
c rst  geom ibes vs   2021  1663K 3198      25K  3088 6.71    6.20     6044  1579   40K   255 35.34   35.17  
c rst  geom ibes vs   2022  1663K 3198      25K  3088 6.71    6.20     6044  1579   41K   255 35.38   35.21  
c rst  geom ibes vs   2023  1664K 3198      25K  3088 6.71    6.20     6044  1582   41K   255 35.42   35.25  
c rst  geom ibes vs   2024  1665K 3198      25K  3088 6.71    6.20     6044  1583   42K   255 35.44   35.27  
c [full-probe]  bin_only: 1 set: 0 repl: 0 T: 0.01 T-out: N T-r: 99.78%
c [distill-bin] useful: 0/3088/3088 lits-rem: 0 cl-rem: 0 0-depth-assigns: 0 T: 0.01 T-out: N
c rst  geom ibes vs   2025  1665K 3198      25K  3088 6.71    6.20     6048  1715   28K   255 34.40   34.17  
c rst  geom ibes vs   2026  1666K 3198      25K  3088 6.71    6.20     6048  1715   29K   255 34.39   34.17  
c rst  geom ibes vs   2027  1667K 3198      25K  3088 6.71    6.20     6048  1715   30K   255 34.32   34.11  
c rst  geom ibes vs   2028  1668K 3198      25K  3088 6.71    6.20     6048  1718   31K   255 34.17   33.96  
c rst  geom ibes vs   2029  1669K 3198      25K  3088 6.71    6.20     6048  1719   32K   255 34.05   33.85  
c [distill] watch-based irred--  cl tried 35634    cl-sh 0     cl-rem 0    lit-rem 0      T: 0.05 T-out: N
c [distill] watch-based red  --  cl tried 12096    cl-sh 6     cl-rem 0    lit-rem 6      T: 0.02 T-out: N
c rst  geom ibes vs   2030  1671K 3198      25K  3088 6.71    6.20     6071  1573   33K   255 33.96   33.76  
c rst  geom ibes vs   2031  1672K 3198      25K  3088 6.71    6.20     6071  1574   35K   255 33.84   33.65  
c rst  geom ibes vs   2032  1674K 3198      25K  3088 6.71    6.20     6071  1574   36K   255 33.68   33.50  
c rst  geom ibes vs   2033  1675K 3198      25K  3088 6.71    6.20     6071  1575   38K   255 33.52   33.35  
c [distill-long-red0] cls tried: 65/65 T: 0.01 T-out: N T-r: 99.91%
c [distill-long-red1] cls tried: 157/1089 T: 0.02 T-out: Y T-r: -0.42%
c rst  geom ibes vs   2034  1677K 3198      25K  3088 6.71    6.20     6071  1575   40K   255 33.34   33.18  
c rst  geom ibes vs   2035  1679K 3198      25K  3088 6.71    6.20     6072  1576   42K   255 33.21   33.05  
c rst  geom ibes vs   2036  1681K 3198      25K  3088 6.71    6.20     6095  1188   34K   255 30.56   30.39  
c rst  geom svd  vs   2037  1684K 3198      25K  3088 6.71    6.20     6095  1189   36K   255 31.12   30.95  
c rst  geom svd  vs   2038  1687K 3198      25K  3088 6.71    6.20     6096  1191   39K   255 31.59   31.43  
c [full-probe]  bin_only: 0 set: 0 repl: 0 T: 0.01 T-out: N T-r: 98.62%
c [distill-bin] useful: 0/3088/3088 lits-rem: 0 cl-rem: 0 0-depth-assigns: 0 T: 0.01 T-out: N
c rst  geom svd  vs   2039  1690K 3198      25K  3088 6.71    6.20     6124  1026   42K   255 32.01   31.86  
c [ccnr] tries: 0 steps: 262143 best found: 3
c [ccnr] saving best assignment phase to stable_polar
c [ccnr] bumping based on clause weights
c [ccnr] Bumped vars: 105 bump type: 6
c [ccnr] time: 0.33
c rst  geom svd  vs   2040  1693K 3198      25K  3088 6.71    6.20     6124  1026   46K   255 32.30   32.16  
c [distill-long-red0] cls tried: 41/41 T: 0.00 T-out: N T-r: 99.96%
c [distill-long-red1] cls tried: 186/656 T: 0.02 T-out: Y T-r: -0.62%
c rst  geom svd  vs   2041  1697K 3198      25K  3088 6.71    6.20     6147  1053   27K   255 28.27   28.08  
c [distill] watch-based irred--  cl tried 35634    cl-sh 0     cl-rem 0    lit-rem 0      T: 0.05 T-out: N
c [distill] watch-based red  --  cl tried 12294    cl-sh 0     cl-rem 0    lit-rem 0      T: 0.02 T-out: N
c rst  geom svd  vs   2042  1701K 3198      25K  3088 6.71    6.20     6177   936   31K   255 29.23   29.05  
c rst  geom svd  vs   2043  1705K 3198      25K  3088 6.71    6.20     6177   937   35K   255 30.31   30.14  
c [impl-str] lit bin: 0 set-var: 0 T: 0.00 T-out: N T-r: 99.96% w-visit: 6404
c [impl-sub] bin: 1 T: 0.00 T-out: N w-visit: 6404
c rst  geom best vs   2044  1710K 3198      25K  3088 6.71    6.20     6208   824   22K   254 29.96   29.73  
c [distill-long-red0] cls tried: 57/57 T: 0.00 T-out: N T-r: 99.96%
c [distill-long-red1] cls tried: 370/370 T: 0.02 T-out: N T-r: 2.79%
c [full-probe]  bin_only: 1 set: 0 repl: 0 T: 0.00 T-out: N T-r: 99.91%
c [distill-bin] useful: 0/3088/3088 lits-rem: 0 cl-rem: 0 0-depth-assigns: 0 T: 0.01 T-out: N
c [gauss] XOR-encoding clauses are not detached, so no need to reattach them.
c [g 0] truth-find prop checks  : 1395K
c [g 0] -> of which prop        : 35.38 %
c [g 0] -> of which confl       :  1.14 %
c [g 0] elim called             : 145K
c [g 0] ---> which lead to prop : 181.32 %
c [g 0] ---> which lead to confl:  6.30 %
c [g 0] size: 64    x 131  
c [scc] new: 0 BP 0M T: 0.00
c [vrep] vars 0 lits 0 rem-bin-cls 0 rem-long-cls 0 BP 0M T: 0.00
c [intree] Set 0 vars hyper-added: 0 trans-irred: 0 trans-red: 0 T: 0.01 T-out: N T-r: -0.61%
c [find&init matx] performing matrix init
c [gauss] XOR-encoding clauses are not detached, so no need to reattach them.
c [xor-rem-unconnected] left with 292 xors from 292 non-empty xors T: 0.00
c [xor-together] xored together: 228 orig xors: 292 new xors: 64 T: 0.00
c [xor-rem-unconnected] left with 64 xors from 64 non-empty xors T: 0.00
c [xor-clean-equiv] removed equivalent xors: 0 left with: 64
c [matrix] unused xors from cleaning: 0
c [matrix] Good   matrix 0 64      x131    density:0.1362  xorlen avg: 17.84
c [matrix] Using 1 matrices recovered from 0 xors T: 0.00 T-out: N
c rst  geom best vs   2045  1714K 3198      25K  3088 6.71    6.20     6209   838   26K   254 30.17   29.96  
c recursive minimization cost OK: 2907Kcost/(% lits removed)
c [gauss] XOR-encoding clauses are not detached, so no need to reattach them.
c [g 0] truth-find prop checks  : 84K
c [g 0] -> of which prop        : 31.99 %
c [g 0] -> of which confl       :  1.30 %
c [g 0] elim called             : 10475
c [g 0] ---> which lead to prop : 146.01 %
c [g 0] ---> which lead to confl:  5.01 %
c [g 0] size: 64    x 131  
c --> Executing strategy token: scc-vrepl
c [scc] new: 0 BP 0M T: 0.00
c --> Executing strategy token: sub-impl
c [impl-sub] bin: 0 T: 0.00 T-out: N w-visit: 6404
c --> Executing strategy token: breakid
c --> Executing OCC strategy token(s): 'occ-backw-sub-str,occ-clean-implicit,occ-bve,occ-bva,occ-ternary-res,occ-xor,'
c [occ] mem usage for occur 2      MB
c [occ] Linked in IRRED BIN by default: 3088
c [occ] Linked in RED   BIN by default: 254
c [occ] mem usage for occur 0      MB
c Mem for watch alloc      : 16          MB (28.95     %)
c Mem for watch array      : 0           MB (0.26      %)
c --> Executing OCC strategy token: occ-backw-sub-str
c [occ-backw-sub-str-long-w-bins] subs: 0 str: 2 tried: 97359 0-depth ass: 0 T: 0.00 T-out: N T-r: 99.45%
c [occ-backw-sub-long-w-long] rem cl: 168 tried: 59045/59045 (100.0%) T: 0.02 T-out: N T-r: 97.08%
c [occ-backw-sub-str-long-w-long] sub: 9 str: 87 tried: 177135/59045 (300.0)  T: 0.09 T-out: N T-r: 90.94%
c --> Executing OCC strategy token: occ-clean-implicit
c --> Executing OCC strategy token: occ-bve
c [occ-empty-res] Empty resolvent elimed: 0 T: 0.00 T-out: N
c [occ-bve] turning off picosat-based irreg gate detection, added lits:  409K
c [occ-bve] iter v-elim 0
c cl_inc_rate=1.0, var_dec_rate=1.0 (grow=0)
c Reduced to 3198 vars, 28313 cls (grow=0)
c [occ-bve] iter v-elim 0
c cl_inc_rate=1.0, var_dec_rate=1.0 (grow=8)
c Reduced to 3198 vars, 28313 cls (grow=8)
c [occ-bve] iter v-elim 0
c cl_inc_rate=1.0, var_dec_rate=1.0 (grow=16)
c Reduced to 3198 vars, 28313 cls (grow=16)
c x n vars       : 3198
c #try to eliminate:  9594
c #var-elim        :     0
c #T-o: N
c #T-r: 99.99%
c #T  : 1.55
c [occur] 0.03 is overhead
c [occur] link-in T: 0.03 cleanup T: 0.00
c --> Executing OCC strategy token: occ-bva
c --> Executing OCC strategy token: occ-ternary-res
c [occ-ternary-res] Ternary res-tri: 0 res-bin: 0 sub: 0 str: 0 T: 0.00 T-out: N T-r: 99.90%
c --> Executing OCC strategy token: occ-xor
c [occ-xor] sort occur list T: 0.01
c [xor-clean-equiv] removed equivalent xors: 0 left with: 283
c [occ-xor] found    283 avg sz 5.5 min sz  4 max sz  6 T: 0.02 T-out: N T-r: 99.97%
c --> Executing strategy token: card-find
c --> Executing strategy token: cl-consolidate
c Not consolidating memory.
c --> Executing strategy token: scc-vrepl
c [scc] new: 0 BP 0M T: 0.00
c --> Executing strategy token: renumber
c --> Executing strategy token: bosphorus
c --> Executing strategy token: louvain-comms
c [consolidate] mini T: 0.00
c global_timeout_multiplier: 6.4308
c [branch] rebuilding order heap for all branchings. Current branching: vsid
c [find&init matx] performing matrix init
c [gauss] XOR-encoding clauses are not detached, so no need to reattach them.
c [xor-rem-unconnected] left with 283 xors from 283 non-empty xors T: 0.00
c [xor-together] xored together: 215 orig xors: 283 new xors: 68 T: 0.00
c [xor-rem-unconnected] left with 68 xors from 68 non-empty xors T: 0.00
c [xor-clean-equiv] removed equivalent xors: 0 left with: 68
c [matrix] unused xors from cleaning: 0
c [matrix] Good   matrix  0     68 x  139  density:0.1179  xorlen avg: 16.38
c [matrix] Using 1 matrices recovered from 0 xors T: 0.00 T-out: N
c rst  geom best   vs  2046 1715K    3198   25K  3088    6.71    6.20  6066   819   28K   254   30.34   30.13
c rst  geom best   vs  2047 1721K    3198   25K  3088    6.71    6.20  6098   544   34K   254   31.28   31.10
c rst  geom best   vs  2048 1727K    3198   25K  3088    6.71    6.20  6107   653   33K   254   30.48   30.30
c [distill-long-red0] cls tried: 29/29 T: 0.00 T-out: N T-r: 99.98%
c [distill-long-red1] cls tried: 146/146 T: 0.01 T-out: N T-r: 40.63%
c [distill] watch-based irred--  cl tried    36210 cl-sh     0 cl-rem    0 lit-rem      0 T: 0.05 T-out: N
c [distill] watch-based   red--  cl tried    12214 cl-sh     0 cl-rem    0 lit-rem      0 T: 0.01 T-out: N
c rst  geom  stb   vs  2049 1734K    3198   25K  3088    6.71    6.20  6124   406   40K   254   31.74   31.58
c [full-probe]  bin_only: 0 set: 0 repl: 0 T: 0.01 T-out: N T-r: 98.51%
c [distill-bin] useful: 0/3088/3088 lits-rem: 0 cl-rem: 0 0-depth-assigns: 0 T: 0.01 T-out: N
c [ccnr] tries: 0 steps: 262143 best found: 2
c [ccnr] saving best assignment phase to stable_polar
c [ccnr] bumping based on var unsat frequency: conflict_ct
c [ccnr] Bumped vars: 3202 bump type: 6
c [ccnr] time: 0.32
c rst  geom  stb   vs  2050 1742K    3198   25K  3088    6.71    6.20  6158   363   27K   254   31.53   31.32
c rst  geom  stb   vs  2051 1751K    3198   25K  3088    6.71    6.20  6175   337   36K   254   33.21   33.03
c [distill-long-red0] cls tried: 25/25 T: 0.00 T-out: N T-r: 99.96%
c [distill-long-red1] cls tried: 48/48 T: 0.01 T-out: N T-r: 75.09%
c rst  geom ibes   vs  2052 1760K    3198   25K  3088    6.71    6.20  6198   322   26K   254   32.73   32.50
c [full-probe]  bin_only: 1 set: 0 repl: 0 T: 0.01 T-out: N T-r: 99.84%
c [distill-bin] useful: 0/3088/3088 lits-rem: 0 cl-rem: 0 0-depth-assigns: 0 T: 0.01 T-out: N
c [distill] watch-based irred--  cl tried    36210 cl-sh     0 cl-rem    0 lit-rem      0 T: 0.05 T-out: N
c [distill] watch-based   red--  cl tried    12396 cl-sh     0 cl-rem    0 lit-rem      0 T: 0.02 T-out: N
c rst  geom ibes   vs  2053 1770K    3198   25K  3088    6.71    6.20  6209   310   21K   254   28.92   28.68
c [distill-long-red0] cls tried: 5/5 T: 0.00 T-out: N T-r: 99.99%
c [distill-long-red1] cls tried: 42/42 T: 0.00 T-out: N T-r: 82.72%
c [impl-str] lit bin: 0 set-var: 0 T: 0.00 T-out: N T-r: 99.97% w-visit: 6404
c [impl-sub] bin: 0 T: 0.00 T-out: N w-visit: 6404
c rst  geom ibes   vs  2054 1782K    3198   25K  3088    6.71    6.20  6231   307   33K   254   30.62   30.44
c [full-probe]  bin_only: 0 set: 0 repl: 0 T: 0.01 T-out: N T-r: 98.93%
c [distill-bin] useful: 0/3088/3088 lits-rem: 0 cl-rem: 0 0-depth-assigns: 0 T: 0.01 T-out: N
c [gauss] XOR-encoding clauses are not detached, so no need to reattach them.
c [g 0] truth-find prop checks  : 1515K
c [g 0] -> of which prop        : 40.17 %
c [g 0] -> of which confl       :  1.12 %
c [g 0] elim called             : 127K
c [g 0] ---> which lead to prop : 216.17 %
c [g 0] ---> which lead to confl:  6.92 %
c [g 0] size: 68    x 139  
c [scc] new: 0 BP 0M T: 0.00
c [vrep] vars 0 lits 0 rem-bin-cls 0 rem-long-cls 0 BP 0M T: 0.00
c [intree] Set 0 vars hyper-added: 0 trans-irred: 0 trans-red: 0 T: 0.01 T-out: N T-r: -0.30%
c [find&init matx] performing matrix init
c [gauss] XOR-encoding clauses are not detached, so no need to reattach them.
c [xor-rem-unconnected] left with 283 xors from 283 non-empty xors T: 0.00
c [xor-together] xored together: 215 orig xors: 283 new xors: 68 T: 0.00
c [xor-rem-unconnected] left with 68 xors from 68 non-empty xors T: 0.00
c [xor-clean-equiv] removed equivalent xors: 0 left with: 68
c [matrix] unused xors from cleaning: 0
c [matrix] Good   matrix 0 68      x139    density:0.1179  xorlen avg: 16.38
c [matrix] Using 1 matrices recovered from 0 xors T: 0.00 T-out: N
c [ccnr] tries: 0 steps: 262143 best found: 2
c [ccnr] saving best assignment phase to stable_polar
c [ccnr] bumping based on var unsat frequency: conflict_ct
c [ccnr] Bumped vars: 3202 bump type: 6
c [ccnr] time: 0.32
c rst  geom svd  vs   2055  1794K 3198      25K  3088 6.71    6.20     6240   294   30K   254 30.09   29.90  
c [distill-long-red0] cls tried: 12/12 T: 0.00 T-out: N T-r: 99.99%
c [distill-long-red1] cls tried: 58/58 T: 0.00 T-out: N T-r: 81.72%
c [distill] watch-based irred--  cl tried 36210    cl-sh 0     cl-rem 0    lit-rem 0      T: 0.05 T-out: N
c [distill] watch-based red  --  cl tried 12480    cl-sh 0     cl-rem 0    lit-rem 0      T: 0.01 T-out: N
c rst  geom svd  vs   2056  1808K 3198      25K  3088 6.71    6.20     6249   209   29K   254 29.55   29.36  
c [full-probe]  bin_only: 1 set: 0 repl: 0 T: 0.01 T-out: N T-r: 99.79%
c [distill-bin] useful: 0/3088/3088 lits-rem: 0 cl-rem: 0 0-depth-assigns: 0 T: 0.01 T-out: N
c rst  geom best vs   2057  1823K 3198      25K  3088 6.71    6.20     6275   176   36K   254 28.02   27.87  
c [branch] adjusting to: vmtf (from: vsid) var_decay:0.95 descr: VMTF
c [distill-long-red0] cls tried: 17/17 T: 0.00 T-out: N T-r: 99.98%
c [distill-long-red1] cls tried: 37/37 T: 0.00 T-out: N T-r: 86.31%
c [distill] watch-based irred--  cl tried 36210    cl-sh 0     cl-rem 0    lit-rem 0      T: 0.05 T-out: N
c [distill] watch-based red  --  cl tried 12550    cl-sh 0     cl-rem 0    lit-rem 0      T: 0.01 T-out: N
c rst  luby best vmt  2058  1823K 3198      25K  3088 6.71    6.20     6275   184   36K   254 28.00   27.85  
c rst  luby best vmt  2059  1823K 3198      25K  3088 6.71    6.20     6277   193   36K   254 27.99   27.84  
c rst  luby best vmt  2060  1824K 3198      25K  3088 6.71    6.20     6280   205   37K   254 27.98   27.83  
c rst  luby best vmt  2061  1824K 3198      25K  3088 6.71    6.20     6280   208   37K   254 27.99   27.84  
c rst  luby best vmt  2062  1824K 3198      25K  3088 6.71    6.20     6280   211   37K   254 28.01   27.86  
c rst  luby best vmt  2063  1824K 3198      25K  3088 6.71    6.20     6280   214   37K   254 28.07   27.92  
c rst  luby best vmt  2064  1824K 3198      25K  3088 6.71    6.20     6280   217   37K   254 28.16   28.01  
c rst  luby best vmt  2065  1825K 3198      25K  3088 6.71    6.20     6280   221   37K   254 28.18   28.03  
c rst  luby best vmt  2066  1825K 3198      25K  3088 6.71    6.20     6280   221   38K   254 28.19   28.04  
c rst  luby best vmt  2067  1825K 3198      25K  3088 6.71    6.20     6280   226   38K   254 28.21   28.06  
c rst  luby best vmt  2068  1825K 3198      25K  3088 6.71    6.20     6281   228   38K   254 28.20   28.06  
c rst  luby best vmt  2069  1825K 3198      25K  3088 6.71    6.20     6281   228   38K   254 28.21   28.07  
c rst  luby best vmt  2070  1825K 3198      25K  3088 6.71    6.20     6281   229   38K   254 28.22   28.08  
c rst  luby best vmt  2071  1826K 3198      25K  3088 6.71    6.20     6281   229   39K   254 28.27   28.13  
c rst  luby best vmt  2072  1826K 3198      25K  3088 6.71    6.20     6281   231   39K   254 28.40   28.26  
c [ccnr] tries: 0 steps: 262143 best found: 7
c [ccnr] saving best assignment phase to stable_polar
c [ccnr] bumping based on clause weights
c [ccnr] Bumped vars: 106 bump type: 6
c [ccnr] time: 0.33
c rst  luby best vmt  2073  1827K 3198      25K  3088 6.71    6.20     6281   231   39K   254 28.40   28.26  
c rst  luby best vmt  2074  1827K 3198      25K  3088 6.71    6.20     6281   234   40K   254 28.40   28.26  
c rst  luby best vmt  2075  1827K 3198      25K  3088 6.71    6.20     6282   247   40K   254 28.40   28.26  
c rst  luby best vmt  2076  1827K 3198      25K  3088 6.71    6.20     6282   248   40K   254 28.43   28.29  
c rst  luby best vmt  2077  1827K 3198      25K  3088 6.71    6.20     6282   248   40K   254 28.46   28.31  
c rst  luby best vmt  2078  1827K 3198      25K  3088 6.71    6.20     6282   254   40K   254 28.46   28.32  
c rst  luby best vmt  2079  1828K 3198      25K  3088 6.71    6.20     6282   255   41K   254 28.57   28.42  
c rst  luby best vmt  2080  1828K 3198      25K  3088 6.71    6.20     6282   255   41K   254 28.58   28.44  
c rst  luby best vmt  2081  1828K 3198      25K  3088 6.71    6.20     6282   255   41K   254 28.60   28.46  
c rst  luby best vmt  2082  1828K 3198      25K  3088 6.71    6.20     6282   258   41K   254 28.64   28.50  
c rst  luby best vmt  2083  1828K 3198      25K  3088 6.71    6.20     6283   261   41K   254 28.65   28.51  
c [full-probe]  bin_only: 0 set: 0 repl: 0 T: 0.01 T-out: N T-r: 98.57%
c [distill-bin] useful: 0/3088/3088 lits-rem: 0 cl-rem: 0 0-depth-assigns: 0 T: 0.01 T-out: N
c rst  luby best vmt  2084  1828K 3198      25K  3088 6.71    6.20     6283   261   41K   254 28.66   28.52  
c rst  luby best vmt  2085  1828K 3198      25K  3088 6.71    6.20     6283   264   41K   254 28.67   28.53  
c rst  luby best vmt  2086  1829K 3198      25K  3088 6.71    6.20     6283   265   42K   254 28.70   28.56  
c rst  luby best vmt  2087  1830K 3198      25K  3088 6.71    6.20     6348   308   32K   254 27.05   26.89  
c rst  luby best vmt  2088  1831K 3198      25K  3088 6.71    6.20     6348   315   33K   254 27.24   27.08  
c [impl-str] lit bin: 0 set-var: 0 T: 0.00 T-out: N T-r: 99.97% w-visit: 6404
c [impl-sub] bin: 0 T: 0.00 T-out: N w-visit: 6404
c rst  luby stb  vmt  2089  1831K 3198      25K  3088 6.71    6.20     6348   315   33K   254 27.27   27.12  
c rst  luby stb  vmt  2090  1831K 3198      25K  3088 6.71    6.20     6348   320   33K   254 27.29   27.13  
c rst  luby stb  vmt  2091  1832K 3198      25K  3088 6.71    6.20     6348   321   34K   254 27.34   27.18  
c rst  luby stb  vmt  2092  1832K 3198      25K  3088 6.71    6.20     6348   322   34K   254 27.37   27.21  
c rst  luby stb  vmt  2093  1832K 3198      25K  3088 6.71    6.20     6348   323   34K   254 27.39   27.23  
c rst  luby stb  vmt  2094  1832K 3198      25K  3088 6.71    6.20     6348   323   34K   254 27.47   27.31  
c rst  luby stb  vmt  2095  1832K 3198      25K  3088 6.71    6.20     6348   323   34K   254 27.62   27.46  
c rst  luby stb  vmt  2096  1833K 3198      25K  3088 6.71    6.20     6348   323   35K   254 27.64   27.49  
c rst  luby stb  vmt  2097  1833K 3198      25K  3088 6.71    6.20     6348   323   35K   254 27.69   27.54  
c rst  luby stb  vmt  2098  1833K 3198      25K  3088 6.71    6.20     6348   323   35K   254 27.75   27.59  
c rst  luby stb  vmt  2099  1833K 3198      25K  3088 6.71    6.20     6348   324   35K   254 27.78   27.63  
c rst  luby stb  vmt  2100  1833K 3198      25K  3088 6.71    6.20     6348   324   35K   254 27.80   27.64  
c rst  luby stb  vmt  2101  1833K 3198      25K  3088 6.71    6.20     6348   325   35K   254 27.88   27.72  
c rst  luby stb  vmt  2102  1834K 3198      25K  3088 6.71    6.20     6348   333   36K   254 28.03   27.87  
c rst  luby stb  vmt  2103  1835K 3198      25K  3088 6.71    6.20     6348   347   36K   254 28.17   28.02  
c rst  luby stb  vmt  2104  1835K 3198      25K  3088 6.71    6.20     6348   351   37K   254 28.20   28.05  
c rst  luby stb  vmt  2105  1835K 3198      25K  3088 6.71    6.20     6348   353   37K   254 28.22   28.07  
c rst  luby stb  vmt  2106  1835K 3198      25K  3088 6.71    6.20     6348   354   37K   254 28.28   28.13  
c rst  luby stb  vmt  2107  1835K 3198      25K  3088 6.71    6.20     6348   355   37K   254 28.31   28.16  
c rst  luby stb  vmt  2108  1835K 3198      25K  3088 6.71    6.20     6348   355   37K   254 28.35   28.20  
c rst  luby stb  vmt  2109  1835K 3198      25K  3088 6.71    6.20     6348   358   37K   254 28.40   28.25  
c rst  luby stb  vmt  2110  1836K 3198      25K  3088 6.71    6.20     6348   363   38K   254 28.50   28.35  
c rst  luby stb  vmt  2111  1836K 3198      25K  3088 6.71    6.20     6348   363   38K   254 28.52   28.37  
c rst  luby stb  vmt  2112  1836K 3198      25K  3088 6.71    6.20     6348   363   38K   254 28.53   28.38  
c rst  luby stb  vmt  2113  1836K 3198      25K  3088 6.71    6.20     6348   363   38K   254 28.59   28.44  
c rst  luby stb  vmt  2114  1836K 3198      25K  3088 6.71    6.20     6348   363   38K   254 28.63   28.48  
c rst  luby stb  vmt  2115  1836K 3198      25K  3088 6.71    6.20     6348   363   38K   254 28.65   28.50  
c rst  luby stb  vmt  2116  1837K 3198      25K  3088 6.71    6.20     6348   363   38K   254 28.66   28.52  
c rst  luby stb  vmt  2117  1837K 3198      25K  3088 6.71    6.20     6348   365   39K   254 28.68   28.54  
c rst  luby stb  vmt  2118  1838K 3198      25K  3088 6.71    6.20     6350   372   40K   254 28.85   28.70  
c rst  luby stb  vmt  2119  1839K 3198      25K  3088 6.71    6.20     6350   377   41K   254 29.00   28.86  
c [distill-long-red0] cls tried: 54/54 T: 0.01 T-out: N T-r: 99.93%
c [distill-long-red1] cls tried: 227/227 T: 0.02 T-out: N T-r: 1.89%
c rst  luby stb  vmt  2120  1843K 3198      25K  3088 6.71    6.20     6394   348   44K   254 29.31   29.18  
c rst  luby stb  vmt  2121  1843K 3198      25K  3088 6.71    6.20     6394   348   45K   254 29.31   29.18  
c rst  luby stb  vmt  2122  1843K 3198      25K  3088 6.71    6.20     6394   348   45K   254 29.33   29.20  
c rst  luby stb  vmt  2123  1843K 3198      25K  3088 6.71    6.20     6394   349   45K   254 29.37   29.24  
c rst  luby stb  vmt  2124  1843K 3198      25K  3088 6.71    6.20     6394   350   45K   254 29.39   29.25  
c rst  luby stb  vmt  2125  1843K 3198      25K  3088 6.71    6.20     6394   351   45K   254 29.40   29.26  
c rst  luby stb  vmt  2126  1843K 3198      25K  3088 6.71    6.20     6395   364   45K   254 29.44   29.31  
c rst  luby stb  vmt  2127  1844K 3198      25K  3088 6.71    6.20     6395   365   46K   254 29.50   29.37  
c rst  luby stb  vmt  2128  1844K 3198      25K  3088 6.71    6.20     6395   365   46K   254 29.51   29.38  
c rst  luby stb  vmt  2129  1844K 3198      25K  3088 6.71    6.20     6395   365   46K   254 29.53   29.40  
c rst  luby stb  vmt  2130  1844K 3198      25K  3088 6.71    6.20     6395   365   46K   254 29.57   29.44  
c rst  luby stb  vmt  2131  1844K 3198      25K  3088 6.71    6.20     6395   365   46K   254 29.61   29.47  
c rst  luby stb  vmt  2132  1844K 3198      25K  3088 6.71    6.20     6395   365   46K   254 29.63   29.50  
c rst  luby stb  vmt  2133  1845K 3198      25K  3088 6.71    6.20     6395   367   46K   254 29.65   29.52  
c rst  luby stb  vmt  2134  1845K 3198      25K  3088 6.71    6.20     6401   471   29K   254 29.22   29.03  
c rst  luby stb  vmt  2135  1846K 3198      25K  3088 6.71    6.20     6403   476   30K   254 29.41   29.23  
c rst  luby stb  vmt  2136  1846K 3198      25K  3088 6.71    6.20     6403   476   30K   254 29.44   29.25  
c rst  luby stb  vmt  2137  1846K 3198      25K  3088 6.71    6.20     6404   477   30K   254 29.47   29.29  
c rst  luby stb  vmt  2138  1846K 3198      25K  3088 6.71    6.20     6405   479   30K   254 29.53   29.35  
c rst  luby stb  vmt  2139  1846K 3198      25K  3088 6.71    6.20     6405   479   30K   254 29.56   29.37  
c rst  luby stb  vmt  2140  1846K 3198      25K  3088 6.71    6.20     6405   481   30K   254 29.58   29.40  
c rst  luby stb  vmt  2141  1847K 3198      25K  3088 6.71    6.20     6405   481   30K   254 29.64   29.45  
c rst  luby stb  vmt  2142  1847K 3198      25K  3088 6.71    6.20     6405   482   31K   254 29.72   29.54  
c [gauss] XOR-encoding clauses are not detached, so no need to reattach them.
c [g 0] truth-find prop checks  : 1635K
c [g 0] -> of which prop        : 33.61 %
c [g 0] -> of which confl       :  0.98 %
c [g 0] elim called             : 159K
c [g 0] ---> which lead to prop : 175.09 %
c [g 0] ---> which lead to confl:  5.45 %
c [g 0] size: 68    x 139  
c [scc] new: 0 BP 0M T: 0.00
c [vrep] vars 0 lits 0 rem-bin-cls 0 rem-long-cls 0 BP 0M T: 0.00
c [intree] Set 0 vars hyper-added: 0 trans-irred: 0 trans-red: 0 T: 0.01 T-out: N T-r: -0.32%
c [find&init matx] performing matrix init
c [gauss] XOR-encoding clauses are not detached, so no need to reattach them.
c [xor-rem-unconnected] left with 283 xors from 283 non-empty xors T: 0.00
c [xor-together] xored together: 215 orig xors: 283 new xors: 68 T: 0.00
c [xor-rem-unconnected] left with 68 xors from 68 non-empty xors T: 0.00
c [xor-clean-equiv] removed equivalent xors: 0 left with: 68
c [matrix] unused xors from cleaning: 0
c [matrix] Good   matrix 0 68      x139    density:0.1179  xorlen avg: 16.38
c [matrix] Using 1 matrices recovered from 0 xors T: 0.00 T-out: N
c rst  luby stb  vmt  2143  1847K 3198      25K  3088 6.71    6.20     6405   482   31K   254 29.75   29.57  
c rst  luby stb  vmt  2144  1847K 3198      25K  3088 6.71    6.20     6405   482   31K   254 29.77   29.58  
c rst  luby stb  vmt  2145  1847K 3198      25K  3088 6.71    6.20     6405   482   31K   254 29.85   29.66  
c rst  luby stb  vmt  2146  1847K 3198      25K  3088 6.71    6.20     6405   483   31K   254 29.87   29.69  
c rst  luby stb  vmt  2147  1848K 3198      25K  3088 6.71    6.20     6405   484   32K   254 29.89   29.71  
c rst  luby stb  vmt  2148  1848K 3198      25K  3088 6.71    6.20     6405   486   32K   254 29.95   29.77  
c rst  luby stb  vmt  2149  1848K 3198      25K  3088 6.71    6.20     6406   496   32K   254 30.03   29.85  
c [full-probe]  bin_only: 1 set: 0 repl: 0 T: 0.01 T-out: N T-r: 99.81%
c [distill-bin] useful: 0/3088/3088 lits-rem: 0 cl-rem: 0 0-depth-assigns: 0 T: 0.01 T-out: N
c rst  luby stb  vmt  2150  1849K 3198      25K  3088 6.71    6.20     6406   499   33K   254 30.20   30.02  
c [distill] watch-based irred--  cl tried 33970    cl-sh 0     cl-rem 0    lit-rem 0      T: 0.05 T-out: Y
c [distill] watch-based red  --  cl tried 12812    cl-sh 1     cl-rem 0    lit-rem 1      T: 0.02 T-out: N
c rst  luby stb  vmt  2151  1851K 3198      25K  3088 6.71    6.20     6466   415   35K   254 30.67   30.50  
c rst  luby stb  vmt  2152  1851K 3198      25K  3088 6.71    6.20     6466   415   35K   254 30.69   30.51  
c rst  luby stb  vmt  2153  1851K 3198      25K  3088 6.71    6.20     6466   415   35K   254 30.71   30.54  
c rst  luby stb  vmt  2154  1851K 3198      25K  3088 6.71    6.20     6466   415   35K   254 30.76   30.59  
c rst  luby stb  vmt  2155  1851K 3198      25K  3088 6.71    6.20     6466   415   35K   254 30.78   30.61  
c rst  luby stb  vmt  2156  1851K 3198      25K  3088 6.71    6.20     6466   415   35K   254 30.80   30.63  
c rst  luby stb  vmt  2157  1851K 3198      25K  3088 6.71    6.20     6466   416   35K   254 30.84   30.67  
c rst  luby stb  vmt  2158  1852K 3198      25K  3088 6.71    6.20     6466   423   36K   254 30.92   30.75  
c rst  luby stb  vmt  2159  1852K 3198      25K  3088 6.71    6.20     6466   423   36K   254 30.94   30.77  
c rst  luby stb  vmt  2160  1852K 3198      25K  3088 6.71    6.20     6466   423   36K   254 30.95   30.78  
c rst  luby stb  vmt  2161  1852K 3198      25K  3088 6.71    6.20     6466   425   36K   254 31.00   30.83  
c rst  luby stb  vmt  2162  1852K 3198      25K  3088 6.71    6.20     6466   425   36K   254 31.02   30.86  
c rst  luby stb  vmt  2163  1852K 3198      25K  3088 6.71    6.20     6466   425   36K   254 31.04   30.87  
c rst  luby stb  vmt  2164  1853K 3198      25K  3088 6.71    6.20     6466   426   37K   254 31.08   30.91  
c rst  luby stb  vmt  2165  1853K 3198      25K  3088 6.71    6.20     6466   427   37K   254 31.18   31.01  
c rst  luby stb  vmt  2166  1854K 3198      25K  3088 6.71    6.20     6466   439   38K   254 31.31   31.15  
c rst  luby stb  vmt  2167  1854K 3198      25K  3088 6.71    6.20     6466   439   38K   254 31.33   31.16  
c rst  luby stb  vmt  2168  1854K 3198      25K  3088 6.71    6.20     6466   439   38K   254 31.35   31.18  
c rst  luby stb  vmt  2169  1854K 3198      25K  3088 6.71    6.20     6467   445   38K   254 31.38   31.22  
c rst  luby stb  vmt  2170  1854K 3198      25K  3088 6.71    6.20     6467   446   38K   254 31.40   31.24  
c rst  luby stb  vmt  2171  1854K 3198      25K  3088 6.71    6.20     6467   446   38K   254 31.40   31.24  
c [distill-long-red0] cls tried: 46/46 T: 0.00 T-out: N T-r: 99.95%
c [distill-long-red1] cls tried: 176/176 T: 0.01 T-out: N T-r: 22.41%
c rst  luby stb  vmt  2172  1855K 3198      25K  3088 6.71    6.20     6467   446   39K   254 31.41   31.25  
c rst  luby stb  vmt  2173  1855K 3198      25K  3088 6.71    6.20     6467   451   39K   254 31.53   31.37  
c rst  luby ibes vmt  2174  1855K 3198      25K  3088 6.71    6.20     6467   454   39K   254 31.53   31.37  
c rst  luby ibes vmt  2175  1855K 3198      25K  3088 6.71    6.20     6467   459   39K   254 31.54   31.38  
c rst  luby ibes vmt  2176  1855K 3198      25K  3088 6.71    6.20     6467   459   39K   254 31.58   31.42  
c rst  luby ibes vmt  2177  1856K 3198      25K  3088 6.71    6.20     6467   462   39K   254 31.59   31.43  
c rst  luby ibes vmt  2178  1856K 3198      25K  3088 6.71    6.20     6467   465   40K   254 31.60   31.44  
c rst  luby ibes vmt  2179  1856K 3198      25K  3088 6.71    6.20     6467   468   40K   254 31.61   31.45  
c rst  luby ibes vmt  2180  1856K 3198      25K  3088 6.71    6.20     6467   471   40K   254 31.70   31.54  
c rst  luby ibes vmt  2181  1857K 3198      25K  3088 6.71    6.20     6468   481   41K   254 31.76   31.60  
c rst  luby ibes vmt  2182  1859K 3198      25K  3088 6.71    6.20     6471   490   42K   254 32.07   31.91  
c rst  luby ibes vmt  2183  1862K 3198      25K  3088 6.71    6.20     6529   561   27K   254 31.85   31.63  
c rst  luby ibes vmt  2184  1868K 3198      25K  3088 6.71    6.20     6530   576   33K   254 33.08   32.88  
c [full-probe]  bin_only: 0 set: 0 repl: 0 T: 0.01 T-out: N T-r: 98.83%
c [distill-bin] useful: 0/3088/3088 lits-rem: 0 cl-rem: 0 0-depth-assigns: 0 T: 0.01 T-out: N
c rst  luby ibes vmt  2185  1868K 3198      25K  3088 6.71    6.20     6530   576   33K   254 33.10   32.91  
c rst  luby ibes vmt  2186  1868K 3198      25K  3088 6.71    6.20     6530   576   33K   254 33.10   32.91  
c rst  luby ibes vmt  2187  1869K 3198      25K  3088 6.71    6.20     6530   580   33K   254 33.12   32.93  
c rst  luby ibes vmt  2188  1869K 3198      25K  3088 6.71    6.20     6530   582   34K   254 33.14   32.95  
c rst  luby ibes vmt  2189  1869K 3198      25K  3088 6.71    6.20     6530   582   34K   254 33.16   32.97  
c rst  luby ibes vmt  2190  1869K 3198      25K  3088 6.71    6.20     6530   583   34K   254 33.18   32.99  
c rst  luby ibes vmt  2191  1869K 3198      25K  3088 6.71    6.20     6530   583   34K   254 33.26   33.08  
c [distill-long-red0] cls tried: 27/27 T: 0.00 T-out: N T-r: 99.97%
c [distill-long-red1] cls tried: 190/190 T: 0.02 T-out: N T-r: 13.88%
c rst  luby ibes vmt  2192  1870K 3198      25K  3088 6.71    6.20     6530   583   34K   254 33.28   33.10  
c rst  luby ibes vmt  2193  1870K 3198      25K  3088 6.71    6.20     6565   544   34K   254 33.29   33.10  
c rst  luby ibes vmt  2194  1870K 3198      25K  3088 6.71    6.20     6565   545   35K   254 33.31   33.12  
c rst  luby ibes vmt  2195  1870K 3198      25K  3088 6.71    6.20     6565   545   35K   254 33.32   33.13  
c rst  luby ibes vmt  2196  1870K 3198      25K  3088 6.71    6.20     6565   545   35K   254 33.32   33.14  
c rst  luby ibes vmt  2197  1870K 3198      25K  3088 6.71    6.20     6565   546   35K   254 33.34   33.15  
c rst  luby ibes vmt  2198  1871K 3198      25K  3088 6.71    6.20     6565   547   35K   254 33.35   33.17  
c [ccnr] tries: 0 steps: 262143 best found: 2
c [ccnr] saving best assignment phase to stable_polar
c [ccnr] bumping based on var unsat frequency: conflict_ct
c [ccnr] Bumped vars: 3202 bump type: 6
c [ccnr] time: 0.33
c rst  luby ibes vmt  2199  1871K 3198      25K  3088 6.71    6.20     6567   605   36K   254 33.47   33.29  
c rst  luby ibes vmt  2200  1872K 3198      25K  3088 6.71    6.20     6568   614   36K   254 33.50   33.32  
c rst  luby ibes vmt  2201  1872K 3198      25K  3088 6.71    6.20     6568   614   36K   254 33.53   33.34  
c rst  luby ibes vmt  2202  1872K 3198      25K  3088 6.71    6.20     6569   615   37K   254 33.55   33.37  
c rst  luby ibes vmt  2203  1872K 3198      25K  3088 6.71    6.20     6569   616   37K   254 33.55   33.37  
c rst  luby ibes vmt  2204  1872K 3198      25K  3088 6.71    6.20     6569   618   37K   254 33.55   33.38  
c rst  luby ibes vmt  2205  1872K 3198      25K  3088 6.71    6.20     6569   620   37K   254 33.55   33.37  
c rst  luby ibes vmt  2206  1873K 3198      25K  3088 6.71    6.20     6574   629   37K   254 33.61   33.43  
c rst  luby ibes vmt  2207  1873K 3198      25K  3088 6.71    6.20     6574   629   38K   254 33.62   33.45  
c rst  luby ibes vmt  2208  1873K 3198      25K  3088 6.71    6.20     6574   629   38K   254 33.64   33.46  
c rst  luby ibes vmt  2209  1873K 3198      25K  3088 6.71    6.20     6574   630   38K   254 33.66   33.48  
c rst  luby ibes vmt  2210  1873K 3198      25K  3088 6.71    6.20     6574   633   38K   254 33.64   33.47  
c rst  luby ibes vmt  2211  1873K 3198      25K  3088 6.71    6.20     6574   633   38K   254 33.66   33.49  
c rst  luby ibes vmt  2212  1874K 3198      25K  3088 6.71    6.20     6574   634   38K   254 33.72   33.55  
c rst  luby ibes vmt  2213  1874K 3198      25K  3088 6.71    6.20     6574   636   39K   254 33.78   33.61  
c rst  luby ibes vmt  2214  1875K 3198      25K  3088 6.71    6.20     6589   773   22K   254 31.35   31.10  
c [distill] watch-based irred--  cl tried 36210    cl-sh 0     cl-rem 0    lit-rem 0      T: 0.05 T-out: N
c [distill] watch-based red  --  cl tried 13178    cl-sh 3     cl-rem 0    lit-rem 3      T: 0.02 T-out: N
c rst  luby ibes vmt  2215  1876K 3198      25K  3088 6.71    6.20     6590   784   23K   254 31.68   31.44  
c rst  luby ibes vmt  2216  1876K 3198      25K  3088 6.71    6.20     6590   786   23K   254 31.68   31.44  
c rst  luby ibes vmt  2217  1877K 3198      25K  3088 6.71    6.20     6590   787   23K   254 31.71   31.47  
c rst  luby ibes vmt  2218  1877K 3198      25K  3088 6.71    6.20     6590   789   24K   254 31.77   31.53  
c rst  luby ibes vmt  2219  1877K 3198      25K  3088 6.71    6.20     6590   789   24K   254 31.79   31.55  
c rst  luby ibes vmt  2220  1877K 3198      25K  3088 6.71    6.20     6590   794   24K   254 31.82   31.58  
c rst  luby ibes vmt  2221  1877K 3198      25K  3088 6.71    6.20     6590   799   24K   254 31.88   31.64  
c rst  luby ibes vmt  2222  1878K 3198      25K  3088 6.71    6.20     6590   802   24K   254 32.03   31.79  
c rst  luby ibes vmt  2223  1878K 3198      25K  3088 6.71    6.20     6590   802   24K   254 32.05   31.82  
c rst  luby ibes vmt  2224  1878K 3198      25K  3088 6.71    6.20     6590   802   25K   254 32.09   31.85  
c rst  luby ibes vmt  2225  1878K 3198      25K  3088 6.71    6.20     6590   803   25K   254 32.12   31.89  
c rst  luby ibes vmt  2226  1878K 3198      25K  3088 6.71    6.20     6590   804   25K   254 32.15   31.92  
c rst  luby ibes vmt  2227  1878K 3198      25K  3088 6.71    6.20     6590   806   25K   254 32.14   31.91  
c rst  luby ibes vmt  2228  1878K 3198      25K  3088 6.71    6.20     6590   806   25K   254 32.13   31.90  
c rst  luby ibes vmt  2229  1879K 3198      25K  3088 6.71    6.20     6590   810   26K   254 32.20   31.97  
c rst  luby svd  vmt  2230  1880K 3198      25K  3088 6.71    6.20     6590   813   26K   254 32.34   32.12  
c rst  luby svd  vmt  2231  1880K 3198      25K  3088 6.71    6.20     6590   816   26K   254 32.34   32.12  
c rst  luby svd  vmt  2232  1880K 3198      25K  3088 6.71    6.20     6695   702   27K   254 32.38   32.16  
c rst  luby svd  vmt  2233  1880K 3198      25K  3088 6.71    6.20     6695   703   27K   254 32.43   32.20  
c rst  luby svd  vmt  2234  1880K 3198      25K  3088 6.71    6.20     6695   705   27K   254 32.45   32.22  
c rst  luby svd  vmt  2235  1880K 3198      25K  3088 6.71    6.20     6695   707   27K   254 32.47   32.25  
c rst  luby svd  vmt  2236  1880K 3198      25K  3088 6.71    6.20     6695   710   27K   254 32.51   32.29  
c rst  luby svd  vmt  2237  1881K 3198      25K  3088 6.71    6.20     6695   710   28K   254 32.51   32.30  
c rst  luby svd  vmt  2238  1881K 3198      25K  3088 6.71    6.20     6695   710   28K   254 32.54   32.32  
c rst  luby svd  vmt  2239  1881K 3198      25K  3088 6.71    6.20     6695   710   28K   254 32.56   32.34  
c rst  luby svd  vmt  2240  1881K 3198      25K  3088 6.71    6.20     6695   710   28K   254 32.61   32.39  
c rst  luby svd  vmt  2241  1881K 3198      25K  3088 6.71    6.20     6695   710   28K   254 32.64   32.43  
c rst  luby svd  vmt  2242  1881K 3198      25K  3088 6.71    6.20     6695   711   28K   254 32.68   32.47  
c rst  luby svd  vmt  2243  1882K 3198      25K  3088 6.71    6.20     6695   712   28K   254 32.75   32.53  
c rst  luby svd  vmt  2244  1882K 3198      25K  3088 6.71    6.20     6695   712   29K   254 32.86   32.65  
c rst  luby svd  vmt  2245  1883K 3198      25K  3088 6.71    6.20     6695   714   30K   254 33.01   32.80  
c rst  luby svd  vmt  2246  1884K 3198      25K  3088 6.71    6.20     6695   714   31K   254 33.23   33.02  
c rst  luby svd  vmt  2247  1888K 3198      25K  3088 6.71    6.20     6695   735   34K   254 33.55   33.36  
c [distill-long-red0] cls tried: 69/69 T: 0.01 T-out: N T-r: 99.88%
c [distill-long-red1] cls tried: 183/249 T: 0.02 T-out: Y T-r: -0.63%
c rst  luby svd  vmt  2248  1888K 3198      25K  3088 6.71    6.20     6695   737   34K   254 33.56   33.37  
c rst  luby svd  vmt  2249  1888K 3198      25K  3088 6.71    6.20     6695   737   35K   254 33.59   33.40  
c rst  luby svd  vmt  2250  1888K 3198      25K  3088 6.71    6.20     6695   740   35K   254 33.62   33.44  
c rst  luby svd  vmt  2251  1888K 3198      25K  3088 6.71    6.20     6695   740   35K   254 33.65   33.47  
c rst  luby svd  vmt  2252  1888K 3198      25K  3088 6.71    6.20     6695   742   35K   254 33.67   33.48  
c rst  luby svd  vmt  2253  1888K 3198      25K  3088 6.71    6.20     6695   743   35K   254 33.72   33.53  
c [full-probe]  bin_only: 1 set: 0 repl: 0 T: 0.01 T-out: N T-r: 99.84%
c [distill-bin] useful: 0/3088/3088 lits-rem: 0 cl-rem: 0 0-depth-assigns: 0 T: 0.01 T-out: N
c rst  luby svd  vmt  2254  1889K 3198      25K  3088 6.71    6.20     6695   746   36K   254 33.76   33.57  
c rst  luby svd  vmt  2255  1889K 3198      25K  3088 6.71    6.20     6695   747   36K   254 33.76   33.58  
c rst  luby svd  vmt  2256  1889K 3198      25K  3088 6.71    6.20     6695   749   36K   254 33.76   33.58  
c rst  luby svd  vmt  2257  1889K 3198      25K  3088 6.71    6.20     6695   752   36K   254 33.77   33.59  
c rst  luby svd  vmt  2258  1889K 3198      25K  3088 6.71    6.20     6695   752   36K   254 33.77   33.59  
c rst  luby svd  vmt  2259  1889K 3198      25K  3088 6.71    6.20     6695   755   36K   254 33.79   33.61  
c rst  luby svd  vmt  2260  1890K 3198      25K  3088 6.71    6.20     6695   764   36K   254 33.82   33.63  
c rst  luby svd  vmt  2261  1890K 3198      25K  3088 6.71    6.20     6750   824   22K   254 31.13   30.89  
c rst  luby svd  vmt  2262  1891K 3198      25K  3088 6.71    6.20     6750   829   23K   254 31.42   31.18  
c rst  luby svd  vmt  2263  1891K 3198      25K  3088 6.71    6.20     6750   829   23K   254 31.46   31.23  
c rst  luby svd  vmt  2264  1891K 3198      25K  3088 6.71    6.20     6750   830   23K   254 31.50   31.26  
c rst  luby svd  vmt  2265  1891K 3198      25K  3088 6.71    6.20     6750   834   23K   254 31.54   31.30  
c rst  luby svd  vmt  2266  1891K 3198      25K  3088 6.71    6.20     6750   835   24K   254 31.56   31.32  
c [impl-str] lit bin: 0 set-var: 0 T: 0.00 T-out: N T-r: 99.97% w-visit: 6404
c [impl-sub] bin: 0 T: 0.00 T-out: N w-visit: 6404
c rst  luby svd  vmt  2267  1891K 3198      25K  3088 6.71    6.20     6750   835   24K   254 31.58   31.35  
c rst  luby svd  vmt  2268  1892K 3198      25K  3088 6.71    6.20     6750   836   24K   254 31.64   31.40  
c rst  luby svd  vmt  2269  1892K 3198      25K  3088 6.71    6.20     6750   841   24K   254 31.72   31.49  
c rst  luby svd  vmt  2270  1892K 3198      25K  3088 6.71    6.20     6750   841   24K   254 31.75   31.52  
c rst  luby svd  vmt  2271  1892K 3198      25K  3088 6.71    6.20     6750   841   24K   254 31.80   31.56  
c rst  luby svd  vmt  2272  1892K 3198      25K  3088 6.71    6.20     6750   841   25K   254 31.84   31.61  
c rst  luby svd  vmt  2273  1893K 3198      25K  3088 6.71    6.20     6750   842   25K   254 31.85   31.63  
c rst  luby svd  vmt  2274  1893K 3198      25K  3088 6.71    6.20     6750   842   25K   254 31.87   31.64  
c rst  luby svd  vmt  2275  1893K 3198      25K  3088 6.71    6.20     6750   843   25K   254 31.91   31.69  
c rst  luby svd  vmt  2276  1893K 3198      25K  3088 6.71    6.20     6751   861   25K   254 32.02   31.79  
c rst  luby svd  vmt  2277  1894K 3198      25K  3088 6.71    6.20     6751   867   26K   254 32.24   32.02  
c rst  luby svd  vmt  2278  1896K 3198      25K  3088 6.71    6.20     6751   868   28K   254 32.72   32.51  
c rst  luby svd  vmt  2279  1896K 3198      25K  3088 6.71    6.20     6751   868   28K   254 32.75   32.53  
c rst  luby svd  vmt  2280  1896K 3198      25K  3088 6.71    6.20     6752   869   28K   254 32.78   32.56  
c rst  luby svd  vmt  2281  1896K 3198      25K  3088 6.71    6.20     6752   870   28K   254 32.83   32.62  
c rst  luby svd  vmt  2282  1896K 3198      25K  3088 6.71    6.20     6752   870   28K   254 32.85   32.64  
c rst  luby svd  vmt  2283  1896K 3198      25K  3088 6.71    6.20     6752   870   28K   254 32.88   32.67  
c rst  luby svd  vmt  2284  1896K 3198      25K  3088 6.71    6.20     6752   870   29K   254 32.91   32.70  
c rst  luby svd  vmt  2285  1897K 3198      25K  3088 6.71    6.20     6752   873   29K   254 32.95   32.74  
c rst  luby svd  vmt  2286  1897K 3198      25K  3088 6.71    6.20     6752   873   29K   254 32.97   32.76  
c rst  luby svd  vmt  2287  1897K 3198      25K  3088 6.71    6.20     6752   873   29K   254 32.99   32.78  
c rst  luby svd  vmt  2288  1897K 3198      25K  3088 6.71    6.20     6752   874   29K   254 33.01   32.81  
c rst  luby svd  vmt  2289  1897K 3198      25K  3088 6.71    6.20     6752   874   30K   254 33.05   32.84  
c rst  luby svd  vmt  2290  1897K 3198      25K  3088 6.71    6.20     6752   874   30K   254 33.08   32.87  
c rst  luby svd  vmt  2291  1898K 3198      25K  3088 6.71    6.20     6752   874   30K   254 33.12   32.91  
c rst  luby svd  vmt  2292  1898K 3198      25K  3088 6.71    6.20     6753   879   30K   254 33.18   32.98  
c rst  luby svd  vmt  2293  1899K 3198      25K  3088 6.71    6.20     6753   880   31K   254 33.40   33.19  
c rst  luby svd  vmt  2294  1899K 3198      25K  3088 6.71    6.20     6753   884   31K   254 33.39   33.19  
c rst  luby svd  vmt  2295  1899K 3198      25K  3088 6.71    6.20     6753   885   31K   254 33.40   33.20  
c rst  luby svd  vmt  2296  1899K 3198      25K  3088 6.71    6.20     6753   885   31K   254 33.44   33.24  
c rst  luby svd  vmt  2297  1899K 3198      25K  3088 6.71    6.20     6753   888   32K   255 33.45   33.25  
c rst  luby svd  vmt  2298  1899K 3198      25K  3088 6.71    6.20     6753   890   32K   255 33.46   33.26  
c rst  luby svd  vmt  2299  1900K 3198      25K  3088 6.71    6.20     6812   742   32K   255 33.51   33.31  
c rst  luby svd  vmt  2300  1900K 3198      25K  3088 6.71    6.20     6812   743   32K   255 33.57   33.37  
c [distill] watch-based irred--  cl tried 36210    cl-sh 0     cl-rem 0    lit-rem 0      T: 0.06 T-out: N
c [distill] watch-based red  --  cl tried 13624    cl-sh 0     cl-rem 0    lit-rem 0      T: 0.02 T-out: N
c rst  luby svd  vmt  2301  1900K 3198      25K  3088 6.71    6.20     6812   745   32K   255 33.59   33.39  
c rst  luby svd  vmt  2302  1900K 3198      25K  3088 6.71    6.20     6812   745   33K   255 33.60   33.40  
c rst  luby svd  vmt  2303  1900K 3198      25K  3088 6.71    6.20     6812   746   33K   255 33.64   33.44  
c rst  luby svd  vmt  2304  1901K 3198      25K  3088 6.71    6.20     6812   751   33K   255 33.63   33.44  
c rst  luby svd  vmt  2305  1901K 3198      25K  3088 6.71    6.20     6812   751   33K   255 33.64   33.45  
c rst  luby svd  vmt  2306  1901K 3198      25K  3088 6.71    6.20     6812   753   33K   255 33.66   33.47  
c rst  luby svd  vmt  2307  1901K 3198      25K  3088 6.71    6.20     6812   754   34K   255 33.75   33.55  
c rst  luby svd  vmt  2308  1902K 3198      25K  3088 6.71    6.20     6812   754   34K   255 33.90   33.71  
c rst  luby svd  vmt  2309  1904K 3198      25K  3088 6.71    6.20     6812   755   36K   255 34.15   33.97  
c [distill-long-red0] cls tried: 63/63 T: 0.01 T-out: N T-r: 99.90%
c [distill-long-red1] cls tried: 183/224 T: 0.02 T-out: Y T-r: -0.59%
c rst  geom best vmt  2310  1904K 3198      25K  3088 6.71    6.20     6812   755   36K   255 34.14   33.95  
c rst  geom best vmt  2311  1904K 3198      25K  3088 6.71    6.20     6812   755   36K   255 34.12   33.94  
c rst  geom best vmt  2312  1904K 3198      25K  3088 6.71    6.20     6812   755   36K   255 34.11   33.93  
c rst  geom best vmt  2313  1904K 3198      25K  3088 6.71    6.20     6812   755   36K   255 34.10   33.92  
c rst  geom best vmt  2314  1904K 3198      25K  3088 6.71    6.20     6812   756   37K   255 34.08   33.89  
c rst  geom best vmt  2315  1905K 3198      25K  3088 6.71    6.20     6812   757   37K   255 34.05   33.87  
c rst  geom best vmt  2316  1905K 3198      25K  3088 6.71    6.20     6819   826   22K   255 31.17   30.92  
c rst  geom best vmt  2317  1905K 3198      25K  3088 6.71    6.20     6819   830   22K   255 31.15   30.91  
c rst  geom best vmt  2318  1905K 3198      25K  3088 6.71    6.20     6819   830   22K   255 31.13   30.89  
c rst  geom best vmt  2319  1905K 3198      25K  3088 6.71    6.20     6819   835   22K   255 31.13   30.89  
c rst  geom best vmt  2320  1906K 3198      25K  3088 6.71    6.20     6819   840   23K   255 31.09   30.85  
c rst  geom best vmt  2321  1906K 3198      25K  3088 6.71    6.20     6819   843   23K   255 31.19   30.95  
c rst  geom best vmt  2322  1906K 3198      25K  3088 6.71    6.20     6819   845   23K   255 31.17   30.93  
c rst  geom best vmt  2323  1907K 3198      25K  3088 6.71    6.20     6819   848   24K   255 31.17   30.93  
c rst  geom best vmt  2324  1907K 3198      25K  3088 6.71    6.20     6819   851   24K   255 31.35   31.12  
c rst  geom best vmt  2325  1908K 3198      25K  3088 6.71    6.20     6820   854   24K   255 31.37   31.15  
c rst  geom best vmt  2326  1908K 3198      25K  3088 6.71    6.20     6820   854   25K   255 31.31   31.09  
c rst  geom best vmt  2327  1909K 3198      25K  3088 6.71    6.20     6820   857   25K   255 31.31   31.09  
c [full-probe]  bin_only: 0 set: 0 repl: 0 T: 0.01 T-out: N T-r: 98.76%
c [distill-bin] useful: 0/3088/3088 lits-rem: 0 cl-rem: 0 0-depth-assigns: 0 T: 0.01 T-out: N
c rst  geom best vmt  2328  1909K 3198      25K  3088 6.71    6.20     6820   860   26K   255 31.34   31.13  
c rst  geom best vmt  2329  1910K 3198      25K  3088 6.71    6.20     6865   794   27K   255 31.39   31.18  
c rst  geom best vmt  2330  1911K 3198      25K  3088 6.71    6.20     6865   801   27K   255 31.45   31.24  
c rst  geom best vmt  2331  1911K 3198      25K  3088 6.71    6.20     6865   805   28K   255 31.39   31.18  
c rst  geom best vmt  2332  1912K 3198      25K  3088 6.71    6.20     6868   823   29K   255 31.37   31.17  
c [gauss] XOR-encoding clauses are not detached, so no need to reattach them.
c [g 0] truth-find prop checks  : 1453K
c [g 0] -> of which prop        : 41.30 %
c [g 0] -> of which confl       :  1.23 %
c [g 0] elim called             : 140K
c [g 0] ---> which lead to prop : 200.50 %
c [g 0] ---> which lead to confl:  6.17 %
c [g 0] size: 68    x 139  
c [scc] new: 0 BP 0M T: 0.00
c [vrep] vars 0 lits 0 rem-bin-cls 0 rem-long-cls 0 BP 0M T: 0.01
c [intree] Set 0 vars hyper-added: 0 trans-irred: 0 trans-red: 0 T: 0.01 T-out: N T-r: -0.69%
c [find&init matx] performing matrix init
c [gauss] XOR-encoding clauses are not detached, so no need to reattach them.
c [xor-rem-unconnected] left with 283 xors from 283 non-empty xors T: 0.00
c [xor-together] xored together: 215 orig xors: 283 new xors: 68 T: 0.00
c [xor-rem-unconnected] left with 68 xors from 68 non-empty xors T: 0.00
c [xor-clean-equiv] removed equivalent xors: 0 left with: 68
c [matrix] unused xors from cleaning: 0
c [matrix] Good   matrix 0 68      x139    density:0.1179  xorlen avg: 16.38
c [matrix] Using 1 matrices recovered from 0 xors T: 0.00 T-out: N
c rst  geom best vmt  2333  1913K 3198      25K  3088 6.71    6.20     6868   826   30K   255 31.37   31.17  
c rst  geom best vmt  2334  1914K 3198      25K  3088 6.71    6.20     6868   829   31K   255 31.69   31.50  
c rst  geom best vmt  2335  1915K 3198      25K  3088 6.71    6.20     6868   834   32K   255 31.59   31.41  
c [ccnr] tries: 0 steps: 262143 best found: 2
c [ccnr] saving best assignment phase to stable_polar
c [ccnr] bumping based on var unsat frequency: conflict_ct
c [ccnr] Bumped vars: 3202 bump type: 6
c [ccnr] time: 0.33
c rst  geom best vmt  2336  1917K 3198      25K  3088 6.71    6.20     6869   876   33K   255 31.78   31.60  
c rst  geom best vmt  2337  1918K 3198      25K  3088 6.71    6.20     6877   997   35K   255 31.59   31.41  
c rst  geom best vmt  2338  1920K 3198      25K  3088 6.71    6.20     7040  1085   29K   255 31.15   30.95  
c [distill-long-red0] cls tried: 150/150 T: 0.01 T-out: N T-r: 99.84%
c [distill-long-red1] cls tried: 194/502 T: 0.02 T-out: Y T-r: -0.26%
c rst  geom best vmt  2339  1921K 3198      25K  3088 6.71    6.20     7041  1108   31K   255 31.28   31.10  
c rst  geom best vmt  2340  1923K 3198      25K  3088 6.71    6.20     7041  1111   33K   255 31.27   31.09  
c rst  geom best vmt  2341  1925K 3198      25K  3088 6.71    6.20     7042  1130   35K   255 31.63   31.45  
c [distill] watch-based irred--  cl tried 33332    cl-sh 0     cl-rem 0    lit-rem 0      T: 0.06 T-out: Y
c [distill] watch-based red  --  cl tried 14084    cl-sh 2     cl-rem 0    lit-rem 2      T: 0.02 T-out: N
c rst  geom best vmt  2342  1928K 3198      25K  3088 6.71    6.20     7045  1177   37K   255 31.49   31.32  
c rst  geom best vmt  2343  1930K 3198      25K  3088 6.71    6.20     7129  1082   40K   255 31.79   31.63  
c [full-probe]  bin_only: 1 set: 0 repl: 0 T: 0.02 T-out: N T-r: 99.74%
c [distill-bin] useful: 0/3088/3088 lits-rem: 0 cl-rem: 0 0-depth-assigns: 0 T: 0.02 T-out: N
c rst  geom stb  vmt  2344  1933K 3198      25K  3088 6.71    6.20     7129  1091   42K   255 32.61   32.46  
c rst  geom stb  vmt  2345  1936K 3198      25K  3088 6.71    6.20     7139  1242   31K   255 30.31   30.13  
c [distill-long-red0] cls tried: 81/81 T: 0.01 T-out: N T-r: 99.90%
c [distill-long-red1] cls tried: 180/510 T: 0.02 T-out: Y T-r: -0.27%
c rst  geom stb  vmt  2346  1939K 3198      25K  3088 6.71    6.20     7139  1244   34K   255 31.00   30.83  
c rst  geom stb  vmt  2347  1943K 3198      25K  3088 6.71    6.20     7203  1166   38K   255 31.67   31.50  
c rst  geom stb  vmt  2348  1947K 3198      25K  3088 6.71    6.20     7204  1174   42K   255 32.08   31.93  
c rst  geom stb  vmt  2349  1951K 3198      25K  3088 6.71    6.20     7304  1063   27K   255 30.96   30.75  
c [distill-long-red0] cls tried: 104/104 T: 0.01 T-out: N T-r: 99.90%
c [distill-long-red1] cls tried: 278/398 T: 0.02 T-out: Y T-r: -0.11%
c [full-probe]  bin_only: 0 set: 0 repl: 0 T: 0.01 T-out: N T-r: 99.04%
c [distill-bin] useful: 0/3088/3088 lits-rem: 0 cl-rem: 0 0-depth-assigns: 0 T: 0.01 T-out: N
c [distill] watch-based irred--  cl tried 34856    cl-sh 0     cl-rem 0    lit-rem 0      T: 0.06 T-out: Y
c [distill] watch-based red  --  cl tried 14608    cl-sh 0     cl-rem 0    lit-rem 0      T: 0.02 T-out: N
c rst  geom stb  vmt  2350  1956K 3198      25K  3088 6.71    6.20     7304  1075   32K   255 31.52   31.33  
c [impl-str] lit bin: 0 set-var: 0 T: 0.00 T-out: N T-r: 99.97% w-visit: 6404
c [impl-sub] bin: 1 T: 0.00 T-out: N w-visit: 6404
c rst  geom ibes vmt  2351  1961K 3198      25K  3088 6.71    6.20     7343   999   37K   254 32.69   32.52  
c [ccnr] tries: 0 steps: 262143 best found: 4
c [ccnr] saving best assignment phase to stable_polar
c [ccnr] bumping based on clause weights
c [ccnr] Bumped vars: 104 bump type: 6
c [ccnr] time: 0.33
c rst  geom ibes vmt  2352  1967K 3198      25K  3088 6.71    6.20     7370  1169   26K   254 30.27   30.07  
c [distill-long-red0] cls tried: 26/26 T: 0.00 T-out: N T-r: 99.97%
c [distill-long-red1] cls tried: 274/275 T: 0.02 T-out: Y T-r: -0.46%
c rst  geom ibes vmt  2353  1973K 3198      25K  3088 6.71    6.20     7481  1067   33K   254 33.48   33.29  
c [full-probe]  bin_only: 1 set: 0 repl: 0 T: 0.01 T-out: N T-r: 99.89%
c [distill-bin] useful: 0/3088/3088 lits-rem: 0 cl-rem: 0 0-depth-assigns: 0 T: 0.01 T-out: N
c rst  geom ibes vmt  2354  1980K 3198      25K  3088 6.71    6.20     7516  1075   23K   254 33.51   33.26  
c [distill] watch-based irred--  cl tried 36210    cl-sh 0     cl-rem 0    lit-rem 0      T: 0.05 T-out: N
c [distill] watch-based red  --  cl tried 15032    cl-sh 3     cl-rem 0    lit-rem 3      T: 0.02 T-out: N
c [gauss] XOR-encoding clauses are not detached, so no need to reattach them.
c [g 0] truth-find prop checks  : 1568K
c [g 0] -> of which prop        : 39.82 %
c [g 0] -> of which confl       :  1.10 %
c [g 0] elim called             : 147K
c [g 0] ---> which lead to prop : 184.38 %
c [g 0] ---> which lead to confl:  5.36 %
c [g 0] size: 68    x 139  
c [scc] new: 0 BP 0M T: 0.00
c [vrep] vars 0 lits 0 rem-bin-cls 0 rem-long-cls 0 BP 0M T: 0.00
c [intree] Set 0 vars hyper-added: 0 trans-irred: 0 trans-red: 0 T: 0.01 T-out: N T-r: -0.66%
c [find&init matx] performing matrix init
c [gauss] XOR-encoding clauses are not detached, so no need to reattach them.
c [xor-rem-unconnected] left with 283 xors from 283 non-empty xors T: 0.00
c [xor-together] xored together: 215 orig xors: 283 new xors: 68 T: 0.00
c [xor-rem-unconnected] left with 68 xors from 68 non-empty xors T: 0.00
c [xor-clean-equiv] removed equivalent xors: 0 left with: 68
c [matrix] unused xors from cleaning: 0
c [matrix] Good   matrix 0 68      x139    density:0.1179  xorlen avg: 16.38
c [matrix] Using 1 matrices recovered from 0 xors T: 0.00 T-out: N
c rst  geom svd  vmt  2355  1988K 3198      25K  3088 6.71    6.20     7516  1096   31K   254 33.68   33.48  
c [distill-long-red0] cls tried: 38/38 T: 0.00 T-out: N T-r: 99.98%
c [distill-long-red1] cls tried: 145/145 T: 0.01 T-out: N T-r: 31.99%
c rst  geom svd  vmt  2356  1997K 3198      25K  3088 6.71    6.20     7550   948   28K   254 31.70   31.50  
c [full-probe]  bin_only: 0 set: 0 repl: 0 T: 0.01 T-out: N T-r: 98.55%
c [distill-bin] useful: 0/3088/3088 lits-rem: 0 cl-rem: 0 0-depth-assigns: 0 T: 0.01 T-out: N
c rst  geom svd  vmt  2357  2006K 3198      25K  3088 6.71    6.20     7601   766   37K   254 34.32   34.15  
c [branch] adjusting to: vsid (from: vmtf) var_decay:0.95 descr: VSIDS
c [distill-long-red0] cls tried: 30/30 T: 0.00 T-out: N T-r: 99.96%
c [distill-long-red1] cls tried: 101/101 T: 0.01 T-out: N T-r: 38.32%
c [distill] watch-based irred--  cl tried 36210    cl-sh 0     cl-rem 0    lit-rem 0      T: 0.05 T-out: N
c [distill] watch-based red  --  cl tried 15202    cl-sh 1     cl-rem 0    lit-rem 1      T: 0.02 T-out: N
c [ccnr] tries: 0 steps: 262143 best found: 2
c [ccnr] saving best assignment phase to stable_polar
c [ccnr] bumping based on var unsat frequency: conflict_ct
c [ccnr] Bumped vars: 3202 bump type: 6
c [ccnr] time: 0.33
c rst  geom best vs   2358  2006K 3198      25K  3088 6.71    6.20     7601   766   37K   254 34.30   34.13  
c rst  geom best vs   2359  2006K 3198      25K  3088 6.71    6.20     7601   766   37K   254 34.28   34.10  
c rst  geom best vs   2360  2007K 3198      25K  3088 6.71    6.20     7601   766   38K   254 34.27   34.09  
c rst  geom best vs   2361  2007K 3198      25K  3088 6.71    6.20     7601   769   38K   254 34.25   34.07  
c rst  geom best vs   2362  2007K 3198      25K  3088 6.71    6.20     7601   772   38K   254 34.20   34.03  
c rst  geom best vs   2363  2007K 3198      25K  3088 6.71    6.20     7601   776   38K   254 34.17   34.00  
c rst  geom best vs   2364  2007K 3198      25K  3088 6.71    6.20     7601   778   38K   254 34.13   33.96  
c rst  geom best vs   2365  2008K 3198      25K  3088 6.71    6.20     7601   779   39K   254 34.10   33.93  
c rst  geom best vs   2366  2008K 3198      25K  3088 6.71    6.20     7601   782   39K   254 34.06   33.89  
c rst  geom best vs   2367  2008K 3198      25K  3088 6.71    6.20     7601   782   39K   254 34.01   33.85  
c rst  geom best vs   2368  2008K 3198      25K  3088 6.71    6.20     7601   782   39K   254 33.96   33.80  
c rst  geom best vs   2369  2009K 3198      25K  3088 6.71    6.20     7601   783   40K   254 33.91   33.74  
c rst  geom best vs   2370  2009K 3198      25K  3088 6.71    6.20     7601   783   40K   254 33.88   33.71  
c rst  geom best vs   2371  2010K 3198      25K  3088 6.71    6.20     7601   784   40K   254 33.80   33.64  
c rst  geom best vs   2372  2010K 3198      25K  3088 6.71    6.20     7655   761   26K   254 29.77   29.57  
c rst  geom best vs   2373  2011K 3198      25K  3088 6.71    6.20     7655   761   26K   254 29.74   29.54  
c rst  geom best vs   2374  2011K 3198      25K  3088 6.71    6.20     7655   763   27K   254 29.71   29.52  
c rst  geom best vs   2375  2012K 3198      25K  3088 6.71    6.20     7655   763   27K   254 29.68   29.48  
c rst  geom best vs   2376  2012K 3198      25K  3088 6.71    6.20     7655   764   28K   254 29.63   29.44  
c rst  geom best vs   2377  2013K 3198      25K  3088 6.71    6.20     7655   767   29K   254 29.59   29.41  
c rst  geom best vs   2378  2014K 3198      25K  3088 6.71    6.20     7656   767   30K   254 29.55   29.37  
c rst  geom best vs   2379  2015K 3198      25K  3088 6.71    6.20     7656   768   31K   254 29.51   29.33  
c rst  geom best vs   2380  2016K 3198      25K  3088 6.71    6.20     7656   772   31K   254 29.42   29.25  
c rst  geom best vs   2381  2017K 3198      25K  3088 6.71    6.20     7656   772   33K   254 29.39   29.23  
c [impl-str] lit bin: 0 set-var: 0 T: 0.00 T-out: N T-r: 99.97% w-visit: 6404
c [impl-sub] bin: 0 T: 0.00 T-out: N w-visit: 6404
c rst  geom best vs   2382  2018K 3198      25K  3088 6.71    6.20     7656   772   34K   254 29.33   29.16  
c [full-probe]  bin_only: 1 set: 0 repl: 0 T: 0.01 T-out: N T-r: 99.76%
c [distill-bin] useful: 0/3088/3088 lits-rem: 0 cl-rem: 0 0-depth-assigns: 0 T: 0.02 T-out: N
c rst  geom best vs   2383  2019K 3198      25K  3088 6.71    6.20     7656   772   35K   254 29.26   29.10  
c rst  geom best vs   2384  2021K 3198      25K  3088 6.71    6.20     7679   681   36K   254 29.21   29.06  
c rst  geom best vs   2385  2022K 3198      25K  3088 6.71    6.20     7679   685   38K   254 29.28   29.13  
c [distill-long-red0] cls tried: 15/15 T: 0.00 T-out: N T-r: 99.98%
c [distill-long-red1] cls tried: 99/99 T: 0.01 T-out: N T-r: 43.32%
c rst  geom best vs   2386  2024K 3198      25K  3088 6.71    6.20     7679   685   40K   254 29.24   29.10  
c rst  geom best vs   2387  2026K 3198      25K  3088 6.71    6.20     7695   731   33K   254 27.93   27.77  
c rst  geom best vs   2388  2028K 3198      25K  3088 6.71    6.20     7695   737   35K   254 27.99   27.85  
c rst  geom best vs   2389  2030K 3198      25K  3088 6.71    6.20     7721   630   37K   254 27.93   27.79  
c rst  geom best vs   2390  2032K 3198      25K  3088 6.71    6.20     7721   643   40K   254 27.95   27.81  
c [distill] watch-based irred--  cl tried 32767    cl-sh 0     cl-rem 0    lit-rem 0      T: 0.06 T-out: Y
c [distill] watch-based red  --  cl tried 15442    cl-sh 0     cl-rem 0    lit-rem 0      T: 0.03 T-out: N
c rst  geom stb  vs   2391  2035K 3198      25K  3088 6.71    6.20     7721   649   42K   254 28.85   28.72  
c rst  geom stb  vs   2392  2038K 3198      25K  3088 6.71    6.20     7721   656   45K   254 29.60   29.47  
c [distill-long-red0] cls tried: 3/3 T: 0.00 T-out: N T-r: 100.00%
c [distill-long-red1] cls tried: 74/74 T: 0.01 T-out: N T-r: 58.47%
c [full-probe]  bin_only: 0 set: 0 repl: 0 T: 0.01 T-out: N T-r: 98.59%
c [distill-bin] useful: 0/3088/3088 lits-rem: 0 cl-rem: 0 0-depth-assigns: 0 T: 0.01 T-out: N
c rst  geom stb  vs   2393  2041K 3198      25K  3088 6.71    6.20     7791   549   31K   254 26.59   26.43  
c rst  geom stb  vs   2394  2045K 3198      25K  3088 6.71    6.20     7791   553   34K   254 27.68   27.53  
c rst  geom stb  vs   2395  2049K 3198      25K  3088 6.71    6.20     7791   562   38K   254 28.58   28.43  
c [gauss] XOR-encoding clauses are not detached, so no need to reattach them.
c [g 0] truth-find prop checks  : 1649K
c [g 0] -> of which prop        : 34.71 %
c [g 0] -> of which confl       :  1.11 %
c [g 0] elim called             : 158K
c [g 0] ---> which lead to prop : 174.14 %
c [g 0] ---> which lead to confl:  6.14 %
c [g 0] size: 68    x 139  
c [scc] new: 0 BP 0M T: 0.00
c [vrep] vars 0 lits 0 rem-bin-cls 0 rem-long-cls 0 BP 0M T: 0.01
c [intree] Set 0 vars hyper-added: 0 trans-irred: 0 trans-red: 0 T: 0.01 T-out: N T-r: -0.48%
c [find&init matx] performing matrix init
c [gauss] XOR-encoding clauses are not detached, so no need to reattach them.
c [xor-rem-unconnected] left with 283 xors from 283 non-empty xors T: 0.00
c [xor-together] xored together: 215 orig xors: 283 new xors: 68 T: 0.00
c [xor-rem-unconnected] left with 68 xors from 68 non-empty xors T: 0.00
c [xor-clean-equiv] removed equivalent xors: 0 left with: 68
c [matrix] unused xors from cleaning: 0
c [matrix] Good   matrix 0 68      x139    density:0.1179  xorlen avg: 16.38
c [matrix] Using 1 matrices recovered from 0 xors T: 0.00 T-out: N
c rst  geom stb  vs   2396  2053K 3198      25K  3088 6.71    6.20     7807   452   43K   254 29.53   29.39  
c [distill-long-red0] cls tried: 8/8 T: 0.00 T-out: N T-r: 99.99%
c [distill-long-red1] cls tried: 47/47 T: 0.01 T-out: N T-r: 75.59%
c [ccnr] tries: 0 steps: 262143 best found: 5
c [ccnr] saving best assignment phase to stable_polar
c [ccnr] bumping based on var unsat frequency: conflict_ct
c [ccnr] Bumped vars: 3202 bump type: 6
c [ccnr] time: 0.32
c rst  geom stb  vs   2397  2058K 3198      25K  3088 6.71    6.20     7817   482   25K   254 31.98   31.75  
c [full-probe]  bin_only: 1 set: 0 repl: 0 T: 0.01 T-out: N T-r: 99.84%
c [distill-bin] useful: 0/3088/3088 lits-rem: 0 cl-rem: 0 0-depth-assigns: 0 T: 0.01 T-out: N
c [distill] watch-based irred--  cl tried 36210    cl-sh 0     cl-rem 0    lit-rem 0      T: 0.05 T-out: N
c [distill] watch-based red  --  cl tried 15634    cl-sh 0     cl-rem 0    lit-rem 0      T: 0.02 T-out: N
c rst  geom ibes vs   2398  2064K 3198      25K  3088 6.71    6.20     7833   409   31K   254 31.76   31.57  
c rst  geom ibes vs   2399  2069K 3198      25K  3088 6.71    6.20     7833   425   36K   254 31.61   31.44  
c [distill-long-red0] cls tried: 5/5 T: 0.00 T-out: N T-r: 99.99%
c [distill-long-red1] cls tried: 44/44 T: 0.01 T-out: N T-r: 78.63%
c rst  geom ibes vs   2400  2076K 3198      25K  3088 6.71    6.20     7875   425   32K   254 30.26   30.09  
c rst  geom ibes vs   2401  2083K 3198      25K  3088 6.71    6.20     7896   365   39K   254 30.50   30.35  
c [full-probe]  bin_only: 0 set: 0 repl: 0 T: 0.01 T-out: N T-r: 98.40%
c [distill-bin] useful: 0/3088/3088 lits-rem: 0 cl-rem: 0 0-depth-assigns: 0 T: 0.01 T-out: N
c [impl-str] lit bin: 0 set-var: 0 T: 0.00 T-out: N T-r: 99.97% w-visit: 6404
c [impl-sub] bin: 0 T: 0.00 T-out: N w-visit: 6404
c rst  geom ibes vs   2402  2091K 3198      25K  3088 6.71    6.20     7912   394   34K   254 28.10   27.94  
c [distill-long-red0] cls tried: 25/25 T: 0.00 T-out: N T-r: 99.98%
c [distill-long-red1] cls tried: 123/123 T: 0.01 T-out: N T-r: 48.22%
c [distill] watch-based irred--  cl tried 36210    cl-sh 0     cl-rem 0    lit-rem 0      T: 0.05 T-out: N
c [distill] watch-based red  --  cl tried 15824    cl-sh 1     cl-rem 0    lit-rem 1      T: 0.02 T-out: N
c rst  geom svd  vs   2403  2099K 3198      25K  3088 6.71    6.20     7912   403   42K   254 28.87   28.74  
c [ccnr] tries: 0 steps: 262143 best found: 2
c [ccnr] saving best assignment phase to stable_polar
c [ccnr] bumping based on clause weights
c [ccnr] Bumped vars: 102 bump type: 6
c [ccnr] time: 0.33
c rst  geom svd  vs   2404  2109K 3198      25K  3088 6.71    6.20     7927   370   39K   254 29.03   28.88  
c [distill-long-red0] cls tried: 5/5 T: 0.00 T-out: N T-r: 99.99%
c [distill-long-red1] cls tried: 24/24 T: 0.00 T-out: N T-r: 89.35%
c [full-probe]  bin_only: 1 set: 0 repl: 0 T: 0.01 T-out: N T-r: 99.83%
c [distill-bin] useful: 0/3088/3088 lits-rem: 0 cl-rem: 0 0-depth-assigns: 0 T: 0.01 T-out: N
c rst  geom svd  vs   2405  2114K 3198      25K  3088 6.71    6.20     7937   309   44K   254 29.53   29.40  
c recursive minimization cost OK: 2908Kcost/(% lits removed)
c [gauss] XOR-encoding clauses are not detached, so no need to reattach them.
c [g 0] truth-find prop checks  : 1489K
c [g 0] -> of which prop        : 33.84 %
c [g 0] -> of which confl       :  1.02 %
c [g 0] elim called             : 148K
c [g 0] ---> which lead to prop : 179.12 %
c [g 0] ---> which lead to confl:  5.60 %
c [g 0] size: 68    x 139  
c --> Executing strategy token: scc-vrepl
c [scc] new: 0 BP 0M T: 0.00
c --> Executing strategy token: sub-impl
c [impl-sub] bin: 0 T: 0.00 T-out: N w-visit: 6404
c --> Executing strategy token: breakid
c --> Executing OCC strategy token(s): 'occ-backw-sub-str,occ-clean-implicit,occ-bve,occ-bva,occ-ternary-res,occ-xor,'
c [occ] mem usage for occur 2      MB
c [occ] Linked in IRRED BIN by default: 3088
c [occ] Linked in RED   BIN by default: 254
c [occ] mem usage for occur 1      MB
c Mem for watch alloc      : 17          MB (27.69     %)
c Mem for watch array      : 0           MB (0.23      %)
c --> Executing OCC strategy token: occ-backw-sub-str
c [occ-backw-sub-str-long-w-bins] subs: 0 str: 1 tried: 100701 0-depth ass: 0 T: 0.00 T-out: N T-r: 99.49%
c [occ-backw-sub-long-w-long] rem cl: 148 tried: 78225/78225 (100.0%) T: 0.02 T-out: N T-r: 96.36%
c [occ-backw-sub-str-long-w-long] sub: 11 str: 83 tried: 234675/78225 (300.0)  T: 0.11 T-out: N T-r: 89.52%
c --> Executing OCC strategy token: occ-clean-implicit
c --> Executing OCC strategy token: occ-bve
c [occ-empty-res] Empty resolvent elimed: 0 T: 0.00 T-out: N
c [occ-bve] turning off picosat-based irreg gate detection, added lits:  450K
c [occ-bve] iter v-elim 0
c cl_inc_rate=1.0, var_dec_rate=1.0 (grow=0)
c Reduced to 3198 vars, 28313 cls (grow=0)
c [occ-bve] iter v-elim 0
c cl_inc_rate=1.0, var_dec_rate=1.0 (grow=8)
c Reduced to 3198 vars, 28313 cls (grow=8)
c [occ-bve] iter v-elim 0
c cl_inc_rate=1.0, var_dec_rate=1.0 (grow=16)
c Reduced to 3198 vars, 28313 cls (grow=16)
c x n vars       : 3198
c #try to eliminate:  9594
c #var-elim        :     0
c #T-o: N
c #T-r: 99.99%
c #T  : 1.69
c [occur] 0.05 is overhead
c [occur] link-in T: 0.05 cleanup T: 0.00
c --> Executing OCC strategy token: occ-bva
c --> Executing OCC strategy token: occ-ternary-res
c [occ-ternary-res] Ternary res-tri: 0 res-bin: 0 sub: 0 str: 0 T: 0.00 T-out: N T-r: 99.88%
c --> Executing OCC strategy token: occ-xor
c [occ-xor] sort occur list T: 0.01
c [xor-clean-equiv] removed equivalent xors: 0 left with: 273
c [occ-xor] found    273 avg sz 5.4 min sz  4 max sz  6 T: 0.02 T-out: N T-r: 99.97%
c --> Executing strategy token: card-find
c --> Executing strategy token: cl-consolidate
c Not consolidating memory.
c --> Executing strategy token: scc-vrepl
c [scc] new: 0 BP 0M T: 0.00
c --> Executing strategy token: renumber
c --> Executing strategy token: bosphorus
c --> Executing strategy token: louvain-comms
c [consolidate] mini T: 0.00
c global_timeout_multiplier: 7.0738
c [branch] rebuilding order heap for all branchings. Current branching: vsid
c [find&init matx] performing matrix init
c [gauss] XOR-encoding clauses are not detached, so no need to reattach them.
c [xor-rem-unconnected] left with 273 xors from 273 non-empty xors T: 0.00
c [xor-together] xored together: 209 orig xors: 273 new xors: 64 T: 0.00
c [xor-rem-unconnected] left with 64 xors from 64 non-empty xors T: 0.00
c [xor-clean-equiv] removed equivalent xors: 0 left with: 64
c [matrix] unused xors from cleaning: 0
c [matrix] Good   matrix  0     64 x  133  density:0.1255  xorlen avg: 16.69
c [matrix] Using 1 matrices recovered from 0 xors T: 0.00 T-out: N
c rst  geom  svd   vs  2406 2119K    3198   25K  3088    6.71    6.20  7784   366   33K   254   27.90   27.74
c [distill] watch-based irred--  cl tried    36786 cl-sh     0 cl-rem    0 lit-rem      0 T: 0.06 T-out: N
c [distill] watch-based   red--  cl tried    15568 cl-sh     3 cl-rem    0 lit-rem      3 T: 0.02 T-out: N
c [gauss] XOR-encoding clauses are not detached, so no need to reattach them.
c [g 0] truth-find prop checks  : 124K
c [g 0] -> of which prop        : 27.01 %
c [g 0] -> of which confl       :  1.11 %
c [g 0] elim called             : 17964
c [g 0] ---> which lead to prop : 121.65 %
c [g 0] ---> which lead to confl:  4.13 %
c [g 0] size: 64    x 133  
c [scc] new: 0 BP 0M T: 0.00
c [vrep] vars 0 lits 0 rem-bin-cls 0 rem-long-cls 0 BP 0M T: 0.01
c [intree] Set 0 vars hyper-added: 0 trans-irred: 0 trans-red: 0 T: 0.01 T-out: N T-r: 0.06%
c [find&init matx] performing matrix init
c [gauss] XOR-encoding clauses are not detached, so no need to reattach them.
c [xor-rem-unconnected] left with 273 xors from 273 non-empty xors T: 0.00
c [xor-together] xored together: 209 orig xors: 273 new xors: 64 T: 0.00
c [xor-rem-unconnected] left with 64 xors from 64 non-empty xors T: 0.00
c [xor-clean-equiv] removed equivalent xors: 0 left with: 64
c [matrix] unused xors from cleaning: 0
c [matrix] Good   matrix 0 64      x133    density:0.1255  xorlen avg: 16.69
c [matrix] Using 1 matrices recovered from 0 xors T: 0.00 T-out: N
c rst  geom best vs   2407  2130K 3198      25K  3088 6.71    6.20     7836   360   34K   254 26.73   26.58  
c [distill-long-red0] cls tried: 35/35 T: 0.00 T-out: N T-r: 99.96%
c [distill-long-red1] cls tried: 136/136 T: 0.01 T-out: N T-r: 50.38%
c [full-probe]  bin_only: 0 set: 0 repl: 0 T: 0.01 T-out: N T-r: 98.86%
c [distill-bin] useful: 0/3088/3088 lits-rem: 0 cl-rem: 0 0-depth-assigns: 0 T: 0.01 T-out: N
c rst  geom best vs   2408  2143K 3198      25K  3088 6.71    6.20     7854   327   46K   254 27.61   27.49  
c rst  geom best vs   2409  2157K 3198      25K  3088 6.71    6.20     7870   380   46K   254 26.33   26.21  
c [distill-long-red0] cls tried: 21/21 T: 0.00 T-out: N T-r: 99.98%
c [distill-long-red1] cls tried: 100/100 T: 0.01 T-out: N T-r: 56.48%
c [full-probe]  bin_only: 1 set: 0 repl: 0 T: 0.01 T-out: N T-r: 99.83%
c [distill-bin] useful: 0/3088/3088 lits-rem: 0 cl-rem: 0 0-depth-assigns: 0 T: 0.01 T-out: N
c [distill] watch-based irred--  cl tried 36321    cl-sh 0     cl-rem 0    lit-rem 0      T: 0.06 T-out: Y
c [distill] watch-based red  --  cl tried 15740    cl-sh 0     cl-rem 0    lit-rem 0      T: 0.02 T-out: N
c [impl-str] lit bin: 0 set-var: 0 T: 0.00 T-out: N T-r: 99.97% w-visit: 6404
c [impl-sub] bin: 0 T: 0.00 T-out: N w-visit: 6404
c [ccnr] tries: 0 steps: 262143 best found: 2
c [ccnr] saving best assignment phase to stable_polar
c [ccnr] bumping based on var unsat frequency: conflict_ct
c [ccnr] Bumped vars: 3202 bump type: 6
c [ccnr] time: 0.33
c rst  geom stb  vs   2410  2172K 3198      25K  3088 6.71    6.20     7945   403   46K   254 29.11   28.98  
c [distill-long-red0] cls tried: 51/51 T: 0.00 T-out: N T-r: 99.96%
c [distill-long-red1] cls tried: 98/98 T: 0.01 T-out: N T-r: 33.65%
c rst  geom stb  vs   2411  2188K 3198      25K  3088 6.71    6.20     7992   550   37K   254 31.21   31.05  
c [distill-long-red0] cls tried: 30/30 T: 0.00 T-out: N T-r: 99.97%
c [distill-long-red1] cls tried: 171/172 T: 0.02 T-out: Y T-r: -0.73%
c [full-probe]  bin_only: 0 set: 0 repl: 0 T: 0.01 T-out: N T-r: 98.58%
c [distill-bin] useful: 0/3088/3088 lits-rem: 0 cl-rem: 0 0-depth-assigns: 0 T: 0.01 T-out: N
c [distill] watch-based irred--  cl tried 35468    cl-sh 0     cl-rem 0    lit-rem 0      T: 0.06 T-out: Y
c [distill] watch-based red  --  cl tried 15984    cl-sh 0     cl-rem 0    lit-rem 0      T: 0.02 T-out: N
c [gauss] XOR-encoding clauses are not detached, so no need to reattach them.
c [g 0] truth-find prop checks  : 1798K
c [g 0] -> of which prop        : 40.19 %
c [g 0] -> of which confl       :  0.71 %
c [g 0] elim called             : 141K
c [g 0] ---> which lead to prop : 144.67 %
c [g 0] ---> which lead to confl:  4.03 %
c [g 0] size: 64    x 133  
c [scc] new: 0 BP 0M T: 0.00
c [vrep] vars 0 lits 0 rem-bin-cls 0 rem-long-cls 0 BP 0M T: 0.01
c [intree] Set 0 vars hyper-added: 0 trans-irred: 0 trans-red: 0 T: 0.01 T-out: N T-r: -0.45%
c [find&init matx] performing matrix init
c [gauss] XOR-encoding clauses are not detached, so no need to reattach them.
c [xor-rem-unconnected] left with 273 xors from 273 non-empty xors T: 0.00
c [xor-together] xored together: 209 orig xors: 273 new xors: 64 T: 0.00
c [xor-rem-unconnected] left with 64 xors from 64 non-empty xors T: 0.00
c [xor-clean-equiv] removed equivalent xors: 0 left with: 64
c [matrix] unused xors from cleaning: 0
c [matrix] Good   matrix 0 64      x133    density:0.1255  xorlen avg: 16.69
c [matrix] Using 1 matrices recovered from 0 xors T: 0.00 T-out: N
c rst  geom ibes vs   2412  2207K 3198      25K  3088 6.71    6.20     8047   660   25K   254 27.50   27.31  
c [distill-long-red0] cls tried: 14/14 T: 0.00 T-out: N T-r: 99.98%
c [distill-long-red1] cls tried: 233/246 T: 0.02 T-out: Y T-r: -0.53%
c [ccnr] tries: 0 steps: 262143 best found: 2
c [ccnr] saving best assignment phase to stable_polar
c [ccnr] bumping based on var unsat frequency: conflict_ct
c [ccnr] Bumped vars: 3202 bump type: 6
c [ccnr] time: 0.32
c rst  geom ibes vs   2413  2227K 3198      25K  3088 6.71    6.20     8059   631   32K   254 28.13   27.97  
c [branch] adjusting to: vmtf (from: vsid) var_decay:0.95 descr: VMTF
c [distill-long-red0] cls tried: 4/4 T: 0.00 T-out: N T-r: 99.99%
c [distill-long-red1] cls tried: 66/66 T: 0.01 T-out: N T-r: 73.83%
c [full-probe]  bin_only: 1 set: 0 repl: 0 T: 0.01 T-out: N T-r: 99.80%
c [distill-bin] useful: 0/3088/3088 lits-rem: 0 cl-rem: 0 0-depth-assigns: 0 T: 0.01 T-out: N
c [distill] watch-based irred--  cl tried 36786    cl-sh 0     cl-rem 0    lit-rem 0      T: 0.05 T-out: N
c [distill] watch-based red  --  cl tried 16118    cl-sh 0     cl-rem 0    lit-rem 0      T: 0.02 T-out: N
c [impl-str] lit bin: 0 set-var: 0 T: 0.00 T-out: N T-r: 99.97% w-visit: 6404
c [impl-sub] bin: 0 T: 0.00 T-out: N w-visit: 6404
c rst  luby svd  vmt  2414  2227K 3198      25K  3088 6.71    6.20     8059   640   32K   254 28.10   27.94  
c rst  luby svd  vmt  2415  2227K 3198      25K  3088 6.71    6.20     8061   644   32K   254 28.11   27.95  
c rst  luby svd  vmt  2416  2227K 3198      25K  3088 6.71    6.20     8062   647   33K   254 28.16   28.01  
c rst  luby svd  vmt  2417  2227K 3198      25K  3088 6.71    6.20     8062   647   33K   254 28.19   28.03  
c rst  luby svd  vmt  2418  2227K 3198      25K  3088 6.71    6.20     8062   647   33K   254 28.23   28.07  
c rst  luby svd  vmt  2419  2228K 3198      25K  3088 6.71    6.20     8062   650   33K   254 28.30   28.14  
c rst  luby svd  vmt  2420  2228K 3198      25K  3088 6.71    6.20     8062   653   33K   254 28.47   28.31  
c rst  luby svd  vmt  2421  2228K 3198      25K  3088 6.71    6.20     8062   653   33K   254 28.51   28.35  
c rst  luby svd  vmt  2422  2228K 3198      25K  3088 6.71    6.20     8062   653   34K   254 28.54   28.38  
c rst  luby svd  vmt  2423  2228K 3198      25K  3088 6.71    6.20     8062   653   34K   254 28.58   28.43  
c rst  luby svd  vmt  2424  2229K 3198      25K  3088 6.71    6.20     8062   653   34K   254 28.62   28.46  
c rst  luby svd  vmt  2425  2229K 3198      25K  3088 6.71    6.20     8062   654   34K   254 28.64   28.48  
c rst  luby svd  vmt  2426  2229K 3198      25K  3088 6.71    6.20     8062   654   34K   254 28.70   28.54  
c rst  luby svd  vmt  2427  2229K 3198      25K  3088 6.71    6.20     8064   655   35K   254 28.81   28.65  
c rst  luby svd  vmt  2428  2230K 3198      25K  3088 6.71    6.20     8088   573   35K   254 28.94   28.79  
c rst  luby svd  vmt  2429  2230K 3198      25K  3088 6.71    6.20     8088   575   35K   254 28.96   28.81  
c rst  luby svd  vmt  2430  2230K 3198      25K  3088 6.71    6.20     8088   575   36K   254 28.98   28.83  
c rst  luby svd  vmt  2431  2230K 3198      25K  3088 6.71    6.20     8088   575   36K   254 29.04   28.89  
c rst  luby svd  vmt  2432  2231K 3198      25K  3088 6.71    6.20     8088   575   36K   254 29.08   28.93  
c rst  luby svd  vmt  2433  2231K 3198      25K  3088 6.71    6.20     8088   575   36K   254 29.12   28.96  
c rst  luby svd  vmt  2434  2231K 3198      25K  3088 6.71    6.20     8088   575   36K   254 29.20   29.04  
c rst  luby svd  vmt  2435  2231K 3198      25K  3088 6.71    6.20     8088   577   37K   254 29.29   29.14  
c rst  luby svd  vmt  2436  2231K 3198      25K  3088 6.71    6.20     8088   577   37K   254 29.31   29.16  
c rst  luby svd  vmt  2437  2231K 3198      25K  3088 6.71    6.20     8088   577   37K   254 29.35   29.20  
c rst  luby svd  vmt  2438  2232K 3198      25K  3088 6.71    6.20     8088   580   37K   254 29.41   29.26  
c rst  luby svd  vmt  2439  2232K 3198      25K  3088 6.71    6.20     8088   580   37K   254 29.44   29.29  
c rst  luby svd  vmt  2440  2232K 3198      25K  3088 6.71    6.20     8088   580   37K   254 29.47   29.32  
c rst  luby svd  vmt  2441  2232K 3198      25K  3088 6.71    6.20     8088   580   37K   254 29.53   29.38  
c rst  luby svd  vmt  2442  2232K 3198      25K  3088 6.71    6.20     8088   587   38K   254 29.59   29.44  
c rst  luby svd  vmt  2443  2233K 3198      25K  3088 6.71    6.20     8088   587   39K   254 29.78   29.63  
c rst  luby svd  vmt  2444  2235K 3198      25K  3088 6.71    6.20     8092   656   25K   254 28.37   28.18  
c rst  luby svd  vmt  2445  2235K 3198      25K  3088 6.71    6.20     8092   656   25K   254 28.40   28.20  
c rst  luby svd  vmt  2446  2235K 3198      25K  3088 6.71    6.20     8092   656   25K   254 28.44   28.25  
c rst  luby svd  vmt  2447  2235K 3198      25K  3088 6.71    6.20     8092   656   26K   254 28.51   28.32  
c rst  luby svd  vmt  2448  2235K 3198      25K  3088 6.71    6.20     8092   657   26K   254 28.55   28.36  
c rst  luby svd  vmt  2449  2235K 3198      25K  3088 6.71    6.20     8092   657   26K   254 28.60   28.41  
c rst  luby svd  vmt  2450  2236K 3198      25K  3088 6.71    6.20     8092   657   26K   254 28.67   28.48  
c rst  luby svd  vmt  2451  2236K 3198      25K  3088 6.71    6.20     8092   663   26K   254 28.84   28.65  
c rst  luby svd  vmt  2452  2236K 3198      25K  3088 6.71    6.20     8092   663   27K   254 28.87   28.68  
c rst  luby svd  vmt  2453  2236K 3198      25K  3088 6.71    6.20     8092   663   27K   254 28.90   28.72  
c rst  luby svd  vmt  2454  2236K 3198      25K  3088 6.71    6.20     8092   665   27K   254 28.94   28.76  
c rst  luby svd  vmt  2455  2237K 3198      25K  3088 6.71    6.20     8092   665   27K   254 28.96   28.77  
c rst  luby svd  vmt  2456  2237K 3198      25K  3088 6.71    6.20     8092   665   27K   254 28.99   28.80  
c rst  luby svd  vmt  2457  2237K 3198      25K  3088 6.71    6.20     8092   666   27K   254 29.05   28.86  
c rst  luby svd  vmt  2458  2237K 3198      25K  3088 6.71    6.20     8092   666   28K   254 29.13   28.95  
c rst  luby svd  vmt  2459  2238K 3198      25K  3088 6.71    6.20     8092   666   28K   254 29.28   29.10  
c rst  luby svd  vmt  2460  2238K 3198      25K  3088 6.71    6.20     8092   669   29K   254 29.32   29.14  
c rst  luby svd  vmt  2461  2238K 3198      25K  3088 6.71    6.20     8092   671   29K   254 29.36   29.18  
c rst  luby svd  vmt  2462  2238K 3198      25K  3088 6.71    6.20     8092   671   29K   254 29.43   29.24  
c rst  luby svd  vmt  2463  2239K 3198      25K  3088 6.71    6.20     8092   671   29K   254 29.46   29.28  
c rst  luby svd  vmt  2464  2239K 3198      25K  3088 6.71    6.20     8092   671   29K   254 29.49   29.31  
c rst  luby svd  vmt  2465  2239K 3198      25K  3088 6.71    6.20     8092   671   29K   254 29.55   29.36  
c rst  luby svd  vmt  2466  2239K 3198      25K  3088 6.71    6.20     8092   679   30K   254 29.69   29.51  
c rst  luby svd  vmt  2467  2239K 3198      25K  3088 6.71    6.20     8092   679   30K   254 29.72   29.54  
c rst  luby svd  vmt  2468  2239K 3198      25K  3088 6.71    6.20     8092   682   30K   254 29.75   29.57  
c rst  luby svd  vmt  2469  2240K 3198      25K  3088 6.71    6.20     8092   682   30K   254 29.83   29.65  
c rst  luby svd  vmt  2470  2240K 3198      25K  3088 6.71    6.20     8127   638   30K   254 29.85   29.67  
c rst  luby svd  vmt  2471  2240K 3198      25K  3088 6.71    6.20     8127   638   30K   254 29.88   29.70  
c rst  luby svd  vmt  2472  2240K 3198      25K  3088 6.71    6.20     8127   638   30K   254 29.92   29.74  
c rst  luby svd  vmt  2473  2240K 3198      25K  3088 6.71    6.20     8127   641   31K   254 30.04   29.86  
c rst  luby svd  vmt  2474  2241K 3198      25K  3088 6.71    6.20     8127   644   32K   254 30.26   30.08  
c rst  luby svd  vmt  2475  2243K 3198      25K  3088 6.71    6.20     8127   652   33K   254 30.64   30.47  
c [distill-long-red0] cls tried: 38/38 T: 0.00 T-out: N T-r: 99.96%
c [distill-long-red1] cls tried: 126/126 T: 0.01 T-out: N T-r: 50.89%
c rst  luby svd  vmt  2476  2246K 3198      25K  3088 6.71    6.20     8139   745   36K   254 31.17   31.01  
c rst  luby svd  vmt  2477  2246K 3198      25K  3088 6.71    6.20     8139   748   36K   254 31.20   31.03  
c rst  luby svd  vmt  2478  2246K 3198      25K  3088 6.71    6.20     8139   748   37K   254 31.22   31.06  
c rst  luby svd  vmt  2479  2247K 3198      25K  3088 6.71    6.20     8139   749   37K   254 31.29   31.13  
c rst  luby svd  vmt  2480  2247K 3198      25K  3088 6.71    6.20     8139   749   37K   254 31.32   31.16  
c rst  luby svd  vmt  2481  2247K 3198      25K  3088 6.71    6.20     8139   749   37K   254 31.35   31.19  
c rst  luby svd  vmt  2482  2247K 3198      25K  3088 6.71    6.20     8139   750   37K   254 31.40   31.24  
c [full-probe]  bin_only: 0 set: 0 repl: 0 T: 0.01 T-out: N T-r: 98.49%
c [distill-bin] useful: 0/3088/3088 lits-rem: 0 cl-rem: 0 0-depth-assigns: 0 T: 0.01 T-out: N
c rst  luby svd  vmt  2483  2247K 3198      25K  3088 6.71    6.20     8139   751   38K   254 31.49   31.33  
c rst  luby svd  vmt  2484  2247K 3198      25K  3088 6.71    6.20     8139   752   38K   254 31.51   31.36  
c rst  luby svd  vmt  2485  2248K 3198      25K  3088 6.71    6.20     8139   752   38K   254 31.54   31.38  
c rst  luby svd  vmt  2486  2248K 3198      25K  3088 6.71    6.20     8139   752   38K   254 31.59   31.43  
c rst  luby svd  vmt  2487  2248K 3198      25K  3088 6.71    6.20     8139   752   38K   254 31.61   31.45  
c rst  luby svd  vmt  2488  2248K 3198      25K  3088 6.71    6.20     8139   752   38K   254 31.62   31.47  
c rst  luby svd  vmt  2489  2248K 3198      25K  3088 6.71    6.20     8139   753   38K   254 31.66   31.51  
c rst  luby svd  vmt  2490  2249K 3198      25K  3088 6.71    6.20     8139   757   39K   254 31.74   31.58  
c rst  luby svd  vmt  2491  2249K 3198      25K  3088 6.71    6.20     8139   762   40K   255 31.90   31.75  
c rst  luby svd  vmt  2492  2249K 3198      25K  3088 6.71    6.20     8139   762   40K   255 31.93   31.78  
c rst  luby svd  vmt  2493  2250K 3198      25K  3088 6.71    6.20     8139   770   40K   255 31.94   31.79  
c rst  luby svd  vmt  2494  2250K 3198      25K  3088 6.71    6.20     8271   713   24K   255 31.18   30.96  
c rst  luby svd  vmt  2495  2250K 3198      25K  3088 6.71    6.20     8271   713   24K   255 31.22   31.00  
c rst  luby svd  vmt  2496  2250K 3198      25K  3088 6.71    6.20     8271   713   24K   255 31.25   31.03  
c rst  luby svd  vmt  2497  2250K 3198      25K  3088 6.71    6.20     8271   714   24K   255 31.30   31.08  
c rst  luby svd  vmt  2498  2251K 3198      25K  3088 6.71    6.20     8271   714   25K   255 31.36   31.14  
c rst  luby svd  vmt  2499  2251K 3198      25K  3088 6.71    6.20     8271   714   25K   255 31.38   31.16  
c rst  luby svd  vmt  2500  2251K 3198      25K  3088 6.71    6.20     8271   714   25K   255 31.40   31.18  
c [ccnr] tries: 0 steps: 262143 best found: 2
c [ccnr] saving best assignment phase to stable_polar
c [ccnr] bumping based on clause weights
c [ccnr] Bumped vars: 105 bump type: 6
c [ccnr] time: 0.33
c rst  luby svd  vmt  2501  2251K 3198      25K  3088 6.71    6.20     8271   719   25K   255 31.46   31.24  
c rst  luby svd  vmt  2502  2251K 3198      25K  3088 6.71    6.20     8271   721   25K   255 31.49   31.27  
c rst  luby svd  vmt  2503  2251K 3198      25K  3088 6.71    6.20     8271   721   25K   255 31.52   31.31  
c rst  luby svd  vmt  2504  2251K 3198      25K  3088 6.71    6.20     8271   722   25K   255 31.58   31.37  
c rst  luby svd  vmt  2505  2252K 3198      25K  3088 6.71    6.20     8271   725   26K   255 31.77   31.55  
c rst  luby svd  vmt  2506  2253K 3198      25K  3088 6.71    6.20     8271   729   27K   255 32.06   31.85  
c [distill] watch-based irred--  cl tried 36786    cl-sh 0     cl-rem 0    lit-rem 0      T: 0.06 T-out: N
c [distill] watch-based red  --  cl tried 16542    cl-sh 3     cl-rem 0    lit-rem 3      T: 0.03 T-out: N
c rst  luby svd  vmt  2507  2254K 3198      25K  3088 6.71    6.20     8271   750   28K   255 32.36   32.15  
c [gauss] XOR-encoding clauses are not detached, so no need to reattach them.
c [g 0] truth-find prop checks  : 1511K
c [g 0] -> of which prop        : 39.10 %
c [g 0] -> of which confl       :  1.13 %
c [g 0] elim called             : 130K
c [g 0] ---> which lead to prop : 210.97 %
c [g 0] ---> which lead to confl:  5.51 %
c [g 0] size: 64    x 133  
c [scc] new: 0 BP 0M T: 0.00
c [vrep] vars 0 lits 0 rem-bin-cls 0 rem-long-cls 0 BP 0M T: 0.00
c [intree] Set 0 vars hyper-added: 0 trans-irred: 0 trans-red: 0 T: 0.01 T-out: N T-r: -0.33%
c [find&init matx] performing matrix init
c [gauss] XOR-encoding clauses are not detached, so no need to reattach them.
c [xor-rem-unconnected] left with 273 xors from 273 non-empty xors T: 0.00
c [xor-together] xored together: 209 orig xors: 273 new xors: 64 T: 0.00
c [xor-rem-unconnected] left with 64 xors from 64 non-empty xors T: 0.00
c [xor-clean-equiv] removed equivalent xors: 0 left with: 64
c [matrix] unused xors from cleaning: 0
c [matrix] Good   matrix 0 64      x133    density:0.1255  xorlen avg: 16.69
c [matrix] Using 1 matrices recovered from 0 xors T: 0.00 T-out: N
c rst  geom best vmt  2508  2254K 3198      25K  3088 6.71    6.20     8271   751   28K   255 32.35   32.14  
c rst  geom best vmt  2509  2254K 3198      25K  3088 6.71    6.20     8271   752   28K   255 32.34   32.14  
c rst  geom best vmt  2510  2255K 3198      25K  3088 6.71    6.20     8271   753   29K   255 32.33   32.13  
c rst  geom best vmt  2511  2255K 3198      25K  3088 6.71    6.20     8271   753   29K   255 32.33   32.12  
c rst  geom best vmt  2512  2255K 3198      25K  3088 6.71    6.20     8271   753   29K   255 32.32   32.12  
c rst  geom best vmt  2513  2255K 3198      25K  3088 6.71    6.20     8271   753   29K   255 32.32   32.12  
c rst  geom best vmt  2514  2255K 3198      25K  3088 6.71    6.20     8271   753   29K   255 32.35   32.15  
c rst  geom best vmt  2515  2255K 3198      25K  3088 6.71    6.20     8271   753   29K   255 32.36   32.16  
c rst  geom best vmt  2516  2256K 3198      25K  3088 6.71    6.20     8271   753   30K   255 32.39   32.19  
c rst  geom best vmt  2517  2256K 3198      25K  3088 6.71    6.20     8271   754   30K   255 32.37   32.18  
c rst  geom best vmt  2518  2256K 3198      25K  3088 6.71    6.20     8271   757   30K   255 32.38   32.18  
c rst  geom best vmt  2519  2257K 3198      25K  3088 6.71    6.20     8271   761   31K   255 32.34   32.15  
c rst  geom best vmt  2520  2257K 3198      25K  3088 6.71    6.20     8271   762   31K   255 32.33   32.14  
c rst  geom best vmt  2521  2257K 3198      25K  3088 6.71    6.20     8271   763   31K   255 32.30   32.11  
c rst  geom best vmt  2522  2258K 3198      25K  3088 6.71    6.20     8272   765   32K   255 32.28   32.09  
c rst  geom best vmt  2523  2258K 3198      25K  3088 6.71    6.20     8272   767   32K   255 32.35   32.17  
c [distill-long-red0] cls tried: 82/82 T: 0.01 T-out: N T-r: 99.94%
c [distill-long-red1] cls tried: 216/216 T: 0.02 T-out: N T-r: 18.70%
c rst  geom best vmt  2524  2259K 3198      25K  3088 6.71    6.20     8272   775   33K   255 32.35   32.16  
c rst  geom best vmt  2525  2259K 3198      25K  3088 6.71    6.20     8272   777   33K   255 32.45   32.27  
c rst  geom best vmt  2526  2260K 3198      25K  3088 6.71    6.20     8357   517   34K   255 32.61   32.43  
c rst  geom best vmt  2527  2260K 3198      25K  3088 6.71    6.20     8357   517   35K   255 32.63   32.45  
c rst  geom best vmt  2528  2261K 3198      25K  3088 6.71    6.20     8358   536   35K   255 32.58   32.41  
c rst  geom best vmt  2529  2262K 3198      25K  3088 6.71    6.20     8358   536   36K   255 32.63   32.46  
c rst  geom best vmt  2530  2263K 3198      25K  3088 6.71    6.20     8358   537   37K   255 32.61   32.44  
c rst  geom best vmt  2531  2264K 3198      25K  3088 6.71    6.20     8358   538   38K   255 32.62   32.46  
c rst  geom best vmt  2532  2265K 3198      25K  3088 6.71    6.20     8377   632   27K   255 30.58   30.39  
c rst  geom best vmt  2533  2266K 3198      25K  3088 6.71    6.20     8378   643   29K   255 30.61   30.42  
c rst  geom best vmt  2534  2267K 3198      25K  3088 6.71    6.20     8378   647   30K   255 30.61   30.42  
c [full-probe]  bin_only: 1 set: 0 repl: 0 T: 0.01 T-out: N T-r: 99.86%
c [distill-bin] useful: 0/3088/3088 lits-rem: 0 cl-rem: 0 0-depth-assigns: 0 T: 0.01 T-out: N
c rst  geom best vmt  2535  2269K 3198      25K  3088 6.71    6.20     8378   655   31K   255 30.59   30.41  
c rst  geom best vmt  2536  2270K 3198      25K  3088 6.71    6.20     8442   595   33K   255 30.65   30.47  
c rst  geom best vmt  2537  2272K 3198      25K  3088 6.71    6.20     8442   599   34K   255 30.78   30.62  
c rst  geom best vmt  2538  2274K 3198      25K  3088 6.71    6.20     8443   630   36K   255 30.96   30.80  
c [distill-long-red0] cls tried: 53/53 T: 0.00 T-out: N T-r: 99.94%
c [distill-long-red1] cls tried: 166/166 T: 0.01 T-out: N T-r: 32.62%
c rst  geom best vmt  2539  2276K 3198      25K  3088 6.71    6.20     8447   670   38K   255 31.30   31.14  
c rst  geom best vmt  2540  2278K 3198      25K  3088 6.71    6.20     8447   680   40K   255 31.30   31.16  
c [distill] watch-based irred--  cl tried 36290    cl-sh 0     cl-rem 0    lit-rem 0      T: 0.06 T-out: Y
c [distill] watch-based red  --  cl tried 16894    cl-sh 2     cl-rem 0    lit-rem 2      T: 0.03 T-out: N
c rst  geom best vmt  2541  2281K 3198      25K  3088 6.71    6.20     8550   824   32K   255 28.94   28.78  
c rst  geom best vmt  2542  2283K 3198      25K  3088 6.71    6.20     8553   829   35K   255 29.40   29.25  
c rst  geom stb  vmt  2543  2286K 3198      25K  3088 6.71    6.20     8553   845   38K   255 30.16   30.01  
c rst  geom stb  vmt  2544  2290K 3198      25K  3088 6.71    6.20     8553   858   41K   255 31.25   31.10  
c [distill-long-red0] cls tried: 60/60 T: 0.01 T-out: N T-r: 99.92%
c [distill-long-red1] cls tried: 233/291 T: 0.02 T-out: Y T-r: -0.40%
c [full-probe]  bin_only: 0 set: 0 repl: 0 T: 0.01 T-out: N T-r: 98.87%
c [distill-bin] useful: 0/3088/3088 lits-rem: 0 cl-rem: 0 0-depth-assigns: 0 T: 0.01 T-out: N
c [impl-str] lit bin: 0 set-var: 0 T: 0.00 T-out: N T-r: 99.97% w-visit: 6404
c [impl-sub] bin: 1 T: 0.00 T-out: N w-visit: 6404
c rst  geom stb  vmt  2545  2293K 3198      25K  3088 6.71    6.20     8609   776   45K   254 31.73   31.60  
c rst  geom stb  vmt  2546  2297K 3198      25K  3088 6.71    6.20     8616   831   28K   254 30.09   29.91  
c [ccnr] tries: 0 steps: 262143 best found: 2
c [ccnr] saving best assignment phase to stable_polar
c [ccnr] bumping based on var unsat frequency: conflict_ct
c [ccnr] Bumped vars: 3202 bump type: 6
c [ccnr] time: 0.32
c rst  geom stb  vmt  2547  2302K 3198      25K  3088 6.71    6.20     8653   836   32K   254 31.63   31.45  
c rst  geom stb  vmt  2548  2306K 3198      25K  3088 6.71    6.20     8653   899   37K   254 32.45   32.29  
c [distill-long-red0] cls tried: 44/44 T: 0.01 T-out: N T-r: 99.94%
c [distill-long-red1] cls tried: 203/227 T: 0.02 T-out: Y T-r: -1.00%
c [distill] watch-based irred--  cl tried 34924    cl-sh 0     cl-rem 0    lit-rem 0      T: 0.06 T-out: Y
c [distill] watch-based red  --  cl tried 17306    cl-sh 1     cl-rem 0    lit-rem 1      T: 0.03 T-out: N
c rst  geom stb  vmt  2549  2312K 3198      25K  3088 6.71    6.20     8892  1102   30K   254 32.25   32.06  
c [full-probe]  bin_only: 1 set: 0 repl: 0 T: 0.01 T-out: N T-r: 99.83%
c [distill-bin] useful: 0/3088/3088 lits-rem: 0 cl-rem: 0 0-depth-assigns: 0 T: 0.01 T-out: N
c rst  geom ibes vmt  2550  2318K 3198      25K  3088 6.71    6.20     8898  1164   35K   254 33.85   33.68  
c rst  geom ibes vmt  2551  2324K 3198      25K  3088 6.71    6.20     9017   986   42K   254 35.49   35.33  
c [distill-long-red0] cls tried: 244/244 T: 0.02 T-out: N T-r: 99.77%
c [distill-long-red1] cls tried: 169/376 T: 0.02 T-out: Y T-r: -0.72%
c [gauss] XOR-encoding clauses are not detached, so no need to reattach them.
c [g 0] truth-find prop checks  : 1571K
c [g 0] -> of which prop        : 37.21 %
c [g 0] -> of which confl       :  1.07 %
c [g 0] elim called             : 164K
c [g 0] ---> which lead to prop : 157.93 %
c [g 0] ---> which lead to confl:  5.30 %
c [g 0] size: 64    x 133  
c [scc] new: 0 BP 0M T: 0.00
c [vrep] vars 0 lits 0 rem-bin-cls 0 rem-long-cls 0 BP 0M T: 0.01
c [intree] Set 0 vars hyper-added: 0 trans-irred: 0 trans-red: 0 T: 0.01 T-out: N T-r: -0.60%
c [find&init matx] performing matrix init
c [gauss] XOR-encoding clauses are not detached, so no need to reattach them.
c [xor-rem-unconnected] left with 273 xors from 273 non-empty xors T: 0.00
c [xor-together] xored together: 209 orig xors: 273 new xors: 64 T: 0.00
c [xor-rem-unconnected] left with 64 xors from 64 non-empty xors T: 0.00
c [xor-clean-equiv] removed equivalent xors: 0 left with: 64
c [matrix] unused xors from cleaning: 0
c [matrix] Good   matrix 0 64      x133    density:0.1255  xorlen avg: 16.69
c [matrix] Using 1 matrices recovered from 0 xors T: 0.00 T-out: N
c rst  geom ibes vmt  2552  2331K 3198      25K  3088 6.71    6.20     9100  1122   30K   254 34.21   34.01  
c rst  geom ibes vmt  2553  2339K 3198      25K  3088 6.71    6.20     9101  1142   37K   254 34.93   34.76  
c [full-probe]  bin_only: 0 set: 0 repl: 0 T: 0.01 T-out: N T-r: 98.46%
c [distill-bin] useful: 0/3088/3088 lits-rem: 0 cl-rem: 0 0-depth-assigns: 0 T: 0.01 T-out: N
c [distill] watch-based irred--  cl tried 34468    cl-sh 0     cl-rem 0    lit-rem 0      T: 0.06 T-out: Y
c [distill] watch-based red  --  cl tried 18202    cl-sh 1     cl-rem 0    lit-rem 1      T: 0.03 T-out: N
c rst  geom ibes vmt  2554  2347K 3198      25K  3088 6.71    6.20     9168  1190   32K   254 34.14   33.95  
c [distill-long-red0] cls tried: 118/118 T: 0.01 T-out: N T-r: 99.89%
c [distill-long-red1] cls tried: 182/556 T: 0.02 T-out: Y T-r: -1.57%
c [ccnr] tries: 0 steps: 262143 best found: 2
c [ccnr] saving best assignment phase to stable_polar
c [ccnr] bumping based on var unsat frequency: conflict_ct
c [ccnr] Bumped vars: 3202 bump type: 6
c [ccnr] time: 0.32
c rst  geom svd  vmt  2555  2357K 3198      25K  3088 6.71    6.20     9200  1223   27K   255 32.23   32.03  
c [impl-str] lit bin: 0 set-var: 0 T: 0.00 T-out: N T-r: 99.97% w-visit: 6404
c [impl-sub] bin: 1 T: 0.00 T-out: N w-visit: 6404
c rst  geom svd  vmt  2556  2367K 3198      25K  3088 6.71    6.20     9243  1190   37K   254 34.51   34.34  
c [distill-long-red0] cls tried: 61/61 T: 0.01 T-out: N T-r: 99.93%
c [distill-long-red1] cls tried: 187/572 T: 0.02 T-out: Y T-r: -0.78%
c [full-probe]  bin_only: 1 set: 0 repl: 0 T: 0.01 T-out: N T-r: 99.85%
c [distill-bin] useful: 0/3088/3088 lits-rem: 0 cl-rem: 0 0-depth-assigns: 0 T: 0.01 T-out: N
c [distill] watch-based irred--  cl tried 36092    cl-sh 0     cl-rem 0    lit-rem 0      T: 0.06 T-out: Y
c [distill] watch-based red  --  cl tried 18486    cl-sh 0     cl-rem 0    lit-rem 0      T: 0.03 T-out: N
c rst  geom svd  vmt  2557  2378K 3198      25K  3088 6.71    6.20     9304  1251   31K   254 34.91   34.71  
c rst  geom best vmt  2558  2391K 3198      25K  3088 6.71    6.20     9427  1062   37K   254 32.65   32.48  
c [distill-long-red0] cls tried: 151/151 T: 0.02 T-out: N T-r: 99.81%
c [distill-long-red1] cls tried: 158/597 T: 0.02 T-out: Y T-r: -0.83%
c [full-probe]  bin_only: 0 set: 0 repl: 0 T: 0.01 T-out: N T-r: 98.51%
c [distill-bin] useful: 0/3088/3088 lits-rem: 0 cl-rem: 0 0-depth-assigns: 0 T: 0.01 T-out: N
c [gauss] XOR-encoding clauses are not detached, so no need to reattach them.
c [g 0] truth-find prop checks  : 1365K
c [g 0] -> of which prop        : 40.58 %
c [g 0] -> of which confl       :  1.19 %
c [g 0] elim called             : 139K
c [g 0] ---> which lead to prop : 177.11 %
c [g 0] ---> which lead to confl:  5.53 %
c [g 0] size: 64    x 133  
c [scc] new: 0 BP 0M T: 0.00
c [vrep] vars 0 lits 0 rem-bin-cls 0 rem-long-cls 0 BP 0M T: 0.01
c [intree] Set 0 vars hyper-added: 0 trans-irred: 0 trans-red: 0 T: 0.02 T-out: N T-r: -0.54%
c [find&init matx] performing matrix init
c [gauss] XOR-encoding clauses are not detached, so no need to reattach them.
c [xor-rem-unconnected] left with 273 xors from 273 non-empty xors T: 0.00
c [xor-together] xored together: 209 orig xors: 273 new xors: 64 T: 0.00
c [xor-rem-unconnected] left with 64 xors from 64 non-empty xors T: 0.00
c [xor-clean-equiv] removed equivalent xors: 0 left with: 64
c [matrix] unused xors from cleaning: 0
c [matrix] Good   matrix 0 64      x133    density:0.1255  xorlen avg: 16.69
c [matrix] Using 1 matrices recovered from 0 xors T: 0.00 T-out: N
c rst  geom best vmt  2559  2405K 3198      25K  3088 6.71    6.20     9498  1112   39K   254 29.94   29.80  
c [distill] watch-based irred--  cl tried 36786    cl-sh 0     cl-rem 0    lit-rem 0      T: 0.06 T-out: N
c [distill] watch-based red  --  cl tried 18996    cl-sh 1     cl-rem 0    lit-rem 1      T: 0.03 T-out: N
c [ccnr] tries: 0 steps: 262143 best found: 2
c [ccnr] saving best assignment phase to stable_polar
c [ccnr] bumping based on clause weights
c [ccnr] Bumped vars: 101 bump type: 6
c [ccnr] time: 0.35
c rst  geom best vmt  2560  2420K 3198      25K  3088 6.71    6.20     9589   912   40K   254 28.37   28.24  
c [distill-long-red0] cls tried: 142/142 T: 0.01 T-out: N T-r: 99.84%
c [distill-long-red1] cls tried: 126/582 T: 0.02 T-out: Y T-r: -1.80%
c [full-probe]  bin_only: 1 set: 0 repl: 0 T: 0.01 T-out: N T-r: 99.82%
c [distill-bin] useful: 0/3088/3088 lits-rem: 0 cl-rem: 0 0-depth-assigns: 0 T: 0.02 T-out: N
c [impl-str] lit bin: 0 set-var: 0 T: 0.00 T-out: N T-r: 99.97% w-visit: 6404
c [impl-sub] bin: 0 T: 0.00 T-out: N w-visit: 6404
c rst  geom stb  vmt  2561  2436K 3198      25K  3088 6.71    6.20     9694  1047   35K   254 31.11   30.95  
c [branch] adjusting to: vsid (from: vmtf) var_decay:0.95 descr: VSIDS
c [distill-long-red0] cls tried: 81/81 T: 0.01 T-out: N T-r: 99.93%
c [distill-long-red1] cls tried: 204/642 T: 0.02 T-out: Y T-r: -0.83%
c [distill] watch-based irred--  cl tried 35699    cl-sh 0     cl-rem 0    lit-rem 0      T: 0.06 T-out: Y
c [distill] watch-based red  --  cl tried 19388    cl-sh 0     cl-rem 0    lit-rem 0      T: 0.03 T-out: N
c rst  geom stb  vs   2562  2437K 3198      25K  3088 6.71    6.20     9694  1047   35K   254 31.13   30.97  
c rst  geom stb  vs   2563  2437K 3198      25K  3088 6.71    6.20     9694  1047   35K   254 31.16   31.00  
c rst  geom stb  vs   2564  2437K 3198      25K  3088 6.71    6.20     9694  1048   35K   254 31.19   31.03  
c rst  geom stb  vs   2565  2437K 3198      25K  3088 6.71    6.20     9694  1049   35K   254 31.23   31.07  
c rst  geom stb  vs   2566  2437K 3198      25K  3088 6.71    6.20     9694  1050   36K   254 31.25   31.10  
c rst  geom stb  vs   2567  2437K 3198      25K  3088 6.71    6.20     9694  1050   36K   254 31.29   31.13  
c rst  geom stb  vs   2568  2437K 3198      25K  3088 6.71    6.20     9694  1050   36K   254 31.32   31.16  
c rst  geom stb  vs   2569  2438K 3198      25K  3088 6.71    6.20     9694  1050   36K   254 31.35   31.19  
c rst  geom stb  vs   2570  2438K 3198      25K  3088 6.71    6.20     9694  1050   36K   254 31.37   31.22  
c rst  geom stb  vs   2571  2438K 3198      25K  3088 6.71    6.20     9694  1050   37K   254 31.39   31.24  
c rst  geom stb  vs   2572  2438K 3198      25K  3088 6.71    6.20     9694  1050   37K   254 31.40   31.25  
c rst  geom stb  vs   2573  2439K 3198      25K  3088 6.71    6.20     9694  1050   37K   254 31.45   31.30  
c rst  geom stb  vs   2574  2439K 3198      25K  3088 6.71    6.20     9694  1052   38K   254 31.46   31.31  
c rst  geom stb  vs   2575  2440K 3198      25K  3088 6.71    6.20     9694  1052   38K   254 31.48   31.33  
c rst  geom stb  vs   2576  2440K 3198      25K  3088 6.71    6.20     9752   901   39K   254 31.51   31.36  
c [full-probe]  bin_only: 0 set: 0 repl: 0 T: 0.01 T-out: N T-r: 98.51%
c [distill-bin] useful: 0/3088/3088 lits-rem: 0 cl-rem: 0 0-depth-assigns: 0 T: 0.01 T-out: N
c rst  geom stb  vs   2577  2440K 3198      25K  3088 6.71    6.20     9752   903   39K   254 31.53   31.39  
c rst  geom stb  vs   2578  2441K 3198      25K  3088 6.71    6.20     9752   906   39K   254 31.55   31.40  
c rst  geom stb  vs   2579  2441K 3198      25K  3088 6.71    6.20     9752   911   40K   254 31.56   31.41  
c rst  geom stb  vs   2580  2442K 3198      25K  3088 6.71    6.20     9752   914   41K   254 31.55   31.40  
c rst  geom stb  vs   2581  2443K 3198      25K  3088 6.71    6.20     9752   915   41K   254 31.57   31.43  
c rst  geom stb  vs   2582  2443K 3198      25K  3088 6.71    6.20     9752   917   42K   254 31.60   31.46  
c rst  geom stb  vs   2583  2444K 3198      25K  3088 6.71    6.20     9752   924   43K   254 31.66   31.52  
c rst  geom stb  vs   2584  2445K 3198      25K  3088 6.71    6.20     9770  1080   24K   254 29.56   29.37  
c rst  geom stb  vs   2585  2446K 3198      25K  3088 6.71    6.20     9770  1083   25K   254 29.65   29.46  
c rst  geom stb  vs   2586  2447K 3198      25K  3088 6.71    6.20     9770  1083   26K   254 29.79   29.60  
c rst  geom stb  vs   2587  2448K 3198      25K  3088 6.71    6.20     9770  1084   28K   254 29.95   29.77  
c rst  geom stb  vs   2588  2450K 3198      25K  3088 6.71    6.20     9770  1089   29K   254 30.23   30.05  
c [ccnr] tries: 0 steps: 262143 best found: 2
c [ccnr] saving best assignment phase to stable_polar
c [ccnr] bumping based on var unsat frequency: conflict_ct
c [ccnr] Bumped vars: 3202 bump type: 6
c [ccnr] time: 0.32
c rst  geom ibes vs   2589  2451K 3198      25K  3088 6.71    6.20     9793   970   30K   254 30.24   30.07  
c rst  geom ibes vs   2590  2452K 3198      25K  3088 6.71    6.20     9793   980   32K   254 30.25   30.09  
c [distill-long-red0] cls tried: 80/80 T: 0.01 T-out: N T-r: 99.91%
c [distill-long-red1] cls tried: 214/505 T: 0.02 T-out: Y T-r: -0.61%
c rst  geom ibes vs   2591  2454K 3198      25K  3088 6.71    6.20     9793   988   34K   254 30.45   30.29  
c rst  geom ibes vs   2592  2456K 3198      25K  3088 6.71    6.20     9793   990   35K   254 30.63   30.47  
c [gauss] XOR-encoding clauses are not detached, so no need to reattach them.
c [g 0] truth-find prop checks  : 1501K
c [g 0] -> of which prop        : 32.57 %
c [g 0] -> of which confl       :  1.09 %
c [g 0] elim called             : 181K
c [g 0] ---> which lead to prop : 142.66 %
c [g 0] ---> which lead to confl:  4.63 %
c [g 0] size: 64    x 133  
c [scc] new: 0 BP 0M T: 0.00
c [vrep] vars 0 lits 0 rem-bin-cls 0 rem-long-cls 0 BP 0M T: 0.01
c [intree] Set 0 vars hyper-added: 0 trans-irred: 0 trans-red: 0 T: 0.01 T-out: N T-r: -0.44%
c [find&init matx] performing matrix init
c [gauss] XOR-encoding clauses are not detached, so no need to reattach them.
c [xor-rem-unconnected] left with 273 xors from 273 non-empty xors T: 0.00
c [xor-together] xored together: 209 orig xors: 273 new xors: 64 T: 0.00
c [xor-rem-unconnected] left with 64 xors from 64 non-empty xors T: 0.00
c [xor-clean-equiv] removed equivalent xors: 0 left with: 64
c [matrix] unused xors from cleaning: 0
c [matrix] Good   matrix 0 64      x133    density:0.1255  xorlen avg: 16.69
c [matrix] Using 1 matrices recovered from 0 xors T: 0.00 T-out: N
c rst  geom ibes vs   2593  2458K 3198      25K  3088 6.71    6.20     9793   993   37K   254 30.66   30.51  
c rst  geom ibes vs   2594  2460K 3198      25K  3088 6.71    6.20     9829   870   26K   254 26.36   26.19  
c [full-probe]  bin_only: 1 set: 0 repl: 0 T: 0.01 T-out: N T-r: 99.87%
c [distill-bin] useful: 0/3088/3088 lits-rem: 0 cl-rem: 0 0-depth-assigns: 0 T: 0.01 T-out: N
c rst  geom ibes vs   2595  2463K 3198      25K  3088 6.71    6.20     9829   871   29K   254 26.93   26.78  
c [distill] watch-based irred--  cl tried 36786    cl-sh 0     cl-rem 0    lit-rem 0      T: 0.05 T-out: N
c [distill] watch-based red  --  cl tried 19658    cl-sh 0     cl-rem 0    lit-rem 0      T: 0.03 T-out: N
c rst  geom ibes vs   2596  2466K 3198      25K  3088 6.71    6.20     9829   883   31K   254 27.17   27.02  
c rst  geom ibes vs   2597  2469K 3198      25K  3088 6.71    6.20     9834   902   34K   254 27.66   27.51  
c [distill-long-red0] cls tried: 23/23 T: 0.00 T-out: N T-r: 99.97%
c [distill-long-red1] cls tried: 252/326 T: 0.02 T-out: Y T-r: -0.34%
c rst  geom ibes vs   2598  2472K 3198      25K  3088 6.71    6.20     9883   777   38K   254 28.52   28.39  
c rst  geom ibes vs   2599  2475K 3198      25K  3088 6.71    6.20     9895   876   25K   254 26.49   26.32  
c rst  geom ibes vs   2600  2479K 3198      25K  3088 6.71    6.20     9895   878   29K   254 27.77   27.61  
c rst  geom svd  vs   2601  2484K 3198      25K  3088 6.71    6.20     9899   728   33K   254 28.34   28.19  
c [distill-long-red0] cls tried: 20/20 T: 0.00 T-out: N T-r: 99.97%
c [distill-long-red1] cls tried: 146/146 T: 0.02 T-out: N T-r: 13.37%
c [full-probe]  bin_only: 0 set: 0 repl: 0 T: 0.01 T-out: N T-r: 98.86%
c [distill-bin] useful: 0/3088/3088 lits-rem: 0 cl-rem: 0 0-depth-assigns: 0 T: 0.01 T-out: N
c [impl-str] lit bin: 0 set-var: 0 T: 0.00 T-out: N T-r: 99.97% w-visit: 6404
c [impl-sub] bin: 0 T: 0.00 T-out: N w-visit: 6404
c rst  geom svd  vs   2602  2489K 3198      25K  3088 6.71    6.20     9899   732   38K   254 29.10   28.96  
c [distill] watch-based irred--  cl tried 36786    cl-sh 0     cl-rem 0    lit-rem 0      T: 0.05 T-out: N
c [distill] watch-based red  --  cl tried 19142    cl-sh 1     cl-rem 0    lit-rem 1      T: 0.04 T-out: Y
c rst  geom svd  vs   2603  2494K 3198      25K  3088 6.71    6.20     9919   720   28K   254 28.29   28.12  
c [ccnr] tries: 0 steps: 262143 best found: 3
c [ccnr] saving best assignment phase to stable_polar
c [ccnr] bumping based on var unsat frequency: conflict_ct
c [ccnr] Bumped vars: 3202 bump type: 6
c [ccnr] time: 0.32
c rst  geom svd  vs   2604  2500K 3198      25K  3088 6.71    6.20     9937   679   33K   254 29.43   29.27  
c [distill-long-red0] cls tried: 11/11 T: 0.00 T-out: N T-r: 99.98%
c [distill-long-red1] cls tried: 76/76 T: 0.01 T-out: N T-r: 60.73%
c rst  geom svd  vs   2605  2506K 3198      25K  3088 6.71    6.20     9944   722   22K   254 26.65   26.46  
c [full-probe]  bin_only: 1 set: 0 repl: 0 T: 0.00 T-out: N T-r: 99.91%
c [distill-bin] useful: 0/3088/3088 lits-rem: 0 cl-rem: 0 0-depth-assigns: 0 T: 0.01 T-out: N
c rst  geom svd  vs   2606  2513K 3198      25K  3088 6.71    6.20     9959   505   30K   254 27.92   27.76  
c rst  geom best vs   2607  2514K 3198      25K  3088 6.71    6.20     9959   507   30K   254 27.97   27.81  
c recursive minimization cost OK: 3173Kcost/(% lits removed)
c [gauss] XOR-encoding clauses are not detached, so no need to reattach them.
c [g 0] truth-find prop checks  : 1232K
c [g 0] -> of which prop        : 38.58 %
c [g 0] -> of which confl       :  1.11 %
c [g 0] elim called             : 114K
c [g 0] ---> which lead to prop : 191.88 %
c [g 0] ---> which lead to confl:  6.13 %
c [g 0] size: 64    x 133  
c --> Executing strategy token: scc-vrepl
c [scc] new: 0 BP 0M T: 0.00
c --> Executing strategy token: sub-impl
c [impl-sub] bin: 0 T: 0.00 T-out: N w-visit: 6404
c --> Executing strategy token: breakid
c --> Executing OCC strategy token(s): 'occ-backw-sub-str,occ-clean-implicit,occ-bve,occ-bva,occ-ternary-res,occ-xor,'
c [occ] mem usage for occur 2      MB
c [occ] Linked in IRRED BIN by default: 3088
c [occ] Linked in RED   BIN by default: 254
c [occ] mem usage for occur 1      MB
c Mem for watch alloc      : 20          MB (29.65     %)
c Mem for watch array      : 0           MB (0.21      %)
c --> Executing OCC strategy token: occ-backw-sub-str
c [occ-backw-sub-str-long-w-bins] subs: 0 str: 1 tried: 104043 0-depth ass: 0 T: 0.00 T-out: N T-r: 99.52%
c [occ-backw-sub-long-w-long] rem cl: 133 tried: 66153/66153 (100.0%) T: 0.02 T-out: N T-r: 96.44%
c [occ-backw-sub-str-long-w-long] sub: 10 str: 79 tried: 198459/66153 (300.0)  T: 0.10 T-out: N T-r: 90.88%
c --> Executing OCC strategy token: occ-clean-implicit
c --> Executing OCC strategy token: occ-bve
c [occ-empty-res] Empty resolvent elimed: 0 T: 0.00 T-out: N
c [occ-bve] turning off picosat-based irreg gate detection, added lits:  495K
c [occ-bve] iter v-elim 0
c cl_inc_rate=1.0, var_dec_rate=1.0 (grow=0)
c Reduced to 3198 vars, 28313 cls (grow=0)
c [occ-bve] iter v-elim 0
c cl_inc_rate=1.0, var_dec_rate=1.0 (grow=8)
c Reduced to 3198 vars, 28313 cls (grow=8)
c [occ-bve] iter v-elim 0
c cl_inc_rate=1.0, var_dec_rate=1.0 (grow=16)
c Reduced to 3198 vars, 28313 cls (grow=16)
c x n vars       : 3198
c #try to eliminate:  9594
c #var-elim        :     0
c #T-o: N
c #T-r: 99.99%
c #T  : 1.83
c [occur] 0.04 is overhead
c [occur] link-in T: 0.04 cleanup T: 0.00
c --> Executing OCC strategy token: occ-bva
c --> Executing OCC strategy token: occ-ternary-res
c [occ-ternary-res] Ternary res-tri: 0 res-bin: 0 sub: 0 str: 0 T: 0.00 T-out: N T-r: 99.91%
c --> Executing OCC strategy token: occ-xor
c [occ-xor] sort occur list T: 0.01
c [xor-clean-equiv] removed equivalent xors: 0 left with: 262
c [occ-xor] found    262 avg sz 5.4 min sz  4 max sz  6 T: 0.02 T-out: N T-r: 99.98%
c --> Executing strategy token: card-find
c --> Executing strategy token: cl-consolidate
c Not consolidating memory.
c --> Executing strategy token: scc-vrepl
c [scc] new: 0 BP 0M T: 0.00
c --> Executing strategy token: renumber
c --> Executing strategy token: bosphorus
c --> Executing strategy token: louvain-comms
c [consolidate] mini T: 0.00
c global_timeout_multiplier: 7.7812
c [branch] rebuilding order heap for all branchings. Current branching: vsid
c [find&init matx] performing matrix init
c [gauss] XOR-encoding clauses are not detached, so no need to reattach them.
c [xor-rem-unconnected] left with 262 xors from 262 non-empty xors T: 0.00
c [xor-together] xored together: 191 orig xors: 262 new xors: 71 T: 0.00
c [xor-rem-unconnected] left with 71 xors from 71 non-empty xors T: 0.00
c [xor-clean-equiv] removed equivalent xors: 0 left with: 71
c [matrix] unused xors from cleaning: 0
c [matrix] Good   matrix  0     71 x  147  density:0.0995  xorlen avg: 14.62
c [matrix] Using 1 matrices recovered from 0 xors T: 0.00 T-out: N
c [distill] watch-based irred--  cl tried    37490 cl-sh     0 cl-rem    0 lit-rem      0 T: 0.05 T-out: N
c [distill] watch-based   red--  cl tried    19638 cl-sh     0 cl-rem    0 lit-rem      0 T: 0.02 T-out: N
c rst  geom best   vs  2608 2521K    3198   25K  3088    6.71    6.20  9826   472   26K   254   27.42   27.25
c [distill-long-red0] cls tried: 7/7 T: 0.00 T-out: N T-r: 99.99%
c [distill-long-red1] cls tried: 87/87 T: 0.00 T-out: N T-r: 79.48%
c [gauss] XOR-encoding clauses are not detached, so no need to reattach them.
c [g 0] truth-find prop checks  : 192K
c [g 0] -> of which prop        : 28.77 %
c [g 0] -> of which confl       :  0.97 %
c [g 0] elim called             : 23K
c [g 0] ---> which lead to prop : 156.25 %
c [g 0] ---> which lead to confl:  4.99 %
c [g 0] size: 71    x 147  
c [scc] new: 0 BP 0M T: 0.00
c [vrep] vars 0 lits 0 rem-bin-cls 0 rem-long-cls 0 BP 0M T: 0.01
c [intree] Set 0 vars hyper-added: 0 trans-irred: 0 trans-red: 0 T: 0.01 T-out: N T-r: 0.03%
c [find&init matx] performing matrix init
c [gauss] XOR-encoding clauses are not detached, so no need to reattach them.
c [xor-rem-unconnected] left with 262 xors from 262 non-empty xors T: 0.00
c [xor-together] xored together: 191 orig xors: 262 new xors: 71 T: 0.00
c [xor-rem-unconnected] left with 71 xors from 71 non-empty xors T: 0.00
c [xor-clean-equiv] removed equivalent xors: 0 left with: 71
c [matrix] unused xors from cleaning: 0
c [matrix] Good   matrix 0 71      x147    density:0.0995  xorlen avg: 14.62
c [matrix] Using 1 matrices recovered from 0 xors T: 0.00 T-out: N
c rst  geom best vs   2609  2530K 3198      25K  3088 6.71    6.20     9826   504   34K   254 28.00   27.86  
c [full-probe]  bin_only: 0 set: 0 repl: 0 T: 0.01 T-out: N T-r: 99.05%
c [distill-bin] useful: 0/3088/3088 lits-rem: 0 cl-rem: 0 0-depth-assigns: 0 T: 0.01 T-out: N
c rst  geom best vs   2610  2539K 3198      25K  3088 6.71    6.20     9860   516   35K   254 26.71   26.58  
c [distill-long-red0] cls tried: 9/9 T: 0.00 T-out: N T-r: 99.99%
c [distill-long-red1] cls tried: 89/89 T: 0.01 T-out: N T-r: 75.16%
c [distill] watch-based irred--  cl tried 37102    cl-sh 0     cl-rem 0    lit-rem 0      T: 0.06 T-out: Y
c [distill] watch-based red  --  cl tried 19720    cl-sh 0     cl-rem 0    lit-rem 0      T: 0.03 T-out: N
c [ccnr] tries: 0 steps: 262143 best found: 5
c [ccnr] saving best assignment phase to stable_polar
c [ccnr] bumping based on clause weights
c [ccnr] Bumped vars: 103 bump type: 6
c [ccnr] time: 0.32
c rst  geom best vs   2611  2549K 3198      25K  3088 6.71    6.20     9865   412   46K   254 27.09   26.98  
c [impl-str] lit bin: 0 set-var: 0 T: 0.00 T-out: N T-r: 99.97% w-visit: 6404
c [impl-sub] bin: 0 T: 0.00 T-out: N w-visit: 6404
c rst  geom stb  vs   2612  2561K 3198      25K  3088 6.71    6.20     9888   305   45K   254 27.66   27.54  
c [distill-long-red0] cls tried: 6/6 T: 0.00 T-out: N T-r: 100.00%
c [distill-long-red1] cls tried: 20/20 T: 0.00 T-out: N T-r: 92.23%
c [full-probe]  bin_only: 1 set: 0 repl: 0 T: 0.01 T-out: N T-r: 99.84%
c [distill-bin] useful: 0/3088/3088 lits-rem: 0 cl-rem: 0 0-depth-assigns: 0 T: 0.02 T-out: N
c rst  geom stb  vs   2613  2573K 3198      25K  3088 6.71    6.20     9907   265   33K   254 28.28   28.13  
c [distill] watch-based irred--  cl tried 37490    cl-sh 0     cl-rem 0    lit-rem 0      T: 0.06 T-out: N
c [distill] watch-based red  --  cl tried 19814    cl-sh 0     cl-rem 0    lit-rem 0      T: 0.03 T-out: N
c rst  geom stb  vs   2614  2587K 3198      25K  3088 6.71    6.20     9920   254   29K   254 28.18   28.01  
c [distill-long-red0] cls tried: 5/5 T: 0.00 T-out: N T-r: 100.00%
c [distill-long-red1] cls tried: 52/52 T: 0.00 T-out: N T-r: 85.43%
c [full-probe]  bin_only: 0 set: 0 repl: 0 T: 0.01 T-out: N T-r: 98.98%
c [distill-bin] useful: 0/3088/3088 lits-rem: 0 cl-rem: 0 0-depth-assigns: 0 T: 0.01 T-out: N
c [gauss] XOR-encoding clauses are not detached, so no need to reattach them.
c [g 0] truth-find prop checks  : 1729K
c [g 0] -> of which prop        : 31.88 %
c [g 0] -> of which confl       :  0.97 %
c [g 0] elim called             : 160K
c [g 0] ---> which lead to prop : 165.78 %
c [g 0] ---> which lead to confl:  4.62 %
c [g 0] size: 71    x 147  
c [scc] new: 0 BP 0M T: 0.00
c [vrep] vars 0 lits 0 rem-bin-cls 0 rem-long-cls 0 BP 0M T: 0.01
c [intree] Set 0 vars hyper-added: 0 trans-irred: 0 trans-red: 0 T: 0.01 T-out: N T-r: -0.29%
c [find&init matx] performing matrix init
c [gauss] XOR-encoding clauses are not detached, so no need to reattach them.
c [xor-rem-unconnected] left with 262 xors from 262 non-empty xors T: 0.00
c [xor-together] xored together: 191 orig xors: 262 new xors: 71 T: 0.00
c [xor-rem-unconnected] left with 71 xors from 71 non-empty xors T: 0.00
c [xor-clean-equiv] removed equivalent xors: 0 left with: 71
c [matrix] unused xors from cleaning: 0
c [matrix] Good   matrix 0 71      x147    density:0.0995  xorlen avg: 14.62
c [matrix] Using 1 matrices recovered from 0 xors T: 0.00 T-out: N
c [ccnr] tries: 0 steps: 262143 best found: 2
c [ccnr] saving best assignment phase to stable_polar
c [ccnr] bumping based on var unsat frequency: conflict_ct
c [ccnr] Bumped vars: 3202 bump type: 6
c [ccnr] time: 0.33
c rst  geom ibes vs   2615  2602K 3198      25K  3088 6.71    6.20     9931   232   29K   254 28.25   28.09  
c [distill-long-red0] cls tried: 2/2 T: 0.00 T-out: N T-r: 100.00%
c [distill-long-red1] cls tried: 63/63 T: 0.00 T-out: N T-r: 79.50%
c [distill] watch-based irred--  cl tried 37490    cl-sh 0     cl-rem 0    lit-rem 0      T: 0.05 T-out: N
c [distill] watch-based red  --  cl tried 19862    cl-sh 0     cl-rem 0    lit-rem 0      T: 0.02 T-out: N
c rst  geom ibes vs   2616  2619K 3198      25K  3088 6.71    6.20     9941   295   32K   254 29.53   29.36  
c [distill-long-red0] cls tried: 3/3 T: 0.00 T-out: N T-r: 100.00%
c [distill-long-red1] cls tried: 80/80 T: 0.01 T-out: N T-r: 70.38%
c [full-probe]  bin_only: 1 set: 0 repl: 0 T: 0.01 T-out: N T-r: 99.91%
c [distill-bin] useful: 0/3088/3088 lits-rem: 0 cl-rem: 0 0-depth-assigns: 0 T: 0.01 T-out: N
c [impl-str] lit bin: 0 set-var: 0 T: 0.00 T-out: N T-r: 99.97% w-visit: 6404
c [impl-sub] bin: 0 T: 0.00 T-out: N w-visit: 6404
c rst  geom svd  vs   2617  2637K 3198      25K  3088 6.71    6.20     9966   257   31K   254 30.55   30.38  
c [distill-long-red0] cls tried: 2/2 T: 0.00 T-out: N T-r: 100.00%
c [distill-long-red1] cls tried: 39/39 T: 0.00 T-out: N T-r: 84.81%
c [distill] watch-based irred--  cl tried 37490    cl-sh 0     cl-rem 0    lit-rem 0      T: 0.05 T-out: N
c [distill] watch-based red  --  cl tried 19932    cl-sh 0     cl-rem 0    lit-rem 0      T: 0.02 T-out: N
c [ccnr] tries: 0 steps: 262143 best found: 2
c [ccnr] saving best assignment phase to stable_polar
c [ccnr] bumping based on var unsat frequency: conflict_ct
c [ccnr] Bumped vars: 3202 bump type: 6
c [ccnr] time: 0.32
c rst  geom svd  vs   2618  2657K 3198      25K  3088 6.71    6.20     9970   294   20K   254 27.21   27.00  
c [distill-long-red0] cls tried: 0/0 T: 0.00 T-out: N T-r: 100.00%
c [distill-long-red1] cls tried: 47/47 T: 0.00 T-out: N T-r: 85.96%
c [full-probe]  bin_only: 0 set: 0 repl: 0 T: 0.01 T-out: N T-r: 99.19%
c [distill-bin] useful: 0/3088/3088 lits-rem: 0 cl-rem: 0 0-depth-assigns: 0 T: 0.01 T-out: N
c [gauss] XOR-encoding clauses are not detached, so no need to reattach them.
c [g 0] truth-find prop checks  : 1599K
c [g 0] -> of which prop        : 43.48 %
c [g 0] -> of which confl       :  0.96 %
c [g 0] elim called             : 98K
c [g 0] ---> which lead to prop : 256.24 %
c [g 0] ---> which lead to confl:  6.15 %
c [g 0] size: 71    x 147  
c [scc] new: 0 BP 0M T: 0.00
c [vrep] vars 0 lits 0 rem-bin-cls 0 rem-long-cls 0 BP 0M T: 0.00
c [intree] Set 0 vars hyper-added: 0 trans-irred: 0 trans-red: 0 T: 0.01 T-out: N T-r: -0.16%
c [find&init matx] performing matrix init
c [gauss] XOR-encoding clauses are not detached, so no need to reattach them.
c [xor-rem-unconnected] left with 262 xors from 262 non-empty xors T: 0.00
c [xor-together] xored together: 191 orig xors: 262 new xors: 71 T: 0.00
c [xor-rem-unconnected] left with 71 xors from 71 non-empty xors T: 0.00
c [xor-clean-equiv] removed equivalent xors: 0 left with: 71
c [matrix] unused xors from cleaning: 0
c [matrix] Good   matrix 0 71      x147    density:0.0995  xorlen avg: 14.62
c [matrix] Using 1 matrices recovered from 0 xors T: 0.00 T-out: N
c rst  geom best vs   2619  2679K 3198      25K  3088 6.71    6.20     9976   253   34K   254 27.99   27.84  
c [distill-long-red0] cls tried: 1/1 T: 0.00 T-out: N T-r: 100.00%
c [distill-long-red1] cls tried: 30/30 T: 0.00 T-out: N T-r: 89.11%
c [full-probe]  bin_only: 1 set: 0 repl: 0 T: 0.01 T-out: N T-r: 99.89%
c [distill-bin] useful: 0/3088/3088 lits-rem: 0 cl-rem: 0 0-depth-assigns: 0 T: 0.01 T-out: N
c [distill] watch-based irred--  cl tried 37490    cl-sh 0     cl-rem 0    lit-rem 0      T: 0.06 T-out: N
c [distill] watch-based red  --  cl tried 19952    cl-sh 0     cl-rem 0    lit-rem 0      T: 0.03 T-out: N
c [impl-str] lit bin: 0 set-var: 0 T: 0.00 T-out: N T-r: 99.97% w-visit: 6404
c [impl-sub] bin: 0 T: 0.00 T-out: N w-visit: 6404
c rst  geom best vs   2620  2704K 3198      25K  3088 6.71    6.20    10040   236   38K   254 25.90   25.78  
c [branch] adjusting to: vmtf (from: vsid) var_decay:0.95 descr: VMTF
c [distill-long-red0] cls tried: 45/45 T: 0.00 T-out: N T-r: 99.97%
c [distill-long-red1] cls tried: 117/117 T: 0.01 T-out: N T-r: 66.73%
c [full-probe]  bin_only: 0 set: 0 repl: 0 T: 0.01 T-out: N T-r: 98.86%
c [distill-bin] useful: 0/3088/3088 lits-rem: 0 cl-rem: 0 0-depth-assigns: 0 T: 0.01 T-out: N
c [ccnr] tries: 0 steps: 262143 best found: 2
c [ccnr] saving best assignment phase to stable_polar
c [ccnr] bumping based on clause weights
c [ccnr] Bumped vars: 105 bump type: 6
c [ccnr] time: 0.33
c rst  luby stb  vmt  2621  2704K 3198      25K  3088 6.71    6.20    10040   245   38K   254 25.93   25.80  
c rst  luby stb  vmt  2622  2704K 3198      25K  3088 6.71    6.20    10040   250   38K   254 25.95   25.83  
c rst  luby stb  vmt  2623  2704K 3198      25K  3088 6.71    6.20    10041   258   39K   254 26.02   25.89  
c rst  luby stb  vmt  2624  2704K 3198      25K  3088 6.71    6.20    10041   258   39K   254 26.06   25.93  
c rst  luby stb  vmt  2625  2704K 3198      25K  3088 6.71    6.20    10041   258   39K   254 26.09   25.97  
c rst  luby stb  vmt  2626  2704K 3198      25K  3088 6.71    6.20    10041   258   39K   254 26.16   26.04  
c [distill] watch-based irred--  cl tried 32682    cl-sh 0     cl-rem 0    lit-rem 0      T: 0.06 T-out: Y
c [distill] watch-based red  --  cl tried 20082    cl-sh 0     cl-rem 0    lit-rem 0      T: 0.03 T-out: N
c rst  luby stb  vmt  2627  2705K 3198      25K  3088 6.71    6.20    10041   258   39K   254 26.34   26.22  
c rst  luby stb  vmt  2628  2705K 3198      25K  3088 6.71    6.20    10041   260   39K   254 26.37   26.25  
c rst  luby stb  vmt  2629  2705K 3198      25K  3088 6.71    6.20    10041   260   40K   254 26.39   26.27  
c rst  luby stb  vmt  2630  2705K 3198      25K  3088 6.71    6.20    10041   263   40K   254 26.45   26.32  
c rst  luby stb  vmt  2631  2705K 3198      25K  3088 6.71    6.20    10041   263   40K   254 26.48   26.35  
c rst  luby stb  vmt  2632  2705K 3198      25K  3088 6.71    6.20    10041   263   40K   254 26.52   26.40  
c rst  luby stb  vmt  2633  2706K 3198      25K  3088 6.71    6.20    10041   263   40K   254 26.58   26.46  
c rst  luby stb  vmt  2634  2706K 3198      25K  3088 6.71    6.20    10041   263   41K   254 26.78   26.66  
c rst  luby stb  vmt  2635  2707K 3198      25K  3088 6.71    6.20    10041   265   41K   254 26.99   26.87  
c rst  luby stb  vmt  2636  2707K 3198      25K  3088 6.71    6.20    10041   266   41K   254 27.02   26.90  
c rst  luby stb  vmt  2637  2707K 3198      25K  3088 6.71    6.20    10041   268   42K   254 27.05   26.93  
c rst  luby stb  vmt  2638  2707K 3198      25K  3088 6.71    6.20    10041   268   42K   254 27.10   26.98  
c rst  luby stb  vmt  2639  2707K 3198      25K  3088 6.71    6.20    10041   268   42K   254 27.12   27.00  
c rst  luby stb  vmt  2640  2707K 3198      25K  3088 6.71    6.20    10041   268   42K   254 27.14   27.02  
c rst  luby stb  vmt  2641  2708K 3198      25K  3088 6.71    6.20    10041   269   42K   254 27.21   27.09  
c rst  luby stb  vmt  2642  2708K 3198      25K  3088 6.71    6.20    10041   269   43K   254 27.33   27.21  
c rst  luby stb  vmt  2643  2708K 3198      25K  3088 6.71    6.20    10041   270   43K   254 27.35   27.23  
c rst  luby stb  vmt  2644  2708K 3198      25K  3088 6.71    6.20    10041   270   43K   254 27.38   27.26  
c rst  luby stb  vmt  2645  2708K 3198      25K  3088 6.71    6.20    10041   270   43K   254 27.44   27.32  
c rst  luby stb  vmt  2646  2709K 3198      25K  3088 6.71    6.20    10041   270   43K   254 27.47   27.35  
c rst  luby stb  vmt  2647  2709K 3198      25K  3088 6.71    6.20    10041   270   43K   254 27.50   27.38  
c rst  luby stb  vmt  2648  2709K 3198      25K  3088 6.71    6.20    10041   270   43K   254 27.55   27.43  
c rst  luby stb  vmt  2649  2709K 3198      25K  3088 6.71    6.20    10041   271   44K   254 27.65   27.53  
c rst  luby stb  vmt  2650  2710K 3198      25K  3088 6.71    6.20    10067   222   45K   254 27.87   27.75  
c rst  luby stb  vmt  2651  2712K 3198      25K  3088 6.71    6.20    10067   227   46K   254 28.36   28.24  
c rst  luby stb  vmt  2652  2712K 3198      25K  3088 6.71    6.20    10067   227   46K   254 28.39   28.27  
c rst  luby stb  vmt  2653  2712K 3198      25K  3088 6.71    6.20    10067   227   46K   254 28.42   28.30  
c rst  luby stb  vmt  2654  2712K 3198      25K  3088 6.71    6.20    10067   231   47K   254 28.47   28.35  
c rst  luby stb  vmt  2655  2712K 3198      25K  3088 6.71    6.20    10067   234   47K   254 28.48   28.36  
c rst  luby stb  vmt  2656  2712K 3198      25K  3088 6.71    6.20    10067   234   47K   254 28.51   28.39  
c rst  luby stb  vmt  2657  2713K 3198      25K  3088 6.71    6.20    10067   236   47K   254 28.58   28.46  
c rst  luby stb  vmt  2658  2713K 3198      25K  3088 6.71    6.20    10067   238   47K   254 28.69   28.58  
c rst  luby stb  vmt  2659  2713K 3198      25K  3088 6.71    6.20    10067   238   48K   254 28.73   28.61  
c rst  luby stb  vmt  2660  2713K 3198      25K  3088 6.71    6.20    10067   239   48K   254 28.74   28.63  
c rst  luby stb  vmt  2661  2713K 3198      25K  3088 6.71    6.20    10067   242   48K   254 28.82   28.70  
c rst  luby stb  vmt  2662  2713K 3198      25K  3088 6.71    6.20    10067   242   48K   254 28.84   28.72  
c rst  luby stb  vmt  2663  2714K 3198      25K  3088 6.71    6.20    10067   242   48K   254 28.88   28.76  
c rst  luby stb  vmt  2664  2714K 3198      25K  3088 6.71    6.20    10067   244   48K   254 28.93   28.81  
c rst  luby stb  vmt  2665  2714K 3198      25K  3088 6.71    6.20    10067   247   49K   254 29.00   28.88  
c rst  luby stb  vmt  2666  2715K 3198      25K  3088 6.71    6.20    10076   315   27K   254 27.95   27.78  
c rst  luby stb  vmt  2667  2715K 3198      25K  3088 6.71    6.20    10076   315   27K   254 27.98   27.81  
c rst  luby stb  vmt  2668  2715K 3198      25K  3088 6.71    6.20    10076   320   28K   254 27.99   27.82  
c rst  luby stb  vmt  2669  2715K 3198      25K  3088 6.71    6.20    10076   321   28K   254 28.06   27.89  
c rst  luby stb  vmt  2670  2715K 3198      25K  3088 6.71    6.20    10076   321   28K   254 28.10   27.93  
c rst  luby stb  vmt  2671  2716K 3198      25K  3088 6.71    6.20    10076   322   28K   254 28.12   27.95  
c rst  luby stb  vmt  2672  2716K 3198      25K  3088 6.71    6.20    10076   323   28K   254 28.21   28.04  
c rst  luby stb  vmt  2673  2716K 3198      25K  3088 6.71    6.20    10076   323   29K   254 28.34   28.17  
c rst  luby stb  vmt  2674  2716K 3198      25K  3088 6.71    6.20    10076   323   29K   254 28.38   28.21  
c rst  luby stb  vmt  2675  2716K 3198      25K  3088 6.71    6.20    10076   325   29K   254 28.41   28.24  
c rst  luby stb  vmt  2676  2717K 3198      25K  3088 6.71    6.20    10076   327   29K   254 28.47   28.30  
c rst  luby stb  vmt  2677  2717K 3198      25K  3088 6.71    6.20    10076   327   29K   254 28.52   28.36  
c rst  luby stb  vmt  2678  2717K 3198      25K  3088 6.71    6.20    10076   327   29K   254 28.55   28.38  
c rst  luby stb  vmt  2679  2717K 3198      25K  3088 6.71    6.20    10076   327   29K   254 28.59   28.42  
c rst  luby stb  vmt  2680  2717K 3198      25K  3088 6.71    6.20    10076   335   30K   254 28.69   28.52  
c rst  luby stb  vmt  2681  2718K 3198      25K  3088 6.71    6.20    10076   335   31K   254 28.82   28.66  
c rst  luby stb  vmt  2682  2720K 3198      25K  3088 6.71    6.20    10103   309   32K   254 29.04   28.88  
c [distill-long-red0] cls tried: 45/45 T: 0.00 T-out: N T-r: 99.95%
c [distill-long-red1] cls tried: 110/110 T: 0.01 T-out: N T-r: 58.86%
c rst  luby stb  vmt  2683  2723K 3198      25K  3088 6.71    6.20    10103   316   35K   254 29.35   29.21  
c [gauss] XOR-encoding clauses are not detached, so no need to reattach them.
c [g 0] truth-find prop checks  : 1754K
c [g 0] -> of which prop        : 32.08 %
c [g 0] -> of which confl       :  1.00 %
c [g 0] elim called             : 179K
c [g 0] ---> which lead to prop : 168.62 %
c [g 0] ---> which lead to confl:  5.09 %
c [g 0] size: 71    x 147  
c [scc] new: 0 BP 0M T: 0.00
c [vrep] vars 0 lits 0 rem-bin-cls 0 rem-long-cls 0 BP 0M T: 0.01
c [intree] Set 0 vars hyper-added: 0 trans-irred: 0 trans-red: 0 T: 0.01 T-out: N T-r: -0.19%
c [find&init matx] performing matrix init
c [gauss] XOR-encoding clauses are not detached, so no need to reattach them.
c [xor-rem-unconnected] left with 262 xors from 262 non-empty xors T: 0.00
c [xor-together] xored together: 191 orig xors: 262 new xors: 71 T: 0.00
c [xor-rem-unconnected] left with 71 xors from 71 non-empty xors T: 0.00
c [xor-clean-equiv] removed equivalent xors: 0 left with: 71
c [matrix] unused xors from cleaning: 0
c [matrix] Good   matrix 0 71      x147    density:0.0995  xorlen avg: 14.62
c [matrix] Using 1 matrices recovered from 0 xors T: 0.00 T-out: N
c rst  luby stb  vmt  2684  2723K 3198      25K  3088 6.71    6.20    10103   316   35K   254 29.38   29.23  
c rst  luby stb  vmt  2685  2723K 3198      25K  3088 6.71    6.20    10103   316   36K   254 29.41   29.26  
c rst  luby stb  vmt  2686  2723K 3198      25K  3088 6.71    6.20    10103   317   36K   254 29.43   29.28  
c rst  luby stb  vmt  2687  2723K 3198      25K  3088 6.71    6.20    10103   318   36K   254 29.44   29.29  
c rst  luby stb  vmt  2688  2724K 3198      25K  3088 6.71    6.20    10103   318   36K   254 29.48   29.33  
c rst  luby stb  vmt  2689  2724K 3198      25K  3088 6.71    6.20    10103   318   36K   254 29.54   29.39  
c [full-probe]  bin_only: 1 set: 0 repl: 0 T: 0.01 T-out: N T-r: 99.83%
c [distill-bin] useful: 0/3088/3088 lits-rem: 0 cl-rem: 0 0-depth-assigns: 0 T: 0.02 T-out: N
c rst  luby stb  vmt  2690  2724K 3198      25K  3088 6.71    6.20    10103   319   37K   254 29.68   29.53  
c rst  luby stb  vmt  2691  2724K 3198      25K  3088 6.71    6.20    10103   320   37K   254 29.69   29.55  
c rst  luby stb  vmt  2692  2724K 3198      25K  3088 6.71    6.20    10103   320   37K   254 29.70   29.55  
c rst  luby stb  vmt  2693  2725K 3198      25K  3088 6.71    6.20    10103   320   37K   254 29.72   29.57  
c rst  luby stb  vmt  2694  2725K 3198      25K  3088 6.71    6.20    10103   320   37K   254 29.73   29.59  
c rst  luby stb  vmt  2695  2725K 3198      25K  3088 6.71    6.20    10103   320   37K   254 29.74   29.60  
c rst  luby stb  vmt  2696  2725K 3198      25K  3088 6.71    6.20    10103   321   37K   254 29.79   29.64  
c rst  luby stb  vmt  2697  2725K 3198      25K  3088 6.71    6.20    10103   327   38K   254 29.85   29.71  
c rst  luby stb  vmt  2698  2726K 3198      25K  3088 6.71    6.20    10103   327   39K   254 30.03   29.89  
c rst  luby stb  vmt  2699  2726K 3198      25K  3088 6.71    6.20    10103   327   39K   254 30.05   29.90  
c rst  luby stb  vmt  2700  2726K 3198      25K  3088 6.71    6.20    10103   328   39K   254 30.07   29.93  
c rst  luby stb  vmt  2701  2727K 3198      25K  3088 6.71    6.20    10103   330   39K   254 30.11   29.97  
c rst  luby stb  vmt  2702  2727K 3198      25K  3088 6.71    6.20    10103   330   39K   254 30.13   29.99  
c rst  luby stb  vmt  2703  2727K 3198      25K  3088 6.71    6.20    10103   330   39K   254 30.15   30.01  
c rst  luby stb  vmt  2704  2727K 3198      25K  3088 6.71    6.20    10103   336   39K   254 30.22   30.07  
c rst  luby stb  vmt  2705  2727K 3198      25K  3088 6.71    6.20    10104   339   40K   254 30.32   30.18  
c rst  luby stb  vmt  2706  2728K 3198      25K  3088 6.71    6.20    10104   339   40K   254 30.33   30.19  
c rst  luby stb  vmt  2707  2728K 3198      25K  3088 6.71    6.20    10104   339   40K   254 30.36   30.22  
c rst  luby stb  vmt  2708  2728K 3198      25K  3088 6.71    6.20    10104   339   40K   254 30.41   30.27  
c rst  luby stb  vmt  2709  2728K 3198      25K  3088 6.71    6.20    10104   339   40K   254 30.44   30.30  
c rst  luby stb  vmt  2710  2728K 3198      25K  3088 6.71    6.20    10104   339   40K   254 30.46   30.32  
c rst  luby stb  vmt  2711  2728K 3198      25K  3088 6.71    6.20    10104   340   41K   254 30.50   30.36  
c rst  luby stb  vmt  2712  2729K 3198      25K  3088 6.71    6.20    10104   340   41K   254 30.57   30.43  
c rst  luby stb  vmt  2713  2729K 3198      25K  3088 6.71    6.20    10104   347   42K   254 30.68   30.54  
c rst  luby stb  vmt  2714  2731K 3198      25K  3088 6.71    6.20    10146   393   27K   254 30.97   30.78  
c [distill] watch-based irred--  cl tried 37412    cl-sh 0     cl-rem 0    lit-rem 0      T: 0.06 T-out: Y
c [distill] watch-based red  --  cl tried 20292    cl-sh 0     cl-rem 0    lit-rem 0      T: 0.03 T-out: N
c rst  luby stb  vmt  2715  2731K 3198      25K  3088 6.71    6.20    10146   393   27K   254 30.99   30.80  
c rst  luby stb  vmt  2716  2731K 3198      25K  3088 6.71    6.20    10146   393   27K   254 31.04   30.85  
c rst  luby stb  vmt  2717  2731K 3198      25K  3088 6.71    6.20    10146   396   27K   254 31.07   30.87  
c rst  luby stb  vmt  2718  2732K 3198      25K  3088 6.71    6.20    10146   396   27K   254 31.08   30.89  
c rst  luby stb  vmt  2719  2732K 3198      25K  3088 6.71    6.20    10146   398   27K   254 31.10   30.91  
c rst  luby stb  vmt  2720  2732K 3198      25K  3088 6.71    6.20    10146   398   27K   254 31.17   30.98  
c rst  luby stb  vmt  2721  2732K 3198      25K  3088 6.71    6.20    10146   403   28K   254 31.32   31.13  
c rst  luby stb  vmt  2722  2732K 3198      25K  3088 6.71    6.20    10146   403   28K   254 31.36   31.17  
c rst  luby stb  vmt  2723  2732K 3198      25K  3088 6.71    6.20    10146   403   28K   254 31.40   31.21  
c rst  luby stb  vmt  2724  2733K 3198      25K  3088 6.71    6.20    10146   403   28K   254 31.44   31.26  
c rst  luby stb  vmt  2725  2733K 3198      25K  3088 6.71    6.20    10146   403   28K   254 31.46   31.27  
c rst  luby stb  vmt  2726  2733K 3198      25K  3088 6.71    6.20    10146   403   28K   254 31.49   31.30  
c rst  luby stb  vmt  2727  2733K 3198      25K  3088 6.71    6.20    10146   406   29K   254 31.56   31.37  
c rst  luby stb  vmt  2728  2733K 3198      25K  3088 6.71    6.20    10146   412   29K   254 31.66   31.47  
c rst  luby stb  vmt  2729  2734K 3198      25K  3088 6.71    6.20    10146   413   30K   254 31.84   31.66  
c rst  luby stb  vmt  2730  2734K 3198      25K  3088 6.71    6.20    10146   413   30K   254 31.87   31.68  
c rst  luby stb  vmt  2731  2734K 3198      25K  3088 6.71    6.20    10146   413   30K   254 31.88   31.70  
c rst  luby stb  vmt  2732  2735K 3198      25K  3088 6.71    6.20    10146   414   30K   254 31.91   31.73  
c rst  luby stb  vmt  2733  2735K 3198      25K  3088 6.71    6.20    10146   414   30K   254 31.92   31.74  
c [distill-long-red0] cls tried: 22/22 T: 0.00 T-out: N T-r: 99.98%
c [distill-long-red1] cls tried: 149/149 T: 0.01 T-out: N T-r: 53.02%
c rst  luby stb  vmt  2734  2735K 3198      25K  3088 6.71    6.20    10146   414   30K   254 31.94   31.76  
c rst  luby stb  vmt  2735  2735K 3198      25K  3088 6.71    6.20    10146   414   31K   254 31.95   31.77  
c rst  luby stb  vmt  2736  2735K 3198      25K  3088 6.71    6.20    10146   414   31K   254 32.08   31.90  
c rst  luby stb  vmt  2737  2736K 3198      25K  3088 6.71    6.20    10146   414   31K   254 32.09   31.91  
c rst  luby stb  vmt  2738  2736K 3198      25K  3088 6.71    6.20    10146   414   31K   254 32.09   31.91  
c rst  luby stb  vmt  2739  2736K 3198      25K  3088 6.71    6.20    10146   423   31K   254 32.12   31.94  
c rst  luby ibes vmt  2740  2736K 3198      25K  3088 6.71    6.20    10146   424   32K   254 32.16   31.98  
c rst  luby ibes vmt  2741  2736K 3198      25K  3088 6.71    6.20    10146   427   32K   254 32.18   32.00  
c rst  luby ibes vmt  2742  2736K 3198      25K  3088 6.71    6.20    10146   434   32K   254 32.21   32.03  
c rst  luby ibes vmt  2743  2737K 3198      25K  3088 6.71    6.20    10146   434   32K   254 32.33   32.16  
c rst  luby ibes vmt  2744  2737K 3198      25K  3088 6.71    6.20    10146   435   33K   254 32.51   32.33  
c rst  luby ibes vmt  2745  2739K 3198      25K  3088 6.71    6.20    10147   473   35K   254 32.71   32.54  
c rst  luby ibes vmt  2746  2742K 3198      25K  3088 6.71    6.20    10205   454   38K   254 33.46   33.29  
c [impl-str] lit bin: 0 set-var: 0 T: 0.00 T-out: N T-r: 99.97% w-visit: 6404
c [impl-sub] bin: 0 T: 0.00 T-out: N w-visit: 6404
c rst  luby ibes vmt  2747  2749K 3198      25K  3088 6.71    6.20    10222   603   28K   254 31.00   30.81  
c [full-probe]  bin_only: 0 set: 0 repl: 0 T: 0.01 T-out: N T-r: 98.81%
c [distill-bin] useful: 0/3088/3088 lits-rem: 0 cl-rem: 0 0-depth-assigns: 0 T: 0.01 T-out: N
c [ccnr] tries: 0 steps: 262143 best found: 6
c [ccnr] saving best assignment phase to stable_polar
c [ccnr] bumping based on var unsat frequency: conflict_ct
c [ccnr] Bumped vars: 3202 bump type: 6
c [ccnr] time: 0.32
c rst  luby ibes vmt  2748  2749K 3198      25K  3088 6.71    6.20    10222   605   28K   254 30.97   30.79  
c rst  luby ibes vmt  2749  2749K 3198      25K  3088 6.71    6.20    10222   606   28K   254 31.01   30.82  
c rst  luby ibes vmt  2750  2749K 3198      25K  3088 6.71    6.20    10222   609   28K   254 31.11   30.92  
c rst  luby ibes vmt  2751  2749K 3198      25K  3088 6.71    6.20    10223   615   28K   254 31.11   30.93  
c rst  luby ibes vmt  2752  2749K 3198      25K  3088 6.71    6.20    10224   618   28K   254 31.11   30.93  
c rst  luby ibes vmt  2753  2750K 3198      25K  3088 6.71    6.20    10224   627   29K   254 31.15   30.96  
c rst  luby ibes vmt  2754  2750K 3198      25K  3088 6.71    6.20    10257   585   29K   254 31.24   31.06  
c [distill-long-red0] cls tried: 65/65 T: 0.01 T-out: N T-r: 99.93%
c [distill-long-red1] cls tried: 228/228 T: 0.02 T-out: N T-r: 11.39%
c rst  luby ibes vmt  2755  2750K 3198      25K  3088 6.71    6.20    10259   588   29K   254 31.27   31.09  
c rst  luby ibes vmt  2756  2750K 3198      25K  3088 6.71    6.20    10259   592   29K   254 31.29   31.10  
c rst  luby ibes vmt  2757  2750K 3198      25K  3088 6.71    6.20    10259   596   29K   254 31.34   31.16  
c rst  luby ibes vmt  2758  2750K 3198      25K  3088 6.71    6.20    10259   598   30K   254 31.35   31.17  
c rst  luby ibes vmt  2759  2751K 3198      25K  3088 6.71    6.20    10259   599   30K   254 31.40   31.22  
c rst  luby ibes vmt  2760  2751K 3198      25K  3088 6.71    6.20    10259   604   30K   254 31.42   31.24  
c rst  luby ibes vmt  2761  2751K 3198      25K  3088 6.71    6.20    10259   606   30K   254 31.54   31.36  
c rst  luby ibes vmt  2762  2752K 3198      25K  3088 6.71    6.20    10259   617   31K   254 31.68   31.50  
c rst  luby ibes vmt  2763  2752K 3198      25K  3088 6.71    6.20    10259   617   31K   254 31.70   31.53  
c rst  luby ibes vmt  2764  2752K 3198      25K  3088 6.71    6.20    10259   618   31K   254 31.73   31.56  
c rst  luby ibes vmt  2765  2752K 3198      25K  3088 6.71    6.20    10259   618   31K   254 31.79   31.62  
c rst  luby ibes vmt  2766  2752K 3198      25K  3088 6.71    6.20    10259   618   32K   254 31.81   31.64  
c rst  luby ibes vmt  2767  2753K 3198      25K  3088 6.71    6.20    10259   618   32K   254 31.84   31.66  
c rst  luby ibes vmt  2768  2753K 3198      25K  3088 6.71    6.20    10259   620   32K   254 31.88   31.70  
c rst  luby ibes vmt  2769  2753K 3198      25K  3088 6.71    6.20    10259   620   32K   254 31.98   31.81  
c rst  luby ibes vmt  2770  2753K 3198      25K  3088 6.71    6.20    10259   621   32K   254 31.99   31.82  
c rst  luby ibes vmt  2771  2753K 3198      25K  3088 6.71    6.20    10259   621   32K   254 32.00   31.83  
c rst  luby ibes vmt  2772  2754K 3198      25K  3088 6.71    6.20    10259   621   33K   254 32.01   31.84  
c rst  luby ibes vmt  2773  2754K 3198      25K  3088 6.71    6.20    10259   621   33K   254 32.02   31.85  
c rst  luby ibes vmt  2774  2754K 3198      25K  3088 6.71    6.20    10259   621   33K   254 32.03   31.86  
c rst  luby ibes vmt  2775  2754K 3198      25K  3088 6.71    6.20    10259   621   33K   254 32.08   31.91  
c rst  luby ibes vmt  2776  2754K 3198      25K  3088 6.71    6.20    10259   623   33K   254 32.10   31.93  
c rst  luby ibes vmt  2777  2755K 3198      25K  3088 6.71    6.20    10259   631   34K   254 32.30   32.13  
c rst  luby ibes vmt  2778  2757K 3198      25K  3088 6.71    6.20    10259   642   36K   254 32.49   32.33  
c [distill] watch-based irred--  cl tried 36655    cl-sh 0     cl-rem 0    lit-rem 0      T: 0.06 T-out: Y
c [distill] watch-based red  --  cl tried 20518    cl-sh 2     cl-rem 0    lit-rem 2      T: 0.03 T-out: N
c rst  luby ibes vmt  2779  2757K 3198      25K  3088 6.71    6.20    10259   645   36K   254 32.52   32.36  
c rst  luby ibes vmt  2780  2757K 3198      25K  3088 6.71    6.20    10259   647   36K   254 32.53   32.36  
c rst  luby ibes vmt  2781  2757K 3198      25K  3088 6.71    6.20    10259   648   36K   254 32.57   32.41  
c rst  luby ibes vmt  2782  2757K 3198      25K  3088 6.71    6.20    10259   649   36K   254 32.57   32.41  
c rst  luby ibes vmt  2783  2757K 3198      25K  3088 6.71    6.20    10259   650   36K   254 32.59   32.43  
c rst  luby ibes vmt  2784  2758K 3198      25K  3088 6.71    6.20    10259   651   37K   254 32.60   32.44  
c rst  luby ibes vmt  2785  2758K 3198      25K  3088 6.71    6.20    10259   653   37K   254 32.66   32.50  
c rst  luby ibes vmt  2786  2758K 3198      25K  3088 6.71    6.20    10259   653   37K   254 32.67   32.52  
c rst  luby ibes vmt  2787  2758K 3198      25K  3088 6.71    6.20    10259   654   37K   254 32.70   32.54  
c rst  luby ibes vmt  2788  2758K 3198      25K  3088 6.71    6.20    10259   656   37K   254 32.73   32.57  
c rst  luby ibes vmt  2789  2758K 3198      25K  3088 6.71    6.20    10259   657   38K   254 32.74   32.58  
c rst  luby ibes vmt  2790  2759K 3198      25K  3088 6.71    6.20    10259   662   38K   254 32.76   32.60  
c rst  luby ibes vmt  2791  2759K 3198      25K  3088 6.71    6.20    10260   666   38K   254 32.82   32.66  
c rst  luby ibes vmt  2792  2759K 3198      25K  3088 6.71    6.20    10261   670   38K   254 32.90   32.74  
c rst  luby ibes vmt  2793  2760K 3198      25K  3088 6.71    6.20    10328   784   22K   254 29.90   29.69  
c rst  luby ibes vmt  2794  2760K 3198      25K  3088 6.71    6.20    10328   785   22K   254 29.93   29.72  
c rst  luby ibes vmt  2795  2760K 3198      25K  3088 6.71    6.20    10328   785   22K   254 29.97   29.76  
c rst  luby ibes vmt  2796  2760K 3198      25K  3088 6.71    6.20    10329   788   23K   254 30.07   29.86  
c rst  luby ibes vmt  2797  2760K 3198      25K  3088 6.71    6.20    10329   789   23K   254 30.10   29.90  
c rst  luby ibes vmt  2798  2761K 3198      25K  3088 6.71    6.20    10329   789   23K   254 30.13   29.93  
c rst  luby ibes vmt  2799  2761K 3198      25K  3088 6.71    6.20    10329   792   23K   254 30.19   29.98  
c rst  luby ibes vmt  2800  2761K 3198      25K  3088 6.71    6.20    10329   793   23K   254 30.29   30.09  
c rst  luby ibes vmt  2801  2761K 3198      25K  3088 6.71    6.20    10330   801   24K   254 30.31   30.11  
c rst  luby ibes vmt  2802  2761K 3198      25K  3088 6.71    6.20    10330   804   24K   254 30.32   30.12  
c rst  luby ibes vmt  2803  2762K 3198      25K  3088 6.71    6.20    10330   807   24K   254 30.39   30.19  
c rst  luby ibes vmt  2804  2762K 3198      25K  3088 6.71    6.20    10330   807   24K   254 30.43   30.23  
c rst  luby ibes vmt  2805  2762K 3198      25K  3088 6.71    6.20    10330   810   24K   254 30.46   30.26  
c rst  luby ibes vmt  2806  2762K 3198      25K  3088 6.71    6.20    10330   812   24K   254 30.54   30.34  
c rst  luby ibes vmt  2807  2762K 3198      25K  3088 6.71    6.20    10330   814   25K   254 30.63   30.43  
c rst  luby ibes vmt  2808  2763K 3198      25K  3088 6.71    6.20    10330   819   25K   254 30.87   30.67  
c rst  luby ibes vmt  2809  2765K 3198      25K  3088 6.71    6.20    10330   822   27K   254 31.31   31.12  
c rst  luby ibes vmt  2810  2768K 3198      25K  3088 6.71    6.20    10332   829   30K   254 32.07   31.89  
c [distill-long-red0] cls tried: 45/45 T: 0.01 T-out: N T-r: 99.96%
c [distill-long-red1] cls tried: 190/285 T: 0.03 T-out: Y T-r: -1.62%
c rst  luby ibes vmt  2811  2768K 3198      25K  3088 6.71    6.20    10332   837   30K   254 32.05   31.87  
c rst  luby ibes vmt  2812  2768K 3198      25K  3088 6.71    6.20    10333   846   30K   254 32.05   31.87  
c rst  luby ibes vmt  2813  2768K 3198      25K  3088 6.71    6.20    10333   856   31K   254 32.08   31.90  
c rst  luby svd  vmt  2814  2769K 3198      25K  3088 6.71    6.20    10333   856   31K   254 32.10   31.92  
c rst  luby svd  vmt  2815  2769K 3198      25K  3088 6.71    6.20    10333   857   31K   254 32.12   31.94  
c rst  luby svd  vmt  2816  2769K 3198      25K  3088 6.71    6.20    10333   861   31K   254 32.18   32.00  
c [full-probe]  bin_only: 1 set: 0 repl: 0 T: 0.01 T-out: N T-r: 99.88%
c [distill-bin] useful: 0/3088/3088 lits-rem: 0 cl-rem: 0 0-depth-assigns: 0 T: 0.01 T-out: N
c rst  luby svd  vmt  2817  2769K 3198      25K  3088 6.71    6.20    10333   861   31K   254 32.29   32.11  
c rst  luby svd  vmt  2818  2769K 3198      25K  3088 6.71    6.20    10333   861   32K   254 32.31   32.13  
c rst  luby svd  vmt  2819  2769K 3198      25K  3088 6.71    6.20    10333   861   32K   254 32.35   32.17  
c rst  luby svd  vmt  2820  2770K 3198      25K  3088 6.71    6.20    10333   863   32K   254 32.40   32.22  
c rst  luby svd  vmt  2821  2770K 3198      25K  3088 6.71    6.20    10333   865   32K   254 32.43   32.25  
c rst  luby svd  vmt  2822  2770K 3198      25K  3088 6.71    6.20    10385   766   32K   254 32.45   32.27  
c rst  luby svd  vmt  2823  2770K 3198      25K  3088 6.71    6.20    10385   767   32K   254 32.50   32.32  
c rst  luby svd  vmt  2824  2770K 3198      25K  3088 6.71    6.20    10385   770   33K   254 32.54   32.37  
c rst  luby svd  vmt  2825  2771K 3198      25K  3088 6.71    6.20    10385   775   33K   254 32.78   32.60  
c rst  luby svd  vmt  2826  2771K 3198      25K  3088 6.71    6.20    10385   775   34K   254 32.80   32.63  
c rst  luby svd  vmt  2827  2771K 3198      25K  3088 6.71    6.20    10385   775   34K   254 32.82   32.65  
c rst  luby svd  vmt  2828  2772K 3198      25K  3088 6.71    6.20    10385   775   34K   254 32.88   32.71  
c rst  luby svd  vmt  2829  2772K 3198      25K  3088 6.71    6.20    10385   776   34K   254 32.90   32.73  
c rst  luby svd  vmt  2830  2772K 3198      25K  3088 6.71    6.20    10385   776   34K   254 32.91   32.74  
c rst  luby svd  vmt  2831  2772K 3198      25K  3088 6.71    6.20    10385   776   34K   254 32.96   32.79  
c rst  luby svd  vmt  2832  2772K 3198      25K  3088 6.71    6.20    10385   780   35K   254 33.06   32.89  
c rst  luby svd  vmt  2833  2773K 3198      25K  3088 6.71    6.20    10385   781   35K   254 33.08   32.91  
c rst  luby svd  vmt  2834  2773K 3198      25K  3088 6.71    6.20    10385   783   35K   254 33.10   32.93  
c rst  luby svd  vmt  2835  2773K 3198      25K  3088 6.71    6.20    10385   783   35K   254 33.14   32.97  
c rst  luby svd  vmt  2836  2773K 3198      25K  3088 6.71    6.20    10385   784   35K   254 33.16   33.00  
c rst  luby svd  vmt  2837  2773K 3198      25K  3088 6.71    6.20    10385   785   35K   254 33.18   33.02  
c rst  luby svd  vmt  2838  2773K 3198      25K  3088 6.71    6.20    10385   787   35K   254 33.22   33.05  
c rst  luby svd  vmt  2839  2774K 3198      25K  3088 6.71    6.20    10385   789   36K   254 33.27   33.10  
c rst  luby svd  vmt  2840  2774K 3198      25K  3088 6.71    6.20    10385   789   37K   254 33.37   33.21  
c rst  luby svd  vmt  2841  2776K 3198      25K  3088 6.71    6.20    10391   937   22K   254 29.65   29.45  
c rst  luby svd  vmt  2842  2776K 3198      25K  3088 6.71    6.20    10392   938   23K   254 29.69   29.49  
c rst  luby svd  vmt  2843  2776K 3198      25K  3088 6.71    6.20    10392   938   23K   254 29.73   29.53  
c rst  luby svd  vmt  2844  2776K 3198      25K  3088 6.71    6.20    10392   938   23K   254 29.82   29.62  
c rst  luby svd  vmt  2845  2777K 3198      25K  3088 6.71    6.20    10392   939   23K   254 29.85   29.65  
c rst  luby svd  vmt  2846  2777K 3198      25K  3088 6.71    6.20    10392   939   23K   254 29.90   29.69  
c rst  luby svd  vmt  2847  2777K 3198      25K  3088 6.71    6.20    10392   939   23K   254 29.98   29.78  
c rst  luby svd  vmt  2848  2777K 3198      25K  3088 6.71    6.20    10392   945   24K   254 30.06   29.86  
c rst  luby svd  vmt  2849  2777K 3198      25K  3088 6.71    6.20    10392   945   24K   254 30.09   29.89  
c rst  luby svd  vmt  2850  2777K 3198      25K  3088 6.71    6.20    10392   945   24K   254 30.14   29.94  
c rst  luby svd  vmt  2851  2778K 3198      25K  3088 6.71    6.20    10392   947   24K   254 30.23   30.04  
c rst  luby svd  vmt  2852  2778K 3198      25K  3088 6.71    6.20    10392   947   24K   254 30.28   30.08  
c rst  luby svd  vmt  2853  2778K 3198      25K  3088 6.71    6.20    10392   948   24K   254 30.31   30.11  
c rst  luby svd  vmt  2854  2778K 3198      25K  3088 6.71    6.20    10392   948   24K   254 30.37   30.18  
c rst  luby svd  vmt  2855  2779K 3198      25K  3088 6.71    6.20    10392   949   25K   254 30.51   30.31  
c rst  luby svd  vmt  2856  2779K 3198      25K  3088 6.71    6.20    10392   952   26K   254 30.67   30.47  
c rst  luby svd  vmt  2857  2779K 3198      25K  3088 6.71    6.20    10392   952   26K   254 30.69   30.50  
c rst  luby svd  vmt  2858  2780K 3198      25K  3088 6.71    6.20    10392   952   26K   254 30.72   30.53  
c rst  luby svd  vmt  2859  2780K 3198      25K  3088 6.71    6.20    10392   957   26K   254 30.77   30.58  
c rst  luby svd  vmt  2860  2780K 3198      25K  3088 6.71    6.20    10465   831   26K   254 30.80   30.61  
c rst  luby svd  vmt  2861  2780K 3198      25K  3088 6.71    6.20    10465   831   26K   254 30.83   30.64  
c rst  luby svd  vmt  2862  2780K 3198      25K  3088 6.71    6.20    10465   831   26K   254 30.90   30.71  
c rst  luby svd  vmt  2863  2781K 3198      25K  3088 6.71    6.20    10465   832   27K   254 30.99   30.80  
c rst  luby svd  vmt  2864  2781K 3198      25K  3088 6.71    6.20    10465   832   27K   254 31.02   30.83  
c rst  luby svd  vmt  2865  2781K 3198      25K  3088 6.71    6.20    10465   833   27K   254 31.05   30.86  
c rst  luby svd  vmt  2866  2781K 3198      25K  3088 6.71    6.20    10465   833   27K   254 31.10   30.92  
c rst  luby svd  vmt  2867  2781K 3198      25K  3088 6.71    6.20    10465   833   27K   254 31.13   30.95  
c rst  luby svd  vmt  2868  2781K 3198      25K  3088 6.71    6.20    10465   833   27K   254 31.16   30.98  
c rst  luby svd  vmt  2869  2781K 3198      25K  3088 6.71    6.20    10465   835   28K   254 31.22   31.03  
c rst  luby svd  vmt  2870  2782K 3198      25K  3088 6.71    6.20    10465   838   28K   254 31.34   31.16  
c rst  luby svd  vmt  2871  2783K 3198      25K  3088 6.71    6.20    10465   839   29K   254 31.50   31.32  
c [distill] watch-based irred--  cl tried 37490    cl-sh 0     cl-rem 0    lit-rem 0      T: 0.06 T-out: N
c [distill] watch-based red  --  cl tried 20930    cl-sh 0     cl-rem 0    lit-rem 0      T: 0.03 T-out: N
c rst  luby svd  vmt  2872  2784K 3198      25K  3088 6.71    6.20    10466   844   30K   254 31.93   31.75  
c [distill-long-red0] cls tried: 74/74 T: 0.01 T-out: N T-r: 99.90%
c [distill-long-red1] cls tried: 195/267 T: 0.02 T-out: Y T-r: -0.52%
c rst  luby svd  vmt  2873  2787K 3198      25K  3088 6.71    6.20    10466   862   34K   254 32.47   32.30  
c rst  luby svd  vmt  2874  2794K 3198      25K  3088 6.71    6.20    10527   911   24K   254 31.17   30.96  
c [full-probe]  bin_only: 0 set: 0 repl: 0 T: 0.01 T-out: N T-r: 98.81%
c [distill-bin] useful: 0/3088/3088 lits-rem: 0 cl-rem: 0 0-depth-assigns: 0 T: 0.01 T-out: N
c [gauss] XOR-encoding clauses are not detached, so no need to reattach them.
c [g 0] truth-find prop checks  : 1583K
c [g 0] -> of which prop        : 43.36 %
c [g 0] -> of which confl       :  1.09 %
c [g 0] elim called             : 120K
c [g 0] ---> which lead to prop : 224.07 %
c [g 0] ---> which lead to confl:  5.71 %
c [g 0] size: 71    x 147  
c [scc] new: 0 BP 0M T: 0.00
c [vrep] vars 0 lits 0 rem-bin-cls 0 rem-long-cls 0 BP 0M T: 0.00
c [intree] Set 0 vars hyper-added: 0 trans-irred: 0 trans-red: 0 T: 0.01 T-out: N T-r: -0.56%
c [find&init matx] performing matrix init
c [gauss] XOR-encoding clauses are not detached, so no need to reattach them.
c [xor-rem-unconnected] left with 262 xors from 262 non-empty xors T: 0.00
c [xor-together] xored together: 191 orig xors: 262 new xors: 71 T: 0.00
c [xor-rem-unconnected] left with 71 xors from 71 non-empty xors T: 0.00
c [xor-clean-equiv] removed equivalent xors: 0 left with: 71
c [matrix] unused xors from cleaning: 0
c [matrix] Good   matrix 0 71      x147    density:0.0995  xorlen avg: 14.62
c [matrix] Using 1 matrices recovered from 0 xors T: 0.00 T-out: N
c [ccnr] tries: 0 steps: 262143 best found: 5
c [ccnr] saving best assignment phase to stable_polar
c [ccnr] bumping based on var unsat frequency: conflict_ct
c [ccnr] Bumped vars: 3202 bump type: 6
c [ccnr] time: 0.33
c rst  luby svd  vmt  2875  2807K 3198      25K  3088 6.71    6.20    10603  1279   24K   254 31.89   31.68  
c [distill-long-red0] cls tried: 85/85 T: 0.01 T-out: N T-r: 99.92%
c [distill-long-red1] cls tried: 259/604 T: 0.02 T-out: Y T-r: -0.81%
c [impl-str] lit bin: 0 set-var: 0 T: 0.00 T-out: N T-r: 99.97% w-visit: 6404
c [impl-sub] bin: 0 T: 0.00 T-out: N w-visit: 6404
c rst  geom best vmt  2876  2807K 3198      25K  3088 6.71    6.20    10603  1283   24K   254 31.88   31.67  
c rst  geom best vmt  2877  2807K 3198      25K  3088 6.71    6.20    10603  1284   24K   254 31.88   31.67  
c rst  geom best vmt  2878  2807K 3198      25K  3088 6.71    6.20    10603  1288   25K   254 31.90   31.69  
c rst  geom best vmt  2879  2807K 3198      25K  3088 6.71    6.20    10603  1288   25K   254 31.90   31.70  
c rst  geom best vmt  2880  2807K 3198      25K  3088 6.71    6.20    10603  1291   25K   254 31.89   31.69  
c rst  geom best vmt  2881  2807K 3198      25K  3088 6.71    6.20    10603  1294   25K   254 31.89   31.69  
c rst  geom best vmt  2882  2808K 3198      25K  3088 6.71    6.20    10606  1305   25K   254 31.89   31.69  
c [distill] watch-based irred--  cl tried 36186    cl-sh 0     cl-rem 0    lit-rem 0      T: 0.06 T-out: Y
c [distill] watch-based red  --  cl tried 21212    cl-sh 0     cl-rem 0    lit-rem 0      T: 0.03 T-out: N
c rst  geom best vmt  2883  2808K 3198      25K  3088 6.71    6.20    10606  1309   25K   254 31.90   31.70  
c rst  geom best vmt  2884  2808K 3198      25K  3088 6.71    6.20    10606  1310   26K   254 31.90   31.70  
c rst  geom best vmt  2885  2808K 3198      25K  3088 6.71    6.20    10606  1311   26K   254 31.93   31.73  
c rst  geom best vmt  2886  2809K 3198      25K  3088 6.71    6.20    10606  1313   26K   254 31.93   31.74  
c rst  geom best vmt  2887  2809K 3198      25K  3088 6.71    6.20    10606  1317   27K   254 31.99   31.80  
c rst  geom best vmt  2888  2809K 3198      25K  3088 6.71    6.20    10606  1321   27K   254 32.00   31.81  
c rst  geom best vmt  2889  2810K 3198      25K  3088 6.71    6.20    10606  1322   27K   254 32.00   31.81  
c rst  geom best vmt  2890  2810K 3198      25K  3088 6.71    6.20    10679  1177   28K   254 31.97   31.78  
c rst  geom best vmt  2891  2810K 3198      25K  3088 6.71    6.20    10679  1179   28K   254 31.95   31.76  
c rst  geom best vmt  2892  2811K 3198      25K  3088 6.71    6.20    10679  1180   29K   254 31.98   31.80  
c rst  geom best vmt  2893  2812K 3198      25K  3088 6.71    6.20    10679  1183   29K   254 31.99   31.81  
c rst  geom best vmt  2894  2812K 3198      25K  3088 6.71    6.20    10679  1186   30K   254 32.03   31.85  
c rst  geom best vmt  2895  2813K 3198      25K  3088 6.71    6.20    10679  1197   30K   254 32.07   31.89  
c rst  geom best vmt  2896  2813K 3198      25K  3088 6.71    6.20    10679  1204   31K   254 32.10   31.92  
c rst  geom best vmt  2897  2814K 3198      25K  3088 6.71    6.20    10679  1212   32K   254 32.13   31.96  
c [full-probe]  bin_only: 1 set: 0 repl: 0 T: 0.01 T-out: N T-r: 99.85%
c [distill-bin] useful: 0/3088/3088 lits-rem: 0 cl-rem: 0 0-depth-assigns: 0 T: 0.01 T-out: N
c rst  geom best vmt  2898  2815K 3198      25K  3088 6.71    6.20    10684  1244   33K   254 32.10   31.93  
c rst  geom best vmt  2899  2816K 3198      25K  3088 6.71    6.20    10684  1264   34K   254 32.33   32.16  
c rst  geom best vmt  2900  2817K 3198      25K  3088 6.71    6.20    10684  1269   35K   254 32.44   32.28  
c rst  geom best vmt  2901  2818K 3198      25K  3088 6.71    6.20    10686  1297   36K   254 32.41   32.25  
c rst  geom best vmt  2902  2820K 3198      25K  3088 6.71    6.20    10686  1310   37K   254 32.80   32.64  
c rst  geom best vmt  2903  2821K 3198      25K  3088 6.71    6.20    10790  1351   30K   254 31.05   30.88  
c rst  geom best vmt  2904  2823K 3198      25K  3088 6.71    6.20    10791  1367   32K   254 31.42   31.25  
c [distill-long-red0] cls tried: 137/137 T: 0.01 T-out: N T-r: 99.86%
c [distill-long-red1] cls tried: 221/611 T: 0.03 T-out: Y T-r: -1.08%
c rst  geom best vmt  2905  2824K 3198      25K  3088 6.71    6.20    10795  1476   34K   254 31.50   31.34  
c rst  geom best vmt  2906  2826K 3198      25K  3088 6.71    6.20    10795  1503   35K   254 31.77   31.61  
c rst  geom best vmt  2907  2828K 3198      25K  3088 6.71    6.20    10798  1532   37K   254 31.69   31.54  
c rst  geom best vmt  2908  2830K 3198      25K  3088 6.71    6.20    10946  1305   40K   254 31.70   31.56  
c rst  geom best vmt  2909  2833K 3198      25K  3088 6.71    6.20    10947  1314   42K   254 31.68   31.54  
c [distill] watch-based irred--  cl tried 36271    cl-sh 0     cl-rem 0    lit-rem 0      T: 0.06 T-out: Y
c [distill] watch-based red  --  cl tried 21894    cl-sh 2     cl-rem 0    lit-rem 2      T: 0.04 T-out: N
c rst  geom best vmt  2910  2836K 3198      25K  3088 6.71    6.20    10963  1566   33K   254 28.07   27.93  
c [full-probe]  bin_only: 0 set: 0 repl: 0 T: 0.01 T-out: N T-r: 98.87%
c [distill-bin] useful: 0/3088/3088 lits-rem: 0 cl-rem: 0 0-depth-assigns: 0 T: 0.01 T-out: N
c rst  geom best vmt  2911  2839K 3198      25K  3088 6.71    6.20    10966  1586   36K   254 28.42   28.28  
c [distill-long-red0] cls tried: 139/139 T: 0.02 T-out: N T-r: 99.83%
c [distill-long-red1] cls tried: 205/728 T: 0.03 T-out: Y T-r: -0.56%
c [ccnr] tries: 0 steps: 262143 best found: 4
c [ccnr] saving best assignment phase to stable_polar
c [ccnr] bumping based on clause weights
c [ccnr] Bumped vars: 104 bump type: 6
c [ccnr] time: 0.33
c rst  geom best vmt  2912  2842K 3198      25K  3088 6.71    6.20    11036  1390   39K   254 28.95   28.82  
c rst  geom stb  vmt  2913  2846K 3198      25K  3088 6.71    6.20    11036  1400   43K   254 29.34   29.22  
c rst  geom stb  vmt  2914  2850K 3198      25K  3088 6.71    6.20    11036  1417   47K   254 29.60   29.48  
c rst  geom stb  vmt  2915  2854K 3198      25K  3088 6.71    6.20    11114  1418   37K   254 27.61   27.48  
c [distill-long-red0] cls tried: 113/113 T: 0.01 T-out: N T-r: 99.87%
c [distill-long-red1] cls tried: 215/598 T: 0.02 T-out: Y T-r: -0.38%
c rst  geom stb  vmt  2916  2859K 3198      25K  3088 6.71    6.20    11114  1423   41K   254 28.17   28.05  
c [full-probe]  bin_only: 1 set: 0 repl: 0 T: 0.01 T-out: N T-r: 99.80%
c [distill-bin] useful: 0/3088/3088 lits-rem: 0 cl-rem: 0 0-depth-assigns: 0 T: 0.02 T-out: N
c [distill] watch-based irred--  cl tried 34135    cl-sh 0     cl-rem 0    lit-rem 0      T: 0.06 T-out: Y
c [distill] watch-based red  --  cl tried 22228    cl-sh 0     cl-rem 0    lit-rem 0      T: 0.04 T-out: N
c [gauss] XOR-encoding clauses are not detached, so no need to reattach them.
c [g 0] truth-find prop checks  : 1628K
c [g 0] -> of which prop        : 31.08 %
c [g 0] -> of which confl       :  0.96 %
c [g 0] elim called             : 197K
c [g 0] ---> which lead to prop : 142.82 %
c [g 0] ---> which lead to confl:  4.09 %
c [g 0] size: 71    x 147  
c [scc] new: 0 BP 0M T: 0.00
c [vrep] vars 0 lits 0 rem-bin-cls 0 rem-long-cls 0 BP 0M T: 0.01
c [intree] Set 0 vars hyper-added: 0 trans-irred: 0 trans-red: 0 T: 0.02 T-out: N T-r: -0.60%
c [find&init matx] performing matrix init
c [gauss] XOR-encoding clauses are not detached, so no need to reattach them.
c [xor-rem-unconnected] left with 262 xors from 262 non-empty xors T: 0.00
c [xor-together] xored together: 191 orig xors: 262 new xors: 71 T: 0.00
c [xor-rem-unconnected] left with 71 xors from 71 non-empty xors T: 0.00
c [xor-clean-equiv] removed equivalent xors: 0 left with: 71
c [matrix] unused xors from cleaning: 0
c [matrix] Good   matrix 0 71      x147    density:0.0995  xorlen avg: 14.62
c [matrix] Using 1 matrices recovered from 0 xors T: 0.00 T-out: N
c rst  geom stb  vmt  2917  2864K 3198      25K  3088 6.71    6.20    11142  1408   47K   254 29.19   29.07  
c rst  geom stb  vmt  2918  2870K 3198      25K  3088 6.71    6.20    11209  1398   38K   254 27.97   27.85  
c [distill-long-red0] cls tried: 80/80 T: 0.00 T-out: N T-r: 99.95%
c [distill-long-red1] cls tried: 290/468 T: 0.02 T-out: Y T-r: -0.35%
c [impl-str] lit bin: 0 set-var: 0 T: 0.00 T-out: N T-r: 99.97% w-visit: 6404
c [impl-sub] bin: 0 T: 0.00 T-out: N w-visit: 6404
c rst  geom stb  vmt  2919  2876K 3198      25K  3088 6.71    6.20    11214  1512   44K   254 29.00   28.88  
c rst  geom ibes vmt  2920  2883K 3198      25K  3088 6.71    6.20    11373  1318   32K   254 28.36   28.21  
c [full-probe]  bin_only: 0 set: 0 repl: 0 T: 0.01 T-out: N T-r: 98.62%
c [distill-bin] useful: 0/3088/3088 lits-rem: 0 cl-rem: 0 0-depth-assigns: 0 T: 0.01 T-out: N
c [ccnr] tries: 0 steps: 262143 best found: 4
c [ccnr] saving best assignment phase to stable_polar
c [ccnr] bumping based on var unsat frequency: conflict_ct
c [ccnr] Bumped vars: 3202 bump type: 6
c [ccnr] time: 0.31
c rst  geom ibes vmt  2921  2891K 3198      25K  3088 6.71    6.20    11449  1216   40K   254 31.18   31.04  
c [distill-long-red0] cls tried: 143/143 T: 0.01 T-out: N T-r: 99.84%
c [distill-long-red1] cls tried: 214/427 T: 0.03 T-out: Y T-r: -1.73%
c [distill] watch-based irred--  cl tried 37490    cl-sh 0     cl-rem 0    lit-rem 0      T: 0.06 T-out: N
c [distill] watch-based red  --  cl tried 22898    cl-sh 2     cl-rem 0    lit-rem 2      T: 0.04 T-out: N
c rst  geom ibes vmt  2922  2900K 3198      25K  3088 6.71    6.20    11460  1481   30K   254 31.80   31.63  
c rst  geom ibes vmt  2923  2909K 3198      25K  3088 6.71    6.20    11519  1330   39K   254 33.73   33.58  
c [distill-long-red0] cls tried: 45/45 T: 0.00 T-out: N T-r: 99.95%
c [distill-long-red1] cls tried: 201/543 T: 0.02 T-out: Y T-r: -0.86%
c [full-probe]  bin_only: 1 set: 0 repl: 0 T: 0.01 T-out: N T-r: 99.85%
c [distill-bin] useful: 0/3088/3088 lits-rem: 0 cl-rem: 0 0-depth-assigns: 0 T: 0.02 T-out: N
c rst  geom ibes vmt  2924  2914K 3198      25K  3088 6.71    6.20    11657  1391   28K   254 32.90   32.71  
c recursive minimization cost OK: 3231Kcost/(% lits removed)
c [gauss] XOR-encoding clauses are not detached, so no need to reattach them.
c [g 0] truth-find prop checks  : 1316K
c [g 0] -> of which prop        : 43.72 %
c [g 0] -> of which confl       :  0.89 %
c [g 0] elim called             : 89K
c [g 0] ---> which lead to prop : 219.96 %
c [g 0] ---> which lead to confl:  5.22 %
c [g 0] size: 71    x 147  
c --> Executing strategy token: scc-vrepl
c [scc] new: 0 BP 0M T: 0.00
c --> Executing strategy token: sub-impl
c [impl-sub] bin: 0 T: 0.00 T-out: N w-visit: 6404
c --> Executing strategy token: breakid
c --> Executing OCC strategy token(s): 'occ-backw-sub-str,occ-clean-implicit,occ-bve,occ-bva,occ-ternary-res,occ-xor,'
c [occ] mem usage for occur 2      MB
c [occ] Linked in IRRED BIN by default: 3088
c [occ] Linked in RED   BIN by default: 254
c [occ] mem usage for occur 1      MB
c Mem for watch alloc      : 23          MB (37.91     %)
c Mem for watch array      : 0           MB (0.24      %)
c --> Executing OCC strategy token: occ-backw-sub-str
c [occ-backw-sub-str-long-w-bins] subs: 0 str: 3 tried: 107385 0-depth ass: 0 T: 0.00 T-out: N T-r: 99.55%
c [occ-backw-sub-long-w-long] rem cl: 122 tried: 66994/66994 (100.0%) T: 0.02 T-out: N T-r: 96.00%
c [occ-backw-sub-str-long-w-long] sub: 12 str: 135 tried: 200982/66994 (300.0)  T: 0.12 T-out: N T-r: 91.22%
c --> Executing OCC strategy token: occ-clean-implicit
c --> Executing OCC strategy token: occ-bve
c [occ-empty-res] Empty resolvent elimed: 0 T: 0.00 T-out: N
c [occ-bve] turning off picosat-based irreg gate detection, added lits:  544K
c [occ-bve] iter v-elim 0
c cl_inc_rate=1.0, var_dec_rate=1.0 (grow=0)
c Reduced to 3198 vars, 28313 cls (grow=0)
c [occ-bve] iter v-elim 0
c cl_inc_rate=1.0, var_dec_rate=1.0 (grow=8)
c Reduced to 3198 vars, 28313 cls (grow=8)
c [occ-bve] iter v-elim 0
c cl_inc_rate=1.0, var_dec_rate=1.0 (grow=16)
c Reduced to 3198 vars, 28313 cls (grow=16)
c x n vars       : 3198
c #try to eliminate:  9594
c #var-elim        :     0
c #T-o: N
c #T-r: 99.99%
c #T  : 1.88
c [occur] 0.04 is overhead
c [occur] link-in T: 0.04 cleanup T: 0.00
c --> Executing OCC strategy token: occ-bva
c --> Executing OCC strategy token: occ-ternary-res
c [occ-ternary-res] Ternary res-tri: 0 res-bin: 0 sub: 0 str: 0 T: 0.00 T-out: N T-r: 99.91%
c --> Executing OCC strategy token: occ-xor
c [occ-xor] sort occur list T: 0.01
c [xor-clean-equiv] removed equivalent xors: 0 left with: 255
c [occ-xor] found    255 avg sz 5.4 min sz  4 max sz  6 T: 0.02 T-out: N T-r: 99.98%
c --> Executing strategy token: card-find
c --> Executing strategy token: cl-consolidate
c Not consolidating memory.
c --> Executing strategy token: scc-vrepl
c [scc] new: 0 BP 0M T: 0.00
c --> Executing strategy token: renumber
c --> Executing strategy token: bosphorus
c --> Executing strategy token: louvain-comms
c [consolidate] mini T: 0.00
c global_timeout_multiplier: 8.5594
c [branch] rebuilding order heap for all branchings. Current branching: vmtf
c [find&init matx] performing matrix init
c [gauss] XOR-encoding clauses are not detached, so no need to reattach them.
c [xor-rem-unconnected] left with 255 xors from 255 non-empty xors T: 0.00
c [xor-together] xored together: 181 orig xors: 255 new xors: 74 T: 0.00
c [xor-rem-unconnected] left with 74 xors from 74 non-empty xors T: 0.00
c [xor-clean-equiv] removed equivalent xors: 0 left with: 74
c [matrix] unused xors from cleaning: 0
c [matrix] Good   matrix  0     74 x  151  density:0.0909  xorlen avg: 13.73
c [matrix] Using 1 matrices recovered from 0 xors T: 0.00 T-out: N
c rst  geom  svd  vmt  2925 2919K    3198   25K  3088    6.71    6.20 11589  1376   34K   254   34.21   34.04
c [distill] watch-based irred--  cl tried    37803 cl-sh     0 cl-rem    0 lit-rem      0 T: 0.06 T-out: Y
c [distill] watch-based   red--  cl tried    23178 cl-sh     0 cl-rem    0 lit-rem      0 T: 0.04 T-out: N
c rst  geom  svd  vmt  2926 2931K    3198   25K  3088    6.71    6.20 11699  1354   26K   254   29.28   29.11
c [distill-long-red0] cls tried: 198/198 T: 0.01 T-out: N T-r: 99.83%
c [distill-long-red1] cls tried: 249/628 T: 0.03 T-out: Y T-r: -0.31%
c [full-probe]  bin_only: 0 set: 0 repl: 0 T: 0.01 T-out: N T-r: 98.74%
c [distill-bin] useful: 0/3088/3088 lits-rem: 0 cl-rem: 0 0-depth-assigns: 0 T: 0.01 T-out: N
c [impl-str] lit bin: 0 set-var: 0 T: 0.00 T-out: N T-r: 99.98% w-visit: 6404
c [impl-sub] bin: 0 T: 0.00 T-out: N w-visit: 6404
c [gauss] XOR-encoding clauses are not detached, so no need to reattach them.
c [g 0] truth-find prop checks  : 393K
c [g 0] -> of which prop        : 40.98 %
c [g 0] -> of which confl       :  1.10 %
c [g 0] elim called             : 31K
c [g 0] ---> which lead to prop : 226.99 %
c [g 0] ---> which lead to confl:  6.82 %
c [g 0] size: 74    x 151  
c [scc] new: 0 BP 0M T: 0.00
c [vrep] vars 0 lits 0 rem-bin-cls 0 rem-long-cls 0 BP 0M T: 0.00
c [intree] Set 0 vars hyper-added: 0 trans-irred: 0 trans-red: 0 T: 0.01 T-out: N T-r: -0.11%
c [find&init matx] performing matrix init
c [gauss] XOR-encoding clauses are not detached, so no need to reattach them.
c [xor-rem-unconnected] left with 255 xors from 255 non-empty xors T: 0.00
c [xor-together] xored together: 181 orig xors: 255 new xors: 74 T: 0.00
c [xor-rem-unconnected] left with 74 xors from 74 non-empty xors T: 0.00
c [xor-clean-equiv] removed equivalent xors: 0 left with: 74
c [matrix] unused xors from cleaning: 0
c [matrix] Good   matrix 0 74      x151    density:0.0909  xorlen avg: 13.73
c [matrix] Using 1 matrices recovered from 0 xors T: 0.00 T-out: N
c [ccnr] tries: 0 steps: 262143 best found: 5
c [ccnr] saving best assignment phase to stable_polar
c [ccnr] bumping based on var unsat frequency: conflict_ct
c [ccnr] Bumped vars: 3202 bump type: 6
c [ccnr] time: 0.32
c rst  geom svd  vmt  2927  2943K 3198      25K  3088 6.71    6.20    11799  1573   28K   254 30.94   30.77  
c rst  geom svd  vmt  2928  2957K 3198      25K  3088 6.71    6.20    11915  1755   31K   254 30.37   30.21  
c [branch] adjusting to: vsid (from: vmtf) var_decay:0.95 descr: VSIDS
c [distill-long-red0] cls tried: 179/179 T: 0.01 T-out: N T-r: 99.84%
c [distill-long-red1] cls tried: 215/974 T: 0.03 T-out: Y T-r: -0.46%
c [full-probe]  bin_only: 1 set: 0 repl: 0 T: 0.01 T-out: N T-r: 99.89%
c [distill-bin] useful: 0/3088/3088 lits-rem: 0 cl-rem: 0 0-depth-assigns: 0 T: 0.01 T-out: N
c [distill] watch-based irred--  cl tried 37954    cl-sh 0     cl-rem 0    lit-rem 0      T: 0.06 T-out: N
c [distill] watch-based red  --  cl tried 23830    cl-sh 1     cl-rem 0    lit-rem 1      T: 0.04 T-out: N
c rst  geom best vs   2929  2957K 3198      25K  3088 6.71    6.20    11915  1757   31K   254 30.37   30.22  
c rst  geom best vs   2930  2957K 3198      25K  3088 6.71    6.20    11915  1758   31K   254 30.37   30.21  
c rst  geom best vs   2931  2957K 3198      25K  3088 6.71    6.20    11915  1759   31K   254 30.38   30.22  
c rst  geom best vs   2932  2958K 3198      25K  3088 6.71    6.20    11915  1759   31K   254 30.38   30.22  
c rst  geom best vs   2933  2958K 3198      25K  3088 6.71    6.20    11915  1760   31K   254 30.38   30.22  
c rst  geom best vs   2934  2958K 3198      25K  3088 6.71    6.20    11915  1762   32K   254 30.39   30.24  
c rst  geom best vs   2935  2958K 3198      25K  3088 6.71    6.20    11915  1762   32K   254 30.41   30.26  
c rst  geom best vs   2936  2958K 3198      25K  3088 6.71    6.20    11915  1763   32K   254 30.45   30.29  
c rst  geom best vs   2937  2959K 3198      25K  3088 6.71    6.20    11915  1765   32K   254 30.48   30.32  
c rst  geom best vs   2938  2959K 3198      25K  3088 6.71    6.20    11915  1766   32K   254 30.51   30.35  
c rst  geom best vs   2939  2959K 3198      25K  3088 6.71    6.20    11915  1766   33K   254 30.53   30.38  
c rst  geom best vs   2940  2960K 3198      25K  3088 6.71    6.20    11915  1766   33K   254 30.56   30.41  
c rst  geom best vs   2941  2960K 3198      25K  3088 6.71    6.20    11996  1568   34K   254 30.60   30.45  
c rst  geom best vs   2942  2960K 3198      25K  3088 6.71    6.20    11996  1568   34K   254 30.65   30.50  
c rst  geom best vs   2943  2961K 3198      25K  3088 6.71    6.20    11996  1570   35K   254 30.71   30.56  
c rst  geom best vs   2944  2961K 3198      25K  3088 6.71    6.20    11996  1570   35K   254 30.77   30.63  
c rst  geom best vs   2945  2962K 3198      25K  3088 6.71    6.20    11996  1573   36K   254 30.84   30.69  
c rst  geom best vs   2946  2962K 3198      25K  3088 6.71    6.20    11996  1574   36K   254 30.92   30.77  
c rst  geom best vs   2947  2963K 3198      25K  3088 6.71    6.20    11996  1575   37K   254 30.95   30.80  
c rst  geom best vs   2948  2964K 3198      25K  3088 6.71    6.20    11996  1576   38K   254 30.98   30.84  
c rst  geom best vs   2949  2965K 3198      25K  3088 6.71    6.20    11996  1577   38K   254 30.99   30.85  
c rst  geom best vs   2950  2966K 3198      25K  3088 6.71    6.20    11996  1577   39K   254 31.06   30.92  
c rst  geom best vs   2951  2966K 3198      25K  3088 6.71    6.20    11996  1578   40K   254 31.14   31.01  
c rst  geom best vs   2952  2968K 3198      25K  3088 6.71    6.20    11996  1580   41K   254 31.21   31.07  
c rst  geom best vs   2953  2969K 3198      25K  3088 6.71    6.20    11996  1582   42K   254 31.24   31.11  
c rst  geom best vs   2954  2970K 3198      25K  3088 6.71    6.20    12026  1512   28K   254 26.20   26.06  
c rst  geom best vs   2955  2971K 3198      25K  3088 6.71    6.20    12026  1515   29K   254 26.33   26.19  
c rst  geom best vs   2956  2973K 3198      25K  3088 6.71    6.20    12026  1515   31K   254 26.52   26.38  
c [distill-long-red0] cls tried: 94/94 T: 0.01 T-out: N T-r: 99.91%
c [distill-long-red1] cls tried: 242/717 T: 0.03 T-out: Y T-r: -0.37%
c rst  geom best vs   2957  2975K 3198      25K  3088 6.71    6.20    12026  1518   32K   254 26.81   26.68  
c rst  geom best vs   2958  2976K 3198      25K  3088 6.71    6.20    12026  1520   34K   254 27.08   26.95  
c [ccnr] tries: 0 steps: 262143 best found: 3
c [ccnr] saving best assignment phase to stable_polar
c [ccnr] bumping based on clause weights
c [ccnr] Bumped vars: 104 bump type: 6
c [ccnr] time: 0.32
c rst  geom best vs   2959  2979K 3198      25K  3088 6.71    6.20    12026  1525   36K   254 27.26   27.13  
c [full-probe]  bin_only: 0 set: 0 repl: 0 T: 0.01 T-out: N T-r: 98.77%
c [distill-bin] useful: 0/3088/3088 lits-rem: 0 cl-rem: 0 0-depth-assigns: 0 T: 0.01 T-out: N
c rst  geom best vs   2960  2981K 3198      25K  3088 6.71    6.20    12049  1270   39K   254 27.55   27.42  
c rst  geom best vs   2961  2983K 3198      25K  3088 6.71    6.20    12049  1274   41K   254 27.70   27.58  
c [distill] watch-based irred--  cl tried 35552    cl-sh 0     cl-rem 0    lit-rem 0      T: 0.06 T-out: Y
c [distill] watch-based red  --  cl tried 24098    cl-sh 0     cl-rem 0    lit-rem 0      T: 0.05 T-out: N
c rst  geom best vs   2962  2986K 3198      25K  3088 6.71    6.20    12055  1332   31K   254 25.09   24.96  
c rst  geom best vs   2963  2989K 3198      25K  3088 6.71    6.20    12056  1335   34K   254 25.51   25.38  
c [distill-long-red0] cls tried: 24/24 T: 0.00 T-out: N T-r: 99.97%
c [distill-long-red1] cls tried: 244/483 T: 0.02 T-out: Y T-r: -0.73%
c rst  geom best vs   2964  2992K 3198      25K  3088 6.71    6.20    12072  1257   37K   254 25.82   25.70  
c [impl-str] lit bin: 0 set-var: 0 T: 0.00 T-out: N T-r: 99.97% w-visit: 6404
c [impl-sub] bin: 0 T: 0.00 T-out: N w-visit: 6404
c rst  geom stb  vs   2965  2996K 3198      25K  3088 6.71    6.20    12073  1284   41K   254 27.22   27.11  
c [gauss] XOR-encoding clauses are not detached, so no need to reattach them.
c [g 0] truth-find prop checks  : 1667K
c [g 0] -> of which prop        : 32.68 %
c [g 0] -> of which confl       :  0.89 %
c [g 0] elim called             : 162K
c [g 0] ---> which lead to prop : 157.13 %
c [g 0] ---> which lead to confl:  4.01 %
c [g 0] size: 74    x 151  
c [scc] new: 0 BP 0M T: 0.00
c [vrep] vars 0 lits 0 rem-bin-cls 0 rem-long-cls 0 BP 0M T: 0.01
c [intree] Set 0 vars hyper-added: 0 trans-irred: 0 trans-red: 0 T: 0.01 T-out: N T-r: -0.37%
c [find&init matx] performing matrix init
c [gauss] XOR-encoding clauses are not detached, so no need to reattach them.
c [xor-rem-unconnected] left with 255 xors from 255 non-empty xors T: 0.00
c [xor-together] xored together: 181 orig xors: 255 new xors: 74 T: 0.00
c [xor-rem-unconnected] left with 74 xors from 74 non-empty xors T: 0.00
c [xor-clean-equiv] removed equivalent xors: 0 left with: 74
c [matrix] unused xors from cleaning: 0
c [matrix] Good   matrix 0 74      x151    density:0.0909  xorlen avg: 13.73
c [matrix] Using 1 matrices recovered from 0 xors T: 0.00 T-out: N
c rst  geom stb  vs   2966  3000K 3198      25K  3088 6.71    6.20    12143  1103   27K   254 26.04   25.89  
c [full-probe]  bin_only: 1 set: 0 repl: 0 T: 0.01 T-out: N T-r: 99.89%
c [distill-bin] useful: 0/3088/3088 lits-rem: 0 cl-rem: 0 0-depth-assigns: 0 T: 0.01 T-out: N
c rst  geom stb  vs   2967  3004K 3198      25K  3088 6.71    6.20    12143  1110   32K   254 27.30   27.16  
c [distill-long-red0] cls tried: 43/43 T: 0.00 T-out: N T-r: 99.96%
c [distill-long-red1] cls tried: 235/235 T: 0.02 T-out: N T-r: 23.75%
c rst  geom stb  vs   2968  3009K 3198      25K  3088 6.71    6.20    12143  1129   36K   254 28.39   28.26  
c [distill] watch-based irred--  cl tried 34504    cl-sh 0     cl-rem 0    lit-rem 0      T: 0.07 T-out: Y
c [distill] watch-based red  --  cl tried 24286    cl-sh 1     cl-rem 0    lit-rem 1      T: 0.04 T-out: N
c rst  geom stb  vs   2969  3014K 3198      25K  3088 6.71    6.20    12183   902   42K   254 29.53   29.41  
c rst  geom stb  vs   2970  3020K 3198      25K  3088 6.71    6.20    12212   845   27K   254 28.92   28.75  
c [distill-long-red0] cls tried: 14/14 T: 0.00 T-out: N T-r: 99.99%
c [distill-long-red1] cls tried: 83/83 T: 0.01 T-out: N T-r: 75.44%
c [full-probe]  bin_only: 0 set: 0 repl: 0 T: 0.01 T-out: N T-r: 99.14%
c [distill-bin] useful: 0/3088/3088 lits-rem: 0 cl-rem: 0 0-depth-assigns: 0 T: 0.01 T-out: N
c rst  geom stb  vs   2971  3027K 3198      25K  3088 6.71    6.20    12212   850   34K   254 29.87   29.72  
c [ccnr] tries: 0 steps: 262143 best found: 2
c [ccnr] saving best assignment phase to stable_polar
c [ccnr] bumping based on var unsat frequency: conflict_ct
c [ccnr] Bumped vars: 3202 bump type: 6
c [ccnr] time: 0.33
c rst  geom stb  vs   2972  3034K 3198      25K  3088 6.71    6.20    12233   581   25K   254 27.62   27.45  
c rst  geom ibes vs   2973  3042K 3198      25K  3088 6.71    6.20    12246   522   33K   254 29.02   28.87  
c [distill-long-red0] cls tried: 10/10 T: 0.00 T-out: N T-r: 99.99%
c [distill-long-red1] cls tried: 84/84 T: 0.01 T-out: N T-r: 63.33%
c [full-probe]  bin_only: 1 set: 0 repl: 0 T: 0.01 T-out: N T-r: 99.89%
c [distill-bin] useful: 0/3088/3088 lits-rem: 0 cl-rem: 0 0-depth-assigns: 0 T: 0.01 T-out: N
c [distill] watch-based irred--  cl tried 37954    cl-sh 0     cl-rem 0    lit-rem 0      T: 0.06 T-out: N
c [distill] watch-based red  --  cl tried 24492    cl-sh 2     cl-rem 0    lit-rem 2      T: 0.04 T-out: N
c rst  geom ibes vs   2974  3050K 3198      25K  3088 6.71    6.20    12256   626   25K   254 27.10   26.93  
c rst  geom ibes vs   2975  3059K 3198      25K  3088 6.71    6.20    12258   645   34K   254 28.75   28.61  
c [distill-long-red0] cls tried: 5/5 T: 0.00 T-out: N T-r: 100.00%
c [distill-long-red1] cls tried: 153/153 T: 0.01 T-out: N T-r: 54.28%
c [impl-str] lit bin: 0 set-var: 0 T: 0.00 T-out: N T-r: 99.97% w-visit: 6404
c [impl-sub] bin: 0 T: 0.00 T-out: N w-visit: 6404
c rst  geom ibes vs   2976  3070K 3198      25K  3088 6.71    6.20    12278   590   31K   254 26.85   26.70  
c [full-probe]  bin_only: 0 set: 0 repl: 0 T: 0.01 T-out: N T-r: 99.05%
c [distill-bin] useful: 0/3088/3088 lits-rem: 0 cl-rem: 0 0-depth-assigns: 0 T: 0.01 T-out: N
c [distill] watch-based irred--  cl tried 37954    cl-sh 0     cl-rem 0    lit-rem 0      T: 0.06 T-out: N
c [distill] watch-based red  --  cl tried 24556    cl-sh 0     cl-rem 0    lit-rem 0      T: 0.04 T-out: N
c [gauss] XOR-encoding clauses are not detached, so no need to reattach them.
c [g 0] truth-find prop checks  : 1700K
c [g 0] -> of which prop        : 41.77 %
c [g 0] -> of which confl       :  1.04 %
c [g 0] elim called             : 116K
c [g 0] ---> which lead to prop : 242.62 %
c [g 0] ---> which lead to confl:  6.01 %
c [g 0] size: 74    x 151  
c [scc] new: 0 BP 0M T: 0.00
c [vrep] vars 0 lits 0 rem-bin-cls 0 rem-long-cls 0 BP 0M T: 0.01
c [intree] Set 0 vars hyper-added: 0 trans-irred: 0 trans-red: 0 T: 0.01 T-out: N T-r: -0.38%
c [find&init matx] performing matrix init
c [gauss] XOR-encoding clauses are not detached, so no need to reattach them.
c [xor-rem-unconnected] left with 255 xors from 255 non-empty xors T: 0.00
c [xor-together] xored together: 181 orig xors: 255 new xors: 74 T: 0.00
c [xor-rem-unconnected] left with 74 xors from 74 non-empty xors T: 0.00
c [xor-clean-equiv] removed equivalent xors: 0 left with: 74
c [matrix] unused xors from cleaning: 0
c [matrix] Good   matrix 0 74      x151    density:0.0909  xorlen avg: 13.73
c [matrix] Using 1 matrices recovered from 0 xors T: 0.00 T-out: N
c rst  geom svd  vs   2977  3081K 3198      25K  3088 6.71    6.20    12286   575   31K   254 27.03   26.89  
c [distill-long-red0] cls tried: 7/7 T: 0.00 T-out: N T-r: 99.99%
c [distill-long-red1] cls tried: 161/161 T: 0.01 T-out: N T-r: 52.97%
c [ccnr] tries: 0 steps: 262143 best found: 5
c [ccnr] saving best assignment phase to stable_polar
c [ccnr] bumping based on var unsat frequency: conflict_ct
c [ccnr] Bumped vars: 3202 bump type: 6
c [ccnr] time: 0.33
c rst  geom svd  vs   2978  3094K 3198      25K  3088 6.71    6.20    12339   637   32K   254 26.04   25.90  
c [full-probe]  bin_only: 1 set: 0 repl: 0 T: 0.02 T-out: N T-r: 99.76%
c [distill-bin] useful: 0/3088/3088 lits-rem: 0 cl-rem: 0 0-depth-assigns: 0 T: 0.02 T-out: N
c rst  geom svd  vs   2979  3107K 3198      25K  3088 6.71    6.20    12407   639   35K   254 25.09   24.97  
c [distill-long-red0] cls tried: 76/76 T: 0.01 T-out: N T-r: 99.95%
c [distill-long-red1] cls tried: 205/205 T: 0.01 T-out: N T-r: 50.77%
c [distill] watch-based irred--  cl tried 37954    cl-sh 0     cl-rem 0    lit-rem 0      T: 0.06 T-out: N
c [distill] watch-based red  --  cl tried 24814    cl-sh 0     cl-rem 0    lit-rem 0      T: 0.03 T-out: N
c rst  geom best vs   2980  3123K 3198      25K  3088 6.71    6.20    12438   557   32K   254 24.47   24.34  
c [distill-long-red0] cls tried: 5/5 T: 0.00 T-out: N T-r: 99.99%
c [distill-long-red1] cls tried: 54/54 T: 0.00 T-out: N T-r: 85.79%
c [full-probe]  bin_only: 0 set: 0 repl: 0 T: 0.01 T-out: N T-r: 98.91%
c [distill-bin] useful: 0/3088/3088 lits-rem: 0 cl-rem: 0 0-depth-assigns: 0 T: 0.01 T-out: N
c [impl-str] lit bin: 0 set-var: 0 T: 0.00 T-out: N T-r: 99.97% w-visit: 6404
c [impl-sub] bin: 0 T: 0.00 T-out: N w-visit: 6404
c rst  geom best vs   2981  3139K 3198      25K  3088 6.71    6.20    12450   546   34K   254 26.17   26.04  
c [distill-long-red0] cls tried: 7/7 T: 0.00 T-out: N T-r: 100.00%
c [distill-long-red1] cls tried: 35/35 T: 0.00 T-out: N T-r: 88.37%
c [distill] watch-based irred--  cl tried 37954    cl-sh 0     cl-rem 0    lit-rem 0      T: 0.06 T-out: N
c [distill] watch-based red  --  cl tried 24900    cl-sh 0     cl-rem 0    lit-rem 0      T: 0.04 T-out: N
c [gauss] XOR-encoding clauses are not detached, so no need to reattach them.
c [g 0] truth-find prop checks  : 1732K
c [g 0] -> of which prop        : 31.88 %
c [g 0] -> of which confl       :  0.92 %
c [g 0] elim called             : 173K
c [g 0] ---> which lead to prop : 168.50 %
c [g 0] ---> which lead to confl:  4.56 %
c [g 0] size: 74    x 151  
c [scc] new: 0 BP 0M T: 0.00
c [vrep] vars 0 lits 0 rem-bin-cls 0 rem-long-cls 0 BP 0M T: 0.01
c [intree] Set 0 vars hyper-added: 0 trans-irred: 0 trans-red: 0 T: 0.01 T-out: N T-r: -0.26%
c [find&init matx] performing matrix init
c [gauss] XOR-encoding clauses are not detached, so no need to reattach them.
c [xor-rem-unconnected] left with 255 xors from 255 non-empty xors T: 0.00
c [xor-together] xored together: 181 orig xors: 255 new xors: 74 T: 0.00
c [xor-rem-unconnected] left with 74 xors from 74 non-empty xors T: 0.00
c [xor-clean-equiv] removed equivalent xors: 0 left with: 74
c [matrix] unused xors from cleaning: 0
c [matrix] Good   matrix 0 74      x151    density:0.0909  xorlen avg: 13.73
c [matrix] Using 1 matrices recovered from 0 xors T: 0.00 T-out: N
c [ccnr] tries: 0 steps: 262143 best found: 4
c [ccnr] saving best assignment phase to stable_polar
c [ccnr] bumping based on clause weights
c [ccnr] Bumped vars: 103 bump type: 6
c [ccnr] time: 0.33
c rst  geom best vs   2982  3157K 3198      25K  3088 6.71    6.20    12467   389   39K   254 26.26   26.14  
c [distill-long-red0] cls tried: 8/8 T: 0.00 T-out: N T-r: 100.00%
c [distill-long-red1] cls tried: 27/27 T: 0.00 T-out: N T-r: 90.49%
c [full-probe]  bin_only: 1 set: 0 repl: 0 T: 0.01 T-out: N T-r: 99.84%
c [distill-bin] useful: 0/3088/3088 lits-rem: 0 cl-rem: 0 0-depth-assigns: 0 T: 0.02 T-out: N
c rst  geom stb  vs   2983  3178K 3198      25K  3088 6.71    6.20    12482   329   44K   254 26.66   26.55  
c [distill-long-red0] cls tried: 5/5 T: 0.00 T-out: N T-r: 100.00%
c [distill-long-red1] cls tried: 51/51 T: 0.01 T-out: N T-r: 82.16%
c [full-probe]  bin_only: 0 set: 0 repl: 0 T: 0.01 T-out: N T-r: 98.18%
c [distill-bin] useful: 0/3088/3088 lits-rem: 0 cl-rem: 0 0-depth-assigns: 0 T: 0.01 T-out: N
c [distill] watch-based irred--  cl tried 37820    cl-sh 0     cl-rem 0    lit-rem 0      T: 0.06 T-out: Y
c [distill] watch-based red  --  cl tried 24964    cl-sh 0     cl-rem 0    lit-rem 0      T: 0.05 T-out: N
c rst  geom stb  vs   2984  3200K 3198      25K  3088 6.71    6.20    12501   257   30K   254 27.63   27.49  
c [distill-long-red0] cls tried: 8/8 T: 0.00 T-out: N T-r: 99.99%
c [distill-long-red1] cls tried: 59/59 T: 0.00 T-out: N T-r: 81.44%
c [full-probe]  bin_only: 1 set: 0 repl: 0 T: 0.01 T-out: N T-r: 99.87%
c [distill-bin] useful: 0/3088/3088 lits-rem: 0 cl-rem: 0 0-depth-assigns: 0 T: 0.01 T-out: N
c [impl-str] lit bin: 0 set-var: 0 T: 0.00 T-out: N T-r: 99.97% w-visit: 6404
c [impl-sub] bin: 0 T: 0.00 T-out: N w-visit: 6404
c [ccnr] tries: 0 steps: 262143 best found: 2
c [ccnr] saving best assignment phase to stable_polar
c [ccnr] bumping based on var unsat frequency: conflict_ct
c [ccnr] Bumped vars: 3202 bump type: 6
c [ccnr] time: 0.32
c rst  geom ibes vs   2985  3224K 3198      25K  3088 6.71    6.20    12531   243   36K   254 30.81   30.66  
c res  pol  bran nres  conf  freevar IrrL  IrrB  l/longC l/allC  RedL0 RedL1 RedL2 RedB  l/longC l/allC 
c [distill-long-red0] cls tried: 10/10 T: 0.00 T-out: N T-r: 99.98%
c [distill-long-red1] cls tried: 69/69 T: 0.01 T-out: N T-r: 61.71%
c [full-probe]  bin_only: 0 set: 0 repl: 0 T: 0.01 T-out: N T-r: 98.40%
c [distill-bin] useful: 0/3088/3088 lits-rem: 0 cl-rem: 0 0-depth-assigns: 0 T: 0.01 T-out: N
c [distill] watch-based irred--  cl tried 37954    cl-sh 0     cl-rem 0    lit-rem 0      T: 0.06 T-out: N
c [distill] watch-based red  --  cl tried 25034    cl-sh 0     cl-rem 0    lit-rem 0      T: 0.05 T-out: Y
c [gauss] XOR-encoding clauses are not detached, so no need to reattach them.
c [g 0] truth-find prop checks  : 2147K
c [g 0] -> of which prop        : 38.15 %
c [g 0] -> of which confl       :  0.88 %
c [g 0] elim called             : 156K
c [g 0] ---> which lead to prop : 185.49 %
c [g 0] ---> which lead to confl:  4.74 %
c [g 0] size: 74    x 151  
c [scc] new: 0 BP 0M T: 0.00
c [vrep] vars 0 lits 0 rem-bin-cls 0 rem-long-cls 0 BP 0M T: 0.01
c [intree] Set 0 vars hyper-added: 0 trans-irred: 0 trans-red: 0 T: 0.01 T-out: N T-r: -0.43%
c [find&init matx] performing matrix init
c [gauss] XOR-encoding clauses are not detached, so no need to reattach them.
c [xor-rem-unconnected] left with 255 xors from 255 non-empty xors T: 0.00
c [xor-together] xored together: 181 orig xors: 255 new xors: 74 T: 0.00
c [xor-rem-unconnected] left with 74 xors from 74 non-empty xors T: 0.00
c [xor-clean-equiv] removed equivalent xors: 0 left with: 74
c [matrix] unused xors from cleaning: 0
c [matrix] Good   matrix 0 74      x151    density:0.0909  xorlen avg: 13.73
c [matrix] Using 1 matrices recovered from 0 xors T: 0.00 T-out: N
c rst  geom ibes vs   2986  3251K 3198      25K  3088 6.71    6.20    12545   276   29K   254 28.93   28.77  
c [distill-long-red0] cls tried: 5/5 T: 0.00 T-out: N T-r: 99.99%
c [distill-long-red1] cls tried: 124/124 T: 0.01 T-out: N T-r: 48.02%
c [full-probe]  bin_only: 1 set: 0 repl: 0 T: 0.01 T-out: N T-r: 99.87%
c [distill-bin] useful: 0/3088/3088 lits-rem: 0 cl-rem: 0 0-depth-assigns: 0 T: 0.01 T-out: N
c [distill] watch-based irred--  cl tried 37954    cl-sh 0     cl-rem 0    lit-rem 0      T: 0.05 T-out: N
c [distill] watch-based red  --  cl tried 25090    cl-sh 0     cl-rem 0    lit-rem 0      T: 0.04 T-out: N
c [ccnr] tries: 0 steps: 262143 best found: 2
c [ccnr] saving best assignment phase to stable_polar
c [ccnr] bumping based on var unsat frequency: conflict_ct
c [ccnr] Bumped vars: 3202 bump type: 6
c [ccnr] time: 0.33
c rst  geom svd  vs   2987  3280K 3198      25K  3088 6.71    6.20    12563   328   33K   254 26.94   26.80  
c [branch] adjusting to: vmtf (from: vsid) var_decay:0.95 descr: VMTF
c [distill-long-red0] cls tried: 15/15 T: 0.00 T-out: N T-r: 99.98%
c [distill-long-red1] cls tried: 86/86 T: 0.01 T-out: N T-r: 55.22%
c [full-probe]  bin_only: 0 set: 0 repl: 0 T: 0.01 T-out: N T-r: 98.78%
c [distill-bin] useful: 0/3088/3088 lits-rem: 0 cl-rem: 0 0-depth-assigns: 0 T: 0.01 T-out: N
c [distill] watch-based irred--  cl tried 37326    cl-sh 0     cl-rem 0    lit-rem 0      T: 0.06 T-out: Y
c [distill] watch-based red  --  cl tried 25126    cl-sh 0     cl-rem 0    lit-rem 0      T: 0.04 T-out: N
c [impl-str] lit bin: 0 set-var: 0 T: 0.00 T-out: N T-r: 99.97% w-visit: 6404
c [impl-sub] bin: 0 T: 0.00 T-out: N w-visit: 6404
c rst  luby svd  vmt  2988  3280K 3198      25K  3088 6.71    6.20    12563   332   33K   254 26.93   26.80  
c rst  luby svd  vmt  2989  3281K 3198      25K  3088 6.71    6.20    12563   335   33K   254 26.96   26.82  
c rst  luby svd  vmt  2990  3281K 3198      25K  3088 6.71    6.20    12563   335   33K   254 27.04   26.90  
c rst  luby svd  vmt  2991  3281K 3198      25K  3088 6.71    6.20    12563   336   33K   254 27.08   26.94  
c rst  luby svd  vmt  2992  3281K 3198      25K  3088 6.71    6.20    12563   336   33K   254 27.12   26.98  
c rst  luby svd  vmt  2993  3281K 3198      25K  3088 6.71    6.20    12563   339   33K   254 27.19   27.05  
c rst  luby svd  vmt  2994  3282K 3198      25K  3088 6.71    6.20    12563   343   34K   254 27.32   27.19  
c rst  luby svd  vmt  2995  3282K 3198      25K  3088 6.71    6.20    12563   343   34K   254 27.34   27.21  
c rst  luby svd  vmt  2996  3282K 3198      25K  3088 6.71    6.20    12563   347   34K   254 27.36   27.23  
c rst  luby svd  vmt  2997  3282K 3198      25K  3088 6.71    6.20    12563   347   34K   254 27.42   27.28  
c rst  luby svd  vmt  2998  3282K 3198      25K  3088 6.71    6.20    12563   347   34K   254 27.44   27.31  
c rst  luby svd  vmt  2999  3282K 3198      25K  3088 6.71    6.20    12563   348   34K   254 27.46   27.33  
c rst  luby svd  vmt  3000  3282K 3198      25K  3088 6.71    6.20    12563   350   35K   254 27.51   27.37  
c rst  luby svd  vmt  3001  3283K 3198      25K  3088 6.71    6.20    12563   355   35K   254 27.65   27.52  
c rst  luby svd  vmt  3002  3284K 3198      25K  3088 6.71    6.20    12564   358   36K   254 27.89   27.76  
c rst  luby svd  vmt  3003  3284K 3198      25K  3088 6.71    6.20    12564   358   36K   254 27.92   27.79  
c rst  luby svd  vmt  3004  3284K 3198      25K  3088 6.71    6.20    12564   359   36K   254 27.95   27.82  
c rst  luby svd  vmt  3005  3284K 3198      25K  3088 6.71    6.20    12564   364   36K   254 28.00   27.87  
c rst  luby svd  vmt  3006  3284K 3198      25K  3088 6.71    6.20    12564   365   36K   254 28.03   27.90  
c rst  luby svd  vmt  3007  3284K 3198      25K  3088 6.71    6.20    12565   366   36K   254 28.06   27.93  
c rst  luby svd  vmt  3008  3284K 3198      25K  3088 6.71    6.20    12565   369   37K   254 28.09   27.96  
c rst  luby svd  vmt  3009  3285K 3198      25K  3088 6.71    6.20    12565   439   25K   254 25.61   25.45  
c rst  luby svd  vmt  3010  3285K 3198      25K  3088 6.71    6.20    12565   441   25K   254 25.64   25.48  
c rst  luby svd  vmt  3011  3285K 3198      25K  3088 6.71    6.20    12565   441   25K   254 25.69   25.53  
c rst  luby svd  vmt  3012  3285K 3198      25K  3088 6.71    6.20    12565   441   25K   254 25.77   25.61  
c rst  luby svd  vmt  3013  3285K 3198      25K  3088 6.71    6.20    12565   442   25K   254 25.81   25.66  
c rst  luby svd  vmt  3014  3285K 3198      25K  3088 6.71    6.20    12565   445   25K   254 25.84   25.68  
c rst  luby svd  vmt  3015  3286K 3198      25K  3088 6.71    6.20    12565   450   25K   254 25.93   25.78  
c rst  luby svd  vmt  3016  3286K 3198      25K  3088 6.71    6.20    12565   450   26K   254 26.09   25.94  
c rst  luby svd  vmt  3017  3287K 3198      25K  3088 6.71    6.20    12565   455   27K   254 26.26   26.11  
c rst  luby svd  vmt  3018  3288K 3198      25K  3088 6.71    6.20    12565   456   28K   254 26.85   26.70  
c rst  luby svd  vmt  3019  3289K 3198      25K  3088 6.71    6.20    12565   456   28K   254 26.89   26.74  
c rst  geom best vmt  3020  3289K 3198      25K  3088 6.71    6.20    12565   459   28K   254 26.92   26.77  
c rst  geom best vmt  3021  3289K 3198      25K  3088 6.71    6.20    12565   459   29K   254 26.94   26.79  
c rst  geom best vmt  3022  3289K 3198      25K  3088 6.71    6.20    12565   468   29K   254 26.95   26.80  
c rst  geom best vmt  3023  3289K 3198      25K  3088 6.71    6.20    12565   470   29K   254 26.98   26.83  
c rst  geom best vmt  3024  3289K 3198      25K  3088 6.71    6.20    12565   471   29K   254 27.02   26.87  
c [gauss] XOR-encoding clauses are not detached, so no need to reattach them.
c [g 0] truth-find prop checks  : 1481K
c [g 0] -> of which prop        : 39.91 %
c [g 0] -> of which confl       :  1.05 %
c [g 0] elim called             : 125K
c [g 0] ---> which lead to prop : 243.85 %
c [g 0] ---> which lead to confl:  5.56 %
c [g 0] size: 74    x 151  
c [scc] new: 0 BP 0M T: 0.00
c [vrep] vars 0 lits 0 rem-bin-cls 0 rem-long-cls 0 BP 0M T: 0.01
c [intree] Set 0 vars hyper-added: 0 trans-irred: 0 trans-red: 0 T: 0.01 T-out: N T-r: -0.22%
c [find&init matx] performing matrix init
c [gauss] XOR-encoding clauses are not detached, so no need to reattach them.
c [xor-rem-unconnected] left with 255 xors from 255 non-empty xors T: 0.00
c [xor-together] xored together: 181 orig xors: 255 new xors: 74 T: 0.00
c [xor-rem-unconnected] left with 74 xors from 74 non-empty xors T: 0.00
c [xor-clean-equiv] removed equivalent xors: 0 left with: 74
c [matrix] unused xors from cleaning: 0
c [matrix] Good   matrix 0 74      x151    density:0.0909  xorlen avg: 13.73
c [matrix] Using 1 matrices recovered from 0 xors T: 0.00 T-out: N
c rst  geom best vmt  3025  3289K 3198      25K  3088 6.71    6.20    12565   471   29K   254 27.05   26.90  
c rst  geom best vmt  3026  3290K 3198      25K  3088 6.71    6.20    12565   473   29K   254 27.09   26.94  
c rst  geom best vmt  3027  3290K 3198      25K  3088 6.71    6.20    12604   426   30K   254 27.13   26.98  
c rst  geom best vmt  3028  3290K 3198      25K  3088 6.71    6.20    12604   428   30K   254 27.19   27.04  
c rst  geom best vmt  3029  3290K 3198      25K  3088 6.71    6.20    12605   442   30K   254 27.26   27.11  
c rst  geom best vmt  3030  3291K 3198      25K  3088 6.71    6.20    12605   445   30K   254 27.33   27.19  
c rst  geom best vmt  3031  3291K 3198      25K  3088 6.71    6.20    12606   453   31K   254 27.44   27.30  
c rst  geom best vmt  3032  3291K 3198      25K  3088 6.71    6.20    12607   470   31K   254 27.46   27.31  
c rst  geom best vmt  3033  3292K 3198      25K  3088 6.71    6.20    12607   470   31K   254 27.48   27.33  
c rst  geom best vmt  3034  3292K 3198      25K  3088 6.71    6.20    12607   470   32K   254 27.52   27.38  
c rst  geom best vmt  3035  3292K 3198      25K  3088 6.71    6.20    12607   472   32K   254 27.55   27.41  
c rst  geom best vmt  3036  3293K 3198      25K  3088 6.71    6.20    12607   480   33K   254 27.59   27.46  
c rst  geom best vmt  3037  3294K 3198      25K  3088 6.71    6.20    12607   481   33K   254 27.71   27.57  
c rst  geom best vmt  3038  3294K 3198      25K  3088 6.71    6.20    12607   485   34K   254 27.80   27.66  
c rst  geom best vmt  3039  3295K 3198      25K  3088 6.71    6.20    12607   490   34K   254 27.90   27.76  
c rst  geom best vmt  3040  3295K 3198      25K  3088 6.71    6.20    12607   497   35K   254 28.08   27.95  
c [distill-long-red0] cls tried: 34/34 T: 0.00 T-out: N T-r: 99.96%
c [distill-long-red1] cls tried: 187/187 T: 0.02 T-out: N T-r: 12.75%
c [ccnr] tries: 0 steps: 262143 best found: 4
c [ccnr] saving best assignment phase to stable_polar
c [ccnr] bumping based on clause weights
c [ccnr] Bumped vars: 101 bump type: 6
c [ccnr] time: 0.32
c rst  geom best vmt  3041  3296K 3198      25K  3088 6.71    6.20    12612   507   36K   254 28.28   28.14  
c rst  geom best vmt  3042  3297K 3198      25K  3088 6.71    6.20    12628   568   37K   254 28.30   28.16  
c rst  geom best vmt  3043  3298K 3198      25K  3088 6.71    6.20    12628   573   38K   254 28.45   28.32  
c rst  geom best vmt  3044  3299K 3198      25K  3088 6.71    6.20    12628   577   39K   254 28.58   28.45  
c rst  geom best vmt  3045  3300K 3198      25K  3088 6.71    6.20    12722   625   28K   254 27.15   27.00  
c rst  geom best vmt  3046  3302K 3198      25K  3088 6.71    6.20    12722   635   29K   254 27.31   27.16  
c [full-probe]  bin_only: 1 set: 0 repl: 0 T: 0.01 T-out: N T-r: 99.85%
c [distill-bin] useful: 0/3088/3088 lits-rem: 0 cl-rem: 0 0-depth-assigns: 0 T: 0.02 T-out: N
c rst  geom best vmt  3047  3303K 3198      25K  3088 6.71    6.20    12730   691   30K   254 27.38   27.24  
c rst  geom best vmt  3048  3305K 3198      25K  3088 6.71    6.20    12730   699   32K   254 27.68   27.54  
c rst  geom best vmt  3049  3306K 3198      25K  3088 6.71    6.20    12730   707   34K   254 27.95   27.81  
c [distill] watch-based irred--  cl tried 37626    cl-sh 0     cl-rem 0    lit-rem 0      T: 0.06 T-out: Y
c [distill] watch-based red  --  cl tried 25460    cl-sh 3     cl-rem 0    lit-rem 4      T: 0.05 T-out: N
c rst  geom best vmt  3050  3308K 3198      25K  3088 6.71    6.20    12730   718   36K   254 28.29   28.16  
c rst  geom best vmt  3051  3310K 3198      25K  3088 6.71    6.20    12793   640   38K   254 28.80   28.67  
c rst  geom best vmt  3052  3312K 3198      25K  3088 6.71    6.20    12793   682   40K   254 29.12   28.99  
c [distill-long-red0] cls tried: 115/115 T: 0.01 T-out: N T-r: 99.87%
c [distill-long-red1] cls tried: 206/314 T: 0.03 T-out: Y T-r: -1.25%
c rst  geom best vmt  3053  3314K 3198      25K  3088 6.71    6.20    12793   690   41K   254 29.19   29.06  
c recursive minimization cost OK: 2968Kcost/(% lits removed)
c [gauss] XOR-encoding clauses are not detached, so no need to reattach them.
c [g 0] truth-find prop checks  : 708K
c [g 0] -> of which prop        : 34.26 %
c [g 0] -> of which confl       :  0.83 %
c [g 0] elim called             : 64K
c [g 0] ---> which lead to prop : 168.04 %
c [g 0] ---> which lead to confl:  4.06 %
c [g 0] size: 74    x 151  
c --> Executing strategy token: scc-vrepl
c [scc] new: 0 BP 0M T: 0.00
c --> Executing strategy token: sub-impl
c [impl-sub] bin: 0 T: 0.00 T-out: N w-visit: 6404
c --> Executing strategy token: breakid
c --> Executing OCC strategy token(s): 'occ-backw-sub-str,occ-clean-implicit,occ-bve,occ-bva,occ-ternary-res,occ-xor,'
c [occ] mem usage for occur 2      MB
c [occ] Linked in IRRED BIN by default: 3088
c [occ] Linked in RED   BIN by default: 254
c [occ] mem usage for occur 1      MB
c Mem for watch alloc      : 26          MB (36.82     %)
c Mem for watch array      : 0           MB (0.21      %)
c --> Executing OCC strategy token: occ-backw-sub-str
c [occ-backw-sub-str-long-w-bins] subs: 0 str: 0 tried: 110727 0-depth ass: 0 T: 0.00 T-out: N T-r: 99.59%
c [occ-backw-sub-long-w-long] rem cl: 85 tried: 80227/80227 (100.0%) T: 0.02 T-out: N T-r: 96.09%
c [occ-backw-sub-str-long-w-long] sub: 7 str: 83 tried: 240681/80227 (300.0)  T: 0.13 T-out: N T-r: 90.80%
c --> Executing OCC strategy token: occ-clean-implicit
c --> Executing OCC strategy token: occ-bve
c [occ-empty-res] Empty resolvent elimed: 0 T: 0.00 T-out: N
c [occ-bve] turning off picosat-based irreg gate detection, added lits:  599K
c [occ-bve] iter v-elim 0
c cl_inc_rate=1.0, var_dec_rate=1.0 (grow=0)
c Reduced to 3198 vars, 28313 cls (grow=0)
c [occ-bve] iter v-elim 0
c cl_inc_rate=1.0, var_dec_rate=1.0 (grow=8)
c Reduced to 3198 vars, 28313 cls (grow=8)
c [occ-bve] iter v-elim 0
c cl_inc_rate=1.0, var_dec_rate=1.0 (grow=16)
c Reduced to 3198 vars, 28313 cls (grow=16)
c x n vars       : 3198
c #try to eliminate:  9594
c #var-elim        :     0
c #T-o: N
c #T-r: 99.99%
c #T  : 1.92
c [occur] 0.05 is overhead
c [occur] link-in T: 0.05 cleanup T: 0.00
c --> Executing OCC strategy token: occ-bva
c --> Executing OCC strategy token: occ-ternary-res
c [occ-ternary-res] Ternary res-tri: 0 res-bin: 0 sub: 0 str: 0 T: 0.00 T-out: N T-r: 99.91%
c --> Executing OCC strategy token: occ-xor
c [occ-xor] sort occur list T: 0.01
c [xor-clean-equiv] removed equivalent xors: 0 left with: 246
c [occ-xor] found    246 avg sz 5.4 min sz  4 max sz  6 T: 0.02 T-out: N T-r: 99.98%
c --> Executing strategy token: card-find
c --> Executing strategy token: cl-consolidate
c Not consolidating memory.
c --> Executing strategy token: scc-vrepl
c [scc] new: 0 BP 0M T: 0.00
c --> Executing strategy token: renumber
c --> Executing strategy token: bosphorus
c --> Executing strategy token: louvain-comms
c [consolidate] mini T: 0.00
c global_timeout_multiplier: 9.0000
c [branch] rebuilding order heap for all branchings. Current branching: vmtf
c [find&init matx] performing matrix init
c [gauss] XOR-encoding clauses are not detached, so no need to reattach them.
c [xor-rem-unconnected] left with 246 xors from 246 non-empty xors T: 0.00
c [xor-together] xored together: 171 orig xors: 246 new xors: 75 T: 0.00
c [xor-rem-unconnected] left with 75 xors from 75 non-empty xors T: 0.00
c [xor-clean-equiv] removed equivalent xors: 0 left with: 75
c [matrix] unused xors from cleaning: 0
c [matrix] Good   matrix  0     75 x  154  density:0.0851  xorlen avg: 13.11
c [matrix] Using 1 matrices recovered from 0 xors T: 0.00 T-out: N
c rst  geom best  vmt  3054 3315K    3198   25K  3088    6.71    6.20 12723   908   29K   254   27.43   27.28
c rst  geom best  vmt  3055 3318K    3198   25K  3088    6.71    6.20 12723   913   32K   254   27.72   27.58
c rst  geom best  vmt  3056 3321K    3198   25K  3088    6.71    6.20 12748   831   35K   254   28.26   28.13
c rst  geom best  vmt  3057 3324K    3198   25K  3088    6.71    6.20 12748   877   38K   254   28.91   28.78
c [full-probe]  bin_only: 0 set: 0 repl: 0 T: 0.01 T-out: N T-r: 98.83%
c [distill-bin] useful: 0/3088/3088 lits-rem: 0 cl-rem: 0 0-depth-assigns: 0 T: 0.01 T-out: N
c rst  geom best  vmt  3058 3328K    3198   25K  3088    6.71    6.20 12749   882   42K   254   29.28   29.16
c [distill-long-red0] cls tried: 36/36 T: 0.00 T-out: N T-r: 99.96%
c [distill-long-red1] cls tried: 228/382 T: 0.03 T-out: Y T-r: -0.25%
c rst  geom  stb  vmt  3059 3332K    3198   25K  3088    6.71    6.20 12811   918   32K   254   28.25   28.10
c [distill] watch-based irred--  cl tried    36353 cl-sh     0 cl-rem    0 lit-rem      0 T: 0.07 T-out: Y
c [distill] watch-based   red--  cl tried    25622 cl-sh     0 cl-rem    0 lit-rem      0 T: 0.04 T-out: N
c rst  geom  stb  vmt  3060 3336K    3198   25K  3088    6.71    6.20 12811   922   36K   254   29.67   29.53
c rst  geom  stb  vmt  3061 3341K    3198   25K  3088    6.71    6.20 12839   903   41K   254   30.87   30.74
c [impl-str] lit bin: 0 set-var: 0 T: 0.00 T-out: N T-r: 99.97% w-visit: 6404
c [impl-sub] bin: 0 T: 0.00 T-out: N w-visit: 6404
c [ccnr] tries: 0 steps: 262143 best found: 2
c [ccnr] saving best assignment phase to stable_polar
c [ccnr] bumping based on var unsat frequency: conflict_ct
c [ccnr] Bumped vars: 3202 bump type: 6
c [ccnr] time: 0.32
c rst  geom  stb  vmt  3062 3346K    3198   25K  3088    6.71    6.20 12858  1142   24K   254   30.17   29.98
c [distill-long-red0] cls tried: 71/71 T: 0.01 T-out: N T-r: 99.93%
c [distill-long-red1] cls tried: 293/495 T: 0.03 T-out: Y T-r: -0.58%
c [full-probe]  bin_only: 1 set: 0 repl: 0 T: 0.01 T-out: N T-r: 99.90%
c [distill-bin] useful: 0/3088/3088 lits-rem: 0 cl-rem: 0 0-depth-assigns: 0 T: 0.01 T-out: N
c rst  geom  stb  vmt  3063 3352K    3198   25K  3088    6.71    6.20 13059  1175   30K   254   30.69   30.53
c rst  geom  stb  vmt  3064 3358K    3198   25K  3088    6.71    6.20 13060  1203   36K   254   32.19   32.04
c [distill] watch-based irred--  cl tried    36688 cl-sh     0 cl-rem    0 lit-rem      0 T: 0.07 T-out: Y
c [distill] watch-based   red--  cl tried    26120 cl-sh     5 cl-rem    0 lit-rem      5 T: 0.05 T-out: N
c [gauss] XOR-encoding clauses are not detached, so no need to reattach them.
c [g 0] truth-find prop checks  : 1095K
c [g 0] -> of which prop        : 44.02 %
c [g 0] -> of which confl       :  0.81 %
c [g 0] elim called             : 63K
c [g 0] ---> which lead to prop : 216.26 %
c [g 0] ---> which lead to confl:  5.06 %
c [g 0] size: 75    x 154  
c [scc] new: 0 BP 0M T: 0.00
c [vrep] vars 0 lits 0 rem-bin-cls 0 rem-long-cls 0 BP 0M T: 0.01
c [intree] Set 0 vars hyper-added: 0 trans-irred: 0 trans-red: 0 T: 0.02 T-out: N T-r: -0.22%
c [find&init matx] performing matrix init
c [gauss] XOR-encoding clauses are not detached, so no need to reattach them.
c [xor-rem-unconnected] left with 246 xors from 246 non-empty xors T: 0.00
c [xor-together] xored together: 171 orig xors: 246 new xors: 75 T: 0.00
c [xor-rem-unconnected] left with 75 xors from 75 non-empty xors T: 0.00
c [xor-clean-equiv] removed equivalent xors: 0 left with: 75
c [matrix] unused xors from cleaning: 0
c [matrix] Good   matrix 0 75      x154    density:0.0851  xorlen avg: 13.11
c [matrix] Using 1 matrices recovered from 0 xors T: 0.00 T-out: N
c rst  geom stb  vmt  3065  3365K 3198      25K  3088 6.71    6.20    13179  1430   28K   254 30.79   30.62  
c [distill-long-red0] cls tried: 225/225 T: 0.02 T-out: N T-r: 99.77%
c [distill-long-red1] cls tried: 137/686 T: 0.03 T-out: Y T-r: -0.53%
c rst  geom stb  vmt  3066  3373K 3198      25K  3088 6.71    6.20    13239  1365   36K   254 32.31   32.16  
c [full-probe]  bin_only: 0 set: 0 repl: 0 T: 0.02 T-out: N T-r: 98.62%
c [distill-bin] useful: 0/3088/3088 lits-rem: 0 cl-rem: 0 0-depth-assigns: 0 T: 0.01 T-out: N
c rst  geom ibes vmt  3067  3382K 3198      25K  3088 6.71    6.20    13298  1474   30K   254 30.81   30.65  
c [distill-long-red0] cls tried: 104/104 T: 0.01 T-out: N T-r: 99.86%
c [distill-long-red1] cls tried: 182/811 T: 0.03 T-out: Y T-r: -0.51%
c rst  geom ibes vmt  3068  3391K 3198      25K  3088 6.71    6.20    13307  1365   21K   254 27.98   27.80  
c [distill] watch-based irred--  cl tried 38498    cl-sh 0     cl-rem 0    lit-rem 0      T: 0.06 T-out: N
c [distill] watch-based red  --  cl tried 26614    cl-sh 1     cl-rem 0    lit-rem 1      T: 0.04 T-out: N
c [ccnr] tries: 0 steps: 262143 best found: 2
c [ccnr] saving best assignment phase to stable_polar
c [ccnr] bumping based on var unsat frequency: conflict_ct
c [ccnr] Bumped vars: 3202 bump type: 6
c [ccnr] time: 0.34
c rst  geom ibes vmt  3069  3401K 3198      25K  3088 6.71    6.20    13402  1315   31K   254 32.18   32.02  
c [distill-long-red0] cls tried: 73/73 T: 0.01 T-out: N T-r: 99.92%
c [distill-long-red1] cls tried: 223/755 T: 0.04 T-out: Y T-r: -0.42%
c [full-probe]  bin_only: 1 set: 0 repl: 0 T: 0.01 T-out: N T-r: 99.91%
c [distill-bin] useful: 0/3088/3088 lits-rem: 0 cl-rem: 0 0-depth-assigns: 0 T: 0.01 T-out: N
c [impl-str] lit bin: 0 set-var: 0 T: 0.00 T-out: N T-r: 99.98% w-visit: 6404
c [impl-sub] bin: 0 T: 0.00 T-out: N w-visit: 6404
c rst  geom ibes vmt  3070  3413K 3198      25K  3088 6.71    6.20    13455  1668   30K   254 31.94   31.77  
c rst  geom svd  vmt  3071  3425K 3198      25K  3088 6.71    6.20    13475  1653   29K   254 28.80   28.65  
c [distill-long-red0] cls tried: 58/58 T: 0.01 T-out: N T-r: 99.94%
c [distill-long-red1] cls tried: 202/1026 T: 0.03 T-out: Y T-r: -0.80%
c [full-probe]  bin_only: 0 set: 0 repl: 0 T: 0.01 T-out: N T-r: 99.02%
c [distill-bin] useful: 0/3088/3088 lits-rem: 0 cl-rem: 0 0-depth-assigns: 0 T: 0.01 T-out: N
c [distill] watch-based irred--  cl tried 38498    cl-sh 0     cl-rem 0    lit-rem 0      T: 0.06 T-out: N
c [distill] watch-based red  --  cl tried 26950    cl-sh 0     cl-rem 0    lit-rem 0      T: 0.05 T-out: N
c [gauss] XOR-encoding clauses are not detached, so no need to reattach them.
c [g 0] truth-find prop checks  : 1662K
c [g 0] -> of which prop        : 41.73 %
c [g 0] -> of which confl       :  0.77 %
c [g 0] elim called             : 112K
c [g 0] ---> which lead to prop : 201.28 %
c [g 0] ---> which lead to confl:  4.61 %
c [g 0] size: 75    x 154  
c [scc] new: 0 BP 0M T: 0.00
c [vrep] vars 0 lits 0 rem-bin-cls 0 rem-long-cls 0 BP 0M T: 0.01
c [intree] Set 0 vars hyper-added: 0 trans-irred: 0 trans-red: 0 T: 0.01 T-out: N T-r: -0.48%
c [find&init matx] performing matrix init
c [gauss] XOR-encoding clauses are not detached, so no need to reattach them.
c [xor-rem-unconnected] left with 246 xors from 246 non-empty xors T: 0.00
c [xor-together] xored together: 171 orig xors: 246 new xors: 75 T: 0.00
c [xor-rem-unconnected] left with 75 xors from 75 non-empty xors T: 0.00
c [xor-clean-equiv] removed equivalent xors: 0 left with: 75
c [matrix] unused xors from cleaning: 0
c [matrix] Good   matrix 0 75      x154    density:0.0851  xorlen avg: 13.11
c [matrix] Using 1 matrices recovered from 0 xors T: 0.00 T-out: N
c rst  geom svd  vmt  3072  3439K 3198      25K  3088 6.71    6.20    13498  1585   27K   254 28.18   28.02  
c [ccnr] tries: 0 steps: 262143 best found: 2
c [ccnr] saving best assignment phase to stable_polar
c [ccnr] bumping based on clause weights
c [ccnr] Bumped vars: 101 bump type: 6
c [ccnr] time: 0.33
c rst  geom svd  vmt  3073  3454K 3198      25K  3088 6.71    6.20    13559  1202   25K   254 32.05   31.86  
c [distill-long-red0] cls tried: 79/79 T: 0.01 T-out: N T-r: 99.94%
c [distill-long-red1] cls tried: 315/691 T: 0.03 T-out: Y T-r: -0.21%
c [full-probe]  bin_only: 1 set: 0 repl: 0 T: 0.01 T-out: N T-r: 99.91%
c [distill-bin] useful: 0/3088/3088 lits-rem: 0 cl-rem: 0 0-depth-assigns: 0 T: 0.01 T-out: N
c [distill] watch-based irred--  cl tried 38498    cl-sh 0     cl-rem 0    lit-rem 0      T: 0.06 T-out: N
c [distill] watch-based red  --  cl tried 27118    cl-sh 0     cl-rem 0    lit-rem 0      T: 0.04 T-out: N
c rst  geom best vmt  3074  3471K 3198      25K  3088 6.71    6.20    13656   784   30K   254 30.85   30.69  
c [distill-long-red0] cls tried: 87/87 T: 0.00 T-out: N T-r: 99.97%
c [distill-long-red1] cls tried: 319/319 T: 0.03 T-out: N T-r: 1.34%
c [impl-str] lit bin: 0 set-var: 0 T: 0.00 T-out: N T-r: 99.98% w-visit: 6404
c [impl-sub] bin: 0 T: 0.00 T-out: N w-visit: 6404
c rst  geom best vmt  3075  3489K 3198      25K  3088 6.71    6.20    13730   669   38K   254 28.70   28.57  
c [distill-long-red0] cls tried: 52/52 T: 0.00 T-out: N T-r: 99.96%
c [distill-long-red1] cls tried: 155/155 T: 0.02 T-out: N T-r: 41.83%
c [full-probe]  bin_only: 0 set: 0 repl: 0 T: 0.01 T-out: N T-r: 98.87%
c [distill-bin] useful: 0/3088/3088 lits-rem: 0 cl-rem: 0 0-depth-assigns: 0 T: 0.01 T-out: N
c [distill] watch-based irred--  cl tried 37676    cl-sh 0     cl-rem 0    lit-rem 0      T: 0.07 T-out: Y
c [distill] watch-based red  --  cl tried 27460    cl-sh 0     cl-rem 0    lit-rem 0      T: 0.05 T-out: N
c [ccnr] tries: 0 steps: 262143 best found: 2
c [ccnr] saving best assignment phase to stable_polar
c [ccnr] bumping based on var unsat frequency: conflict_ct
c [ccnr] Bumped vars: 3202 bump type: 6
c [ccnr] time: 0.33
c rst  geom best vmt  3076  3509K 3198      25K  3088 6.71    6.20    13828   672   45K   254 31.39   31.27  
c [distill-long-red0] cls tried: 31/31 T: 0.00 T-out: N T-r: 99.96%
c [distill-long-red1] cls tried: 191/270 T: 0.03 T-out: Y T-r: -0.41%
c [full-probe]  bin_only: 1 set: 0 repl: 0 T: 0.01 T-out: N T-r: 99.88%
c [distill-bin] useful: 0/3088/3088 lits-rem: 0 cl-rem: 0 0-depth-assigns: 0 T: 0.02 T-out: N
c [gauss] XOR-encoding clauses are not detached, so no need to reattach them.
c [g 0] truth-find prop checks  : 2021K
c [g 0] -> of which prop        : 36.54 %
c [g 0] -> of which confl       :  1.01 %
c [g 0] elim called             : 184K
c [g 0] ---> which lead to prop : 175.85 %
c [g 0] ---> which lead to confl:  4.38 %
c [g 0] size: 75    x 154  
c [scc] new: 0 BP 0M T: 0.00
c [vrep] vars 0 lits 0 rem-bin-cls 0 rem-long-cls 0 BP 0M T: 0.01
c [intree] Set 0 vars hyper-added: 0 trans-irred: 0 trans-red: 0 T: 0.01 T-out: N T-r: -0.41%
c [find&init matx] performing matrix init
c [gauss] XOR-encoding clauses are not detached, so no need to reattach them.
c [xor-rem-unconnected] left with 246 xors from 246 non-empty xors T: 0.00
c [xor-together] xored together: 171 orig xors: 246 new xors: 75 T: 0.00
c [xor-rem-unconnected] left with 75 xors from 75 non-empty xors T: 0.00
c [xor-clean-equiv] removed equivalent xors: 0 left with: 75
c [matrix] unused xors from cleaning: 0
c [matrix] Good   matrix 0 75      x154    density:0.0851  xorlen avg: 13.11
c [matrix] Using 1 matrices recovered from 0 xors T: 0.00 T-out: N
c rst  geom stb  vmt  3077  3531K 3198      25K  3088 6.71    6.20    14416  1392   38K   254 31.00   30.86  
c [distill-long-red0] cls tried: 530/530 T: 0.04 T-out: N T-r: 99.62%
c [distill-long-red1] cls tried: 187/966 T: 0.03 T-out: Y T-r: -0.45%
c [full-probe]  bin_only: 0 set: 0 repl: 0 T: 0.01 T-out: N T-r: 98.74%
c [distill-bin] useful: 0/3088/3088 lits-rem: 0 cl-rem: 0 0-depth-assigns: 0 T: 0.01 T-out: N
c [distill] watch-based irred--  cl tried 37736    cl-sh 0     cl-rem 0    lit-rem 0      T: 0.07 T-out: Y
c [distill] watch-based red  --  cl tried 28526    cl-sh 2     cl-rem 0    lit-rem 2      T: 0.05 T-out: Y
c [impl-str] lit bin: 0 set-var: 0 T: 0.00 T-out: N T-r: 99.97% w-visit: 6404
c [impl-sub] bin: 0 T: 0.00 T-out: N w-visit: 6404
c rst  geom stb  vmt  3078  3556K 3198      25K  3088 6.71    6.20    14579  1930   34K   254 32.70   32.55  
c [distill-long-red0] cls tried: 150/150 T: 0.02 T-out: N T-r: 99.86%
c [distill-long-red1] cls tried: 176/1404 T: 0.03 T-out: Y T-r: -1.50%
c [full-probe]  bin_only: 1 set: 0 repl: 0 T: 0.01 T-out: N T-r: 99.87%
c [distill-bin] useful: 0/3088/3088 lits-rem: 0 cl-rem: 0 0-depth-assigns: 0 T: 0.02 T-out: N
c [ccnr] tries: 0 steps: 262143 best found: 7
c [ccnr] saving best assignment phase to stable_polar
c [ccnr] bumping based on var unsat frequency: conflict_ct
c [ccnr] Bumped vars: 3202 bump type: 6
c [ccnr] time: 0.32
c rst  geom ibes vmt  3079  3583K 3198      25K  3088 6.71    6.20    14732  1962   43K   254 37.08   36.94  
c [distill-long-red0] cls tried: 129/129 T: 0.02 T-out: N T-r: 99.86%
c [distill-long-red1] cls tried: 157/1569 T: 0.03 T-out: Y T-r: -0.33%
c [full-probe]  bin_only: 0 set: 0 repl: 0 T: 0.01 T-out: N T-r: 98.88%
c [distill-bin] useful: 0/3088/3088 lits-rem: 0 cl-rem: 0 0-depth-assigns: 0 T: 0.01 T-out: N
c [distill] watch-based irred--  cl tried 33872    cl-sh 0     cl-rem 0    lit-rem 0      T: 0.07 T-out: Y
c [distill] watch-based red  --  cl tried 29035    cl-sh 3     cl-rem 0    lit-rem 3      T: 0.05 T-out: Y
c [gauss] XOR-encoding clauses are not detached, so no need to reattach them.
c [g 0] truth-find prop checks  : 1525K
c [g 0] -> of which prop        : 40.90 %
c [g 0] -> of which confl       :  0.80 %
c [g 0] elim called             : 87K
c [g 0] ---> which lead to prop : 207.34 %
c [g 0] ---> which lead to confl:  5.37 %
c [g 0] size: 75    x 154  
c [scc] new: 0 BP 0M T: 0.00
c [vrep] vars 0 lits 0 rem-bin-cls 0 rem-long-cls 0 BP 0M T: 0.01
c [intree] Set 0 vars hyper-added: 0 trans-irred: 0 trans-red: 0 T: 0.01 T-out: N T-r: -0.50%
c [find&init matx] performing matrix init
c [gauss] XOR-encoding clauses are not detached, so no need to reattach them.
c [xor-rem-unconnected] left with 246 xors from 246 non-empty xors T: 0.00
c [xor-together] xored together: 171 orig xors: 246 new xors: 75 T: 0.00
c [xor-rem-unconnected] left with 75 xors from 75 non-empty xors T: 0.00
c [xor-clean-equiv] removed equivalent xors: 0 left with: 75
c [matrix] unused xors from cleaning: 0
c [matrix] Good   matrix 0 75      x154    density:0.0851  xorlen avg: 13.11
c [matrix] Using 1 matrices recovered from 0 xors T: 0.00 T-out: N
c rst  geom ibes vmt  3080  3612K 3198      25K  3088 6.71    6.20    14793  1576   33K   254 33.05   32.90  
c [branch] adjusting to: vsid (from: vmtf) var_decay:0.95 descr: VSIDS
c [distill-long-red0] cls tried: 61/61 T: 0.01 T-out: N T-r: 99.93%
c [distill-long-red1] cls tried: 167/1225 T: 0.03 T-out: Y T-r: -0.50%
c [full-probe]  bin_only: 1 set: 0 repl: 0 T: 0.01 T-out: N T-r: 99.86%
c [distill-bin] useful: 0/3088/3088 lits-rem: 0 cl-rem: 0 0-depth-assigns: 0 T: 0.02 T-out: N
c [distill] watch-based irred--  cl tried 38498    cl-sh 0     cl-rem 0    lit-rem 0      T: 0.07 T-out: N
c [distill] watch-based red  --  cl tried 27516    cl-sh 0     cl-rem 0    lit-rem 0      T: 0.05 T-out: Y
c [impl-str] lit bin: 0 set-var: 0 T: 0.00 T-out: N T-r: 99.97% w-visit: 6404
c [impl-sub] bin: 0 T: 0.00 T-out: N w-visit: 6404
c [ccnr] tries: 0 steps: 262143 best found: 2
c [ccnr] saving best assignment phase to stable_polar
c [ccnr] bumping based on clause weights
c [ccnr] Bumped vars: 101 bump type: 6
c [ccnr] time: 0.33
c rst  geom svd  vs   3081  3612K 3198      25K  3088 6.71    6.20    14793  1576   33K   254 33.08   32.92  
c rst  geom svd  vs   3082  3612K 3198      25K  3088 6.71    6.20    14793  1577   34K   254 33.10   32.94  
c rst  geom svd  vs   3083  3612K 3198      25K  3088 6.71    6.20    14793  1577   34K   254 33.11   32.95  
c rst  geom svd  vs   3084  3613K 3198      25K  3088 6.71    6.20    14793  1577   34K   254 33.11   32.96  
c rst  geom svd  vs   3085  3613K 3198      25K  3088 6.71    6.20    14793  1577   34K   254 33.13   32.97  
c rst  geom svd  vs   3086  3613K 3198      25K  3088 6.71    6.20    14793  1577   34K   254 33.13   32.98  
c rst  geom svd  vs   3087  3613K 3198      25K  3088 6.71    6.20    14793  1577   34K   254 33.15   33.00  
c rst  geom svd  vs   3088  3613K 3198      25K  3088 6.71    6.20    14793  1580   35K   254 33.17   33.01  
c rst  geom svd  vs   3089  3614K 3198      25K  3088 6.71    6.20    14793  1581   35K   254 33.19   33.04  
c rst  geom svd  vs   3090  3614K 3198      25K  3088 6.71    6.20    14793  1583   35K   254 33.19   33.04  
c rst  geom svd  vs   3091  3614K 3198      25K  3088 6.71    6.20    14793  1583   35K   254 33.20   33.05  
c rst  geom svd  vs   3092  3614K 3198      25K  3088 6.71    6.20    14793  1585   36K   254 33.22   33.07  
c rst  geom svd  vs   3093  3615K 3198      25K  3088 6.71    6.20    14795  1658 19548   254 26.56   26.39  
c rst  geom svd  vs   3094  3615K 3198      25K  3088 6.71    6.20    14795  1659 19920   254 26.68   26.50  
c rst  geom svd  vs   3095  3616K 3198      25K  3088 6.71    6.20    14795  1660   20K   254 26.78   26.61  
c rst  geom svd  vs   3096  3616K 3198      25K  3088 6.71    6.20    14795  1661   20K   254 26.89   26.73  
c rst  geom svd  vs   3097  3616K 3198      25K  3088 6.71    6.20    14795  1662   21K   254 27.02   26.85  
c rst  geom svd  vs   3098  3617K 3198      25K  3088 6.71    6.20    14795  1663   21K   254 27.12   26.96  
c rst  geom svd  vs   3099  3618K 3198      25K  3088 6.71    6.20    14795  1664   22K   254 27.23   27.06  
c rst  geom svd  vs   3100  3618K 3198      25K  3088 6.71    6.20    14795  1666   23K   254 27.39   27.23  
c rst  geom svd  vs   3101  3619K 3198      25K  3088 6.71    6.20    14795  1673   23K   254 27.48   27.32  
c rst  geom svd  vs   3102  3620K 3198      25K  3088 6.71    6.20    14795  1675   24K   254 27.54   27.38  
c rst  geom svd  vs   3103  3621K 3198      25K  3088 6.71    6.20    14816  1422   25K   254 27.60   27.45  
c rst  geom svd  vs   3104  3622K 3198      25K  3088 6.71    6.20    14816  1429   26K   254 27.68   27.53  
c rst  geom svd  vs   3105  3623K 3198      25K  3088 6.71    6.20    14816  1434   27K   254 27.81   27.66  
c rst  geom svd  vs   3106  3624K 3198      25K  3088 6.71    6.20    14816  1434   28K   254 28.11   27.96  
c rst  geom svd  vs   3107  3625K 3198      25K  3088 6.71    6.20    14816  1435   30K   254 28.37   28.22  
c rst  geom svd  vs   3108  3626K 3198      25K  3088 6.71    6.20    14816  1436   31K   254 28.52   28.38  
c rst  geom svd  vs   3109  3628K 3198      25K  3088 6.71    6.20    14816  1437   33K   254 28.81   28.67  
c [distill-long-red0] cls tried: 23/23 T: 0.00 T-out: N T-r: 99.97%
c [distill-long-red1] cls tried: 196/1025 T: 0.03 T-out: Y T-r: -1.40%
c rst  geom svd  vs   3110  3630K 3198      25K  3088 6.71    6.20    14819  1484   21K   254 23.77   23.63  
c rst  geom svd  vs   3111  3632K 3198      25K  3088 6.71    6.20    14838  1205   23K   254 24.37   24.23  
c rst  geom svd  vs   3112  3634K 3198      25K  3088 6.71    6.20    14838  1205   25K   254 24.95   24.81  
c [full-probe]  bin_only: 0 set: 0 repl: 0 T: 0.01 T-out: N T-r: 99.04%
c [distill-bin] useful: 0/3088/3088 lits-rem: 0 cl-rem: 0 0-depth-assigns: 0 T: 0.01 T-out: N
c rst  geom svd  vs   3113  3636K 3198      25K  3088 6.71    6.20    14838  1206   27K   254 25.69   25.55  
c rst  geom svd  vs   3114  3638K 3198      25K  3088 6.71    6.20    14838  1219   30K   254 26.26   26.13  
c [distill] watch-based irred--  cl tried 38498    cl-sh 0     cl-rem 0    lit-rem 0      T: 0.06 T-out: N
c [distill] watch-based red  --  cl tried 29676    cl-sh 2     cl-rem 0    lit-rem 2      T: 0.05 T-out: N
c rst  geom svd  vs   3115  3641K 3198      25K  3088 6.71    6.20    14851   915   33K   254 26.75   26.62  
c rst  geom svd  vs   3116  3644K 3198      25K  3088 6.71    6.20    14852   917   36K   254 27.26   27.14  
c [distill-long-red0] cls tried: 35/35 T: 0.00 T-out: N T-r: 99.96%
c [distill-long-red1] cls tried: 254/623 T: 0.03 T-out: Y T-r: -0.30%
c rst  geom svd  vs   3117  3647K 3198      25K  3088 6.71    6.20    14856   956   23K   254 23.97   23.83  
c rst  geom svd  vs   3118  3651K 3198      25K  3088 6.71    6.20    14861   813   27K   254 24.76   24.62  
c [gauss] XOR-encoding clauses are not detached, so no need to reattach them.
c [g 0] truth-find prop checks  : 1586K
c [g 0] -> of which prop        : 37.66 %
c [g 0] -> of which confl       :  0.98 %
c [g 0] elim called             : 121K
c [g 0] ---> which lead to prop : 213.56 %
c [g 0] ---> which lead to confl:  5.52 %
c [g 0] size: 75    x 154  
c [scc] new: 0 BP 0M T: 0.00
c [vrep] vars 0 lits 0 rem-bin-cls 0 rem-long-cls 0 BP 0M T: 0.01
c [intree] Set 0 vars hyper-added: 0 trans-irred: 0 trans-red: 0 T: 0.01 T-out: N T-r: -0.32%
c [find&init matx] performing matrix init
c [gauss] XOR-encoding clauses are not detached, so no need to reattach them.
c [xor-rem-unconnected] left with 246 xors from 246 non-empty xors T: 0.00
c [xor-together] xored together: 171 orig xors: 246 new xors: 75 T: 0.00
c [xor-rem-unconnected] left with 75 xors from 75 non-empty xors T: 0.00
c [xor-clean-equiv] removed equivalent xors: 0 left with: 75
c [matrix] unused xors from cleaning: 0
c [matrix] Good   matrix 0 75      x154    density:0.0851  xorlen avg: 13.11
c [matrix] Using 1 matrices recovered from 0 xors T: 0.00 T-out: N
c rst  geom svd  vs   3119  3655K 3198      25K  3088 6.71    6.20    14861   815   31K   254 25.78   25.65  
c [full-probe]  bin_only: 1 set: 0 repl: 0 T: 0.01 T-out: N T-r: 99.85%
c [distill-bin] useful: 0/3088/3088 lits-rem: 0 cl-rem: 0 0-depth-assigns: 0 T: 0.02 T-out: N
c rst  geom best vs   3120  3659K 3198      25K  3088 6.71    6.20    14861   826   35K   254 25.99   25.87  
c [distill-long-red0] cls tried: 7/7 T: 0.00 T-out: N T-r: 99.99%
c [distill-long-red1] cls tried: 262/356 T: 0.03 T-out: Y T-r: -0.63%
c [ccnr] tries: 0 steps: 262143 best found: 6
c [ccnr] saving best assignment phase to stable_polar
c [ccnr] bumping based on var unsat frequency: conflict_ct
c [ccnr] Bumped vars: 3202 bump type: 6
c [ccnr] time: 0.33
c rst  geom best vs   3121  3664K 3198      25K  3088 6.71    6.20    14875   643   29K   254 24.01   23.89  
c [distill] watch-based irred--  cl tried 38498    cl-sh 0     cl-rem 0    lit-rem 0      T: 0.06 T-out: N
c [distill] watch-based red  --  cl tried 28194    cl-sh 0     cl-rem 0    lit-rem 0      T: 0.05 T-out: Y
c rst  geom best vs   3122  3670K 3198      25K  3088 6.71    6.20    14876   670   35K   254 24.92   24.81  
c rst  geom best vs   3123  3675K 3198      25K  3088 6.71    6.20    14898   690   32K   254 23.56   23.45  
c [distill-long-red0] cls tried: 24/24 T: 0.00 T-out: N T-r: 99.97%
c [distill-long-red1] cls tried: 249/249 T: 0.02 T-out: N T-r: 17.29%
c [full-probe]  bin_only: 0 set: 0 repl: 0 T: 0.01 T-out: N T-r: 99.10%
c [distill-bin] useful: 0/3088/3088 lits-rem: 0 cl-rem: 0 0-depth-assigns: 0 T: 0.01 T-out: N
c [impl-str] lit bin: 0 set-var: 0 T: 0.00 T-out: N T-r: 99.98% w-visit: 6404
c [impl-sub] bin: 0 T: 0.00 T-out: N w-visit: 6404
c rst  geom best vs   3124  3682K 3198      25K  3088 6.71    6.20    14907   515   39K   254 24.31   24.21  
c rst  geom best vs   3125  3689K 3198      25K  3088 6.71    6.20    14907   515   46K   254 25.07   24.98  
c rst  geom best vs   3126  3697K 3198      25K  3088 6.71    6.20    14913   423   42K   254 23.79   23.69  
c [distill-long-red0] cls tried: 1/1 T: 0.00 T-out: N T-r: 100.00%
c [distill-long-red1] cls tried: 24/24 T: 0.00 T-out: N T-r: 86.64%
c [full-probe]  bin_only: 1 set: 0 repl: 0 T: 0.01 T-out: N T-r: 99.89%
c [distill-bin] useful: 0/3088/3088 lits-rem: 0 cl-rem: 0 0-depth-assigns: 0 T: 0.01 T-out: N
c [distill] watch-based irred--  cl tried 35773    cl-sh 0     cl-rem 0    lit-rem 0      T: 0.07 T-out: Y
c [distill] watch-based red  --  cl tried 29826    cl-sh 0     cl-rem 0    lit-rem 0      T: 0.05 T-out: N
c rst  geom best vs   3127  3705K 3198      25K  3088 6.71    6.20    14920   387   37K   254 22.94   22.84  
c [ccnr] tries: 0 steps: 262143 best found: 7
c [ccnr] saving best assignment phase to stable_polar
c [ccnr] bumping based on var unsat frequency: conflict_ct
c [ccnr] Bumped vars: 3202 bump type: 6
c [ccnr] time: 0.32
c rst  geom stb  vs   3128  3714K 3198      25K  3088 6.71    6.20    14928   371   46K   254 24.95   24.86  
c recursive minimization cost OK: 3589Kcost/(% lits removed)
c [gauss] XOR-encoding clauses are not detached, so no need to reattach them.
c [g 0] truth-find prop checks  : 1689K
c [g 0] -> of which prop        : 26.83 %
c [g 0] -> of which confl       :  0.99 %
c [g 0] elim called             : 173K
c [g 0] ---> which lead to prop : 151.56 %
c [g 0] ---> which lead to confl:  4.85 %
c [g 0] size: 75    x 154  
c --> Executing strategy token: scc-vrepl
c [scc] new: 0 BP 0M T: 0.00
c --> Executing strategy token: sub-impl
c [impl-sub] bin: 0 T: 0.00 T-out: N w-visit: 6404
c --> Executing strategy token: breakid
c --> Executing OCC strategy token(s): 'occ-backw-sub-str,occ-clean-implicit,occ-bve,occ-bva,occ-ternary-res,occ-xor,'
c [occ] mem usage for occur 2      MB
c [occ] Linked in IRRED BIN by default: 3088
c [occ] Linked in RED   BIN by default: 254
c [occ] mem usage for occur 1      MB
c Mem for watch alloc      : 27          MB (34.14     %)
c Mem for watch array      : 0           MB (0.18      %)
c --> Executing OCC strategy token: occ-backw-sub-str
c [occ-backw-sub-str-long-w-bins] subs: 0 str: 0 tried: 114069 0-depth ass: 0 T: 0.00 T-out: N T-r: 99.59%
c [occ-backw-sub-long-w-long] rem cl: 177 tried: 86565/86565 (100.0%) T: 0.03 T-out: N T-r: 95.45%
c [occ-backw-sub-str-long-w-long] sub: 22 str: 149 tried: 259695/86565 (300.0)  T: 0.14 T-out: N T-r: 89.98%
c --> Executing OCC strategy token: occ-clean-implicit
c --> Executing OCC strategy token: occ-bve
c [occ-empty-res] Empty resolvent elimed: 0 T: 0.00 T-out: N
c [occ-bve] turning off picosat-based irreg gate detection, added lits:  630K
c [occ-bve] iter v-elim 0
c cl_inc_rate=1.0, var_dec_rate=1.0 (grow=0)
c Reduced to 3198 vars, 28313 cls (grow=0)
c [occ-bve] iter v-elim 0
c cl_inc_rate=1.0, var_dec_rate=1.0 (grow=8)
c Reduced to 3198 vars, 28313 cls (grow=8)
c [occ-bve] iter v-elim 0
c cl_inc_rate=1.0, var_dec_rate=1.0 (grow=16)
c Reduced to 3198 vars, 28313 cls (grow=16)
c x n vars       : 3198
c #try to eliminate:  9594
c #var-elim        :     0
c #T-o: N
c #T-r: 99.99%
c #T  : 1.96
c [occur] 0.05 is overhead
c [occur] link-in T: 0.05 cleanup T: 0.00
c --> Executing OCC strategy token: occ-bva
c --> Executing OCC strategy token: occ-ternary-res
c [occ-ternary-res] Ternary res-tri: 0 res-bin: 0 sub: 0 str: 0 T: 0.00 T-out: N T-r: 99.90%
c --> Executing OCC strategy token: occ-xor
c [occ-xor] sort occur list T: 0.01
c [xor-clean-equiv] removed equivalent xors: 0 left with: 238
c [occ-xor] found    238 avg sz 5.4 min sz  4 max sz  6 T: 0.02 T-out: N T-r: 99.98%
c --> Executing strategy token: card-find
c --> Executing strategy token: cl-consolidate
c Not consolidating memory.
c --> Executing strategy token: scc-vrepl
c [scc] new: 0 BP 0M T: 0.00
c --> Executing strategy token: renumber
c --> Executing strategy token: bosphorus
c --> Executing strategy token: louvain-comms
c [consolidate] mini T: 0.00
c global_timeout_multiplier: 9.0000
c [branch] rebuilding order heap for all branchings. Current branching: vsid
c [find&init matx] performing matrix init
c [gauss] XOR-encoding clauses are not detached, so no need to reattach them.
c [xor-rem-unconnected] left with 238 xors from 238 non-empty xors T: 0.00
c [xor-together] xored together: 159 orig xors: 238 new xors: 79 T: 0.00
c [xor-rem-unconnected] left with 79 xors from 79 non-empty xors T: 0.00
c [xor-clean-equiv] removed equivalent xors: 0 left with: 79
c [matrix] unused xors from cleaning: 0
c [matrix] Good   matrix  0     79 x  162  density:0.0751  xorlen avg: 12.16
c [matrix] Using 1 matrices recovered from 0 xors T: 0.00 T-out: N
c [distill-long-red0] cls tried: 12/12 T: 0.00 T-out: N T-r: 99.99%
c [distill-long-red1] cls tried: 64/64 T: 0.01 T-out: N T-r: 78.43%
c rst  geom  stb   vs  3129 3715K    3198   25K  3088    6.71    6.20 14742   410   46K   254   25.23   25.14
c rst  geom  stb   vs  3130 3725K    3198   25K  3088    6.71    6.20 14762   455   33K   254   25.09   24.97
c [full-probe]  bin_only: 0 set: 0 repl: 0 T: 0.01 T-out: N T-r: 98.63%
c [distill-bin] useful: 0/3088/3088 lits-rem: 0 cl-rem: 0 0-depth-assigns: 0 T: 0.01 T-out: N
c [distill] watch-based irred--  cl tried    38962 cl-sh     0 cl-rem    0 lit-rem      0 T: 0.07 T-out: N
c [distill] watch-based   red--  cl tried    29524 cl-sh     2 cl-rem    0 lit-rem      2 T: 0.05 T-out: N
c [gauss] XOR-encoding clauses are not detached, so no need to reattach them.
c [g 0] truth-find prop checks  : 323K
c [g 0] -> of which prop        : 35.37 %
c [g 0] -> of which confl       :  0.78 %
c [g 0] elim called             : 26K
c [g 0] ---> which lead to prop : 187.29 %
c [g 0] ---> which lead to confl:  3.61 %
c [g 0] size: 79    x 162  
c [scc] new: 0 BP 0M T: 0.00
c [vrep] vars 0 lits 0 rem-bin-cls 0 rem-long-cls 0 BP 0M T: 0.01
c [intree] Set 0 vars hyper-added: 0 trans-irred: 0 trans-red: 0 T: 0.01 T-out: N T-r: -0.05%
c [find&init matx] performing matrix init
c [gauss] XOR-encoding clauses are not detached, so no need to reattach them.
c [xor-rem-unconnected] left with 238 xors from 238 non-empty xors T: 0.00
c [xor-together] xored together: 159 orig xors: 238 new xors: 79 T: 0.00
c [xor-rem-unconnected] left with 79 xors from 79 non-empty xors T: 0.00
c [xor-clean-equiv] removed equivalent xors: 0 left with: 79
c [matrix] unused xors from cleaning: 0
c [matrix] Good   matrix 0 79      x162    density:0.0751  xorlen avg: 12.16
c [matrix] Using 1 matrices recovered from 0 xors T: 0.00 T-out: N
c rst  geom stb  vs   3131  3736K 3198      25K  3088 6.71    6.20    14785   502   25K   254 25.52   25.38  
c [distill-long-red0] cls tried: 21/21 T: 0.00 T-out: N T-r: 99.98%
c [distill-long-red1] cls tried: 182/182 T: 0.02 T-out: N T-r: 36.30%
c [impl-str] lit bin: 0 set-var: 0 T: 0.00 T-out: N T-r: 99.98% w-visit: 6404
c [impl-sub] bin: 0 T: 0.00 T-out: N w-visit: 6404
c rst  geom stb  vs   3132  3749K 3198      25K  3088 6.71    6.20    14802   444   38K   254 27.64   27.52  
c [full-probe]  bin_only: 1 set: 0 repl: 0 T: 0.02 T-out: N T-r: 99.82%
c [distill-bin] useful: 0/3088/3088 lits-rem: 0 cl-rem: 0 0-depth-assigns: 0 T: 0.02 T-out: N
c rst  geom ibes vs   3133  3763K 3198      25K  3088 6.71    6.20    14828   454   37K   254 27.61   27.49  
c [distill-long-red0] cls tried: 17/17 T: 0.00 T-out: N T-r: 99.98%
c [distill-long-red1] cls tried: 102/102 T: 0.01 T-out: N T-r: 48.64%
c [distill] watch-based irred--  cl tried 38962    cl-sh 0     cl-rem 0    lit-rem 0      T: 0.06 T-out: N
c [distill] watch-based red  --  cl tried 29656    cl-sh 0     cl-rem 0    lit-rem 0      T: 0.05 T-out: N
c [ccnr] tries: 0 steps: 262143 best found: 5
c [ccnr] saving best assignment phase to stable_polar
c [ccnr] bumping based on clause weights
c [ccnr] Bumped vars: 103 bump type: 6
c [ccnr] time: 0.31
c rst  geom ibes vs   3134  3778K 3198      25K  3088 6.71    6.20    14851   524   33K   254 27.68   27.55  
c [distill-long-red0] cls tried: 15/15 T: 0.00 T-out: N T-r: 99.99%
c [distill-long-red1] cls tried: 102/102 T: 0.01 T-out: N T-r: 64.83%
c [full-probe]  bin_only: 0 set: 0 repl: 0 T: 0.01 T-out: N T-r: 99.07%
c [distill-bin] useful: 0/3088/3088 lits-rem: 0 cl-rem: 0 0-depth-assigns: 0 T: 0.01 T-out: N
c rst  geom ibes vs   3135  3794K 3198      25K  3088 6.71    6.20    14894   476   33K   254 28.73   28.59  
c [distill-long-red0] cls tried: 11/11 T: 0.00 T-out: N T-r: 99.99%
c [distill-long-red1] cls tried: 79/79 T: 0.01 T-out: N T-r: 60.61%
c [distill] watch-based irred--  cl tried 38962    cl-sh 0     cl-rem 0    lit-rem 0      T: 0.06 T-out: N
c [distill] watch-based red  --  cl tried 29434    cl-sh 0     cl-rem 0    lit-rem 0      T: 0.05 T-out: Y
c [gauss] XOR-encoding clauses are not detached, so no need to reattach them.
c [g 0] truth-find prop checks  : 1768K
c [g 0] -> of which prop        : 38.56 %
c [g 0] -> of which confl       :  0.80 %
c [g 0] elim called             : 160K
c [g 0] ---> which lead to prop : 211.67 %
c [g 0] ---> which lead to confl:  3.85 %
c [g 0] size: 79    x 162  
c [scc] new: 0 BP 0M T: 0.00
c [vrep] vars 0 lits 0 rem-bin-cls 0 rem-long-cls 0 BP 0M T: 0.01
c [intree] Set 0 vars hyper-added: 0 trans-irred: 0 trans-red: 0 T: 0.01 T-out: N T-r: -0.26%
c [find&init matx] performing matrix init
c [gauss] XOR-encoding clauses are not detached, so no need to reattach them.
c [xor-rem-unconnected] left with 238 xors from 238 non-empty xors T: 0.00
c [xor-together] xored together: 159 orig xors: 238 new xors: 79 T: 0.00
c [xor-rem-unconnected] left with 79 xors from 79 non-empty xors T: 0.00
c [xor-clean-equiv] removed equivalent xors: 0 left with: 79
c [matrix] unused xors from cleaning: 0
c [matrix] Good   matrix 0 79      x162    density:0.0751  xorlen avg: 12.16
c [matrix] Using 1 matrices recovered from 0 xors T: 0.00 T-out: N
c rst  geom svd  vs   3136  3813K 3198      25K  3088 6.71    6.20    14938   501   30K   254 24.85   24.73  
c [distill-long-red0] cls tried: 19/19 T: 0.00 T-out: N T-r: 99.98%
c [distill-long-red1] cls tried: 103/103 T: 0.01 T-out: N T-r: 57.09%
c [full-probe]  bin_only: 1 set: 0 repl: 0 T: 0.01 T-out: N T-r: 99.84%
c [distill-bin] useful: 0/3088/3088 lits-rem: 0 cl-rem: 0 0-depth-assigns: 0 T: 0.02 T-out: N
c [impl-str] lit bin: 0 set-var: 0 T: 0.00 T-out: N T-r: 99.98% w-visit: 6404
c [impl-sub] bin: 0 T: 0.00 T-out: N w-visit: 6404
c [ccnr] tries: 0 steps: 262143 best found: 8
c [ccnr] saving best assignment phase to stable_polar
c [ccnr] bumping based on var unsat frequency: conflict_ct
c [ccnr] Bumped vars: 3202 bump type: 6
c [ccnr] time: 0.33
c rst  geom svd  vs   3137  3833K 3198      25K  3088 6.71    6.20    14955   484   39K   254 24.24   24.13  
c [distill-long-red0] cls tried: 5/5 T: 0.00 T-out: N T-r: 100.00%
c [distill-long-red1] cls tried: 113/113 T: 0.01 T-out: N T-r: 71.31%
c [full-probe]  bin_only: 0 set: 0 repl: 0 T: 0.01 T-out: N T-r: 98.83%
c [distill-bin] useful: 0/3088/3088 lits-rem: 0 cl-rem: 0 0-depth-assigns: 0 T: 0.01 T-out: N
c [distill] watch-based irred--  cl tried 36931    cl-sh 0     cl-rem 0    lit-rem 0      T: 0.07 T-out: Y
c [distill] watch-based red  --  cl tried 28933    cl-sh 0     cl-rem 0    lit-rem 0      T: 0.05 T-out: Y
c rst  geom svd  vs   3138  3855K 3198      25K  3088 6.71    6.20    14997   524   29K   254 23.64   23.52  
c [distill-long-red0] cls tried: 4/4 T: 0.00 T-out: N T-r: 99.99%
c [distill-long-red1] cls tried: 154/154 T: 0.02 T-out: N T-r: 40.31%
c [full-probe]  bin_only: 1 set: 0 repl: 0 T: 0.01 T-out: N T-r: 99.88%
c [distill-bin] useful: 0/3088/3088 lits-rem: 0 cl-rem: 0 0-depth-assigns: 0 T: 0.01 T-out: N
c rst  geom best vs   3139  3879K 3198      25K  3088 6.71    6.20    15034   577   43K   254 23.94   23.85  
c [distill-long-red0] cls tried: 24/24 T: 0.00 T-out: N T-r: 99.97%
c [distill-long-red1] cls tried: 197/197 T: 0.02 T-out: N T-r: 6.16%
c [full-probe]  bin_only: 0 set: 0 repl: 0 T: 0.01 T-out: N T-r: 98.93%
c [distill-bin] useful: 0/3088/3088 lits-rem: 0 cl-rem: 0 0-depth-assigns: 0 T: 0.01 T-out: N
c [distill] watch-based irred--  cl tried 34066    cl-sh 0     cl-rem 0    lit-rem 0      T: 0.07 T-out: Y
c [distill] watch-based red  --  cl tried 26587    cl-sh 0     cl-rem 0    lit-rem 0      T: 0.06 T-out: Y
c [impl-str] lit bin: 0 set-var: 0 T: 0.00 T-out: N T-r: 99.97% w-visit: 6404
c [impl-sub] bin: 0 T: 0.00 T-out: N w-visit: 6404
c [gauss] XOR-encoding clauses are not detached, so no need to reattach them.
c [g 0] truth-find prop checks  : 2431K
c [g 0] -> of which prop        : 28.77 %
c [g 0] -> of which confl       :  0.88 %
c [g 0] elim called             : 251K
c [g 0] ---> which lead to prop : 158.06 %
c [g 0] ---> which lead to confl:  3.59 %
c [g 0] size: 79    x 162  
c [scc] new: 0 BP 0M T: 0.00
c [vrep] vars 0 lits 0 rem-bin-cls 0 rem-long-cls 0 BP 0M T: 0.01
c [intree] Set 0 vars hyper-added: 0 trans-irred: 0 trans-red: 0 T: 0.01 T-out: N T-r: -0.45%
c [find&init matx] performing matrix init
c [gauss] XOR-encoding clauses are not detached, so no need to reattach them.
c [xor-rem-unconnected] left with 238 xors from 238 non-empty xors T: 0.00
c [xor-together] xored together: 159 orig xors: 238 new xors: 79 T: 0.00
c [xor-rem-unconnected] left with 79 xors from 79 non-empty xors T: 0.00
c [xor-clean-equiv] removed equivalent xors: 0 left with: 79
c [matrix] unused xors from cleaning: 0
c [matrix] Good   matrix 0 79      x162    density:0.0751  xorlen avg: 12.16
c [matrix] Using 1 matrices recovered from 0 xors T: 0.00 T-out: N
c [ccnr] tries: 0 steps: 262143 best found: 4
c [ccnr] saving best assignment phase to stable_polar
c [ccnr] bumping based on var unsat frequency: conflict_ct
c [ccnr] Bumped vars: 3202 bump type: 6
c [ccnr] time: 0.32
c rst  geom best vs   3140  3906K 3198      25K  3088 6.71    6.20    15085   584   43K   254 22.40   22.31  
c [distill-long-red0] cls tried: 19/19 T: 0.00 T-out: N T-r: 99.99%
c [distill-long-red1] cls tried: 107/107 T: 0.02 T-out: N T-r: 36.11%
c [full-probe]  bin_only: 1 set: 0 repl: 0 T: 0.01 T-out: N T-r: 99.87%
c [distill-bin] useful: 0/3088/3088 lits-rem: 0 cl-rem: 0 0-depth-assigns: 0 T: 0.02 T-out: N
c [distill] watch-based irred--  cl tried 36428    cl-sh 0     cl-rem 0    lit-rem 0      T: 0.07 T-out: Y
c [distill] watch-based red  --  cl tried 28195    cl-sh 0     cl-rem 0    lit-rem 0      T: 0.06 T-out: Y
c rst  geom stb  vs   3141  3935K 3198      25K  3088 6.71    6.20    15115   351   28K   254 28.41   28.26  
c [distill-long-red0] cls tried: 15/15 T: 0.00 T-out: N T-r: 99.98%
c [distill-long-red1] cls tried: 44/44 T: 0.00 T-out: N T-r: 81.72%
c [full-probe]  bin_only: 0 set: 0 repl: 0 T: 0.01 T-out: N T-r: 98.52%
c [distill-bin] useful: 0/3088/3088 lits-rem: 0 cl-rem: 0 0-depth-assigns: 0 T: 0.01 T-out: N
c [distill] watch-based irred--  cl tried 38962    cl-sh 0     cl-rem 0    lit-rem 0      T: 0.07 T-out: N
c [distill] watch-based red  --  cl tried 30230    cl-sh 0     cl-rem 0    lit-rem 0      T: 0.05 T-out: N
c [ccnr] tries: 0 steps: 262143 best found: 4
c [ccnr] saving best assignment phase to stable_polar
c [ccnr] bumping based on clause weights
c [ccnr] Bumped vars: 104 bump type: 6
c [ccnr] time: 0.31
c rst  geom stb  vs   3142  3968K 3198      25K  3088 6.71    6.20    15130   231   32K   254 26.27   26.14  
c [branch] adjusting to: vmtf (from: vsid) var_decay:0.95 descr: VMTF
c [distill-long-red0] cls tried: 8/8 T: 0.00 T-out: N T-r: 99.99%
c [distill-long-red1] cls tried: 46/46 T: 0.01 T-out: N T-r: 78.84%
c [full-probe]  bin_only: 1 set: 0 repl: 0 T: 0.01 T-out: N T-r: 99.84%
c [distill-bin] useful: 0/3088/3088 lits-rem: 0 cl-rem: 0 0-depth-assigns: 0 T: 0.02 T-out: N
c [distill] watch-based irred--  cl tried 38962    cl-sh 0     cl-rem 0    lit-rem 0      T: 0.06 T-out: N
c [distill] watch-based red  --  cl tried 30260    cl-sh 0     cl-rem 0    lit-rem 0      T: 0.05 T-out: N
c [impl-str] lit bin: 0 set-var: 0 T: 0.00 T-out: N T-r: 99.98% w-visit: 6404
c [impl-sub] bin: 0 T: 0.00 T-out: N w-visit: 6404
c [gauss] XOR-encoding clauses are not detached, so no need to reattach them.
c [g 0] truth-find prop checks  : 2401K
c [g 0] -> of which prop        : 34.32 %
c [g 0] -> of which confl       :  0.89 %
c [g 0] elim called             : 186K
c [g 0] ---> which lead to prop : 173.82 %
c [g 0] ---> which lead to confl:  4.56 %
c [g 0] size: 79    x 162  
c [scc] new: 0 BP 0M T: 0.00
c [vrep] vars 0 lits 0 rem-bin-cls 0 rem-long-cls 0 BP 0M T: 0.01
c [intree] Set 0 vars hyper-added: 0 trans-irred: 0 trans-red: 0 T: 0.01 T-out: N T-r: -0.33%
c [find&init matx] performing matrix init
c [gauss] XOR-encoding clauses are not detached, so no need to reattach them.
c [xor-rem-unconnected] left with 238 xors from 238 non-empty xors T: 0.00
c [xor-together] xored together: 159 orig xors: 238 new xors: 79 T: 0.00
c [xor-rem-unconnected] left with 79 xors from 79 non-empty xors T: 0.00
c [xor-clean-equiv] removed equivalent xors: 0 left with: 79
c [matrix] unused xors from cleaning: 0
c [matrix] Good   matrix 0 79      x162    density:0.0751  xorlen avg: 12.16
c [matrix] Using 1 matrices recovered from 0 xors T: 0.00 T-out: N
c rst  luby ibes vmt  3143  3968K 3198      25K  3088 6.71    6.20    15130   234   32K   254 26.32   26.19  
c rst  luby ibes vmt  3144  3968K 3198      25K  3088 6.71    6.20    15130   235   33K   254 26.35   26.22  
c rst  luby ibes vmt  3145  3968K 3198      25K  3088 6.71    6.20    15131   238   33K   254 26.39   26.26  
c rst  luby ibes vmt  3146  3968K 3198      25K  3088 6.71    6.20    15131   238   33K   254 26.41   26.29  
c rst  luby ibes vmt  3147  3969K 3198      25K  3088 6.71    6.20    15131   241   33K   254 26.45   26.32  
c rst  luby ibes vmt  3148  3969K 3198      25K  3088 6.71    6.20    15131   242   33K   254 26.48   26.35  
c rst  luby ibes vmt  3149  3969K 3198      25K  3088 6.71    6.20    15131   244   34K   254 26.59   26.47  
c rst  luby ibes vmt  3150  3969K 3198      25K  3088 6.71    6.20    15131   244   34K   254 26.62   26.50  
c rst  luby ibes vmt  3151  3969K 3198      25K  3088 6.71    6.20    15131   245   34K   254 26.66   26.53  
c rst  luby ibes vmt  3152  3970K 3198      25K  3088 6.71    6.20    15133   249   34K   254 26.70   26.58  
c rst  luby ibes vmt  3153  3970K 3198      25K  3088 6.71    6.20    15133   249   34K   254 26.74   26.61  
c rst  luby ibes vmt  3154  3970K 3198      25K  3088 6.71    6.20    15133   252   34K   254 26.76   26.64  
c rst  luby ibes vmt  3155  3970K 3198      25K  3088 6.71    6.20    15148   208   34K   254 26.88   26.75  
c rst  luby ibes vmt  3156  3970K 3198      25K  3088 6.71    6.20    15148   208   35K   254 26.99   26.87  
c rst  luby ibes vmt  3157  3971K 3198      25K  3088 6.71    6.20    15148   220   36K   254 27.16   27.04  
c rst  luby ibes vmt  3158  3971K 3198      25K  3088 6.71    6.20    15148   220   36K   254 27.19   27.06  
c rst  luby ibes vmt  3159  3971K 3198      25K  3088 6.71    6.20    15148   221   36K   254 27.20   27.08  
c rst  luby ibes vmt  3160  3972K 3198      25K  3088 6.71    6.20    15148   224   36K   254 27.24   27.12  
c rst  luby ibes vmt  3161  3972K 3198      25K  3088 6.71    6.20    15148   224   36K   254 27.28   27.16  
c rst  luby ibes vmt  3162  3972K 3198      25K  3088 6.71    6.20    15148   225   36K   254 27.30   27.18  
c rst  luby ibes vmt  3163  3972K 3198      25K  3088 6.71    6.20    15148   230   36K   254 27.33   27.21  
c rst  luby ibes vmt  3164  3972K 3198      25K  3088 6.71    6.20    15148   233   37K   254 27.44   27.31  
c rst  luby ibes vmt  3165  3972K 3198      25K  3088 6.71    6.20    15148   233   37K   254 27.46   27.34  
c rst  luby ibes vmt  3166  3973K 3198      25K  3088 6.71    6.20    15148   234   37K   254 27.49   27.37  
c rst  luby ibes vmt  3167  3973K 3198      25K  3088 6.71    6.20    15148   235   37K   254 27.55   27.43  
c rst  luby ibes vmt  3168  3973K 3198      25K  3088 6.71    6.20    15149   237   37K   254 27.57   27.44  
c rst  luby ibes vmt  3169  3973K 3198      25K  3088 6.71    6.20    15149   238   37K   254 27.58   27.46  
c rst  luby ibes vmt  3170  3973K 3198      25K  3088 6.71    6.20    15149   240   38K   254 27.63   27.51  
c rst  luby ibes vmt  3171  3974K 3198      25K  3088 6.71    6.20    15149   241   38K   254 27.74   27.61  
c rst  luby ibes vmt  3172  3974K 3198      25K  3088 6.71    6.20    15149   243   39K   254 27.90   27.78  
c rst  luby ibes vmt  3173  3976K 3198      25K  3088 6.71    6.20    15159   325   26K   254 25.51   25.37  
c rst  luby ibes vmt  3174  3976K 3198      25K  3088 6.71    6.20    15159   327   26K   254 25.54   25.40  
c rst  luby ibes vmt  3175  3976K 3198      25K  3088 6.71    6.20    15159   328   26K   254 25.57   25.43  
c rst  luby ibes vmt  3176  3976K 3198      25K  3088 6.71    6.20    15159   330   26K   254 25.67   25.53  
c rst  luby ibes vmt  3177  3976K 3198      25K  3088 6.71    6.20    15159   330   26K   254 25.72   25.58  
c rst  luby ibes vmt  3178  3977K 3198      25K  3088 6.71    6.20    15159   330   27K   254 25.77   25.63  
c rst  luby ibes vmt  3179  3977K 3198      25K  3088 6.71    6.20    15160   333   27K   254 25.86   25.72  
c rst  luby ibes vmt  3180  3977K 3198      25K  3088 6.71    6.20    15160   333   27K   254 26.04   25.90  
c rst  luby ibes vmt  3181  3977K 3198      25K  3088 6.71    6.20    15160   335   27K   254 26.08   25.94  
c rst  luby ibes vmt  3182  3977K 3198      25K  3088 6.71    6.20    15160   337   27K   254 26.09   25.95  
c rst  luby ibes vmt  3183  3978K 3198      25K  3088 6.71    6.20    15160   337   28K   254 26.16   26.02  
c rst  luby ibes vmt  3184  3978K 3198      25K  3088 6.71    6.20    15160   337   28K   254 26.20   26.06  
c rst  luby ibes vmt  3185  3978K 3198      25K  3088 6.71    6.20    15160   338   28K   254 26.24   26.10  
c rst  luby ibes vmt  3186  3978K 3198      25K  3088 6.71    6.20    15160   339   28K   254 26.31   26.17  
c rst  luby ibes vmt  3187  3978K 3198      25K  3088 6.71    6.20    15160   346   28K   254 26.50   26.36  
c rst  luby ibes vmt  3188  3979K 3198      25K  3088 6.71    6.20    15161   359   29K   254 26.89   26.75  
c rst  luby ibes vmt  3189  3979K 3198      25K  3088 6.71    6.20    15161   362   29K   254 26.91   26.78  
c rst  luby ibes vmt  3190  3979K 3198      25K  3088 6.71    6.20    15161   363   29K   254 26.96   26.82  
c rst  luby ibes vmt  3191  3980K 3198      25K  3088 6.71    6.20    15161   365   30K   254 27.02   26.88  
c [ccnr] tries: 0 steps: 262143 best found: 2
c [ccnr] saving best assignment phase to stable_polar
c [ccnr] bumping based on var unsat frequency: conflict_ct
c [ccnr] Bumped vars: 3202 bump type: 6
c [ccnr] time: 0.32
c rst  luby ibes vmt  3192  3980K 3198      25K  3088 6.71    6.20    15162   369   30K   254 27.03   26.89  
c rst  luby ibes vmt  3193  3980K 3198      25K  3088 6.71    6.20    15162   373   30K   254 27.07   26.93  
c rst  luby ibes vmt  3194  3980K 3198      25K  3088 6.71    6.20    15198   278   30K   254 27.10   26.97  
c rst  luby ibes vmt  3195  3980K 3198      25K  3088 6.71    6.20    15198   279   30K   254 27.24   27.10  
c rst  luby ibes vmt  3196  3981K 3198      25K  3088 6.71    6.20    15198   279   31K   254 27.28   27.14  
c rst  luby ibes vmt  3197  3981K 3198      25K  3088 6.71    6.20    15199   281   31K   254 27.30   27.16  
c rst  luby ibes vmt  3198  3981K 3198      25K  3088 6.71    6.20    15200   285   31K   254 27.37   27.23  
c rst  luby ibes vmt  3199  3981K 3198      25K  3088 6.71    6.20    15200   286   31K   254 27.42   27.28  
c rst  luby ibes vmt  3200  3981K 3198      25K  3088 6.71    6.20    15200   288   31K   254 27.45   27.31  
c rst  luby ibes vmt  3201  3981K 3198      25K  3088 6.71    6.20    15200   289   31K   254 27.51   27.37  
c rst  luby ibes vmt  3202  3982K 3198      25K  3088 6.71    6.20    15200   289   32K   254 27.62   27.48  
c rst  luby ibes vmt  3203  3982K 3198      25K  3088 6.71    6.20    15200   302   32K   254 27.79   27.65  
c rst  luby ibes vmt  3204  3984K 3198      25K  3088 6.71    6.20    15201   310   34K   254 28.19   28.06  
c [distill-long-red0] cls tried: 49/49 T: 0.01 T-out: N T-r: 99.95%
c [distill-long-red1] cls tried: 199/199 T: 0.02 T-out: N T-r: 13.61%
c rst  luby ibes vmt  3205  3987K 3198      25K  3088 6.71    6.20    15202   313   37K   254 29.09   28.96  
c rst  luby ibes vmt  3206  3987K 3198      25K  3088 6.71    6.20    15202   315   37K   254 29.11   28.98  
c rst  luby ibes vmt  3207  3987K 3198      25K  3088 6.71    6.20    15202   318   37K   254 29.14   29.01  
c rst  luby ibes vmt  3208  3988K 3198      25K  3088 6.71    6.20    15202   322   38K   254 29.17   29.04  
c rst  luby ibes vmt  3209  3988K 3198      25K  3088 6.71    6.20    15202   322   38K   254 29.20   29.07  
c rst  luby ibes vmt  3210  3988K 3198      25K  3088 6.71    6.20    15202   325   38K   254 29.20   29.08  
c rst  luby ibes vmt  3211  3988K 3198      25K  3088 6.71    6.20    15202   325   38K   254 29.27   29.14  
c [full-probe]  bin_only: 0 set: 0 repl: 0 T: 0.01 T-out: N T-r: 98.86%
c [distill-bin] useful: 0/3088/3088 lits-rem: 0 cl-rem: 0 0-depth-assigns: 0 T: 0.01 T-out: N
c rst  luby ibes vmt  3212  3988K 3198      25K  3088 6.71    6.20    15202   325   38K   254 29.36   29.23  
c rst  luby ibes vmt  3213  3989K 3198      25K  3088 6.71    6.20    15202   325   39K   254 29.39   29.26  
c rst  luby ibes vmt  3214  3989K 3198      25K  3088 6.71    6.20    15202   325   39K   254 29.41   29.28  
c rst  luby ibes vmt  3215  3989K 3198      25K  3088 6.71    6.20    15202   325   39K   254 29.46   29.33  
c rst  luby ibes vmt  3216  3989K 3198      25K  3088 6.71    6.20    15202   326   39K   254 29.47   29.35  
c rst  luby ibes vmt  3217  3989K 3198      25K  3088 6.71    6.20    15202   326   39K   254 29.50   29.38  
c rst  luby ibes vmt  3218  3989K 3198      25K  3088 6.71    6.20    15202   332   39K   254 29.52   29.39  
c rst  luby ibes vmt  3219  3990K 3198      25K  3088 6.71    6.20    15202   334   40K   254 29.56   29.43  
c rst  luby ibes vmt  3220  3990K 3198      25K  3088 6.71    6.20    15246   488   22K   254 27.31   27.14  
c rst  luby ibes vmt  3221  3991K 3198      25K  3088 6.71    6.20    15246   488   22K   254 27.34   27.17  
c rst  luby ibes vmt  3222  3991K 3198      25K  3088 6.71    6.20    15246   488   22K   254 27.37   27.20  
c rst  luby ibes vmt  3223  3991K 3198      25K  3088 6.71    6.20    15246   488   23K   254 27.43   27.26  
c rst  luby ibes vmt  3224  3991K 3198      25K  3088 6.71    6.20    15246   488   23K   254 27.45   27.29  
c rst  luby ibes vmt  3225  3991K 3198      25K  3088 6.71    6.20    15246   488   23K   254 27.51   27.35  
c rst  luby ibes vmt  3226  3991K 3198      25K  3088 6.71    6.20    15246   488   23K   254 27.58   27.41  
c rst  luby ibes vmt  3227  3992K 3198      25K  3088 6.71    6.20    15247   489   23K   254 27.70   27.54  
c rst  luby ibes vmt  3228  3992K 3198      25K  3088 6.71    6.20    15247   490   23K   254 27.74   27.58  
c rst  luby ibes vmt  3229  3992K 3198      25K  3088 6.71    6.20    15247   491   24K   254 27.77   27.61  
c rst  luby ibes vmt  3230  3992K 3198      25K  3088 6.71    6.20    15247   492   24K   254 27.85   27.68  
c rst  luby ibes vmt  3231  3992K 3198      25K  3088 6.71    6.20    15247   492   24K   254 27.87   27.71  
c rst  luby ibes vmt  3232  3992K 3198      25K  3088 6.71    6.20    15247   493   24K   254 27.90   27.74  
c rst  luby ibes vmt  3233  3992K 3198      25K  3088 6.71    6.20    15247   493   24K   254 27.93   27.77  
c rst  luby ibes vmt  3234  3993K 3198      25K  3088 6.71    6.20    15247   496   25K   254 28.00   27.84  
c rst  luby ibes vmt  3235  3994K 3198      25K  3088 6.71    6.20    15247   508   25K   254 28.34   28.18  
c [distill] watch-based irred--  cl tried 38962    cl-sh 0     cl-rem 0    lit-rem 0      T: 0.06 T-out: N
c [distill] watch-based red  --  cl tried 30494    cl-sh 2     cl-rem 0    lit-rem 2      T: 0.05 T-out: N
c rst  luby ibes vmt  3236  3995K 3198      25K  3088 6.71    6.20    15249   512   27K   254 28.96   28.80  
c rst  luby ibes vmt  3237  3995K 3198      25K  3088 6.71    6.20    15249   512   27K   254 28.99   28.84  
c rst  luby ibes vmt  3238  3995K 3198      25K  3088 6.71    6.20    15249   512   27K   254 29.02   28.87  
c rst  luby ibes vmt  3239  3996K 3198      25K  3088 6.71    6.20    15249   513   27K   254 29.07   28.91  
c rst  luby ibes vmt  3240  3996K 3198      25K  3088 6.71    6.20    15249   513   27K   254 29.10   28.95  
c rst  luby ibes vmt  3241  3996K 3198      25K  3088 6.71    6.20    15249   515   28K   254 29.13   28.97  
c rst  luby ibes vmt  3242  3996K 3198      25K  3088 6.71    6.20    15249   519   28K   254 29.20   29.04  
c rst  luby ibes vmt  3243  3997K 3198      25K  3088 6.71    6.20    15249   525   28K   254 29.32   29.16  
c rst  luby ibes vmt  3244  3997K 3198      25K  3088 6.71    6.20    15249   526   28K   254 29.34   29.19  
c rst  luby ibes vmt  3245  3997K 3198      25K  3088 6.71    6.20    15249   527   28K   254 29.36   29.21  
c rst  luby ibes vmt  3246  3997K 3198      25K  3088 6.71    6.20    15249   527   29K   254 29.44   29.28  
c rst  luby ibes vmt  3247  3997K 3198      25K  3088 6.71    6.20    15249   527   29K   254 29.46   29.31  
c rst  luby ibes vmt  3248  3997K 3198      25K  3088 6.71    6.20    15249   528   29K   254 29.49   29.34  
c rst  luby ibes vmt  3249  3997K 3198      25K  3088 6.71    6.20    15249   529   29K   254 29.55   29.39  
c rst  luby ibes vmt  3250  3998K 3198      25K  3088 6.71    6.20    15249   530   29K   254 29.64   29.49  
c rst  luby ibes vmt  3251  3999K 3198      25K  3088 6.71    6.20    15249   532   30K   254 29.85   29.70  
c rst  luby ibes vmt  3252  3999K 3198      25K  3088 6.71    6.20    15249   534   30K   254 29.87   29.72  
c rst  luby ibes vmt  3253  3999K 3198      25K  3088 6.71    6.20    15249   534   30K   254 29.89   29.74  
c rst  luby ibes vmt  3254  3999K 3198      25K  3088 6.71    6.20    15249   534   31K   254 29.95   29.80  
c rst  luby ibes vmt  3255  3999K 3198      25K  3088 6.71    6.20    15249   534   31K   254 29.98   29.83  
c rst  luby ibes vmt  3256  3999K 3198      25K  3088 6.71    6.20    15249   534   31K   254 30.01   29.86  
c [distill-long-red0] cls tried: 15/15 T: 0.00 T-out: N T-r: 99.98%
c [distill-long-red1] cls tried: 212/245 T: 0.03 T-out: Y T-r: -0.62%
c rst  luby ibes vmt  3257  3999K 3198      25K  3088 6.71    6.20    15249   536   31K   254 30.06   29.91  
c rst  luby ibes vmt  3258  4000K 3198      25K  3088 6.71    6.20    15249   536   31K   254 30.19   30.04  
c rst  luby ibes vmt  3259  4000K 3198      25K  3088 6.71    6.20    15249   537   31K   254 30.22   30.07  
c rst  luby ibes vmt  3260  4000K 3198      25K  3088 6.71    6.20    15288   483   32K   254 30.25   30.10  
c rst  luby ibes vmt  3261  4000K 3198      25K  3088 6.71    6.20    15288   486   32K   254 30.33   30.18  
c rst  luby ibes vmt  3262  4000K 3198      25K  3088 6.71    6.20    15288   489   32K   254 30.36   30.21  
c rst  luby ibes vmt  3263  4000K 3198      25K  3088 6.71    6.20    15288   489   32K   254 30.40   30.25  
c rst  luby ibes vmt  3264  4001K 3198      25K  3088 6.71    6.20    15288   491   32K   254 30.44   30.29  
c rst  luby ibes vmt  3265  4001K 3198      25K  3088 6.71    6.20    15288   491   33K   254 30.52   30.37  
c rst  luby ibes vmt  3266  4002K 3198      25K  3088 6.71    6.20    15288   502   33K   254 30.70   30.56  
c rst  luby ibes vmt  3267  4003K 3198      25K  3088 6.71    6.20    15289   551   35K   254 30.97   30.83  
c rst  luby ibes vmt  3268  4007K 3198      25K  3088 6.71    6.20    15307   772   22K   254 27.12   26.95  
c rst  luby ibes vmt  3269  4013K 3198      25K  3088 6.71    6.20    15385   699   28K   254 28.91   28.76  
c [full-probe]  bin_only: 1 set: 0 repl: 0 T: 0.01 T-out: N T-r: 99.86%
c [distill-bin] useful: 0/3088/3088 lits-rem: 0 cl-rem: 0 0-depth-assigns: 0 T: 0.01 T-out: N
c rst  luby svd  vmt  3270  4013K 3198      25K  3088 6.71    6.20    15385   700   28K   254 28.96   28.80  
c rst  luby svd  vmt  3271  4013K 3198      25K  3088 6.71    6.20    15385   700   28K   254 29.01   28.86  
c rst  luby svd  vmt  3272  4013K 3198      25K  3088 6.71    6.20    15385   703   29K   254 29.06   28.91  
c rst  luby svd  vmt  3273  4013K 3198      25K  3088 6.71    6.20    15385   704   29K   254 29.09   28.93  
c rst  luby svd  vmt  3274  4014K 3198      25K  3088 6.71    6.20    15385   704   29K   254 29.12   28.97  
c rst  luby svd  vmt  3275  4014K 3198      25K  3088 6.71    6.20    15385   706   29K   254 29.19   29.04  
c rst  luby svd  vmt  3276  4014K 3198      25K  3088 6.71    6.20    15385   708   29K   254 29.32   29.17  
c [distill-long-red0] cls tried: 81/81 T: 0.01 T-out: N T-r: 99.92%
c [distill-long-red1] cls tried: 230/287 T: 0.03 T-out: Y T-r: -0.24%
c rst  luby svd  vmt  3277  4014K 3198      25K  3088 6.71    6.20    15386   708   30K   254 29.35   29.20  
c rst  luby svd  vmt  3278  4014K 3198      25K  3088 6.71    6.20    15386   708   30K   254 29.38   29.23  
c rst  luby svd  vmt  3279  4015K 3198      25K  3088 6.71    6.20    15386   709   30K   254 29.45   29.30  
c rst  luby svd  vmt  3280  4015K 3198      25K  3088 6.71    6.20    15386   713   30K   254 29.47   29.32  
c rst  luby svd  vmt  3281  4015K 3198      25K  3088 6.71    6.20    15386   713   30K   254 29.50   29.35  
c rst  luby svd  vmt  3282  4015K 3198      25K  3088 6.71    6.20    15386   717   30K   254 29.56   29.41  
c rst  luby svd  vmt  3283  4015K 3198      25K  3088 6.71    6.20    15387   721   31K   254 29.72   29.57  
c rst  luby svd  vmt  3284  4016K 3198      25K  3088 6.71    6.20    15387   722   31K   254 29.95   29.80  
c rst  luby svd  vmt  3285  4016K 3198      25K  3088 6.71    6.20    15387   723   32K   254 29.97   29.83  
c rst  luby svd  vmt  3286  4016K 3198      25K  3088 6.71    6.20    15387   724   32K   254 30.00   29.85  
c rst  luby svd  vmt  3287  4017K 3198      25K  3088 6.71    6.20    15387   725   32K   254 30.03   29.88  
c rst  luby svd  vmt  3288  4017K 3198      25K  3088 6.71    6.20    15387   727   32K   254 30.07   29.92  
c rst  luby svd  vmt  3289  4017K 3198      25K  3088 6.71    6.20    15387   727   32K   254 30.11   29.96  
c rst  luby svd  vmt  3290  4017K 3198      25K  3088 6.71    6.20    15387   727   32K   254 30.17   30.03  
c rst  luby svd  vmt  3291  4017K 3198      25K  3088 6.71    6.20    15387   730   33K   254 30.28   30.13  
c rst  luby svd  vmt  3292  4017K 3198      25K  3088 6.71    6.20    15387   730   33K   254 30.31   30.16  
c rst  luby svd  vmt  3293  4018K 3198      25K  3088 6.71    6.20    15387   731   33K   254 30.33   30.19  
c rst  luby svd  vmt  3294  4018K 3198      25K  3088 6.71    6.20    15387   732   33K   254 30.37   30.22  
c rst  luby svd  vmt  3295  4018K 3198      25K  3088 6.71    6.20    15387   734   33K   254 30.38   30.24  
c rst  luby svd  vmt  3296  4018K 3198      25K  3088 6.71    6.20    15387   734   33K   254 30.41   30.26  
c rst  luby svd  vmt  3297  4018K 3198      25K  3088 6.71    6.20    15387   734   33K   254 30.48   30.34  
c rst  luby svd  vmt  3298  4019K 3198      25K  3088 6.71    6.20    15387   735   34K   254 30.60   30.45  
c rst  luby svd  vmt  3299  4019K 3198      25K  3088 6.71    6.20    15387   745   35K   254 30.75   30.61  
c [distill] watch-based irred--  cl tried 38962    cl-sh 0     cl-rem 0    lit-rem 0      T: 0.06 T-out: N
c [distill] watch-based red  --  cl tried 27193    cl-sh 0     cl-rem 0    lit-rem 0      T: 0.06 T-out: Y
c rst  luby svd  vmt  3300  4021K 3198      25K  3088 6.71    6.20    15433   841   20K   254 26.11   25.94  
c rst  luby svd  vmt  3301  4021K 3198      25K  3088 6.71    6.20    15433   841   20K   254 26.17   26.00  
c rst  luby svd  vmt  3302  4021K 3198      25K  3088 6.71    6.20    15433   841   20K   254 26.22   26.06  
c rst  luby svd  vmt  3303  4021K 3198      25K  3088 6.71    6.20    15433   844   20K   254 26.29   26.13  
c rst  luby svd  vmt  3304  4022K 3198      25K  3088 6.71    6.20    15433   844   21K   254 26.32   26.15  
c rst  luby svd  vmt  3305  4022K 3198      25K  3088 6.71    6.20    15433   844   21K   254 26.35   26.18  
c rst  luby svd  vmt  3306  4022K 3198      25K  3088 6.71    6.20    15433   844   21K   254 26.40   26.23  
c rst  luby svd  vmt  3307  4022K 3198      25K  3088 6.71    6.20    15433   847   21K   254 26.52   26.36  
c rst  luby svd  vmt  3308  4022K 3198      25K  3088 6.71    6.20    15433   847   21K   254 26.57   26.41  
c rst  luby svd  vmt  3309  4022K 3198      25K  3088 6.71    6.20    15433   848   21K   254 26.62   26.45  
c rst  luby svd  vmt  3310  4023K 3198      25K  3088 6.71    6.20    15433   849   22K   254 26.68   26.52  
c rst  luby svd  vmt  3311  4023K 3198      25K  3088 6.71    6.20    15433   850   22K   254 26.72   26.56  
c rst  luby svd  vmt  3312  4023K 3198      25K  3088 6.71    6.20    15433   851   22K   254 26.76   26.60  
c rst  luby svd  vmt  3313  4023K 3198      25K  3088 6.71    6.20    15433   851   22K   254 26.84   26.67  
c rst  luby svd  vmt  3314  4023K 3198      25K  3088 6.71    6.20    15433   855   22K   254 27.02   26.86  
c rst  luby svd  vmt  3315  4024K 3198      25K  3088 6.71    6.20    15433   856   23K   254 27.34   27.18  
c [ccnr] tries: 0 steps: 262143 best found: 3
c [ccnr] saving best assignment phase to stable_polar
c [ccnr] bumping based on var unsat frequency: conflict_ct
c [ccnr] Bumped vars: 3202 bump type: 6
c [ccnr] time: 0.32
c rst  luby svd  vmt  3316  4024K 3198      25K  3088 6.71    6.20    15433   881   23K   254 27.32   27.16  
c rst  luby svd  vmt  3317  4024K 3198      25K  3088 6.71    6.20    15433   885   23K   254 27.34   27.18  
c rst  luby svd  vmt  3318  4025K 3198      25K  3088 6.71    6.20    15433   891   24K   254 27.43   27.27  
c rst  luby svd  vmt  3319  4025K 3198      25K  3088 6.71    6.20    15433   892   24K   254 27.48   27.32  
c rst  luby svd  vmt  3320  4025K 3198      25K  3088 6.71    6.20    15433   894   24K   254 27.51   27.35  
c rst  luby svd  vmt  3321  4025K 3198      25K  3088 6.71    6.20    15433   901   24K   254 27.59   27.43  
c rst  luby svd  vmt  3322  4025K 3198      25K  3088 6.71    6.20    15433   909   24K   254 27.74   27.58  
c rst  luby svd  vmt  3323  4026K 3198      25K  3088 6.71    6.20    15433   910   24K   254 27.78   27.62  
c rst  luby svd  vmt  3324  4026K 3198      25K  3088 6.71    6.20    15433   910   25K   254 27.81   27.66  
c rst  luby svd  vmt  3325  4026K 3198      25K  3088 6.71    6.20    15433   910   25K   254 27.90   27.74  
c rst  luby svd  vmt  3326  4026K 3198      25K  3088 6.71    6.20    15433   910   25K   254 27.94   27.79  
c rst  luby svd  vmt  3327  4026K 3198      25K  3088 6.71    6.20    15433   911   25K   254 27.97   27.81  
c rst  luby svd  vmt  3328  4026K 3198      25K  3088 6.71    6.20    15433   912   25K   254 28.06   27.90  
c rst  luby svd  vmt  3329  4027K 3198      25K  3088 6.71    6.20    15433   914   26K   254 28.18   28.02  
c rst  luby svd  vmt  3330  4027K 3198      25K  3088 6.71    6.20    15433   922   26K   254 28.50   28.35  
c rst  luby svd  vmt  3331  4029K 3198      25K  3088 6.71    6.20    15433   932   28K   254 28.94   28.79  
c [impl-str] lit bin: 0 set-var: 0 T: 0.00 T-out: N T-r: 99.98% w-visit: 6404
c [impl-sub] bin: 0 T: 0.00 T-out: N w-visit: 6404
c rst  luby svd  vmt  3332  4032K 3198      25K  3088 6.71    6.20    15479   902   31K   254 29.81   29.66  
c [distill-long-red0] cls tried: 63/63 T: 0.01 T-out: N T-r: 99.93%
c [distill-long-red1] cls tried: 255/286 T: 0.03 T-out: Y T-r: -0.47%
c rst  luby svd  vmt  3333  4032K 3198      25K  3088 6.71    6.20    15479   902   31K   254 29.83   29.68  
c rst  luby svd  vmt  3334  4032K 3198      25K  3088 6.71    6.20    15479   902   31K   254 29.85   29.70  
c rst  luby svd  vmt  3335  4033K 3198      25K  3088 6.71    6.20    15479   902   32K   254 29.89   29.74  
c rst  luby svd  vmt  3336  4033K 3198      25K  3088 6.71    6.20    15479   902   32K   254 29.91   29.76  
c rst  luby svd  vmt  3337  4033K 3198      25K  3088 6.71    6.20    15479   902   32K   254 29.93   29.79  
c rst  luby svd  vmt  3338  4033K 3198      25K  3088 6.71    6.20    15479   904   32K   254 30.00   29.85  
c [full-probe]  bin_only: 0 set: 0 repl: 0 T: 0.01 T-out: N T-r: 98.70%
c [distill-bin] useful: 0/3088/3088 lits-rem: 0 cl-rem: 0 0-depth-assigns: 0 T: 0.01 T-out: N
c [gauss] XOR-encoding clauses are not detached, so no need to reattach them.
c [g 0] truth-find prop checks  : 1615K
c [g 0] -> of which prop        : 49.16 %
c [g 0] -> of which confl       :  0.87 %
c [g 0] elim called             : 91K
c [g 0] ---> which lead to prop : 256.03 %
c [g 0] ---> which lead to confl:  5.33 %
c [g 0] size: 79    x 162  
c [scc] new: 0 BP 0M T: 0.00
c [vrep] vars 0 lits 0 rem-bin-cls 0 rem-long-cls 0 BP 0M T: 0.01
c [intree] Set 0 vars hyper-added: 12 trans-irred: 0 trans-red: 2 T: 0.01 T-out: N T-r: -0.45%
c [find&init matx] performing matrix init
c [gauss] XOR-encoding clauses are not detached, so no need to reattach them.
c [xor-rem-unconnected] left with 238 xors from 238 non-empty xors T: 0.00
c [xor-together] xored together: 159 orig xors: 238 new xors: 79 T: 0.00
c [xor-rem-unconnected] left with 79 xors from 79 non-empty xors T: 0.00
c [xor-clean-equiv] removed equivalent xors: 0 left with: 79
c [matrix] unused xors from cleaning: 0
c [matrix] Good   matrix 0 79      x162    density:0.0751  xorlen avg: 12.16
c [matrix] Using 1 matrices recovered from 0 xors T: 0.00 T-out: N
c rst  luby svd  vmt  3339  4033K 3198      25K  3088 6.71    6.20    15479   904   32K   264 30.12   29.97  
c rst  luby svd  vmt  3340  4034K 3198      25K  3088 6.71    6.20    15479   906   32K   264 30.14   29.99  
c rst  luby svd  vmt  3341  4034K 3198      25K  3088 6.71    6.20    15480   907   33K   264 30.17   30.02  
c rst  luby svd  vmt  3342  4034K 3198      25K  3088 6.71    6.20    15480   907   33K   264 30.22   30.07  
c rst  luby svd  vmt  3343  4034K 3198      25K  3088 6.71    6.20    15480   907   33K   264 30.25   30.10  
c rst  luby svd  vmt  3344  4034K 3198      25K  3088 6.71    6.20    15480   907   33K   264 30.27   30.12  
c rst  luby svd  vmt  3345  4034K 3198      25K  3088 6.71    6.20    15480   907   33K   264 30.32   30.17  
c rst  luby svd  vmt  3346  4035K 3198      25K  3088 6.71    6.20    15480   907   34K   264 30.44   30.30  
c rst  luby svd  vmt  3347  4035K 3198      25K  3088 6.71    6.20    15486  1053 19301   264 26.19   26.01  
c rst  luby svd  vmt  3348  4036K 3198      25K  3088 6.71    6.20    15486  1054 19402   264 26.25   26.07  
c rst  luby svd  vmt  3349  4036K 3198      25K  3088 6.71    6.20    15486  1059 19498   264 26.28   26.11  
c rst  luby svd  vmt  3350  4036K 3198      25K  3088 6.71    6.20    15486  1060 19699   264 26.39   26.21  
c rst  luby svd  vmt  3351  4036K 3198      25K  3088 6.71    6.20    15486  1060 19800   264 26.44   26.26  
c rst  luby svd  vmt  3352  4036K 3198      25K  3088 6.71    6.20    15486  1062 19900   264 26.48   26.31  
c rst  luby svd  vmt  3353  4036K 3198      25K  3088 6.71    6.20    15486  1062   20K   264 26.57   26.40  
c rst  luby svd  vmt  3354  4037K 3198      25K  3088 6.71    6.20    15486  1064   20K   264 26.73   26.56  
c rst  luby svd  vmt  3355  4037K 3198      25K  3088 6.71    6.20    15486  1065   20K   264 26.78   26.60  
c rst  luby svd  vmt  3356  4037K 3198      25K  3088 6.71    6.20    15486  1066   20K   264 26.83   26.65  
c rst  luby svd  vmt  3357  4037K 3198      25K  3088 6.71    6.20    15486  1069   20K   264 26.94   26.77  
c rst  luby svd  vmt  3358  4037K 3198      25K  3088 6.71    6.20    15486  1069   21K   264 27.00   26.82  
c rst  luby svd  vmt  3359  4037K 3198      25K  3088 6.71    6.20    15486  1069   21K   264 27.03   26.86  
c rst  luby svd  vmt  3360  4038K 3198      25K  3088 6.71    6.20    15486  1071   21K   264 27.10   26.93  
c rst  luby svd  vmt  3361  4038K 3198      25K  3088 6.71    6.20    15486  1075   21K   264 27.26   27.09  
c rst  luby svd  vmt  3362  4039K 3198      25K  3088 6.71    6.20    15486  1078   22K   264 27.60   27.43  
c rst  luby svd  vmt  3363  4040K 3198      25K  3088 6.71    6.20    15531  1014   24K   264 28.13   27.96  
c rst  luby svd  vmt  3364  4040K 3198      25K  3088 6.71    6.20    15531  1014   24K   264 28.17   28.01  
c rst  luby svd  vmt  3365  4041K 3198      25K  3088 6.71    6.20    15531  1018   24K   264 28.20   28.03  
c rst  luby svd  vmt  3366  4041K 3198      25K  3088 6.71    6.20    15531  1018   24K   264 28.29   28.13  
c rst  luby svd  vmt  3367  4041K 3198      25K  3088 6.71    6.20    15531  1018   24K   264 28.33   28.16  
c rst  luby svd  vmt  3368  4041K 3198      25K  3088 6.71    6.20    15531  1020   24K   264 28.34   28.18  
c rst  luby svd  vmt  3369  4041K 3198      25K  3088 6.71    6.20    15531  1025   24K   264 28.42   28.25  
c rst  luby svd  vmt  3370  4042K 3198      25K  3088 6.71    6.20    15531  1025   25K   264 28.53   28.36  
c rst  luby svd  vmt  3371  4042K 3198      25K  3088 6.71    6.20    15531  1025   25K   264 28.57   28.40  
c rst  luby svd  vmt  3372  4042K 3198      25K  3088 6.71    6.20    15531  1025   25K   264 28.61   28.44  
c rst  luby svd  vmt  3373  4042K 3198      25K  3088 6.71    6.20    15531  1026   25K   264 28.68   28.51  
c rst  luby svd  vmt  3374  4042K 3198      25K  3088 6.71    6.20    15531  1028   25K   264 28.71   28.54  
c rst  luby svd  vmt  3375  4042K 3198      25K  3088 6.71    6.20    15531  1029   25K   264 28.73   28.57  
c rst  luby svd  vmt  3376  4042K 3198      25K  3088 6.71    6.20    15531  1030   26K   264 28.78   28.61  
c rst  luby svd  vmt  3377  4043K 3198      25K  3088 6.71    6.20    15531  1037   26K   264 28.88   28.71  
c rst  luby svd  vmt  3378  4044K 3198      25K  3088 6.71    6.20    15532  1039   27K   264 29.14   28.98  
c rst  luby svd  vmt  3379  4044K 3198      25K  3088 6.71    6.20    15532  1039   27K   264 29.17   29.01  
c rst  luby svd  vmt  3380  4044K 3198      25K  3088 6.71    6.20    15532  1040   27K   264 29.21   29.05  
c rst  luby svd  vmt  3381  4044K 3198      25K  3088 6.71    6.20    15532  1042   27K   264 29.26   29.10  
c rst  luby svd  vmt  3382  4044K 3198      25K  3088 6.71    6.20    15532  1042   27K   264 29.31   29.15  
c rst  luby svd  vmt  3383  4044K 3198      25K  3088 6.71    6.20    15532  1043   27K   264 29.33   29.17  
c rst  luby svd  vmt  3384  4044K 3198      25K  3088 6.71    6.20    15532  1044   28K   264 29.41   29.25  
c rst  luby svd  vmt  3385  4045K 3198      25K  3088 6.71    6.20    15533  1045   28K   264 29.58   29.42  
c [distill] watch-based irred--  cl tried 38962    cl-sh 0     cl-rem 0    lit-rem 0      T: 0.06 T-out: N
c [distill] watch-based red  --  cl tried 30434    cl-sh 0     cl-rem 2    lit-rem 0      T: 0.05 T-out: Y
c rst  luby svd  vmt  3386  4045K 3198      25K  3088 6.71    6.20    15531  1045   28K   264 29.61   29.45  
c rst  luby svd  vmt  3387  4045K 3198      25K  3088 6.71    6.20    15531  1046   28K   264 29.64   29.48  
c rst  luby svd  vmt  3388  4045K 3198      25K  3088 6.71    6.20    15531  1046   28K   264 29.69   29.53  
c rst  luby svd  vmt  3389  4045K 3198      25K  3088 6.71    6.20    15531  1046   29K   264 29.72   29.56  
c rst  luby svd  vmt  3390  4045K 3198      25K  3088 6.71    6.20    15531  1046   29K   264 29.75   29.59  
c rst  luby svd  vmt  3391  4046K 3198      25K  3088 6.71    6.20    15531  1048   29K   264 29.78   29.62  
c rst  luby svd  vmt  3392  4046K 3198      25K  3088 6.71    6.20    15531  1050   29K   264 29.89   29.73  
c rst  luby svd  vmt  3393  4047K 3198      25K  3088 6.71    6.20    15531  1054   30K   264 30.05   29.89  
c rst  luby svd  vmt  3394  4048K 3198      25K  3088 6.71    6.20    15531  1064   32K   264 30.42   30.26  
c [distill-long-red0] cls tried: 27/27 T: 0.00 T-out: N T-r: 99.97%
c [distill-long-red1] cls tried: 247/247 T: 0.03 T-out: N T-r: 8.12%
c rst  luby svd  vmt  3395  4052K 3198      25K  3088 6.71    6.20    15594  1081   21K   264 26.53   26.36  
c rst  luby svd  vmt  3396  4058K 3198      25K  3088 6.71    6.20    15595  1101   28K   264 28.02   27.86  
c [full-probe]  bin_only: 1 set: 0 repl: 0 T: 0.01 T-out: N T-r: 99.84%
c [distill-bin] useful: 0/3088/3088 lits-rem: 0 cl-rem: 0 0-depth-assigns: 0 T: 0.02 T-out: N
c rst  luby svd  vmt  3397  4071K 3198      25K  3088 6.71    6.20    15633   964   28K   264 28.11   27.96  
c [distill-long-red0] cls tried: 32/32 T: 0.00 T-out: N T-r: 99.98%
c [distill-long-red1] cls tried: 242/242 T: 0.02 T-out: N T-r: 11.05%
c [distill] watch-based irred--  cl tried 38962    cl-sh 0     cl-rem 0    lit-rem 0      T: 0.06 T-out: N
c [distill] watch-based red  --  cl tried 31266    cl-sh 0     cl-rem 0    lit-rem 0      T: 0.05 T-out: N
c [ccnr] tries: 0 steps: 262143 best found: 4
c [ccnr] saving best assignment phase to stable_polar
c [ccnr] bumping based on clause weights
c [ccnr] Bumped vars: 105 bump type: 6
c [ccnr] time: 0.33
c rst  geom best vmt  3398  4071K 3198      25K  3088 6.71    6.20    15633   965   28K   264 28.16   28.00  
c rst  geom best vmt  3399  4071K 3198      25K  3088 6.71    6.20    15633   965   28K   264 28.17   28.02  
c rst  geom best vmt  3400  4071K 3198      25K  3088 6.71    6.20    15633   967   28K   264 28.23   28.08  
c rst  geom best vmt  3401  4071K 3198      25K  3088 6.71    6.20    15633   968   28K   264 28.24   28.09  
c rst  geom best vmt  3402  4071K 3198      25K  3088 6.71    6.20    15633   968   28K   264 28.26   28.11  
c rst  geom best vmt  3403  4072K 3198      25K  3088 6.71    6.20    15633   969   29K   264 28.30   28.15  
c rst  geom best vmt  3404  4072K 3198      25K  3088 6.71    6.20    15633   971   29K   264 28.33   28.18  
c rst  geom best vmt  3405  4072K 3198      25K  3088 6.71    6.20    15634   974   29K   264 28.36   28.21  
c rst  geom best vmt  3406  4072K 3198      25K  3088 6.71    6.20    15634   977   29K   264 28.38   28.23  
c rst  geom best vmt  3407  4073K 3198      25K  3088 6.71    6.20    15635  1006   30K   264 28.40   28.25  
c rst  geom best vmt  3408  4073K 3198      25K  3088 6.71    6.20    15637  1012   30K   264 28.45   28.31  
c rst  geom best vmt  3409  4073K 3198      25K  3088 6.71    6.20    15637  1032   30K   264 28.52   28.38  
c rst  geom best vmt  3410  4073K 3198      25K  3088 6.71    6.20    15637  1052   30K   264 28.60   28.46  
c rst  geom best vmt  3411  4074K 3198      25K  3088 6.71    6.20    15637  1054   31K   264 28.65   28.50  
c rst  geom best vmt  3412  4074K 3198      25K  3088 6.71    6.20    15637  1055   31K   264 28.79   28.65  
c rst  geom best vmt  3413  4075K 3198      25K  3088 6.71    6.20    15637  1057   32K   264 28.83   28.68  
c rst  geom best vmt  3414  4075K 3198      25K  3088 6.71    6.20    15638  1060   32K   264 28.87   28.73  
c rst  geom best vmt  3415  4076K 3198      25K  3088 6.71    6.20    15639  1061   33K   264 29.03   28.89  
c rst  geom best vmt  3416  4076K 3198      25K  3088 6.71    6.20    15639  1067   33K   264 29.22   29.08  
c rst  geom best vmt  3417  4077K 3198      25K  3088 6.71    6.20    15639  1073   34K   264 29.26   29.12  
c rst  geom best vmt  3418  4078K 3198      25K  3088 6.71    6.20    15640  1075   35K   264 29.35   29.21  
c rst  geom best vmt  3419  4079K 3198      25K  3088 6.71    6.20    15640  1082   35K   264 29.36   29.22  
c [full-probe]  bin_only: 0 set: 0 repl: 0 T: 0.01 T-out: N T-r: 98.74%
c [distill-bin] useful: 0/3088/3088 lits-rem: 0 cl-rem: 0 0-depth-assigns: 0 T: 0.01 T-out: N
c rst  geom best vmt  3420  4079K 3198      25K  3088 6.71    6.20    15642  1091   36K   264 29.41   29.28  
c rst  geom best vmt  3421  4080K 3198      25K  3088 6.71    6.20    15737  1013   25K   264 26.56   26.41  
c rst  geom best vmt  3422  4081K 3198      25K  3088 6.71    6.20    15737  1020   26K   264 26.69   26.55  
c rst  geom best vmt  3423  4083K 3198      25K  3088 6.71    6.20    15738  1031   28K   264 26.90   26.75  
c rst  geom best vmt  3424  4084K 3198      25K  3088 6.71    6.20    15738  1033   29K   264 27.14   26.99  
c rst  geom best vmt  3425  4085K 3198      25K  3088 6.71    6.20    15738  1037   30K   264 27.43   27.29  
c rst  geom best vmt  3426  4087K 3198      25K  3088 6.71    6.20    15738  1046   32K   264 27.59   27.46  
c [distill-long-red0] cls tried: 60/60 T: 0.01 T-out: N T-r: 99.93%
c [distill-long-red1] cls tried: 226/226 T: 0.03 T-out: N T-r: 2.06%
c rst  geom best vmt  3427  4088K 3198      25K  3088 6.71    6.20    15738  1054   33K   264 27.77   27.64  
c rst  geom best vmt  3428  4090K 3198      25K  3088 6.71    6.20    15786   919   35K   264 27.89   27.76  
c [impl-str] lit bin: 0 set-var: 0 T: 0.00 T-out: N T-r: 99.97% w-visit: 6404
c [impl-sub] bin: 0 T: 0.00 T-out: N w-visit: 6404
c rst  geom best vmt  3429  4092K 3198      25K  3088 6.71    6.20    15788   941   37K   264 28.07   27.95  
c rst  geom best vmt  3430  4095K 3198      25K  3088 6.71    6.20    15789   955   40K   264 28.62   28.50  
c rst  geom best vmt  3431  4097K 3198      25K  3088 6.71    6.20    15796  1080   33K   264 26.60   26.47  
c [distill] watch-based irred--  cl tried 37758    cl-sh 0     cl-rem 0    lit-rem 0      T: 0.07 T-out: Y
c [distill] watch-based red  --  cl tried 31168    cl-sh 0     cl-rem 0    lit-rem 0      T: 0.05 T-out: Y
c rst  geom best vmt  3432  4100K 3198      25K  3088 6.71    6.20    15796  1094   35K   264 27.09   26.97  
c [full-probe]  bin_only: 1 set: 0 repl: 0 T: 0.01 T-out: N T-r: 99.86%
c [distill-bin] useful: 0/3088/3088 lits-rem: 0 cl-rem: 0 0-depth-assigns: 0 T: 0.02 T-out: N
c [gauss] XOR-encoding clauses are not detached, so no need to reattach them.
c [g 0] truth-find prop checks  : 1787K
c [g 0] -> of which prop        : 36.38 %
c [g 0] -> of which confl       :  0.91 %
c [g 0] elim called             : 152K
c [g 0] ---> which lead to prop : 186.67 %
c [g 0] ---> which lead to confl:  4.24 %
c [g 0] size: 79    x 162  
c [scc] new: 0 BP 0M T: 0.00
c [vrep] vars 0 lits 0 rem-bin-cls 0 rem-long-cls 0 BP 0M T: 0.01
c [intree] Set 0 vars hyper-added: 0 trans-irred: 0 trans-red: 1 T: 0.01 T-out: N T-r: -0.41%
c [find&init matx] performing matrix init
c [gauss] XOR-encoding clauses are not detached, so no need to reattach them.
c [xor-rem-unconnected] left with 238 xors from 238 non-empty xors T: 0.00
c [xor-together] xored together: 159 orig xors: 238 new xors: 79 T: 0.00
c [xor-rem-unconnected] left with 79 xors from 79 non-empty xors T: 0.00
c [xor-clean-equiv] removed equivalent xors: 0 left with: 79
c [matrix] unused xors from cleaning: 0
c [matrix] Good   matrix 0 79      x162    density:0.0751  xorlen avg: 12.16
c [matrix] Using 1 matrices recovered from 0 xors T: 0.00 T-out: N
c rst  geom best vmt  3433  4103K 3198      25K  3088 6.71    6.20    15848   929   39K   263 27.87   27.75  
c [distill-long-red0] cls tried: 48/48 T: 0.01 T-out: N T-r: 99.96%
c [distill-long-red1] cls tried: 161/161 T: 0.02 T-out: N T-r: 28.85%
c rst  geom best vmt  3434  4106K 3198      25K  3088 6.71    6.20    15848   949   42K   263 28.46   28.35  
c rst  geom best vmt  3435  4110K 3198      25K  3088 6.71    6.20    15876  1409   32K   263 25.69   25.57  
c rst  geom best vmt  3436  4114K 3198      25K  3088 6.71    6.20    15987  1248   36K   263 26.65   26.53  
c recursive minimization cost OK: 3025Kcost/(% lits removed)
c [gauss] XOR-encoding clauses are not detached, so no need to reattach them.
c [g 0] truth-find prop checks  : 439K
c [g 0] -> of which prop        : 33.70 %
c [g 0] -> of which confl       :  0.72 %
c [g 0] elim called             : 33K
c [g 0] ---> which lead to prop : 177.67 %
c [g 0] ---> which lead to confl:  3.44 %
c [g 0] size: 79    x 162  
c --> Executing strategy token: scc-vrepl
c [scc] new: 0 BP 0M T: 0.00
c --> Executing strategy token: sub-impl
c [impl-sub] bin: 0 T: 0.00 T-out: N w-visit: 6404
c --> Executing strategy token: breakid
c --> Executing OCC strategy token(s): 'occ-backw-sub-str,occ-clean-implicit,occ-bve,occ-bva,occ-ternary-res,occ-xor,'
c [occ] mem usage for occur 2      MB
c [occ] Linked in IRRED BIN by default: 3088
c [occ] Linked in RED   BIN by default: 263
c [occ] mem usage for occur 1      MB
c Mem for watch alloc      : 30          MB (36.97     %)
c Mem for watch array      : 0           MB (0.18      %)
c --> Executing OCC strategy token: occ-backw-sub-str
c [occ-backw-sub-str-long-w-bins] subs: 0 str: 0 tried: 117420 0-depth ass: 0 T: 0.00 T-out: N T-r: 99.58%
c [occ-backw-sub-long-w-long] rem cl: 103 tried: 79238/79238 (100.0%) T: 0.03 T-out: N T-r: 95.28%
c [occ-backw-sub-str-long-w-long] sub: 8 str: 76 tried: 237714/79238 (300.0)  T: 0.15 T-out: N T-r: 90.34%
c --> Executing OCC strategy token: occ-clean-implicit
c --> Executing OCC strategy token: occ-bve
c [occ-empty-res] Empty resolvent elimed: 0 T: 0.00 T-out: N
c [occ-bve] turning off picosat-based irreg gate detection, added lits:  630K
c [occ-bve] iter v-elim 0
c cl_inc_rate=1.0, var_dec_rate=1.0 (grow=0)
c Reduced to 3198 vars, 28313 cls (grow=0)
c [occ-bve] iter v-elim 0
c cl_inc_rate=1.0, var_dec_rate=1.0 (grow=8)
c Reduced to 3198 vars, 28313 cls (grow=8)
c [occ-bve] iter v-elim 0
c cl_inc_rate=1.0, var_dec_rate=1.0 (grow=16)
c Reduced to 3198 vars, 28313 cls (grow=16)
c x n vars       : 3198
c #try to eliminate:  9594
c #var-elim        :     0
c #T-o: N
c #T-r: 99.99%
c #T  : 1.98
c [occur] 0.05 is overhead
c [occur] link-in T: 0.05 cleanup T: 0.00
c --> Executing OCC strategy token: occ-bva
c --> Executing OCC strategy token: occ-ternary-res
c [occ-ternary-res] Ternary res-tri: 0 res-bin: 0 sub: 0 str: 0 T: 0.00 T-out: N T-r: 99.91%
c --> Executing OCC strategy token: occ-xor
c [occ-xor] sort occur list T: 0.01
c [xor-clean-equiv] removed equivalent xors: 0 left with: 231
c [occ-xor] found    231 avg sz 5.4 min sz  4 max sz  6 T: 0.02 T-out: N T-r: 99.98%
c --> Executing strategy token: card-find
c --> Executing strategy token: cl-consolidate
c Not consolidating memory.
c --> Executing strategy token: scc-vrepl
c [scc] new: 0 BP 0M T: 0.00
c --> Executing strategy token: renumber
c --> Executing strategy token: bosphorus
c --> Executing strategy token: louvain-comms
c [consolidate] full T: 0.00
c global_timeout_multiplier: 9.0000
c [branch] rebuilding order heap for all branchings. Current branching: vmtf
c [find&init matx] performing matrix init
c [gauss] XOR-encoding clauses are not detached, so no need to reattach them.
c [xor-rem-unconnected] left with 231 xors from 231 non-empty xors T: 0.00
c [xor-together] xored together: 149 orig xors: 231 new xors: 82 T: 0.00
c [xor-rem-unconnected] left with 82 xors from 82 non-empty xors T: 0.00
c [xor-clean-equiv] removed equivalent xors: 0 left with: 82
c [matrix] unused xors from cleaning: 0
c [matrix] Good   matrix  0     82 x  169  density:0.0678  xorlen avg: 11.45
c [matrix] Using 1 matrices recovered from 0 xors T: 0.00 T-out: N
c rst  geom best  vmt  3437 4114K    3198   25K  3088    6.71    6.20 15905  1285   36K   263   26.69   26.57
c rst  geom best  vmt  3438 4118K    3198   25K  3088    6.71    6.20 15915  1398   41K   263   27.82   27.70
c [distill-long-red0] cls tried: 121/121 T: 0.01 T-out: N T-r: 99.90%
c [distill-long-red1] cls tried: 161/606 T: 0.03 T-out: Y T-r: -0.58%
c [ccnr] tries: 0 steps: 262143 best found: 3
c [ccnr] saving best assignment phase to stable_polar
c [ccnr] bumping based on var unsat frequency: conflict_ct
c [ccnr] Bumped vars: 3202 bump type: 6
c [ccnr] time: 0.32
c rst  geom  stb  vmt  3439 4123K    3198   25K  3088    6.71    6.20 16018  1280   45K   264   29.06   28.95
c [full-probe]  bin_only: 0 set: 0 repl: 0 T: 0.02 T-out: N T-r: 98.60%
c [distill-bin] useful: 0/3088/3088 lits-rem: 0 cl-rem: 0 0-depth-assigns: 0 T: 0.02 T-out: N
c [distill] watch-based irred--  cl tried    31539 cl-sh     0 cl-rem    0 lit-rem      0 T: 0.07 T-out: Y
c [distill] watch-based   red--  cl tried    29591 cl-sh     2 cl-rem    0 lit-rem      2 T: 0.06 T-out: Y
c rst  geom  stb  vmt  3440 4128K    3198   25K  3088    6.71    6.20 16082  1713   36K   264   28.23   28.10
c rst  geom  stb  vmt  3441 4134K    3198   25K  3088    6.71    6.20 16179  1599   42K   264   28.82   28.70
c [distill-long-red0] cls tried: 177/177 T: 0.02 T-out: N T-r: 99.80%
c [distill-long-red1] cls tried: 155/864 T: 0.03 T-out: Y T-r: -1.02%
c rst  geom  stb  vmt  3442 4141K    3198   25K  3088    6.71    6.20 16257  1693   32K   264   26.99   26.86
c rst  geom  stb  vmt  3443 4148K    3198   25K  3088    6.71    6.20 16259  1740   39K   264   28.55   28.43
c [full-probe]  bin_only: 1 set: 0 repl: 0 T: 0.01 T-out: N T-r: 99.85%
c [distill-bin] useful: 0/3088/3088 lits-rem: 0 cl-rem: 0 0-depth-assigns: 0 T: 0.02 T-out: N
c rst  geom  stb  vmt  3444 4155K    3198   25K  3088    6.71    6.20 16317  1634   23K   264   25.43   25.28
c [distill-long-red0] cls tried: 104/104 T: 0.01 T-out: N T-r: 99.93%
c [distill-long-red1] cls tried: 237/944 T: 0.03 T-out: Y T-r: -1.15%
c [distill] watch-based irred--  cl tried    39410 cl-sh     0 cl-rem    0 lit-rem      0 T: 0.07 T-out: N
c [distill] watch-based   red--  cl tried    32634 cl-sh     0 cl-rem    0 lit-rem      0 T: 0.05 T-out: N
c [impl-str] lit bin: 0 set-var: 0 T: 0.00 T-out: N T-r: 99.98% w-visit: 6404
c [impl-sub] bin: 1 T: 0.00 T-out: N w-visit: 6404
c rst  geom  stb  vmt  3445 4164K    3198   25K  3088    6.71    6.20 16348  1582   32K   263   28.42   28.28
c [ccnr] tries: 0 steps: 262143 best found: 2
c [ccnr] saving best assignment phase to stable_polar
c [ccnr] bumping based on var unsat frequency: conflict_ct
c [ccnr] Bumped vars: 3202 bump type: 6
c [ccnr] time: 0.33
c rst  geom  stb  vmt  3446 4173K    3198   25K  3088    6.71    6.20 16474  1816   25K   263   28.97   28.81
c [distill-long-red0] cls tried: 120/120 T: 0.01 T-out: N T-r: 99.89%
c [distill-long-red1] cls tried: 250/1076 T: 0.03 T-out: Y T-r: -0.82%
c [full-probe]  bin_only: 0 set: 0 repl: 0 T: 0.01 T-out: N T-r: 99.18%
c [distill-bin] useful: 0/3088/3088 lits-rem: 0 cl-rem: 0 0-depth-assigns: 0 T: 0.01 T-out: N
c [gauss] XOR-encoding clauses are not detached, so no need to reattach them.
c [g 0] truth-find prop checks  : 1685K
c [g 0] -> of which prop        : 36.78 %
c [g 0] -> of which confl       :  0.70 %
c [g 0] elim called             : 131K
c [g 0] ---> which lead to prop : 175.55 %
c [g 0] ---> which lead to confl:  3.72 %
c [g 0] size: 82    x 169  
c [scc] new: 0 BP 0M T: 0.00
c [vrep] vars 0 lits 0 rem-bin-cls 0 rem-long-cls 0 BP 0M T: 0.01
c [intree] Set 0 vars hyper-added: 7 trans-irred: 0 trans-red: 0 T: 0.01 T-out: N T-r: -0.48%
c [find&init matx] performing matrix init
c [gauss] XOR-encoding clauses are not detached, so no need to reattach them.
c [xor-rem-unconnected] left with 231 xors from 231 non-empty xors T: 0.00
c [xor-together] xored together: 149 orig xors: 231 new xors: 82 T: 0.00
c [xor-rem-unconnected] left with 82 xors from 82 non-empty xors T: 0.00
c [xor-clean-equiv] removed equivalent xors: 0 left with: 82
c [matrix] unused xors from cleaning: 0
c [matrix] Good   matrix 0 82      x169    density:0.0678  xorlen avg: 11.45
c [matrix] Using 1 matrices recovered from 0 xors T: 0.00 T-out: N
c rst  geom ibes vmt  3447  4184K 3198      25K  3088 6.71    6.20    16558  1524   36K   270 32.70   32.55  
c [distill] watch-based irred--  cl tried 34078    cl-sh 0     cl-rem 0    lit-rem 0      T: 0.07 T-out: Y
c [distill] watch-based red  --  cl tried 29643    cl-sh 1     cl-rem 0    lit-rem 1      T: 0.06 T-out: Y
c rst  geom ibes vmt  3448  4195K 3198      25K  3088 6.71    6.20    16654  1501   33K   270 32.36   32.20  
c [distill-long-red0] cls tried: 130/130 T: 0.01 T-out: N T-r: 99.87%
c [distill-long-red1] cls tried: 226/924 T: 0.03 T-out: Y T-r: -1.20%
c [full-probe]  bin_only: 1 set: 0 repl: 0 T: 0.01 T-out: N T-r: 99.87%
c [distill-bin] useful: 0/3088/3088 lits-rem: 0 cl-rem: 0 0-depth-assigns: 0 T: 0.01 T-out: N
c rst  geom ibes vmt  3449  4208K 3198      25K  3088 6.71    6.20    16726  1540   27K   270 28.36   28.21  
c rst  geom ibes vmt  3450  4221K 3198      25K  3088 6.71    6.20    16811  1487   24K   270 25.32   25.18  
c [distill-long-red0] cls tried: 116/116 T: 0.01 T-out: N T-r: 99.90%
c [distill-long-red1] cls tried: 212/882 T: 0.03 T-out: Y T-r: -1.05%
c [full-probe]  bin_only: 0 set: 0 repl: 0 T: 0.01 T-out: N T-r: 98.49%
c [distill-bin] useful: 0/3088/3088 lits-rem: 0 cl-rem: 0 0-depth-assigns: 0 T: 0.01 T-out: N
c [distill] watch-based irred--  cl tried 39410    cl-sh 0     cl-rem 0    lit-rem 0      T: 0.06 T-out: N
c [distill] watch-based red  --  cl tried 33541    cl-sh 1     cl-rem 0    lit-rem 1      T: 0.06 T-out: Y
c [impl-str] lit bin: 0 set-var: 0 T: 0.00 T-out: N T-r: 99.98% w-visit: 6404
c [impl-sub] bin: 0 T: 0.00 T-out: N w-visit: 6404
c [ccnr] tries: 0 steps: 262143 best found: 6
c [ccnr] saving best assignment phase to stable_polar
c [ccnr] bumping based on clause weights
c [ccnr] Bumped vars: 102 bump type: 6
c [ccnr] time: 0.33
c rst  geom svd  vmt  3451  4236K 3198      25K  3088 6.71    6.20    16897  1626   29K   270 26.31   26.17  
c [distill-long-red0] cls tried: 76/76 T: 0.01 T-out: N T-r: 99.95%
c [distill-long-red1] cls tried: 232/850 T: 0.03 T-out: Y T-r: -1.28%
c rst  geom svd  vmt  3452  4253K 3198      25K  3088 6.71    6.20    17046  1188   37K   270 30.66   30.52  
c [distill-long-red0] cls tried: 133/133 T: 0.01 T-out: N T-r: 99.88%
c [distill-long-red1] cls tried: 234/583 T: 0.03 T-out: Y T-r: -0.53%
c [full-probe]  bin_only: 1 set: 0 repl: 0 T: 0.01 T-out: N T-r: 99.89%
c [distill-bin] useful: 0/3088/3088 lits-rem: 0 cl-rem: 0 0-depth-assigns: 0 T: 0.01 T-out: N
c [distill] watch-based irred--  cl tried 37436    cl-sh 0     cl-rem 0    lit-rem 0      T: 0.07 T-out: Y
c [distill] watch-based red  --  cl tried 34092    cl-sh 0     cl-rem 0    lit-rem 0      T: 0.06 T-out: N
c [gauss] XOR-encoding clauses are not detached, so no need to reattach them.
c [g 0] truth-find prop checks  : 1949K
c [g 0] -> of which prop        : 43.34 %
c [g 0] -> of which confl       :  0.95 %
c [g 0] elim called             : 142K
c [g 0] ---> which lead to prop : 199.68 %
c [g 0] ---> which lead to confl:  4.42 %
c [g 0] size: 82    x 169  
c [scc] new: 0 BP 0M T: 0.00
c [vrep] vars 0 lits 0 rem-bin-cls 0 rem-long-cls 0 BP 0M T: 0.01
c [intree] Set 0 vars hyper-added: 0 trans-irred: 0 trans-red: 0 T: 0.02 T-out: N T-r: -0.47%
c [find&init matx] performing matrix init
c [gauss] XOR-encoding clauses are not detached, so no need to reattach them.
c [xor-rem-unconnected] left with 231 xors from 231 non-empty xors T: 0.00
c [xor-together] xored together: 149 orig xors: 231 new xors: 82 T: 0.00
c [xor-rem-unconnected] left with 82 xors from 82 non-empty xors T: 0.00
c [xor-clean-equiv] removed equivalent xors: 0 left with: 82
c [matrix] unused xors from cleaning: 0
c [matrix] Good   matrix 0 82      x169    density:0.0678  xorlen avg: 11.45
c [matrix] Using 1 matrices recovered from 0 xors T: 0.00 T-out: N
c rst  geom svd  vmt  3453  4271K 3198      25K  3088 6.71    6.20    17113   941   39K   270 33.51   33.37  
c [distill-long-red0] cls tried: 54/54 T: 0.01 T-out: N T-r: 99.95%
c [distill-long-red1] cls tried: 277/386 T: 0.03 T-out: Y T-r: -0.44%
c [ccnr] tries: 0 steps: 262143 best found: 2
c [ccnr] saving best assignment phase to stable_polar
c [ccnr] bumping based on var unsat frequency: conflict_ct
c [ccnr] Bumped vars: 3202 bump type: 6
c [ccnr] time: 0.33
c rst  geom best vmt  3454  4291K 3198      25K  3088 6.71    6.20    17230  1136   30K   270 31.04   30.88  
c [distill-long-red0] cls tried: 91/91 T: 0.01 T-out: N T-r: 99.92%
c [distill-long-red1] cls tried: 244/550 T: 0.03 T-out: Y T-r: -0.59%
c [full-probe]  bin_only: 0 set: 0 repl: 0 T: 0.01 T-out: N T-r: 98.95%
c [distill-bin] useful: 0/3088/3088 lits-rem: 0 cl-rem: 0 0-depth-assigns: 0 T: 0.01 T-out: N
c [distill] watch-based irred--  cl tried 37871    cl-sh 0     cl-rem 0    lit-rem 0      T: 0.07 T-out: Y
c [distill] watch-based red  --  cl tried 32483    cl-sh 2     cl-rem 0    lit-rem 2      T: 0.06 T-out: Y
c [impl-str] lit bin: 0 set-var: 0 T: 0.00 T-out: N T-r: 99.97% w-visit: 6404
c [impl-sub] bin: 0 T: 0.00 T-out: N w-visit: 6404
c rst  geom best vmt  3455  4314K 3198      25K  3088 6.71    6.20    17412  1139   41K   270 29.58   29.45  
c [distill-long-red0] cls tried: 145/145 T: 0.01 T-out: N T-r: 99.90%
c [distill-long-red1] cls tried: 239/537 T: 0.03 T-out: Y T-r: -0.12%
c [full-probe]  bin_only: 1 set: 0 repl: 0 T: 0.01 T-out: N T-r: 99.84%
c [distill-bin] useful: 0/3088/3088 lits-rem: 0 cl-rem: 0 0-depth-assigns: 0 T: 0.02 T-out: N
c rst  geom best vmt  3456  4338K 3198      25K  3088 6.71    6.20    17480  1248   39K   270 27.90   27.78  
c [distill-long-red0] cls tried: 43/43 T: 0.01 T-out: N T-r: 99.96%
c [distill-long-red1] cls tried: 208/557 T: 0.03 T-out: Y T-r: -1.04%
c [full-probe]  bin_only: 0 set: 0 repl: 0 T: 0.01 T-out: N T-r: 98.90%
c [distill-bin] useful: 0/3088/3088 lits-rem: 0 cl-rem: 0 0-depth-assigns: 0 T: 0.01 T-out: N
c [distill] watch-based irred--  cl tried 36089    cl-sh 0     cl-rem 0    lit-rem 0      T: 0.07 T-out: Y
c [distill] watch-based red  --  cl tried 30405    cl-sh 1     cl-rem 0    lit-rem 1      T: 0.06 T-out: Y
c [gauss] XOR-encoding clauses are not detached, so no need to reattach them.
c [g 0] truth-find prop checks  : 2226K
c [g 0] -> of which prop        : 34.87 %
c [g 0] -> of which confl       :  0.77 %
c [g 0] elim called             : 224K
c [g 0] ---> which lead to prop : 159.04 %
c [g 0] ---> which lead to confl:  3.21 %
c [g 0] size: 82    x 169  
c [scc] new: 0 BP 0M T: 0.00
c [vrep] vars 0 lits 0 rem-bin-cls 0 rem-long-cls 0 BP 0M T: 0.01
c [intree] Set 0 vars hyper-added: 0 trans-irred: 0 trans-red: 0 T: 0.01 T-out: N T-r: -0.46%
c [find&init matx] performing matrix init
c [gauss] XOR-encoding clauses are not detached, so no need to reattach them.
c [xor-rem-unconnected] left with 231 xors from 231 non-empty xors T: 0.00
c [xor-together] xored together: 149 orig xors: 231 new xors: 82 T: 0.00
c [xor-rem-unconnected] left with 82 xors from 82 non-empty xors T: 0.00
c [xor-clean-equiv] removed equivalent xors: 0 left with: 82
c [matrix] unused xors from cleaning: 0
c [matrix] Good   matrix 0 82      x169    density:0.0678  xorlen avg: 11.45
c [matrix] Using 1 matrices recovered from 0 xors T: 0.00 T-out: N
c [ccnr] tries: 0 steps: 262143 best found: 6
c [ccnr] saving best assignment phase to stable_polar
c [ccnr] bumping based on var unsat frequency: conflict_ct
c [ccnr] Bumped vars: 3202 bump type: 6
c [ccnr] time: 0.32
c rst  geom stb  vmt  3457  4365K 3198      25K  3088 6.71    6.20    17675  1481   31K   270 31.12   30.96  
c [branch] adjusting to: vsid (from: vmtf) var_decay:0.95 descr: VSIDS
c [distill-long-red0] cls tried: 143/143 T: 0.01 T-out: N T-r: 99.86%
c [distill-long-red1] cls tried: 190/886 T: 0.03 T-out: Y T-r: -0.86%
c [full-probe]  bin_only: 1 set: 0 repl: 0 T: 0.01 T-out: N T-r: 99.87%
c [distill-bin] useful: 0/3088/3088 lits-rem: 0 cl-rem: 0 0-depth-assigns: 0 T: 0.01 T-out: N
c [distill] watch-based irred--  cl tried 39410    cl-sh 0     cl-rem 0    lit-rem 0      T: 0.06 T-out: N
c [distill] watch-based red  --  cl tried 34730    cl-sh 3     cl-rem 0    lit-rem 3      T: 0.06 T-out: Y
c [impl-str] lit bin: 0 set-var: 0 T: 0.00 T-out: N T-r: 99.97% w-visit: 6404
c [impl-sub] bin: 0 T: 0.00 T-out: N w-visit: 6404
c rst  geom stb  vs   3458  4365K 3198      25K  3088 6.71    6.20    17675  1481   31K   270 31.11   30.96  
c rst  geom stb  vs   3459  4365K 3198      25K  3088 6.71    6.20    17675  1482   31K   270 31.12   30.97  
c rst  geom stb  vs   3460  4365K 3198      25K  3088 6.71    6.20    17675  1482   31K   270 31.13   30.98  
c rst  geom stb  vs   3461  4365K 3198      25K  3088 6.71    6.20    17675  1482   31K   270 31.14   30.98  
c rst  geom stb  vs   3462  4365K 3198      25K  3088 6.71    6.20    17675  1482   31K   270 31.15   30.99  
c rst  geom stb  vs   3463  4366K 3198      25K  3088 6.71    6.20    17675  1483   32K   270 31.15   31.00  
c rst  geom stb  vs   3464  4366K 3198      25K  3088 6.71    6.20    17675  1484   32K   270 31.15   31.00  
c rst  geom stb  vs   3465  4366K 3198      25K  3088 6.71    6.20    17675  1484   32K   270 31.18   31.03  
c rst  geom stb  vs   3466  4366K 3198      25K  3088 6.71    6.20    17675  1484   32K   270 31.19   31.04  
c rst  geom stb  vs   3467  4367K 3198      25K  3088 6.71    6.20    17675  1484   33K   270 31.20   31.05  
c rst  geom stb  vs   3468  4367K 3198      25K  3088 6.71    6.20    17675  1484   33K   270 31.21   31.06  
c rst  geom stb  vs   3469  4367K 3198      25K  3088 6.71    6.20    17675  1484   33K   270 31.20   31.06  
c rst  geom stb  vs   3470  4367K 3198      25K  3088 6.71    6.20    17675  1484   33K   270 31.21   31.07  
c rst  geom stb  vs   3471  4368K 3198      25K  3088 6.71    6.20    17675  1486   34K   270 31.21   31.07  
c rst  geom stb  vs   3472  4368K 3198      25K  3088 6.71    6.20    17675  1487   34K   270 31.23   31.09  
c rst  geom stb  vs   3473  4369K 3198      25K  3088 6.71    6.20    17675  1489   35K   270 31.25   31.10  
c rst  geom stb  vs   3474  4369K 3198      25K  3088 6.71    6.20    17675  1489   35K   270 31.27   31.13  
c rst  geom stb  vs   3475  4370K 3198      25K  3088 6.71    6.20    17675  1490   36K   270 31.33   31.19  
c rst  geom stb  vs   3476  4370K 3198      25K  3088 6.71    6.20    17698  1345   36K   270 31.38   31.23  
c rst  geom stb  vs   3477  4371K 3198      25K  3088 6.71    6.20    17698  1348   37K   270 31.36   31.22  
c rst  geom stb  vs   3478  4372K 3198      25K  3088 6.71    6.20    17698  1350   38K   270 31.42   31.28  
c rst  geom stb  vs   3479  4373K 3198      25K  3088 6.71    6.20    17698  1351   39K   270 31.50   31.36  
c rst  geom stb  vs   3480  4373K 3198      25K  3088 6.71    6.20    17698  1351   40K   270 31.57   31.44  
c rst  geom stb  vs   3481  4374K 3198      25K  3088 6.71    6.20    17699  1353   40K   270 31.67   31.54  
c rst  geom stb  vs   3482  4375K 3198      25K  3088 6.71    6.20    17699  1354   42K   270 31.75   31.61  
c rst  geom stb  vs   3483  4377K 3198      25K  3088 6.71    6.20    17699  1356   43K   270 31.82   31.69  
c rst  geom stb  vs   3484  4378K 3198      25K  3088 6.71    6.20    17699  1356   44K   270 31.92   31.79  
c rst  geom stb  vs   3485  4379K 3198      25K  3088 6.71    6.20    17699  1357   45K   270 32.04   31.92  
c rst  geom stb  vs   3486  4381K 3198      25K  3088 6.71    6.20    17724  1268   27K   270 26.56   26.41  
c [distill-long-red0] cls tried: 45/45 T: 0.00 T-out: N T-r: 99.96%
c [distill-long-red1] cls tried: 233/657 T: 0.03 T-out: Y T-r: -1.23%
c rst  geom stb  vs   3487  4382K 3198      25K  3088 6.71    6.20    17724  1269   29K   270 26.89   26.75  
c [ccnr] tries: 0 steps: 262143 best found: 2
c [ccnr] saving best assignment phase to stable_polar
c [ccnr] bumping based on clause weights
c [ccnr] Bumped vars: 104 bump type: 6
c [ccnr] time: 0.34
c rst  geom stb  vs   3488  4384K 3198      25K  3088 6.71    6.20    17726  1289   31K   270 27.62   27.48  
c rst  geom stb  vs   3489  4386K 3198      25K  3088 6.71    6.20    17726  1298   33K   270 28.26   28.13  
c [full-probe]  bin_only: 0 set: 0 repl: 0 T: 0.01 T-out: N T-r: 98.80%
c [distill-bin] useful: 0/3088/3088 lits-rem: 0 cl-rem: 0 0-depth-assigns: 0 T: 0.01 T-out: N
c rst  geom stb  vs   3490  4389K 3198      25K  3088 6.71    6.20    17726  1304   35K   270 28.91   28.78  
c rst  geom ibes vs   3491  4391K 3198      25K  3088 6.71    6.20    17765  1110   38K   270 29.41   29.28  
c [distill] watch-based irred--  cl tried 34656    cl-sh 0     cl-rem 0    lit-rem 0      T: 0.07 T-out: Y
c [distill] watch-based red  --  cl tried 31768    cl-sh 0     cl-rem 0    lit-rem 0      T: 0.06 T-out: Y
c rst  geom ibes vs   3492  4394K 3198      25K  3088 6.71    6.20    17765  1114   41K   270 29.85   29.72  
c rst  geom ibes vs   3493  4397K 3198      25K  3088 6.71    6.20    17782  1188   22K   270 24.67   24.53  
c [distill-long-red0] cls tried: 49/49 T: 0.01 T-out: N T-r: 99.95%
c [distill-long-red1] cls tried: 307/452 T: 0.03 T-out: Y T-r: -0.26%
c rst  geom ibes vs   3494  4400K 3198      25K  3088 6.71    6.20    17790  1106   26K   270 25.76   25.62  
c rst  geom ibes vs   3495  4404K 3198      25K  3088 6.71    6.20    17790  1109   29K   270 26.64   26.50  
c [gauss] XOR-encoding clauses are not detached, so no need to reattach them.
c [g 0] truth-find prop checks  : 1722K
c [g 0] -> of which prop        : 39.50 %
c [g 0] -> of which confl       :  0.80 %
c [g 0] elim called             : 133K
c [g 0] ---> which lead to prop : 183.66 %
c [g 0] ---> which lead to confl:  4.26 %
c [g 0] size: 82    x 169  
c [scc] new: 0 BP 0M T: 0.00
c [vrep] vars 0 lits 0 rem-bin-cls 0 rem-long-cls 0 BP 0M T: 0.01
c [intree] Set 0 vars hyper-added: 0 trans-irred: 0 trans-red: 0 T: 0.01 T-out: N T-r: -0.32%
c [find&init matx] performing matrix init
c [gauss] XOR-encoding clauses are not detached, so no need to reattach them.
c [xor-rem-unconnected] left with 231 xors from 231 non-empty xors T: 0.00
c [xor-together] xored together: 149 orig xors: 231 new xors: 82 T: 0.00
c [xor-rem-unconnected] left with 82 xors from 82 non-empty xors T: 0.00
c [xor-clean-equiv] removed equivalent xors: 0 left with: 82
c [matrix] unused xors from cleaning: 0
c [matrix] Good   matrix 0 82      x169    density:0.0678  xorlen avg: 11.45
c [matrix] Using 1 matrices recovered from 0 xors T: 0.00 T-out: N
c rst  geom ibes vs   3496  4408K 3198      25K  3088 6.71    6.20    17790  1116   33K   270 27.50   27.37  
c [full-probe]  bin_only: 1 set: 0 repl: 0 T: 0.02 T-out: N T-r: 99.81%
c [distill-bin] useful: 0/3088/3088 lits-rem: 0 cl-rem: 0 0-depth-assigns: 0 T: 0.02 T-out: N
c rst  geom ibes vs   3497  4412K 3198      25K  3088 6.71    6.20    17808   978   20K   270 23.21   23.07  
c [distill-long-red0] cls tried: 16/16 T: 0.00 T-out: N T-r: 99.98%
c [distill-long-red1] cls tried: 139/139 T: 0.01 T-out: N T-r: 59.28%
c rst  geom ibes vs   3498  4417K 3198      25K  3088 6.71    6.20    17808   978   25K   270 24.68   24.54  
c [distill] watch-based irred--  cl tried 39410    cl-sh 0     cl-rem 0    lit-rem 0      T: 0.06 T-out: N
c [distill] watch-based red  --  cl tried 35616    cl-sh 1     cl-rem 0    lit-rem 1      T: 0.05 T-out: N
c rst  geom ibes vs   3499  4422K 3198      25K  3088 6.71    6.20    17813   745   30K   270 26.10   25.97  
c rst  geom ibes vs   3500  4428K 3198      25K  3088 6.71    6.20    17818   807   20K   270 22.93   22.79  
c [distill-long-red0] cls tried: 3/3 T: 0.00 T-out: N T-r: 100.00%
c [distill-long-red1] cls tried: 61/61 T: 0.00 T-out: N T-r: 83.78%
c [full-probe]  bin_only: 0 set: 0 repl: 0 T: 0.01 T-out: N T-r: 99.06%
c [distill-bin] useful: 0/3088/3088 lits-rem: 0 cl-rem: 0 0-depth-assigns: 0 T: 0.01 T-out: N
c [impl-str] lit bin: 0 set-var: 0 T: 0.00 T-out: N T-r: 99.98% w-visit: 6404
c [impl-sub] bin: 0 T: 0.00 T-out: N w-visit: 6404
c [ccnr] tries: 0 steps: 262143 best found: 4
c [ccnr] saving best assignment phase to stable_polar
c [ccnr] bumping based on var unsat frequency: conflict_ct
c [ccnr] Bumped vars: 3202 bump type: 6
c [ccnr] time: 0.32
c rst  geom ibes vs   3501  4435K 3198      25K  3088 6.71    6.20    17834   514   27K   270 24.88   24.75  
c rst  geom ibes vs   3502  4442K 3198      25K  3088 6.71    6.20    17839   397 19779   270 22.27   22.13  
c rst  geom svd  vs   3503  4449K 3198      25K  3088 6.71    6.20    17841   425   27K   270 24.59   24.46  
c [distill-long-red0] cls tried: 4/4 T: 0.00 T-out: N T-r: 99.99%
c [distill-long-red1] cls tried: 81/81 T: 0.01 T-out: N T-r: 73.01%
c [full-probe]  bin_only: 1 set: 0 repl: 0 T: 0.02 T-out: N T-r: 99.79%
c [distill-bin] useful: 0/3088/3088 lits-rem: 0 cl-rem: 0 0-depth-assigns: 0 T: 0.02 T-out: N
c [distill] watch-based irred--  cl tried 39410    cl-sh 0     cl-rem 0    lit-rem 0      T: 0.06 T-out: N
c [distill] watch-based red  --  cl tried 35682    cl-sh 1     cl-rem 0    lit-rem 1      T: 0.05 T-out: N
c rst  geom svd  vs   3504  4458K 3198      25K  3088 6.71    6.20    17878   482   21K   270 22.84   22.70  
c rst  geom svd  vs   3505  4467K 3198      25K  3088 6.71    6.20    17883   408   31K   270 25.69   25.57  
c [distill-long-red0] cls tried: 5/5 T: 0.00 T-out: N T-r: 99.99%
c [distill-long-red1] cls tried: 115/115 T: 0.01 T-out: N T-r: 69.90%
c rst  geom svd  vs   3506  4478K 3198      25K  3088 6.71    6.20    17890   426   25K   270 24.99   24.85  
c [full-probe]  bin_only: 0 set: 0 repl: 0 T: 0.01 T-out: N T-r: 98.96%
c [distill-bin] useful: 0/3088/3088 lits-rem: 0 cl-rem: 0 0-depth-assigns: 0 T: 0.01 T-out: N
c [distill] watch-based irred--  cl tried 38341    cl-sh 0     cl-rem 0    lit-rem 0      T: 0.07 T-out: Y
c [distill] watch-based red  --  cl tried 34053    cl-sh 0     cl-rem 0    lit-rem 0      T: 0.06 T-out: Y
c [gauss] XOR-encoding clauses are not detached, so no need to reattach them.
c [g 0] truth-find prop checks  : 1905K
c [g 0] -> of which prop        : 40.50 %
c [g 0] -> of which confl       :  0.83 %
c [g 0] elim called             : 130K
c [g 0] ---> which lead to prop : 229.27 %
c [g 0] ---> which lead to confl:  4.54 %
c [g 0] size: 82    x 169  
c [scc] new: 0 BP 0M T: 0.00
c [vrep] vars 0 lits 0 rem-bin-cls 0 rem-long-cls 0 BP 0M T: 0.01
c [intree] Set 0 vars hyper-added: 0 trans-irred: 0 trans-red: 0 T: 0.01 T-out: N T-r: -0.42%
c [find&init matx] performing matrix init
c [gauss] XOR-encoding clauses are not detached, so no need to reattach them.
c [xor-rem-unconnected] left with 231 xors from 231 non-empty xors T: 0.00
c [xor-together] xored together: 149 orig xors: 231 new xors: 82 T: 0.00
c [xor-rem-unconnected] left with 82 xors from 82 non-empty xors T: 0.00
c [xor-clean-equiv] removed equivalent xors: 0 left with: 82
c [matrix] unused xors from cleaning: 0
c [matrix] Good   matrix 0 82      x169    density:0.0678  xorlen avg: 11.45
c [matrix] Using 1 matrices recovered from 0 xors T: 0.00 T-out: N
c [ccnr] tries: 0 steps: 262143 best found: 5
c [ccnr] saving best assignment phase to stable_polar
c [ccnr] bumping based on var unsat frequency: conflict_ct
c [ccnr] Bumped vars: 3202 bump type: 6
c [ccnr] time: 0.33
c rst  geom svd  vs   3507  4489K 3198      25K  3088 6.71    6.20    17897   439   21K   270 23.35   23.20  
c [distill-long-red0] cls tried: 2/2 T: 0.00 T-out: N T-r: 100.00%
c [distill-long-red1] cls tried: 77/77 T: 0.01 T-out: N T-r: 66.29%
c [impl-str] lit bin: 0 set-var: 0 T: 0.00 T-out: N T-r: 99.98% w-visit: 6404
c [impl-sub] bin: 0 T: 0.00 T-out: N w-visit: 6404
c rst  geom svd  vs   3508  4502K 3198      25K  3088 6.71    6.20    17913   384   20K   270 21.93   21.79  
c [full-probe]  bin_only: 1 set: 0 repl: 0 T: 0.01 T-out: N T-r: 99.86%
c [distill-bin] useful: 0/3088/3088 lits-rem: 0 cl-rem: 0 0-depth-assigns: 0 T: 0.01 T-out: N
c rst  geom best vs   3509  4514K 3198      25K  3088 6.71    6.20    17922   323   32K   270 24.95   24.83  
c recursive minimization cost OK: 3613Kcost/(% lits removed)
c [gauss] XOR-encoding clauses are not detached, so no need to reattach them.
c [g 0] truth-find prop checks  : 1016K
c [g 0] -> of which prop        : 34.93 %
c [g 0] -> of which confl       :  0.79 %
c [g 0] elim called             : 76K
c [g 0] ---> which lead to prop : 200.31 %
c [g 0] ---> which lead to confl:  4.11 %
c [g 0] size: 82    x 169  
c --> Executing strategy token: scc-vrepl
c [scc] new: 0 BP 0M T: 0.00
c --> Executing strategy token: sub-impl
c [impl-sub] bin: 0 T: 0.00 T-out: N w-visit: 6404
c --> Executing strategy token: breakid
c --> Executing OCC strategy token(s): 'occ-backw-sub-str,occ-clean-implicit,occ-bve,occ-bva,occ-ternary-res,occ-xor,'
c [occ] mem usage for occur 2      MB
c [occ] Linked in IRRED BIN by default: 3088
c [occ] Linked in RED   BIN by default: 270
c [occ] mem usage for occur 2      MB
c Mem for watch alloc      : 13          MB (17.13     %)
c Mem for watch array      : 0           MB (0.18      %)
c --> Executing OCC strategy token: occ-backw-sub-str
c [occ-backw-sub-str-long-w-bins] subs: 0 str: 0 tried: 120778 0-depth ass: 0 T: 0.00 T-out: N T-r: 99.56%
c [occ-backw-sub-long-w-long] rem cl: 151 tried: 75702/75702 (100.0%) T: 0.03 T-out: N T-r: 94.92%
c [occ-backw-sub-str-long-w-long] sub: 7 str: 89 tried: 227106/75702 (300.0)  T: 0.15 T-out: N T-r: 89.86%
c --> Executing OCC strategy token: occ-clean-implicit
c --> Executing OCC strategy token: occ-bve
c [occ-empty-res] Empty resolvent elimed: 0 T: 0.00 T-out: N
c [occ-bve] turning off picosat-based irreg gate detection, added lits:  630K
c [occ-bve] iter v-elim 0
c cl_inc_rate=1.0, var_dec_rate=1.0 (grow=0)
c Reduced to 3198 vars, 28313 cls (grow=0)
c [occ-bve] iter v-elim 0
c cl_inc_rate=1.0, var_dec_rate=1.0 (grow=8)
c Reduced to 3198 vars, 28313 cls (grow=8)
c [occ-bve] iter v-elim 0
c cl_inc_rate=1.0, var_dec_rate=1.0 (grow=16)
c Reduced to 3198 vars, 28313 cls (grow=16)
c x n vars       : 3198
c #try to eliminate:  9594
c #var-elim        :     0
c #T-o: N
c #T-r: 99.99%
c #T  : 2.03
c [occur] 0.04 is overhead
c [occur] link-in T: 0.04 cleanup T: 0.00
c --> Executing OCC strategy token: occ-bva
c --> Executing OCC strategy token: occ-ternary-res
c [occ-ternary-res] Ternary res-tri: 0 res-bin: 0 sub: 0 str: 0 T: 0.00 T-out: N T-r: 99.92%
c --> Executing OCC strategy token: occ-xor
c [occ-xor] sort occur list T: 0.01
c [xor-clean-equiv] removed equivalent xors: 0 left with: 228
c [occ-xor] found    228 avg sz 5.4 min sz  4 max sz  6 T: 0.02 T-out: N T-r: 99.98%
c --> Executing strategy token: card-find
c --> Executing strategy token: cl-consolidate
c Not consolidating memory.
c --> Executing strategy token: scc-vrepl
c [scc] new: 0 BP 0M T: 0.00
c --> Executing strategy token: renumber
c --> Executing strategy token: bosphorus
c --> Executing strategy token: louvain-comms
c [consolidate] mini T: 0.00
c global_timeout_multiplier: 9.0000
c [branch] rebuilding order heap for all branchings. Current branching: vsid
c [find&init matx] performing matrix init
c [gauss] XOR-encoding clauses are not detached, so no need to reattach them.
c [xor-rem-unconnected] left with 228 xors from 228 non-empty xors T: 0.00
c [xor-together] xored together: 146 orig xors: 228 new xors: 82 T: 0.00
c [xor-rem-unconnected] left with 82 xors from 82 non-empty xors T: 0.00
c [xor-clean-equiv] removed equivalent xors: 0 left with: 82
c [matrix] unused xors from cleaning: 0
c [matrix] Good   matrix  0     82 x  169  density:0.0670  xorlen avg: 11.33
c [matrix] Using 1 matrices recovered from 0 xors T: 0.00 T-out: N
c [distill-long-red0] cls tried: 15/15 T: 0.00 T-out: N T-r: 99.99%
c [distill-long-red1] cls tried: 42/42 T: 0.00 T-out: N T-r: 84.88%
c [distill] watch-based irred--  cl tried    39554 cl-sh     0 cl-rem    0 lit-rem      0 T: 0.06 T-out: N
c [distill] watch-based   red--  cl tried    35528 cl-sh     0 cl-rem    0 lit-rem      0 T: 0.05 T-out: N
c rst  geom best   vs  3510 4515K    3198   25K  3088    6.71    6.20 17764   349   24K   270   22.64   22.51
c rst  geom best   vs  3511 4530K    3198   25K  3088    6.71    6.20 17780   224   30K   270   23.04   22.92
c [distill-long-red0] cls tried: 10/10 T: 0.00 T-out: N T-r: 99.99%
c [distill-long-red1] cls tried: 39/39 T: 0.00 T-out: N T-r: 91.71%
c [full-probe]  bin_only: 0 set: 0 repl: 0 T: 0.01 T-out: N T-r: 98.49%
c [distill-bin] useful: 0/3088/3088 lits-rem: 0 cl-rem: 0 0-depth-assigns: 0 T: 0.01 T-out: N
c [ccnr] tries: 0 steps: 262143 best found: 2
c [ccnr] saving best assignment phase to stable_polar
c [ccnr] bumping based on clause weights
c [ccnr] Bumped vars: 104 bump type: 6
c [ccnr] time: 0.33
c rst  geom best   vs  3512 4547K    3198   25K  3088    6.71    6.20 17795   205   32K   270   23.29   23.18
c [distill-long-red0] cls tried: 11/11 T: 0.00 T-out: N T-r: 99.99%
c [distill-long-red1] cls tried: 14/14 T: 0.00 T-out: N T-r: 93.60%
c [distill] watch-based irred--  cl tried    34770 cl-sh     0 cl-rem    0 lit-rem      0 T: 0.07 T-out: Y
c [distill] watch-based   red--  cl tried    34795 cl-sh     0 cl-rem    0 lit-rem      0 T: 0.06 T-out: Y
c [gauss] XOR-encoding clauses are not detached, so no need to reattach them.
c [g 0] truth-find prop checks  : 1067K
c [g 0] -> of which prop        : 37.45 %
c [g 0] -> of which confl       :  0.80 %
c [g 0] elim called             : 72K
c [g 0] ---> which lead to prop : 175.69 %
c [g 0] ---> which lead to confl:  4.16 %
c [g 0] size: 82    x 169  
c [scc] new: 0 BP 0M T: 0.00
c [vrep] vars 0 lits 0 rem-bin-cls 0 rem-long-cls 0 BP 0M T: 0.01
c [intree] Set 0 vars hyper-added: 0 trans-irred: 0 trans-red: 0 T: 0.01 T-out: N T-r: -0.07%
c [find&init matx] performing matrix init
c [gauss] XOR-encoding clauses are not detached, so no need to reattach them.
c [xor-rem-unconnected] left with 228 xors from 228 non-empty xors T: 0.00
c [xor-together] xored together: 146 orig xors: 228 new xors: 82 T: 0.00
c [xor-rem-unconnected] left with 82 xors from 82 non-empty xors T: 0.00
c [xor-clean-equiv] removed equivalent xors: 0 left with: 82
c [matrix] unused xors from cleaning: 0
c [matrix] Good   matrix 0 82      x169    density:0.0670  xorlen avg: 11.33
c [matrix] Using 1 matrices recovered from 0 xors T: 0.00 T-out: N
c rst  geom best vs   3513  4565K 3198      25K  3088 6.71    6.20    17805   194   38K   270 23.73   23.63  
c [distill-long-red0] cls tried: 4/4 T: 0.00 T-out: N T-r: 99.99%
c [distill-long-red1] cls tried: 41/41 T: 0.00 T-out: N T-r: 83.38%
c [full-probe]  bin_only: 1 set: 0 repl: 0 T: 0.01 T-out: N T-r: 99.83%
c [distill-bin] useful: 0/3088/3088 lits-rem: 0 cl-rem: 0 0-depth-assigns: 0 T: 0.02 T-out: N
c [impl-str] lit bin: 0 set-var: 0 T: 0.00 T-out: N T-r: 99.97% w-visit: 6404
c [impl-sub] bin: 0 T: 0.00 T-out: N w-visit: 6404
c rst  geom stb  vs   3514  4585K 3198      25K  3088 6.71    6.20    17860   254   37K   270 28.31   28.18  
c [distill-long-red0] cls tried: 40/40 T: 0.00 T-out: N T-r: 99.97%
c [distill-long-red1] cls tried: 109/109 T: 0.01 T-out: N T-r: 69.40%
c [full-probe]  bin_only: 0 set: 0 repl: 0 T: 0.01 T-out: N T-r: 98.73%
c [distill-bin] useful: 0/3088/3088 lits-rem: 0 cl-rem: 0 0-depth-assigns: 0 T: 0.01 T-out: N
c [distill] watch-based irred--  cl tried 34322    cl-sh 0     cl-rem 0    lit-rem 0      T: 0.07 T-out: Y
c [distill] watch-based red  --  cl tried 32912    cl-sh 0     cl-rem 0    lit-rem 0      T: 0.06 T-out: Y
c [ccnr] tries: 0 steps: 262143 best found: 2
c [ccnr] saving best assignment phase to stable_polar
c [ccnr] bumping based on var unsat frequency: conflict_ct
c [ccnr] Bumped vars: 3202 bump type: 6
c [ccnr] time: 0.32
c rst  geom stb  vs   3515  4608K 3198      25K  3088 6.71    6.20    17924   358 19921   270 25.06   24.90  
c [distill-long-red0] cls tried: 40/40 T: 0.00 T-out: N T-r: 99.96%
c [distill-long-red1] cls tried: 147/147 T: 0.01 T-out: N T-r: 55.78%
c [full-probe]  bin_only: 1 set: 0 repl: 0 T: 0.01 T-out: N T-r: 99.88%
c [distill-bin] useful: 0/3088/3088 lits-rem: 0 cl-rem: 0 0-depth-assigns: 0 T: 0.01 T-out: N
c rst  geom stb  vs   3516  4632K 3198      25K  3088 6.71    6.20    18014   359   28K   270 27.68   27.54  
c [distill-long-red0] cls tried: 43/43 T: 0.01 T-out: N T-r: 99.96%
c [distill-long-red1] cls tried: 102/102 T: 0.02 T-out: N T-r: 40.93%
c [full-probe]  bin_only: 0 set: 0 repl: 0 T: 0.01 T-out: N T-r: 98.41%
c [distill-bin] useful: 0/3088/3088 lits-rem: 0 cl-rem: 0 0-depth-assigns: 0 T: 0.01 T-out: N
c [distill] watch-based irred--  cl tried 39554    cl-sh 0     cl-rem 0    lit-rem 0      T: 0.07 T-out: N
c [distill] watch-based red  --  cl tried 34830    cl-sh 2     cl-rem 0    lit-rem 2      T: 0.06 T-out: Y
c [impl-str] lit bin: 0 set-var: 0 T: 0.00 T-out: N T-r: 99.98% w-visit: 6404
c [impl-sub] bin: 0 T: 0.00 T-out: N w-visit: 6404
c [gauss] XOR-encoding clauses are not detached, so no need to reattach them.
c [g 0] truth-find prop checks  : 1982K
c [g 0] -> of which prop        : 54.13 %
c [g 0] -> of which confl       :  0.81 %
c [g 0] elim called             : 75K
c [g 0] ---> which lead to prop : 266.53 %
c [g 0] ---> which lead to confl:  5.21 %
c [g 0] size: 82    x 169  
c [scc] new: 0 BP 0M T: 0.00
c [vrep] vars 0 lits 0 rem-bin-cls 0 rem-long-cls 0 BP 0M T: 0.01
c [intree] Set 0 vars hyper-added: 0 trans-irred: 0 trans-red: 0 T: 0.01 T-out: N T-r: -0.44%
c [find&init matx] performing matrix init
c [gauss] XOR-encoding clauses are not detached, so no need to reattach them.
c [xor-rem-unconnected] left with 228 xors from 228 non-empty xors T: 0.00
c [xor-together] xored together: 146 orig xors: 228 new xors: 82 T: 0.00
c [xor-rem-unconnected] left with 82 xors from 82 non-empty xors T: 0.00
c [xor-clean-equiv] removed equivalent xors: 0 left with: 82
c [matrix] unused xors from cleaning: 0
c [matrix] Good   matrix 0 82      x169    density:0.0670  xorlen avg: 11.33
c [matrix] Using 1 matrices recovered from 0 xors T: 0.00 T-out: N
c [ccnr] tries: 0 steps: 262143 best found: 7
c [ccnr] saving best assignment phase to stable_polar
c [ccnr] bumping based on var unsat frequency: conflict_ct
c [ccnr] Bumped vars: 3202 bump type: 6
c [ccnr] time: 0.32
c rst  geom ibes vs   3517  4659K 3198      25K  3088 6.71    6.20    18096   412   25K   270 24.82   24.68  
c [distill-long-red0] cls tried: 49/49 T: 0.01 T-out: N T-r: 99.95%
c [distill-long-red1] cls tried: 178/178 T: 0.02 T-out: N T-r: 30.33%
c [full-probe]  bin_only: 1 set: 0 repl: 0 T: 0.01 T-out: N T-r: 99.86%
c [distill-bin] useful: 0/3088/3088 lits-rem: 0 cl-rem: 0 0-depth-assigns: 0 T: 0.01 T-out: N
c [distill] watch-based irred--  cl tried 38829    cl-sh 0     cl-rem 0    lit-rem 0      T: 0.07 T-out: Y
c [distill] watch-based red  --  cl tried 34312    cl-sh 1     cl-rem 0    lit-rem 1      T: 0.06 T-out: Y
c rst  geom ibes vs   3518  4688K 3198      25K  3088 6.71    6.20    18213   537   25K   270 25.05   24.91  
c [distill-long-red0] cls tried: 45/45 T: 0.01 T-out: N T-r: 99.94%
c [distill-long-red1] cls tried: 234/284 T: 0.03 T-out: Y T-r: -0.60%
c [full-probe]  bin_only: 0 set: 0 repl: 0 T: 0.01 T-out: N T-r: 98.52%
c [distill-bin] useful: 0/3088/3088 lits-rem: 0 cl-rem: 0 0-depth-assigns: 0 T: 0.01 T-out: N
c [distill] watch-based irred--  cl tried 39554    cl-sh 0     cl-rem 0    lit-rem 0      T: 0.06 T-out: N
c [distill] watch-based red  --  cl tried 33681    cl-sh 1     cl-rem 0    lit-rem 1      T: 0.06 T-out: Y
c [ccnr] tries: 0 steps: 262143 best found: 2
c [ccnr] saving best assignment phase to stable_polar
c [ccnr] bumping based on clause weights
c [ccnr] Bumped vars: 102 bump type: 6
c [ccnr] time: 0.32
c rst  geom svd  vs   3519  4721K 3198      25K  3088 6.71    6.20    18282   524   40K   270 23.72   23.62  
c [distill-long-red0] cls tried: 46/46 T: 0.01 T-out: N T-r: 99.95%
c [distill-long-red1] cls tried: 198/198 T: 0.03 T-out: N T-r: 0.42%
c [full-probe]  bin_only: 1 set: 0 repl: 0 T: 0.02 T-out: N T-r: 99.82%
c [distill-bin] useful: 0/3088/3088 lits-rem: 0 cl-rem: 0 0-depth-assigns: 0 T: 0.02 T-out: N
c [distill] watch-based irred--  cl tried 34265    cl-sh 0     cl-rem 0    lit-rem 0      T: 0.07 T-out: Y
c [distill] watch-based red  --  cl tried 32783    cl-sh 0     cl-rem 0    lit-rem 0      T: 0.06 T-out: Y
c [impl-str] lit bin: 0 set-var: 0 T: 0.00 T-out: N T-r: 99.97% w-visit: 6404
c [impl-sub] bin: 0 T: 0.00 T-out: N w-visit: 6404
c [gauss] XOR-encoding clauses are not detached, so no need to reattach them.
c [g 0] truth-find prop checks  : 2265K
c [g 0] -> of which prop        : 36.08 %
c [g 0] -> of which confl       :  0.77 %
c [g 0] elim called             : 172K
c [g 0] ---> which lead to prop : 181.83 %
c [g 0] ---> which lead to confl:  4.62 %
c [g 0] size: 82    x 169  
c [scc] new: 0 BP 0M T: 0.00
c [vrep] vars 0 lits 0 rem-bin-cls 0 rem-long-cls 0 BP 0M T: 0.01
c [intree] Set 0 vars hyper-added: 0 trans-irred: 0 trans-red: 0 T: 0.01 T-out: N T-r: -0.42%
c [find&init matx] performing matrix init
c [gauss] XOR-encoding clauses are not detached, so no need to reattach them.
c [xor-rem-unconnected] left with 228 xors from 228 non-empty xors T: 0.00
c [xor-together] xored together: 146 orig xors: 228 new xors: 82 T: 0.00
c [xor-rem-unconnected] left with 82 xors from 82 non-empty xors T: 0.00
c [xor-clean-equiv] removed equivalent xors: 0 left with: 82
c [matrix] unused xors from cleaning: 0
c [matrix] Good   matrix 0 82      x169    density:0.0670  xorlen avg: 11.33
c [matrix] Using 1 matrices recovered from 0 xors T: 0.00 T-out: N
c rst  geom svd  vs   3520  4756K 3198      25K  3088 6.71    6.20    18303   431   30K   270 24.63   24.50  
c [distill-long-red0] cls tried: 11/11 T: 0.00 T-out: N T-r: 100.00%
c [distill-long-red1] cls tried: 147/147 T: 0.01 T-out: N T-r: 52.40%
c [full-probe]  bin_only: 0 set: 0 repl: 0 T: 0.01 T-out: N T-r: 98.99%
c [distill-bin] useful: 0/3088/3088 lits-rem: 0 cl-rem: 0 0-depth-assigns: 0 T: 0.01 T-out: N
c [distill] watch-based irred--  cl tried 35537    cl-sh 0     cl-rem 0    lit-rem 0      T: 0.07 T-out: Y
c [distill] watch-based red  --  cl tried 34944    cl-sh 0     cl-rem 0    lit-rem 0      T: 0.06 T-out: Y
c [ccnr] tries: 0 steps: 262143 best found: 2
c [ccnr] saving best assignment phase to stable_polar
c [ccnr] bumping based on var unsat frequency: conflict_ct
c [ccnr] Bumped vars: 3202 bump type: 6
c [ccnr] time: 0.32
c rst  geom best vs   3521  4796K 3198      25K  3088 6.71    6.20    18351   300   42K   270 25.50   25.40  
c [branch] adjusting to: vmtf (from: vsid) var_decay:0.95 descr: VMTF
c [distill-long-red0] cls tried: 25/25 T: 0.00 T-out: N T-r: 99.98%
c [distill-long-red1] cls tried: 138/138 T: 0.01 T-out: N T-r: 60.21%
c [full-probe]  bin_only: 1 set: 0 repl: 0 T: 0.02 T-out: N T-r: 99.79%
c [distill-bin] useful: 0/3088/3088 lits-rem: 0 cl-rem: 0 0-depth-assigns: 0 T: 0.02 T-out: N
c [distill] watch-based irred--  cl tried 35984    cl-sh 0     cl-rem 0    lit-rem 0      T: 0.07 T-out: Y
c [distill] watch-based red  --  cl tried 35004    cl-sh 0     cl-rem 0    lit-rem 0      T: 0.06 T-out: Y
c [impl-str] lit bin: 0 set-var: 0 T: 0.00 T-out: N T-r: 99.97% w-visit: 6404
c [impl-sub] bin: 0 T: 0.00 T-out: N w-visit: 6404
c [gauss] XOR-encoding clauses are not detached, so no need to reattach them.
c [g 0] truth-find prop checks  : 2276K
c [g 0] -> of which prop        : 33.11 %
c [g 0] -> of which confl       :  0.85 %
c [g 0] elim called             : 156K
c [g 0] ---> which lead to prop : 202.85 %
c [g 0] ---> which lead to confl:  4.25 %
c [g 0] size: 82    x 169  
c [scc] new: 0 BP 0M T: 0.00
c [vrep] vars 0 lits 0 rem-bin-cls 0 rem-long-cls 0 BP 0M T: 0.01
c [intree] Set 0 vars hyper-added: 0 trans-irred: 0 trans-red: 0 T: 0.02 T-out: N T-r: -0.24%
c [find&init matx] performing matrix init
c [gauss] XOR-encoding clauses are not detached, so no need to reattach them.
c [xor-rem-unconnected] left with 228 xors from 228 non-empty xors T: 0.00
c [xor-together] xored together: 146 orig xors: 228 new xors: 82 T: 0.00
c [xor-rem-unconnected] left with 82 xors from 82 non-empty xors T: 0.00
c [xor-clean-equiv] removed equivalent xors: 0 left with: 82
c [matrix] unused xors from cleaning: 0
c [matrix] Good   matrix 0 82      x169    density:0.0670  xorlen avg: 11.33
c [matrix] Using 1 matrices recovered from 0 xors T: 0.00 T-out: N
c rst  luby best vmt  3522  4796K 3198      25K  3088 6.71    6.20    18351   311   42K   270 25.49   25.39  
c rst  luby best vmt  3523  4796K 3198      25K  3088 6.71    6.20    18351   312   42K   270 25.52   25.42  
c rst  luby best vmt  3524  4796K 3198      25K  3088 6.71    6.20    18351   314   42K   270 25.55   25.44  
c rst  luby best vmt  3525  4796K 3198      25K  3088 6.71    6.20    18351   319   42K   270 25.57   25.46  
c rst  luby best vmt  3526  4796K 3198      25K  3088 6.71    6.20    18351   319   42K   270 25.59   25.49  
c rst  luby best vmt  3527  4796K 3198      25K  3088 6.71    6.20    18351   323   42K   270 25.60   25.50  
c rst  luby best vmt  3528  4797K 3198      25K  3088 6.71    6.20    18352   327   43K   270 25.67   25.57  
c rst  luby best vmt  3529  4797K 3198      25K  3088 6.71    6.20    18352   327   43K   270 25.68   25.58  
c rst  luby best vmt  3530  4797K 3198      25K  3088 6.71    6.20    18352   327   43K   270 25.71   25.61  
c rst  luby best vmt  3531  4797K 3198      25K  3088 6.71    6.20    18352   328   43K   270 25.73   25.63  
c rst  luby best vmt  3532  4797K 3198      25K  3088 6.71    6.20    18352   328   43K   270 25.74   25.64  
c rst  luby best vmt  3533  4797K 3198      25K  3088 6.71    6.20    18352   328   43K   270 25.75   25.65  
c rst  luby best vmt  3534  4798K 3198      25K  3088 6.71    6.20    18352   328   44K   270 25.77   25.67  
c rst  luby best vmt  3535  4798K 3198      25K  3088 6.71    6.20    18352   328   44K   270 25.87   25.77  
c rst  luby best vmt  3536  4799K 3198      25K  3088 6.71    6.20    18352   334   45K   270 25.93   25.83  
c rst  luby best vmt  3537  4799K 3198      25K  3088 6.71    6.20    18352   335   45K   270 25.94   25.84  
c rst  luby best vmt  3538  4799K 3198      25K  3088 6.71    6.20    18352   338   45K   270 25.95   25.85  
c rst  luby best vmt  3539  4799K 3198      25K  3088 6.71    6.20    18352   342   45K   270 25.99   25.89  
c rst  luby best vmt  3540  4799K 3198      25K  3088 6.71    6.20    18352   345   45K   270 25.99   25.89  
c rst  luby best vmt  3541  4799K 3198      25K  3088 6.71    6.20    18352   345   45K   270 26.03   25.93  
c rst  luby best vmt  3542  4800K 3198      25K  3088 6.71    6.20    18352   346   46K   270 26.06   25.96  
c rst  luby best vmt  3543  4800K 3198      25K  3088 6.71    6.20    18384   404   32K   270 23.89   23.77  
c rst  luby best vmt  3544  4800K 3198      25K  3088 6.71    6.20    18384   410   32K   270 23.89   23.78  
c rst  luby best vmt  3545  4800K 3198      25K  3088 6.71    6.20    18384   411   32K   270 23.90   23.79  
c rst  luby best vmt  3546  4800K 3198      25K  3088 6.71    6.20    18391   430   32K   270 23.93   23.82  
c [ccnr] tries: 0 steps: 262143 best found: 4
c [ccnr] saving best assignment phase to stable_polar
c [ccnr] bumping based on var unsat frequency: conflict_ct
c [ccnr] Bumped vars: 3202 bump type: 6
c [ccnr] time: 0.32
c rst  luby best vmt  3547  4801K 3198      25K  3088 6.71    6.20    18392   432   33K   270 23.93   23.81  
c rst  luby best vmt  3548  4801K 3198      25K  3088 6.71    6.20    18392   441   33K   270 23.93   23.82  
c rst  luby best vmt  3549  4801K 3198      25K  3088 6.71    6.20    18392   446   33K   270 23.96   23.85  
c rst  luby best vmt  3550  4801K 3198      25K  3088 6.71    6.20    18392   446   33K   270 24.08   23.97  
c rst  luby best vmt  3551  4802K 3198      25K  3088 6.71    6.20    18394   481   34K   270 24.19   24.07  
c rst  luby best vmt  3552  4804K 3198      25K  3088 6.71    6.20    18395   514   36K   270 24.39   24.28  
c rst  luby best vmt  3553  4804K 3198      25K  3088 6.71    6.20    18395   515   36K   270 24.42   24.31  
c rst  luby best vmt  3554  4804K 3198      25K  3088 6.71    6.20    18396   515   36K   270 24.45   24.34  
c rst  luby best vmt  3555  4804K 3198      25K  3088 6.71    6.20    18396   517   36K   270 24.48   24.37  
c rst  luby best vmt  3556  4804K 3198      25K  3088 6.71    6.20    18396   518   36K   270 24.50   24.39  
c rst  luby best vmt  3557  4804K 3198      25K  3088 6.71    6.20    18397   520   36K   270 24.50   24.39  
c rst  luby best vmt  3558  4804K 3198      25K  3088 6.71    6.20    18397   523   36K   270 24.54   24.43  
c rst  luby best vmt  3559  4805K 3198      25K  3088 6.71    6.20    18397   527   37K   270 24.61   24.50  
c rst  luby best vmt  3560  4805K 3198      25K  3088 6.71    6.20    18397   528   37K   270 24.63   24.52  
c rst  luby best vmt  3561  4805K 3198      25K  3088 6.71    6.20    18397   528   37K   270 24.65   24.54  
c rst  luby best vmt  3562  4805K 3198      25K  3088 6.71    6.20    18397   528   37K   270 24.69   24.58  
c rst  luby best vmt  3563  4805K 3198      25K  3088 6.71    6.20    18398   530   37K   270 24.71   24.60  
c rst  luby best vmt  3564  4805K 3198      25K  3088 6.71    6.20    18399   530   37K   270 24.72   24.61  
c rst  luby best vmt  3565  4806K 3198      25K  3088 6.71    6.20    18399   536   38K   270 24.74   24.63  
c rst  luby best vmt  3566  4806K 3198      25K  3088 6.71    6.20    18400   566   38K   270 24.74   24.63  
c rst  luby best vmt  3567  4807K 3198      25K  3088 6.71    6.20    18400   569   39K   270 24.86   24.75  
c rst  luby best vmt  3568  4807K 3198      25K  3088 6.71    6.20    18400   572   39K   270 24.86   24.75  
c rst  luby best vmt  3569  4807K 3198      25K  3088 6.71    6.20    18400   573   39K   270 24.89   24.78  
c rst  luby best vmt  3570  4807K 3198      25K  3088 6.71    6.20    18400   573   39K   270 24.91   24.80  
c rst  luby best vmt  3571  4807K 3198      25K  3088 6.71    6.20    18400   573   39K   270 24.92   24.82  
c rst  luby best vmt  3572  4807K 3198      25K  3088 6.71    6.20    18400   573   39K   270 24.93   24.83  
c rst  luby best vmt  3573  4808K 3198      25K  3088 6.71    6.20    18400   573   40K   270 24.97   24.87  
c rst  luby best vmt  3574  4808K 3198      25K  3088 6.71    6.20    18400   573   40K   270 25.01   24.91  
c rst  luby best vmt  3575  4808K 3198      25K  3088 6.71    6.20    18400   573   40K   270 25.02   24.92  
c rst  luby best vmt  3576  4808K 3198      25K  3088 6.71    6.20    18400   576   40K   270 25.03   24.93  
c rst  luby best vmt  3577  4808K 3198      25K  3088 6.71    6.20    18400   584   40K   270 25.07   24.96  
c rst  luby best vmt  3578  4809K 3198      25K  3088 6.71    6.20    18400   585   40K   270 25.11   25.01  
c rst  luby best vmt  3579  4809K 3198      25K  3088 6.71    6.20    18400   585   41K   270 25.13   25.03  
c rst  luby best vmt  3580  4809K 3198      25K  3088 6.71    6.20    18400   595   41K   270 25.17   25.07  
c rst  luby best vmt  3581  4809K 3198      25K  3088 6.71    6.20    18403   613   41K   270 25.20   25.09  
c rst  luby stb  vmt  3582  4810K 3198      25K  3088 6.71    6.20    18493   506   42K   270 25.53   25.43  
c rst  luby stb  vmt  3583  4812K 3198      25K  3088 6.71    6.20    18493   518   44K   270 25.89   25.79  
c [distill-long-red0] cls tried: 120/120 T: 0.01 T-out: N T-r: 99.85%
c [distill-long-red1] cls tried: 167/271 T: 0.03 T-out: Y T-r: -1.62%
c rst  luby stb  vmt  3584  4815K 3198      25K  3088 6.71    6.20    18505   758   29K   270 23.89   23.77  
c rst  luby stb  vmt  3585  4815K 3198      25K  3088 6.71    6.20    18505   758   29K   270 23.93   23.81  
c rst  luby stb  vmt  3586  4815K 3198      25K  3088 6.71    6.20    18505   758   30K   270 23.96   23.84  
c rst  luby stb  vmt  3587  4815K 3198      25K  3088 6.71    6.20    18505   760   30K   270 24.04   23.92  
c rst  luby stb  vmt  3588  4815K 3198      25K  3088 6.71    6.20    18505   760   30K   270 24.06   23.94  
c rst  luby stb  vmt  3589  4816K 3198      25K  3088 6.71    6.20    18505   760   30K   270 24.09   23.97  
c rst  luby stb  vmt  3590  4816K 3198      25K  3088 6.71    6.20    18505   763   30K   270 24.18   24.06  
c [full-probe]  bin_only: 0 set: 0 repl: 0 T: 0.01 T-out: N T-r: 99.11%
c [distill-bin] useful: 0/3088/3088 lits-rem: 0 cl-rem: 0 0-depth-assigns: 0 T: 0.01 T-out: N
c rst  luby stb  vmt  3591  4816K 3198      25K  3088 6.71    6.20    18505   765   31K   270 24.36   24.24  
c rst  luby stb  vmt  3592  4816K 3198      25K  3088 6.71    6.20    18505   765   31K   270 24.40   24.28  
c rst  luby stb  vmt  3593  4816K 3198      25K  3088 6.71    6.20    18505   765   31K   270 24.44   24.32  
c rst  luby stb  vmt  3594  4817K 3198      25K  3088 6.71    6.20    18505   765   31K   270 24.54   24.42  
c rst  luby stb  vmt  3595  4817K 3198      25K  3088 6.71    6.20    18505   765   31K   270 24.57   24.45  
c rst  luby stb  vmt  3596  4817K 3198      25K  3088 6.71    6.20    18505   766   31K   270 24.61   24.49  
c rst  luby stb  vmt  3597  4817K 3198      25K  3088 6.71    6.20    18505   768   31K   270 24.68   24.56  
c rst  luby stb  vmt  3598  4817K 3198      25K  3088 6.71    6.20    18505   769   32K   270 24.83   24.71  
c rst  luby stb  vmt  3599  4818K 3198      25K  3088 6.71    6.20    18505   778   33K   270 25.08   24.96  
c rst  luby stb  vmt  3600  4818K 3198      25K  3088 6.71    6.20    18505   778   33K   270 25.10   24.98  
c rst  luby stb  vmt  3601  4818K 3198      25K  3088 6.71    6.20    18505   779   33K   270 25.14   25.02  
c rst  luby stb  vmt  3602  4819K 3198      25K  3088 6.71    6.20    18505   781   33K   270 25.19   25.07  
c rst  luby stb  vmt  3603  4819K 3198      25K  3088 6.71    6.20    18505   782   33K   270 25.22   25.10  
c rst  luby stb  vmt  3604  4819K 3198      25K  3088 6.71    6.20    18505   784   33K   270 25.24   25.12  
c rst  luby stb  vmt  3605  4819K 3198      25K  3088 6.71    6.20    18505   785   33K   270 25.29   25.18  
c rst  luby stb  vmt  3606  4819K 3198      25K  3088 6.71    6.20    18505   785   34K   270 25.42   25.30  
c rst  luby stb  vmt  3607  4819K 3198      25K  3088 6.71    6.20    18505   785   34K   270 25.44   25.32  
c rst  luby stb  vmt  3608  4820K 3198      25K  3088 6.71    6.20    18505   785   34K   270 25.46   25.34  
c rst  luby stb  vmt  3609  4820K 3198      25K  3088 6.71    6.20    18505   788   34K   270 25.52   25.40  
c rst  luby stb  vmt  3610  4820K 3198      25K  3088 6.71    6.20    18505   788   34K   270 25.55   25.43  
c rst  luby stb  vmt  3611  4820K 3198      25K  3088 6.71    6.20    18544   735   34K   270 25.58   25.46  
c rst  luby stb  vmt  3612  4820K 3198      25K  3088 6.71    6.20    18544   739   35K   270 25.61   25.50  
c rst  luby stb  vmt  3613  4821K 3198      25K  3088 6.71    6.20    18544   741   35K   270 25.69   25.57  
c rst  luby stb  vmt  3614  4821K 3198      25K  3088 6.71    6.20    18544   778   36K   270 25.90   25.78  
c [distill] watch-based irred--  cl tried 34203    cl-sh 0     cl-rem 0    lit-rem 0      T: 0.07 T-out: Y
c [distill] watch-based red  --  cl tried 32915    cl-sh 2     cl-rem 0    lit-rem 2      T: 0.06 T-out: Y
c rst  luby stb  vmt  3615  4823K 3198      25K  3088 6.71    6.20    18544   786   37K   270 26.31   26.20  
c rst  luby stb  vmt  3616  4823K 3198      25K  3088 6.71    6.20    18544   786   37K   270 26.36   26.25  
c rst  luby stb  vmt  3617  4823K 3198      25K  3088 6.71    6.20    18544   787   38K   270 26.38   26.27  
c rst  luby stb  vmt  3618  4823K 3198      25K  3088 6.71    6.20    18544   788   38K   270 26.47   26.35  
c rst  luby stb  vmt  3619  4823K 3198      25K  3088 6.71    6.20    18544   788   38K   270 26.49   26.38  
c rst  luby stb  vmt  3620  4824K 3198      25K  3088 6.71    6.20    18544   789   38K   270 26.51   26.40  
c rst  luby stb  vmt  3621  4824K 3198      25K  3088 6.71    6.20    18547   793   38K   270 26.57   26.45  
c rst  luby stb  vmt  3622  4824K 3198      25K  3088 6.71    6.20    18547   797   39K   270 26.67   26.56  
c res  pol  bran nres  conf  freevar IrrL  IrrB  l/longC l/allC  RedL0 RedL1 RedL2 RedB  l/longC l/allC 
c rst  luby stb  vmt  3623  4824K 3198      25K  3088 6.71    6.20    18547   798   39K   270 26.69   26.58  
c rst  luby stb  vmt  3624  4824K 3198      25K  3088 6.71    6.20    18547   798   39K   270 26.72   26.61  
c rst  luby stb  vmt  3625  4825K 3198      25K  3088 6.71    6.20    18547   799   39K   270 26.76   26.64  
c rst  luby stb  vmt  3626  4825K 3198      25K  3088 6.71    6.20    18547   799   39K   270 26.78   26.66  
c rst  luby stb  vmt  3627  4825K 3198      25K  3088 6.71    6.20    18547   799   39K   270 26.80   26.68  
c rst  luby stb  vmt  3628  4825K 3198      25K  3088 6.71    6.20    18547   805   39K   270 26.85   26.73  
c rst  luby stb  vmt  3629  4825K 3198      25K  3088 6.71    6.20    18548   817   40K   270 26.94   26.83  
c rst  luby stb  vmt  3630  4826K 3198      25K  3088 6.71    6.20    18548   821   40K   270 27.11   27.00  
c rst  luby stb  vmt  3631  4826K 3198      25K  3088 6.71    6.20    18548   822   41K   270 27.13   27.02  
c rst  luby stb  vmt  3632  4826K 3198      25K  3088 6.71    6.20    18548   823   41K   270 27.14   27.03  
c rst  luby stb  vmt  3633  4827K 3198      25K  3088 6.71    6.20    18548   824   41K   270 27.19   27.07  
c rst  luby stb  vmt  3634  4827K 3198      25K  3088 6.71    6.20    18548   824   41K   270 27.21   27.10  
c rst  luby stb  vmt  3635  4827K 3198      25K  3088 6.71    6.20    18548   824   41K   270 27.24   27.13  
c [distill-long-red0] cls tried: 44/44 T: 0.01 T-out: N T-r: 99.95%
c [distill-long-red1] cls tried: 174/432 T: 0.03 T-out: Y T-r: -1.53%
c rst  luby stb  vmt  3636  4827K 3198      25K  3088 6.71    6.20    18548   826   41K   270 27.28   27.17  
c rst  luby stb  vmt  3637  4827K 3198      25K  3088 6.71    6.20    18548   830   42K   270 27.39   27.28  
c rst  luby stb  vmt  3638  4828K 3198      25K  3088 6.71    6.20    18548   830   42K   270 27.40   27.29  
c rst  luby stb  vmt  3639  4828K 3198      25K  3088 6.71    6.20    18548   830   42K   270 27.41   27.30  
c rst  luby stb  vmt  3640  4828K 3198      25K  3088 6.71    6.20    18548   832   42K   270 27.47   27.36  
c rst  luby stb  vmt  3641  4828K 3198      25K  3088 6.71    6.20    18548   833   42K   270 27.48   27.37  
c rst  luby stb  vmt  3642  4828K 3198      25K  3088 6.71    6.20    18548   833   42K   270 27.50   27.39  
c rst  luby stb  vmt  3643  4828K 3198      25K  3088 6.71    6.20    18548   833   43K   270 27.53   27.42  
c rst  luby stb  vmt  3644  4829K 3198      25K  3088 6.71    6.20    18548   838   43K   270 27.59   27.48  
c rst  luby stb  vmt  3645  4829K 3198      25K  3088 6.71    6.20    18548   848   44K   270 27.72   27.62  
c rst  luby stb  vmt  3646  4831K 3198      25K  3088 6.71    6.20    18645   913   25K   270 25.60   25.46  
c rst  luby stb  vmt  3647  4834K 3198      25K  3088 6.71    6.20    18646   939   28K   270 26.45   26.31  
c rst  luby stb  vmt  3648  4841K 3198      25K  3088 6.71    6.20    18688   916   35K   270 27.42   27.30  
c [full-probe]  bin_only: 1 set: 0 repl: 0 T: 0.01 T-out: N T-r: 99.85%
c [distill-bin] useful: 0/3088/3088 lits-rem: 0 cl-rem: 0 0-depth-assigns: 0 T: 0.02 T-out: N
c rst  luby stb  vmt  3649  4841K 3198      25K  3088 6.71    6.20    18688   918   35K   270 27.44   27.32  
c rst  luby stb  vmt  3650  4841K 3198      25K  3088 6.71    6.20    18688   922   35K   270 27.45   27.33  
c rst  luby stb  vmt  3651  4841K 3198      25K  3088 6.71    6.20    18693   934   35K   270 27.48   27.35  
c rst  luby stb  vmt  3652  4841K 3198      25K  3088 6.71    6.20    18693   937   35K   270 27.49   27.37  
c rst  luby stb  vmt  3653  4841K 3198      25K  3088 6.71    6.20    18693   937   35K   270 27.52   27.39  
c rst  luby stb  vmt  3654  4841K 3198      25K  3088 6.71    6.20    18693   937   36K   270 27.54   27.41  
c rst  luby stb  vmt  3655  4842K 3198      25K  3088 6.71    6.20    18693   941   36K   270 27.63   27.51  
c [distill-long-red0] cls tried: 113/113 T: 0.01 T-out: N T-r: 99.87%
c [distill-long-red1] cls tried: 235/457 T: 0.03 T-out: Y T-r: -1.34%
c rst  luby stb  vmt  3656  4842K 3198      25K  3088 6.71    6.20    18693   941   36K   270 27.63   27.51  
c rst  luby stb  vmt  3657  4842K 3198      25K  3088 6.71    6.20    18693   941   36K   270 27.64   27.52  
c rst  luby stb  vmt  3658  4842K 3198      25K  3088 6.71    6.20    18693   941   36K   270 27.69   27.56  
c rst  luby stb  vmt  3659  4842K 3198      25K  3088 6.71    6.20    18693   943   36K   270 27.72   27.59  
c rst  luby stb  vmt  3660  4842K 3198      25K  3088 6.71    6.20    18693   944   37K   270 27.74   27.62  
c rst  luby stb  vmt  3661  4843K 3198      25K  3088 6.71    6.20    18693   944   37K   270 27.79   27.67  
c rst  luby stb  vmt  3662  4843K 3198      25K  3088 6.71    6.20    18693   951   37K   270 27.84   27.72  
c rst  luby stb  vmt  3663  4844K 3198      25K  3088 6.71    6.20    18693   964   38K   270 28.02   27.90  
c rst  luby stb  vmt  3664  4844K 3198      25K  3088 6.71    6.20    18693   965   38K   270 28.04   27.92  
c rst  luby stb  vmt  3665  4844K 3198      25K  3088 6.71    6.20    18693   965   38K   270 28.05   27.93  
c rst  luby stb  vmt  3666  4844K 3198      25K  3088 6.71    6.20    18693   966   38K   270 28.09   27.97  
c rst  luby stb  vmt  3667  4844K 3198      25K  3088 6.71    6.20    18693   967   38K   270 28.10   27.98  
c rst  luby stb  vmt  3668  4844K 3198      25K  3088 6.71    6.20    18693   968   39K   270 28.11   28.00  
c [ccnr] tries: 0 steps: 262143 best found: 2
c [ccnr] saving best assignment phase to stable_polar
c [ccnr] bumping based on clause weights
c [ccnr] Bumped vars: 102 bump type: 6
c [ccnr] time: 0.33
c rst  luby stb  vmt  3669  4845K 3198      25K  3088 6.71    6.20    18693   975   39K   270 28.15   28.03  
c rst  luby stb  vmt  3670  4845K 3198      25K  3088 6.71    6.20    18705  1201   26K   270 24.94   24.81  
c rst  luby stb  vmt  3671  4845K 3198      25K  3088 6.71    6.20    18705  1204   26K   270 24.99   24.86  
c rst  luby stb  vmt  3672  4845K 3198      25K  3088 6.71    6.20    18705  1206   26K   270 25.01   24.87  
c rst  luby stb  vmt  3673  4845K 3198      25K  3088 6.71    6.20    18705  1207   26K   270 25.07   24.94  
c rst  luby stb  vmt  3674  4846K 3198      25K  3088 6.71    6.20    18705  1208   26K   270 25.12   24.99  
c rst  luby stb  vmt  3675  4846K 3198      25K  3088 6.71    6.20    18705  1208   27K   270 25.17   25.04  
c rst  luby stb  vmt  3676  4846K 3198      25K  3088 6.71    6.20    18705  1208   27K   270 25.27   25.14  
c rst  luby stb  vmt  3677  4846K 3198      25K  3088 6.71    6.20    18705  1215   27K   270 25.41   25.28  
c rst  luby stb  vmt  3678  4847K 3198      25K  3088 6.71    6.20    18706  1229   28K   270 25.74   25.61  
c [distill] watch-based irred--  cl tried 36208    cl-sh 0     cl-rem 0    lit-rem 0      T: 0.07 T-out: Y
c [distill] watch-based red  --  cl tried 32828    cl-sh 2     cl-rem 0    lit-rem 3      T: 0.06 T-out: Y
c rst  luby stb  vmt  3679  4849K 3198      25K  3088 6.71    6.20    18712  1284   29K   270 26.06   25.93  
c rst  luby stb  vmt  3680  4849K 3198      25K  3088 6.71    6.20    18713  1288   30K   270 26.10   25.97  
c rst  luby stb  vmt  3681  4849K 3198      25K  3088 6.71    6.20    18713  1288   30K   270 26.14   26.01  
c rst  luby stb  vmt  3682  4849K 3198      25K  3088 6.71    6.20    18713  1290   30K   270 26.21   26.08  
c rst  luby stb  vmt  3683  4849K 3198      25K  3088 6.71    6.20    18713  1293   30K   270 26.23   26.11  
c rst  luby stb  vmt  3684  4849K 3198      25K  3088 6.71    6.20    18713  1296   30K   270 26.28   26.15  
c rst  luby stb  vmt  3685  4849K 3198      25K  3088 6.71    6.20    18713  1301   30K   270 26.34   26.21  
c rst  luby stb  vmt  3686  4850K 3198      25K  3088 6.71    6.20    18713  1313   31K   270 26.47   26.35  
c rst  luby stb  vmt  3687  4850K 3198      25K  3088 6.71    6.20    18847  1171   31K   270 26.52   26.40  
c rst  luby stb  vmt  3688  4850K 3198      25K  3088 6.71    6.20    18847  1174   31K   270 26.54   26.41  
c rst  luby stb  vmt  3689  4850K 3198      25K  3088 6.71    6.20    18847  1174   31K   270 26.62   26.50  
c rst  luby stb  vmt  3690  4850K 3198      25K  3088 6.71    6.20    18847  1174   31K   270 26.66   26.53  
c rst  luby stb  vmt  3691  4851K 3198      25K  3088 6.71    6.20    18847  1178   31K   270 26.69   26.56  
c rst  luby stb  vmt  3692  4851K 3198      25K  3088 6.71    6.20    18847  1182   31K   270 26.73   26.60  
c rst  luby stb  vmt  3693  4851K 3198      25K  3088 6.71    6.20    18847  1187   32K   270 26.90   26.77  
c rst  luby stb  vmt  3694  4852K 3198      25K  3088 6.71    6.20    18847  1192   33K   270 27.17   27.05  
c rst  luby stb  vmt  3695  4852K 3198      25K  3088 6.71    6.20    18847  1193   33K   270 27.21   27.08  
c rst  luby stb  vmt  3696  4852K 3198      25K  3088 6.71    6.20    18847  1195   33K   270 27.25   27.12  
c rst  luby stb  vmt  3697  4852K 3198      25K  3088 6.71    6.20    18847  1202   33K   270 27.32   27.19  
c rst  luby stb  vmt  3698  4852K 3198      25K  3088 6.71    6.20    18847  1202   33K   270 27.35   27.22  
c rst  luby stb  vmt  3699  4853K 3198      25K  3088 6.71    6.20    18847  1207   33K   270 27.36   27.23  
c rst  luby stb  vmt  3700  4853K 3198      25K  3088 6.71    6.20    18847  1208   33K   270 27.41   27.29  
c rst  luby stb  vmt  3701  4853K 3198      25K  3088 6.71    6.20    18849  1213   34K   270 27.50   27.37  
c rst  luby stb  vmt  3702  4853K 3198      25K  3088 6.71    6.20    18849  1216   34K   270 27.52   27.40  
c rst  luby stb  vmt  3703  4853K 3198      25K  3088 6.71    6.20    18849  1217   34K   270 27.56   27.43  
c rst  luby stb  vmt  3704  4854K 3198      25K  3088 6.71    6.20    18849  1220   34K   270 27.62   27.50  
c rst  luby stb  vmt  3705  4854K 3198      25K  3088 6.71    6.20    18849  1220   34K   270 27.64   27.52  
c rst  luby stb  vmt  3706  4854K 3198      25K  3088 6.71    6.20    18849  1221   34K   270 27.69   27.56  
c rst  luby stb  vmt  3707  4854K 3198      25K  3088 6.71    6.20    18849  1224   35K   270 27.76   27.64  
c rst  luby stb  vmt  3708  4854K 3198      25K  3088 6.71    6.20    18851  1241   35K   270 27.82   27.69  
c rst  luby stb  vmt  3709  4855K 3198      25K  3088 6.71    6.20    18852  1265   36K   270 28.01   27.89  
c rst  luby stb  vmt  3710  4857K 3198      25K  3088 6.71    6.20    18859  1320   37K   270 28.34   28.22  
c [impl-str] lit bin: 0 set-var: 0 T: 0.00 T-out: N T-r: 99.97% w-visit: 6404
c [impl-sub] bin: 0 T: 0.00 T-out: N w-visit: 6404
c rst  luby stb  vmt  3711  4860K 3198      25K  3088 6.71    6.20    18899  1617   22K   270 24.66   24.52  
c [distill-long-red0] cls tried: 172/172 T: 0.02 T-out: N T-r: 99.80%
c [distill-long-red1] cls tried: 212/935 T: 0.03 T-out: Y T-r: -0.34%
c rst  luby stb  vmt  3712  4860K 3198      25K  3088 6.71    6.20    18996  1503   22K   270 24.68   24.54  
c rst  luby stb  vmt  3713  4860K 3198      25K  3088 6.71    6.20    18996  1506   22K   270 24.70   24.56  
c rst  luby stb  vmt  3714  4860K 3198      25K  3088 6.71    6.20    18996  1509   23K   270 24.81   24.67  
c rst  luby stb  vmt  3715  4860K 3198      25K  3088 6.71    6.20    18996  1510   23K   270 24.85   24.71  
c rst  luby stb  vmt  3716  4861K 3198      25K  3088 6.71    6.20    18997  1513   23K   270 24.87   24.72  
c rst  luby stb  vmt  3717  4861K 3198      25K  3088 6.71    6.20    18997  1514   23K   270 24.96   24.82  
c [full-probe]  bin_only: 0 set: 0 repl: 0 T: 0.01 T-out: N T-r: 99.00%
c [distill-bin] useful: 0/3088/3088 lits-rem: 0 cl-rem: 0 0-depth-assigns: 0 T: 0.01 T-out: N
c [gauss] XOR-encoding clauses are not detached, so no need to reattach them.
c [g 0] truth-find prop checks  : 1842K
c [g 0] -> of which prop        : 36.01 %
c [g 0] -> of which confl       :  0.74 %
c [g 0] elim called             : 131K
c [g 0] ---> which lead to prop : 180.27 %
c [g 0] ---> which lead to confl:  3.43 %
c [g 0] size: 82    x 169  
c [scc] new: 0 BP 0M T: 0.00
c [vrep] vars 0 lits 0 rem-bin-cls 0 rem-long-cls 0 BP 0M T: 0.01
c [intree] Set 0 vars hyper-added: 0 trans-irred: 0 trans-red: 0 T: 0.01 T-out: N T-r: -0.49%
c [find&init matx] performing matrix init
c [gauss] XOR-encoding clauses are not detached, so no need to reattach them.
c [xor-rem-unconnected] left with 228 xors from 228 non-empty xors T: 0.00
c [xor-together] xored together: 146 orig xors: 228 new xors: 82 T: 0.00
c [xor-rem-unconnected] left with 82 xors from 82 non-empty xors T: 0.00
c [xor-clean-equiv] removed equivalent xors: 0 left with: 82
c [matrix] unused xors from cleaning: 0
c [matrix] Good   matrix 0 82      x169    density:0.0670  xorlen avg: 11.33
c [matrix] Using 1 matrices recovered from 0 xors T: 0.00 T-out: N
c rst  luby stb  vmt  3718  4861K 3198      25K  3088 6.71    6.20    18999  1526   23K   270 25.03   24.89  
c rst  luby stb  vmt  3719  4861K 3198      25K  3088 6.71    6.20    18999  1529   23K   270 25.08   24.94  
c rst  luby stb  vmt  3720  4861K 3198      25K  3088 6.71    6.20    18999  1532   23K   270 25.10   24.96  
c rst  luby stb  vmt  3721  4862K 3198      25K  3088 6.71    6.20    18999  1534   24K   270 25.21   25.07  
c rst  luby stb  vmt  3722  4862K 3198      25K  3088 6.71    6.20    18999  1534   24K   270 25.26   25.12  
c rst  luby stb  vmt  3723  4862K 3198      25K  3088 6.71    6.20    18999  1538   24K   270 25.30   25.16  
c rst  luby stb  vmt  3724  4862K 3198      25K  3088 6.71    6.20    18999  1539   24K   270 25.40   25.26  
c rst  luby stb  vmt  3725  4862K 3198      25K  3088 6.71    6.20    18999  1544   24K   270 25.59   25.45  
c rst  luby stb  vmt  3726  4863K 3198      25K  3088 6.71    6.20    19000  1547   25K   270 25.95   25.81  
c rst  luby ibes vmt  3727  4863K 3198      25K  3088 6.71    6.20    19000  1549   25K   270 25.98   25.84  
c rst  luby ibes vmt  3728  4863K 3198      25K  3088 6.71    6.20    19000  1550   25K   270 26.01   25.87  
c rst  luby ibes vmt  3729  4864K 3198      25K  3088 6.71    6.20    19000  1551   26K   270 26.10   25.96  
c rst  luby ibes vmt  3730  4864K 3198      25K  3088 6.71    6.20    19000  1551   26K   270 26.14   26.00  
c rst  luby ibes vmt  3731  4864K 3198      25K  3088 6.71    6.20    19000  1552   26K   270 26.17   26.03  
c rst  luby ibes vmt  3732  4864K 3198      25K  3088 6.71    6.20    19000  1556   26K   270 26.26   26.12  
c rst  luby ibes vmt  3733  4864K 3198      25K  3088 6.71    6.20    19000  1559   26K   270 26.40   26.26  
c rst  luby ibes vmt  3734  4864K 3198      25K  3088 6.71    6.20    19000  1559   27K   270 26.43   26.29  
c rst  luby ibes vmt  3735  4865K 3198      25K  3088 6.71    6.20    19000  1559   27K   270 26.47   26.33  
c rst  luby ibes vmt  3736  4865K 3198      25K  3088 6.71    6.20    19000  1559   27K   270 26.53   26.40  
c rst  luby ibes vmt  3737  4865K 3198      25K  3088 6.71    6.20    19000  1562   27K   270 26.57   26.43  
c rst  luby ibes vmt  3738  4865K 3198      25K  3088 6.71    6.20    19000  1562   27K   270 26.60   26.46  
c rst  luby ibes vmt  3739  4865K 3198      25K  3088 6.71    6.20    19000  1562   27K   270 26.67   26.54  
c rst  luby ibes vmt  3740  4866K 3198      25K  3088 6.71    6.20    19000  1570   28K   270 26.85   26.71  
c rst  luby ibes vmt  3741  4866K 3198      25K  3088 6.71    6.20    19000  1574   28K   270 27.06   26.93  
c rst  luby ibes vmt  3742  4868K 3198      25K  3088 6.71    6.20    19000  1580   30K   270 27.82   27.69  
c rst  luby ibes vmt  3743  4868K 3198      25K  3088 6.71    6.20    19000  1582   30K   270 27.86   27.72  
c rst  luby ibes vmt  3744  4868K 3198      25K  3088 6.71    6.20    19000  1583   30K   270 27.88   27.74  
c rst  luby ibes vmt  3745  4868K 3198      25K  3088 6.71    6.20    19000  1586   30K   270 27.93   27.80  
c rst  luby ibes vmt  3746  4869K 3198      25K  3088 6.71    6.20    19000  1588   31K   270 27.96   27.82  
c rst  luby ibes vmt  3747  4869K 3198      25K  3088 6.71    6.20    19000  1589   31K   270 27.98   27.85  
c rst  luby ibes vmt  3748  4869K 3198      25K  3088 6.71    6.20    19002  1599   31K   270 28.02   27.88  
c rst  luby ibes vmt  3749  4869K 3198      25K  3088 6.71    6.20    19002  1607   31K   270 28.13   27.99  
c rst  luby ibes vmt  3750  4869K 3198      25K  3088 6.71    6.20    19002  1609   31K   270 28.14   28.01  
c rst  luby ibes vmt  3751  4869K 3198      25K  3088 6.71    6.20    19002  1610   31K   270 28.17   28.04  
c rst  luby ibes vmt  3752  4870K 3198      25K  3088 6.71    6.20    19002  1610   32K   270 28.23   28.10  
c rst  luby ibes vmt  3753  4870K 3198      25K  3088 6.71    6.20    19002  1613   32K   270 28.24   28.11  
c rst  luby ibes vmt  3754  4870K 3198      25K  3088 6.71    6.20    19002  1620   32K   270 28.27   28.14  
c rst  luby ibes vmt  3755  4870K 3198      25K  3088 6.71    6.20    19093  1458   32K   270 28.33   28.19  
c rst  luby ibes vmt  3756  4870K 3198      25K  3088 6.71    6.20    19093  1462   33K   270 28.42   28.29  
c rst  luby ibes vmt  3757  4871K 3198      25K  3088 6.71    6.20    19093  1462   33K   270 28.60   28.46  
c rst  luby ibes vmt  3758  4871K 3198      25K  3088 6.71    6.20    19093  1463   33K   270 28.61   28.48  
c rst  luby ibes vmt  3759  4871K 3198      25K  3088 6.71    6.20    19093  1463   34K   270 28.64   28.50  
c rst  luby ibes vmt  3760  4872K 3198      25K  3088 6.71    6.20    19093  1463   34K   270 28.68   28.55  
c rst  luby ibes vmt  3761  4872K 3198      25K  3088 6.71    6.20    19093  1466   34K   270 28.71   28.58  
c rst  luby ibes vmt  3762  4872K 3198      25K  3088 6.71    6.20    19093  1471   34K   270 28.74   28.61  
c rst  luby ibes vmt  3763  4872K 3198      25K  3088 6.71    6.20    19093  1473   34K   270 28.78   28.65  
c rst  luby ibes vmt  3764  4872K 3198      25K  3088 6.71    6.20    19093  1473   35K   270 28.89   28.76  
c [distill] watch-based irred--  cl tried 38667    cl-sh 0     cl-rem 0    lit-rem 0      T: 0.07 T-out: Y
c [distill] watch-based red  --  cl tried 32322    cl-sh 9     cl-rem 0    lit-rem 9      T: 0.06 T-out: Y
c rst  luby ibes vmt  3765  4873K 3198      25K  3088 6.71    6.20    19093  1473   35K   270 28.91   28.78  
c rst  luby ibes vmt  3766  4873K 3198      25K  3088 6.71    6.20    19093  1473   35K   270 28.93   28.80  
c rst  luby ibes vmt  3767  4873K 3198      25K  3088 6.71    6.20    19094  1479   35K   270 28.92   28.79  
c rst  luby ibes vmt  3768  4873K 3198      25K  3088 6.71    6.20    19094  1484   35K   270 28.92   28.79  
c rst  luby ibes vmt  3769  4873K 3198      25K  3088 6.71    6.20    19094  1484   35K   270 28.94   28.81  
c rst  luby ibes vmt  3770  4873K 3198      25K  3088 6.71    6.20    19094  1484   35K   270 28.98   28.85  
c rst  luby ibes vmt  3771  4874K 3198      25K  3088 6.71    6.20    19094  1486   36K   270 29.07   28.94  
c rst  luby ibes vmt  3772  4874K 3198      25K  3088 6.71    6.20    19094  1493   37K   270 29.16   29.03  
c rst  luby ibes vmt  3773  4876K 3198      25K  3088 6.71    6.20    19114  1754   23K   270 25.96   25.81  
c [distill-long-red0] cls tried: 173/173 T: 0.02 T-out: N T-r: 99.78%
c [distill-long-red1] cls tried: 216/992 T: 0.03 T-out: Y T-r: -0.47%
c rst  luby ibes vmt  3774  4879K 3198      25K  3088 6.71    6.20    19117  1779   26K   270 26.97   26.83  
c rst  luby ibes vmt  3775  4886K 3198      25K  3088 6.71    6.20    19177  1479   33K   270 28.38   28.25  
c [full-probe]  bin_only: 1 set: 0 repl: 0 T: 0.01 T-out: N T-r: 99.87%
c [distill-bin] useful: 0/3088/3088 lits-rem: 0 cl-rem: 0 0-depth-assigns: 0 T: 0.02 T-out: N
c rst  luby ibes vmt  3776  4898K 3198      25K  3088 6.71    6.20    19207  1596   29K   270 27.17   27.03  
c [distill-long-red0] cls tried: 69/69 T: 0.01 T-out: N T-r: 99.90%
c [distill-long-red1] cls tried: 179/878 T: 0.03 T-out: Y T-r: -0.86%
c [distill] watch-based irred--  cl tried 39554    cl-sh 0     cl-rem 0    lit-rem 0      T: 0.07 T-out: N
c [distill] watch-based red  --  cl tried 37221    cl-sh 1     cl-rem 0    lit-rem 1      T: 0.06 T-out: Y
c [ccnr] tries: 0 steps: 262143 best found: 2
c [ccnr] saving best assignment phase to stable_polar
c [ccnr] bumping based on var unsat frequency: conflict_ct
c [ccnr] Bumped vars: 3202 bump type: 6
c [ccnr] time: 0.34
c rst  luby ibes vmt  3777  4899K 3198      25K  3088 6.71    6.20    19207  1600   29K   270 27.16   27.03  
c rst  luby ibes vmt  3778  4899K 3198      25K  3088 6.71    6.20    19209  1605   29K   270 27.18   27.04  
c rst  luby ibes vmt  3779  4899K 3198      25K  3088 6.71    6.20    19209  1608   29K   270 27.26   27.13  
c rst  luby ibes vmt  3780  4899K 3198      25K  3088 6.71    6.20    19209  1608   29K   270 27.29   27.15  
c rst  luby ibes vmt  3781  4899K 3198      25K  3088 6.71    6.20    19209  1609   30K   270 27.34   27.20  
c rst  luby ibes vmt  3782  4899K 3198      25K  3088 6.71    6.20    19209  1611   30K   270 27.39   27.26  
c rst  luby ibes vmt  3783  4900K 3198      25K  3088 6.71    6.20    19209  1614   30K   270 27.55   27.42  
c rst  luby ibes vmt  3784  4900K 3198      25K  3088 6.71    6.20    19209  1620   30K   270 27.56   27.43  
c rst  luby ibes vmt  3785  4900K 3198      25K  3088 6.71    6.20    19209  1621   30K   270 27.60   27.46  
c rst  luby ibes vmt  3786  4900K 3198      25K  3088 6.71    6.20    19245  1453   31K   270 27.64   27.51  
c rst  luby ibes vmt  3787  4900K 3198      25K  3088 6.71    6.20    19245  1454   31K   270 27.67   27.53  
c rst  luby ibes vmt  3788  4900K 3198      25K  3088 6.71    6.20    19246  1457   31K   270 27.70   27.57  
c rst  luby ibes vmt  3789  4900K 3198      25K  3088 6.71    6.20    19246  1460   31K   270 27.74   27.60  
c rst  luby ibes vmt  3790  4901K 3198      25K  3088 6.71    6.20    19246  1467   31K   270 27.81   27.68  
c rst  luby ibes vmt  3791  4902K 3198      25K  3088 6.71    6.20    19246  1473   32K   270 28.00   27.87  
c rst  luby ibes vmt  3792  4902K 3198      25K  3088 6.71    6.20    19246  1473   32K   270 28.04   27.91  
c rst  luby ibes vmt  3793  4902K 3198      25K  3088 6.71    6.20    19246  1473   32K   270 28.07   27.94  
c rst  luby ibes vmt  3794  4902K 3198      25K  3088 6.71    6.20    19246  1473   33K   270 28.14   28.01  
c rst  luby ibes vmt  3795  4902K 3198      25K  3088 6.71    6.20    19246  1473   33K   270 28.17   28.04  
c rst  luby ibes vmt  3796  4902K 3198      25K  3088 6.71    6.20    19246  1473   33K   270 28.20   28.07  
c rst  luby ibes vmt  3797  4902K 3198      25K  3088 6.71    6.20    19246  1477   33K   270 28.26   28.13  
c rst  luby ibes vmt  3798  4903K 3198      25K  3088 6.71    6.20    19246  1477   34K   270 28.38   28.25  
c rst  luby ibes vmt  3799  4903K 3198      25K  3088 6.71    6.20    19246  1479   34K   270 28.40   28.27  
c rst  luby ibes vmt  3800  4903K 3198      25K  3088 6.71    6.20    19246  1479   34K   270 28.43   28.30  
c rst  luby ibes vmt  3801  4903K 3198      25K  3088 6.71    6.20    19246  1480   34K   270 28.51   28.38  
c rst  luby ibes vmt  3802  4903K 3198      25K  3088 6.71    6.20    19246  1480   34K   270 28.54   28.41  
c rst  luby ibes vmt  3803  4904K 3198      25K  3088 6.71    6.20    19246  1480   34K   270 28.56   28.43  
c rst  luby ibes vmt  3804  4904K 3198      25K  3088 6.71    6.20    19246  1481   34K   270 28.61   28.48  
c rst  luby ibes vmt  3805  4904K 3198      25K  3088 6.71    6.20    19246  1483   35K   270 28.70   28.58  
c rst  luby ibes vmt  3806  4905K 3198      25K  3088 6.71    6.20    19256  1639 19140   270 24.28   24.13  
c rst  luby ibes vmt  3807  4907K 3198      25K  3088 6.71    6.20    19258  1660   20K   270 24.84   24.69  
c [full-probe]  bin_only: 0 set: 0 repl: 0 T: 0.01 T-out: N T-r: 99.20%
c [distill-bin] useful: 0/3088/3088 lits-rem: 0 cl-rem: 0 0-depth-assigns: 0 T: 0.01 T-out: N
c rst  luby ibes vmt  3808  4907K 3198      25K  3088 6.71    6.20    19258  1660   20K   270 24.90   24.75  
c rst  luby ibes vmt  3809  4907K 3198      25K  3088 6.71    6.20    19258  1662   20K   270 24.94   24.79  
c rst  luby ibes vmt  3810  4907K 3198      25K  3088 6.71    6.20    19258  1662   21K   270 25.03   24.89  
c rst  luby ibes vmt  3811  4907K 3198      25K  3088 6.71    6.20    19258  1665   21K   270 25.07   24.93  
c rst  luby ibes vmt  3812  4907K 3198      25K  3088 6.71    6.20    19258  1670   21K   270 25.09   24.94  
c rst  luby ibes vmt  3813  4907K 3198      25K  3088 6.71    6.20    19258  1670   21K   270 25.19   25.04  
c rst  luby ibes vmt  3814  4908K 3198      25K  3088 6.71    6.20    19258  1672   21K   270 25.34   25.20  
c rst  luby ibes vmt  3815  4908K 3198      25K  3088 6.71    6.20    19258  1672   22K   270 25.39   25.24  
c rst  luby ibes vmt  3816  4908K 3198      25K  3088 6.71    6.20    19258  1673   22K   270 25.42   25.28  
c rst  luby ibes vmt  3817  4908K 3198      25K  3088 6.71    6.20    19258  1673   22K   270 25.49   25.35  
c rst  luby ibes vmt  3818  4908K 3198      25K  3088 6.71    6.20    19258  1673   22K   270 25.51   25.37  
c rst  luby ibes vmt  3819  4908K 3198      25K  3088 6.71    6.20    19258  1673   22K   270 25.54   25.39  
c rst  luby ibes vmt  3820  4909K 3198      25K  3088 6.71    6.20    19258  1674   22K   270 25.59   25.45  
c rst  luby ibes vmt  3821  4909K 3198      25K  3088 6.71    6.20    19258  1674   23K   270 25.75   25.61  
c rst  luby ibes vmt  3822  4910K 3198      25K  3088 6.71    6.20    19258  1679   23K   270 25.90   25.76  
c rst  luby ibes vmt  3823  4910K 3198      25K  3088 6.71    6.20    19258  1680   24K   270 25.92   25.78  
c rst  luby ibes vmt  3824  4910K 3198      25K  3088 6.71    6.20    19305  1559   24K   270 25.93   25.79  
c rst  luby ibes vmt  3825  4910K 3198      25K  3088 6.71    6.20    19305  1561   24K   270 26.02   25.88  
c rst  luby ibes vmt  3826  4910K 3198      25K  3088 6.71    6.20    19305  1563   24K   270 26.05   25.91  
c rst  luby ibes vmt  3827  4910K 3198      25K  3088 6.71    6.20    19305  1564   24K   270 26.08   25.94  
c rst  luby ibes vmt  3828  4911K 3198      25K  3088 6.71    6.20    19305  1567   24K   270 26.15   26.01  
c rst  luby ibes vmt  3829  4911K 3198      25K  3088 6.71    6.20    19305  1573   25K   270 26.22   26.08  
c rst  luby ibes vmt  3830  4911K 3198      25K  3088 6.71    6.20    19305  1573   25K   270 26.25   26.11  
c rst  luby ibes vmt  3831  4911K 3198      25K  3088 6.71    6.20    19305  1573   25K   270 26.28   26.14  
c rst  luby ibes vmt  3832  4911K 3198      25K  3088 6.71    6.20    19305  1575   25K   270 26.37   26.23  
c rst  luby ibes vmt  3833  4911K 3198      25K  3088 6.71    6.20    19305  1575   25K   270 26.40   26.26  
c rst  luby ibes vmt  3834  4912K 3198      25K  3088 6.71    6.20    19305  1576   25K   270 26.43   26.29  
c rst  luby ibes vmt  3835  4912K 3198      25K  3088 6.71    6.20    19305  1579   26K   270 26.51   26.37  
c rst  luby ibes vmt  3836  4912K 3198      25K  3088 6.71    6.20    19308  1612   26K   270 26.57   26.43  
c rst  luby ibes vmt  3837  4913K 3198      25K  3088 6.71    6.20    19309  1624   27K   270 27.01   26.88  
c rst  luby ibes vmt  3838  4914K 3198      25K  3088 6.71    6.20    19313  1651   27K   270 27.14   27.00  
c recursive minimization cost OK: 3290Kcost/(% lits removed)
c [gauss] XOR-encoding clauses are not detached, so no need to reattach them.
c [g 0] truth-find prop checks  : 1270K
c [g 0] -> of which prop        : 43.03 %
c [g 0] -> of which confl       :  0.78 %
c [g 0] elim called             : 87K
c [g 0] ---> which lead to prop : 211.45 %
c [g 0] ---> which lead to confl:  4.31 %
c [g 0] size: 82    x 169  
c --> Executing strategy token: scc-vrepl
c [scc] new: 0 BP 0M T: 0.00
c --> Executing strategy token: sub-impl
c [impl-sub] bin: 0 T: 0.00 T-out: N w-visit: 6404
c --> Executing strategy token: breakid
c --> Executing OCC strategy token(s): 'occ-backw-sub-str,occ-clean-implicit,occ-bve,occ-bva,occ-ternary-res,occ-xor,'
c [occ] mem usage for occur 2      MB
c [occ] Linked in IRRED BIN by default: 3088
c [occ] Linked in RED   BIN by default: 270
c [occ] mem usage for occur 2      MB
c Mem for watch alloc      : 18          MB (23.07     %)
c Mem for watch array      : 0           MB (0.18      %)
c --> Executing OCC strategy token: occ-backw-sub-str
c [occ-backw-sub-str-long-w-bins] subs: 0 str: 3 tried: 124136 0-depth ass: 0 T: 0.00 T-out: N T-r: 99.55%
c [occ-backw-sub-long-w-long] rem cl: 120 tried: 74015/74015 (100.0%) T: 0.03 T-out: N T-r: 94.33%
c [occ-backw-sub-str-long-w-long] sub: 7 str: 112 tried: 222045/74015 (300.0)  T: 0.16 T-out: N T-r: 89.50%
c --> Executing OCC strategy token: occ-clean-implicit
c --> Executing OCC strategy token: occ-bve
c [occ-empty-res] Empty resolvent elimed: 0 T: 0.00 T-out: N
c [occ-bve] turning off picosat-based irreg gate detection, added lits:  630K
c [occ-bve] iter v-elim 0
c cl_inc_rate=1.0, var_dec_rate=1.0 (grow=0)
c Reduced to 3198 vars, 28313 cls (grow=0)
c [occ-bve] iter v-elim 0
c cl_inc_rate=1.0, var_dec_rate=1.0 (grow=8)
c Reduced to 3198 vars, 28313 cls (grow=8)
c [occ-bve] iter v-elim 0
c cl_inc_rate=1.0, var_dec_rate=1.0 (grow=16)
c Reduced to 3198 vars, 28313 cls (grow=16)
c x n vars       : 3198
c #try to eliminate:  9594
c #var-elim        :     0
c #T-o: N
c #T-r: 99.99%
c #T  : 2.07
c [occur] 0.05 is overhead
c [occur] link-in T: 0.05 cleanup T: 0.00
c --> Executing OCC strategy token: occ-bva
c --> Executing OCC strategy token: occ-ternary-res
c [occ-ternary-res] Ternary res-tri: 0 res-bin: 0 sub: 0 str: 0 T: 0.00 T-out: N T-r: 99.92%
c --> Executing OCC strategy token: occ-xor
c [occ-xor] sort occur list T: 0.01
c [xor-clean-equiv] removed equivalent xors: 0 left with: 226
c [occ-xor] found    226 avg sz 5.4 min sz  4 max sz  6 T: 0.02 T-out: N T-r: 99.98%
c --> Executing strategy token: card-find
c --> Executing strategy token: cl-consolidate
c Not consolidating memory.
c --> Executing strategy token: scc-vrepl
c [scc] new: 0 BP 0M T: 0.00
c --> Executing strategy token: renumber
c --> Executing strategy token: bosphorus
c --> Executing strategy token: louvain-comms
c [consolidate] mini T: 0.00
c global_timeout_multiplier: 9.0000
c [branch] rebuilding order heap for all branchings. Current branching: vmtf
c [find&init matx] performing matrix init
c [gauss] XOR-encoding clauses are not detached, so no need to reattach them.
c [xor-rem-unconnected] left with 226 xors from 226 non-empty xors T: 0.00
c [xor-together] xored together: 144 orig xors: 226 new xors: 82 T: 0.00
c [xor-rem-unconnected] left with 82 xors from 82 non-empty xors T: 0.00
c [xor-clean-equiv] removed equivalent xors: 0 left with: 82
c [matrix] unused xors from cleaning: 0
c [matrix] Good   matrix  0     82 x  170  density:0.0661  xorlen avg: 11.24
c [matrix] Using 1 matrices recovered from 0 xors T: 0.00 T-out: N
c [distill-long-red0] cls tried: 150/150 T: 0.02 T-out: N T-r: 99.84%
c [distill-long-red1] cls tried: 205/1004 T: 0.03 T-out: Y T-r: -0.83%
c rst  luby ibes  vmt  3839 4915K    3198   25K  3088    6.71    6.20 19269  1755   28K   270   27.62   27.48
c rst  luby ibes  vmt  3840 4918K    3198   25K  3088    6.71    6.20 19270  1789   31K   270   28.66   28.52
c [impl-str] lit bin: 0 set-var: 0 T: 0.00 T-out: N T-r: 99.97% w-visit: 6404
c [impl-sub] bin: 0 T: 0.00 T-out: N w-visit: 6404
c rst  luby  svd  vmt  3841 4918K    3198   25K  3088    6.71    6.20 19270  1789   31K   270   28.68   28.54
c rst  luby  svd  vmt  3842 4918K    3198   25K  3088    6.71    6.20 19270  1789   31K   270   28.70   28.57
c rst  luby  svd  vmt  3843 4918K    3198   25K  3088    6.71    6.20 19271  1790   32K   270   28.76   28.62
c rst  luby  svd  vmt  3844 4918K    3198   25K  3088    6.71    6.20 19271  1792   32K   270   28.78   28.65
c rst  luby  svd  vmt  3845 4918K    3198   25K  3088    6.71    6.20 19271  1792   32K   270   28.81   28.67
c rst  luby  svd  vmt  3846 4919K    3198   25K  3088    6.71    6.20 19271  1792   32K   270   28.84   28.71
c rst  luby  svd  vmt  3847 4919K    3198   25K  3088    6.71    6.20 19272  1796   32K   270   28.96   28.83
c rst  luby  svd  vmt  3848 4919K    3198   25K  3088    6.71    6.20 19272  1796   33K   270   28.99   28.86
c rst  luby  svd  vmt  3849 4919K    3198   25K  3088    6.71    6.20 19272  1796   33K   270   29.02   28.89
c rst  luby  svd  vmt  3850 4919K    3198   25K  3088    6.71    6.20 19272  1798   33K   270   29.08   28.95
c rst  luby  svd  vmt  3851 4919K    3198   25K  3088    6.71    6.20 19272  1798   33K   270   29.10   28.97
c rst  luby  svd  vmt  3852 4920K    3198   25K  3088    6.71    6.20 19272  1798   33K   270   29.14   29.01
c rst  luby  svd  vmt  3853 4920K    3198   25K  3088    6.71    6.20 19272  1801   33K   270   29.20   29.06
c rst  luby  svd  vmt  3854 4920K    3198   25K  3088    6.71    6.20 19370  1484   21K   270   24.82   24.67
c rst  luby  svd  vmt  3855 4921K    3198   25K  3088    6.71    6.20 19370  1486   22K   270   25.14   25.00
c rst  luby  svd  vmt  3856 4921K    3198   25K  3088    6.71    6.20 19370  1486   22K   270   25.18   25.03
c rst  luby  svd  vmt  3857 4921K    3198   25K  3088    6.71    6.20 19370  1488   22K   270   25.21   25.06
c rst  luby  svd  vmt  3858 4921K    3198   25K  3088    6.71    6.20 19370  1488   22K   270   25.31   25.17
c rst  luby  svd  vmt  3859 4921K    3198   25K  3088    6.71    6.20 19370  1488   22K   270   25.35   25.21
c rst  luby  svd  vmt  3860 4922K    3198   25K  3088    6.71    6.20 19370  1489   22K   270   25.41   25.27
c rst  luby  svd  vmt  3861 4922K    3198   25K  3088    6.71    6.20 19370  1489   23K   270   25.49   25.34
c rst  luby  svd  vmt  3862 4922K    3198   25K  3088    6.71    6.20 19371  1508   23K   270   25.59   25.45
c rst  luby  svd  vmt  3863 4922K    3198   25K  3088    6.71    6.20 19371  1508   23K   270   25.64   25.50
c rst  luby  svd  vmt  3864 4922K    3198   25K  3088    6.71    6.20 19371  1508   23K   270   25.70   25.55
c rst  luby  svd  vmt  3865 4923K    3198   25K  3088    6.71    6.20 19371  1508   23K   270   25.79   25.64
c rst  luby  svd  vmt  3866 4923K    3198   25K  3088    6.71    6.20 19371  1511   24K   270   25.82   25.67
c rst  luby  svd  vmt  3867 4923K    3198   25K  3088    6.71    6.20 19371  1512   24K   270   25.85   25.71
c rst  luby  svd  vmt  3868 4923K    3198   25K  3088    6.71    6.20 19372  1514   24K   270   25.92   25.78
c rst  luby  svd  vmt  3869 4923K    3198   25K  3088    6.71    6.20 19372  1515   24K   270   26.07   25.93
c rst  luby  svd  vmt  3870 4924K    3198   25K  3088    6.71    6.20 19372  1528   25K   270   26.28   26.14
c [distill] watch-based irred--  cl tried    39650 cl-sh     0 cl-rem    0 lit-rem      0 T: 0.07 T-out: N
c [distill] watch-based   red--  cl tried    34941 cl-sh     1 cl-rem    0 lit-rem      1 T: 0.06 T-out: Y
c rst  luby  svd  vmt  3871 4926K    3198   25K  3088    6.71    6.20 19372  1536   27K   270   26.89   26.75
c [gauss] XOR-encoding clauses are not detached, so no need to reattach them.
c [g 0] truth-find prop checks  : 300K
c [g 0] -> of which prop        : 50.05 %
c [g 0] -> of which confl       :  0.74 %
c [g 0] elim called             : 15442
c [g 0] ---> which lead to prop : 223.92 %
c [g 0] ---> which lead to confl:  4.22 %
c [g 0] size: 82    x 170  
c [scc] new: 0 BP 0M T: 0.00
c [vrep] vars 0 lits 0 rem-bin-cls 0 rem-long-cls 0 BP 0M T: 0.01
c [intree] Set 0 vars hyper-added: 0 trans-irred: 0 trans-red: 0 T: 0.01 T-out: N T-r: -0.02%
c [find&init matx] performing matrix init
c [gauss] XOR-encoding clauses are not detached, so no need to reattach them.
c [xor-rem-unconnected] left with 226 xors from 226 non-empty xors T: 0.00
c [xor-together] xored together: 144 orig xors: 226 new xors: 82 T: 0.00
c [xor-rem-unconnected] left with 82 xors from 82 non-empty xors T: 0.00
c [xor-clean-equiv] removed equivalent xors: 0 left with: 82
c [matrix] unused xors from cleaning: 0
c [matrix] Good   matrix 0 82      x170    density:0.0661  xorlen avg: 11.24
c [matrix] Using 1 matrices recovered from 0 xors T: 0.00 T-out: N
c rst  luby svd  vmt  3872  4926K 3198      25K  3088 6.71    6.20    19372  1536   27K   270 26.93   26.79  
c rst  luby svd  vmt  3873  4926K 3198      25K  3088 6.71    6.20    19372  1536   27K   270 26.96   26.82  
c rst  luby svd  vmt  3874  4926K 3198      25K  3088 6.71    6.20    19372  1536   27K   270 27.02   26.88  
c rst  luby svd  vmt  3875  4926K 3198      25K  3088 6.71    6.20    19372  1536   27K   270 27.04   26.90  
c rst  luby svd  vmt  3876  4926K 3198      25K  3088 6.71    6.20    19372  1537   27K   270 27.06   26.93  
c rst  luby svd  vmt  3877  4927K 3198      25K  3088 6.71    6.20    19372  1537   27K   270 27.12   26.98  
c [full-probe]  bin_only: 1 set: 0 repl: 0 T: 0.01 T-out: N T-r: 99.83%
c [distill-bin] useful: 0/3088/3088 lits-rem: 0 cl-rem: 0 0-depth-assigns: 0 T: 0.02 T-out: N
c rst  luby svd  vmt  3878  4927K 3198      25K  3088 6.71    6.20    19372  1538   28K   270 27.22   27.08  
c rst  luby svd  vmt  3879  4927K 3198      25K  3088 6.71    6.20    19372  1541   28K   270 27.25   27.12  
c rst  luby svd  vmt  3880  4927K 3198      25K  3088 6.71    6.20    19372  1543   28K   270 27.28   27.14  
c rst  luby svd  vmt  3881  4927K 3198      25K  3088 6.71    6.20    19372  1545   28K   270 27.33   27.19  
c rst  luby svd  vmt  3882  4928K 3198      25K  3088 6.71    6.20    19372  1549   28K   270 27.35   27.22  
c rst  luby svd  vmt  3883  4928K 3198      25K  3088 6.71    6.20    19372  1550   28K   270 27.39   27.25  
c rst  luby svd  vmt  3884  4928K 3198      25K  3088 6.71    6.20    19372  1551   29K   270 27.43   27.29  
c rst  luby svd  vmt  3885  4928K 3198      25K  3088 6.71    6.20    19372  1551   29K   270 27.57   27.43  
c rst  luby svd  vmt  3886  4929K 3198      25K  3088 6.71    6.20    19372  1553   30K   270 27.77   27.64  
c [distill-long-red0] cls tried: 67/67 T: 0.01 T-out: N T-r: 99.92%
c [distill-long-red1] cls tried: 179/808 T: 0.03 T-out: Y T-r: -0.45%
c rst  luby svd  vmt  3887  4929K 3198      25K  3088 6.71    6.20    19372  1555   30K   270 27.79   27.66  
c rst  luby svd  vmt  3888  4929K 3198      25K  3088 6.71    6.20    19372  1556   30K   270 27.82   27.68  
c rst  luby svd  vmt  3889  4929K 3198      25K  3088 6.71    6.20    19372  1557   30K   270 27.87   27.74  
c rst  luby svd  vmt  3890  4930K 3198      25K  3088 6.71    6.20    19372  1558   30K   270 27.91   27.77  
c rst  luby svd  vmt  3891  4930K 3198      25K  3088 6.71    6.20    19372  1558   30K   270 27.93   27.79  
c rst  luby svd  vmt  3892  4930K 3198      25K  3088 6.71    6.20    19372  1562   31K   270 28.00   27.86  
c rst  luby svd  vmt  3893  4930K 3198      25K  3088 6.71    6.20    19431  1312   31K   270 28.14   28.00  
c rst  luby svd  vmt  3894  4930K 3198      25K  3088 6.71    6.20    19431  1313   31K   270 28.16   28.02  
c rst  luby svd  vmt  3895  4930K 3198      25K  3088 6.71    6.20    19432  1314   31K   270 28.19   28.05  
c rst  luby svd  vmt  3896  4931K 3198      25K  3088 6.71    6.20    19432  1315   32K   270 28.26   28.12  
c rst  luby svd  vmt  3897  4931K 3198      25K  3088 6.71    6.20    19432  1315   32K   270 28.30   28.16  
c rst  luby svd  vmt  3898  4931K 3198      25K  3088 6.71    6.20    19432  1316   32K   270 28.33   28.20  
c rst  luby svd  vmt  3899  4931K 3198      25K  3088 6.71    6.20    19432  1323   32K   270 28.40   28.26  
c rst  luby svd  vmt  3900  4931K 3198      25K  3088 6.71    6.20    19432  1333   32K   270 28.49   28.36  
c rst  luby svd  vmt  3901  4932K 3198      25K  3088 6.71    6.20    19432  1340   33K   270 28.65   28.52  
c rst  luby svd  vmt  3902  4934K 3198      25K  3088 6.71    6.20    19432  1354   35K   270 29.01   28.88  
c rst  luby svd  vmt  3903  4937K 3198      25K  3088 6.71    6.20    19451  1530   21K   270 24.76   24.62  
c rst  luby svd  vmt  3904  4943K 3198      25K  3088 6.71    6.20    19494  1329   28K   270 27.01   26.87  
c [ccnr] tries: 0 steps: 262143 best found: 7
c [ccnr] saving best assignment phase to stable_polar
c [ccnr] bumping based on var unsat frequency: conflict_ct
c [ccnr] Bumped vars: 3202 bump type: 6
c [ccnr] time: 0.33
c rst  luby svd  vmt  3905  4944K 3198      25K  3088 6.71    6.20    19495  1335   28K   270 26.99   26.86  
c rst  luby svd  vmt  3906  4944K 3198      25K  3088 6.71    6.20    19495  1339   28K   270 27.02   26.88  
c rst  luby svd  vmt  3907  4944K 3198      25K  3088 6.71    6.20    19495  1341   28K   270 27.07   26.94  
c rst  luby svd  vmt  3908  4944K 3198      25K  3088 6.71    6.20    19495  1345   28K   270 27.10   26.97  
c rst  luby svd  vmt  3909  4944K 3198      25K  3088 6.71    6.20    19495  1350   28K   270 27.14   27.01  
c [distill-long-red0] cls tried: 100/100 T: 0.01 T-out: N T-r: 99.90%
c [distill-long-red1] cls tried: 217/691 T: 0.03 T-out: Y T-r: -0.43%
c rst  luby svd  vmt  3910  4944K 3198      25K  3088 6.71    6.20    19495  1351   28K   270 27.23   27.10  
c rst  luby svd  vmt  3911  4945K 3198      25K  3088 6.71    6.20    19495  1359   29K   270 27.41   27.27  
c rst  luby svd  vmt  3912  4945K 3198      25K  3088 6.71    6.20    19495  1359   29K   270 27.45   27.31  
c rst  luby svd  vmt  3913  4945K 3198      25K  3088 6.71    6.20    19495  1359   29K   270 27.47   27.34  
c rst  luby svd  vmt  3914  4945K 3198      25K  3088 6.71    6.20    19495  1360   29K   270 27.53   27.39  
c rst  luby svd  vmt  3915  4945K 3198      25K  3088 6.71    6.20    19495  1361   29K   270 27.55   27.42  
c rst  luby svd  vmt  3916  4945K 3198      25K  3088 6.71    6.20    19495  1361   29K   270 27.58   27.45  
c rst  luby svd  vmt  3917  4945K 3198      25K  3088 6.71    6.20    19495  1363   30K   270 27.64   27.50  
c rst  luby svd  vmt  3918  4946K 3198      25K  3088 6.71    6.20    19495  1370   30K   270 27.76   27.62  
c rst  luby svd  vmt  3919  4947K 3198      25K  3088 6.71    6.20    19496  1378   31K   270 27.95   27.82  
c [full-probe]  bin_only: 0 set: 0 repl: 0 T: 0.01 T-out: N T-r: 98.82%
c [distill-bin] useful: 0/3088/3088 lits-rem: 0 cl-rem: 0 0-depth-assigns: 0 T: 0.01 T-out: N
c rst  luby svd  vmt  3920  4947K 3198      25K  3088 6.71    6.20    19496  1378   31K   270 27.98   27.85  
c rst  luby svd  vmt  3921  4947K 3198      25K  3088 6.71    6.20    19496  1378   31K   270 28.01   27.87  
c rst  luby svd  vmt  3922  4947K 3198      25K  3088 6.71    6.20    19496  1379   31K   270 28.06   27.93  
c rst  luby svd  vmt  3923  4947K 3198      25K  3088 6.71    6.20    19496  1381   31K   270 28.10   27.97  
c rst  luby svd  vmt  3924  4947K 3198      25K  3088 6.71    6.20    19496  1382   31K   270 28.14   28.00  
c rst  luby svd  vmt  3925  4948K 3198      25K  3088 6.71    6.20    19496  1384   32K   270 28.20   28.07  
c rst  luby svd  vmt  3926  4948K 3198      25K  3088 6.71    6.20    19496  1385   32K   270 28.29   28.16  
c rst  luby svd  vmt  3927  4948K 3198      25K  3088 6.71    6.20    19496  1386   32K   270 28.31   28.18  
c rst  luby svd  vmt  3928  4948K 3198      25K  3088 6.71    6.20    19496  1386   32K   270 28.35   28.22  
c rst  luby svd  vmt  3929  4948K 3198      25K  3088 6.71    6.20    19497  1386   32K   270 28.41   28.28  
c rst  luby svd  vmt  3930  4948K 3198      25K  3088 6.71    6.20    19497  1387   33K   270 28.44   28.31  
c rst  luby svd  vmt  3931  4949K 3198      25K  3088 6.71    6.20    19497  1389   33K   270 28.47   28.34  
c rst  luby svd  vmt  3932  4949K 3198      25K  3088 6.71    6.20    19497  1390   33K   270 28.53   28.40  
c rst  luby svd  vmt  3933  4949K 3198      25K  3088 6.71    6.20    19497  1390   33K   270 28.67   28.54  
c rst  luby svd  vmt  3934  4950K 3198      25K  3088 6.71    6.20    19521  1532 18822   270 23.50   23.35  
c [distill] watch-based irred--  cl tried 39650    cl-sh 0     cl-rem 0    lit-rem 0      T: 0.07 T-out: N
c [distill] watch-based red  --  cl tried 36737    cl-sh 0     cl-rem 0    lit-rem 0      T: 0.06 T-out: Y
c rst  luby svd  vmt  3935  4952K 3198      25K  3088 6.71    6.20    19565  1407   20K   271 24.12   23.98  
c rst  luby svd  vmt  3936  4952K 3198      25K  3088 6.71    6.20    19565  1407   20K   271 24.18   24.04  
c rst  luby svd  vmt  3937  4952K 3198      25K  3088 6.71    6.20    19565  1407   20K   271 24.22   24.08  
c rst  luby svd  vmt  3938  4952K 3198      25K  3088 6.71    6.20    19565  1408   20K   271 24.30   24.16  
c rst  luby svd  vmt  3939  4952K 3198      25K  3088 6.71    6.20    19565  1408   21K   271 24.35   24.21  
c rst  luby svd  vmt  3940  4952K 3198      25K  3088 6.71    6.20    19565  1409   21K   271 24.38   24.23  
c rst  luby svd  vmt  3941  4952K 3198      25K  3088 6.71    6.20    19565  1413   21K   271 24.45   24.31  
c rst  luby svd  vmt  3942  4953K 3198      25K  3088 6.71    6.20    19565  1415   21K   271 24.62   24.47  
c rst  luby svd  vmt  3943  4953K 3198      25K  3088 6.71    6.20    19565  1415   21K   271 24.65   24.51  
c rst  luby svd  vmt  3944  4953K 3198      25K  3088 6.71    6.20    19565  1415   21K   271 24.69   24.55  
c rst  luby svd  vmt  3945  4953K 3198      25K  3088 6.71    6.20    19565  1417   22K   271 24.76   24.62  
c rst  luby svd  vmt  3946  4953K 3198      25K  3088 6.71    6.20    19565  1419   22K   271 24.79   24.65  
c rst  luby svd  vmt  3947  4953K 3198      25K  3088 6.71    6.20    19565  1423   22K   271 24.83   24.69  
c rst  luby svd  vmt  3948  4954K 3198      25K  3088 6.71    6.20    19565  1426   22K   271 24.94   24.80  
c rst  luby svd  vmt  3949  4954K 3198      25K  3088 6.71    6.20    19565  1428   22K   271 25.13   24.98  
c rst  luby svd  vmt  3950  4955K 3198      25K  3088 6.71    6.20    19565  1432   23K   271 25.57   25.43  
c rst  luby svd  vmt  3951  4955K 3198      25K  3088 6.71    6.20    19565  1432   23K   271 25.62   25.47  
c rst  luby svd  vmt  3952  4955K 3198      25K  3088 6.71    6.20    19565  1432   23K   271 25.66   25.52  
c rst  luby svd  vmt  3953  4955K 3198      25K  3088 6.71    6.20    19565  1433   24K   271 25.75   25.61  
c rst  luby svd  vmt  3954  4955K 3198      25K  3088 6.71    6.20    19565  1433   24K   271 25.78   25.64  
c rst  luby svd  vmt  3955  4955K 3198      25K  3088 6.71    6.20    19565  1435   24K   271 25.81   25.66  
c rst  luby svd  vmt  3956  4956K 3198      25K  3088 6.71    6.20    19565  1436   24K   271 25.85   25.71  
c rst  luby svd  vmt  3957  4956K 3198      25K  3088 6.71    6.20    19565  1444   24K   271 25.97   25.83  
c rst  luby svd  vmt  3958  4956K 3198      25K  3088 6.71    6.20    19565  1444   25K   271 26.02   25.88  
c rst  luby svd  vmt  3959  4956K 3198      25K  3088 6.71    6.20    19565  1444   25K   271 26.06   25.92  
c rst  luby svd  vmt  3960  4956K 3198      25K  3088 6.71    6.20    19565  1445   25K   271 26.13   25.99  
c rst  luby svd  vmt  3961  4956K 3198      25K  3088 6.71    6.20    19565  1447   25K   271 26.16   26.02  
c rst  luby svd  vmt  3962  4957K 3198      25K  3088 6.71    6.20    19565  1448   25K   271 26.20   26.06  
c rst  luby svd  vmt  3963  4957K 3198      25K  3088 6.71    6.20    19565  1450   25K   271 26.25   26.11  
c rst  luby svd  vmt  3964  4957K 3198      25K  3088 6.71    6.20    19565  1451   26K   271 26.37   26.23  
c rst  luby svd  vmt  3965  4958K 3198      25K  3088 6.71    6.20    19565  1454   26K   271 26.69   26.55  
c rst  luby svd  vmt  3966  4960K 3198      25K  3088 6.71    6.20    19565  1455   28K   271 27.22   27.08  
c [distill-long-red0] cls tried: 54/54 T: 0.01 T-out: N T-r: 99.95%
c [distill-long-red1] cls tried: 227/652 T: 0.03 T-out: Y T-r: -0.71%
c rst  luby svd  vmt  3967  4963K 3198      25K  3088 6.71    6.20    19615  1383   31K   271 28.27   28.13  
c rst  luby svd  vmt  3968  4963K 3198      25K  3088 6.71    6.20    19615  1383   31K   271 28.29   28.15  
c rst  luby svd  vmt  3969  4963K 3198      25K  3088 6.71    6.20    19615  1383   31K   271 28.32   28.19  
c rst  luby svd  vmt  3970  4963K 3198      25K  3088 6.71    6.20    19615  1384   32K   271 28.35   28.21  
c rst  luby svd  vmt  3971  4963K 3198      25K  3088 6.71    6.20    19615  1384   32K   271 28.36   28.23  
c rst  luby svd  vmt  3972  4963K 3198      25K  3088 6.71    6.20    19615  1384   32K   271 28.39   28.25  
c rst  luby svd  vmt  3973  4964K 3198      25K  3088 6.71    6.20    19615  1384   32K   271 28.43   28.30  
c rst  luby svd  vmt  3974  4964K 3198      25K  3088 6.71    6.20    19615  1385   32K   271 28.53   28.40  
c rst  luby svd  vmt  3975  4964K 3198      25K  3088 6.71    6.20    19615  1387   33K   271 28.57   28.44  
c rst  luby svd  vmt  3976  4964K 3198      25K  3088 6.71    6.20    19615  1387   33K   271 28.59   28.46  
c rst  luby svd  vmt  3977  4964K 3198      25K  3088 6.71    6.20    19615  1387   33K   271 28.65   28.52  
c rst  luby svd  vmt  3978  4965K 3198      25K  3088 6.71    6.20    19615  1387   33K   271 28.67   28.54  
c rst  luby svd  vmt  3979  4965K 3198      25K  3088 6.71    6.20    19615  1387   33K   271 28.71   28.58  
c rst  luby svd  vmt  3980  4965K 3198      25K  3088 6.71    6.20    19637  1490 18439   271 23.77   23.62  
c rst  luby svd  vmt  3981  4965K 3198      25K  3088 6.71    6.20    19637  1492 18838   271 23.98   23.83  
c rst  luby svd  vmt  3982  4966K 3198      25K  3088 6.71    6.20    19637  1492 19639   271 24.36   24.21  
c rst  luby svd  vmt  3983  4966K 3198      25K  3088 6.71    6.20    19637  1492 19741   271 24.42   24.28  
c rst  luby svd  vmt  3984  4966K 3198      25K  3088 6.71    6.20    19637  1493 19845   271 24.47   24.32  
c rst  luby svd  vmt  3985  4966K 3198      25K  3088 6.71    6.20    19637  1494   20K   271 24.57   24.42  
c rst  luby svd  vmt  3986  4967K 3198      25K  3088 6.71    6.20    19637  1494   20K   271 24.64   24.49  
c rst  luby svd  vmt  3987  4967K 3198      25K  3088 6.71    6.20    19637  1494   20K   271 24.69   24.54  
c rst  luby svd  vmt  3988  4967K 3198      25K  3088 6.71    6.20    19637  1496   20K   271 24.81   24.66  
c [full-probe]  bin_only: 1 set: 0 repl: 0 T: 0.01 T-out: N T-r: 99.90%
c [distill-bin] useful: 0/3088/3088 lits-rem: 0 cl-rem: 0 0-depth-assigns: 0 T: 0.01 T-out: N
c rst  luby svd  vmt  3989  4967K 3198      25K  3088 6.71    6.20    19638  1499   20K   271 25.00   24.86  
c rst  luby svd  vmt  3990  4967K 3198      25K  3088 6.71    6.20    19638  1499   20K   271 25.05   24.91  
c rst  luby svd  vmt  3991  4967K 3198      25K  3088 6.71    6.20    19638  1499   21K   271 25.10   24.95  
c rst  luby svd  vmt  3992  4968K 3198      25K  3088 6.71    6.20    19638  1499   21K   271 25.23   25.08  
c rst  luby svd  vmt  3993  4968K 3198      25K  3088 6.71    6.20    19638  1499   21K   271 25.27   25.12  
c rst  luby svd  vmt  3994  4968K 3198      25K  3088 6.71    6.20    19638  1499   21K   271 25.32   25.17  
c rst  luby svd  vmt  3995  4968K 3198      25K  3088 6.71    6.20    19638  1503   21K   271 25.36   25.21  
c rst  luby svd  vmt  3996  4968K 3198      25K  3088 6.71    6.20    19638  1504   22K   271 25.52   25.37  
c rst  luby svd  vmt  3997  4969K 3198      25K  3088 6.71    6.20    19638  1513   22K   271 25.80   25.65  
c rst  luby svd  vmt  3998  4971K 3198      25K  3088 6.71    6.20    19686  1352   24K   272 26.73   26.58  
c rst  luby svd  vmt  3999  4971K 3198      25K  3088 6.71    6.20    19686  1354   24K   272 26.77   26.62  
c rst  luby svd  vmt  4000  4971K 3198      25K  3088 6.71    6.20    19686  1354   24K   272 26.81   26.66  
c rst  luby svd  vmt  4001  4971K 3198      25K  3088 6.71    6.20    19686  1354   24K   272 26.88   26.74  
c rst  luby svd  vmt  4002  4971K 3198      25K  3088 6.71    6.20    19688  1357   25K   272 26.92   26.77  
c rst  luby svd  vmt  4003  4971K 3198      25K  3088 6.71    6.20    19688  1357   25K   272 26.95   26.80  
c rst  luby svd  vmt  4004  4972K 3198      25K  3088 6.71    6.20    19688  1358   25K   272 27.02   26.88  
c rst  luby svd  vmt  4005  4972K 3198      25K  3088 6.71    6.20    19689  1362   25K   272 27.15   27.00  
c rst  geom best vmt  4006  4972K 3198      25K  3088 6.71    6.20    19689  1363   25K   272 27.16   27.01  
c rst  geom best vmt  4007  4972K 3198      25K  3088 6.71    6.20    19689  1363   25K   272 27.18   27.04  
c rst  geom best vmt  4008  4972K 3198      25K  3088 6.71    6.20    19689  1364   26K   272 27.20   27.06  
c rst  geom best vmt  4009  4973K 3198      25K  3088 6.71    6.20    19689  1365   26K   272 27.23   27.09  
c rst  geom best vmt  4010  4973K 3198      25K  3088 6.71    6.20    19689  1365   26K   272 27.26   27.12  
c rst  geom best vmt  4011  4973K 3198      25K  3088 6.71    6.20    19689  1367   26K   272 27.28   27.14  
c rst  geom best vmt  4012  4973K 3198      25K  3088 6.71    6.20    19689  1377   26K   272 27.31   27.17  
c rst  geom best vmt  4013  4973K 3198      25K  3088 6.71    6.20    19689  1384   27K   272 27.37   27.23  
c rst  geom best vmt  4014  4974K 3198      25K  3088 6.71    6.20    19689  1387   27K   272 27.41   27.27  
c rst  geom best vmt  4015  4974K 3198      25K  3088 6.71    6.20    19689  1389   27K   272 27.50   27.36  
c rst  geom best vmt  4016  4974K 3198      25K  3088 6.71    6.20    19689  1392   27K   272 27.58   27.44  
c rst  geom best vmt  4017  4974K 3198      25K  3088 6.71    6.20    19689  1401   28K   272 27.66   27.51  
c rst  geom best vmt  4018  4975K 3198      25K  3088 6.71    6.20    19692  1444   28K   272 27.60   27.46  
c [distill-long-red0] cls tried: 91/91 T: 0.01 T-out: N T-r: 99.91%
c [distill-long-red1] cls tried: 234/544 T: 0.03 T-out: Y T-r: -0.32%
c rst  geom best vmt  4019  4975K 3198      25K  3088 6.71    6.20    19692  1455   28K   272 27.65   27.51  
c [distill] watch-based irred--  cl tried 37346    cl-sh 0     cl-rem 0    lit-rem 0      T: 0.07 T-out: Y
c [distill] watch-based red  --  cl tried 36404    cl-sh 1     cl-rem 0    lit-rem 1      T: 0.06 T-out: Y
c rst  geom best vmt  4020  4976K 3198      25K  3088 6.71    6.20    19692  1460   29K   272 27.74   27.60  
c rst  geom best vmt  4021  4976K 3198      25K  3088 6.71    6.20    19692  1469   29K   272 27.80   27.66  
c rst  geom best vmt  4022  4976K 3198      25K  3088 6.71    6.20    19692  1475   30K   272 27.88   27.74  
c rst  geom best vmt  4023  4977K 3198      25K  3088 6.71    6.20    19692  1481   30K   272 27.95   27.81  
c rst  geom best vmt  4024  4978K 3198      25K  3088 6.71    6.20    19692  1482   31K   272 28.05   27.91  
c rst  geom best vmt  4025  4978K 3198      25K  3088 6.71    6.20    19692  1490   31K   272 28.17   28.04  
c [impl-str] lit bin: 0 set-var: 0 T: 0.00 T-out: N T-r: 99.97% w-visit: 6404
c [impl-sub] bin: 2 T: 0.00 T-out: N w-visit: 6404
c rst  geom best vmt  4026  4979K 3198      25K  3088 6.71    6.20    19692  1492   32K   270 28.29   28.16  
c rst  geom best vmt  4027  4980K 3198      25K  3088 6.71    6.20    19712  1724   21K   270 24.33   24.19  
c rst  geom best vmt  4028  4981K 3198      25K  3088 6.71    6.20    19842  1478   22K   270 24.66   24.52  
c rst  geom best vmt  4029  4982K 3198      25K  3088 6.71    6.20    19842  1488   23K   270 25.09   24.96  
c rst  geom best vmt  4030  4983K 3198      25K  3088 6.71    6.20    19842  1491   24K   270 25.36   25.22  
c rst  geom best vmt  4031  4984K 3198      25K  3088 6.71    6.20    19843  1497   25K   270 25.65   25.51  
c rst  geom best vmt  4032  4985K 3198      25K  3088 6.71    6.20    19844  1503   27K   270 25.92   25.79  
c rst  geom best vmt  4033  4987K 3198      25K  3088 6.71    6.20    19845  1512   28K   270 26.40   26.27  
c rst  geom best vmt  4034  4988K 3198      25K  3088 6.71    6.20    19847  1526   29K   270 26.67   26.54  
c [full-probe]  bin_only: 0 set: 0 repl: 0 T: 0.01 T-out: N T-r: 98.93%
c [distill-bin] useful: 0/3088/3088 lits-rem: 0 cl-rem: 0 0-depth-assigns: 0 T: 0.01 T-out: N
c [ccnr] tries: 0 steps: 262143 best found: 6
c [ccnr] saving best assignment phase to stable_polar
c [ccnr] bumping based on clause weights
c [ccnr] Bumped vars: 102 bump type: 6
c [ccnr] time: 0.33
c rst  geom best vmt  4035  4990K 3198      25K  3088 6.71    6.20    19852  1562   31K   270 26.94   26.81  
c [distill-long-red0] cls tried: 104/104 T: 0.01 T-out: N T-r: 99.89%
c [distill-long-red1] cls tried: 202/607 T: 0.03 T-out: Y T-r: -0.51%
c rst  geom best vmt  4036  4992K 3198      25K  3088 6.71    6.20    19953  1153   33K   270 27.25   27.13  
c [gauss] XOR-encoding clauses are not detached, so no need to reattach them.
c [g 0] truth-find prop checks  : 1757K
c [g 0] -> of which prop        : 40.74 %
c [g 0] -> of which confl       :  0.82 %
c [g 0] elim called             : 118K
c [g 0] ---> which lead to prop : 199.04 %
c [g 0] ---> which lead to confl:  3.97 %
c [g 0] size: 82    x 170  
c [scc] new: 0 BP 0M T: 0.00
c [vrep] vars 0 lits 0 rem-bin-cls 0 rem-long-cls 0 BP 0M T: 0.01
c [intree] Set 0 vars hyper-added: 1 trans-irred: 0 trans-red: 1 T: 0.01 T-out: N T-r: -0.58%
c [find&init matx] performing matrix init
c [gauss] XOR-encoding clauses are not detached, so no need to reattach them.
c [xor-rem-unconnected] left with 226 xors from 226 non-empty xors T: 0.00
c [xor-together] xored together: 144 orig xors: 226 new xors: 82 T: 0.00
c [xor-rem-unconnected] left with 82 xors from 82 non-empty xors T: 0.00
c [xor-clean-equiv] removed equivalent xors: 0 left with: 82
c [matrix] unused xors from cleaning: 0
c [matrix] Good   matrix 0 82      x170    density:0.0661  xorlen avg: 11.24
c [matrix] Using 1 matrices recovered from 0 xors T: 0.00 T-out: N
c rst  geom best vmt  4037  4994K 3198      25K  3088 6.71    6.20    19953  1172   35K   270 27.53   27.41  
c rst  geom best vmt  4038  4996K 3198      25K  3088 6.71    6.20    19971  1389   29K   270 25.30   25.18  
c rst  geom best vmt  4039  4998K 3198      25K  3088 6.71    6.20    19971  1399   32K   270 25.68   25.56  
c rst  geom best vmt  4040  5001K 3198      25K  3088 6.71    6.20      20K  1247   35K   270 26.30   26.19  
c [distill] watch-based irred--  cl tried 38603    cl-sh 0     cl-rem 0    lit-rem 0      T: 0.07 T-out: Y
c [distill] watch-based red  --  cl tried 32602    cl-sh 1     cl-rem 0    lit-rem 1      T: 0.07 T-out: Y
c rst  geom best vmt  4041  5004K 3198      25K  3088 6.71    6.20      20K  1322   38K   270 26.91   26.80  
c rst  geom best vmt  4042  5007K 3198      25K  3088 6.71    6.20      20K  1345   41K   270 27.44   27.33  
c [distill-long-red0] cls tried: 133/133 T: 0.02 T-out: N T-r: 99.80%
c [distill-long-red1] cls tried: 154/577 T: 0.03 T-out: Y T-r: -0.38%
c rst  geom best vmt  4043  5011K 3198      25K  3088 6.71    6.20      20K  1434   33K   270 24.90   24.79  
c [full-probe]  bin_only: 1 set: 0 repl: 0 T: 0.01 T-out: N T-r: 99.84%
c [distill-bin] useful: 0/3088/3088 lits-rem: 0 cl-rem: 0 0-depth-assigns: 0 T: 0.02 T-out: N
c rst  geom best vmt  4044  5015K 3198      25K  3088 6.71    6.20      20K  1468   37K   270 25.93   25.82  
c rst  geom best vmt  4045  5019K 3198      25K  3088 6.71    6.20      20K  1497   41K   270 26.85   26.74  
c rst  geom best vmt  4046  5024K 3198      25K  3088 6.71    6.20      20K  1477   46K   270 27.59   27.49  
c [distill-long-red0] cls tried: 102/102 T: 0.01 T-out: N T-r: 99.87%
c [distill-long-red1] cls tried: 163/721 T: 0.03 T-out: Y T-r: -1.63%
c rst  geom best vmt  4047  5030K 3198      25K  3088 6.71    6.20      20K  1794   37K   270 26.49   26.38  
c [distill] watch-based irred--  cl tried 36120    cl-sh 0     cl-rem 0    lit-rem 0      T: 0.07 T-out: Y
c [distill] watch-based red  --  cl tried 33722    cl-sh 0     cl-rem 0    lit-rem 0      T: 0.07 T-out: Y
c rst  geom stb  vmt  4048  5035K 3198      25K  3088 6.71    6.20      20K  1655   43K   270 27.55   27.44  
c [full-probe]  bin_only: 0 set: 0 repl: 0 T: 0.02 T-out: N T-r: 98.59%
c [distill-bin] useful: 0/3088/3088 lits-rem: 0 cl-rem: 0 0-depth-assigns: 0 T: 0.02 T-out: N
c [ccnr] tries: 0 steps: 262143 best found: 4
c [ccnr] saving best assignment phase to stable_polar
c [ccnr] bumping based on var unsat frequency: conflict_ct
c [ccnr] Bumped vars: 3202 bump type: 6
c [ccnr] time: 0.32
c rst  geom stb  vmt  4049  5042K 3198      25K  3088 6.71    6.20      20K  1856   31K   270 27.22   27.10  
c [distill-long-red0] cls tried: 171/171 T: 0.02 T-out: N T-r: 99.84%
c [distill-long-red1] cls tried: 208/1091 T: 0.03 T-out: Y T-r: -0.35%
c [impl-str] lit bin: 0 set-var: 0 T: 0.00 T-out: N T-r: 99.97% w-visit: 6404
c [impl-sub] bin: 0 T: 0.00 T-out: N w-visit: 6404
c rst  geom stb  vmt  4050  5049K 3198      25K  3088 6.71    6.20      20K  1962   38K   270 27.87   27.76  
c rst  geom stb  vmt  4051  5057K 3198      25K  3088 6.71    6.20      20K  1915   34K   270 26.31   26.19  
c [full-probe]  bin_only: 1 set: 0 repl: 0 T: 0.02 T-out: N T-r: 99.77%
c [distill-bin] useful: 0/3088/3088 lits-rem: 0 cl-rem: 0 0-depth-assigns: 0 T: 0.02 T-out: N
c [distill] watch-based irred--  cl tried 39650    cl-sh 0     cl-rem 0    lit-rem 0      T: 0.07 T-out: N
c [distill] watch-based red  --  cl tried 33437    cl-sh 4     cl-rem 0    lit-rem 4      T: 0.07 T-out: Y
c [gauss] XOR-encoding clauses are not detached, so no need to reattach them.
c [g 0] truth-find prop checks  : 1853K
c [g 0] -> of which prop        : 32.08 %
c [g 0] -> of which confl       :  0.71 %
c [g 0] elim called             : 174K
c [g 0] ---> which lead to prop : 153.61 %
c [g 0] ---> which lead to confl:  3.13 %
c [g 0] size: 82    x 170  
c [scc] new: 0 BP 0M T: 0.00
c [vrep] vars 0 lits 0 rem-bin-cls 0 rem-long-cls 0 BP 0M T: 0.01
c [intree] Set 0 vars hyper-added: 0 trans-irred: 0 trans-red: 0 T: 0.02 T-out: N T-r: -0.50%
c [find&init matx] performing matrix init
c [gauss] XOR-encoding clauses are not detached, so no need to reattach them.
c [xor-rem-unconnected] left with 226 xors from 226 non-empty xors T: 0.00
c [xor-together] xored together: 144 orig xors: 226 new xors: 82 T: 0.00
c [xor-rem-unconnected] left with 82 xors from 82 non-empty xors T: 0.00
c [xor-clean-equiv] removed equivalent xors: 0 left with: 82
c [matrix] unused xors from cleaning: 0
c [matrix] Good   matrix 0 82      x170    density:0.0661  xorlen avg: 11.24
c [matrix] Using 1 matrices recovered from 0 xors T: 0.00 T-out: N
c rst  geom stb  vmt  4052  5065K 3198      25K  3088 6.71    6.20      20K  1799   43K   270 27.23   27.13  
c [distill-long-red0] cls tried: 106/106 T: 0.02 T-out: N T-r: 99.86%
c [distill-long-red1] cls tried: 164/1086 T: 0.03 T-out: Y T-r: -1.08%
c rst  geom stb  vmt  4053  5075K 3198      25K  3088 6.71    6.20      20K  1842   40K   270 26.07   25.97  
c rst  geom stb  vmt  4054  5085K 3198      25K  3088 6.71    6.20      20K  1839   36K   270 24.73   24.62  
c [distill-long-red0] cls tried: 108/108 T: 0.01 T-out: N T-r: 99.88%
c [distill-long-red1] cls tried: 193/1145 T: 0.03 T-out: Y T-r: -0.77%
c [full-probe]  bin_only: 0 set: 0 repl: 0 T: 0.01 T-out: N T-r: 99.04%
c [distill-bin] useful: 0/3088/3088 lits-rem: 0 cl-rem: 0 0-depth-assigns: 0 T: 0.01 T-out: N
c [distill] watch-based irred--  cl tried 35632    cl-sh 0     cl-rem 0    lit-rem 0      T: 0.07 T-out: Y
c [distill] watch-based red  --  cl tried 33091    cl-sh 2     cl-rem 0    lit-rem 2      T: 0.07 T-out: Y
c [ccnr] tries: 0 steps: 262143 best found: 5
c [ccnr] saving best assignment phase to stable_polar
c [ccnr] bumping based on var unsat frequency: conflict_ct
c [ccnr] Bumped vars: 3202 bump type: 6
c [ccnr] time: 0.33
c rst  geom ibes vmt  4055  5096K 3198      25K  3088 6.71    6.20      20K  1765   47K   270 28.79   28.69  
c rst  geom ibes vmt  4056  5109K 3198      25K  3088 6.71    6.20      20K  1834   39K   270 30.26   30.14  
c [distill-long-red0] cls tried: 190/190 T: 0.03 T-out: N T-r: 99.74%
c [distill-long-red1] cls tried: 197/1183 T: 0.03 T-out: Y T-r: -0.85%
c [full-probe]  bin_only: 1 set: 0 repl: 0 T: 0.01 T-out: N T-r: 99.83%
c [distill-bin] useful: 0/3088/3088 lits-rem: 0 cl-rem: 0 0-depth-assigns: 0 T: 0.02 T-out: N
c [impl-str] lit bin: 0 set-var: 0 T: 0.00 T-out: N T-r: 99.97% w-visit: 6404
c [impl-sub] bin: 0 T: 0.00 T-out: N w-visit: 6404
c rst  geom ibes vmt  4057  5123K 3198      25K  3088 6.71    6.20      21K  1558   30K   270 27.47   27.34  
c [distill] watch-based irred--  cl tried 39650    cl-sh 0     cl-rem 0    lit-rem 0      T: 0.07 T-out: N
c [distill] watch-based red  --  cl tried 36765    cl-sh 9     cl-rem 0    lit-rem 9      T: 0.06 T-out: Y
c [gauss] XOR-encoding clauses are not detached, so no need to reattach them.
c [g 0] truth-find prop checks  : 1825K
c [g 0] -> of which prop        : 37.95 %
c [g 0] -> of which confl       :  0.77 %
c [g 0] elim called             : 132K
c [g 0] ---> which lead to prop : 186.03 %
c [g 0] ---> which lead to confl:  3.64 %
c [g 0] size: 82    x 170  
c [scc] new: 0 BP 0M T: 0.00
c [vrep] vars 0 lits 0 rem-bin-cls 0 rem-long-cls 0 BP 0M T: 0.01
c [intree] Set 0 vars hyper-added: 0 trans-irred: 0 trans-red: 0 T: 0.01 T-out: N T-r: -0.38%
c [find&init matx] performing matrix init
c [gauss] XOR-encoding clauses are not detached, so no need to reattach them.
c [xor-rem-unconnected] left with 226 xors from 226 non-empty xors T: 0.00
c [xor-together] xored together: 144 orig xors: 226 new xors: 82 T: 0.00
c [xor-rem-unconnected] left with 82 xors from 82 non-empty xors T: 0.00
c [xor-clean-equiv] removed equivalent xors: 0 left with: 82
c [matrix] unused xors from cleaning: 0
c [matrix] Good   matrix 0 82      x170    density:0.0661  xorlen avg: 11.24
c [matrix] Using 1 matrices recovered from 0 xors T: 0.00 T-out: N
c rst  geom ibes vmt  4058  5138K 3198      25K  3088 6.71    6.20      21K  1577   27K   270 24.53   24.41  
c [distill-long-red0] cls tried: 154/154 T: 0.01 T-out: N T-r: 99.86%
c [distill-long-red1] cls tried: 202/984 T: 0.03 T-out: Y T-r: -1.18%
c [full-probe]  bin_only: 0 set: 0 repl: 0 T: 0.01 T-out: N T-r: 98.57%
c [distill-bin] useful: 0/3088/3088 lits-rem: 0 cl-rem: 0 0-depth-assigns: 0 T: 0.01 T-out: N
c [ccnr] tries: 0 steps: 262143 best found: 5
c [ccnr] saving best assignment phase to stable_polar
c [ccnr] bumping based on clause weights
c [ccnr] Bumped vars: 104 bump type: 6
c [ccnr] time: 0.32
c rst  geom ibes vmt  4059  5148K 3198      25K  3088 6.71    6.20      21K  1792   25K   270 23.04   22.92  
c ------- FINAL TOTAL SEARCH STATS ---------
c UIP search time          : 413.60      (93.59     % time)
c All times are for this thread only except if explicitly specified
c restarts                 : 4059        (1268.36   confls per restart)
c blocked restarts         : 0           (0.00      per normal restart)
c time                     : 413.60      
c decisions                : 5994396     (0.00      % random)
c propagations             : 93M         (225K      props/s)
c decisions/conflicts      : 1.16        
c conflicts                : 5148260     
c LEARNT stats
c units learnt             : 2           (0.00      % of conflicts)
c bins learnt              : 12          (0.00      % of conflicts)
c long learnt              : 5148246     (100.00    % of conflicts)
c red which0               : 1475        (0.03      % of confl)
c SEAMLESS HYPERBIN&TRANS-RED stats
c advProp called           : 0           
c hyper-bin add bin        : 0           (0.00      bin/call)
c trans-red rem irred bin  : 0           (0.00      bin/call)
c trans-red rem red bin    : 0           (0.00      bin/call)
c CONFL LITS stats
c orig                     : 273731551   (53.17     lit/confl)
c recurs-min effective     : 4822171     (93.67     % attempt successful)
c recurs-min lits          : 82945757    (30.30     % less overall)
c permDiff call%           : 0.52        (0.00      % attempt successful)
c permDiff lits-rem        : 0           (0.00      less lits/cl on attempts)
c further-min call%        : 0.00        (6.82      % attempt successful)
c bintri-min lits          : 4           (0.00      % less overall)
c final avg                : 37.06       
c all-threads sum CPU time : 413.60       s
c PROP stats
c Mbogo-props              : 355.69      (0.86      / sec)
c MHyper-props             : 0.81        (0.00      / sec)
c Mprops                   : 93.10       (0.23      / sec)
c -------- OccSimplifier STATS ----------
c time                     : 15.59       (0.00      % var-elim)
c called                   : 16          (0.97      s per call)
c 0-depth assigns          : 0           (0.00      % vars)
c -------- OccSimplifier STATS END ----------
c -------- SubsumeStrengthen STATS ----------
c cl-subs                  : 10829        Clauses
c cl-str rem lit           : 162776       Lits
c cl-sub T                 : 2.28         s
c cl-str T                 : 12.19        s
c -------- SubsumeStrengthen STATS END ----------
c ----- SCC STATS --------
c time                     : 0.07        (0.00      per call)
c called                   : 106         (0.00      new found per call)
c found                    : 0           (0.00      % of all found)
c bogoprops                : 4307967     % of all found
c ----- SCC STATS END --------
c --------- VAR REPLACE STATS ----------
c time                     : 0.48        (0.01      per call)
c trees' crown             : 0           (0.00      % of vars)
c 0-depth assigns          : 0           (0.00      % vars)
c lits replaced            : 0           
c bin cls removed          : 0           
c long cls removed         : 0           
c long lits removed        : 0           
c bogoprops                : 15284766    
c --------- VAR REPLACE STATS END ----------
c vrep replace time        : 0.48        (0.11      % time)
c vrep tree roots          : 0           
c vrep trees' crown        : 0           (0.00      leafs/tree)
c -------- DISTILL-BIN STATS --------
c time                     : 2.86        (0.01      per call)
c timed out                : 0           (0.00      % of calls)
c distill/checked/potential: 0          /723611/723611
c lits-rem                 : 0           
c 0-depth-assigns          : 0           (0.00      % of vars)
c -------- DISTILL STATS END --------
c -------- STRENGTHEN STATS --------
c --> watch-based on irred cls
c time                     : 9.67        (0.03      s/call)
c shrinked/tried/total     : 0          /6179342/8781750
c subsumed/tried/total     : 0          /6179342/8781750
c lits-rem                 : 0           (0.00      % of lits tried)
c called                   : 350         (96149.14  % ran out of time)
c --> watch-based on red cls
c time                     : 5.17        (0.01      s/call)
c shrinked/tried/total     : 144        /3174322/3286217
c subsumed/tried/total     : 3          /3174322/3286217
c lits-rem                 : 146         (0.00      % of lits tried)
c called                   : 350         (31970.00  % ran out of time)
c -------- STRENGTHEN STATS END --------
c -------- IMPLICIT SUB  STATS --------
c time                     : 0.16        (0.00      per call)
c timed out                : 0           (0.00      % of calls)
c rem bins                 : 17          
c -------- IMPLICIT SUB STATS END --------
c Mem used                 : 81          MB
c Mem for longclauses      : 10          MB (12.63     %)
c Mem for watch alloc      : 19          MB (24.46     %)
c Mem for watch array      : 0           MB (0.18      %)
c Mem for assings&vardata  : 0           MB (1.13      %)
c Mem for search&solve     : 1           MB (1.26      %)
c Mem for renumberer       : 0           MB (0.45      %)
c Mem for occsimplifier    : 4           MB (4.93      %)
c Mem for varReplacer&SCC  : 0           MB (0.60      %)
c Mem for impl subsume     : 0           MB (0.00      %)
c Mem for 3 distills       : 0           MB (0.00      %)
c Accounted for mem (rss)  : 45.64       %
c Accounted for mem (vm)   : 42.56       %
c restarts                 : 4059        (1268.36   confls per restart)
c blocked restarts         : 0           (0.00      per normal restart)
c time                     : 413.60      
c decisions                : 5994396     (0.00      % random)
c propagations             : 93M         (225K      props/s)
c decisions/conflicts      : 1.16        
c conflicts                : 5148260     
c conf lits non-minim      : 273731551   (53.17     lit/confl)
c conf lits final          : 37.06       
c red which0               : 1475        (0.03      % of confl)
c props/decision           : 0.00        
c props/conflict           : 0.00        
c 0-depth assigns          : 137         (4.28      % vars)
c 0-depth assigns by CNF   : 99          (3.09      % vars)
c reduceDB time            : 1.72        (0.39      % time)
c OccSimplifier time       : 15.59       (3.53      % time)
c [occur] 0.86 is overhead
c [occur] link-in T: 0.70 cleanup T: 0.16
c [occ-substr] long subBySub: 10115 subByStr: 714 lits-rem-str: 162776 T: 14.46
c SCC time                 : 0.07        (0.02      % time)
c [scc] new: 0 BP 4M  T: 0.07
c vrep replace time        : 0.48        (0.11      % time)
c vrep tree roots          : 0           
c vrep trees' crown        : 0           (0.00      leafs/tree)
c distill long time        : 5.54        (1.25      % time)
c distill bin time         : 2.86        (0.65      % time)
c strength cache-irred time: 9.67        (2.19      % time)
c strength cache-red time  : 5.17        (1.17      % time)
c avg cls in red 0         : 9779.54     
c avg cls in red 1         : 718.52      
c avg cls in red 2         : 33488.97    
c Conflicts in UIP         : 5148260     (11650.04  confl/time_this_thread)
c Max Memory (rss) used    : 83336 kB    
c Total time (this thread) : 441.91      
s SATISFIABLE
v -1 -2 3 -4 -5 -6 -7 -8 -9 10 11 12 -13 14 -15 -16 -17 18 -19 20 -21 -22 -23 24 
v -25 -26 -27 -28 -29 -30 -31 -32 -33 -34 -35 -36 37 -38 -39 -40 41 -42 -43 -44 
v 45 -46 -47 -48 -49 -50 -51 -52 -53 -54 55 -56 -57 -58 -59 -60 -61 -62 -63 -64 
v -65 -66 -67 -68 -69 -70 -71 -72 73 -74 -75 -76 -77 -78 79 -80 -81 -82 -83 -84 
v -85 -86 -87 -88 -89 -90 -91 -92 -93 -94 -95 -96 -97 -98 -99 -100 -101 -102 
v -103 -104 -105 -106 -107 -108 -109 -110 -111 -112 -113 -114 -115 -116 -117 
v -118 -119 -120 -121 -122 -123 -124 -125 -126 -127 -128 -129 -130 -131 -132 
v -133 -134 -135 -136 -137 -138 -139 -140 -141 -142 -143 -144 -145 -146 -147 
v -148 -149 -150 -151 -152 153 -154 155 -156 -157 -158 -159 -160 161 -162 -163 
v -164 -165 -166 -167 -168 -169 -170 -171 -172 -173 -174 -175 -176 -177 -178 
v 179 -180 -181 -182 -183 -184 -185 -186 -187 -188 -189 -190 -191 -192 -193 
v -194 -195 -196 -197 -198 -199 -200 -201 -202 -203 -204 -205 -206 -207 -208 
v -209 -210 -211 -212 -213 -214 -215 -216 -217 -218 -219 -220 -221 -222 223 
v -224 -225 -226 -227 -228 -229 -230 -231 -232 -233 -234 -235 -236 -237 -238 
v -239 -240 -241 -242 -243 -244 -245 -246 -247 -248 -249 -250 -251 -252 -253 
v -254 -255 -256 -257 -258 -259 -260 -261 -262 -263 -264 -265 -266 -267 -268 
v -269 -270 -271 -272 -273 -274 -275 -276 -277 -278 -279 -280 -281 -282 -283 
v -284 -285 -286 -287 -288 -289 -290 -291 -292 -293 -294 -295 -296 -297 -298 
v -299 -300 -301 -302 -303 -304 -305 -306 -307 -308 -309 -310 -311 -312 -313 
v -314 -315 -316 -317 -318 -319 -320 -321 -322 -323 -324 -325 -326 -327 -328 
v -329 -330 -331 -332 -333 -334 -335 -336 -337 -338 -339 -340 -341 -342 -343 
v -344 -345 -346 -347 -348 -349 -350 -351 -352 -353 -354 355 -356 -357 -358 
v -359 -360 -361 -362 -363 -364 -365 -366 -367 -368 -369 -370 -371 -372 -373 
v -374 -375 -376 -377 -378 -379 -380 -381 -382 -383 -384 -385 -386 -387 -388 
v -389 -390 -391 -392 393 -394 -395 -396 397 -398 399 -400 -401 -402 -403 -404 
v -405 -406 407 -408 409 -410 -411 -412 -413 -414 -415 -416 -417 -418 -419 -420 
v -421 -422 -423 -424 -425 -426 427 -428 -429 -430 431 -432 -433 -434 -435 -436 
v 437 -438 -439 -440 -441 -442 -443 -444 445 -446 447 -448 -449 -450 -451 -452 
v -453 454 -455 456 -457 -458 -459 -460 -461 -462 -463 -464 -465 -466 -467 -468 
v -469 -470 -471 472 -473 -474 -475 -476 -477 -478 -479 -480 -481 -482 -483 
v -484 -485 -486 -487 -488 -489 -490 -491 -492 -493 -494 -495 -496 -497 -498 
v -499 -500 -501 -502 -503 -504 -505 -506 -507 -508 -509 -510 -511 -512 -513 
v -514 -515 -516 -517 -518 -519 -520 -521 -522 -523 -524 -525 -526 -527 528 
v -529 -530 -531 -532 -533 -534 -535 -536 -537 -538 -539 -540 -541 -542 -543 
v -544 -545 -546 -547 -548 -549 -550 -551 -552 -553 -554 -555 -556 -557 -558 
v -559 -560 -561 -562 -563 -564 -565 -566 -567 -568 -569 -570 -571 -572 -573 
v -574 -575 -576 -577 -578 -579 580 -581 582 -583 -584 -585 -586 -587 -588 -589 
v -590 -591 -592 -593 -594 -595 -596 -597 598 -599 600 -601 602 -603 -604 -605 
v -606 -607 608 -609 610 -611 612 -613 -614 -615 -616 -617 -618 -619 -620 -621 
v -622 -623 -624 -625 -626 -627 -628 -629 -630 -631 -632 -633 -634 -635 -636 
v -637 -638 -639 -640 -641 -642 -643 -644 -645 -646 -647 -648 -649 -650 -651 
v -652 -653 654 -655 -656 -657 -658 -659 -660 -661 -662 -663 -664 -665 666 -667 
v -668 -669 -670 -671 672 -673 -674 -675 -676 -677 678 -679 -680 -681 -682 -683 
v 684 -685 -686 -687 -688 -689 690 691 692 -693 -694 -695 -696 -697 -698 -699 
v -700 -701 -702 -703 704 705 -706 -707 708 -709 -710 -711 -712 -713 -714 -715 
v 716 -717 -718 -719 720 -721 -722 -723 -724 -725 -726 -727 -728 -729 -730 -731 
v -732 -733 -734 -735 736 737 -738 -739 -740 -741 742 -743 744 -745 -746 -747 
v -748 -749 -750 -751 -752 -753 -754 -755 -756 -757 758 -759 760 -761 -762 -763 
v -764 -765 -766 -767 -768 -769 -770 -771 -772 -773 -774 -775 776 -777 -778 
v -779 780 -781 -782 -783 784 785 786 787 -788 -789 -790 -791 -792 -793 794 
v -795 796 -797 -798 -799 -800 801 -802 -803 -804 805 -806 -807 -808 -809 -810 
v -811 -812 -813 -814 -815 -816 -817 -818 -819 -820 821 -822 -823 -824 -825 
v -826 -827 -828 -829 -830 -831 -832 -833 -834 -835 -836 -837 -838 -839 -840 
v 841 -842 843 -844 -845 -846 -847 -848 -849 -850 851 -852 853 -854 -855 -856 
v -857 -858 859 860 -861 -862 863 -864 -865 -866 -867 -868 -869 -870 871 -872 
v -873 -874 -875 -876 877 878 -879 -880 881 -882 -883 -884 -885 -886 -887 -888 
v 889 -890 -891 -892 -893 -894 895 -896 -897 -898 -899 -900 -901 -902 -903 -904 
v -905 -906 -907 -908 -909 -910 -911 -912 913 914 -915 -916 -917 -918 -919 -920 
v -921 -922 -923 -924 -925 -926 -927 -928 -929 -930 -931 -932 -933 -934 -935 
v -936 -937 -938 -939 -940 -941 -942 -943 -944 -945 -946 -947 -948 -949 -950 
v -951 -952 -953 -954 -955 -956 -957 -958 -959 -960 -961 -962 -963 -964 -965 
v -966 -967 -968 -969 -970 -971 -972 -973 -974 -975 -976 -977 -978 -979 -980 
v -981 -982 -983 -984 -985 -986 -987 -988 -989 -990 -991 -992 -993 -994 -995 
v -996 -997 -998 -999 -1000 -1001 -1002 -1003 -1004 -1005 -1006 -1007 -1008 
v -1009 -1010 -1011 -1012 1013 -1014 -1015 -1016 1017 -1018 -1019 -1020 -1021 
v -1022 -1023 -1024 1025 -1026 -1027 -1028 -1029 -1030 -1031 -1032 1033 -1034 
v -1035 -1036 -1037 -1038 -1039 -1040 1041 -1042 1043 -1044 -1045 -1046 -1047 
v -1048 -1049 -1050 -1051 -1052 1053 -1054 -1055 -1056 -1057 -1058 -1059 -1060 
v -1061 -1062 -1063 -1064 -1065 -1066 -1067 -1068 1069 -1070 1071 -1072 1073 
v -1074 -1075 -1076 -1077 -1078 -1079 -1080 1081 -1082 -1083 -1084 1085 -1086 
v 1087 -1088 -1089 -1090 1091 -1092 1093 -1094 1095 -1096 1097 -1098 1099 -1100 
v -1101 -1102 -1103 -1104 1105 1106 -1107 -1108 1109 -1110 -1111 -1112 -1113 
v -1114 -1115 -1116 -1117 -1118 -1119 -1120 -1121 -1122 -1123 -1124 1125 1126 
v 1127 -1128 -1129 -1130 -1131 -1132 1133 1134 1135 -1136 1137 1138 1139 -1140 
v -1141 -1142 -1143 -1144 1145 -1146 -1147 -1148 -1149 -1150 -1151 -1152 -1153 
v -1154 -1155 -1156 -1157 -1158 -1159 -1160 -1161 -1162 -1163 -1164 -1165 -1166 
v -1167 -1168 -1169 -1170 -1171 -1172 -1173 -1174 -1175 -1176 -1177 -1178 -1179 
v -1180 -1181 -1182 -1183 -1184 -1185 -1186 -1187 -1188 -1189 -1190 -1191 -1192 
v -1193 -1194 -1195 -1196 -1197 1198 -1199 -1200 -1201 1202 -1203 -1204 -1205 
v -1206 -1207 1208 -1209 -1210 -1211 -1212 -1213 -1214 -1215 -1216 -1217 -1218 
v -1219 -1220 -1221 -1222 -1223 -1224 -1225 1226 -1227 -1228 -1229 -1230 -1231 
v -1232 -1233 -1234 -1235 -1236 -1237 -1238 -1239 -1240 -1241 1242 -1243 -1244 
v -1245 -1246 -1247 -1248 -1249 -1250 -1251 -1252 -1253 -1254 -1255 -1256 -1257 
v -1258 -1259 -1260 -1261 -1262 -1263 -1264 -1265 -1266 -1267 -1268 -1269 1270 
v -1271 -1272 -1273 -1274 -1275 -1276 -1277 -1278 -1279 -1280 -1281 -1282 -1283 
v -1284 -1285 -1286 -1287 1288 -1289 1290 -1291 -1292 -1293 -1294 -1295 1296 
v -1297 -1298 -1299 -1300 -1301 -1302 -1303 -1304 -1305 -1306 -1307 -1308 -1309 
v -1310 -1311 -1312 -1313 -1314 -1315 -1316 -1317 -1318 -1319 -1320 -1321 -1322 
v -1323 -1324 -1325 -1326 -1327 -1328 -1329 -1330 -1331 -1332 -1333 -1334 -1335 
v -1336 -1337 -1338 -1339 -1340 -1341 -1342 -1343 -1344 -1345 -1346 -1347 -1348 
v -1349 -1350 -1351 1352 -1353 -1354 -1355 -1356 -1357 -1358 -1359 -1360 -1361 
v -1362 -1363 -1364 -1365 -1366 -1367 -1368 -1369 -1370 -1371 -1372 -1373 1374 
v -1375 -1376 -1377 -1378 -1379 -1380 -1381 1382 -1383 -1384 -1385 -1386 -1387 
v -1388 -1389 1390 -1391 -1392 -1393 -1394 -1395 -1396 -1397 -1398 -1399 -1400 
v -1401 1402 1403 -1404 -1405 1406 -1407 -1408 -1409 -1410 -1411 -1412 -1413 
v 1414 -1415 -1416 -1417 -1418 -1419 -1420 -1421 -1422 -1423 -1424 -1425 -1426 
v -1427 -1428 -1429 -1430 -1431 -1432 -1433 1434 -1435 -1436 -1437 -1438 -1439 
v 1440 -1441 -1442 -1443 1444 -1445 1446 -1447 -1448 -1449 -1450 -1451 -1452 
v -1453 1454 -1455 -1456 -1457 1458 -1459 -1460 -1461 -1462 -1463 -1464 -1465 
v -1466 -1467 -1468 -1469 -1470 -1471 -1472 -1473 1474 1475 -1476 -1477 -1478 
v -1479 -1480 -1481 1482 -1483 1484 -1485 1486 -1487 -1488 -1489 -1490 -1491 
v -1492 -1493 1494 -1495 -1496 -1497 -1498 -1499 -1500 -1501 -1502 -1503 -1504 
v -1505 -1506 -1507 -1508 -1509 -1510 -1511 -1512 -1513 -1514 -1515 -1516 -1517 
v -1518 -1519 -1520 -1521 -1522 -1523 -1524 -1525 -1526 -1527 -1528 -1529 -1530 
v -1531 -1532 -1533 -1534 -1535 -1536 -1537 -1538 -1539 -1540 -1541 -1542 -1543 
v -1544 -1545 -1546 -1547 -1548 1549 -1550 1551 -1552 -1553 -1554 -1555 -1556 
v 1557 -1558 -1559 -1560 -1561 -1562 -1563 -1564 -1565 -1566 -1567 -1568 -1569 
v -1570 -1571 -1572 -1573 -1574 1575 -1576 -1577 -1578 -1579 -1580 -1581 -1582 
v -1583 -1584 -1585 -1586 -1587 -1588 -1589 -1590 -1591 -1592 -1593 -1594 -1595 
v -1596 -1597 -1598 -1599 -1600 -1601 -1602 -1603 -1604 -1605 -1606 -1607 -1608 
v -1609 -1610 -1611 -1612 -1613 -1614 -1615 -1616 -1617 -1618 -1619 -1620 -1621 
v -1622 -1623 -1624 -1625 -1626 -1627 -1628 -1629 -1630 -1631 -1632 -1633 -1634 
v -1635 -1636 -1637 -1638 -1639 -1640 -1641 -1642 -1643 -1644 -1645 -1646 -1647 
v -1648 -1649 -1650 -1651 -1652 -1653 -1654 -1655 -1656 -1657 -1658 -1659 -1660 
v -1661 -1662 -1663 -1664 -1665 -1666 -1667 -1668 -1669 -1670 -1671 -1672 -1673 
v -1674 -1675 -1676 -1677 -1678 -1679 -1680 -1681 -1682 -1683 -1684 -1685 -1686 
v -1687 -1688 -1689 -1690 -1691 -1692 -1693 -1694 1695 -1696 -1697 -1698 -1699 
v -1700 -1701 -1702 -1703 -1704 -1705 -1706 -1707 -1708 -1709 -1710 1711 -1712 
v -1713 -1714 1715 -1716 -1717 -1718 1719 -1720 -1721 -1722 1723 -1724 -1725 
v -1726 -1727 -1728 -1729 -1730 1731 -1732 -1733 -1734 -1735 -1736 1737 -1738 
v 1739 -1740 1741 -1742 -1743 -1744 -1745 -1746 -1747 -1748 -1749 -1750 1751 
v -1752 1753 -1754 1755 -1756 -1757 -1758 -1759 -1760 1761 -1762 1763 -1764 
v 1765 -1766 -1767 -1768 1769 -1770 1771 -1772 -1773 -1774 -1775 -1776 -1777 
v -1778 1779 -1780 -1781 -1782 1783 -1784 1785 -1786 1787 -1788 1789 -1790 1791 
v -1792 1793 -1794 1795 -1796 1797 -1798 -1799 -1800 -1801 -1802 1803 1804 
v -1805 -1806 1807 -1808 -1809 -1810 -1811 -1812 -1813 -1814 -1815 -1816 -1817 
v -1818 -1819 -1820 -1821 -1822 1823 1824 1825 -1826 -1827 -1828 -1829 -1830 
v 1831 1832 1833 -1834 1835 1836 1837 -1838 1839 -1840 -1841 -1842 1843 -1844 
v -1845 -1846 -1847 -1848 -1849 -1850 -1851 -1852 -1853 -1854 -1855 -1856 -1857 
v -1858 -1859 -1860 -1861 -1862 -1863 -1864 -1865 -1866 -1867 -1868 -1869 -1870 
v -1871 -1872 -1873 -1874 -1875 -1876 -1877 -1878 -1879 -1880 -1881 -1882 -1883 
v -1884 -1885 -1886 -1887 -1888 -1889 -1890 -1891 -1892 -1893 -1894 -1895 -1896 
v -1897 -1898 -1899 -1900 -1901 -1902 -1903 -1904 -1905 -1906 -1907 -1908 -1909 
v -1910 -1911 -1912 -1913 -1914 -1915 -1916 -1917 -1918 -1919 -1920 -1921 -1922 
v -1923 -1924 -1925 -1926 -1927 -1928 -1929 -1930 -1931 -1932 -1933 -1934 -1935 
v -1936 -1937 -1938 -1939 1940 -1941 -1942 -1943 -1944 -1945 -1946 -1947 -1948 
v -1949 -1950 -1951 -1952 -1953 -1954 -1955 -1956 -1957 -1958 1959 -1960 -1961 
v -1962 -1963 -1964 -1965 -1966 -1967 1968 -1969 -1970 -1971 1972 -1973 -1974 
v -1975 -1976 -1977 -1978 -1979 -1980 -1981 -1982 -1983 -1984 -1985 -1986 -1987 
v -1988 -1989 -1990 -1991 -1992 -1993 -1994 -1995 -1996 -1997 -1998 -1999 -2000 
v -2001 -2002 -2003 -2004 -2005 -2006 -2007 -2008 -2009 -2010 -2011 -2012 -2013 
v -2014 -2015 -2016 -2017 -2018 -2019 -2020 -2021 -2022 -2023 -2024 -2025 -2026 
v -2027 -2028 -2029 -2030 -2031 -2032 -2033 -2034 -2035 -2036 -2037 -2038 -2039 
v -2040 -2041 -2042 -2043 -2044 -2045 -2046 -2047 -2048 -2049 -2050 -2051 -2052 
v -2053 -2054 -2055 -2056 -2057 -2058 -2059 -2060 -2061 -2062 -2063 -2064 -2065 
v -2066 -2067 -2068 -2069 -2070 -2071 -2072 -2073 -2074 -2075 -2076 -2077 -2078 
v -2079 -2080 -2081 -2082 -2083 -2084 -2085 -2086 -2087 -2088 -2089 -2090 -2091 
v -2092 -2093 -2094 -2095 -2096 -2097 -2098 -2099 -2100 -2101 2102 -2103 2104 
v -2105 -2106 -2107 -2108 -2109 -2110 -2111 2112 -2113 -2114 -2115 -2116 -2117 
v -2118 -2119 -2120 -2121 -2122 -2123 -2124 -2125 -2126 -2127 -2128 -2129 -2130 
v -2131 2132 -2133 -2134 -2135 -2136 -2137 2138 -2139 -2140 -2141 2142 -2143 
v 2144 -2145 -2146 -2147 2148 -2149 2150 -2151 2152 -2153 2154 -2155 -2156 
v -2157 -2158 -2159 -2160 -2161 -2162 -2163 -2164 -2165 -2166 -2167 -2168 -2169 
v -2170 -2171 2172 -2173 -2174 -2175 2176 -2177 -2178 -2179 2180 -2181 2182 
v -2183 -2184 -2185 -2186 -2187 -2188 -2189 2190 -2191 2192 -2193 -2194 -2195 
v -2196 -2197 -2198 2199 -2200 2201 -2202 -2203 -2204 -2205 -2206 -2207 -2208 
v -2209 -2210 -2211 -2212 -2213 -2214 -2215 -2216 2217 -2218 -2219 -2220 -2221 
v -2222 -2223 -2224 -2225 -2226 -2227 -2228 -2229 -2230 -2231 -2232 -2233 -2234 
v -2235 -2236 -2237 -2238 -2239 -2240 -2241 -2242 -2243 -2244 -2245 -2246 -2247 
v -2248 -2249 -2250 -2251 -2252 -2253 -2254 -2255 -2256 -2257 -2258 -2259 -2260 
v -2261 -2262 -2263 -2264 -2265 -2266 -2267 -2268 -2269 -2270 -2271 -2272 2273 
v -2274 -2275 -2276 -2277 -2278 -2279 -2280 -2281 -2282 -2283 -2284 -2285 -2286 
v -2287 -2288 -2289 -2290 -2291 -2292 -2293 -2294 -2295 -2296 -2297 -2298 -2299 
v -2300 -2301 -2302 -2303 -2304 -2305 -2306 -2307 -2308 -2309 -2310 -2311 -2312 
v -2313 -2314 -2315 -2316 -2317 -2318 -2319 -2320 -2321 -2322 -2323 -2324 -2325 
v -2326 -2327 -2328 -2329 -2330 -2331 -2332 -2333 -2334 -2335 -2336 -2337 -2338 
v -2339 -2340 -2341 -2342 -2343 -2344 -2345 -2346 -2347 -2348 -2349 -2350 -2351 
v -2352 -2353 -2354 -2355 -2356 -2357 -2358 -2359 -2360 -2361 -2362 -2363 -2364 
v -2365 -2366 -2367 -2368 -2369 -2370 -2371 -2372 -2373 -2374 -2375 -2376 -2377 
v -2378 -2379 -2380 -2381 -2382 -2383 -2384 -2385 -2386 -2387 -2388 -2389 -2390 
v -2391 -2392 -2393 -2394 -2395 -2396 -2397 -2398 -2399 -2400 -2401 -2402 -2403 
v -2404 -2405 -2406 -2407 -2408 -2409 -2410 -2411 -2412 2413 -2414 -2415 -2416 
v -2417 -2418 -2419 -2420 -2421 -2422 -2423 -2424 -2425 -2426 -2427 -2428 -2429 
v -2430 -2431 -2432 -2433 -2434 -2435 -2436 -2437 -2438 2439 -2440 -2441 -2442 
v -2443 -2444 -2445 -2446 -2447 -2448 2449 -2450 2451 -2452 2453 -2454 -2455 
v -2456 -2457 -2458 -2459 -2460 2461 -2462 -2463 -2464 -2465 -2466 -2467 -2468 
v -2469 -2470 -2471 -2472 -2473 -2474 -2475 -2476 -2477 -2478 -2479 -2480 2481 
v -2482 -2483 -2484 -2485 -2486 -2487 -2488 -2489 -2490 2491 -2492 2493 -2494 
v 2495 -2496 -2497 -2498 -2499 -2500 2501 2502 2503 -2504 -2505 -2506 -2507 
v -2508 -2509 -2510 -2511 -2512 -2513 -2514 -2515 -2516 -2517 -2518 -2519 -2520 
v 2521 -2522 2523 -2524 2525 -2526 -2527 -2528 2529 -2530 2531 -2532 -2533 
v -2534 2535 -2536 -2537 -2538 2539 -2540 -2541 -2542 -2543 -2544 -2545 -2546 
v -2547 -2548 -2549 -2550 -2551 -2552 -2553 -2554 -2555 2556 -2557 -2558 -2559 
v 2560 -2561 -2562 -2563 -2564 -2565 2566 -2567 -2568 -2569 -2570 -2571 -2572 
v -2573 -2574 -2575 -2576 -2577 -2578 2579 -2580 -2581 -2582 -2583 -2584 -2585 
v -2586 -2587 -2588 -2589 -2590 -2591 -2592 -2593 -2594 -2595 2596 -2597 2598 
v -2599 -2600 -2601 -2602 -2603 2604 -2605 -2606 -2607 -2608 -2609 -2610 -2611 
v -2612 -2613 -2614 -2615 -2616 -2617 -2618 -2619 -2620 -2621 2622 2623 -2624 
v -2625 2626 -2627 2628 -2629 -2630 -2631 -2632 -2633 2634 2635 -2636 -2637 
v -2638 -2639 -2640 -2641 -2642 -2643 -2644 -2645 -2646 -2647 -2648 -2649 -2650 
v -2651 -2652 -2653 -2654 -2655 -2656 -2657 2658 -2659 2660 -2661 -2662 -2663 
v -2664 -2665 -2666 -2667 -2668 -2669 -2670 -2671 -2672 -2673 -2674 -2675 -2676 
v -2677 -2678 -2679 -2680 -2681 -2682 -2683 -2684 -2685 -2686 -2687 -2688 -2689 
v -2690 -2691 -2692 -2693 -2694 -2695 -2696 -2697 -2698 -2699 -2700 -2701 -2702 
v -2703 -2704 -2705 -2706 -2707 -2708 -2709 -2710 -2711 -2712 -2713 -2714 -2715 
v -2716 -2717 -2718 -2719 -2720 -2721 -2722 -2723 -2724 -2725 -2726 -2727 -2728 
v -2729 -2730 -2731 -2732 -2733 -2734 -2735 -2736 -2737 -2738 -2739 -2740 -2741 
v -2742 -2743 -2744 -2745 -2746 -2747 -2748 -2749 -2750 -2751 -2752 -2753 -2754 
v -2755 -2756 -2757 -2758 -2759 -2760 -2761 -2762 -2763 -2764 -2765 -2766 -2767 
v -2768 -2769 -2770 -2771 -2772 -2773 -2774 -2775 -2776 -2777 -2778 -2779 -2780 
v -2781 -2782 -2783 -2784 -2785 -2786 -2787 -2788 -2789 -2790 -2791 -2792 -2793 
v -2794 -2795 -2796 -2797 2798 -2799 -2800 -2801 -2802 -2803 -2804 -2805 -2806 
v -2807 2808 -2809 -2810 -2811 2812 -2813 -2814 -2815 -2816 -2817 -2818 -2819 
v -2820 -2821 -2822 -2823 -2824 -2825 -2826 -2827 -2828 -2829 -2830 -2831 -2832 
v -2833 2834 -2835 2836 -2837 2838 -2839 -2840 -2841 -2842 -2843 -2844 -2845 
v -2846 -2847 -2848 -2849 -2850 -2851 -2852 -2853 2854 -2855 -2856 -2857 -2858 
v -2859 -2860 -2861 -2862 -2863 -2864 -2865 -2866 -2867 -2868 -2869 2870 -2871 
v -2872 -2873 -2874 -2875 -2876 -2877 2878 -2879 2880 -2881 -2882 -2883 -2884 
v -2885 2886 -2887 -2888 -2889 2890 -2891 -2892 -2893 -2894 -2895 -2896 -2897 
v -2898 -2899 -2900 -2901 -2902 -2903 -2904 2905 -2906 -2907 -2908 2909 -2910 
v -2911 -2912 -2913 -2914 2915 -2916 -2917 -2918 -2919 -2920 -2921 -2922 -2923 
v -2924 -2925 -2926 2927 -2928 -2929 -2930 -2931 -2932 -2933 -2934 2935 -2936 
v 2937 -2938 -2939 -2940 -2941 -2942 -2943 -2944 -2945 -2946 -2947 -2948 -2949 
v -2950 -2951 -2952 2953 -2954 -2955 -2956 -2957 -2958 -2959 -2960 -2961 -2962 
v -2963 -2964 -2965 -2966 -2967 -2968 -2969 -2970 2971 2972 -2973 -2974 2975 
v -2976 -2977 -2978 -2979 -2980 -2981 -2982 2983 -2984 -2985 -2986 2987 -2988 
v 2989 -2990 -2991 -2992 -2993 -2994 -2995 -2996 -2997 -2998 -2999 -3000 -3001 
v -3002 -3003 -3004 -3005 -3006 3007 3008 -3009 -3010 -3011 -3012 -3013 -3014 
v 3015 -3016 -3017 -3018 -3019 -3020 -3021 -3022 -3023 -3024 -3025 -3026 -3027 
v -3028 -3029 -3030 -3031 -3032 -3033 -3034 -3035 -3036 -3037 -3038 -3039 -3040 
v -3041 -3042 -3043 -3044 -3045 -3046 -3047 -3048 -3049 -3050 -3051 -3052 -3053 
v -3054 -3055 -3056 -3057 -3058 -3059 -3060 -3061 -3062 -3063 -3064 -3065 -3066 
v -3067 -3068 -3069 -3070 -3071 -3072 -3073 -3074 -3075 -3076 -3077 -3078 -3079 
v -3080 -3081 -3082 -3083 -3084 -3085 -3086 -3087 -3088 -3089 -3090 -3091 -3092 
v -3093 -3094 -3095 -3096 -3097 -3098 -3099 -3100 -3101 -3102 -3103 -3104 -3105 
v -3106 -3107 -3108 -3109 -3110 -3111 -3112 -3113 -3114 -3115 -3116 -3117 -3118 
v -3119 -3120 -3121 -3122 -3123 -3124 -3125 -3126 -3127 -3128 -3129 -3130 -3131 
v -3132 -3133 -3134 -3135 -3136 -3137 -3138 -3139 -3140 -3141 -3142 -3143 -3144 
v -3145 -3146 3147 -3148 -3149 -3150 -3151 -3152 -3153 -3154 -3155 -3156 3157 
v -3158 -3159 -3160 3161 -3162 3163 -3164 -3165 -3166 -3167 -3168 -3169 -3170 
v -3171 -3172 -3173 -3174 -3175 -3176 -3177 -3178 3179 -3180 -3181 -3182 3183 
v -3184 3185 -3186 3187 -3188 3189 -3190 3191 -3192 -3193 -3194 -3195 -3196 
v -3197 -3198 3199 -3200 -3201 -3202 -3203 -3204 -3205 -3206 -3207 -3208 -3209 
v -3210 -3211 -3212 -3213 -3214 -3215 -3216 -3217 -3218 3219 -3220 -3221 -3222 
v -3223 -3224 -3225 -3226 3227 3228 3229 -3230 -3231 -3232 -3233 -3234 3235 
v -3236 -3237 -3238 3239 -3240 -3241 -3242 -3243 3244 -3245 -3246 -3247 3248 
v -3249 -3250 -3251 -3252 -3253 -3254 -3255 -3256 -3257 -3258 -3259 -3260 -3261 
v -3262 -3263 3264 -3265 -3266 -3267 -3268 -3269 -3270 -3271 -3272 -3273 -3274 
v -3275 -3276 -3277 -3278 -3279 -3280 -3281 -3282 -3283 -3284 -3285 -3286 -3287 
v -3288 -3289 -3290 -3291 3292 -3293 -3294 -3295 3296 -3297 -3298 -3299 -3300 
v -3301 3302 -3303 -3304 -3305 -3306 -3307 -3308 -3309 -3310 -3311 -3312 -3313 
v -3314 -3315 -3316 -3317 -3318 -3319 3320 3321 -3322 -3323 3324 -3325 -3326 
v -3327 -3328 -3329 -3330 -3331 3332 -3333 -3334 -3335 3336 -3337 -3338 -3339 
v -3340 -3341 -3342 -3343 -3344 -3345 -3346 -3347 -3348 -3349 -3350 -3351 -3352 
v -3353 -3354 3355 3356 -3357 -3358 -3359 -3360 -3361 -3362 -3363 3364 -3365 
v -3366 -3367 3368 -3369 -3370 -3371 -3372 -3373 -3374 -3375 -3376 -3377 -3378 
v -3379 -3380 -3381 -3382 -3383 -3384 -3385 -3386 -3387 -3388 -3389 -3390 -3391 
v -3392 -3393 -3394 -3395 -3396 -3397 -3398 -3399 -3400 -3401 -3402 -3403 -3404 
v -3405 -3406 -3407 -3408 -3409 -3410 -3411 -3412 -3413 -3414 -3415 -3416 -3417 
v -3418 -3419 -3420 -3421 -3422 -3423 -3424 -3425 -3426 -3427 -3428 -3429 -3430 
v -3431 -3432 -3433 -3434 -3435 -3436 -3437 -3438 -3439 -3440 -3441 -3442 -3443 
v -3444 -3445 -3446 -3447 -3448 -3449 -3450 -3451 -3452 -3453 -3454 -3455 -3456 
v -3457 -3458 -3459 -3460 -3461 -3462 -3463 -3464 -3465 -3466 -3467 -3468 -3469 
v -3470 -3471 -3472 -3473 -3474 -3475 -3476 -3477 -3478 -3479 -3480 -3481 -3482 
v -3483 -3484 -3485 -3486 -3487 -3488 -3489 -3490 -3491 -3492 -3493 -3494 -3495 
v 3496 -3497 -3498 -3499 -3500 -3501 -3502 -3503 -3504 -3505 -3506 -3507 -3508 
v -3509 -3510 -3511 -3512 -3513 -3514 -3515 -3516 -3517 -3518 -3519 -3520 -3521 
v -3522 -3523 -3524 -3525 -3526 -3527 -3528 -3529 -3530 -3531 -3532 -3533 3534 
v -3535 3536 -3537 3538 -3539 3540 -3541 -3542 -3543 3544 -3545 3546 -3547 3548 
v -3549 3550 -3551 -3552 -3553 -3554 -3555 -3556 -3557 -3558 -3559 -3560 -3561 
v -3562 -3563 -3564 -3565 -3566 -3567 3568 -3569 -3570 -3571 3572 -3573 -3574 
v -3575 3576 -3577 3578 -3579 -3580 -3581 -3582 -3583 -3584 -3585 3586 -3587 
v 3588 -3589 -3590 -3591 -3592 3593 -3594 -3595 -3596 3597 -3598 -3599 -3600 
v -3601 -3602 -3603 -3604 -3605 -3606 -3607 -3608 -3609 -3610 -3611 -3612 3613 
v -3614 -3615 -3616 -3617 -3618 -3619 -3620 -3621 -3622 -3623 -3624 -3625 -3626 
v -3627 -3628 -3629 -3630 -3631 -3632 -3633 -3634 -3635 -3636 -3637 -3638 -3639 
v -3640 -3641 -3642 -3643 -3644 -3645 -3646 -3647 -3648 -3649 -3650 -3651 -3652 
v -3653 -3654 -3655 -3656 -3657 -3658 -3659 -3660 -3661 -3662 -3663 -3664 -3665 
v -3666 -3667 -3668 3669 -3670 -3671 -3672 -3673 -3674 -3675 -3676 -3677 -3678 
v -3679 -3680 -3681 -3682 -3683 -3684 -3685 -3686 -3687 -3688 -3689 -3690 -3691 
v -3692 -3693 -3694 -3695 -3696 -3697 -3698 -3699 -3700 -3701 -3702 -3703 -3704 
v -3705 -3706 -3707 -3708 -3709 -3710 -3711 -3712 -3713 -3714 -3715 -3716 -3717 
v -3718 3719 -3720 -3721 -3722 3723 -3724 -3725 -3726 -3727 -3728 -3729 -3730 
v -3731 -3732 -3733 -3734 -3735 -3736 -3737 -3738 3739 -3740 -3741 -3742 -3743 
v -3744 -3745 -3746 -3747 -3748 -3749 -3750 -3751 -3752 -3753 -3754 -3755 -3756 
v -3757 -3758 -3759 -3760 -3761 -3762 -3763 -3764 -3765 -3766 -3767 -3768 -3769 
v -3770 -3771 -3772 -3773 -3774 -3775 -3776 -3777 -3778 -3779 -3780 -3781 -3782 
v -3783 -3784 -3785 -3786 -3787 -3788 -3789 -3790 -3791 -3792 -3793 -3794 3795 
v -3796 -3797 -3798 -3799 -3800 -3801 -3802 -3803 -3804 -3805 -3806 -3807 -3808 
v -3809 -3810 -3811 -3812 -3813 -3814 -3815 -3816 -3817 -3818 -3819 -3820 -3821 
v -3822 -3823 -3824 -3825 -3826 -3827 -3828 -3829 -3830 -3831 -3832 -3833 -3834 
v -3835 -3836 -3837 -3838 -3839 -3840 -3841 -3842 -3843 -3844 3845 3846 -3847 
v -3848 3849 -3850 -3851 -3852 -3853 -3854 3855 -3856 3857 -3858 3859 -3860 
v -3861 -3862 -3863 -3864 -3865 -3866 -3867 -3868 -3869 -3870 -3871 -3872 -3873 
v -3874 -3875 -3876 3877 -3878 -3879 -3880 3881 -3882 -3883 -3884 -3885 -3886 
v -3887 -3888 -3889 -3890 -3891 -3892 -3893 -3894 -3895 -3896 -3897 -3898 -3899 
v -3900 -3901 -3902 -3903 -3904 -3905 -3906 -3907 -3908 -3909 -3910 -3911 -3912 
v -3913 -3914 -3915 -3916 -3917 -3918 -3919 -3920 -3921 -3922 -3923 -3924 3925 
v -3926 -3927 -3928 -3929 -3930 -3931 -3932 3933 -3934 -3935 -3936 -3937 -3938 
v -3939 -3940 -3941 3942 -3943 -3944 -3945 3946 -3947 -3948 -3949 -3950 -3951 
v -3952 -3953 -3954 -3955 -3956 -3957 -3958 -3959 -3960 -3961 3962 -3963 -3964 
v -3965 -3966 -3967 -3968 -3969 -3970 -3971 -3972 -3973 -3974 -3975 -3976 -3977 
v -3978 -3979 -3980 -3981 -3982 -3983 -3984 -3985 -3986 -3987 -3988 -3989 -3990 
v -3991 -3992 -3993 -3994 -3995 -3996 -3997 -3998 -3999 -4000 -4001 -4002 -4003 
v -4004 -4005 -4006 -4007 -4008 -4009 -4010 -4011 -4012 -4013 -4014 -4015 -4016 
v -4017 4018 -4019 -4020 -4021 -4022 -4023 -4024 -4025 -4026 -4027 -4028 -4029 
v -4030 -4031 -4032 -4033 -4034 -4035 -4036 -4037 -4038 -4039 -4040 -4041 -4042 
v -4043 -4044 -4045 -4046 -4047 -4048 -4049 -4050 -4051 -4052 -4053 -4054 -4055 
v -4056 -4057 -4058 -4059 -4060 -4061 -4062 -4063 -4064 -4065 -4066 -4067 4068 
v -4069 -4070 -4071 4072 -4073 -4074 -4075 -4076 -4077 -4078 -4079 -4080 -4081 
v -4082 -4083 -4084 -4085 -4086 -4087 4088 -4089 -4090 -4091 -4092 -4093 -4094 
v -4095 -4096 -4097 -4098 -4099 -4100 -4101 -4102 -4103 -4104 -4105 -4106 -4107 
v -4108 -4109 -4110 -4111 -4112 -4113 -4114 -4115 -4116 -4117 -4118 -4119 -4120 
v -4121 -4122 -4123 -4124 -4125 -4126 -4127 -4128 -4129 -4130 -4131 -4132 -4133 
v -4134 -4135 -4136 -4137 -4138 -4139 -4140 -4141 -4142 -4143 4144 -4145 -4146 
v -4147 -4148 -4149 -4150 -4151 -4152 -4153 -4154 -4155 -4156 -4157 -4158 -4159 
v -4160 -4161 -4162 -4163 -4164 -4165 -4166 -4167 -4168 -4169 -4170 -4171 -4172 
v -4173 -4174 -4175 -4176 -4177 -4178 -4179 -4180 -4181 -4182 -4183 -4184 -4185 
v -4186 -4187 -4188 -4189 -4190 -4191 -4192 -4193 -4194 -4195 -4196 -4197 -4198 
v -4199 -4200 -4201 -4202 -4203 -4204 -4205 -4206 -4207 -4208 -4209 -4210 -4211 
v -4212 -4213 -4214 -4215 -4216 -4217 -4218 -4219 -4220 -4221 -4222 -4223 -4224 
v -4225 -4226 -4227 -4228 -4229 -4230 -4231 -4232 -4233 -4234 -4235 -4236 -4237 
v -4238 -4239 -4240 -4241 -4242 -4243 -4244 -4245 -4246 -4247 -4248 -4249 -4250 
v -4251 -4252 -4253 -4254 -4255 -4256 -4257 -4258 -4259 -4260 -4261 -4262 -4263 
v -4264 -4265 -4266 -4267 -4268 -4269 -4270 -4271 -4272 -4273 -4274 -4275 -4276 
v -4277 -4278 -4279 -4280 -4281 -4282 -4283 -4284 -4285 -4286 -4287 -4288 -4289 
v -4290 -4291 -4292 -4293 -4294 -4295 -4296 -4297 -4298 -4299 -4300 -4301 -4302 
v -4303 -4304 -4305 -4306 -4307 -4308 -4309 -4310 -4311 -4312 -4313 -4314 -4315 
v -4316 -4317 -4318 -4319 4320 -4321 -4322 -4323 -4324 -4325 -4326 -4327 -4328 
v -4329 -4330 -4331 -4332 -4333 -4334 -4335 -4336 -4337 -4338 -4339 -4340 -4341 
v -4342 -4343 -4344 -4345 -4346 -4347 -4348 -4349 -4350 -4351 -4352 -4353 -4354 
v -4355 -4356 -4357 4358 -4359 -4360 -4361 -4362 -4363 -4364 -4365 -4366 -4367 
v -4368 -4369 -4370 -4371 -4372 -4373 4374 -4375 -4376 -4377 -4378 -4379 -4380 
v -4381 -4382 -4383 -4384 -4385 -4386 -4387 -4388 -4389 -4390 -4391 -4392 -4393 
v -4394 -4395 4396 -4397 -4398 -4399 -4400 -4401 -4402 -4403 -4404 -4405 -4406 
v -4407 -4408 -4409 4410 -4411 4412 -4413 -4414 -4415 4416 4417 -4418 -4419 
v 4420 -4421 -4422 -4423 -4424 -4425 -4426 -4427 4428 -4429 -4430 -4431 -4432 
v -4433 -4434 -4435 -4436 -4437 -4438 -4439 -4440 -4441 -4442 -4443 -4444 -4445 
v -4446 -4447 4448 -4449 -4450 -4451 -4452 -4453 4454 -4455 -4456 -4457 -4458 
v -4459 -4460 -4461 -4462 -4463 4464 -4465 4466 -4467 -4468 -4469 4470 -4471 
v -4472 -4473 4474 -4475 4476 -4477 -4478 -4479 -4480 -4481 -4482 -4483 4484 
v -4485 -4486 -4487 -4488 -4489 4490 -4491 4492 -4493 -4494 -4495 4496 -4497 
v -4498 -4499 -4500 -4501 4502 -4503 -4504 -4505 4506 -4507 4508 -4509 -4510 
v -4511 -4512 -4513 -4514 -4515 -4516 -4517 -4518 -4519 -4520 -4521 -4522 -4523 
v -4524 -4525 -4526 -4527 -4528 -4529 -4530 -4531 -4532 -4533 -4534 -4535 -4536 
v -4537 -4538 -4539 -4540 -4541 -4542 -4543 -4544 -4545 -4546 -4547 -4548 -4549 
v -4550 -4551 -4552 -4553 -4554 -4555 -4556 -4557 -4558 -4559 -4560 -4561 -4562 
v -4563 -4564 -4565 -4566 -4567 -4568 -4569 -4570 -4571 -4572 -4573 -4574 -4575 
v -4576 -4577 -4578 -4579 -4580 -4581 -4582 -4583 -4584 -4585 -4586 -4587 -4588 
v -4589 -4590 -4591 -4592 -4593 -4594 -4595 -4596 -4597 -4598 -4599 -4600 -4601 
v -4602 -4603 -4604 4605 -4606 -4607 -4608 -4609 -4610 -4611 -4612 -4613 -4614 
v -4615 -4616 -4617 -4618 -4619 -4620 -4621 -4622 -4623 -4624 -4625 -4626 -4627 
v -4628 -4629 -4630 -4631 -4632 4633 -4634 -4635 -4636 -4637 -4638 -4639 -4640 
v -4641 -4642 -4643 -4644 -4645 -4646 -4647 -4648 -4649 -4650 -4651 -4652 -4653 
v -4654 -4655 -4656 -4657 -4658 -4659 -4660 4661 -4662 4663 -4664 -4665 -4666 
v -4667 -4668 4669 -4670 4671 -4672 4673 -4674 -4675 -4676 -4677 -4678 -4679 
v -4680 -4681 -4682 -4683 -4684 -4685 -4686 -4687 -4688 -4689 -4690 -4691 -4692 
v -4693 -4694 -4695 -4696 -4697 -4698 -4699 -4700 -4701 -4702 -4703 -4704 -4705 
v -4706 -4707 -4708 -4709 -4710 -4711 -4712 -4713 -4714 -4715 -4716 -4717 -4718 
v -4719 -4720 -4721 -4722 -4723 -4724 -4725 -4726 -4727 -4728 -4729 -4730 -4731 
v -4732 4733 -4734 -4735 -4736 -4737 -4738 4739 -4740 -4741 -4742 -4743 -4744 
v 4745 -4746 -4747 -4748 -4749 -4750 4751 -4752 4753 -4754 -4755 -4756 -4757 
v -4758 -4759 -4760 -4761 -4762 -4763 -4764 -4765 -4766 -4767 -4768 -4769 -4770 
v -4771 -4772 -4773 -4774 -4775 -4776 -4777 -4778 -4779 -4780 -4781 -4782 -4783 
v -4784 -4785 -4786 -4787 -4788 -4789 -4790 -4791 -4792 -4793 -4794 -4795 -4796 
v -4797 -4798 -4799 -4800 -4801 -4802 4803 -4804 4805 -4806 4807 -4808 4809 
v -4810 -4811 -4812 -4813 -4814 -4815 -4816 4817 -4818 4819 -4820 4821 -4822 
v -4823 -4824 4825 -4826 -4827 -4828 -4829 -4830 -4831 -4832 4833 -4834 -4835 
v -4836 4837 4838 4839 -4840 4841 -4842 -4843 -4844 4845 -4846 4847 -4848 4849 
v -4850 4851 -4852 -4853 -4854 4855 -4856 4857 -4858 -4859 -4860 -4861 -4862 
v -4863 -4864 -4865 -4866 -4867 -4868 -4869 -4870 -4871 -4872 -4873 -4874 -4875 
v -4876 -4877 -4878 -4879 -4880 -4881 -4882 -4883 -4884 -4885 -4886 -4887 -4888 
v -4889 -4890 -4891 -4892 -4893 -4894 -4895 -4896 -4897 -4898 -4899 -4900 -4901 
v -4902 -4903 -4904 -4905 -4906 -4907 -4908 -4909 4910 -4911 -4912 -4913 4914 
v -4915 -4916 -4917 -4918 -4919 4920 -4921 -4922 -4923 -4924 -4925 -4926 -4927 
v -4928 -4929 -4930 -4931 -4932 -4933 -4934 -4935 -4936 -4937 4938 -4939 -4940 
v -4941 -4942 -4943 -4944 -4945 -4946 -4947 -4948 -4949 -4950 -4951 -4952 -4953 
v 4954 -4955 -4956 -4957 -4958 -4959 -4960 -4961 -4962 -4963 -4964 -4965 -4966 
v -4967 -4968 -4969 -4970 -4971 -4972 -4973 -4974 -4975 -4976 -4977 -4978 -4979 
v -4980 -4981 4982 -4983 -4984 -4985 -4986 -4987 -4988 -4989 -4990 -4991 -4992 
v -4993 -4994 -4995 -4996 -4997 -4998 -4999 -5000 -5001 -5002 -5003 -5004 -5005 
v -5006 -5007 -5008 5009 -5010 -5011 5012 -5013 -5014 -5015 -5016 -5017 5018 
v -5019 5020 -5021 5022 -5023 -5024 -5025 -5026 -5027 -5028 -5029 -5030 -5031 
v -5032 -5033 -5034 -5035 -5036 -5037 -5038 -5039 -5040 -5041 -5042 -5043 -5044 
v -5045 -5046 -5047 -5048 -5049 -5050 -5051 -5052 -5053 -5054 -5055 -5056 -5057 
v -5058 -5059 -5060 -5061 -5062 -5063 -5064 -5065 -5066 -5067 -5068 -5069 -5070 
v -5071 -5072 -5073 -5074 -5075 -5076 -5077 -5078 -5079 -5080 -5081 5082 -5083 
v -5084 -5085 -5086 -5087 5088 -5089 -5090 -5091 -5092 -5093 5094 -5095 -5096 
v -5097 -5098 -5099 5100 -5101 5102 -5103 -5104 -5105 -5106 -5107 -5108 -5109 
v -5110 -5111 -5112 -5113 5114 -5115 -5116 -5117 -5118 -5119 -5120 -5121 -5122 
v -5123 5124 -5125 -5126 -5127 5128 -5129 -5130 -5131 -5132 -5133 -5134 -5135 
v -5136 -5137 -5138 -5139 -5140 -5141 -5142 -5143 -5144 -5145 -5146 -5147 -5148 
v -5149 5150 -5151 5152 -5153 5154 -5155 5156 -5157 5158 -5159 -5160 -5161 
v -5162 -5163 -5164 -5165 5166 -5167 5168 -5169 5170 -5171 -5172 -5173 5174 
v -5175 -5176 -5177 -5178 -5179 -5180 -5181 5182 -5183 -5184 -5185 5186 5187 
v 5188 -5189 5190 -5191 -5192 -5193 5194 -5195 5196 -5197 5198 -5199 5200 -5201 
v 5202 -5203 5204 -5205 5206 -5207 -5208 -5209 -5210 -5211 -5212 -5213 -5214 
v -5215 -5216 -5217 -5218 -5219 -5220 -5221 -5222 -5223 -5224 -5225 -5226 -5227 
v -5228 -5229 -5230 -5231 -5232 -5233 -5234 -5235 -5236 -5237 -5238 -5239 -5240 
v -5241 -5242 -5243 -5244 -5245 -5246 -5247 -5248 -5249 -5250 -5251 -5252 -5253 
v -5254 -5255 -5256 -5257 -5258 -5259 -5260 5261 -5262 5263 -5264 -5265 -5266 
v -5267 -5268 5269 -5270 -5271 -5272 -5273 -5274 -5275 -5276 -5277 -5278 -5279 
v -5280 -5281 -5282 -5283 -5284 -5285 -5286 5287 -5288 -5289 -5290 -5291 -5292 
v -5293 -5294 -5295 -5296 -5297 -5298 -5299 -5300 -5301 -5302 -5303 -5304 -5305 
v -5306 -5307 -5308 -5309 -5310 -5311 -5312 -5313 -5314 -5315 -5316 -5317 -5318 
v -5319 -5320 -5321 -5322 -5323 -5324 -5325 -5326 -5327 -5328 -5329 -5330 -5331 
v -5332 -5333 -5334 -5335 -5336 5337 -5338 -5339 -5340 5341 -5342 -5343 -5344 
v -5345 -5346 -5347 -5348 -5349 -5350 -5351 -5352 -5353 -5354 -5355 -5356 5357 
v -5358 -5359 -5360 -5361 -5362 -5363 -5364 -5365 -5366 -5367 -5368 -5369 -5370 
v -5371 -5372 -5373 -5374 -5375 -5376 -5377 -5378 -5379 -5380 -5381 -5382 -5383 
v -5384 -5385 -5386 -5387 -5388 -5389 -5390 -5391 -5392 -5393 -5394 -5395 -5396 
v -5397 -5398 -5399 -5400 -5401 -5402 -5403 -5404 -5405 -5406 -5407 -5408 -5409 
v -5410 -5411 -5412 5413 -5414 -5415 -5416 -5417 -5418 -5419 -5420 -5421 -5422 
v -5423 -5424 -5425 -5426 -5427 -5428 -5429 -5430 -5431 -5432 -5433 -5434 -5435 
v -5436 -5437 -5438 -5439 -5440 -5441 -5442 -5443 -5444 -5445 -5446 -5447 -5448 
v -5449 -5450 -5451 -5452 -5453 -5454 -5455 -5456 -5457 -5458 -5459 -5460 -5461 
v -5462 5463 5464 -5465 -5466 5467 -5468 -5469 -5470 -5471 -5472 5473 -5474 
v 5475 -5476 5477 -5478 -5479 -5480 -5481 -5482 -5483 -5484 -5485 -5486 -5487 
v -5488 -5489 -5490 -5491 -5492 -5493 -5494 5495 -5496 -5497 -5498 5499 -5500 
v -5501 -5502 -5503 -5504 5505 -5506 5507 -5508 -5509 -5510 -5511 -5512 -5513 
v -5514 5515 -5516 5517 -5518 -5519 -5520 -5521 -5522 5523 -5524 -5525 -5526 
v -5527 -5528 -5529 -5530 5531 -5532 -5533 -5534 5535 -5536 5537 -5538 5539 
v -5540 -5541 -5542 5543 -5544 5545 -5546 -5547 -5548 5549 -5550 5551 -5552 
v 5553 -5554 -5555 -5556 -5557 -5558 -5559 -5560 -5561 -5562 -5563 -5564 -5565 
v -5566 -5567 -5568 -5569 -5570 -5571 -5572 -5573 -5574 -5575 -5576 -5577 -5578 
v -5579 -5580 -5581 -5582 -5583 -5584 -5585 -5586 -5587 -5588 -5589 -5590 5591 
v -5592 -5593 -5594 5595 -5596 -5597 -5598 -5599 -5600 -5601 -5602 -5603 -5604 
v -5605 -5606 -5607 -5608 -5609 -5610 -5611 -5612 -5613 -5614 -5615 -5616 -5617 
v -5618 -5619 -5620 -5621 -5622 -5623 -5624 -5625 -5626 -5627 -5628 -5629 -5630 
v -5631 -5632 -5633 -5634 -5635 -5636 -5637 -5638 -5639 -5640 -5641 -5642 5643 
v -5644 5645 -5646 -5647 -5648 5649 -5650 -5651 -5652 5653 -5654 5655 -5656 
v 5657 -5658 -5659 -5660 -5661 -5662 -5663 -5664 5665 -5666 -5667 -5668 -5669 
v -5670 5671 -5672 5673 -5674 5675 -5676 -5677 -5678 -5679 -5680 -5681 -5682 
v -5683 -5684 -5685 -5686 5687 -5688 5689 -5690 -5691 -5692 -5693 -5694 -5695 
v -5696 -5697 -5698 -5699 -5700 -5701 -5702 -5703 -5704 5705 -5706 -5707 -5708 
v -5709 -5710 -5711 -5712 -5713 -5714 -5715 -5716 -5717 -5718 -5719 -5720 -5721 
v -5722 -5723 -5724 -5725 -5726 -5727 -5728 -5729 -5730 -5731 -5732 -5733 -5734 
v -5735 -5736 -5737 -5738 -5739 -5740 -5741 -5742 -5743 -5744 -5745 -5746 -5747 
v -5748 -5749 -5750 -5751 -5752 -5753 -5754 -5755 -5756 -5757 -5758 -5759 -5760 
v 5761 -5762 -5763 -5764 -5765 -5766 -5767 -5768 -5769 -5770 -5771 -5772 -5773 
v -5774 -5775 -5776 -5777 -5778 -5779 -5780 -5781 -5782 -5783 -5784 -5785 -5786 
v -5787 -5788 -5789 -5790 -5791 -5792 -5793 -5794 -5795 -5796 -5797 -5798 -5799 
v -5800 -5801 -5802 -5803 -5804 -5805 -5806 -5807 -5808 -5809 -5810 5811 -5812 
v -5813 -5814 -5815 -5816 -5817 -5818 -5819 -5820 -5821 -5822 -5823 -5824 -5825 
v -5826 -5827 -5828 -5829 -5830 -5831 -5832 -5833 -5834 -5835 -5836 -5837 -5838 
v -5839 -5840 -5841 -5842 -5843 -5844 -5845 -5846 -5847 -5848 -5849 -5850 5851 
v -5852 -5853 -5854 -5855 -5856 5857 -5858 -5859 -5860 -5861 -5862 5863 -5864 
v -5865 -5866 5867 -5868 -5869 -5870 -5871 -5872 -5873 -5874 -5875 -5876 -5877 
v -5878 -5879 -5880 -5881 -5882 5883 5884 -5885 -5886 -5887 -5888 -5889 -5890 
v 5891 -5892 5893 -5894 5895 -5896 -5897 -5898 -5899 -5900 -5901 -5902 -5903 
v -5904 -5905 -5906 -5907 5908 -5909 5910 -5911 5912 5913 -5914 -5915 5916 
v -5917 -5918 -5919 5920 -5921 5922 -5923 -5924 -5925 -5926 -5927 5928 5929 
v -5930 -5931 5932 -5933 5934 -5935 -5936 -5937 -5938 -5939 5940 5941 -5942 
v -5943 5944 -5945 -5946 -5947 -5948 -5949 -5950 -5951 -5952 -5953 -5954 -5955 
v -5956 -5957 -5958 -5959 -5960 -5961 -5962 -5963 -5964 -5965 -5966 -5967 -5968 
v -5969 -5970 -5971 -5972 -5973 -5974 -5975 -5976 -5977 -5978 -5979 -5980 -5981 
v -5982 -5983 5984 -5985 -5986 -5987 -5988 -5989 5990 -5991 -5992 -5993 -5994 
v -5995 5996 -5997 -5998 -5999 -6000 -6001 6002 -6003 6004 -6005 6006 -6007 
v -6008 -6009 -6010 -6011 -6012 -6013 6014 -6015 -6016 -6017 -6018 -6019 6020 
v 6021 6022 -6023 -6024 -6025 -6026 -6027 -6028 -6029 -6030 -6031 -6032 -6033 
v -6034 -6035 -6036 -6037 -6038 -6039 -6040 -6041 -6042 -6043 -6044 -6045 -6046 
v -6047 -6048 -6049 -6050 -6051 -6052 -6053 -6054 -6055 -6056 -6057 -6058 -6059 
v -6060 -6061 -6062 -6063 -6064 -6065 -6066 -6067 -6068 -6069 -6070 -6071 -6072 
v -6073 -6074 -6075 -6076 -6077 -6078 -6079 -6080 -6081 -6082 -6083 -6084 -6085 
v -6086 -6087 -6088 -6089 -6090 -6091 -6092 -6093 -6094 -6095 -6096 -6097 -6098 
v -6099 -6100 -6101 -6102 -6103 -6104 -6105 -6106 -6107 -6108 -6109 -6110 -6111 
v -6112 -6113 -6114 -6115 -6116 -6117 -6118 -6119 -6120 -6121 -6122 -6123 -6124 
v -6125 -6126 -6127 -6128 -6129 -6130 -6131 -6132 -6133 -6134 -6135 -6136 -6137 
v -6138 -6139 -6140 -6141 -6142 -6143 -6144 -6145 -6146 -6147 -6148 -6149 -6150 
v -6151 -6152 -6153 -6154 -6155 -6156 -6157 -6158 -6159 6160 -6161 -6162 -6163 
v -6164 -6165 -6166 -6167 -6168 -6169 -6170 -6171 -6172 -6173 -6174 -6175 6176 
v -6177 -6178 -6179 -6180 -6181 -6182 -6183 -6184 -6185 -6186 -6187 -6188 -6189 
v -6190 -6191 6192 -6193 -6194 -6195 -6196 -6197 6198 -6199 6200 -6201 -6202 
v -6203 -6204 -6205 -6206 -6207 -6208 -6209 -6210 -6211 -6212 -6213 6214 -6215 
v 6216 -6217 -6218 -6219 -6220 -6221 -6222 -6223 -6224 -6225 -6226 -6227 -6228 
v -6229 -6230 -6231 6232 -6233 -6234 -6235 6236 -6237 -6238 -6239 6240 6241 
v 6242 -6243 -6244 -6245 -6246 -6247 -6248 -6249 6250 -6251 6252 -6253 -6254 
v -6255 -6256 -6257 -6258 6259 -6260 6261 -6262 -6263 -6264 -6265 -6266 -6267 
v -6268 -6269 -6270 -6271 -6272 -6273 -6274 -6275 -6276 6277 -6278 -6279 -6280 
v -6281 -6282 -6283 -6284 -6285 -6286 -6287 -6288 -6289 -6290 -6291 -6292 -6293 
v -6294 6295 -6296 -6297 -6298 6299 -6300 -6301 -6302 -6303 -6304 -6305 -6306 
v -6307 -6308 -6309 -6310 -6311 -6312 -6313 -6314 6315 -6316 -6317 -6318 -6319 
v -6320 -6321 -6322 -6323 -6324 -6325 -6326 -6327 -6328 -6329 -6330 -6331 -6332 
v 6333 6334 -6335 -6336 6337 -6338 -6339 -6340 -6341 -6342 -6343 -6344 6345 
v -6346 -6347 -6348 -6349 -6350 -6351 -6352 -6353 -6354 -6355 -6356 -6357 -6358 
v -6359 -6360 -6361 -6362 -6363 -6364 -6365 -6366 -6367 -6368 6369 -6370 -6371 
v -6372 -6373 -6374 -6375 -6376 6377 -6378 -6379 -6380 -6381 -6382 -6383 -6384 
v -6385 -6386 -6387 -6388 -6389 -6390 -6391 -6392 -6393 -6394 -6395 -6396 -6397 
v -6398 -6399 -6400 -6401 -6402 -6403 -6404 -6405 -6406 -6407 -6408 -6409 -6410 
v -6411 -6412 -6413 -6414 -6415 -6416 -6417 -6418 -6419 -6420 -6421 -6422 -6423 
v -6424 -6425 -6426 -6427 -6428 -6429 -6430 -6431 -6432 -6433 -6434 -6435 -6436 
v -6437 -6438 -6439 -6440 -6441 -6442 -6443 -6444 -6445 -6446 -6447 -6448 -6449 
v -6450 -6451 -6452 -6453 -6454 -6455 -6456 -6457 -6458 -6459 -6460 -6461 -6462 
v -6463 -6464 -6465 -6466 -6467 -6468 -6469 -6470 -6471 -6472 -6473 -6474 -6475 
v -6476 -6477 -6478 -6479 -6480 -6481 -6482 -6483 -6484 -6485 -6486 -6487 -6488 
v -6489 -6490 -6491 -6492 -6493 -6494 -6495 -6496 -6497 -6498 -6499 -6500 -6501 
v -6502 -6503 -6504 -6505 -6506 -6507 -6508 6509 -6510 -6511 -6512 -6513 -6514 
v -6515 -6516 -6517 -6518 6519 -6520 -6521 -6522 6523 -6524 -6525 -6526 -6527 
v -6528 -6529 -6530 -6531 -6532 -6533 -6534 -6535 -6536 -6537 -6538 -6539 -6540 
v -6541 -6542 -6543 -6544 6545 -6546 6547 -6548 6549 -6550 6551 -6552 6553 
v -6554 -6555 -6556 -6557 -6558 -6559 -6560 6561 -6562 6563 -6564 -6565 -6566 
v -6567 -6568 -6569 -6570 -6571 -6572 -6573 -6574 -6575 -6576 -6577 -6578 -6579 
v -6580 6581 -6582 -6583 -6584 6585 -6586 -6587 -6588 6589 -6590 6591 -6592 
v -6593 -6594 -6595 -6596 6597 -6598 6599 -6600 6601 -6602 -6603 -6604 -6605 
v 6606 -6607 -6608 -6609 6610 -6611 -6612 -6613 -6614 -6615 -6616 -6617 -6618 
v -6619 -6620 -6621 -6622 -6623 -6624 -6625 6626 -6627 -6628 -6629 -6630 -6631 
v -6632 -6633 -6634 -6635 -6636 -6637 -6638 -6639 -6640 -6641 -6642 -6643 -6644 
v -6645 -6646 -6647 -6648 -6649 -6650 -6651 -6652 -6653 -6654 -6655 -6656 -6657 
v -6658 -6659 -6660 -6661 -6662 -6663 -6664 -6665 -6666 -6667 -6668 -6669 -6670 
v -6671 -6672 -6673 -6674 -6675 -6676 -6677 -6678 -6679 -6680 -6681 6682 -6683 
v -6684 -6685 -6686 -6687 -6688 -6689 -6690 -6691 -6692 -6693 -6694 -6695 -6696 
v -6697 6698 -6699 -6700 -6701 -6702 -6703 -6704 -6705 -6706 -6707 -6708 -6709 
v -6710 -6711 -6712 -6713 -6714 -6715 -6716 -6717 -6718 -6719 -6720 -6721 -6722 
v -6723 -6724 -6725 6726 -6727 -6728 -6729 -6730 -6731 -6732 -6733 -6734 -6735 
v -6736 -6737 -6738 -6739 -6740 -6741 -6742 -6743 -6744 -6745 -6746 -6747 -6748 
v -6749 -6750 -6751 -6752 -6753 -6754 -6755 -6756 -6757 -6758 -6759 -6760 -6761 
v -6762 -6763 -6764 -6765 -6766 -6767 -6768 -6769 -6770 -6771 -6772 -6773 -6774 
v -6775 -6776 -6777 -6778 -6779 -6780 -6781 -6782 -6783 -6784 -6785 -6786 -6787 
v -6788 -6789 -6790 -6791 -6792 -6793 -6794 -6795 -6796 -6797 -6798 -6799 -6800 
v -6801 -6802 -6803 -6804 -6805 -6806 -6807 -6808 -6809 -6810 -6811 -6812 -6813 
v -6814 -6815 -6816 -6817 -6818 -6819 -6820 -6821 -6822 -6823 -6824 -6825 -6826 
v -6827 -6828 -6829 -6830 -6831 -6832 -6833 -6834 -6835 -6836 -6837 -6838 -6839 
v -6840 -6841 -6842 -6843 -6844 -6845 -6846 -6847 -6848 -6849 -6850 -6851 -6852 
v -6853 -6854 -6855 -6856 -6857 6858 -6859 -6860 -6861 -6862 -6863 -6864 -6865 
v -6866 -6867 -6868 -6869 -6870 -6871 -6872 -6873 -6874 -6875 -6876 -6877 -6878 
v -6879 -6880 -6881 -6882 -6883 -6884 -6885 -6886 -6887 -6888 -6889 -6890 -6891 
v -6892 -6893 -6894 -6895 6896 -6897 -6898 -6899 6900 -6901 6902 -6903 -6904 
v -6905 -6906 -6907 -6908 -6909 6910 -6911 6912 -6913 -6914 -6915 -6916 -6917 
v -6918 -6919 -6920 -6921 -6922 -6923 -6924 -6925 -6926 -6927 -6928 -6929 6930 
v -6931 -6932 -6933 6934 -6935 -6936 -6937 -6938 -6939 6940 -6941 -6942 -6943 
v -6944 -6945 -6946 -6947 6948 -6949 6950 -6951 -6952 -6953 -6954 -6955 -6956 
v -6957 -6958 -6959 -6960 -6961 -6962 -6963 -6964 -6965 -6966 -6967 -6968 -6969 
v -6970 -6971 -6972 -6973 -6974 -6975 -6976 -6977 -6978 -6979 -6980 -6981 -6982 
v -6983 -6984 -6985 -6986 -6987 -6988 -6989 -6990 -6991 -6992 -6993 -6994 -6995 
v -6996 -6997 -6998 -6999 -7000 -7001 -7002 7003 -7004 -7005 -7006 7007 -7008 
v -7009 -7010 -7011 -7012 7013 -7014 -7015 -7016 -7017 -7018 -7019 -7020 -7021 
v -7022 -7023 -7024 -7025 -7026 -7027 -7028 -7029 -7030 7031 -7032 -7033 -7034 
v -7035 -7036 -7037 -7038 -7039 -7040 -7041 -7042 -7043 -7044 -7045 -7046 -7047 
v -7048 -7049 -7050 -7051 -7052 -7053 -7054 -7055 -7056 -7057 -7058 -7059 -7060 
v -7061 -7062 -7063 -7064 -7065 -7066 -7067 -7068 -7069 -7070 -7071 -7072 -7073 
v -7074 -7075 -7076 -7077 -7078 -7079 -7080 -7081 -7082 -7083 -7084 -7085 -7086 
v -7087 -7088 -7089 -7090 -7091 -7092 -7093 -7094 -7095 -7096 -7097 -7098 -7099 
v -7100 -7101 -7102 -7103 -7104 -7105 -7106 -7107 -7108 -7109 -7110 -7111 -7112 
v -7113 -7114 -7115 -7116 -7117 -7118 -7119 -7120 -7121 -7122 -7123 -7124 -7125 
v -7126 -7127 -7128 -7129 -7130 -7131 -7132 -7133 -7134 -7135 -7136 -7137 -7138 
v -7139 -7140 -7141 -7142 -7143 -7144 -7145 -7146 -7147 -7148 -7149 -7150 -7151 
v -7152 -7153 -7154 -7155 -7156 -7157 -7158 -7159 -7160 -7161 -7162 -7163 -7164 
v -7165 -7166 7167 -7168 -7169 -7170 7171 -7172 -7173 -7174 -7175 -7176 -7177 
v -7178 -7179 -7180 -7181 -7182 -7183 -7184 7185 -7186 -7187 -7188 7189 -7190 
v -7191 -7192 -7193 -7194 -7195 -7196 7197 -7198 7199 -7200 -7201 -7202 -7203 
v -7204 -7205 -7206 7207 -7208 7209 -7210 7211 -7212 -7213 -7214 -7215 -7216 
v -7217 -7218 7219 -7220 -7221 -7222 -7223 -7224 -7225 -7226 -7227 -7228 -7229 
v -7230 -7231 -7232 -7233 -7234 -7235 -7236 -7237 -7238 7239 -7240 -7241 -7242 
v -7243 -7244 7245 -7246 -7247 -7248 7249 -7250 7251 -7252 7253 -7254 -7255 
v -7256 -7257 -7258 7259 7260 7261 -7262 -7263 -7264 -7265 -7266 -7267 -7268 
v 7269 -7270 -7271 -7272 -7273 -7274 7275 -7276 -7277 -7278 7279 -7280 7281 
v 7282 7283 -7284 -7285 -7286 7287 -7288 7289 -7290 -7291 -7292 7293 -7294 7295 
v -7296 7297 -7298 7299 -7300 -7301 -7302 -7303 -7304 -7305 7306 -7307 7308 
v -7309 -7310 -7311 -7312 -7313 -7314 -7315 -7316 -7317 -7318 -7319 -7320 -7321 
v -7322 -7323 7324 -7325 -7326 -7327 -7328 -7329 -7330 -7331 -7332 -7333 -7334 
v -7335 -7336 -7337 -7338 -7339 -7340 -7341 -7342 -7343 -7344 -7345 -7346 -7347 
v -7348 -7349 -7350 -7351 7352 -7353 -7354 -7355 7356 -7357 -7358 -7359 -7360 
v -7361 7362 -7363 -7364 -7365 -7366 -7367 -7368 -7369 -7370 -7371 -7372 -7373 
v -7374 -7375 -7376 -7377 -7378 -7379 7380 7381 -7382 -7383 7384 -7385 -7386 
v -7387 -7388 -7389 -7390 -7391 7392 -7393 -7394 -7395 -7396 -7397 -7398 -7399 
v -7400 -7401 -7402 -7403 -7404 -7405 -7406 -7407 -7408 -7409 -7410 -7411 -7412 
v -7413 -7414 -7415 7416 -7417 -7418 -7419 -7420 -7421 -7422 -7423 -7424 -7425 
v -7426 -7427 -7428 -7429 -7430 -7431 -7432 -7433 -7434 -7435 -7436 -7437 -7438 
v -7439 -7440 -7441 -7442 -7443 -7444 -7445 -7446 -7447 -7448 -7449 -7450 -7451 
v -7452 -7453 -7454 -7455 -7456 -7457 -7458 -7459 -7460 -7461 -7462 -7463 -7464 
v -7465 -7466 -7467 -7468 -7469 -7470 -7471 -7472 -7473 -7474 -7475 -7476 -7477 
v -7478 -7479 -7480 -7481 -7482 -7483 -7484 -7485 -7486 -7487 -7488 -7489 -7490 
v -7491 -7492 -7493 -7494 -7495 -7496 -7497 -7498 -7499 -7500 -7501 -7502 -7503 
v -7504 -7505 -7506 -7507 -7508 -7509 -7510 -7511 -7512 -7513 -7514 -7515 -7516 
v -7517 -7518 -7519 -7520 -7521 -7522 -7523 -7524 -7525 -7526 -7527 -7528 -7529 
v -7530 -7531 -7532 -7533 -7534 -7535 -7536 -7537 -7538 -7539 -7540 -7541 -7542 
v -7543 -7544 -7545 -7546 -7547 -7548 -7549 -7550 -7551 -7552 -7553 -7554 -7555 
v 7556 -7557 -7558 -7559 -7560 -7561 -7562 -7563 -7564 -7565 7566 -7567 -7568 
v -7569 7570 -7571 -7572 -7573 -7574 -7575 -7576 -7577 -7578 -7579 -7580 -7581 
v -7582 -7583 -7584 -7585 -7586 -7587 -7588 -7589 -7590 -7591 7592 -7593 7594 
v -7595 7596 -7597 -7598 -7599 -7600 -7601 -7602 -7603 -7604 -7605 -7606 -7607 
v -7608 -7609 7610 -7611 -7612 -7613 -7614 -7615 -7616 -7617 -7618 -7619 -7620 
v -7621 -7622 -7623 -7624 -7625 -7626 -7627 -7628 -7629 -7630 -7631 7632 -7633 
v -7634 -7635 7636 -7637 -7638 -7639 -7640 -7641 -7642 -7643 7644 -7645 7646 
v -7647 7648 -7649 -7650 -7651 -7652 -7653 -7654 -7655 -7656 -7657 -7658 -7659 
v -7660 -7661 -7662 7663 -7664 -7665 -7666 7667 -7668 -7669 -7670 -7671 -7672 
v 7673 -7674 -7675 -7676 -7677 -7678 -7679 -7680 -7681 -7682 -7683 -7684 -7685 
v -7686 -7687 -7688 -7689 -7690 -7691 -7692 -7693 -7694 -7695 -7696 -7697 -7698 
v -7699 -7700 -7701 -7702 -7703 -7704 -7705 -7706 -7707 -7708 -7709 -7710 -7711 
v -7712 -7713 -7714 -7715 -7716 -7717 -7718 -7719 -7720 -7721 -7722 -7723 -7724 
v -7725 -7726 -7727 -7728 7729 -7730 -7731 -7732 -7733 -7734 -7735 -7736 -7737 
v -7738 -7739 -7740 -7741 -7742 -7743 -7744 -7745 -7746 -7747 -7748 -7749 -7750 
v -7751 -7752 -7753 -7754 -7755 -7756 -7757 -7758 -7759 -7760 -7761 -7762 -7763 
v -7764 -7765 -7766 -7767 -7768 -7769 -7770 -7771 -7772 -7773 -7774 -7775 -7776 
v -7777 -7778 -7779 -7780 -7781 -7782 -7783 -7784 -7785 -7786 -7787 -7788 -7789 
v -7790 -7791 -7792 -7793 -7794 -7795 -7796 -7797 -7798 -7799 -7800 -7801 -7802 
v -7803 -7804 -7805 -7806 -7807 -7808 -7809 -7810 -7811 -7812 -7813 -7814 -7815 
v -7816 -7817 -7818 -7819 -7820 -7821 -7822 -7823 -7824 -7825 -7826 -7827 -7828 
v -7829 -7830 -7831 -7832 -7833 -7834 -7835 -7836 -7837 -7838 -7839 -7840 -7841 
v -7842 -7843 -7844 -7845 -7846 -7847 -7848 -7849 -7850 -7851 -7852 -7853 -7854 
v -7855 -7856 -7857 -7858 -7859 -7860 -7861 -7862 -7863 -7864 -7865 -7866 -7867 
v -7868 -7869 -7870 -7871 -7872 -7873 -7874 -7875 -7876 -7877 -7878 -7879 -7880 
v -7881 -7882 -7883 -7884 -7885 -7886 -7887 7888 -7889 -7890 -7891 -7892 -7893 
v -7894 -7895 -7896 -7897 -7898 7899 -7900 -7901 -7902 -7903 -7904 7905 -7906 
v -7907 -7908 -7909 -7910 -7911 -7912 -7913 -7914 7915 -7916 -7917 -7918 7919 
v -7920 -7921 -7922 -7923 -7924 -7925 -7926 -7927 -7928 -7929 -7930 -7931 -7932 
v -7933 -7934 -7935 -7936 -7937 -7938 -7939 -7940 7941 -7942 7943 -7944 -7945 
v -7946 7947 -7948 7949 -7950 -7951 -7952 -7953 -7954 -7955 -7956 7957 -7958 
v -7959 -7960 -7961 -7962 -7963 -7964 -7965 -7966 -7967 -7968 -7969 -7970 -7971 
v -7972 -7973 -7974 -7975 -7976 7977 -7978 -7979 -7980 -7981 -7982 -7983 -7984 
v -7985 -7986 7987 -7988 -7989 -7990 -7991 -7992 7993 -7994 -7995 -7996 7997 
v -7998 -7999 -8000 -8001 8002 -8003 -8004 -8005 8006 -8007 -8008 -8009 -8010 
v -8011 -8012 -8013 -8014 -8015 -8016 -8017 -8018 -8019 -8020 -8021 8022 -8023 
v -8024 -8025 -8026 -8027 -8028 -8029 -8030 -8031 -8032 -8033 -8034 -8035 -8036 
v -8037 -8038 -8039 -8040 -8041 -8042 -8043 -8044 -8045 -8046 -8047 -8048 -8049 
v -8050 -8051 8052 -8053 8054 -8055 -8056 -8057 -8058 -8059 8060 -8061 -8062 
v -8063 -8064 -8065 -8066 -8067 -8068 -8069 -8070 -8071 -8072 -8073 -8074 -8075 
v -8076 -8077 8078 8079 -8080 -8081 8082 -8083 -8084 -8085 -8086 -8087 -8088 
v -8089 8090 -8091 -8092 -8093 8094 -8095 -8096 -8097 -8098 -8099 -8100 -8101 
v -8102 -8103 -8104 -8105 -8106 -8107 -8108 -8109 -8110 -8111 -8112 -8113 8114 
v -8115 -8116 -8117 -8118 -8119 -8120 -8121 8122 -8123 -8124 -8125 -8126 -8127 
v -8128 -8129 -8130 -8131 -8132 -8133 -8134 -8135 -8136 -8137 -8138 -8139 -8140 
v -8141 -8142 -8143 -8144 -8145 -8146 -8147 -8148 -8149 -8150 -8151 -8152 -8153 
v -8154 -8155 -8156 -8157 -8158 -8159 -8160 -8161 -8162 -8163 -8164 -8165 -8166 
v -8167 -8168 -8169 -8170 -8171 -8172 -8173 -8174 -8175 -8176 -8177 -8178 -8179 
v -8180 -8181 -8182 -8183 -8184 -8185 -8186 -8187 -8188 -8189 -8190 -8191 -8192 
v -8193 -8194 -8195 -8196 -8197 -8198 -8199 -8200 -8201 -8202 -8203 -8204 -8205 
v -8206 -8207 -8208 -8209 -8210 -8211 -8212 -8213 -8214 -8215 -8216 -8217 -8218 
v -8219 -8220 -8221 -8222 -8223 -8224 -8225 -8226 -8227 -8228 -8229 -8230 -8231 
v -8232 -8233 -8234 -8235 -8236 -8237 -8238 -8239 -8240 -8241 -8242 -8243 -8244 
v -8245 -8246 -8247 -8248 -8249 -8250 -8251 -8252 -8253 8254 -8255 -8256 -8257 
v -8258 -8259 -8260 -8261 -8262 -8263 8264 -8265 -8266 -8267 8268 -8269 -8270 
v -8271 -8272 -8273 -8274 -8275 -8276 -8277 -8278 -8279 -8280 -8281 -8282 -8283 
v -8284 -8285 -8286 -8287 -8288 -8289 8290 -8291 8292 -8293 8294 -8295 8296 
v -8297 8298 -8299 -8300 -8301 -8302 -8303 -8304 -8305 8306 -8307 -8308 -8309 
v -8310 -8311 -8312 -8313 -8314 -8315 -8316 -8317 -8318 -8319 -8320 -8321 -8322 
v -8323 -8324 -8325 8326 -8327 -8328 -8329 -8330 -8331 -8332 -8333 8334 -8335 
v 8336 -8337 -8338 -8339 -8340 -8341 8342 -8343 -8344 -8345 8346 -8347 -8348 
v -8349 -8350 -8351 -8352 -8353 -8354 -8355 -8356 -8357 -8358 -8359 -8360 -8361 
v -8362 -8363 -8364 -8365 -8366 -8367 -8368 -8369 -8370 -8371 -8372 -8373 -8374 
v -8375 -8376 -8377 -8378 -8379 -8380 -8381 -8382 -8383 -8384 -8385 -8386 8387 
v -8388 8389 -8390 -8391 -8392 8393 -8394 -8395 -8396 -8397 -8398 -8399 -8400 
v -8401 -8402 -8403 -8404 -8405 -8406 -8407 -8408 8409 -8410 -8411 -8412 -8413 
v -8414 -8415 -8416 -8417 -8418 -8419 -8420 -8421 -8422 -8423 -8424 -8425 -8426 
v 8427 -8428 -8429 -8430 -8431 -8432 -8433 -8434 -8435 -8436 -8437 -8438 -8439 
v -8440 -8441 -8442 -8443 -8444 -8445 -8446 8447 -8448 8449 -8450 -8451 -8452 
v -8453 -8454 -8455 -8456 8457 -8458 -8459 -8460 -8461 -8462 -8463 -8464 8465 
v -8466 -8467 -8468 -8469 -8470 -8471 -8472 8473 -8474 -8475 -8476 -8477 -8478 
v -8479 -8480 -8481 -8482 -8483 -8484 -8485 -8486 -8487 -8488 -8489 -8490 -8491 
v -8492 -8493 -8494 -8495 -8496 -8497 -8498 -8499 -8500 -8501 -8502 -8503 -8504 
v -8505 -8506 -8507 -8508 -8509 -8510 -8511 -8512 -8513 -8514 -8515 -8516 -8517 
v -8518 -8519 -8520 -8521 -8522 -8523 -8524 -8525 -8526 -8527 -8528 -8529 -8530 
v -8531 -8532 -8533 -8534 -8535 -8536 -8537 -8538 -8539 -8540 -8541 -8542 -8543 
v -8544 -8545 -8546 -8547 -8548 -8549 -8550 -8551 -8552 -8553 -8554 -8555 -8556 
v -8557 -8558 -8559 -8560 -8561 -8562 -8563 -8564 -8565 -8566 -8567 -8568 -8569 
v -8570 -8571 -8572 -8573 -8574 -8575 -8576 -8577 -8578 -8579 -8580 -8581 -8582 
v -8583 -8584 -8585 -8586 -8587 -8588 -8589 -8590 -8591 -8592 -8593 -8594 -8595 
v -8596 -8597 -8598 -8599 -8600 -8601 -8602 8603 -8604 -8605 -8606 -8607 -8608 
v -8609 -8610 -8611 -8612 -8613 -8614 -8615 -8616 -8617 -8618 -8619 -8620 -8621 
v -8622 -8623 -8624 -8625 -8626 -8627 -8628 -8629 -8630 -8631 -8632 -8633 -8634 
v -8635 -8636 -8637 -8638 -8639 -8640 8641 -8642 -8643 -8644 -8645 -8646 -8647 
v -8648 -8649 -8650 -8651 -8652 -8653 -8654 -8655 -8656 -8657 -8658 8659 -8660 
v 8661 -8662 8663 -8664 -8665 -8666 -8667 -8668 -8669 -8670 8671 -8672 -8673 
v -8674 8675 -8676 8677 -8678 -8679 -8680 -8681 -8682 -8683 -8684 8685 -8686 
v -8687 -8688 8689 -8690 -8691 -8692 -8693 -8694 8695 -8696 -8697 -8698 -8699 
v 8700 -8701 -8702 -8703 8704 -8705 -8706 -8707 -8708 -8709 -8710 -8711 -8712 
v -8713 -8714 -8715 -8716 -8717 -8718 -8719 8720 -8721 -8722 -8723 -8724 -8725 
v -8726 -8727 -8728 -8729 -8730 -8731 -8732 -8733 -8734 -8735 -8736 -8737 8738 
v -8739 8740 -8741 8742 8743 -8744 -8745 8746 -8747 -8748 -8749 -8750 -8751 
v -8752 -8753 -8754 -8755 -8756 -8757 8758 -8759 -8760 -8761 -8762 -8763 8764 
v -8765 -8766 -8767 -8768 -8769 8770 -8771 -8772 -8773 -8774 -8775 8776 8777 
v -8778 -8779 8780 -8781 -8782 -8783 -8784 -8785 -8786 -8787 8788 -8789 -8790 
v -8791 -8792 -8793 8794 -8795 -8796 -8797 -8798 -8799 -8800 -8801 -8802 -8803 
v -8804 -8805 -8806 -8807 -8808 -8809 -8810 -8811 8812 8813 -8814 -8815 -8816 
v -8817 -8818 -8819 -8820 -8821 -8822 -8823 -8824 -8825 -8826 -8827 -8828 -8829 
v -8830 -8831 -8832 -8833 -8834 -8835 -8836 -8837 -8838 -8839 -8840 -8841 -8842 
v -8843 -8844 -8845 -8846 -8847 -8848 -8849 -8850 -8851 -8852 -8853 -8854 -8855 
v -8856 -8857 -8858 -8859 -8860 -8861 -8862 -8863 -8864 -8865 -8866 -8867 -8868 
v -8869 -8870 -8871 -8872 -8873 -8874 -8875 -8876 -8877 -8878 -8879 -8880 -8881 
v -8882 -8883 -8884 -8885 -8886 -8887 -8888 -8889 -8890 -8891 -8892 -8893 -8894 
v -8895 -8896 -8897 -8898 -8899 -8900 -8901 -8902 -8903 -8904 -8905 -8906 -8907 
v -8908 -8909 -8910 -8911 -8912 -8913 -8914 -8915 -8916 -8917 -8918 -8919 -8920 
v -8921 -8922 -8923 -8924 -8925 -8926 -8927 -8928 -8929 -8930 -8931 -8932 -8933 
v -8934 -8935 -8936 -8937 -8938 -8939 -8940 -8941 -8942 -8943 -8944 -8945 -8946 
v -8947 -8948 -8949 -8950 -8951 8952 -8953 -8954 -8955 -8956 -8957 -8958 -8959 
v -8960 -8961 -8962 -8963 -8964 -8965 -8966 -8967 8968 -8969 -8970 -8971 -8972 
v -8973 -8974 -8975 -8976 -8977 -8978 -8979 -8980 -8981 -8982 -8983 8984 -8985 
v -8986 -8987 -8988 -8989 8990 -8991 8992 -8993 -8994 -8995 -8996 -8997 -8998 
v -8999 -9000 -9001 -9002 -9003 -9004 -9005 9006 -9007 -9008 -9009 -9010 -9011 
v -9012 -9013 -9014 -9015 -9016 -9017 -9018 -9019 -9020 -9021 -9022 -9023 -9024 
v -9025 -9026 -9027 9028 -9029 -9030 -9031 9032 9033 -9034 -9035 -9036 -9037 
v -9038 -9039 -9040 -9041 9042 -9043 9044 -9045 -9046 -9047 -9048 -9049 -9050 
v -9051 -9052 -9053 -9054 -9055 -9056 -9057 -9058 9059 -9060 -9061 -9062 9063 
v -9064 -9065 -9066 -9067 -9068 9069 -9070 -9071 -9072 -9073 -9074 -9075 -9076 
v -9077 -9078 -9079 -9080 9081 -9082 -9083 -9084 -9085 -9086 -9087 -9088 -9089 
v -9090 -9091 -9092 -9093 -9094 -9095 -9096 -9097 -9098 -9099 -9100 -9101 -9102 
v -9103 -9104 -9105 -9106 -9107 -9108 -9109 -9110 -9111 -9112 -9113 -9114 -9115 
v -9116 -9117 -9118 -9119 -9120 -9121 -9122 -9123 -9124 9125 -9126 -9127 -9128 
v -9129 -9130 -9131 -9132 -9133 -9134 -9135 -9136 -9137 -9138 -9139 -9140 -9141 
v -9142 9143 -9144 -9145 -9146 -9147 -9148 -9149 -9150 -9151 -9152 -9153 -9154 
v -9155 -9156 -9157 -9158 -9159 -9160 9161 -9162 -9163 -9164 -9165 -9166 -9167 
v -9168 -9169 -9170 -9171 -9172 -9173 -9174 9175 -9176 -9177 -9178 9179 -9180 
v -9181 -9182 -9183 -9184 -9185 -9186 -9187 -9188 -9189 -9190 -9191 -9192 -9193 
v -9194 9195 -9196 -9197 -9198 -9199 -9200 -9201 -9202 -9203 -9204 -9205 -9206 
v -9207 -9208 -9209 -9210 -9211 -9212 -9213 -9214 -9215 -9216 -9217 -9218 -9219 
v -9220 -9221 -9222 -9223 -9224 -9225 -9226 -9227 -9228 -9229 -9230 -9231 -9232 
v -9233 -9234 -9235 -9236 -9237 -9238 -9239 -9240 -9241 -9242 -9243 -9244 -9245 
v -9246 -9247 -9248 -9249 -9250 9251 -9252 -9253 -9254 -9255 -9256 -9257 -9258 
v -9259 -9260 9261 -9262 -9263 -9264 9265 -9266 9267 -9268 -9269 -9270 -9271 
v -9272 -9273 -9274 -9275 -9276 -9277 -9278 -9279 -9280 -9281 -9282 -9283 -9284 
v -9285 -9286 -9287 -9288 -9289 -9290 9291 -9292 -9293 -9294 9295 -9296 -9297 
v -9298 -9299 -9300 9301 9302 -9303 -9304 9305 -9306 -9307 -9308 -9309 -9310 
v 9311 -9312 9313 -9314 9315 -9316 -9317 -9318 -9319 -9320 -9321 -9322 -9323 
v -9324 -9325 -9326 -9327 -9328 -9329 -9330 -9331 -9332 9333 -9334 -9335 -9336 
v 9337 -9338 9339 -9340 9341 -9342 9343 -9344 9345 -9346 9347 -9348 -9349 -9350 
v -9351 -9352 9353 9354 9355 -9356 -9357 -9358 -9359 -9360 -9361 -9362 9363 
v -9364 -9365 -9366 -9367 -9368 9369 -9370 -9371 -9372 9373 -9374 9375 9376 
v 9377 -9378 -9379 -9380 9381 9382 9383 -9384 -9385 -9386 9387 -9388 9389 9390 
v 9391 -9392 9393 -9394 -9395 -9396 -9397 -9398 -9399 -9400 -9401 -9402 -9403 
v -9404 -9405 -9406 -9407 -9408 -9409 -9410 -9411 -9412 -9413 -9414 -9415 -9416 
v -9417 -9418 -9419 -9420 -9421 -9422 -9423 -9424 -9425 -9426 -9427 -9428 -9429 
v 9430 -9431 -9432 -9433 -9434 -9435 -9436 -9437 -9438 -9439 -9440 -9441 -9442 
v -9443 -9444 -9445 -9446 -9447 -9448 -9449 -9450 -9451 -9452 -9453 -9454 -9455 
v -9456 -9457 -9458 -9459 -9460 -9461 -9462 -9463 -9464 -9465 -9466 -9467 -9468 
v -9469 -9470 -9471 -9472 -9473 -9474 -9475 -9476 -9477 -9478 -9479 -9480 -9481 
v -9482 -9483 -9484 -9485 -9486 -9487 -9488 -9489 -9490 -9491 9492 -9493 -9494 
v -9495 -9496 -9497 -9498 -9499 -9500 -9501 -9502 -9503 -9504 -9505 -9506 -9507 
v -9508 -9509 9510 -9511 -9512 -9513 -9514 -9515 -9516 -9517 -9518 -9519 -9520 
v -9521 -9522 -9523 -9524 -9525 9526 -9527 9528 -9529 -9530 -9531 -9532 -9533 
v -9534 -9535 -9536 -9537 -9538 -9539 -9540 -9541 -9542 -9543 9544 -9545 -9546 
v -9547 -9548 -9549 -9550 -9551 -9552 -9553 -9554 -9555 -9556 -9557 -9558 -9559 
v -9560 -9561 -9562 -9563 -9564 -9565 -9566 -9567 -9568 -9569 -9570 -9571 -9572 
v -9573 -9574 -9575 -9576 -9577 -9578 -9579 -9580 -9581 -9582 -9583 -9584 -9585 
v -9586 -9587 -9588 -9589 -9590 -9591 -9592 -9593 -9594 -9595 -9596 -9597 -9598 
v -9599 9600 -9601 -9602 -9603 -9604 -9605 -9606 -9607 -9608 -9609 -9610 -9611 
v -9612 -9613 -9614 -9615 -9616 -9617 -9618 -9619 -9620 -9621 -9622 -9623 -9624 
v -9625 -9626 -9627 -9628 -9629 -9630 -9631 -9632 -9633 -9634 -9635 -9636 -9637 
v -9638 -9639 -9640 -9641 -9642 -9643 -9644 -9645 -9646 -9647 -9648 -9649 9650 
v -9651 -9652 -9653 -9654 -9655 -9656 -9657 -9658 -9659 9660 -9661 -9662 -9663 
v 9664 -9665 -9666 -9667 -9668 -9669 -9670 -9671 -9672 -9673 -9674 -9675 -9676 
v -9677 -9678 -9679 -9680 -9681 -9682 -9683 -9684 -9685 9686 -9687 9688 -9689 
v 9690 -9691 -9692 -9693 -9694 -9695 -9696 -9697 -9698 -9699 -9700 -9701 -9702 
v -9703 -9704 -9705 -9706 -9707 -9708 -9709 9710 -9711 -9712 -9713 -9714 -9715 
v -9716 -9717 9718 -9719 -9720 -9721 -9722 -9723 9724 -9725 -9726 -9727 -9728 
v -9729 9730 -9731 -9732 -9733 -9734 -9735 9736 -9737 9738 -9739 -9740 -9741 
v 9742 -9743 -9744 -9745 -9746 -9747 -9748 -9749 -9750 -9751 -9752 9753 -9754 
v 9755 -9756 9757 -9758 -9759 -9760 9761 -9762 -9763 -9764 -9765 -9766 9767 
v -9768 -9769 -9770 -9771 -9772 9773 -9774 -9775 -9776 -9777 -9778 9779 9780 
v -9781 -9782 -9783 -9784 -9785 -9786 -9787 -9788 -9789 -9790 -9791 -9792 -9793 
v -9794 -9795 -9796 -9797 -9798 -9799 -9800 -9801 -9802 -9803 -9804 -9805 -9806 
v -9807 -9808 -9809 -9810 -9811 -9812 -9813 -9814 -9815 -9816 -9817 -9818 -9819 
v -9820 -9821 -9822 9823 -9824 -9825 -9826 -9827 -9828 9829 -9830 -9831 -9832 
v -9833 -9834 9835 -9836 -9837 -9838 -9839 -9840 9841 -9842 -9843 -9844 -9845 
v -9846 -9847 -9848 -9849 -9850 -9851 -9852 -9853 -9854 -9855 -9856 -9857 -9858 
v 9859 9860 -9861 -9862 -9863 -9864 -9865 -9866 -9867 -9868 -9869 -9870 -9871 
v -9872 -9873 -9874 -9875 -9876 -9877 -9878 -9879 -9880 -9881 -9882 -9883 -9884 
v -9885 -9886 -9887 -9888 -9889 -9890 -9891 -9892 -9893 -9894 -9895 -9896 -9897 
v -9898 -9899 -9900 -9901 -9902 -9903 -9904 -9905 -9906 -9907 -9908 -9909 -9910 
v -9911 -9912 -9913 -9914 -9915 -9916 -9917 -9918 -9919 -9920 -9921 -9922 -9923 
v -9924 -9925 -9926 -9927 -9928 -9929 -9930 -9931 -9932 -9933 -9934 -9935 -9936 
v -9937 -9938 -9939 -9940 -9941 -9942 -9943 -9944 -9945 -9946 -9947 -9948 -9949 
v -9950 -9951 -9952 -9953 -9954 -9955 -9956 -9957 -9958 -9959 -9960 -9961 -9962 
v -9963 -9964 -9965 -9966 -9967 -9968 -9969 -9970 -9971 -9972 -9973 -9974 -9975 
v -9976 -9977 -9978 -9979 -9980 -9981 -9982 -9983 -9984 -9985 -9986 -9987 -9988 
v -9989 -9990 -9991 -9992 -9993 -9994 -9995 -9996 -9997 -9998 9999 -10000 -10001 
v -10002 -10003 -10004 -10005 -10006 -10007 -10008 -10009 -10010 -10011 -10012 
v -10013 -10014 10015 -10016 10017 -10018 10019 -10020 -10021 -10022 -10023 
v -10024 -10025 -10026 10027 -10028 -10029 -10030 10031 -10032 10033 -10034 
v -10035 -10036 10037 -10038 10039 -10040 10041 -10042 10043 -10044 -10045 
v -10046 -10047 -10048 -10049 -10050 10051 -10052 10053 -10054 -10055 -10056 
v -10057 -10058 -10059 -10060 -10061 -10062 -10063 -10064 -10065 -10066 -10067 
v -10068 -10069 -10070 10071 -10072 -10073 -10074 10075 -10076 -10077 -10078 
v 10079 10080 10081 -10082 10083 -10084 -10085 -10086 -10087 -10088 10089 
v -10090 10091 -10092 -10093 -10094 -10095 -10096 -10097 -10098 -10099 -10100 
v -10101 -10102 -10103 -10104 -10105 -10106 -10107 -10108 -10109 -10110 -10111 
v -10112 -10113 -10114 -10115 -10116 -10117 -10118 -10119 -10120 -10121 -10122 
v -10123 -10124 -10125 -10126 -10127 -10128 -10129 -10130 -10131 -10132 -10133 
v -10134 -10135 -10136 -10137 -10138 -10139 -10140 -10141 -10142 -10143 -10144 
v -10145 -10146 -10147 -10148 -10149 -10150 -10151 -10152 -10153 -10154 -10155 
v -10156 -10157 -10158 -10159 -10160 -10161 -10162 -10163 -10164 -10165 -10166 
v -10167 -10168 -10169 -10170 -10171 -10172 -10173 -10174 -10175 -10176 -10177 
v -10178 -10179 -10180 -10181 -10182 -10183 -10184 -10185 -10186 -10187 10188 
v -10189 -10190 -10191 -10192 -10193 -10194 -10195 -10196 -10197 -10198 -10199 
v -10200 -10201 -10202 -10203 -10204 -10205 -10206 -10207 -10208 -10209 -10210 
v -10211 -10212 -10213 -10214 -10215 10216 -10217 -10218 -10219 -10220 -10221 
v -10222 -10223 -10224 -10225 -10226 -10227 -10228 -10229 -10230 -10231 -10232 
v -10233 -10234 -10235 -10236 -10237 -10238 -10239 -10240 -10241 -10242 -10243 
v -10244 -10245 -10246 -10247 -10248 -10249 10250 -10251 10252 -10253 -10254 
v -10255 10256 -10257 -10258 -10259 -10260 -10261 -10262 -10263 -10264 -10265 
v -10266 -10267 -10268 -10269 -10270 -10271 -10272 -10273 -10274 -10275 -10276 
v -10277 -10278 -10279 -10280 -10281 -10282 -10283 -10284 -10285 -10286 -10287 
v -10288 -10289 -10290 -10291 -10292 -10293 -10294 -10295 -10296 -10297 -10298 
v -10299 -10300 -10301 -10302 -10303 -10304 -10305 -10306 -10307 -10308 -10309 
v -10310 -10311 -10312 -10313 -10314 -10315 -10316 -10317 -10318 -10319 10320 
v -10321 10322 -10323 -10324 -10325 -10326 -10327 10328 10329 -10330 -10331 
v -10332 -10333 -10334 -10335 10336 -10337 10338 -10339 -10340 -10341 -10342 
v -10343 -10344 -10345 -10346 -10347 -10348 -10349 -10350 -10351 -10352 -10353 
v -10354 -10355 -10356 -10357 10358 -10359 -10360 -10361 10362 -10363 -10364 
v -10365 -10366 -10367 -10368 -10369 -10370 -10371 -10372 -10373 -10374 -10375 
v -10376 -10377 -10378 -10379 -10380 -10381 -10382 -10383 10384 -10385 -10386 
v -10387 -10388 -10389 10390 -10391 10392 -10393 10394 -10395 -10396 -10397 
v -10398 -10399 10400 10401 10402 -10403 10404 -10405 -10406 -10407 -10408 
v -10409 -10410 -10411 -10412 -10413 -10414 -10415 -10416 -10417 -10418 -10419 
v 10420 10421 10422 -10423 10424 -10425 -10426 -10427 -10428 -10429 10430 
v -10431 10432 -10433 10434 -10435 10436 -10437 10438 -10439 -10440 -10441 
v -10442 -10443 -10444 -10445 -10446 10447 -10448 10449 -10450 -10451 -10452 
v -10453 -10454 -10455 -10456 -10457 -10458 -10459 -10460 -10461 -10462 -10463 
v -10464 10465 -10466 -10467 -10468 -10469 -10470 -10471 -10472 -10473 -10474 
v -10475 -10476 -10477 -10478 -10479 -10480 -10481 -10482 -10483 -10484 -10485 
v -10486 -10487 -10488 -10489 -10490 -10491 -10492 -10493 -10494 -10495 -10496 
v -10497 -10498 -10499 -10500 -10501 -10502 -10503 -10504 -10505 -10506 -10507 
v -10508 -10509 -10510 -10511 -10512 -10513 -10514 -10515 -10516 -10517 -10518 
v -10519 -10520 10521 -10522 -10523 -10524 -10525 -10526 -10527 -10528 -10529 
v -10530 -10531 -10532 -10533 -10534 -10535 -10536 -10537 -10538 -10539 -10540 
v -10541 -10542 -10543 -10544 -10545 -10546 -10547 -10548 -10549 -10550 -10551 
v -10552 -10553 -10554 -10555 -10556 -10557 -10558 -10559 -10560 -10561 -10562 
v -10563 -10564 -10565 -10566 -10567 -10568 -10569 -10570 10571 -10572 -10573 
v -10574 10575 -10576 -10577 -10578 -10579 -10580 10581 -10582 -10583 -10584 
v 10585 -10586 -10587 -10588 -10589 -10590 10591 10592 -10593 -10594 10595 
v -10596 -10597 -10598 -10599 -10600 -10601 -10602 10603 -10604 -10605 -10606 
v -10607 -10608 -10609 -10610 -10611 -10612 -10613 -10614 -10615 -10616 -10617 
v -10618 -10619 -10620 -10621 -10622 -10623 -10624 -10625 -10626 -10627 -10628 
v -10629 -10630 -10631 -10632 -10633 -10634 -10635 -10636 -10637 -10638 -10639 
v -10640 -10641 -10642 -10643 -10644 -10645 -10646 10647 -10648 -10649 -10650 
v -10651 -10652 -10653 -10654 -10655 -10656 -10657 -10658 -10659 -10660 -10661 
v -10662 -10663 -10664 10665 -10666 -10667 -10668 -10669 -10670 -10671 -10672 
v -10673 -10674 -10675 -10676 -10677 -10678 -10679 -10680 -10681 -10682 10683 
v -10684 -10685 -10686 -10687 -10688 -10689 -10690 -10691 -10692 -10693 -10694 
v -10695 -10696 -10697 -10698 -10699 -10700 -10701 -10702 -10703 -10704 -10705 
v -10706 -10707 -10708 -10709 -10710 -10711 -10712 -10713 -10714 -10715 -10716 
v -10717 -10718 -10719 -10720 -10721 -10722 -10723 -10724 -10725 -10726 -10727 
v -10728 -10729 -10730 -10731 -10732 -10733 -10734 -10735 -10736 -10737 -10738 
v -10739 -10740 -10741 -10742 -10743 -10744 -10745 -10746 -10747 -10748 -10749 
v -10750 -10751 -10752 -10753 -10754 -10755 -10756 -10757 -10758 -10759 -10760 
v -10761 -10762 -10763 -10764 -10765 -10766 -10767 -10768 -10769 -10770 -10771 
v -10772 -10773 -10774 -10775 -10776 -10777 -10778 -10779 -10780 -10781 -10782 
v -10783 -10784 -10785 -10786 -10787 -10788 -10789 -10790 -10791 -10792 -10793 
v -10794 -10795 -10796 -10797 -10798 -10799 -10800 -10801 -10802 -10803 -10804 
v -10805 -10806 -10807 -10808 -10809 -10810 -10811 -10812 -10813 -10814 -10815 
v -10816 -10817 -10818 -10819 -10820 -10821 -10822 10823 -10824 -10825 -10826 
v -10827 -10828 -10829 -10830 -10831 -10832 -10833 -10834 -10835 -10836 -10837 
v -10838 -10839 -10840 -10841 -10842 -10843 -10844 -10845 -10846 -10847 -10848 
v -10849 -10850 -10851 -10852 -10853 -10854 -10855 -10856 -10857 -10858 -10859 
v -10860 -10861 -10862 10863 -10864 -10865 -10866 -10867 -10868 -10869 -10870 
v -10871 -10872 -10873 -10874 -10875 -10876 -10877 -10878 -10879 -10880 -10881 
v -10882 -10883 -10884 -10885 -10886 -10887 -10888 -10889 -10890 -10891 -10892 
v -10893 -10894 -10895 -10896 -10897 -10898 -10899 -10900 -10901 -10902 10903 
v -10904 -10905 -10906 -10907 -10908 -10909 -10910 -10911 -10912 -10913 -10914 
v -10915 -10916 -10917 -10918 10919 10920 -10921 -10922 10923 -10924 -10925 
v -10926 -10927 -10928 10929 -10930 10931 -10932 10933 -10934 -10935 -10936 
v -10937 -10938 -10939 -10940 -10941 -10942 -10943 -10944 -10945 -10946 -10947 
v -10948 10949 -10950 10951 -10952 -10953 -10954 10955 -10956 10957 -10958 
v 10959 -10960 -10961 -10962 -10963 -10964 -10965 -10966 -10967 -10968 -10969 
v -10970 -10971 -10972 -10973 -10974 -10975 -10976 -10977 -10978 10979 -10980 
v -10981 -10982 -10983 -10984 -10985 -10986 10987 -10988 -10989 -10990 -10991 
v -10992 10993 -10994 -10995 -10996 -10997 -10998 10999 11000 -11001 -11002 
v -11003 -11004 11005 -11006 11007 -11008 -11009 -11010 11011 -11012 -11013 
v -11014 -11015 -11016 -11017 -11018 -11019 -11020 -11021 -11022 -11023 -11024 
v -11025 -11026 -11027 -11028 -11029 -11030 -11031 -11032 -11033 -11034 -11035 
v -11036 -11037 -11038 -11039 -11040 -11041 -11042 -11043 -11044 -11045 -11046 
v -11047 -11048 -11049 -11050 -11051 -11052 -11053 -11054 -11055 -11056 -11057 
v -11058 -11059 -11060 -11061 -11062 -11063 -11064 -11065 -11066 -11067 -11068 
v -11069 -11070 -11071 -11072 -11073 -11074 -11075 -11076 -11077 -11078 -11079 
v -11080 -11081 -11082 -11083 -11084 -11085 -11086 -11087 -11088 -11089 -11090 
v -11091 -11092 -11093 -11094 -11095 -11096 -11097 -11098 -11099 -11100 -11101 
v -11102 -11103 -11104 -11105 -11106 -11107 -11108 -11109 -11110 -11111 -11112 
v -11113 -11114 -11115 -11116 -11117 -11118 -11119 -11120 -11121 -11122 -11123 
v -11124 -11125 -11126 -11127 -11128 -11129 -11130 -11131 -11132 -11133 -11134 
v -11135 11136 -11137 -11138 -11139 -11140 -11141 -11142 -11143 -11144 -11145 
v -11146 -11147 -11148 -11149 -11150 -11151 -11152 -11153 -11154 -11155 11156 
v -11157 -11158 -11159 -11160 -11161 11162 -11163 -11164 -11165 -11166 -11167 
v -11168 -11169 -11170 -11171 -11172 -11173 -11174 -11175 -11176 -11177 -11178 
v -11179 -11180 -11181 -11182 -11183 -11184 -11185 -11186 -11187 -11188 -11189 
v -11190 -11191 -11192 -11193 -11194 -11195 -11196 -11197 -11198 -11199 -11200 
v -11201 -11202 -11203 -11204 -11205 -11206 -11207 -11208 -11209 -11210 -11211 
v -11212 -11213 -11214 -11215 -11216 -11217 11218 -11219 -11220 -11221 -11222 
v -11223 -11224 -11225 -11226 -11227 -11228 -11229 -11230 -11231 -11232 -11233 
v -11234 -11235 -11236 -11237 -11238 -11239 -11240 -11241 -11242 -11243 -11244 
v -11245 -11246 -11247 -11248 -11249 -11250 -11251 -11252 -11253 -11254 -11255 
v -11256 -11257 -11258 -11259 -11260 -11261 -11262 -11263 -11264 -11265 -11266 
v -11267 11268 -11269 -11270 -11271 -11272 -11273 -11274 -11275 -11276 -11277 
v 11278 -11279 -11280 -11281 11282 -11283 -11284 -11285 -11286 -11287 -11288 
v -11289 -11290 -11291 -11292 -11293 -11294 -11295 -11296 -11297 -11298 -11299 
v -11300 -11301 -11302 -11303 11304 -11305 11306 -11307 -11308 -11309 11310 
v -11311 11312 -11313 -11314 -11315 -11316 -11317 -11318 -11319 11320 -11321 
v 11322 -11323 -11324 -11325 -11326 -11327 -11328 -11329 -11330 -11331 -11332 
v -11333 -11334 -11335 -11336 -11337 -11338 -11339 11340 -11341 -11342 -11343 
v 11344 -11345 -11346 -11347 -11348 -11349 11350 -11351 -11352 -11353 -11354 
v -11355 11356 -11357 11358 -11359 11360 -11361 -11362 -11363 -11364 -11365 
v -11366 -11367 -11368 -11369 -11370 -11371 -11372 -11373 -11374 -11375 -11376 
v -11377 -11378 -11379 -11380 -11381 -11382 -11383 -11384 -11385 -11386 -11387 
v -11388 -11389 -11390 -11391 -11392 -11393 -11394 -11395 -11396 -11397 -11398 
v -11399 -11400 -11401 -11402 -11403 -11404 11405 -11406 11407 -11408 -11409 
v -11410 -11411 -11412 -11413 -11414 -11415 -11416 -11417 -11418 -11419 -11420 
v -11421 -11422 11423 -11424 -11425 -11426 -11427 -11428 -11429 -11430 -11431 
v -11432 -11433 -11434 -11435 -11436 -11437 -11438 -11439 -11440 11441 -11442 
v -11443 -11444 -11445 -11446 -11447 -11448 -11449 -11450 -11451 -11452 -11453 
v -11454 -11455 -11456 -11457 -11458 -11459 -11460 -11461 -11462 -11463 -11464 
v -11465 -11466 -11467 -11468 -11469 -11470 -11471 -11472 -11473 -11474 -11475 
v -11476 -11477 -11478 -11479 -11480 -11481 -11482 -11483 -11484 -11485 -11486 
v -11487 -11488 -11489 -11490 11491 -11492 11493 -11494 11495 11496 -11497 
v -11498 11499 -11500 -11501 -11502 -11503 -11504 -11505 -11506 -11507 -11508 
v -11509 -11510 11511 -11512 -11513 -11514 -11515 -11516 11517 -11518 -11519 
v -11520 -11521 -11522 11523 -11524 -11525 -11526 -11527 -11528 -11529 -11530 
v -11531 -11532 -11533 -11534 -11535 -11536 -11537 -11538 -11539 -11540 -11541 
v -11542 -11543 -11544 -11545 -11546 -11547 -11548 -11549 -11550 -11551 -11552 
v -11553 -11554 -11555 -11556 -11557 -11558 -11559 -11560 -11561 -11562 -11563 
v -11564 -11565 -11566 11567 -11568 -11569 -11570 -11571 -11572 -11573 -11574 
v -11575 -11576 -11577 -11578 -11579 -11580 -11581 -11582 -11583 -11584 11585 
v -11586 -11587 -11588 -11589 -11590 -11591 -11592 -11593 -11594 -11595 -11596 
v -11597 -11598 -11599 -11600 -11601 -11602 11603 -11604 -11605 -11606 -11607 
v -11608 -11609 -11610 -11611 -11612 -11613 -11614 -11615 -11616 11617 11618 
v -11619 -11620 11621 -11622 -11623 -11624 -11625 -11626 11627 -11628 11629 
v -11630 11631 -11632 -11633 -11634 -11635 -11636 -11637 -11638 -11639 -11640 
v -11641 -11642 -11643 -11644 -11645 -11646 -11647 -11648 11649 -11650 -11651 
v -11652 11653 -11654 11655 -11656 11657 -11658 -11659 -11660 -11661 -11662 
v -11663 -11664 -11665 -11666 -11667 -11668 -11669 -11670 11671 -11672 -11673 
v -11674 -11675 -11676 11677 -11678 -11679 -11680 -11681 -11682 -11683 -11684 
v 11685 -11686 -11687 -11688 -11689 -11690 11691 -11692 11693 -11694 -11695 
v -11696 11697 11698 -11699 -11700 -11701 -11702 11703 -11704 11705 -11706 
v 11707 -11708 11709 -11710 -11711 -11712 -11713 -11714 -11715 11716 -11717 
v 11718 -11719 -11720 -11721 -11722 -11723 -11724 -11725 -11726 -11727 -11728 
v -11729 -11730 -11731 -11732 -11733 11734 -11735 -11736 -11737 -11738 -11739 
v -11740 -11741 -11742 -11743 -11744 -11745 -11746 -11747 -11748 -11749 -11750 
v -11751 -11752 -11753 -11754 -11755 -11756 -11757 -11758 -11759 -11760 -11761 
v 11762 -11763 -11764 -11765 11766 -11767 -11768 -11769 -11770 -11771 11772 
v -11773 -11774 -11775 -11776 -11777 -11778 -11779 -11780 -11781 -11782 -11783 
v -11784 -11785 -11786 -11787 -11788 -11789 11790 11791 -11792 -11793 11794 
v -11795 -11796 -11797 -11798 -11799 -11800 -11801 11802 -11803 -11804 -11805 
v 11806 -11807 -11808 -11809 -11810 -11811 -11812 -11813 -11814 -11815 -11816 
v -11817 -11818 -11819 -11820 -11821 -11822 -11823 -11824 -11825 11826 -11827 
v -11828 -11829 -11830 -11831 -11832 -11833 11834 -11835 -11836 -11837 -11838 
v -11839 -11840 -11841 -11842 -11843 -11844 -11845 -11846 -11847 -11848 -11849 
v -11850 -11851 11852 -11853 11854 -11855 -11856 -11857 -11858 -11859 11860 
v -11861 -11862 -11863 -11864 -11865 -11866 -11867 -11868 -11869 -11870 -11871 
v -11872 -11873 -11874 -11875 -11876 -11877 -11878 -11879 -11880 -11881 -11882 
v -11883 -11884 -11885 -11886 -11887 -11888 -11889 -11890 -11891 -11892 -11893 
v -11894 -11895 -11896 -11897 -11898 -11899 -11900 -11901 -11902 -11903 -11904 
v -11905 -11906 -11907 -11908 -11909 -11910 -11911 -11912 -11913 -11914 -11915 
v 11916 -11917 -11918 -11919 -11920 -11921 -11922 -11923 -11924 -11925 -11926 
v -11927 -11928 -11929 -11930 -11931 -11932 -11933 -11934 -11935 -11936 -11937 
v -11938 -11939 -11940 -11941 -11942 -11943 -11944 -11945 -11946 -11947 -11948 
v -11949 -11950 -11951 -11952 -11953 -11954 -11955 -11956 -11957 -11958 -11959 
v -11960 -11961 -11962 -11963 -11964 -11965 11966 11967 -11968 -11969 11970 
v -11971 -11972 -11973 -11974 -11975 11976 -11977 11978 -11979 11980 -11981 
v -11982 -11983 -11984 -11985 -11986 -11987 -11988 -11989 -11990 -11991 -11992 
v -11993 -11994 -11995 -11996 -11997 11998 -11999 -12000 -12001 12002 -12003 
v 12004 -12005 12006 -12007 12008 -12009 12010 -12011 -12012 -12013 -12014 
v -12015 -12016 -12017 12018 -12019 -12020 -12021 -12022 -12023 -12024 -12025 
v -12026 -12027 -12028 -12029 -12030 -12031 -12032 -12033 -12034 -12035 -12036 
v -12037 12038 -12039 -12040 -12041 -12042 -12043 -12044 -12045 12046 12047 
v 12048 -12049 -12050 -12051 -12052 -12053 12054 -12055 -12056 -12057 12058 
v -12059 -12060 -12061 -12062 -12063 -12064 -12065 -12066 -12067 -12068 -12069 
v -12070 -12071 -12072 -12073 -12074 -12075 -12076 -12077 -12078 -12079 -12080 
v -12081 -12082 -12083 -12084 -12085 -12086 -12087 -12088 -12089 -12090 -12091 
v -12092 -12093 -12094 -12095 -12096 -12097 -12098 -12099 -12100 -12101 -12102 
v -12103 -12104 -12105 -12106 -12107 -12108 -12109 -12110 -12111 -12112 -12113 
v -12114 -12115 -12116 -12117 -12118 -12119 -12120 -12121 -12122 -12123 -12124 
v -12125 -12126 -12127 -12128 -12129 -12130 -12131 -12132 -12133 -12134 -12135 
v -12136 -12137 -12138 -12139 -12140 -12141 -12142 -12143 -12144 -12145 -12146 
v -12147 -12148 -12149 -12150 -12151 -12152 -12153 -12154 -12155 -12156 -12157 
v -12158 -12159 -12160 -12161 -12162 -12163 -12164 -12165 -12166 -12167 -12168 
v -12169 -12170 -12171 -12172 -12173 -12174 -12175 -12176 -12177 -12178 -12179 
v -12180 -12181 -12182 -12183 -12184 -12185 -12186 -12187 -12188 12189 -12190 
v -12191 -12192 12193 -12194 -12195 -12196 -12197 -12198 -12199 -12200 -12201 
v -12202 -12203 -12204 -12205 -12206 -12207 -12208 12209 -12210 -12211 -12212 
v -12213 -12214 -12215 -12216 -12217 -12218 -12219 -12220 -12221 -12222 -12223 
v -12224 -12225 -12226 -12227 -12228 -12229 -12230 -12231 -12232 -12233 -12234 
v -12235 -12236 -12237 -12238 -12239 -12240 -12241 -12242 -12243 -12244 -12245 
v -12246 -12247 -12248 -12249 -12250 -12251 -12252 -12253 -12254 -12255 -12256 
v -12257 -12258 -12259 -12260 -12261 -12262 -12263 -12264 12265 -12266 -12267 
v -12268 -12269 -12270 -12271 -12272 -12273 -12274 -12275 -12276 -12277 -12278 
v -12279 -12280 -12281 -12282 -12283 -12284 -12285 -12286 -12287 -12288 -12289 
v -12290 -12291 -12292 -12293 -12294 -12295 -12296 -12297 -12298 -12299 -12300 
v -12301 -12302 -12303 -12304 -12305 -12306 -12307 -12308 -12309 -12310 -12311 
v -12312 -12313 -12314 12315 -12316 12317 -12318 12319 -12320 -12321 -12322 
v -12323 -12324 -12325 -12326 12327 -12328 -12329 -12330 -12331 -12332 12333 
v -12334 12335 -12336 -12337 -12338 -12339 -12340 -12341 -12342 12343 -12344 
v -12345 -12346 12347 -12348 12349 -12350 -12351 -12352 -12353 -12354 -12355 
v -12356 12357 -12358 12359 -12360 -12361 -12362 -12363 -12364 -12365 -12366 
v 12367 -12368 12369 -12370 -12371 -12372 -12373 -12374 -12375 -12376 -12377 
v -12378 -12379 -12380 -12381 -12382 -12383 -12384 -12385 -12386 12387 -12388 
v -12389 -12390 12391 -12392 -12393 -12394 12395 -12396 12397 -12398 12399 
v -12400 -12401 -12402 -12403 -12404 12405 -12406 -12407 -12408 -12409 -12410 
v -12411 -12412 -12413 -12414 -12415 -12416 -12417 -12418 -12419 -12420 -12421 
v -12422 -12423 -12424 -12425 -12426 -12427 -12428 -12429 -12430 -12431 -12432 
v -12433 -12434 -12435 -12436 -12437 -12438 -12439 -12440 -12441 -12442 -12443 
v -12444 -12445 -12446 -12447 -12448 -12449 -12450 -12451 -12452 -12453 -12454 
v -12455 -12456 -12457 -12458 -12459 -12460 -12461 -12462 -12463 -12464 -12465 
v -12466 -12467 -12468 -12469 -12470 -12471 -12472 -12473 -12474 -12475 -12476 
v -12477 -12478 -12479 -12480 -12481 -12482 -12483 -12484 -12485 -12486 -12487 
v -12488 -12489 -12490 -12491 -12492 -12493 -12494 -12495 -12496 -12497 -12498 
v -12499 -12500 -12501 -12502 -12503 -12504 -12505 -12506 -12507 -12508 -12509 
v -12510 -12511 -12512 -12513 -12514 -12515 -12516 -12517 -12518 -12519 -12520 
v -12521 -12522 -12523 -12524 -12525 -12526 -12527 -12528 -12529 -12530 -12531 
v -12532 -12533 -12534 -12535 -12536 12537 -12538 -12539 -12540 12541 -12542 
v -12543 -12544 -12545 -12546 -12547 -12548 -12549 -12550 -12551 -12552 -12553 
v -12554 -12555 -12556 12557 -12558 -12559 -12560 -12561 -12562 -12563 -12564 
v -12565 -12566 -12567 -12568 -12569 -12570 -12571 -12572 -12573 -12574 -12575 
v -12576 -12577 -12578 -12579 -12580 -12581 -12582 -12583 -12584 -12585 -12586 
v -12587 -12588 -12589 -12590 -12591 -12592 -12593 -12594 -12595 -12596 -12597 
v -12598 -12599 -12600 -12601 -12602 -12603 -12604 -12605 -12606 -12607 -12608 
v -12609 -12610 -12611 -12612 12613 -12614 -12615 -12616 -12617 -12618 -12619 
v -12620 -12621 -12622 -12623 -12624 -12625 -12626 -12627 -12628 -12629 -12630 
v -12631 -12632 -12633 -12634 -12635 -12636 -12637 -12638 -12639 -12640 -12641 
v -12642 -12643 -12644 -12645 -12646 -12647 -12648 -12649 -12650 -12651 -12652 
v -12653 -12654 -12655 -12656 -12657 -12658 -12659 -12660 -12661 -12662 12663 
v -12664 -12665 -12666 -12667 -12668 -12669 -12670 -12671 -12672 -12673 -12674 
v -12675 -12676 -12677 -12678 -12679 -12680 -12681 -12682 -12683 -12684 -12685 
v -12686 -12687 -12688 -12689 -12690 -12691 -12692 -12693 -12694 -12695 -12696 
v -12697 -12698 -12699 -12700 -12701 -12702 -12703 -12704 -12705 -12706 -12707 
v -12708 -12709 -12710 -12711 -12712 -12713 -12714 -12715 -12716 -12717 -12718 
v -12719 -12720 -12721 -12722 -12723 -12724 -12725 -12726 -12727 -12728 -12729 
v -12730 -12731 -12732 -12733 -12734 -12735 -12736 -12737 -12738 -12739 -12740 
v -12741 -12742 -12743 -12744 -12745 -12746 -12747 -12748 -12749 -12750 -12751 
v -12752 -12753 -12754 -12755 -12756 -12757 -12758 -12759 12760 -12761 -12762 
v -12763 12764 -12765 -12766 -12767 -12768 -12769 -12770 -12771 -12772 -12773 
v -12774 -12775 -12776 -12777 -12778 -12779 12780 -12781 -12782 -12783 -12784 
v -12785 -12786 -12787 -12788 -12789 -12790 -12791 -12792 -12793 -12794 -12795 
v -12796 -12797 -12798 -12799 -12800 -12801 -12802 -12803 -12804 -12805 -12806 
v -12807 -12808 -12809 -12810 -12811 -12812 -12813 -12814 -12815 -12816 -12817 
v -12818 -12819 -12820 -12821 -12822 -12823 -12824 -12825 -12826 -12827 -12828 
v -12829 -12830 -12831 -12832 -12833 -12834 -12835 12836 -12837 -12838 -12839 
v -12840 -12841 -12842 -12843 -12844 -12845 -12846 -12847 -12848 -12849 -12850 
v -12851 -12852 -12853 -12854 -12855 -12856 -12857 -12858 -12859 -12860 -12861 
v -12862 -12863 -12864 -12865 -12866 -12867 -12868 -12869 -12870 -12871 -12872 
v -12873 -12874 -12875 -12876 -12877 -12878 -12879 -12880 -12881 -12882 -12883 
v -12884 -12885 -12886 -12887 12888 -12889 12890 -12891 -12892 -12893 -12894 
v -12895 -12896 -12897 -12898 -12899 -12900 -12901 -12902 -12903 -12904 -12905 
v 12906 -12907 -12908 -12909 -12910 -12911 -12912 -12913 -12914 -12915 -12916 
v -12917 -12918 -12919 -12920 -12921 -12922 -12923 -12924 -12925 -12926 -12927 
v -12928 -12929 -12930 -12931 -12932 -12933 -12934 -12935 -12936 -12937 -12938 
v -12939 -12940 -12941 -12942 -12943 -12944 -12945 -12946 -12947 -12948 -12949 
v -12950 -12951 -12952 -12953 -12954 -12955 12956 -12957 -12958 -12959 -12960 
v -12961 12962 -12963 -12964 -12965 -12966 -12967 -12968 12969 -12970 -12971 
v 12972 -12973 -12974 -12975 12976 -12977 -12978 -12979 12980 -12981 -12982 
v -12983 -12984 -12985 -12986 -12987 -12988 -12989 -12990 -12991 -12992 -12993 
v -12994 -12995 -12996 -12997 12998 -12999 -13000 -13001 13002 -13003 -13004 
v -13005 -13006 -13007 -13008 -13009 -13010 -13011 13012 13013 -13014 -13015 
v 13016 -13017 -13018 -13019 -13020 -13021 13022 -13023 13024 -13025 13026 
v -13027 -13028 -13029 -13030 -13031 -13032 -13033 -13034 -13035 -13036 -13037 
v -13038 -13039 -13040 -13041 -13042 -13043 13044 -13045 -13046 -13047 13048 
v -13049 -13050 -13051 13052 -13053 13054 -13055 13056 -13057 13058 -13059 
v -13060 -13061 -13062 -13063 13064 13065 13066 -13067 -13068 -13069 -13070 
v -13071 -13072 -13073 -13074 -13075 -13076 -13077 -13078 -13079 -13080 -13081 
v -13082 -13083 13084 -13085 13086 -13087 13088 -13089 -13090 -13091 13092 
v 13093 13094 -13095 -13096 -13097 13098 -13099 13100 -13101 13102 -13103 
v -13104 -13105 -13106 -13107 -13108 -13109 -13110 -13111 -13112 -13113 -13114 
v -13115 -13116 -13117 -13118 -13119 -13120 -13121 -13122 -13123 -13124 -13125 
v -13126 -13127 -13128 -13129 -13130 -13131 -13132 -13133 -13134 -13135 -13136 
v -13137 -13138 -13139 -13140 -13141 -13142 -13143 -13144 -13145 -13146 -13147 
v -13148 -13149 -13150 -13151 -13152 -13153 -13154 -13155 -13156 -13157 -13158 
v 13159 -13160 13161 -13162 -13163 -13164 -13165 -13166 13167 -13168 -13169 
v -13170 -13171 -13172 -13173 -13174 -13175 -13176 -13177 -13178 -13179 -13180 
v -13181 -13182 -13183 -13184 13185 -13186 -13187 -13188 -13189 -13190 -13191 
v -13192 -13193 -13194 -13195 -13196 -13197 -13198 -13199 -13200 -13201 -13202 
v -13203 -13204 -13205 -13206 -13207 -13208 -13209 -13210 -13211 -13212 -13213 
v 13214 -13215 -13216 -13217 -13218 13219 -13220 -13221 -13222 -13223 -13224 
v -13225 -13226 -13227 -13228 -13229 -13230 13231 -13232 -13233 -13234 -13235 
v -13236 -13237 -13238 -13239 -13240 -13241 -13242 -13243 -13244 -13245 -13246 
v -13247 -13248 -13249 -13250 -13251 -13252 -13253 -13254 -13255 -13256 -13257 
v -13258 -13259 -13260 -13261 -13262 -13263 -13264 -13265 -13266 -13267 -13268 
v -13269 -13270 -13271 -13272 -13273 -13274 -13275 -13276 -13277 -13278 -13279 
v -13280 -13281 -13282 -13283 -13284 -13285 -13286 -13287 -13288 -13289 -13290 
v -13291 -13292 -13293 -13294 -13295 -13296 -13297 -13298 -13299 -13300 -13301 
v -13302 -13303 -13304 -13305 -13306 -13307 -13308 -13309 -13310 -13311 -13312 
v -13313 -13314 -13315 -13316 -13317 -13318 -13319 -13320 -13321 -13322 -13323 
v -13324 -13325 -13326 -13327 -13328 -13329 -13330 -13331 -13332 -13333 -13334 
v -13335 -13336 -13337 -13338 -13339 -13340 -13341 -13342 -13343 -13344 -13345 
v -13346 -13347 -13348 -13349 -13350 -13351 -13352 -13353 -13354 -13355 -13356 
v -13357 -13358 -13359 -13360 13361 -13362 -13363 -13364 -13365 -13366 -13367 
v -13368 -13369 -13370 -13371 -13372 -13373 -13374 -13375 -13376 -13377 -13378 
v -13379 -13380 -13381 -13382 -13383 -13384 -13385 -13386 -13387 -13388 -13389 
v -13390 -13391 -13392 -13393 -13394 -13395 -13396 -13397 -13398 13399 -13400 
v -13401 -13402 13403 -13404 13405 -13406 -13407 -13408 -13409 -13410 -13411 
v -13412 13413 -13414 13415 -13416 -13417 -13418 13419 -13420 13421 -13422 
v -13423 -13424 -13425 -13426 -13427 -13428 13429 -13430 -13431 -13432 13433 
v -13434 13435 -13436 13437 -13438 -13439 -13440 -13441 -13442 13443 -13444 
v -13445 -13446 13447 -13448 -13449 -13450 13451 -13452 13453 -13454 -13455 
v -13456 -13457 -13458 -13459 13460 -13461 13462 -13463 -13464 -13465 -13466 
v -13467 -13468 -13469 -13470 -13471 -13472 -13473 -13474 -13475 -13476 -13477 
v 13478 -13479 -13480 -13481 -13482 -13483 -13484 -13485 -13486 -13487 -13488 
v -13489 -13490 -13491 -13492 -13493 -13494 -13495 -13496 -13497 -13498 -13499 
v -13500 -13501 -13502 -13503 -13504 -13505 -13506 -13507 -13508 -13509 -13510 
v -13511 -13512 -13513 -13514 -13515 -13516 -13517 -13518 -13519 -13520 -13521 
v -13522 -13523 -13524 -13525 -13526 -13527 -13528 -13529 -13530 -13531 -13532 
v -13533 13534 -13535 -13536 -13537 -13538 -13539 -13540 -13541 -13542 -13543 
v -13544 -13545 -13546 -13547 -13548 -13549 13550 -13551 -13552 -13553 -13554 
v -13555 -13556 -13557 -13558 -13559 -13560 -13561 -13562 -13563 -13564 -13565 
v -13566 -13567 13568 -13569 -13570 -13571 -13572 -13573 -13574 -13575 -13576 
v -13577 13578 -13579 13580 -13581 -13582 -13583 -13584 -13585 -13586 -13587 
v -13588 -13589 -13590 -13591 -13592 -13593 -13594 -13595 -13596 -13597 -13598 
v -13599 -13600 -13601 -13602 -13603 -13604 -13605 -13606 -13607 -13608 -13609 
v -13610 -13611 -13612 -13613 -13614 -13615 -13616 -13617 -13618 -13619 -13620 
v -13621 -13622 -13623 -13624 -13625 -13626 -13627 -13628 -13629 -13630 -13631 
v -13632 -13633 -13634 -13635 -13636 -13637 -13638 -13639 -13640 -13641 -13642 
v -13643 -13644 -13645 -13646 -13647 -13648 -13649 -13650 -13651 -13652 -13653 
v -13654 -13655 -13656 -13657 -13658 -13659 -13660 -13661 -13662 -13663 -13664 
v -13665 -13666 -13667 -13668 -13669 -13670 -13671 -13672 -13673 -13674 -13675 
v -13676 -13677 -13678 -13679 -13680 -13681 -13682 -13683 -13684 -13685 -13686 
v -13687 -13688 -13689 -13690 -13691 -13692 -13693 -13694 -13695 -13696 -13697 
v -13698 -13699 -13700 -13701 -13702 -13703 -13704 -13705 -13706 -13707 -13708 
v -13709 13710 -13711 -13712 -13713 -13714 -13715 -13716 -13717 -13718 -13719 
v -13720 -13721 -13722 -13723 -13724 -13725 -13726 -13727 -13728 -13729 -13730 
v -13731 -13732 -13733 -13734 -13735 -13736 -13737 -13738 -13739 -13740 -13741 
v -13742 -13743 -13744 -13745 -13746 -13747 13748 -13749 -13750 -13751 13752 
v -13753 13754 -13755 -13756 -13757 -13758 -13759 -13760 -13761 13762 -13763 
v -13764 -13765 -13766 -13767 13768 -13769 13770 -13771 -13772 -13773 -13774 
v -13775 -13776 -13777 13778 -13779 -13780 -13781 13782 -13783 13784 -13785 
v -13786 -13787 -13788 -13789 -13790 -13791 13792 -13793 -13794 -13795 13796 
v -13797 -13798 -13799 -13800 -13801 13802 -13803 -13804 -13805 -13806 13807 
v -13808 -13809 -13810 13811 -13812 -13813 -13814 -13815 -13816 -13817 -13818 
v -13819 -13820 -13821 -13822 -13823 -13824 -13825 -13826 13827 -13828 -13829 
v -13830 -13831 -13832 -13833 -13834 -13835 -13836 -13837 -13838 -13839 -13840 
v -13841 -13842 -13843 -13844 13845 -13846 13847 -13848 13849 13850 -13851 
v -13852 13853 -13854 -13855 -13856 -13857 -13858 -13859 -13860 -13861 -13862 
v -13863 -13864 13865 -13866 -13867 -13868 -13869 -13870 13871 -13872 -13873 
v -13874 -13875 -13876 13877 -13878 -13879 -13880 -13881 -13882 13883 13884 
v -13885 -13886 13887 -13888 -13889 -13890 -13891 -13892 -13893 -13894 13895 
v -13896 -13897 -13898 13899 -13900 13901 -13902 -13903 -13904 -13905 -13906 
v -13907 -13908 -13909 -13910 -13911 -13912 -13913 -13914 -13915 -13916 -13917 
v -13918 13919 13920 -13921 -13922 -13923 -13924 -13925 -13926 13927 -13928 
v -13929 -13930 -13931 -13932 -13933 -13934 -13935 -13936 -13937 -13938 -13939 
v -13940 -13941 -13942 -13943 -13944 -13945 -13946 -13947 -13948 -13949 -13950 
v -13951 -13952 -13953 -13954 13955 -13956 13957 -13958 -13959 -13960 -13961 
v -13962 -13963 -13964 13965 -13966 -13967 -13968 -13969 -13970 -13971 -13972 
v -13973 -13974 -13975 -13976 -13977 -13978 -13979 -13980 -13981 -13982 -13983 
v -13984 -13985 -13986 -13987 -13988 -13989 -13990 -13991 -13992 -13993 -13994 
v -13995 -13996 -13997 -13998 -13999 -14000 -14001 -14002 -14003 -14004 -14005 
v -14006 -14007 -14008 -14009 -14010 -14011 -14012 -14013 -14014 -14015 -14016 
v -14017 -14018 -14019 -14020 -14021 -14022 -14023 -14024 -14025 -14026 14027 
v -14028 -14029 -14030 -14031 -14032 -14033 -14034 -14035 -14036 -14037 -14038 
v -14039 -14040 -14041 -14042 -14043 -14044 14045 -14046 -14047 -14048 -14049 
v -14050 -14051 -14052 -14053 -14054 -14055 -14056 -14057 -14058 14059 -14060 
v -14061 -14062 -14063 -14064 -14065 -14066 -14067 -14068 14069 -14070 -14071 
v -14072 14073 -14074 14075 -14076 -14077 -14078 -14079 -14080 -14081 -14082 
v -14083 -14084 -14085 -14086 -14087 -14088 -14089 -14090 14091 -14092 -14093 
v -14094 14095 -14096 14097 -14098 14099 14100 14101 -14102 14103 14104 -14105 
v -14106 -14107 -14108 -14109 -14110 14111 -14112 14113 -14114 -14115 -14116 
v -14117 -14118 -14119 -14120 -14121 -14122 -14123 -14124 -14125 -14126 -14127 
v -14128 -14129 -14130 14131 -14132 -14133 -14134 14135 -14136 -14137 -14138 
v 14139 14140 14141 -14142 -14143 -14144 -14145 -14146 14147 -14148 14149 
v -14150 14151 -14152 -14153 -14154 -14155 14156 -14157 14158 -14159 14160 
v 14161 -14162 -14163 14164 -14165 -14166 -14167 -14168 -14169 -14170 -14171 
v -14172 -14173 -14174 -14175 14176 -14177 -14178 -14179 -14180 -14181 14182 
v -14183 -14184 -14185 -14186 -14187 14188 -14189 -14190 -14191 -14192 -14193 
v -14194 -14195 -14196 -14197 -14198 -14199 -14200 -14201 -14202 -14203 -14204 
v -14205 -14206 -14207 -14208 -14209 -14210 -14211 -14212 -14213 -14214 -14215 
v -14216 -14217 -14218 -14219 -14220 -14221 -14222 -14223 -14224 -14225 -14226 
v -14227 -14228 -14229 -14230 -14231 14232 -14233 -14234 -14235 -14236 -14237 
v -14238 -14239 -14240 -14241 -14242 -14243 -14244 -14245 -14246 -14247 -14248 
v -14249 14250 -14251 -14252 -14253 -14254 -14255 -14256 14257 -14258 -14259 
v 14260 -14261 -14262 -14263 14264 -14265 -14266 -14267 14268 -14269 -14270 
v -14271 -14272 -14273 14274 -14275 -14276 -14277 -14278 -14279 -14280 -14281 
v -14282 -14283 -14284 -14285 -14286 -14287 -14288 -14289 -14290 -14291 -14292 
v -14293 -14294 -14295 -14296 -14297 -14298 -14299 -14300 -14301 -14302 -14303 
v -14304 -14305 -14306 -14307 -14308 -14309 -14310 -14311 -14312 -14313 -14314 
v -14315 -14316 -14317 -14318 -14319 -14320 -14321 -14322 -14323 -14324 -14325 
v -14326 -14327 -14328 -14329 -14330 -14331 -14332 -14333 -14334 -14335 -14336 
v -14337 -14338 -14339 -14340 -14341 -14342 -14343 -14344 -14345 14346 -14347 
v -14348 -14349 -14350 -14351 14352 -14353 -14354 -14355 -14356 -14357 -14358 
v -14359 -14360 -14361 -14362 -14363 -14364 -14365 -14366 -14367 -14368 -14369 
v -14370 -14371 -14372 -14373 -14374 -14375 14376 -14377 -14378 -14379 -14380 
v -14381 -14382 -14383 -14384 -14385 14386 -14387 -14388 -14389 14390 -14391 
v -14392 -14393 14394 -14395 -14396 -14397 -14398 -14399 14400 -14401 -14402 
v -14403 -14404 -14405 -14406 -14407 14408 -14409 -14410 -14411 -14412 -14413 
v -14414 -14415 -14416 -14417 -14418 -14419 -14420 -14421 -14422 -14423 -14424 
v -14425 -14426 -14427 -14428 -14429 -14430 -14431 -14432 -14433 -14434 -14435 
v -14436 -14437 -14438 -14439 -14440 -14441 -14442 -14443 -14444 -14445 14446 
v -14447 14448 14449 14450 -14451 14452 14453 -14454 -14455 -14456 -14457 
v -14458 -14459 14460 -14461 14462 -14463 -14464 -14465 -14466 -14467 -14468 
v -14469 14470 14471 -14472 -14473 14474 -14475 14476 -14477 14478 -14479 14480 
v -14481 14482 -14483 14484 -14485 14486 -14487 14488 -14489 14490 -14491 
v -14492 -14493 14494 -14495 -14496 -14497 14498 -14499 14500 -14501 14502 
v -14503 -14504 -14505 -14506 -14507 -14508 -14509 -14510 -14511 -14512 -14513 
v -14514 -14515 -14516 -14517 -14518 -14519 -14520 -14521 -14522 -14523 -14524 
v -14525 -14526 -14527 -14528 -14529 -14530 -14531 -14532 -14533 -14534 -14535 
v -14536 -14537 -14538 -14539 -14540 -14541 -14542 -14543 -14544 14545 -14546 
v 14547 -14548 -14549 -14550 -14551 -14552 14553 -14554 -14555 -14556 14557 
v -14558 -14559 -14560 -14561 -14562 14563 14564 -14565 -14566 14567 -14568 
v -14569 -14570 -14571 -14572 -14573 -14574 14575 -14576 -14577 -14578 -14579 
v -14580 14581 -14582 -14583 -14584 -14585 -14586 -14587 -14588 -14589 -14590 
v -14591 -14592 -14593 -14594 -14595 -14596 -14597 -14598 14599 -14600 -14601 
v -14602 -14603 -14604 -14605 -14606 -14607 -14608 -14609 -14610 -14611 -14612 
v -14613 -14614 -14615 -14616 14617 -14618 -14619 -14620 -14621 -14622 -14623 
v -14624 -14625 -14626 -14627 -14628 -14629 -14630 -14631 -14632 -14633 -14634 
v -14635 -14636 -14637 -14638 -14639 -14640 -14641 -14642 -14643 -14644 -14645 
v -14646 -14647 -14648 -14649 -14650 -14651 -14652 -14653 -14654 -14655 -14656 
v -14657 -14658 -14659 -14660 -14661 -14662 -14663 -14664 -14665 -14666 -14667 
v -14668 -14669 -14670 -14671 -14672 -14673 -14674 -14675 -14676 -14677 -14678 
v -14679 -14680 -14681 -14682 -14683 -14684 -14685 -14686 -14687 -14688 -14689 
v -14690 -14691 -14692 -14693 -14694 -14695 -14696 -14697 -14698 -14699 -14700 
v -14701 -14702 -14703 -14704 -14705 -14706 -14707 -14708 -14709 -14710 -14711 
v -14712 -14713 -14714 -14715 -14716 -14717 -14718 -14719 -14720 -14721 -14722 
v -14723 -14724 -14725 -14726 -14727 -14728 -14729 -14730 -14731 -14732 -14733 
v -14734 -14735 -14736 -14737 -14738 -14739 -14740 -14741 -14742 -14743 -14744 
v -14745 -14746 -14747 -14748 -14749 -14750 -14751 -14752 -14753 -14754 -14755 
v -14756 14757 -14758 -14759 -14760 -14761 -14762 -14763 -14764 -14765 -14766 
v -14767 -14768 -14769 -14770 -14771 -14772 -14773 -14774 -14775 -14776 -14777 
v -14778 -14779 -14780 -14781 -14782 -14783 -14784 -14785 -14786 -14787 -14788 
v -14789 -14790 -14791 -14792 -14793 -14794 -14795 -14796 14797 -14798 14799 
v -14800 14801 -14802 -14803 -14804 -14805 -14806 -14807 -14808 14809 -14810 
v -14811 -14812 -14813 -14814 -14815 -14816 -14817 -14818 -14819 -14820 -14821 
v -14822 -14823 -14824 -14825 -14826 -14827 -14828 14829 -14830 -14831 -14832 
v -14833 -14834 -14835 -14836 14837 -14838 14839 -14840 -14841 -14842 -14843 
v -14844 -14845 -14846 -14847 -14848 -14849 -14850 -14851 -14852 -14853 -14854 
v -14855 14856 -14857 14858 -14859 -14860 -14861 -14862 -14863 -14864 -14865 
v -14866 -14867 -14868 -14869 -14870 -14871 -14872 -14873 14874 -14875 -14876 
v -14877 -14878 -14879 -14880 -14881 -14882 -14883 -14884 -14885 -14886 -14887 
v -14888 -14889 -14890 -14891 14892 -14893 -14894 -14895 14896 -14897 -14898 
v -14899 -14900 -14901 -14902 -14903 -14904 -14905 -14906 -14907 -14908 -14909 
v -14910 -14911 14912 -14913 -14914 -14915 -14916 -14917 -14918 -14919 -14920 
v -14921 -14922 -14923 -14924 -14925 -14926 -14927 -14928 -14929 14930 14931 
v -14932 -14933 14934 -14935 -14936 -14937 -14938 -14939 -14940 -14941 14942 
v -14943 -14944 -14945 -14946 -14947 -14948 -14949 -14950 -14951 -14952 -14953 
v -14954 -14955 -14956 -14957 -14958 -14959 -14960 -14961 -14962 -14963 -14964 
v -14965 14966 -14967 -14968 -14969 -14970 -14971 -14972 -14973 -14974 -14975 
v -14976 -14977 -14978 -14979 -14980 -14981 -14982 -14983 -14984 -14985 -14986 
v -14987 -14988 -14989 -14990 -14991 -14992 -14993 -14994 -14995 -14996 -14997 
v -14998 -14999 -15000 -15001 15002 -15003 15004 -15005 -15006 -15007 -15008 
v -15009 -15010 -15011 15012 -15013 -15014 -15015 -15016 -15017 -15018 -15019 
v -15020 -15021 -15022 -15023 -15024 -15025 -15026 -15027 -15028 -15029 -15030 
v -15031 -15032 -15033 -15034 -15035 -15036 -15037 -15038 -15039 -15040 -15041 
v -15042 -15043 -15044 -15045 -15046 -15047 -15048 -15049 -15050 -15051 -15052 
v -15053 -15054 -15055 -15056 -15057 -15058 -15059 -15060 -15061 -15062 -15063 
v -15064 -15065 -15066 -15067 -15068 -15069 -15070 -15071 -15072 -15073 15074 
v -15075 -15076 -15077 -15078 -15079 -15080 -15081 -15082 -15083 -15084 -15085 
v -15086 -15087 -15088 -15089 -15090 -15091 15092 -15093 -15094 -15095 -15096 
v -15097 -15098 -15099 -15100 -15101 -15102 -15103 -15104 -15105 15106 -15107 
v -15108 -15109 -15110 -15111 -15112 -15113 -15114 -15115 15116 -15117 -15118 
v -15119 15120 -15121 -15122 -15123 -15124 -15125 -15126 -15127 -15128 -15129 
v -15130 -15131 -15132 -15133 -15134 -15135 -15136 -15137 -15138 -15139 -15140 
v -15141 15142 -15143 15144 -15145 15146 15147 -15148 -15149 15150 -15151 
v -15152 -15153 -15154 -15155 -15156 -15157 15158 -15159 15160 -15161 -15162 
v -15163 -15164 -15165 -15166 -15167 -15168 -15169 -15170 -15171 -15172 -15173 
v -15174 -15175 -15176 -15177 15178 -15179 -15180 -15181 15182 -15183 -15184 
v -15185 15186 -15187 15188 -15189 -15190 -15191 -15192 -15193 15194 -15195 
v 15196 -15197 15198 -15199 -15200 -15201 -15202 -15203 -15204 -15205 -15206 
v -15207 -15208 -15209 -15210 -15211 15212 15213 -15214 -15215 -15216 15217 
v -15218 -15219 -15220 -15221 -15222 15223 -15224 15225 -15226 15227 -15228 
v -15229 -15230 -15231 -15232 -15233 -15234 15235 -15236 -15237 -15238 -15239 
v -15240 -15241 -15242 -15243 -15244 -15245 -15246 -15247 -15248 -15249 -15250 
v -15251 -15252 -15253 -15254 -15255 -15256 -15257 -15258 -15259 -15260 -15261 
v -15262 -15263 -15264 -15265 -15266 -15267 -15268 -15269 -15270 -15271 -15272 
v -15273 -15274 -15275 -15276 -15277 -15278 15279 -15280 -15281 -15282 -15283 
v -15284 -15285 -15286 -15287 -15288 -15289 -15290 -15291 -15292 -15293 -15294 
v -15295 -15296 15297 -15298 -15299 -15300 -15301 -15302 -15303 -15304 -15305 
v -15306 -15307 -15308 -15309 -15310 -15311 -15312 -15313 -15314 15315 -15316 
v -15317 -15318 -15319 -15320 -15321 -15322 -15323 -15324 -15325 -15326 -15327 
v -15328 15329 -15330 -15331 -15332 15333 -15334 -15335 -15336 -15337 -15338 
v 15339 -15340 -15341 -15342 15343 -15344 -15345 -15346 -15347 -15348 15349 
v 15350 -15351 -15352 15353 -15354 -15355 -15356 -15357 -15358 -15359 -15360 
v 15361 -15362 -15363 -15364 -15365 -15366 -15367 -15368 -15369 -15370 -15371 
v -15372 -15373 -15374 -15375 -15376 -15377 -15378 -15379 -15380 -15381 -15382 
v -15383 -15384 -15385 -15386 -15387 -15388 -15389 -15390 -15391 -15392 -15393 
v -15394 -15395 -15396 -15397 -15398 -15399 -15400 -15401 -15402 -15403 -15404 
v 15405 -15406 -15407 -15408 -15409 -15410 -15411 -15412 -15413 -15414 -15415 
v -15416 -15417 -15418 -15419 -15420 -15421 -15422 15423 -15424 -15425 -15426 
v -15427 -15428 -15429 -15430 -15431 -15432 -15433 -15434 -15435 -15436 -15437 
v -15438 -15439 -15440 15441 -15442 -15443 -15444 -15445 -15446 -15447 -15448 
v -15449 -15450 -15451 -15452 -15453 -15454 -15455 -15456 -15457 -15458 -15459 
v -15460 -15461 -15462 -15463 -15464 -15465 -15466 -15467 -15468 -15469 -15470 
v -15471 -15472 -15473 -15474 -15475 -15476 -15477 -15478 -15479 -15480 -15481 
v -15482 -15483 -15484 -15485 -15486 -15487 -15488 -15489 -15490 -15491 -15492 
v -15493 -15494 -15495 -15496 -15497 -15498 -15499 -15500 -15501 -15502 -15503 
v -15504 -15505 -15506 -15507 -15508 -15509 -15510 -15511 -15512 -15513 -15514 
v -15515 -15516 -15517 -15518 -15519 -15520 -15521 -15522 -15523 -15524 -15525 
v -15526 -15527 -15528 -15529 -15530 -15531 -15532 -15533 -15534 -15535 -15536 
v -15537 -15538 -15539 -15540 -15541 -15542 -15543 -15544 -15545 -15546 -15547 
v -15548 -15549 -15550 -15551 -15552 -15553 -15554 -15555 -15556 -15557 -15558 
v -15559 -15560 -15561 -15562 -15563 -15564 -15565 -15566 -15567 -15568 -15569 
v -15570 -15571 -15572 -15573 -15574 -15575 -15576 -15577 -15578 -15579 -15580 
v 15581 -15582 -15583 -15584 -15585 -15586 -15587 -15588 -15589 -15590 -15591 
v -15592 -15593 -15594 -15595 -15596 -15597 -15598 -15599 -15600 -15601 -15602 
v -15603 -15604 -15605 -15606 -15607 -15608 -15609 -15610 -15611 -15612 -15613 
v -15614 -15615 -15616 -15617 -15618 -15619 -15620 15621 -15622 -15623 -15624 
v -15625 -15626 -15627 -15628 -15629 -15630 -15631 -15632 -15633 -15634 -15635 
v -15636 -15637 -15638 -15639 -15640 -15641 -15642 -15643 -15644 -15645 -15646 
v -15647 -15648 -15649 -15650 -15651 -15652 -15653 -15654 -15655 -15656 -15657 
v -15658 -15659 -15660 15661 -15662 -15663 -15664 -15665 -15666 -15667 -15668 
v -15669 -15670 -15671 -15672 -15673 -15674 -15675 -15676 15677 15678 -15679 
v -15680 15681 -15682 -15683 -15684 -15685 -15686 15687 -15688 15689 -15690 
v 15691 -15692 -15693 -15694 -15695 -15696 -15697 -15698 -15699 -15700 -15701 
v -15702 -15703 -15704 -15705 -15706 -15707 -15708 15709 -15710 -15711 -15712 
v 15713 -15714 15715 -15716 15717 15718 -15719 -15720 15721 -15722 -15723 
v -15724 -15725 -15726 -15727 -15728 15729 -15730 15731 -15732 -15733 -15734 
v -15735 -15736 15737 -15738 -15739 -15740 -15741 -15742 -15743 -15744 15745 
v -15746 -15747 -15748 15749 -15750 15751 -15752 15753 -15754 -15755 -15756 
v 15757 15758 15759 -15760 -15761 -15762 15763 -15764 15765 -15766 15767 -15768 
v 15769 -15770 -15771 -15772 -15773 15774 -15775 15776 -15777 15778 15779 
v -15780 -15781 15782 -15783 -15784 -15785 -15786 -15787 -15788 -15789 -15790 
v -15791 -15792 -15793 15794 -15795 -15796 -15797 -15798 -15799 15800 -15801 
v -15802 -15803 -15804 -15805 15806 -15807 -15808 15809 -15810 -15811 -15812 
v -15813 -15814 -15815 -15816 -15817 -15818 -15819 -15820 -15821 15822 -15823 
v -15824 -15825 15826 -15827 -15828 -15829 -15830 -15831 15832 -15833 -15834 
v -15835 -15836 -15837 -15838 -15839 -15840 -15841 -15842 -15843 -15844 -15845 
v -15846 -15847 -15848 -15849 15850 15851 15852 -15853 15854 15855 -15856 
v -15857 -15858 -15859 -15860 -15861 15862 -15863 15864 -15865 -15866 -15867 
v 15868 -15869 -15870 -15871 -15872 -15873 -15874 -15875 -15876 -15877 -15878 
v -15879 -15880 -15881 -15882 -15883 -15884 -15885 15886 15887 -15888 -15889 
v 15890 -15891 -15892 -15893 -15894 -15895 -15896 -15897 -15898 -15899 -15900 
v -15901 15902 -15903 15904 -15905 -15906 -15907 -15908 -15909 -15910 -15911 
v -15912 -15913 -15914 -15915 -15916 -15917 -15918 -15919 15920 -15921 -15922 
v -15923 -15924 -15925 -15926 -15927 -15928 -15929 -15930 -15931 -15932 -15933 
v -15934 -15935 -15936 -15937 -15938 -15939 -15940 -15941 -15942 -15943 -15944 
v -15945 -15946 -15947 -15948 -15949 -15950 -15951 -15952 -15953 -15954 -15955 
v -15956 -15957 -15958 -15959 -15960 -15961 -15962 -15963 -15964 -15965 -15966 
v -15967 -15968 -15969 -15970 -15971 -15972 -15973 -15974 -15975 15976 -15977 
v -15978 -15979 -15980 -15981 -15982 -15983 -15984 -15985 -15986 -15987 -15988 
v -15989 -15990 -15991 -15992 -15993 -15994 -15995 -15996 -15997 -15998 -15999 
v -16000 -16001 -16002 -16003 -16004 -16005 -16006 -16007 -16008 -16009 -16010 
v -16011 -16012 -16013 -16014 -16015 -16016 -16017 -16018 -16019 -16020 -16021 
v -16022 -16023 -16024 -16025 16026 16027 -16028 -16029 16030 -16031 -16032 
v -16033 -16034 -16035 -16036 -16037 16038 -16039 -16040 -16041 16042 -16043 
v -16044 -16045 -16046 -16047 -16048 -16049 -16050 -16051 -16052 -16053 -16054 
v -16055 -16056 -16057 16058 16059 -16060 -16061 -16062 -16063 16064 -16065 
v 16066 -16067 -16068 -16069 -16070 -16071 16072 -16073 -16074 -16075 -16076 
v -16077 16078 -16079 -16080 -16081 -16082 -16083 -16084 -16085 -16086 -16087 
v -16088 -16089 -16090 -16091 -16092 -16093 -16094 -16095 -16096 -16097 16098 
v -16099 -16100 -16101 -16102 -16103 -16104 -16105 16106 16107 16108 16109 
v -16110 -16111 -16112 -16113 -16114 -16115 -16116 -16117 16118 -16119 -16120 
v -16121 -16122 -16123 -16124 16125 -16126 16127 -16128 -16129 -16130 -16131 
v -16132 -16133 -16134 -16135 -16136 -16137 -16138 -16139 -16140 -16141 -16142 
v 16143 -16144 -16145 -16146 -16147 -16148 -16149 -16150 -16151 -16152 -16153 
v -16154 -16155 -16156 -16157 -16158 -16159 -16160 -16161 -16162 -16163 -16164 
v -16165 -16166 -16167 -16168 -16169 -16170 16171 -16172 16173 -16174 16175 
v 16176 -16177 -16178 16179 -16180 16181 -16182 -16183 -16184 -16185 -16186 
v 16187 -16188 -16189 -16190 -16191 -16192 16193 -16194 -16195 -16196 -16197 
v -16198 16199 16200 -16201 -16202 16203 -16204 -16205 -16206 -16207 -16208 
v -16209 -16210 16211 -16212 -16213 -16214 16215 -16216 16217 -16218 -16219 
v -16220 -16221 -16222 -16223 -16224 -16225 -16226 -16227 -16228 -16229 -16230 
v -16231 -16232 -16233 -16234 16235 16236 -16237 -16238 -16239 -16240 -16241 
v -16242 16243 -16244 -16245 -16246 -16247 -16248 -16249 -16250 -16251 -16252 
v -16253 -16254 -16255 -16256 -16257 -16258 -16259 -16260 -16261 -16262 -16263 
v -16264 -16265 -16266 -16267 -16268 -16269 -16270 -16271 -16272 -16273 -16274 
v -16275 -16276 -16277 -16278 -16279 -16280 -16281 -16282 -16283 -16284 -16285 
v -16286 -16287 -16288 -16289 -16290 -16291 -16292 -16293 -16294 -16295 -16296 
v -16297 -16298 -16299 -16300 -16301 -16302 -16303 -16304 -16305 -16306 -16307 
v -16308 -16309 -16310 -16311 -16312 -16313 -16314 -16315 -16316 -16317 -16318 
v -16319 -16320 -16321 -16322 -16323 -16324 -16325 -16326 -16327 -16328 -16329 
v -16330 -16331 -16332 -16333 -16334 -16335 -16336 -16337 -16338 -16339 -16340 
v -16341 -16342 -16343 -16344 -16345 -16346 -16347 -16348 -16349 -16350 -16351 
v -16352 -16353 -16354 -16355 -16356 -16357 -16358 -16359 -16360 -16361 -16362 
v -16363 -16364 -16365 -16366 -16367 -16368 -16369 -16370 -16371 -16372 -16373 
v -16374 16375 -16376 -16377 -16378 -16379 -16380 -16381 -16382 -16383 -16384 
v -16385 -16386 -16387 -16388 -16389 -16390 16391 -16392 -16393 -16394 -16395 
v -16396 -16397 -16398 -16399 -16400 -16401 -16402 -16403 -16404 -16405 -16406 
v 16407 -16408 -16409 -16410 -16411 -16412 16413 -16414 16415 -16416 16417 
v -16418 16419 -16420 -16421 -16422 -16423 -16424 -16425 -16426 16427 -16428 
v 16429 -16430 -16431 -16432 -16433 -16434 -16435 -16436 -16437 -16438 -16439 
v -16440 -16441 -16442 -16443 -16444 -16445 -16446 16447 -16448 -16449 -16450 
v 16451 -16452 -16453 -16454 16455 16456 16457 -16458 -16459 -16460 -16461 
v -16462 -16463 -16464 16465 -16466 16467 -16468 -16469 -16470 -16471 -16472 
v -16473 -16474 -16475 -16476 -16477 -16478 -16479 -16480 -16481 -16482 -16483 
v -16484 -16485 -16486 -16487 -16488 -16489 -16490 -16491 -16492 -16493 -16494 
v -16495 -16496 -16497 -16498 -16499 -16500 -16501 -16502 -16503 -16504 -16505 
v -16506 -16507 -16508 -16509 -16510 -16511 -16512 -16513 -16514 -16515 -16516 
v -16517 -16518 -16519 -16520 -16521 -16522 -16523 -16524 -16525 -16526 -16527 
v -16528 -16529 -16530 -16531 -16532 -16533 -16534 -16535 -16536 -16537 -16538 
v -16539 -16540 -16541 -16542 -16543 -16544 -16545 -16546 -16547 -16548 -16549 
v -16550 -16551 -16552 -16553 -16554 -16555 -16556 -16557 -16558 -16559 -16560 
v -16561 -16562 -16563 -16564 -16565 -16566 -16567 -16568 -16569 -16570 -16571 
v -16572 -16573 -16574 -16575 -16576 -16577 -16578 -16579 -16580 -16581 -16582 
v -16583 -16584 -16585 -16586 -16587 -16588 -16589 -16590 -16591 -16592 -16593 
v -16594 -16595 -16596 -16597 16598 -16599 -16600 -16601 16602 -16603 -16604 
v -16605 -16606 -16607 -16608 -16609 -16610 -16611 -16612 -16613 -16614 -16615 
v -16616 -16617 16618 -16619 -16620 -16621 -16622 -16623 -16624 -16625 -16626 
v -16627 -16628 -16629 -16630 -16631 -16632 -16633 -16634 -16635 -16636 -16637 
v -16638 -16639 -16640 -16641 -16642 -16643 -16644 -16645 -16646 -16647 -16648 
v -16649 -16650 -16651 -16652 -16653 -16654 -16655 -16656 -16657 -16658 -16659 
v -16660 -16661 -16662 -16663 -16664 -16665 -16666 -16667 -16668 -16669 -16670 
v -16671 -16672 -16673 16674 -16675 -16676 -16677 -16678 -16679 -16680 -16681 
v -16682 -16683 -16684 -16685 -16686 -16687 -16688 -16689 -16690 -16691 -16692 
v -16693 -16694 -16695 -16696 -16697 -16698 -16699 -16700 -16701 -16702 -16703 
v -16704 -16705 -16706 -16707 -16708 -16709 -16710 -16711 -16712 -16713 -16714 
v -16715 -16716 -16717 -16718 -16719 -16720 -16721 -16722 -16723 16724 -16725 
v -16726 -16727 -16728 -16729 -16730 -16731 -16732 -16733 -16734 -16735 -16736 
v -16737 -16738 -16739 -16740 -16741 -16742 -16743 -16744 -16745 -16746 -16747 
v -16748 -16749 -16750 -16751 -16752 -16753 -16754 -16755 -16756 -16757 -16758 
v -16759 -16760 -16761 -16762 -16763 -16764 -16765 -16766 -16767 -16768 -16769 
v -16770 -16771 -16772 -16773 -16774 -16775 -16776 -16777 -16778 -16779 -16780 
v -16781 -16782 -16783 -16784 -16785 -16786 -16787 -16788 -16789 -16790 -16791 
v -16792 -16793 -16794 -16795 -16796 -16797 -16798 -16799 -16800 -16801 -16802 
v -16803 -16804 -16805 -16806 -16807 -16808 -16809 -16810 -16811 -16812 -16813 
v -16814 -16815 -16816 -16817 -16818 -16819 -16820 -16821 -16822 -16823 -16824 
v -16825 -16826 -16827 -16828 -16829 -16830 -16831 -16832 -16833 -16834 -16835 
v -16836 -16837 -16838 -16839 -16840 -16841 -16842 -16843 -16844 -16845 -16846 
v -16847 -16848 -16849 -16850 -16851 -16852 -16853 -16854 -16855 -16856 -16857 
v -16858 -16859 -16860 16861 -16862 16863 -16864 -16865 -16866 -16867 -16868 
v -16869 -16870 -16871 -16872 -16873 -16874 -16875 -16876 -16877 -16878 16879 
v -16880 -16881 -16882 -16883 -16884 -16885 -16886 -16887 -16888 -16889 -16890 
v -16891 -16892 -16893 -16894 -16895 -16896 16897 -16898 -16899 -16900 -16901 
v -16902 -16903 -16904 -16905 -16906 -16907 -16908 -16909 -16910 -16911 -16912 
v -16913 -16914 -16915 -16916 -16917 -16918 -16919 -16920 -16921 -16922 -16923 
v -16924 -16925 -16926 -16927 -16928 -16929 -16930 -16931 -16932 -16933 -16934 
v -16935 -16936 -16937 -16938 -16939 -16940 -16941 -16942 -16943 -16944 -16945 
v -16946 16947 -16948 -16949 -16950 16951 -16952 -16953 -16954 -16955 -16956 
v -16957 -16958 -16959 -16960 -16961 -16962 -16963 -16964 -16965 -16966 16967 
v -16968 -16969 -16970 -16971 -16972 -16973 -16974 -16975 -16976 -16977 -16978 
v -16979 -16980 -16981 -16982 -16983 -16984 -16985 -16986 -16987 -16988 -16989 
v -16990 -16991 -16992 -16993 -16994 -16995 -16996 -16997 -16998 -16999 -17000 
v -17001 -17002 -17003 -17004 -17005 -17006 -17007 -17008 -17009 -17010 -17011 
v -17012 -17013 -17014 -17015 -17016 -17017 -17018 -17019 -17020 -17021 -17022 
v 17023 -17024 -17025 -17026 -17027 -17028 -17029 -17030 -17031 -17032 -17033 
v -17034 -17035 -17036 -17037 -17038 -17039 -17040 -17041 -17042 -17043 -17044 
v -17045 -17046 -17047 -17048 -17049 -17050 -17051 -17052 -17053 -17054 -17055 
v -17056 -17057 -17058 -17059 -17060 -17061 -17062 -17063 -17064 -17065 -17066 
v -17067 -17068 -17069 -17070 -17071 -17072 17073 17074 -17075 -17076 17077 
v -17078 -17079 -17080 -17081 -17082 -17083 -17084 17085 -17086 -17087 -17088 
v -17089 -17090 -17091 -17092 -17093 -17094 -17095 -17096 -17097 -17098 -17099 
v -17100 -17101 -17102 -17103 -17104 17105 -17106 -17107 -17108 -17109 -17110 
v 17111 -17112 -17113 -17114 -17115 -17116 -17117 -17118 -17119 -17120 -17121 
v -17122 -17123 -17124 -17125 -17126 17127 -17128 -17129 -17130 -17131 -17132 
v -17133 -17134 -17135 -17136 -17137 -17138 -17139 -17140 -17141 -17142 -17143 
v -17144 -17145 -17146 -17147 -17148 17149 -17150 -17151 -17152 17153 -17154 
v -17155 -17156 -17157 -17158 -17159 -17160 -17161 -17162 17163 -17164 17165 
v -17166 -17167 -17168 -17169 -17170 -17171 17172 -17173 17174 -17175 -17176 
v -17177 -17178 -17179 -17180 -17181 -17182 -17183 -17184 -17185 -17186 -17187 
v -17188 -17189 17190 -17191 -17192 -17193 -17194 -17195 -17196 -17197 -17198 
v -17199 -17200 -17201 -17202 -17203 -17204 -17205 -17206 -17207 -17208 -17209 
v -17210 -17211 -17212 -17213 -17214 -17215 -17216 -17217 -17218 -17219 -17220 
v -17221 -17222 -17223 -17224 -17225 -17226 -17227 -17228 -17229 -17230 -17231 
v -17232 -17233 -17234 -17235 -17236 -17237 -17238 -17239 -17240 -17241 -17242 
v -17243 -17244 -17245 17246 -17247 -17248 -17249 -17250 -17251 -17252 -17253 
v -17254 -17255 -17256 -17257 -17258 -17259 -17260 -17261 17262 -17263 -17264 
v -17265 -17266 -17267 -17268 -17269 -17270 -17271 -17272 -17273 -17274 -17275 
v -17276 -17277 -17278 -17279 -17280 -17281 -17282 -17283 -17284 -17285 -17286 
v -17287 -17288 -17289 17290 -17291 -17292 -17293 -17294 -17295 -17296 -17297 
v -17298 -17299 -17300 -17301 -17302 -17303 -17304 -17305 -17306 -17307 -17308 
v -17309 -17310 -17311 -17312 -17313 -17314 -17315 -17316 -17317 -17318 -17319 
v -17320 -17321 -17322 -17323 -17324 -17325 -17326 17327 -17328 -17329 -17330 
v -17331 17332 -17333 -17334 -17335 -17336 -17337 -17338 -17339 -17340 -17341 
v -17342 -17343 -17344 -17345 -17346 -17347 -17348 -17349 -17350 -17351 -17352 
v -17353 -17354 -17355 -17356 -17357 -17358 -17359 -17360 -17361 -17362 -17363 
v -17364 -17365 -17366 -17367 -17368 -17369 -17370 -17371 -17372 -17373 -17374 
v -17375 -17376 -17377 -17378 -17379 -17380 -17381 -17382 -17383 -17384 -17385 
v -17386 -17387 -17388 -17389 -17390 -17391 17392 -17393 17394 -17395 -17396 
v -17397 -17398 -17399 -17400 -17401 17402 -17403 -17404 -17405 -17406 -17407 
v -17408 -17409 17410 -17411 -17412 -17413 -17414 -17415 -17416 -17417 -17418 
v -17419 -17420 -17421 17422 -17423 17424 -17425 17426 -17427 -17428 -17429 
v -17430 -17431 -17432 -17433 17434 -17435 -17436 -17437 -17438 -17439 -17440 
v -17441 -17442 -17443 -17444 -17445 -17446 -17447 -17448 -17449 -17450 -17451 
v -17452 -17453 17454 -17455 -17456 -17457 -17458 -17459 17460 -17461 -17462 
v -17463 17464 -17465 17466 -17467 -17468 -17469 -17470 -17471 -17472 -17473 
v 17474 -17475 17476 -17477 17478 -17479 -17480 -17481 -17482 -17483 -17484 
v -17485 -17486 -17487 -17488 -17489 -17490 -17491 -17492 -17493 17494 17495 
v -17496 -17497 17498 -17499 -17500 -17501 17502 -17503 17504 -17505 17506 
v -17507 -17508 -17509 -17510 -17511 17512 -17513 17514 -17515 -17516 -17517 
v -17518 -17519 -17520 17521 -17522 17523 -17524 -17525 -17526 -17527 -17528 
v -17529 -17530 -17531 -17532 -17533 -17534 -17535 -17536 -17537 -17538 17539 
v -17540 -17541 -17542 -17543 -17544 -17545 -17546 -17547 -17548 -17549 -17550 
v -17551 -17552 -17553 -17554 -17555 -17556 -17557 -17558 -17559 -17560 -17561 
v -17562 -17563 -17564 -17565 -17566 -17567 -17568 -17569 -17570 -17571 -17572 
v -17573 -17574 -17575 -17576 -17577 -17578 -17579 -17580 -17581 -17582 -17583 
v -17584 -17585 -17586 -17587 -17588 -17589 -17590 -17591 -17592 -17593 -17594 
v 17595 -17596 -17597 -17598 -17599 -17600 -17601 -17602 -17603 -17604 -17605 
v -17606 -17607 -17608 -17609 -17610 -17611 -17612 -17613 -17614 -17615 -17616 
v -17617 -17618 -17619 -17620 -17621 -17622 -17623 -17624 -17625 -17626 -17627 
v -17628 -17629 -17630 -17631 -17632 -17633 -17634 -17635 -17636 -17637 -17638 
v 17639 -17640 -17641 -17642 -17643 -17644 -17645 -17646 -17647 -17648 -17649 
v -17650 -17651 -17652 -17653 -17654 -17655 -17656 17657 -17658 17659 -17660 
v -17661 -17662 -17663 -17664 17665 -17666 -17667 -17668 -17669 -17670 -17671 
v -17672 -17673 -17674 -17675 -17676 -17677 -17678 -17679 -17680 -17681 -17682 
v -17683 -17684 -17685 -17686 -17687 -17688 -17689 -17690 -17691 -17692 -17693 
v -17694 -17695 -17696 -17697 -17698 -17699 -17700 -17701 -17702 -17703 -17704 
v -17705 -17706 -17707 -17708 -17709 -17710 -17711 -17712 -17713 -17714 -17715 
v -17716 -17717 -17718 -17719 -17720 17721 -17722 -17723 -17724 -17725 -17726 
v -17727 -17728 -17729 -17730 -17731 -17732 -17733 -17734 -17735 -17736 -17737 
v -17738 -17739 -17740 -17741 -17742 17743 -17744 -17745 -17746 -17747 -17748 
v -17749 -17750 17751 -17752 -17753 -17754 -17755 -17756 -17757 -17758 17759 
v -17760 -17761 -17762 -17763 -17764 -17765 -17766 -17767 -17768 -17769 -17770 
v 17771 17772 -17773 -17774 17775 -17776 -17777 -17778 -17779 -17780 -17781 
v -17782 17783 -17784 -17785 -17786 -17787 -17788 -17789 -17790 -17791 -17792 
v -17793 -17794 -17795 -17796 -17797 -17798 -17799 -17800 -17801 -17802 17803 
v -17804 -17805 -17806 -17807 -17808 17809 -17810 -17811 -17812 17813 -17814 
v 17815 -17816 -17817 -17818 -17819 -17820 -17821 -17822 17823 -17824 17825 
v -17826 17827 -17828 -17829 -17830 -17831 -17832 -17833 -17834 -17835 -17836 
v -17837 -17838 -17839 -17840 -17841 -17842 17843 17844 -17845 -17846 17847 
v -17848 -17849 -17850 17851 -17852 17853 -17854 17855 -17856 -17857 -17858 
v -17859 -17860 17861 -17862 17863 -17864 -17865 17866 -17867 -17868 -17869 
v 17870 -17871 17872 -17873 -17874 -17875 -17876 -17877 -17878 -17879 -17880 
v -17881 -17882 -17883 -17884 -17885 -17886 -17887 17888 -17889 -17890 -17891 
v -17892 -17893 -17894 -17895 17896 -17897 17898 -17899 -17900 -17901 17902 
v -17903 -17904 -17905 17906 -17907 17908 17909 17910 17911 17912 -17913 17914 
v 17915 17916 -17917 -17918 -17919 17920 -17921 -17922 -17923 -17924 -17925 
v 17926 17927 17928 -17929 17930 17931 17932 -17933 -17934 -17935 -17936 -17937 
v 17938 17939 17940 -17941 -17942 -17943 17944 17945 -17946 -17947 17948 -17949 
v 17950 -17951 -17952 -17953 -17954 -17955 17956 17957 -17958 -17959 -17960 
v -17961 17962 -17963 -17964 -17965 -17966 -17967 17968 17969 17970 -17971 
v 17972 17973 17974 -17975 17976 -17977 17978 -17979 17980 17981 17982 17983 
v -17984 -17985 17986 -17987 -17988 -17989 17990 -17991 -17992 -17993 17994 
v -17995 17996 -17997 17998 17999 -18000 -18001 18002 -18003 -18004 -18005 
v 18006 -18007 18008 -18009 -18010 -18011 -18012 -18013 18014 18015 -18016 
v -18017 18018 -18019 18020 -18021 -18022 -18023 -18024 -18025 18026 18027 
v -18028 -18029 -18030 -18031 -18032 -18033 -18034 -18035 -18036 -18037 -18038 
v -18039 -18040 -18041 -18042 -18043 -18044 -18045 -18046 -18047 -18048 -18049 
v -18050 -18051 -18052 -18053 -18054 -18055 -18056 -18057 -18058 -18059 -18060 
v -18061 -18062 -18063 -18064 -18065 -18066 -18067 -18068 -18069 18070 -18071 
v -18072 -18073 -18074 -18075 18076 -18077 -18078 -18079 18080 -18081 18082 
v -18083 18084 -18085 -18086 -18087 18088 -18089 -18090 -18091 -18092 -18093 
v -18094 -18095 -18096 -18097 -18098 -18099 -18100 -18101 -18102 -18103 -18104 
v -18105 18106 18107 -18108 -18109 18110 -18111 -18112 -18113 -18114 -18115 
v -18116 -18117 -18118 -18119 -18120 -18121 -18122 -18123 -18124 -18125 -18126 
v -18127 -18128 -18129 18130 -18131 -18132 -18133 18134 -18135 -18136 -18137 
v -18138 -18139 18140 -18141 -18142 -18143 -18144 -18145 -18146 -18147 -18148 
v -18149 -18150 -18151 -18152 -18153 -18154 -18155 -18156 -18157 18158 -18159 
v -18160 -18161 18162 -18163 -18164 -18165 -18166 -18167 18168 -18169 -18170 
v -18171 18172 -18173 -18174 -18175 -18176 -18177 18178 18179 -18180 -18181 
v 18182 -18183 -18184 -18185 -18186 -18187 -18188 -18189 18190 -18191 -18192 
v -18193 -18194 -18195 18196 18197 -18198 -18199 18200 -18201 -18202 -18203 
v -18204 -18205 -18206 -18207 18208 -18209 -18210 -18211 -18212 -18213 18214 
v -18215 -18216 -18217 -18218 -18219 -18220 -18221 -18222 -18223 -18224 -18225 
v -18226 -18227 -18228 -18229 -18230 -18231 18232 18233 -18234 -18235 -18236 
v -18237 -18238 -18239 -18240 -18241 -18242 -18243 -18244 -18245 -18246 -18247 
v -18248 -18249 -18250 -18251 -18252 -18253 -18254 -18255 -18256 -18257 18258 
v -18259 18260 -18261 -18262 -18263 -18264 -18265 18266 -18267 -18268 -18269 
v -18270 -18271 -18272 -18273 -18274 -18275 -18276 -18277 -18278 -18279 -18280 
v -18281 -18282 -18283 -18284 -18285 -18286 -18287 -18288 -18289 -18290 -18291 
v -18292 -18293 -18294 -18295 -18296 -18297 -18298 -18299 -18300 -18301 -18302 
v -18303 -18304 -18305 -18306 -18307 -18308 -18309 -18310 -18311 -18312 -18313 
v -18314 -18315 -18316 -18317 -18318 -18319 -18320 -18321 18322 -18323 -18324 
v -18325 -18326 -18327 -18328 -18329 -18330 -18331 -18332 -18333 -18334 -18335 
v -18336 -18337 -18338 -18339 -18340 -18341 -18342 -18343 -18344 -18345 -18346 
v -18347 -18348 -18349 -18350 -18351 -18352 -18353 -18354 -18355 -18356 -18357 
v -18358 -18359 -18360 -18361 -18362 -18363 -18364 -18365 -18366 -18367 -18368 
v -18369 -18370 -18371 -18372 -18373 -18374 -18375 -18376 -18377 -18378 -18379 
v -18380 -18381 -18382 -18383 -18384 -18385 -18386 -18387 -18388 -18389 -18390 
v -18391 -18392 -18393 -18394 -18395 -18396 -18397 -18398 -18399 -18400 -18401 
v -18402 -18403 -18404 -18405 -18406 -18407 -18408 -18409 18410 -18411 -18412 
v -18413 18414 -18415 -18416 -18417 -18418 -18419 -18420 -18421 18422 -18423 
v 18424 -18425 -18426 -18427 -18428 -18429 18430 18431 -18432 -18433 18434 
v -18435 -18436 -18437 -18438 -18439 -18440 -18441 18442 -18443 -18444 -18445 
v -18446 -18447 18448 -18449 -18450 -18451 -18452 -18453 -18454 -18455 -18456 
v -18457 -18458 -18459 -18460 -18461 -18462 -18463 -18464 -18465 18466 -18467 
v -18468 -18469 -18470 -18471 -18472 -18473 -18474 -18475 -18476 -18477 -18478 
v -18479 -18480 -18481 -18482 -18483 18484 -18485 -18486 -18487 -18488 -18489 
v -18490 -18491 -18492 -18493 -18494 -18495 -18496 -18497 -18498 -18499 -18500 
v -18501 -18502 -18503 -18504 -18505 -18506 -18507 -18508 -18509 -18510 -18511 
v -18512 -18513 -18514 -18515 -18516 -18517 -18518 -18519 -18520 -18521 -18522 
v -18523 -18524 -18525 -18526 -18527 -18528 -18529 -18530 -18531 -18532 -18533 
v -18534 -18535 -18536 -18537 -18538 -18539 -18540 -18541 -18542 -18543 -18544 
v -18545 -18546 -18547 -18548 -18549 -18550 -18551 -18552 -18553 -18554 -18555 
v -18556 -18557 -18558 -18559 -18560 -18561 -18562 -18563 -18564 -18565 -18566 
v -18567 -18568 -18569 -18570 -18571 -18572 -18573 -18574 -18575 -18576 -18577 
v -18578 -18579 -18580 -18581 -18582 -18583 -18584 -18585 -18586 -18587 -18588 
v -18589 -18590 -18591 -18592 -18593 -18594 -18595 -18596 -18597 -18598 -18599 
v -18600 -18601 -18602 -18603 -18604 -18605 -18606 -18607 -18608 -18609 -18610 
v -18611 -18612 -18613 -18614 -18615 -18616 -18617 -18618 -18619 -18620 -18621 
v -18622 -18623 -18624 -18625 -18626 -18627 -18628 -18629 -18630 -18631 -18632 
v -18633 -18634 -18635 -18636 -18637 -18638 -18639 -18640 -18641 -18642 -18643 
v -18644 -18645 -18646 -18647 -18648 -18649 -18650 -18651 -18652 -18653 -18654 
v -18655 -18656 -18657 -18658 -18659 -18660 -18661 -18662 -18663 -18664 -18665 
v -18666 -18667 -18668 -18669 -18670 -18671 -18672 -18673 -18674 -18675 -18676 
v -18677 -18678 -18679 -18680 -18681 -18682 -18683 -18684 -18685 -18686 -18687 
v -18688 -18689 -18690 -18691 -18692 -18693 -18694 -18695 -18696 -18697 -18698 
v -18699 -18700 -18701 -18702 -18703 -18704 -18705 -18706 -18707 -18708 -18709 
v -18710 -18711 -18712 -18713 -18714 -18715 -18716 -18717 -18718 -18719 -18720 
v -18721 -18722 -18723 -18724 -18725 -18726 -18727 -18728 -18729 -18730 -18731 
v -18732 -18733 -18734 -18735 -18736 -18737 -18738 -18739 -18740 -18741 -18742 
v -18743 -18744 -18745 -18746 -18747 -18748 -18749 -18750 -18751 -18752 -18753 
v -18754 -18755 -18756 -18757 -18758 -18759 -18760 -18761 -18762 -18763 -18764 
v -18765 -18766 -18767 -18768 -18769 -18770 -18771 -18772 -18773 -18774 -18775 
v -18776 -18777 -18778 -18779 -18780 -18781 -18782 -18783 -18784 -18785 -18786 
v -18787 -18788 -18789 -18790 -18791 -18792 -18793 -18794 -18795 -18796 -18797 
v -18798 -18799 -18800 -18801 -18802 -18803 -18804 -18805 -18806 -18807 -18808 
v -18809 -18810 -18811 -18812 -18813 -18814 -18815 -18816 -18817 -18818 -18819 
v -18820 -18821 -18822 -18823 -18824 -18825 -18826 -18827 -18828 -18829 -18830 
v -18831 -18832 -18833 -18834 -18835 -18836 -18837 -18838 -18839 -18840 -18841 
v -18842 -18843 -18844 -18845 18846 -18847 -18848 -18849 -18850 -18851 -18852 
v -18853 -18854 -18855 -18856 -18857 -18858 -18859 -18860 -18861 -18862 -18863 
v -18864 -18865 -18866 -18867 -18868 -18869 -18870 -18871 -18872 -18873 -18874 
v -18875 -18876 -18877 -18878 -18879 -18880 -18881 -18882 -18883 -18884 -18885 
v 18886 -18887 -18888 -18889 -18890 -18891 -18892 -18893 -18894 -18895 -18896 
v -18897 -18898 -18899 -18900 -18901 -18902 -18903 -18904 -18905 -18906 -18907 
v -18908 -18909 -18910 -18911 -18912 -18913 -18914 -18915 -18916 -18917 -18918 
v -18919 -18920 -18921 -18922 -18923 -18924 -18925 18926 -18927 -18928 -18929 
v -18930 -18931 -18932 -18933 -18934 -18935 -18936 -18937 -18938 -18939 -18940 
v -18941 18942 18943 -18944 -18945 18946 -18947 -18948 -18949 -18950 -18951 
v -18952 -18953 18954 -18955 -18956 -18957 -18958 -18959 -18960 -18961 -18962 
v -18963 -18964 -18965 -18966 -18967 -18968 -18969 -18970 -18971 -18972 -18973 
v 18974 -18975 -18976 -18977 -18978 -18979 -18980 -18981 18982 -18983 -18984 
v -18985 -18986 -18987 -18988 -18989 -18990 -18991 -18992 -18993 -18994 -18995 
v -18996 -18997 -18998 -18999 -19000 -19001 -19002 -19003 -19004 -19005 -19006 
v -19007 -19008 -19009 -19010 -19011 -19012 -19013 -19014 -19015 -19016 -19017 
v -19018 -19019 -19020 -19021 19022 19023 -19024 -19025 -19026 -19027 -19028 
v -19029 -19030 -19031 -19032 -19033 -19034 -19035 -19036 -19037 19038 19039 
v -19040 -19041 19042 -19043 -19044 -19045 -19046 -19047 -19048 -19049 19050 
v -19051 -19052 -19053 19054 19055 -19056 -19057 19058 -19059 19060 -19061 
v -19062 -19063 -19064 -19065 19066 19067 -19068 -19069 19070 19071 19072 
v -19073 19074 -19075 19076 -19077 19078 19079 -19080 -19081 19082 -19083 
v -19084 -19085 -19086 -19087 -19088 -19089 19090 -19091 -19092 -19093 -19094 
v -19095 -19096 -19097 -19098 -19099 -19100 -19101 -19102 -19103 -19104 -19105 
v -19106 -19107 -19108 -19109 19110 -19111 -19112 -19113 -19114 -19115 -19116 
v -19117 19118 19119 19120 19121 19122 -19123 -19124 -19125 19126 -19127 -19128 
v -19129 19130 -19131 -19132 -19133 19134 19135 -19136 -19137 19138 -19139 
v 19140 -19141 -19142 -19143 -19144 -19145 19146 19147 -19148 -19149 19150 
v 19151 -19152 -19153 19154 -19155 -19156 -19157 -19158 -19159 -19160 -19161 
v 19162 -19163 -19164 -19165 19166 19167 19168 19169 -19170 -19171 -19172 
v -19173 19174 19175 19176 -19177 19178 19179 19180 19181 19182 -19183 19184 
v 19185 19186 19187 19188 19189 19190 -19191 -19192 -19193 -19194 -19195 -19196 
v -19197 -19198 -19199 -19200 -19201 -19202 -19203 -19204 -19205 19206 19207 
v 19208 -19209 19210 -19211 19212 -19213 19214 19215 19216 19217 19218 19219 
v 19220 19221 -19222 -19223 19224 -19225 -19226 -19227 19228 -19229 19230 19231 
v 19232 -19233 19234 19235 19236 19237 -19238 -19239 19240 -19241 19242 19243 
v 19244 19245 19246 19247 -19248 -19249 19250 -19251 19252 -19253 -19254 -19255 
v -19256 -19257 19258 19259 -19260 -19261 19262 19263 19264 19265 19266 19267 
v 19268 -19269 19270 19271 -19272 -19273 19274 -19275 19276 -19277 -19278 
v -19279 -19280 -19281 19282 19283 -19284 -19285 19286 19287 19288 19289 19290 
v 19291 19292 19293 19294 -19295 19296 19297 19298 19299 19300 19301 19302 
v 19303 19304 19305 19306 -19307 19308 -19309 19310 19311 19312 19313 19314 
v 19315 19316 19317 19318 19319 19320 19321 19322 -19323 19324 -19325 0
c [g 0] truth-find prop checks  : 823K
c [g 0] -> of which prop        : 38.76 %
c [g 0] -> of which confl       :  0.40 %
c [g 0] elim called             : 32K
c [g 0] ---> which lead to prop : 215.35 %
c [g 0] ---> which lead to confl:  3.10 %
c [g 0] size: 82    x 170  

real	7m25.276s
user	7m21.913s
sys	0m0.347s
