c BreakID not compiled in, disabling
c CryptoMiniSat version 5.11.19
c CMS Copyright (C) 2009-2020 Authors of CryptoMiniSat, see AUTHORS file
c CMS SHA revision b80e09ebd7703fc13b987401d693d7d406a50441
c Using VMTF code by Armin Biere from CaDiCaL
c Using Yalsat by Armin Biere, see Balint et al. Improving implementation of SLS solvers [...], SAT'14
c Using WalkSAT by Henry Kautz, see Kautz and Selman Pushing the envelope: planning, propositional logic, and stochastic search, AAAI'96,
c CMS is MIT licensed
c Using code from 'When Boolean Satisfiability Meets Gauss-E. in a Simplex Way'
c       by C.-S. Han and J.-H. Roland Jiang in CAV 2012. Fixes by M. Soos
c Using CCAnr from 'CCAnr: A Conf. Checking Based Local Search Solver [...]'
c       by Shaowei Cai, Chuan Luo, and Kaile Su, SAT 2015
c CMS compilation env CMAKE_CXX_COMPILER = /usr/bin/c++ | CMAKE_CXX_FLAGS =  -fvisibility=hidden -Wall -Wextra -Wunused -Wsign-compare -fno-omit-frame-pointer -Wtype-limits -Wuninitialized -Wno-deprecated -Wstrict-aliasing -Wpointer-arith -Wpointer-arith -Wformat-nonliteral -Winit-self -Wparentheses -Wunreachable-code -g -Wno-class-memaccess -mpopcnt -msse4.2 -ggdb3 -Wlogical-op -Wrestrict -Wnull-dereference -Wdouble-promotion -Wshadow -Wformat=2 -Wextra-semi -pedantic | COMPILE_DEFINES =  -DRDB0_ONLY_FEATURES -DUSE_ZLIB -DYALSAT_FPU | STATICCOMPILE = OFF | ONLY_SIMPLE =  | STATS = OFF | SQLITE3_FOUND =  | ZLIB_FOUND = TRUE | VALGRIND_FOUND =  | ENABLE_TESTING = OFF | SLOW_DEBUG = OFF | ENABLE_ASSERTIONS = ON | PYTHON_EXECUTABLE =  | PYTHON_LIBRARY =  | PYTHON_INCLUDE_DIRS =  | MY_TARGETS =  | LARGEMEM = OFF | LIMITMEM = OFF | BREAKID_LIBRARIES =  | BREAKID-VER = . | BOSPHORUS_LIBRARIES =  | BOSPH-VER = . | compilation date time = Jul 13 2026 14:05:03
c CMS compiled with gcc version 11.5.0 20240719 (Red Hat 11.5.0-5)
c Executed with command line: ./cryptominisat5 ./instances/Syndrome_80_100/SD_90_100000.cnf
c Reading file './instances/Syndrome_80_100/SD_90_100000.cnf'
c -- header says num vars:          16809
c -- header says num clauses:       25147
c -- clauses added: 25102
c -- xor clauses added: 45
c -- vars added 16809
c Parsing time: 0.01 s
c [find&init matx] performing matrix init
c [gauss] XOR-encoding clauses are not detached, so no need to reattach them.
c [xor-rem-unconnected] left with 45 xors from 45 non-empty xors T: 0.00
c [xor-together] xored together: 0 orig xors: 45 new xors: 45 T: 0.00
c [xor-rem-unconnected] left with 45 xors from 45 non-empty xors T: 0.00
c [xor-clean-equiv] removed equivalent xors: 0 left with: 45
c [matrix] unused xors from cleaning: 0
c [matrix] Good   matrix  0     45 x   90  density:0.2590  xorlen avg: 23.31
c [matrix] Using 1 matrices recovered from 0 xors T: 0.00 T-out: N
c [branch] adjusting to: vsid (from: vsid) var_decay:0.95 descr: VSIDS
c rst  geom  stb   vs     1   123   16710 11972 16293    3.31    2.56     2    34    86     1   27.39   27.18
c rst  geom  stb   vs     2   245   16710 11972 16293    3.31    2.56     2    35   207     1   24.80   24.70
c  res  pol bran  nres  conf freevar  IrrL  IrrB l/longC  l/allC RedL0 RedL1 RedL2  RedB l/longC  l/allC
c rst  geom  stb   vs     3   380   16710 11972 16293    3.31    2.56     2    35   342     1   24.91   24.84
c rst  geom  stb   vs     4   528   16710 11972 16293    3.31    2.56     2    35   490     1   26.69   26.64
c rst  geom  stb   vs     5   690   16710 11972 16293    3.31    2.56     2    35   652     1   28.49   28.45
c rst  geom  stb   vs     6   867   16710 11972 16293    3.31    2.56     2    35   829     1   29.36   29.33
c rst  geom  stb   vs     7  1063   16710 11972 16293    3.31    2.56     2    35  1025     1   30.07   30.04
c rst  geom  stb   vs     8  1276   16710 11972 16293    3.31    2.56     2    35  1238     1   30.23   30.20
c rst  geom  stb   vs     9  1511   16710 11972 16293    3.31    2.56     2    35  1473     1   30.61   30.59
c rst  geom  stb   vs    10  1770   16710 11972 16293    3.31    2.56     2    35  1732     1   30.68   30.67
c rst  geom  stb   vs    11  2052   16710 11972 16293    3.31    2.56     2    35  2014     1   30.70   30.69
c rst  geom  stb   vs    12  2363   16710 11972 16293    3.31    2.56     2    35  2325     1   31.15   31.14
c rst  geom  stb   vs    13  2703   16710 11972 16293    3.31    2.56     2    35  2665     1   31.62   31.61
c rst  geom  stb   vs    14  3077   16710 11972 16293    3.31    2.56     2    35  3039     1   31.95   31.94
c rst  geom  stb   vs    15  3487   16710 11972 16293    3.31    2.56     2    35  3449     1   31.95   31.94
c rst  geom  stb   vs    16  3937   16710 11972 16293    3.31    2.56     2    35  3899     1   31.85   31.84
c rst  geom  stb   vs    17  4432   16710 11972 16293    3.31    2.56     2    35  4394     1   31.77   31.77
c rst  geom  stb   vs    18  4975   16710 11972 16293    3.31    2.56     2    35  4937     1   31.98   31.97
c rst  geom  stb   vs    19  5572   16710 11972 16293    3.31    2.56     2    35  5534     1   31.88   31.87
c [branch] adjusting to: vmtf (from: vsid) var_decay:0.95 descr: VMTF
c [distill-long-red0] cls tried: 2/2 T: 0.00 T-out: N T-r: 100.00%
c [distill-long-red1] cls tried: 35/35 T: 0.00 T-out: N T-r: 97.77%
c rst  luby ibes  vmt    20  5675   16710 11972 16293    3.31    2.56     9    64  5598     4   31.76   31.73
c rst  luby ibes  vmt    21  5776   16710 11972 16293    3.31    2.56    12    66  5694     4   31.64   31.62
c rst  luby ibes  vmt    22  5980   16710 11972 16293    3.31    2.56    12    72  5892     4   31.52   31.50
c rst  luby ibes  vmt    23  6081   16710 11972 16293    3.31    2.56    12    72  5993     4   31.44   31.42
c rst  luby ibes  vmt    24  6182   16710 11972 16293    3.31    2.56    12    72  6094     4   31.43   31.41
c rst  luby ibes  vmt    25  6383   16710 11972 16293    3.31    2.56    12    72  6295     4   31.27   31.25
c rst  luby ibes  vmt    26  6784   16710 11972 16293    3.31    2.56    12    72  6696     4   31.10   31.09
c rst  luby ibes  vmt    27  6886   16710 11972 16293    3.31    2.56    12    72  6798     4   30.92   30.90
c rst  luby ibes  vmt    28  6987   16710 11972 16293    3.31    2.56    12    72  6899     4   30.74   30.72
c rst  luby ibes  vmt    29  7189   16710 11972 16293    3.31    2.56    12    73  7100     4   30.53   30.52
c rst  luby ibes  vmt    30  7291   16710 11972 16293    3.31    2.56    12    73  7202     4   30.43   30.42
c rst  luby ibes  vmt    31  7394   16710 11972 16293    3.31    2.56    12    73  7305     4   30.36   30.34
c rst  luby ibes  vmt    32  7595   16710 11972 16293    3.31    2.56    12    75  7504     4   30.14   30.12
c rst  luby ibes  vmt    33  7997   16710 11972 16293    3.31    2.56    12    77  7904     4   30.02   30.00
c rst  luby ibes  vmt    34  8798   16710 11972 16293    3.31    2.56    12    81  8701     4   29.22   29.20
c rst  luby ibes  vmt    35  8901   16710 11972 16293    3.31    2.56    12    81  8804     4   29.21   29.20
c rst  luby ibes  vmt    36  9002   16710 11972 16293    3.31    2.56    12    82  8904     4   29.17   29.15
c rst  luby ibes  vmt    37  9203   16710 11972 16293    3.31    2.56    12    83  9104     4   29.10   29.09
c rst  luby ibes  vmt    38  9304   16710 11972 16293    3.31    2.56    12    83  9205     4   29.08   29.06
c rst  luby ibes  vmt    39  9407   16710 11972 16293    3.31    2.56    12    84  9307     4   29.05   29.04
c rst  luby ibes  vmt    40  9611   16710 11972 16293    3.31    2.56    12    84  9511     4   29.04   29.03
c rst  luby ibes  vmt    41 10012   16710 11972 16293    3.31    2.56    45    51  9912     4   28.82   28.81
c rst  luby ibes  vmt    42 10114   16710 11972 16293    3.31    2.56    45    51 10014     4   28.74   28.73
c rst  luby ibes  vmt    43 10215   16710 11972 16293    3.31    2.56    45    51 10115     4   28.80   28.79
c rst  luby ibes  vmt    44 10418   16710 11972 16293    3.31    2.56    45    51 10318     4   28.64   28.63
c rst  luby ibes  vmt    45 10519   16710 11972 16293    3.31    2.56    45    51 10419     4   28.60   28.59
c rst  luby ibes  vmt    46 10622   16710 11972 16293    3.31    2.56    45    65 10508     4   28.51   28.50
c rst  luby ibes  vmt    47 10823   16710 11972 16293    3.31    2.56    50    82 10688     4   28.69   28.68
c rst  luby  svd  vmt    48 11226   16710 11972 16293    3.31    2.56    52    89 11082     4   29.11   29.10
c rst  luby  svd  vmt    49 12028   16710 11972 16293    3.31    2.56    53    90 11882     4   29.64   29.64
c [branch] adjusting to: vsid (from: vmtf) var_decay:0.95 descr: VSIDS
c [distill-bin] useful: 3/16293/16293 lits-rem: 0 cl-rem: 2 0-depth-assigns: 3 T: 0.02 T-out: N
c rst  geom  svd   vs    50 12142   16707 11972 15837    3.31    2.57    53    90 11996     4   29.65   29.64
c rst  geom  svd   vs    51 12264   16707 11972 15837    3.31    2.57    53    90 12118     4   29.64   29.63
c rst  geom  svd   vs    52 12401   16707 11972 15837    3.31    2.57    53    90 12255     4   29.66   29.65
c rst  geom  svd   vs    53 12548   16707 11972 15837    3.31    2.57    53    90 12402     4   29.64   29.63
c rst  geom  svd   vs    54 12709   16707 11972 15837    3.31    2.57    53    90 12563     4   29.70   29.69
c rst  geom  svd   vs    55 12887   16707 11972 15837    3.31    2.57    53    90 12741     4   29.76   29.75
c rst  geom  svd   vs    56 13083   16707 11972 15837    3.31    2.57    53    90 12937     4   29.79   29.78
c rst  geom  svd   vs    57 13296   16707 11972 15837    3.31    2.57    53    90 13150     4   29.77   29.76
c rst  geom  svd   vs    58 13531   16707 11972 15837    3.31    2.57    53    90 13385     4   29.77   29.76
c rst  geom  svd   vs    59 13790   16707 11972 15837    3.31    2.57    53    90 13644     4   29.78   29.77
c rst  geom  svd   vs    60 14072   16707 11972 15837    3.31    2.57    53    90 13926     4   29.78   29.77
c rst  geom  svd   vs    61 14385   16707 11972 15837    3.31    2.57    53    90 14239     4   29.75   29.75
c rst  geom  svd   vs    62 14725   16707 11972 15837    3.31    2.57    53    90 14579     4   29.68   29.68
c rst  geom  svd   vs    63 15099   16707 11972 15837    3.31    2.57    53   166 14877     4   29.67   29.66
c rst  geom  svd   vs    64 15512   16707 11972 15837    3.31    2.57    53   166 15290     4   29.72   29.72
c rst  geom  svd   vs    65 15964   16707 11972 15837    3.31    2.57    53   166 15742     4   29.78   29.77
c rst  geom  svd   vs    66 16458   16707 11972 15837    3.31    2.57    53   166 16236     4   29.85   29.84
c rst  geom best   vs    67 17002   16707 11972 15837    3.31    2.57    53   166 16780     4   30.17   30.16
c rst  geom best   vs    68 17599   16707 11972 15837    3.31    2.57    53   166 17377     4   30.45   30.44
c rst  geom best   vs    69 18256   16707 11972 15837    3.31    2.57    53   166 18034     4   30.73   30.72
c [branch] adjusting to: vmtf (from: vsid) var_decay:0.95 descr: VMTF
c rst  luby best  vmt    70 18357   16707 11972 15837    3.31    2.57    53   166 18135     4   30.72   30.72
c rst  luby best  vmt    71 18460   16707 11972 15837    3.31    2.57    53   166 18238     4   30.73   30.73
c rst  luby best  vmt    72 18663   16707 11972 15837    3.31    2.57    53   166 18441     4   30.81   30.80
c rst  luby best  vmt    73 18765   16707 11972 15837    3.31    2.57    53   166 18543     4   30.86   30.85
c rst  luby best  vmt    74 18866   16707 11972 15837    3.31    2.57    53   166 18644     4   30.89   30.88
c rst  luby best  vmt    75 19067   16707 11972 15837    3.31    2.57    53   166 18845     4   30.96   30.95
c rst  luby best  vmt    76 19468   16707 11972 15837    3.31    2.57    53   166 19246     4   31.14   31.13
c rst  luby best  vmt    77 19569   16707 11972 15837    3.31    2.57    53   166 19347     4   31.19   31.18
c rst  luby best  vmt    78 19671   16707 11972 15837    3.31    2.57    53   166 19449     4   31.23   31.22
c rst  luby best  vmt    79 19872   16707 11972 15837    3.31    2.57    53   166 19650     4   31.30   31.29
c rst  luby best  vmt    80 19974   16707 11972 15837    3.31    2.57    53   166 19752     4   31.35   31.35
c rst  luby best  vmt    81   20K   16707 11972 15837    3.31    2.57    69   150 19854     4   31.40   31.39
c [full-probe]  bin_only: 1 set: 0 repl: 0 T: 0.01 T-out: N T-r: 99.34%
c rst  luby best  vmt    82   20K   16707 11972 15837    3.31    2.57    69   150   20K     4   31.46   31.45
c rst  luby best  vmt    83   20K   16707 11972 15837    3.31    2.57    69   150   20K     4   31.64   31.63
c [distill-long-red0] cls tried: 45/45 T: 0.00 T-out: N T-r: 99.93%
c [distill-long-red1] cls tried: 135/135 T: 0.01 T-out: N T-r: 9.21%
c rst  luby best  vmt    84   21K   16706 11972 15837    3.31    2.57    68   150   21K     4   31.82   31.81
c rst  luby best  vmt    85   21K   16706 11972 15837    3.31    2.57    68   150   21K     4   31.83   31.83
c rst  luby best  vmt    86   21K   16706 11972 15837    3.31    2.57    68   150   21K     4   31.86   31.85
c rst  luby  stb  vmt    87   21K   16706 11972 15837    3.31    2.57    68   150   21K     4   31.88   31.87
c rst  luby  stb  vmt    88   21K   16706 11972 15837    3.31    2.57    68   150   21K     4   31.88   31.88
c rst  luby  stb  vmt    89   22K   16706 11972 15837    3.31    2.57    68   150   21K     4   31.91   31.90
c rst  luby  stb  vmt    90   22K   16706 11972 15837    3.31    2.57    68   150   22K     4   31.95   31.94
c rst  luby  stb  vmt    91   22K   16706 11972 15837    3.31    2.57    68   150   22K     4   31.99   31.99
c rst  luby  stb  vmt    92   22K   16706 11972 15837    3.31    2.57    68   150   22K     4   32.00   31.99
c rst  luby  stb  vmt    93   22K   16706 11972 15837    3.31    2.57    68   150   22K     4   31.97   31.97
c rst  luby  stb  vmt    94   23K   16706 11972 15837    3.31    2.57    68   150   22K     4   31.94   31.94
c rst  luby  stb  vmt    95   23K   16706 11972 15837    3.31    2.57    68   150   22K     4   31.93   31.92
c rst  luby  stb  vmt    96   23K   16706 11972 15837    3.31    2.57    68   150   23K     4   31.92   31.92
c rst  luby  stb  vmt    97   23K   16706 11972 15837    3.31    2.57    68   150   23K     4   31.98   31.98
c rst  luby  stb  vmt    98   23K   16706 11972 15837    3.31    2.57    68   150   23K     4   32.06   32.05
c rst  luby  stb  vmt    99   24K   16706 11972 15837    3.31    2.57    68   150   24K     4   32.20   32.20
c rst  luby  stb  vmt   100   26K   16706 11972 15837    3.31    2.57    68   150   26K     4   32.26   32.26
c [branch] adjusting to: vsid (from: vmtf) var_decay:0.95 descr: VSIDS
c [distill] watch-based irred--  cl tried    15270 cl-sh     0 cl-rem    0 lit-rem      0 T: 0.00 T-out: N
c [distill] watch-based   red--  cl tried      136 cl-sh     0 cl-rem    0 lit-rem      0 T: 0.00 T-out: N
c rst  geom  stb   vs   101   26K   16706 11471 16108    3.33    2.55    68   148   26K     4   32.26   32.25
c rst  geom  stb   vs   102   26K   16706 11471 16108    3.33    2.55    68   148   26K     4   32.27   32.26
c rst  geom  stb   vs   103   26K   16706 11471 16108    3.33    2.55    68   148   26K     4   32.27   32.27
c rst  geom  stb   vs   104   26K   16706 11471 16108    3.33    2.55    68   148   26K     4   32.27   32.27
c rst  geom  stb   vs   105   26K   16706 11471 16108    3.33    2.55    68   148   26K     4   32.28   32.27
c rst  geom ibes   vs   106   27K   16706 11471 16108    3.33    2.55    68   148   26K     4   32.20   32.19
c rst  geom ibes   vs   107   27K   16706 11471 16108    3.33    2.55    68   150   27K     4   32.10   32.09
c rst  geom ibes   vs   108   27K   16706 11471 16108    3.33    2.55    68   150   27K     4   32.06   32.05
c rst  geom ibes   vs   109   27K   16706 11471 16108    3.33    2.55    68   150   27K     4   31.99   31.99
c rst  geom ibes   vs   110   28K   16706 11471 16108    3.33    2.55    68   150   27K     4   31.92   31.91
c rst  geom ibes   vs   111   28K   16706 11471 16108    3.33    2.55    68   150   28K     4   31.83   31.83
c rst  geom ibes   vs   112   28K   16706 11471 16108    3.33    2.55    68   150   28K     4   31.74   31.74
c rst  geom ibes   vs   113   29K   16706 11471 16108    3.33    2.55    68   150   28K     4   31.65   31.64
c rst  geom ibes   vs   114   29K   16706 11471 16108    3.33    2.55    69   150   29K     4   31.51   31.51
c rst  geom ibes   vs   115   29K   16706 11471 16108    3.33    2.55    69   150   29K     4   31.38   31.37
c rst  geom ibes   vs   116   30K   16706 11471 16108    3.33    2.55    80   151   20K     4   32.20   32.20
c rst  geom ibes   vs   117   30K   16706 11471 16108    3.33    2.55    80   151   20K     4   32.00   31.99
c rst  geom ibes   vs   118   31K   16706 11471 16108    3.33    2.55    80   151   21K     4   31.79   31.79
c rst  geom ibes   vs   119   31K   16706 11471 16108    3.33    2.55    80   153   21K     4   31.58   31.57
c rst  geom ibes   vs   120   32K   16706 11471 16108    3.33    2.55    80   155   22K     4   31.41   31.41
c [distill-bin] useful: 0/16108/16108 lits-rem: 0 cl-rem: 0 0-depth-assigns: 0 T: 0.02 T-out: N
c rst  geom  svd   vs   121   33K   16706 11471 16108    3.33    2.55    80   155   23K     4   31.58   31.58
c rst  geom  svd   vs   122   34K   16706 11471 16108    3.33    2.55    80   155   24K     4   31.74   31.73
c [branch] adjusting to: vmtf (from: vsid) var_decay:0.95 descr: VMTF
c rst  luby  svd  vmt   123   34K   16706 11471 16108    3.33    2.55    80   155   24K     4   31.75   31.75
c rst  luby  svd  vmt   124   34K   16706 11471 16108    3.33    2.55    80   155   24K     4   31.77   31.77
c rst  luby  svd  vmt   125   34K   16706 11471 16108    3.33    2.55    80   155   24K     4   31.80   31.80
c rst  luby  svd  vmt   126   34K   16706 11471 16108    3.33    2.55    80   155   24K     4   31.82   31.81
c rst  luby  svd  vmt   127   34K   16706 11471 16108    3.33    2.55    80   155   24K     4   31.82   31.82
c rst  luby  svd  vmt   128   34K   16706 11471 16108    3.33    2.55    80   155   24K     4   31.85   31.84
c rst  luby  svd  vmt   129   35K   16706 11471 16108    3.33    2.55    80   155   25K     4   31.88   31.88
c rst  luby  svd  vmt   130   35K   16706 11471 16108    3.33    2.55    80   155   25K     4   31.89   31.89
c rst  luby  svd  vmt   131   35K   16706 11471 16108    3.33    2.55    80   155   25K     4   31.89   31.88
c rst  luby  svd  vmt   132   35K   16706 11471 16108    3.33    2.55    80   155   25K     4   31.89   31.89
c rst  luby  svd  vmt   133   35K   16706 11471 16108    3.33    2.55    80   155   25K     4   31.90   31.90
c [distill-long-red0] cls tried: 7/7 T: 0.00 T-out: N T-r: 99.98%
c [distill-long-red1] cls tried: 12/12 T: 0.00 T-out: N T-r: 87.94%
c rst  luby  svd  vmt   134   35K   16706 11471 16108    3.33    2.55    80   155   25K     4   31.92   31.91
c rst  luby  svd  vmt   135   36K   16706 11471 16108    3.33    2.55    80   155   26K     4   31.93   31.92
c rst  luby  svd  vmt   136   36K   16706 11471 16108    3.33    2.55    80   155   26K     4   31.93   31.93
c rst  luby  svd  vmt   137   37K   16706 11471 16108    3.33    2.55    80   155   27K     4   31.96   31.96
c rst  luby  svd  vmt   138   37K   16706 11471 16108    3.33    2.55    80   155   27K     4   31.98   31.98
c rst  luby  svd  vmt   139   37K   16706 11471 16108    3.33    2.55    80   155   27K     4   31.99   31.99
c rst  luby  svd  vmt   140   37K   16706 11471 16108    3.33    2.55    80   155   27K     4   32.00   32.00
c rst  luby  svd  vmt   141   37K   16706 11471 16108    3.33    2.55    80   155   27K     4   32.01   32.01
c rst  luby  svd  vmt   142   37K   16706 11471 16108    3.33    2.55    80   155   27K     4   32.05   32.04
c rst  luby  svd  vmt   143   38K   16706 11471 16108    3.33    2.55    80   155   28K     4   32.13   32.13
c rst  geom best  vmt   144   38K   16706 11471 16108    3.33    2.55    80   155   28K     4   32.11   32.11
c rst  geom best  vmt   145   38K   16706 11471 16108    3.33    2.55    80   155   28K     4   32.08   32.08
c rst  geom best  vmt   146   38K   16706 11471 16108    3.33    2.55    80   155   28K     4   32.11   32.10
c rst  geom best  vmt   147   38K   16706 11471 16108    3.33    2.55    80   155   28K     4   32.10   32.10
c rst  geom best  vmt   148   38K   16706 11471 16108    3.33    2.55    80   155   28K     4   32.08   32.08
c rst  geom best  vmt   149   38K   16706 11471 16108    3.33    2.55    80   155   29K     4   32.08   32.07
c rst  geom best  vmt   150   39K   16706 11471 16108    3.33    2.55    80   155   29K     4   32.05   32.05
c rst  geom best  vmt   151   39K   16706 11471 16108    3.33    2.55    80   155   29K     4   32.03   32.03
c rst  geom best  vmt   152   39K   16706 11471 16108    3.33    2.55    80   155   29K     4   32.05   32.05
c rst  geom best  vmt   153   39K   16706 11471 16108    3.33    2.55    80   155   29K     4   32.03   32.03
c rst  geom best  vmt   154   40K   16706 11471 16108    3.33    2.55    85   150   30K     4   32.01   32.00
c [full-probe]  bin_only: 0 set: 25 repl: 0 T: 0.01 T-out: N T-r: 97.24%
c [impl-str] lit bin: 0 set-var: 0 T: 0.00 T-out: N T-r: 99.85% w-visit: 34506
c [impl-sub] bin: 0 T: 0.00 T-out: N w-visit: 34506
c rst  geom best  vmt   155   40K   16681 11471 16108    3.33    2.55    85   150   30K     4   32.07   32.06
c rst  geom best  vmt   156   40K   16681 11471 16108    3.33    2.55    85   150   30K     4   32.14   32.14
c rst  geom best  vmt   157   41K   16681 11471 16108    3.33    2.55    85   150   31K     4   32.23   32.22
c rst  geom best  vmt   158   41K   16681 11471 16108    3.33    2.55    85   150   31K     4   32.30   32.30
c rst  geom best  vmt   159   42K   16681 11471 16108    3.33    2.55    85   150   32K     4   32.39   32.39
c rst  geom best  vmt   160   42K   16681 11471 16108    3.33    2.55    85   150   32K     4   32.45   32.45
c [branch] adjusting to: vsid (from: vmtf) var_decay:0.95 descr: VSIDS
c rst  geom best   vs   161   42K   16681 11471 16108    3.33    2.55    85   150   32K     4   32.46   32.45
c rst  geom best   vs   162   42K   16681 11471 16108    3.33    2.55    85   150   32K     4   32.46   32.46
c rst  geom best   vs   163   42K   16681 11471 16108    3.33    2.55    85   150   32K     4   32.48   32.48
c rst  geom best   vs   164   43K   16681 11471 16108    3.33    2.55    85   150   33K     4   32.50   32.49
c rst  geom best   vs   165   43K   16681 11471 16108    3.33    2.55    85   150   33K     4   32.52   32.51
c rst  geom best   vs   166   43K   16681 11471 16108    3.33    2.55    85   150   33K     4   32.53   32.53
c rst  geom best   vs   167   43K   16681 11471 16108    3.33    2.55    85   150   33K     4   32.55   32.55
c rst  geom  stb   vs   168   43K   16681 11471 16108    3.33    2.55    86   154   33K     4   32.51   32.51
c rst  geom  stb   vs   169   44K   16681 11471 16108    3.33    2.55    86   154   34K     4   32.50   32.49
c [ccnr] tries: 0 steps: 262143 best found: 5
c [ccnr] tries: 0 steps: 524287 best found: 5
c [ccnr] tries: 0 steps: 786431 best found: 5
c [ccnr] tries: 1 steps: 262143 best found: 5
c [ccnr] tries: 1 steps: 524287 best found: 5
c [ccnr] saving best assignment phase to stable_polar
c [ccnr] bumping based on clause weights
c [ccnr] Bumped vars: 103 bump type: 6
c [ccnr] time: 0.64
c rst  geom  stb   vs   170   44K   16681 11471 16108    3.33    2.55    86   154   34K     4   32.50   32.49
c rst  geom  stb   vs   171   44K   16681 11471 16108    3.33    2.55    86   154   34K     4   32.50   32.50
c rst  geom  stb   vs   172   44K   16681 11471 16108    3.33    2.55    86   154   34K     4   32.50   32.50
c rst  geom  stb   vs   173   45K   16681 11471 16108    3.33    2.55    88   165   23K     4   31.52   31.51
c rst  geom  stb   vs   174   45K   16681 11471 16108    3.33    2.55    88   165   23K     4   31.53   31.52
c rst  geom  stb   vs   175   45K   16681 11471 16108    3.33    2.55    88   165   24K     4   31.56   31.55
c rst  geom  stb   vs   176   46K   16681 11471 16108    3.33    2.55    88   165   24K     4   31.61   31.60
c rst  geom  stb   vs   177   46K   16681 11471 16108    3.33    2.55    88   165   25K     4   31.63   31.62
c rst  geom  stb   vs   178   47K   16681 11471 16108    3.33    2.55    88   165   25K     4   31.70   31.70
c rst  geom  stb   vs   179   48K   16681 11471 16108    3.33    2.55    88   165   26K     4   31.74   31.74
c rst  geom  stb   vs   180   48K   16681 11471 16108    3.33    2.55    88   165   27K     4   31.75   31.74
c rst  geom  stb   vs   181   49K   16681 11471 16108    3.33    2.55    88   165   27K     4   31.74   31.73
c rst  geom ibes   vs   182   50K   16681 11471 16108    3.33    2.55    94   159   28K     4   31.52   31.52
c [gauss] XOR-encoding clauses are not detached, so no need to reattach them.
c [g 0] truth-find prop checks  : 940K
c [g 0] -> of which prop        : 40.27 %
c [g 0] -> of which confl       :  1.49 %
c [g 0] elim called             : 101K
c [g 0] ---> which lead to prop : 165.13 %
c [g 0] ---> which lead to confl:  8.44 %
c [g 0] size: 45    x 90   
c [scc] new: 0 BP 0M T: 0.00
c [vrep] vars 0 lits 0 rem-bin-cls 0 rem-long-cls 0 BP 0M T: 0.00
c [intree] Set 0 vars hyper-added: 1149 trans-irred: 0 trans-red: 39 T: 0.02 T-out: N T-r: -0.47%
c [find&init matx] performing matrix init
c [gauss] XOR-encoding clauses are not detached, so no need to reattach them.
c [xor-rem-unconnected] left with 45 xors from 45 non-empty xors T: 0.00
c [xor-together] xored together: 0 orig xors: 45 new xors: 45 T: 0.00
c [xor-rem-unconnected] left with 45 xors from 45 non-empty xors T: 0.00
c [xor-clean-equiv] removed equivalent xors: 0 left with: 45
c [matrix] unused xors from cleaning: 0
c [matrix] Good   matrix 0 45      x90     density:0.2590  xorlen avg: 23.31
c [matrix] Using 1 matrices recovered from 0 xors T: 0.00 T-out: N
c rst  geom ibes vs   183   51  K 16681   11471 16058 3.33    2.55       94   160   29K  1114 31.27   30.21  
c [distill-long-red0] cls tried: 7/7 T: 0.00 T-out: N T-r: 99.99%
c [distill-long-red1] cls tried: 12/12 T: 0.00 T-out: N T-r: 84.30%
c rst  geom ibes vs   184   52  K 16681   11471 16058 3.33    2.55       94   160   30K  1114 31.07   30.05  
c [distill] watch-based irred--  cl tried 15270    cl-sh 0     cl-rem 0    lit-rem 0      T: 0.00 T-out: N
c [distill] watch-based red  --  cl tried 188      cl-sh 0     cl-rem 0    lit-rem 0      T: 0.00 T-out: N
c rst  geom ibes vs   185   53  K 16681   11471 16058 3.33    2.55       95   161   31K  1114 30.84   29.87  
c [branch] adjusting to: vmtf (from: vsid) var_decay:0.95 descr: VMTF
c [distill-bin] useful: 0/16058/16058 lits-rem: 0 cl-rem: 0 0-depth-assigns: 0 T: 0.02 T-out: N
c rst  luby ibes vmt  186   53  K 16681   11471 16058 3.33    2.55       96   176   31K  1114 30.86   29.88  
c rst  luby ibes vmt  187   53  K 16681   11471 16058 3.33    2.55       96   176   31K  1114 30.84   29.87  
c rst  luby ibes vmt  188   53  K 16681   11471 16058 3.33    2.55       96   176   31K  1114 30.83   29.86  
c rst  luby ibes vmt  189   53  K 16681   11471 16058 3.33    2.55       96   177   31K  1114 30.84   29.88  
c rst  luby ibes vmt  190   53  K 16681   11471 16058 3.33    2.55       96   177   32K  1114 30.85   29.89  
c rst  luby ibes vmt  191   53  K 16681   11471 16058 3.33    2.55       96   177   32K  1114 30.88   29.92  
c rst  luby ibes vmt  192   54  K 16681   11471 16058 3.33    2.55       96   177   32K  1114 30.86   29.92  
c rst  luby ibes vmt  193   54  K 16681   11471 16058 3.33    2.55       96   177   32K  1114 30.86   29.92  
c rst  luby ibes vmt  194   54  K 16681   11471 16058 3.33    2.55       96   177   32K  1114 30.86   29.92  
c rst  luby ibes vmt  195   54  K 16681   11471 16058 3.33    2.55       96   177   33K  1114 30.86   29.93  
c rst  luby ibes vmt  196   54  K 16681   11471 16058 3.33    2.55       96   177   33K  1114 30.85   29.92  
c rst  luby ibes vmt  197   54  K 16681   11471 16058 3.33    2.55       96   177   33K  1114 30.82   29.90  
c rst  luby ibes vmt  198   55  K 16681   11471 16058 3.33    2.55       96   177   33K  1114 30.82   29.90  
c rst  luby svd  vmt  199   55  K 16681   11471 16058 3.33    2.55       96   177   33K  1114 30.85   29.94  
c rst  luby svd  vmt  200   56  K 16681   11471 16058 3.33    2.55       96   177   34K  1114 30.96   30.05  
c recursive minimization cost OK: 427Kcost/(% lits removed)
c [gauss] XOR-encoding clauses are not detached, so no need to reattach them.
c [g 0] truth-find prop checks  : 130K
c [g 0] -> of which prop        : 34.33 %
c [g 0] -> of which confl       :  1.36 %
c [g 0] elim called             : 12917
c [g 0] ---> which lead to prop : 151.55 %
c [g 0] ---> which lead to confl:  6.56 %
c [g 0] size: 45    x 90   
c --> Executing strategy token: scc-vrepl
c [scc] new: 0 BP 0M T: 0.00
c --> Executing strategy token: sub-impl
c [impl-sub] bin: 0 T: 0.00 T-out: N w-visit: 34506
c --> Executing strategy token: breakid
c --> Executing OCC strategy token(s): 'occ-backw-sub-str,occ-clean-implicit,occ-bve,occ-bva,occ-ternary-res,occ-xor,'
c [occ] mem usage for occur 1      MB
c [occ] Linked in IRRED BIN by default: 16058
c [occ] Linked in RED   BIN by default: 1114
c [occ] mem usage for occur 1      MB
c Mem for watch alloc      : 3           MB (14.41     %)
c Mem for watch array      : 1           MB (4.13      %)
c --> Executing OCC strategy token: occ-backw-sub-str
c [occ-backw-sub-str-long-w-bins] subs: 0 str: 0 tried: 17172 0-depth ass: 0 T: 0.00 T-out: N T-r: 98.06%
c [occ-backw-sub-long-w-long] rem cl: 17 tried: 46063/46063 (100.0%) T: 0.01 T-out: N T-r: 99.19%
c [occ-backw-sub-str-long-w-long] sub: 0 str: 1 tried: 138189/46063 (300.0)  T: 0.02 T-out: N T-r: 94.68%
c --> Executing OCC strategy token: occ-clean-implicit
c --> Executing OCC strategy token: occ-bve
c [occ-empty-res] Empty resolvent elimed: 4518 T: 0.00 T-out: N
c [occ-bve] turning off picosat-based irreg gate detection, added lits:  210K
c [occ-bve] iter v-elim 8076
c cl_inc_rate=0.6, var_dec_rate=3.0 (grow=0)
c Reduced to 4087 vars, 12405 cls (grow=0)
c [occ-bve] iter v-elim 1099
c cl_inc_rate=1.3, var_dec_rate=1.4 (grow=8)
c Reduced to 2988 vars, 15519 cls (grow=8)
c [occ-bve] iter v-elim 535
c cl_inc_rate=1.4, var_dec_rate=1.2 (grow=16)
c Reduced to 2453 vars, 22321 cls (grow=16)
c x n vars       : 2453
c #try to eliminate:   33K
c #var-elim        :  9710
c #T-o: N
c #T-r: 99.94%
c #T  : 1.07
c [occur] 0.03 is overhead
c [occur] link-in T: 0.03 cleanup T: 0.00
c --> Executing OCC strategy token: occ-bva
c --> Executing OCC strategy token: occ-ternary-res
c [occ-ternary-res] Ternary res-tri: 13 res-bin: 0 sub: 8 str: 6 T: 0.00 T-out: N T-r: 95.56%
c --> Executing OCC strategy token: occ-xor
c [occ-xor] sort occur list T: 0.00
c [xor-clean-equiv] removed equivalent xors: 0 left with: 275
c [occ-xor] found    275 avg sz 5.4 min sz  4 max sz  6 T: 0.01 T-out: N T-r: 99.96%
c --> Executing strategy token: card-find
c --> Executing strategy token: cl-consolidate
c [mem] consolidate  old-sz: 7868K new-sz: 1307K new bits offs: 18 T: 0.00
c --> Executing strategy token: scc-vrepl
c [scc] new: 0 BP 0M T: 0.00
c --> Executing strategy token: renumber
c [gauss] XOR-encoding clauses are not detached, so no need to reattach them.
c [renumber] T: 0.00
c --> Executing strategy token: bosphorus
c --> Executing strategy token: louvain-comms
c [consolidate] mini T: 0.00
c global_timeout_multiplier: 3.3000
c [branch] rebuilding order heap for all branchings. Current branching: vmtf
c [find&init matx] performing matrix init
c [gauss] XOR-encoding clauses are not detached, so no need to reattach them.
c [xor-rem-unconnected] left with 275 xors from 275 non-empty xors T: 0.00
c [xor-together] xored together: 230 orig xors: 275 new xors: 45 T: 0.00
c [xor-rem-unconnected] left with 45 xors from 45 non-empty xors T: 0.00
c [xor-clean-equiv] removed equivalent xors: 0 left with: 45
c [matrix] unused xors from cleaning: 0
c [matrix] Good   matrix  0     45 x   90  density:0.2551  xorlen avg: 22.96
c [matrix] Using 1 matrices recovered from 0 xors T: 0.00 T-out: N
c rst  luby  svd  vmt   201   56K    2453 19980  2341    6.63    6.14     1    12  2196   125   23.67   22.51
c rst  luby  svd  vmt   202   56K    2453 19980  2341    6.63    6.14     1    12  2297   125   23.92   22.79
c rst  luby  svd  vmt   203   56K    2453 19980  2341    6.63    6.14     1    12  2399   125   24.40   23.30
c rst  luby  svd  vmt   204   56K    2453 19980  2341    6.63    6.14     1    12  2601   125   25.22   24.16
c rst  luby  svd  vmt   205   56K    2453 19980  2341    6.63    6.14     1    12  2704   125   25.64   24.60
c rst  luby  svd  vmt   206   56K    2453 19980  2341    6.63    6.14     1    13  2805   125   25.99   24.97
c rst  luby  svd  vmt   207   57K    2453 19980  2341    6.63    6.14     1    14  3005   125   26.43   25.46
c rst  luby  svd  vmt   208   57K    2453 19980  2341    6.63    6.14     1    15  3406   125   27.46   26.57
c rst  luby  svd  vmt   209   57K    2453 19980  2341    6.63    6.14     1    15  3509   125   27.65   26.77
c rst  luby  svd  vmt   210   57K    2453 19980  2341    6.63    6.14     1    15  3612   125   27.87   27.01
c rst  luby  svd  vmt   211   57K    2453 19980  2341    6.63    6.14     2    15  3813   125   28.15   27.32
c rst  luby  svd  vmt   212   58K    2453 19980  2341    6.63    6.14     2    15  3918   125   28.27   27.46
c rst  luby  svd  vmt   213   58K    2453 19980  2341    6.63    6.14     2    15  4019   125   28.44   27.65
c rst  luby  svd  vmt   214   58K    2453 19980  2341    6.63    6.14     2    15  4220   125   28.53   27.77
c rst  luby  svd  vmt   215   58K    2453 19980  2341    6.63    6.14     2    15  4623   125   29.06   28.35
c rst  luby  svd  vmt   216   59K    2453 19980  2341    6.63    6.14     2    15  5424   125   30.07   29.44
c rst  luby  svd  vmt   217   61K    2453 19980  2341    6.63    6.14     2    18  6876   125   31.32   30.80
c [full-probe]  bin_only: 1 set: 0 repl: 0 T: 0.00 T-out: N T-r: 99.89%
c rst  geom best  vmt   218   61K    2453 19980  2341    6.63    6.14     2    18  6987   125   31.37   30.86
c rst  geom best  vmt   219   61K    2453 19980  2341    6.63    6.14     2    18  7109   125   31.36   30.85
c rst  geom best  vmt   220   61K    2453 19980  2341    6.63    6.14     2    18  7243   125   31.33   30.83
c rst  geom best  vmt   221   61K    2453 19980  2341    6.63    6.14     2    18  7390   125   31.25   30.76
c rst  geom best  vmt   222   61K    2453 19980  2341    6.63    6.14     2    18  7560   125   31.50   31.02
c rst  geom best  vmt   223   62K    2453 19980  2341    6.63    6.14     2    18  7738   125   31.62   31.15
c rst  geom best  vmt   224   62K    2453 19980  2341    6.63    6.14     3    18  7931   125   31.70   31.24
c rst  geom best  vmt   225   62K    2453 19980  2341    6.63    6.14     3    18  8146   125   31.80   31.35
c rst  geom best  vmt   226   62K    2453 19980  2341    6.63    6.14     3    18  8381   125   32.08   31.64
c rst  geom best  vmt   227   62K    2453 19980  2341    6.63    6.14     3    18  8638   125   32.27   31.84
c [branch] adjusting to: vsid (from: vmtf) var_decay:0.95 descr: VSIDS
c rst  geom best   vs   228   63K    2453 19980  2341    6.63    6.14     3    18  8750   125   32.33   31.91
c rst  geom best   vs   229   63K    2453 19980  2341    6.63    6.14     3    18  8872   125   32.39   31.97
c rst  geom best   vs   230   63K    2453 19980  2341    6.63    6.14     3    18  9006   125   32.41   32.00
c rst  geom best   vs   231   63K    2453 19980  2341    6.63    6.14     3    18  9153   125   32.44   32.03
c rst  geom best   vs   232   63K    2453 19980  2341    6.63    6.14     3    18  9317   125   32.47   32.07
c rst  geom best   vs   233   63K    2453 19980  2341    6.63    6.14     3    18  9494   125   32.48   32.09
c rst  geom best   vs   234   64K    2453 19980  2341    6.63    6.14     3    18  9688   125   32.50   32.11
c rst  geom best   vs   235   64K    2453 19980  2341    6.63    6.14     3    18  9903   125   32.57   32.19
c rst  geom best   vs   236   64K    2453 19980  2341    6.63    6.14     3    18 10137   125   32.60   32.22
c rst  geom best   vs   237   64K    2453 19980  2341    6.63    6.14     3    19 10393   125   32.62   32.25
c rst  geom best   vs   238   64K    2453 19980  2341    6.63    6.14     3    19 10676   125   32.62   32.26
c rst  geom best   vs   239   65K    2453 19980  2341    6.63    6.14     3    19 10989   125   32.67   32.33
c rst  geom best   vs   240   65K    2453 19980  2341    6.63    6.14     3    19 11329   125   32.74   32.41
c rst  geom best   vs   241   66K    2453 19980  2341    6.63    6.14     3    19 11703   125   32.74   32.41
c rst  geom best   vs   242   66K    2453 19980  2341    6.63    6.14     3    19 12114   125   32.79   32.47
c [distill-long-red0] cls tried: 3/3 T: 0.00 T-out: N T-r: 100.00%
c [distill-long-red1] cls tried: 8/8 T: 0.00 T-out: N T-r: 96.64%
c rst  geom best   vs   243   66K    2453 19980  2341    6.63    6.14     3    19 12568   125   32.78   32.48
c rst  geom  stb   vs   244   67K    2453 19980  2341    6.63    6.14     3    19 13064   125   32.65   32.36
c rst  geom  stb   vs   245   67K    2453 19980  2341    6.63    6.14     3    19 13609   125   32.56   32.28
c rst  geom  stb   vs   246   68K    2453 19980  2341    6.63    6.14     3    19 14206   125   32.34   32.08
c rst  geom  stb   vs   247   69K    2453 19980  2341    6.63    6.14     3    19 14862   125   32.22   31.97
c rst  geom  stb   vs   248   69K    2453 19980  2341    6.63    6.14     3    19 15584   125   32.33   32.09
c rst  geom  stb   vs   249   70K    2453 19980  2341    6.63    6.14     4    18 16378   125   32.48   32.25
c rst  geom  stb   vs   250   71K    2453 19980  2341    6.63    6.14     4    18 17250   125   32.52   32.30
c rst  geom  stb   vs   251   72K    2453 19980  2341    6.63    6.14     4    18 18210   125   32.62   32.41
c rst  geom  stb   vs   252   73K    2453 19980  2341    6.63    6.14     4    25 19257   125   32.64   32.45
c [distill-bin] useful: 0/2341/2341 lits-rem: 0 cl-rem: 0 0-depth-assigns: 0 T: 0.01 T-out: N
c rst  geom ibes   vs   253   74K    2453 19980  2341    6.63    6.14     4    25   20K   125   32.03   31.84
c [branch] adjusting to: vmtf (from: vsid) var_decay:0.95 descr: VMTF
c rst  luby ibes  vmt   254   74K    2453 19980  2341    6.63    6.14     4    25   20K   125   31.99   31.80
c rst  luby ibes  vmt   255   74K    2453 19980  2341    6.63    6.14     4    26   20K   125   32.01   31.83
c rst  luby ibes  vmt   256   75K    2453 19980  2341    6.63    6.14     4    33 16794   125   32.64   32.41
c rst  luby ibes  vmt   257   75K    2453 19980  2341    6.63    6.14     4    35 16893   125   32.59   32.36
c rst  luby ibes  vmt   258   75K    2453 19980  2341    6.63    6.14     4    37 16995   125   32.58   32.36
c rst  luby ibes  vmt   259   75K    2453 19980  2341    6.63    6.14     4    38 17198   125   32.49   32.27
c rst  luby ibes  vmt   260   75K    2453 19980  2341    6.63    6.14     4    38 17599   125   32.46   32.24
c rst  luby ibes  vmt   261   76K    2453 19980  2341    6.63    6.14     4    40 17699   125   32.41   32.20
c rst  luby ibes  vmt   262   76K    2453 19980  2341    6.63    6.14     4    41 17799   125   32.38   32.17
c rst  luby ibes  vmt   263   76K    2453 19980  2341    6.63    6.14     4    41 18001   125   32.30   32.09
c rst  luby ibes  vmt   264   76K    2453 19980  2341    6.63    6.14     4    41 18102   125   32.25   32.04
c rst  luby ibes  vmt   265   76K    2453 19980  2341    6.63    6.14     4    41 18203   125   32.19   31.99
c rst  luby ibes  vmt   266   76K    2453 19980  2341    6.63    6.14     5    41 18404   125   32.12   31.91
c rst  luby ibes  vmt   267   77K    2453 19980  2341    6.63    6.14     5    45 18804   125   32.15   31.95
c [distill] watch-based irred--  cl tried    26276 cl-sh     0 cl-rem    4 lit-rem      0 T: 0.03 T-out: N
c [distill] watch-based   red--  cl tried       10 cl-sh     0 cl-rem    0 lit-rem      0 T: 0.00 T-out: N
c rst  luby ibes  vmt   268   77K    2453 19976  2342    6.63    6.14     6    45 19604   124   32.01   31.82
c rst  luby ibes  vmt   269   78K    2453 19976  2342    6.63    6.14     6    45 19707   124   31.98   31.79
c rst  luby ibes  vmt   270   78K    2453 19976  2342    6.63    6.14     6    45 19808   124   31.95   31.76
c rst  luby ibes  vmt   271   78K    2453 19976  2342    6.63    6.14     6    45   20K   124   31.88   31.70
c rst  luby ibes  vmt   272   78K    2453 19976  2342    6.63    6.14     6    45   20K   124   31.91   31.73
c rst  luby ibes  vmt   273   78K    2453 19976  2342    6.63    6.14     6    45   20K   124   31.89   31.71
c rst  luby ibes  vmt   274   78K    2453 19976  2342    6.63    6.14     7    45   20K   124   31.84   31.66
c rst  luby ibes  vmt   275   79K    2453 19976  2342    6.63    6.14     7    45   20K   124   31.72   31.54
c rst  luby ibes  vmt   276   79K    2453 19976  2342    6.63    6.14     7    46   20K   124   31.73   31.56
c rst  luby ibes  vmt   277   79K    2453 19976  2342    6.63    6.14     7    46   21K   124   31.69   31.51
c rst  luby  svd  vmt   278   79K    2453 19976  2342    6.63    6.14     7    46   21K   124   31.76   31.59
c rst  luby  svd  vmt   279   79K    2453 19976  2342    6.63    6.14     7    48   21K   124   31.78   31.61
c rst  luby  svd  vmt   280   79K    2453 19976  2342    6.63    6.14     7    48   21K   124   31.82   31.64
c rst  luby  svd  vmt   281   79K    2453 19976  2342    6.63    6.14     7    48   21K   124   31.86   31.69
c rst  luby  svd  vmt   282   80K    2453 19976  2342    6.63    6.14    16    35   22K   124   31.89   31.73
c rst  luby  svd  vmt   283   81K    2453 19976  2342    6.63    6.14    16    36   22K   124   31.95   31.79
c [full-probe]  bin_only: 0 set: 0 repl: 0 T: 0.00 T-out: N T-r: 98.71%
c rst  luby  svd  vmt   284   82K    2453 19976  2342    6.63    6.14    16    36   24K   124   32.33   32.18
c [distill-long-red0] cls tried: 11/11 T: 0.00 T-out: N T-r: 99.99%
c [distill-long-red1] cls tried: 23/23 T: 0.00 T-out: N T-r: 89.52%
c rst  luby  svd  vmt   285   82K    2453 19976  2342    6.63    6.14    16    36   24K   124   32.37   32.21
c rst  luby  svd  vmt   286   83K    2453 19976  2342    6.63    6.14    16    36   24K   124   32.38   32.23
c rst  luby  svd  vmt   287   83K    2453 19976  2342    6.63    6.14    16    37   24K   124   32.40   32.25
c rst  luby  svd  vmt   288   83K    2453 19976  2342    6.63    6.14    16    37   24K   124   32.41   32.26
c rst  luby  svd  vmt   289   83K    2453 19976  2342    6.63    6.14    16    37   25K   124   32.42   32.27
c rst  luby  svd  vmt   290   83K    2453 19976  2342    6.63    6.14    16    37   25K   124   32.45   32.30
c rst  luby  svd  vmt   291   84K    2453 19976  2342    6.63    6.14    16    37   25K   124   32.51   32.36
c rst  luby  svd  vmt   292   84K    2453 19976  2342    6.63    6.14    16    37   25K   124   32.52   32.37
c rst  luby  svd  vmt   293   84K    2453 19976  2342    6.63    6.14    16    37   25K   124   32.53   32.38
c rst  luby  svd  vmt   294   84K    2453 19976  2342    6.63    6.14    16    37   26K   124   32.51   32.37
c rst  luby  svd  vmt   295   84K    2453 19976  2342    6.63    6.14    16    37   26K   124   32.50   32.36
c rst  luby  svd  vmt   296   84K    2453 19976  2342    6.63    6.14    16    37   26K   124   32.49   32.35
c rst  luby  svd  vmt   297   84K    2453 19976  2342    6.63    6.14    16    37   26K   124   32.49   32.35
c rst  luby  svd  vmt   298   85K    2453 19976  2342    6.63    6.14    16    37   26K   124   32.51   32.37
c rst  geom best  vmt   299   85K    2453 19976  2342    6.63    6.14    16    37   26K   124   32.51   32.37
c rst  geom best  vmt   300   85K    2453 19976  2342    6.63    6.14    16    37   27K   124   32.50   32.36
c rst  geom best  vmt   301   85K    2453 19976  2342    6.63    6.14    16    37   27K   124   32.49   32.35
c rst  geom best  vmt   302   85K    2453 19976  2342    6.63    6.14    17    38   27K   124   32.46   32.32
c rst  geom best  vmt   303   85K    2453 19976  2342    6.63    6.14    17    39   27K   124   32.45   32.31
c rst  geom best  vmt   304   86K    2453 19976  2342    6.63    6.14    17    39   27K   124   32.42   32.29
c rst  geom best  vmt   305   86K    2453 19976  2342    6.63    6.14    17    39   27K   124   32.40   32.26
c rst  geom best  vmt   306   86K    2453 19976  2342    6.63    6.14    17    39   28K   124   32.40   32.27
c rst  geom best  vmt   307   86K    2453 19976  2342    6.63    6.14    17    39   28K   124   32.37   32.24
c rst  geom best  vmt   308   86K    2453 19976  2342    6.63    6.14    17    39   28K   124   32.29   32.16
c rst  geom best  vmt   309   87K    2453 19976  2342    6.63    6.14    17    39   28K   124   32.30   32.17
c rst  geom best  vmt   310   87K    2453 19976  2342    6.63    6.14    17    39   29K   124   32.30   32.17
c rst  geom best  vmt   311   87K    2453 19976  2342    6.63    6.14    17    47   29K   124   32.29   32.16
c [branch] adjusting to: vsid (from: vmtf) var_decay:0.95 descr: VSIDS
c rst  geom best   vs   312   88K    2453 19976  2342    6.63    6.14    17    47   29K   124   32.28   32.16
c [ccnr] tries: 0 steps: 262143 best found: 8
c [ccnr] saving best assignment phase to stable_polar
c [ccnr] bumping based on var unsat frequency: conflict_ct
c [ccnr] Bumped vars: 2453 bump type: 6
c [ccnr] time: 0.30
c rst  geom best   vs   313   88K    2453 19976  2342    6.63    6.14    17    47   29K   124   32.27   32.14
c rst  geom best   vs   314   88K    2453 19976  2342    6.63    6.14    17    48   29K   124   32.25   32.13
c rst  geom best   vs   315   88K    2453 19976  2342    6.63    6.14    17    48   30K   124   32.23   32.11
c rst  geom best   vs   316   88K    2453 19976  2342    6.63    6.14    17    48   30K   124   32.22   32.10
c rst  geom best   vs   317   88K    2453 19976  2342    6.63    6.14    17    48   30K   124   32.19   32.07
c rst  geom best   vs   318   88K    2453 19976  2342    6.63    6.14    17    48   30K   124   32.19   32.06
c rst  geom best   vs   319   89K    2453 19976  2342    6.63    6.14    17    48   30K   124   32.16   32.03
c rst  geom best   vs   320   89K    2453 19976  2342    6.63    6.14    17    48   31K   124   32.13   32.01
c rst  geom best   vs   321   89K    2453 19976  2342    6.63    6.14    17    48   31K   124   32.06   31.95
c rst  geom best   vs   322   89K    2453 19976  2342    6.63    6.14    17    48   31K   124   32.05   31.93
c rst  geom best   vs   323   90K    2453 19976  2342    6.63    6.14    25    60   24K   124   31.12   30.98
c rst  geom best   vs   324   90K    2453 19976  2342    6.63    6.14    25    60   24K   124   31.10   30.96
c rst  geom best   vs   325   90K    2453 19976  2342    6.63    6.14    25    60   25K   124   31.10   30.96
c rst  geom best   vs   326   91K    2453 19976  2342    6.63    6.14    25    62   25K   124   31.08   30.94
c rst  geom  stb   vs   327   91K    2453 19976  2342    6.63    6.14    25    64   26K   124   31.06   30.92
c rst  geom  stb   vs   328   92K    2453 19976  2342    6.63    6.14    25    65   26K   124   31.05   30.92
c rst  geom  stb   vs   329   92K    2453 19976  2342    6.63    6.14    25    65   27K   124   31.09   30.95
c rst  geom  stb   vs   330   93K    2453 19976  2342    6.63    6.14    25    65   27K   124   31.08   30.95
c rst  geom  stb   vs   331   94K    2453 19976  2342    6.63    6.14    25    65   28K   124   31.07   30.94
c [distill-bin] useful: 0/2342/2342 lits-rem: 0 cl-rem: 0 0-depth-assigns: 0 T: 0.01 T-out: N
c rst  geom  stb   vs   332   94K    2453 19976  2342    6.63    6.14    25    65   29K   124   30.99   30.87
c rst  geom  stb   vs   333   95K    2453 19976  2342    6.63    6.14    25    65   30K   124   31.01   30.89
c rst  geom  stb   vs   334   96K    2453 19976  2342    6.63    6.14    25    65   30K   124   31.02   30.90
c rst  geom  stb   vs   335   97K    2453 19976  2342    6.63    6.14    25    65   31K   124   31.00   30.89
c rst  geom ibes   vs   336   98K    2453 19976  2342    6.63    6.14    25    66   32K   124   30.70   30.59
c [distill-long-red0] cls tried: 7/7 T: 0.00 T-out: N T-r: 99.99%
c [distill-long-red1] cls tried: 33/33 T: 0.00 T-out: N T-r: 73.56%
c rst  geom ibes   vs   337   99K    2453 19976  2342    6.63    6.14    25    66   34K   124   30.39   30.29
c rst  geom ibes   vs   338  100K    2453 19976  2342    6.63    6.14    27    64   35K   124   30.13   30.03
c [impl-str] lit bin: 0 set-var: 0 T: 0.00 T-out: N T-r: 99.95% w-visit: 4906
c [impl-sub] bin: 0 T: 0.00 T-out: N w-visit: 4906
c rst  geom ibes   vs   339  102K    2453 19976  2342    6.63    6.14    27    64   36K   124   29.85   29.76
c [branch] adjusting to: vmtf (from: vsid) var_decay:0.95 descr: VMTF
c [full-probe]  bin_only: 1 set: 0 repl: 0 T: 0.01 T-out: N T-r: 99.74%
c [distill] watch-based irred--  cl tried    26272 cl-sh     0 cl-rem    0 lit-rem      0 T: 0.03 T-out: N
c [distill] watch-based   red--  cl tried       54 cl-sh     0 cl-rem    0 lit-rem      0 T: 0.00 T-out: N
c rst  luby ibes  vmt   340  102K    2453 19976  2342    6.63    6.14    30    90   36K   124   29.83   29.74
c rst  luby ibes  vmt   341  102K    2453 19976  2342    6.63    6.14    30    91   36K   124   29.83   29.74
c rst  luby ibes  vmt   342  102K    2453 19976  2342    6.63    6.14    30    91   37K   124   29.81   29.71
c rst  luby ibes  vmt   343  102K    2453 19976  2342    6.63    6.14    30    91   37K   124   29.80   29.71
c rst  luby ibes  vmt   344  102K    2453 19976  2342    6.63    6.14    30    91   37K   124   29.81   29.72
c rst  luby ibes  vmt   345  103K    2453 19976  2342    6.63    6.14    31    92   37K   124   29.79   29.70
c rst  luby ibes  vmt   346  103K    2453 19976  2342    6.63    6.14    31    92   37K   124   29.79   29.70
c rst  luby  svd  vmt   347  103K    2453 19976  2342    6.63    6.14    31    92   38K   124   29.80   29.71
c rst  luby  svd  vmt   348  103K    2453 19976  2342    6.63    6.14    31    92   38K   124   29.80   29.71
c rst  luby  svd  vmt   349  104K    2453 19976  2342    6.63    6.14    31    92   38K   124   29.82   29.73
c rst  luby  svd  vmt   350  104K    2453 19976  2342    6.63    6.14    31    92   38K   124   29.83   29.75
c rst  luby  svd  vmt   351  104K    2453 19976  2342    6.63    6.14    31    92   38K   124   29.84   29.75
c rst  luby  svd  vmt   352  104K    2453 19976  2342    6.63    6.14    31    92   38K   124   29.85   29.76
c rst  luby  svd  vmt   353  104K    2453 19976  2342    6.63    6.14    31    92   39K   124   29.86   29.77
c rst  luby  svd  vmt   354  105K    2453 19976  2342    6.63    6.14    37   120   29K   124   29.61   29.49
c rst  luby  svd  vmt   355  105K    2453 19976  2342    6.63    6.14    37   120   29K   124   29.64   29.52
c rst  luby  svd  vmt   356  105K    2453 19976  2342    6.63    6.14    37   120   29K   124   29.66   29.55
c rst  luby  svd  vmt   357  106K    2453 19976  2342    6.63    6.14    37   120   29K   124   29.70   29.58
c rst  luby  svd  vmt   358  106K    2453 19976  2342    6.63    6.14    37   120   29K   124   29.73   29.61
c rst  luby  svd  vmt   359  106K    2453 19976  2342    6.63    6.14    37   120   30K   124   29.75   29.64
c rst  luby  svd  vmt   360  106K    2453 19976  2342    6.63    6.14    37   120   30K   124   29.79   29.68
c rst  luby  svd  vmt   361  106K    2453 19976  2342    6.63    6.14    37   120   30K   124   29.84   29.73
c rst  luby  svd  vmt   362  106K    2453 19976  2342    6.63    6.14    37   120   30K   124   29.84   29.73
c rst  luby  svd  vmt   363  107K    2453 19976  2342    6.63    6.14    37   120   30K   124   29.86   29.75
c rst  luby  svd  vmt   364  107K    2453 19976  2342    6.63    6.14    37   120   31K   124   29.91   29.80
c rst  luby  svd  vmt   365  107K    2453 19976  2342    6.63    6.14    37   120   31K   124   29.93   29.82
c rst  luby  svd  vmt   366  107K    2453 19976  2342    6.63    6.14    37   120   31K   124   29.96   29.85
c rst  luby  svd  vmt   367  107K    2453 19976  2342    6.63    6.14    37   120   31K   124   30.00   29.89
c rst  luby  svd  vmt   368  108K    2453 19976  2342    6.63    6.14    37   121   31K   124   30.09   29.98
c rst  luby  svd  vmt   369  108K    2453 19976  2342    6.63    6.14    37   121   32K   124   30.25   30.14
c rst  luby  svd  vmt   370  110K    2453 19976  2342    6.63    6.14    53   105   34K   124   30.63   30.52
c rst  geom best  vmt   371  110K    2453 19976  2342    6.63    6.14    53   105   34K   124   30.61   30.51
c rst  geom best  vmt   372  110K    2453 19976  2342    6.63    6.14    53   105   34K   124   30.60   30.49
c rst  geom best  vmt   373  110K    2453 19976  2342    6.63    6.14    53   105   34K   124   30.59   30.49
c rst  geom best  vmt   374  110K    2453 19976  2342    6.63    6.14    53   106   34K   124   30.57   30.47
c rst  geom best  vmt   375  111K    2453 19976  2342    6.63    6.14    53   107   34K   124   30.54   30.44
c rst  geom best  vmt   376  111K    2453 19976  2342    6.63    6.14    53   109   35K   124   30.53   30.43
c rst  geom best  vmt   377  111K    2453 19976  2342    6.63    6.14    53   109   35K   124   30.57   30.47
c rst  geom best  vmt   378  111K    2453 19976  2342    6.63    6.14    53   111   35K   124   30.56   30.46
c rst  geom best  vmt   379  111K    2453 19976  2342    6.63    6.14    53   112   35K   124   30.57   30.47
c rst  geom best  vmt   380  112K    2453 19976  2342    6.63    6.14    53   113   36K   124   30.59   30.50
c rst  geom best  vmt   381  112K    2453 19976  2342    6.63    6.14    53   114   36K   124   30.58   30.48
c rst  geom best  vmt   382  112K    2453 19976  2342    6.63    6.14    53   114   36K   124   30.59   30.49
c rst  geom best  vmt   383  113K    2453 19976  2342    6.63    6.14    53   115   36K   124   30.58   30.49
c rst  geom best  vmt   384  113K    2453 19976  2342    6.63    6.14    53   115   37K   124   30.59   30.50
c rst  geom best  vmt   385  113K    2453 19976  2342    6.63    6.14    54   116   37K   124   30.58   30.49
c [distill-long-red0] cls tried: 20/20 T: 0.00 T-out: N T-r: 99.97%
c [distill-long-red1] cls tried: 59/59 T: 0.00 T-out: N T-r: 55.46%
c rst  geom best  vmt   386  114K    2453 19976  2342    6.63    6.14    53   116   38K   125   30.61   30.51
c [distill-bin] useful: 0/2342/2342 lits-rem: 0 cl-rem: 0 0-depth-assigns: 0 T: 0.01 T-out: N
c rst  geom best  vmt   387  114K    2453 19976  2342    6.63    6.14    53   126   38K   125   30.55   30.46
c rst  geom best  vmt   388  115K    2453 19976  2342    6.63    6.14    53   128   39K   125   30.61   30.52
c [gauss] XOR-encoding clauses are not detached, so no need to reattach them.
c [g 0] truth-find prop checks  : 1064K
c [g 0] -> of which prop        : 36.98 %
c [g 0] -> of which confl       :  1.71 %
c [g 0] elim called             : 124K
c [g 0] ---> which lead to prop : 164.64 %
c [g 0] ---> which lead to confl:  9.29 %
c [g 0] size: 45    x 90   
c [scc] new: 0 BP 0M T: 0.00
c [vrep] vars 0 lits 0 rem-bin-cls 0 rem-long-cls 0 BP 0M T: 0.00
c [intree] Set 0 vars hyper-added: 16 trans-irred: 0 trans-red: 0 T: 0.01 T-out: N T-r: -0.54%
c [find&init matx] performing matrix init
c [gauss] XOR-encoding clauses are not detached, so no need to reattach them.
c [xor-rem-unconnected] left with 275 xors from 275 non-empty xors T: 0.00
c [xor-together] xored together: 230 orig xors: 275 new xors: 45 T: 0.00
c [xor-rem-unconnected] left with 45 xors from 45 non-empty xors T: 0.00
c [xor-clean-equiv] removed equivalent xors: 0 left with: 45
c [matrix] unused xors from cleaning: 0
c [matrix] Good   matrix 0 45      x90     density:0.2551  xorlen avg: 22.96
c [matrix] Using 1 matrices recovered from 0 xors T: 0.00 T-out: N
c rst  geom best vmt  389   116 K 2453    19976  2342 6.63    6.14       53   129   39K   141 30.60   30.50  
c rst  geom best vmt  390   116 K 2453    19976  2342 6.63    6.14       53   129   40K   141 30.55   30.45  
c rst  geom stb  vmt  391   117 K 2453    19976  2342 6.63    6.14       53   129   41K   141 30.48   30.38  
c rst  geom stb  vmt  392   118 K 2453    19976  2342 6.63    6.14       53   129   41K   141 30.54   30.44  
c [branch] adjusting to: vsid (from: vmtf) var_decay:0.95 descr: VSIDS
c rst  geom stb  vs   393   118 K 2453    19976  2342 6.63    6.14       53   129   42K   141 30.55   30.46  
c rst  geom stb  vs   394   118 K 2453    19976  2342 6.63    6.14       53   129   42K   141 30.57   30.47  
c rst  geom stb  vs   395   118 K 2453    19976  2342 6.63    6.14       53   129   42K   141 30.58   30.48  
c rst  geom stb  vs   396   118 K 2453    19976  2342 6.63    6.14       53   129   42K   141 30.59   30.49  
c rst  geom stb  vs   397   118 K 2453    19976  2342 6.63    6.14       53   129   42K   141 30.60   30.51  
c rst  geom stb  vs   398   119 K 2453    19976  2342 6.63    6.14       53   129   42K   141 30.62   30.52  
c rst  geom stb  vs   399   119 K 2453    19976  2342 6.63    6.14       53   129   43K   141 30.63   30.53  
c rst  geom stb  vs   400   119 K 2453    19976  2342 6.63    6.14       53   129   43K   141 30.63   30.53  
c rst  geom stb  vs   401   119 K 2453    19976  2342 6.63    6.14       53   129   43K   141 30.65   30.56  
c rst  geom stb  vs   402   119 K 2453    19976  2342 6.63    6.14       53   129   43K   141 30.66   30.57  
c rst  geom stb  vs   403   120 K 2453    19976  2342 6.63    6.14       78   150   29K   141 30.18   30.05  
c rst  geom stb  vs   404   120 K 2453    19976  2342 6.63    6.14       78   150   29K   141 30.21   30.08  
c rst  geom stb  vs   405   120 K 2453    19976  2342 6.63    6.14       78   150   29K   141 30.21   30.08  
c rst  geom stb  vs   406   121 K 2453    19976  2342 6.63    6.14       78   150   30K   141 30.22   30.09  
c rst  geom stb  vs   407   121 K 2453    19976  2342 6.63    6.14       78   150   30K   141 30.21   30.08  
c rst  geom stb  vs   408   122 K 2453    19976  2342 6.63    6.14       78   150   31K   141 30.23   30.11  
c rst  geom stb  vs   409   122 K 2453    19976  2342 6.63    6.14       78   150   31K   141 30.28   30.15  
c [full-probe]  bin_only: 0 set: 0 repl: 0 T: 0.01 T-out: N T-r: 98.16%
c rst  geom stb  vs   410   123 K 2453    19976  2342 6.63    6.14       78   150   32K   141 30.31   30.18  
c rst  geom ibes vs   411   123 K 2453    19976  2342 6.63    6.14       78   150   32K   141 30.17   30.05  
c rst  geom ibes vs   412   124 K 2453    19976  2342 6.63    6.14       78   150   33K   141 30.01   29.89  
c rst  geom ibes vs   413   125 K 2453    19976  2342 6.63    6.14       78   150   34K   141 29.90   29.79  
c rst  geom ibes vs   414   125 K 2453    19976  2342 6.63    6.14       78   151   34K   141 29.71   29.60  
c rst  geom ibes vs   415   126 K 2453    19976  2342 6.63    6.14       78   152   35K   141 29.49   29.38  
c rst  geom ibes vs   416   127 K 2453    19976  2342 6.63    6.14       78   154   36K   141 29.34   29.24  
c [distill] watch-based irred--  cl tried 23692    cl-sh 0     cl-rem 0    lit-rem 0      T: 0.03 T-out: Y
c [distill] watch-based red  --  cl tried 155      cl-sh 0     cl-rem 1    lit-rem 0      T: 0.00 T-out: N
c rst  geom ibes vs   417   128 K 2453    19976  2342 6.63    6.14       77   154   37K   141 29.17   29.07  
c rst  geom ibes vs   418   129 K 2453    19976  2342 6.63    6.14       77   154   38K   141 28.98   28.88  
c [distill-long-red0] cls tried: 12/12 T: 0.00 T-out: N T-r: 99.97%
c [distill-long-red1] cls tried: 51/51 T: 0.00 T-out: N T-r: 60.20%
c rst  geom svd  vs   419   131 K 2453    19976  2342 6.63    6.14       82   146   40K   141 29.06   28.97  
c rst  geom svd  vs   420   132 K 2453    19976  2342 6.63    6.14       82   147   41K   141 29.15   29.06  
c [ccnr] tries: 0 steps: 262143 best found: 8
c [ccnr] saving best assignment phase to stable_polar
c [ccnr] bumping based on var unsat frequency: conflict_ct
c [ccnr] Bumped vars: 2453 bump type: 6
c [ccnr] time: 0.29
c rst  geom svd  vs   421   134 K 2453    19976  2342 6.63    6.14       82   153   43K   141 29.25   29.16  
c rst  geom svd  vs   422   134 K 2453    19976  2342 6.63    6.14       82   153   43K   141 29.25   29.17  
c recursive minimization cost OK: 355Kcost/(% lits removed)
c [gauss] XOR-encoding clauses are not detached, so no need to reattach them.
c [g 0] truth-find prop checks  : 377K
c [g 0] -> of which prop        : 30.54 %
c [g 0] -> of which confl       :  1.36 %
c [g 0] elim called             : 54K
c [g 0] ---> which lead to prop : 128.59 %
c [g 0] ---> which lead to confl:  6.83 %
c [g 0] size: 45    x 90   
c --> Executing strategy token: scc-vrepl
c [scc] new: 0 BP 0M T: 0.00
c --> Executing strategy token: sub-impl
c [impl-sub] bin: 0 T: 0.00 T-out: N w-visit: 4906
c --> Executing strategy token: breakid
c --> Executing OCC strategy token(s): 'occ-backw-sub-str,occ-clean-implicit,occ-bve,occ-bva,occ-ternary-res,occ-xor,'
c [occ] mem usage for occur 2      MB
c [occ] Linked in IRRED BIN by default: 2342
c [occ] Linked in RED   BIN by default: 141
c [occ] mem usage for occur 0      MB
c Mem for watch alloc      : 5           MB (15.10     %)
c Mem for watch array      : 0           MB (0.31      %)
c --> Executing OCC strategy token: occ-backw-sub-str
c [occ-backw-sub-str-long-w-bins] subs: 0 str: 0 tried: 58836 0-depth ass: 0 T: 0.00 T-out: N T-r: 99.39%
c [occ-backw-sub-long-w-long] rem cl: 18 tried: 63640/63640 (100.0%) T: 0.01 T-out: N T-r: 97.41%
c [occ-backw-sub-str-long-w-long] sub: 0 str: 4 tried: 190920/63640 (300.0)  T: 0.07 T-out: N T-r: 87.18%
c --> Executing OCC strategy token: occ-clean-implicit
c --> Executing OCC strategy token: occ-bve
c [occ-empty-res] Empty resolvent elimed: 0 T: 0.00 T-out: N
c [occ-bve] turning off picosat-based irreg gate detection, added lits:  231K
c [occ-bve] iter v-elim 0
c cl_inc_rate=1.0, var_dec_rate=1.0 (grow=0)
c Reduced to 2453 vars, 22310 cls (grow=0)
c [occ-bve] iter v-elim 0
c cl_inc_rate=1.0, var_dec_rate=1.0 (grow=8)
c Reduced to 2453 vars, 22310 cls (grow=8)
c [occ-bve] iter v-elim 2
c cl_inc_rate=1.0, var_dec_rate=1.0 (grow=16)
c Reduced to 2451 vars, 22340 cls (grow=16)
c x n vars       : 2451
c #try to eliminate:  7406
c #var-elim        :     2
c #T-o: N
c #T-r: 99.99%
c #T  : 0.86
c [occur] 0.04 is overhead
c [occur] link-in T: 0.04 cleanup T: 0.00
c --> Executing OCC strategy token: occ-bva
c --> Executing OCC strategy token: occ-ternary-res
c [occ-ternary-res] Ternary res-tri: 0 res-bin: 0 sub: 0 str: 0 T: 0.00 T-out: N T-r: 99.81%
c --> Executing OCC strategy token: occ-xor
c [occ-xor] sort occur list T: 0.00
c [xor-clean-equiv] removed equivalent xors: 0 left with: 273
c [occ-xor] found    273 avg sz 5.4 min sz  4 max sz  6 T: 0.01 T-out: N T-r: 99.97%
c --> Executing strategy token: card-find
c --> Executing strategy token: cl-consolidate
c Not consolidating memory.
c --> Executing strategy token: scc-vrepl
c [scc] new: 0 BP 0M T: 0.00
c --> Executing strategy token: renumber
c --> Executing strategy token: bosphorus
c --> Executing strategy token: louvain-comms
c [consolidate] mini T: 0.00
c global_timeout_multiplier: 3.6300
c [branch] rebuilding order heap for all branchings. Current branching: vsid
c [find&init matx] performing matrix init
c [gauss] XOR-encoding clauses are not detached, so no need to reattach them.
c [xor-rem-unconnected] left with 273 xors from 273 non-empty xors T: 0.00
c [xor-together] xored together: 228 orig xors: 273 new xors: 45 T: 0.00
c [xor-rem-unconnected] left with 45 xors from 45 non-empty xors T: 0.00
c [xor-clean-equiv] removed equivalent xors: 0 left with: 45
c [matrix] unused xors from cleaning: 0
c [matrix] Good   matrix  0     45 x   91  density:0.2505  xorlen avg: 22.80
c [matrix] Using 1 matrices recovered from 0 xors T: 0.00 T-out: N
c [distill-bin] useful: 0/2340/2340 lits-rem: 0 cl-rem: 0 0-depth-assigns: 0 T: 0.01 T-out: N
c rst  geom  svd   vs   423  135K    2451 20000  2340    6.63    6.15    78   168   31K   141   30.12   29.99
c [branch] adjusting to: vmtf (from: vsid) var_decay:0.95 descr: VMTF
c rst  luby  svd  vmt   424  135K    2451 20000  2340    6.63    6.15    82   180   31K   141   30.07   29.94
c rst  luby  svd  vmt   425  136K    2451 20000  2340    6.63    6.15    82   181   31K   141   30.10   29.98
c rst  luby  svd  vmt   426  136K    2451 20000  2340    6.63    6.15    82   181   31K   141   30.16   30.04
c rst  luby  svd  vmt   427  136K    2451 20000  2340    6.63    6.15    82   181   31K   141   30.17   30.05
c rst  geom best  vmt   428  136K    2451 20000  2340    6.63    6.15    82   182   31K   141   30.16   30.04
c rst  geom best  vmt   429  136K    2451 20000  2340    6.63    6.15    82   183   32K   141   30.16   30.04
c rst  geom best  vmt   430  136K    2451 20000  2340    6.63    6.15    83   187   32K   141   30.16   30.04
c rst  geom best  vmt   431  136K    2451 20000  2340    6.63    6.15    83   187   32K   141   30.19   30.07
c rst  geom best  vmt   432  137K    2451 20000  2340    6.63    6.15    83   187   32K   141   30.18   30.06
c rst  geom best  vmt   433  137K    2451 20000  2340    6.63    6.15    84   187   32K   141   30.16   30.04
c rst  geom best  vmt   434  137K    2451 20000  2340    6.63    6.15    84   188   32K   141   30.13   30.01
c rst  geom best  vmt   435  137K    2451 20000  2340    6.63    6.15    84   188   33K   141   30.13   30.01
c rst  geom best  vmt   436  137K    2451 20000  2340    6.63    6.15    84   188   33K   141   30.15   30.03
c rst  geom best  vmt   437  138K    2451 20000  2340    6.63    6.15    84   189   33K   141   30.10   29.98
c rst  geom best  vmt   438  138K    2451 20000  2340    6.63    6.15    84   189   33K   141   30.12   30.00
c rst  geom best  vmt   439  138K    2451 20000  2340    6.63    6.15    85   189   34K   141   30.10   29.98
c rst  geom best  vmt   440  139K    2451 20000  2340    6.63    6.15    85   191   34K   141   30.07   29.96
c rst  geom best  vmt   441  139K    2451 20000  2340    6.63    6.15    85   195   34K   141   30.16   30.05
c rst  geom best  vmt   442  139K    2451 20000  2340    6.63    6.15    85   195   35K   141   30.11   30.00
c rst  geom best  vmt   443  140K    2451 20000  2340    6.63    6.15   100   182   35K   141   30.08   29.97
c rst  geom best  vmt   444  140K    2451 20000  2340    6.63    6.15   100   184   36K   141   30.03   29.92
c rst  geom best  vmt   445  141K    2451 20000  2340    6.63    6.15   100   184   36K   141   30.03   29.93
c rst  geom best  vmt   446  141K    2451 20000  2340    6.63    6.15   100   184   37K   141   30.08   29.97
c rst  geom best  vmt   447  142K    2451 20000  2340    6.63    6.15   100   184   37K   141   30.05   29.94
c rst  geom best  vmt   448  143K    2451 20000  2340    6.63    6.15   101   192   38K   141   29.96   29.86
c [full-probe]  bin_only: 1 set: 0 repl: 0 T: 0.01 T-out: N T-r: 99.81%
c rst  geom  stb  vmt   449  144K    2451 20000  2340    6.63    6.15   101   194   39K   141   29.90   29.80
c rst  geom  stb  vmt   450  144K    2451 20000  2340    6.63    6.15   102   196   40K   141   29.94   29.84
c [distill-long-red0] cls tried: 21/21 T: 0.00 T-out: N T-r: 99.97%
c [distill-long-red1] cls tried: 60/60 T: 0.00 T-out: N T-r: 59.96%
c rst  geom  stb  vmt   451  145K    2451 20000  2340    6.63    6.15   102   198   41K   141   29.96   29.86
c rst  geom  stb  vmt   452  147K    2451 20000  2340    6.63    6.15   102   199   42K   141   29.88   29.79
c rst  geom  stb  vmt   453  148K    2451 20000  2340    6.63    6.15   102   199   43K   141   29.94   29.85
c rst  geom  stb  vmt   454  149K    2451 20000  2340    6.63    6.15   102   199   44K   141   30.01   29.92
c rst  geom  stb  vmt   455  150K    2451 20000  2340    6.63    6.15   120   221   33K   141   29.28   29.17
c rst  geom ibes  vmt   456  152K    2451 20000  2340    6.63    6.15   120   221   35K   141   29.19   29.08
c rst  geom ibes  vmt   457  154K    2451 20000  2340    6.63    6.15   120   223   36K   141   29.05   28.95
c [branch] adjusting to: vsid (from: vmtf) var_decay:0.95 descr: VSIDS
c [distill] watch-based irred--  cl tried    26043 cl-sh     0 cl-rem    0 lit-rem      0 T: 0.03 T-out: Y
c [distill] watch-based   red--  cl tried      240 cl-sh     0 cl-rem    0 lit-rem      0 T: 0.00 T-out: N
c rst  geom ibes   vs   458  154K    2451 20000  2340    6.63    6.15   120   223   36K   141   29.02   28.92
c rst  geom ibes   vs   459  154K    2451 20000  2340    6.63    6.15   120   223   37K   141   28.99   28.89
c rst  geom ibes   vs   460  154K    2451 20000  2340    6.63    6.15   120   223   37K   141   28.97   28.87
c [distill-bin] useful: 0/2340/2340 lits-rem: 0 cl-rem: 0 0-depth-assigns: 0 T: 0.01 T-out: N
c rst  geom ibes   vs   461  154K    2451 20000  2340    6.63    6.15   120   223   37K   141   28.94   28.84
c rst  geom ibes   vs   462  154K    2451 20000  2340    6.63    6.15   120   223   37K   141   28.91   28.81
c rst  geom ibes   vs   463  154K    2451 20000  2340    6.63    6.15   120   223   37K   141   28.91   28.81
c rst  geom ibes   vs   464  155K    2451 20000  2340    6.63    6.15   120   223   37K   141   28.90   28.80
c rst  geom ibes   vs   465  155K    2451 20000  2340    6.63    6.15   120   223   38K   141   28.89   28.79
c rst  geom ibes   vs   466  155K    2451 20000  2340    6.63    6.15   120   223   38K   141   28.88   28.78
c rst  geom ibes   vs   467  155K    2451 20000  2340    6.63    6.15   120   223   38K   141   28.86   28.76
c rst  geom ibes   vs   468  156K    2451 20000  2340    6.63    6.15   120   223   38K   141   28.82   28.73
c rst  geom ibes   vs   469  156K    2451 20000  2340    6.63    6.15   120   224   39K   141   28.80   28.70
c rst  geom ibes   vs   470  156K    2451 20000  2340    6.63    6.15   120   224   39K   141   28.77   28.67
c rst  geom ibes   vs   471  157K    2451 20000  2340    6.63    6.15   120   224   39K   141   28.73   28.64
c rst  geom ibes   vs   472  157K    2451 20000  2340    6.63    6.15   120   224   40K   141   28.73   28.64
c rst  geom  svd   vs   473  158K    2451 20000  2340    6.63    6.15   120   224   40K   141   28.71   28.62
c rst  geom  svd   vs   474  158K    2451 20000  2340    6.63    6.15   120   224   41K   141   28.69   28.60
c rst  geom  svd   vs   475  159K    2451 20000  2340    6.63    6.15   120   224   41K   141   28.74   28.65
c rst  geom  svd   vs   476  159K    2451 20000  2340    6.63    6.15   120   224   42K   141   28.72   28.63
c rst  geom  svd   vs   477  160K    2451 20000  2340    6.63    6.15   129   202   43K   141   28.66   28.58
c [distill-long-red0] cls tried: 10/10 T: 0.00 T-out: N T-r: 99.98%
c [distill-long-red1] cls tried: 48/48 T: 0.00 T-out: N T-r: 57.48%
c rst  geom  svd   vs   478  161K    2451 20000  2340    6.63    6.15   129   202   43K   141   28.71   28.62
c [impl-str] lit bin: 0 set-var: 0 T: 0.00 T-out: N T-r: 99.95% w-visit: 4906
c [impl-sub] bin: 0 T: 0.00 T-out: N w-visit: 4906
c rst  geom  svd   vs   479  161K    2451 20000  2340    6.63    6.15   129   202   44K   141   28.75   28.67
c rst  geom  svd   vs   480  162K    2451 20000  2340    6.63    6.15   129   202   45K   141   28.82   28.73
c rst  geom  svd   vs   481  163K    2451 20000  2340    6.63    6.15   129   202   46K   141   28.89   28.81
c [full-probe]  bin_only: 0 set: 0 repl: 0 T: 0.01 T-out: N T-r: 98.22%
c rst  geom  svd   vs   482  164K    2451 20000  2340    6.63    6.15   129   202   47K   141   29.00   28.92
c rst  geom best   vs   483  165K    2451 20000  2340    6.63    6.15   129   222   33K   141   29.37   29.26
c rst  geom best   vs   484  167K    2451 20000  2340    6.63    6.15   132   231   35K   141   29.15   29.04
c rst  geom best   vs   485  168K    2451 20000  2340    6.63    6.15   132   236   36K   141   28.93   28.82
c rst  geom best   vs   486  170K    2451 20000  2340    6.63    6.15   148   216   38K   141   28.71   28.61
c rst  geom best   vs   487  171K    2451 20000  2340    6.63    6.15   148   219   39K   141   28.55   28.45
c rst  geom  stb   vs   488  173K    2451 20000  2340    6.63    6.15   148   221   41K   141   28.76   28.67
c rst  geom  stb   vs   489  175K    2451 20000  2340    6.63    6.15   148   221   43K   141   28.94   28.86
c [branch] adjusting to: vmtf (from: vsid) var_decay:0.95 descr: VMTF
c [distill-long-red0] cls tried: 9/9 T: 0.00 T-out: N T-r: 99.99%
c [distill-long-red1] cls tried: 35/35 T: 0.00 T-out: N T-r: 56.13%
c [distill-bin] useful: 0/2340/2340 lits-rem: 0 cl-rem: 0 0-depth-assigns: 0 T: 0.01 T-out: N
c rst  luby  stb  vmt   490  175K    2451 20000  2340    6.63    6.15   148   221   43K   141   28.95   28.86
c rst  luby  stb  vmt   491  175K    2451 20000  2340    6.63    6.15   148   221   43K   141   28.94   28.86
c rst  luby  stb  vmt   492  176K    2451 20000  2340    6.63    6.15   148   221   44K   141   28.97   28.89
c rst  luby  stb  vmt   493  176K    2451 20000  2340    6.63    6.15   148   221   44K   141   28.98   28.90
c rst  luby  stb  vmt   494  176K    2451 20000  2340    6.63    6.15   148   221   44K   141   29.00   28.91
c rst  luby  stb  vmt   495  176K    2451 20000  2340    6.63    6.15   148   222   44K   141   29.00   28.92
c rst  luby  stb  vmt   496  176K    2451 20000  2340    6.63    6.15   148   222   44K   141   29.06   28.97
c [ccnr] tries: 0 steps: 262143 best found: 7
c [ccnr] saving best assignment phase to stable_polar
c [ccnr] bumping based on clause weights
c [ccnr] Bumped vars: 106 bump type: 6
c [ccnr] time: 0.30
c rst  luby  stb  vmt   497  177K    2451 20000  2340    6.63    6.15   148   222   44K   141   29.08   28.99
c rst  luby  stb  vmt   498  177K    2451 20000  2340    6.63    6.15   148   223   45K   141   29.08   29.00
c rst  luby  stb  vmt   499  177K    2451 20000  2340    6.63    6.15   148   223   45K   141   29.10   29.01
c rst  luby  stb  vmt   500  177K    2451 20000  2340    6.63    6.15   148   223   45K   141   29.10   29.02
c rst  luby  stb  vmt   501  177K    2451 20000  2340    6.63    6.15   148   223   45K   141   29.10   29.01
c rst  luby  stb  vmt   502  177K    2451 20000  2340    6.63    6.15   148   223   45K   141   29.08   29.00
c rst  luby  stb  vmt   503  178K    2451 20000  2340    6.63    6.15   148   223   46K   141   29.08   29.00
c rst  luby  stb  vmt   504  178K    2451 20000  2340    6.63    6.15   148   224   46K   141   29.10   29.02
c rst  luby ibes  vmt   505  179K    2451 20000  2340    6.63    6.15   148   224   46K   141   29.10   29.02
c rst  luby ibes  vmt   506  179K    2451 20000  2340    6.63    6.15   148   224   47K   141   29.10   29.01
c [distill] watch-based irred--  cl tried    23157 cl-sh     0 cl-rem    0 lit-rem      0 T: 0.03 T-out: Y
c [distill] watch-based   red--  cl tried      296 cl-sh     0 cl-rem    0 lit-rem      0 T: 0.00 T-out: N
c rst  luby ibes  vmt   507  179K    2451 20000  2340    6.63    6.15   149   225   47K   141   29.11   29.03
c rst  luby ibes  vmt   508  179K    2451 20000  2340    6.63    6.15   149   225   47K   141   29.12   29.04
c rst  luby ibes  vmt   509  179K    2451 20000  2340    6.63    6.15   149   228   47K   141   29.12   29.04
c rst  luby ibes  vmt   510  179K    2451 20000  2340    6.63    6.15   149   228   47K   141   29.14   29.06
c rst  luby ibes  vmt   511  180K    2451 20000  2340    6.63    6.15   163   230   32K   141   28.67   28.56
c rst  luby ibes  vmt   512  180K    2451 20000  2340    6.63    6.15   163   231   32K   141   28.67   28.56
c rst  luby ibes  vmt   513  180K    2451 20000  2340    6.63    6.15   163   232   32K   141   28.68   28.57
c rst  luby ibes  vmt   514  180K    2451 20000  2340    6.63    6.15   163   232   33K   141   28.68   28.56
c [gauss] XOR-encoding clauses are not detached, so no need to reattach them.
c [g 0] truth-find prop checks  : 824K
c [g 0] -> of which prop        : 31.63 %
c [g 0] -> of which confl       :  1.72 %
c [g 0] elim called             : 122K
c [g 0] ---> which lead to prop : 136.09 %
c [g 0] ---> which lead to confl:  7.71 %
c [g 0] size: 45    x 91   
c [scc] new: 0 BP 0M T: 0.00
c [vrep] vars 0 lits 0 rem-bin-cls 0 rem-long-cls 0 BP 0M T: 0.00
c [intree] Set 0 vars hyper-added: 0 trans-irred: 0 trans-red: 0 T: 0.01 T-out: N T-r: -0.58%
c [find&init matx] performing matrix init
c [gauss] XOR-encoding clauses are not detached, so no need to reattach them.
c [xor-rem-unconnected] left with 273 xors from 273 non-empty xors T: 0.00
c [xor-together] xored together: 228 orig xors: 273 new xors: 45 T: 0.00
c [xor-rem-unconnected] left with 45 xors from 45 non-empty xors T: 0.00
c [xor-clean-equiv] removed equivalent xors: 0 left with: 45
c [matrix] unused xors from cleaning: 0
c [matrix] Good   matrix 0 45      x91     density:0.2505  xorlen avg: 22.80
c [matrix] Using 1 matrices recovered from 0 xors T: 0.00 T-out: N
c rst  luby ibes vmt  515   180 K 2451    20000  2340 6.63    6.15      163   232   33K   141 28.69   28.58  
c rst  luby ibes vmt  516   180 K 2451    20000  2340 6.63    6.15      163   233   33K   141 28.69   28.58  
c rst  luby ibes vmt  517   180 K 2451    20000  2340 6.63    6.15      163   236   33K   141 28.70   28.59  
c rst  luby ibes vmt  518   181 K 2451    20000  2340 6.63    6.15      163   236   34K   141 28.79   28.68  
c rst  luby ibes vmt  519   182 K 2451    20000  2340 6.63    6.15      163   236   34K   141 28.87   28.76  
c rst  luby ibes vmt  520   183 K 2451    20000  2340 6.63    6.15      163   236   36K   141 28.97   28.87  
c [full-probe]  bin_only: 1 set: 0 repl: 0 T: 0.01 T-out: N T-r: 99.80%
c rst  luby ibes vmt  521   183 K 2451    20000  2340 6.63    6.15      163   236   36K   141 28.98   28.87  
c rst  luby ibes vmt  522   183 K 2451    20000  2340 6.63    6.15      163   236   36K   141 28.97   28.87  
c rst  luby ibes vmt  523   184 K 2451    20000  2340 6.63    6.15      163   241   36K   141 29.00   28.90  
c rst  luby ibes vmt  524   184 K 2451    20000  2340 6.63    6.15      163   241   36K   141 29.00   28.90  
c rst  luby ibes vmt  525   184 K 2451    20000  2340 6.63    6.15      163   244   37K   141 28.99   28.89  
c rst  luby ibes vmt  526   184 K 2451    20000  2340 6.63    6.15      163   244   37K   141 29.01   28.91  
c rst  luby ibes vmt  527   184 K 2451    20000  2340 6.63    6.15      163   244   37K   141 29.01   28.91  
c rst  luby ibes vmt  528   185 K 2451    20000  2340 6.63    6.15      163   244   37K   141 29.02   28.92  
c rst  luby ibes vmt  529   185 K 2451    20000  2340 6.63    6.15      163   245   37K   141 29.01   28.91  
c rst  luby ibes vmt  530   185 K 2451    20000  2340 6.63    6.15      163   245   38K   141 29.02   28.92  
c rst  luby ibes vmt  531   185 K 2451    20000  2340 6.63    6.15      163   245   38K   141 29.01   28.91  
c rst  luby ibes vmt  532   185 K 2451    20000  2340 6.63    6.15      163   245   38K   141 28.99   28.90  
c rst  luby ibes vmt  533   185 K 2451    20000  2340 6.63    6.15      163   245   38K   141 29.00   28.90  
c rst  luby svd  vmt  534   186 K 2451    20000  2340 6.63    6.15      163   247   38K   141 29.09   29.00  
c rst  luby svd  vmt  535   186 K 2451    20000  2340 6.63    6.15      163   247   39K   141 29.25   29.15  
c rst  luby svd  vmt  536   187 K 2451    20000  2340 6.63    6.15      163   247   39K   141 29.27   29.17  
c rst  luby svd  vmt  537   187 K 2451    20000  2340 6.63    6.15      163   247   39K   141 29.28   29.19  
c rst  luby svd  vmt  538   187 K 2451    20000  2340 6.63    6.15      163   247   40K   141 29.30   29.20  
c rst  luby svd  vmt  539   187 K 2451    20000  2340 6.63    6.15      163   247   40K   141 29.30   29.21  
c rst  luby svd  vmt  540   187 K 2451    20000  2340 6.63    6.15      163   249   40K   141 29.31   29.21  
c rst  luby svd  vmt  541   187 K 2451    20000  2340 6.63    6.15      163   252   40K   141 29.33   29.23  
c rst  luby svd  vmt  542   188 K 2451    20000  2340 6.63    6.15      163   257   40K   141 29.35   29.26  
c rst  luby svd  vmt  543   188 K 2451    20000  2340 6.63    6.15      163   258   40K   141 29.38   29.28  
c rst  luby svd  vmt  544   188 K 2451    20000  2340 6.63    6.15      163   260   41K   141 29.40   29.31  
c rst  luby svd  vmt  545   188 K 2451    20000  2340 6.63    6.15      163   268   41K   141 29.43   29.34  
c rst  luby svd  vmt  546   188 K 2451    20000  2340 6.63    6.15      163   268   41K   141 29.45   29.36  
c rst  luby svd  vmt  547   188 K 2451    20000  2340 6.63    6.15      163   269   41K   141 29.47   29.38  
c rst  luby svd  vmt  548   188 K 2451    20000  2340 6.63    6.15      163   269   41K   141 29.50   29.41  
c rst  luby svd  vmt  549   189 K 2451    20000  2340 6.63    6.15      163   269   42K   141 29.56   29.47  
c rst  luby svd  vmt  550   190 K 2451    20000  2340 6.63    6.15      191   221   42K   141 29.72   29.63  
c rst  luby svd  vmt  551   191 K 2451    20000  2340 6.63    6.15      191   222   44K   141 29.95   29.86  
c [distill-long-red0] cls tried: 29/29 T: 0.00 T-out: N T-r: 99.96%
c [distill-long-red1] cls tried: 66/66 T: 0.01 T-out: N T-r: 19.65%
c rst  luby svd  vmt  552   195 K 2451    20000  2340 6.63    6.15      191   222   47K   141 30.34   30.26  
c rst  geom best vmt  553   195 K 2451    20000  2340 6.63    6.15      196   262   29K   141 30.98   30.84  
c rst  geom best vmt  554   195 K 2451    20000  2340 6.63    6.15      196   263   29K   141 30.95   30.82  
c rst  geom best vmt  555   195 K 2451    20000  2340 6.63    6.15      196   263   29K   141 30.91   30.78  
c rst  geom best vmt  556   195 K 2451    20000  2340 6.63    6.15      196   263   30K   141 30.90   30.77  
c rst  geom best vmt  557   195 K 2451    20000  2340 6.63    6.15      196   264   30K   141 30.92   30.79  
c rst  geom best vmt  558   195 K 2451    20000  2340 6.63    6.15      196   264   30K   141 30.92   30.79  
c [distill-bin] useful: 0/2340/2340 lits-rem: 0 cl-rem: 0 0-depth-assigns: 0 T: 0.01 T-out: N
c rst  geom best vmt  559   196 K 2451    20000  2340 6.63    6.15      196   264   30K   141 30.93   30.80  
c rst  geom best vmt  560   196 K 2451    20000  2340 6.63    6.15      196   265   30K   141 30.93   30.80  
c rst  geom best vmt  561   196 K 2451    20000  2340 6.63    6.15      196   266   30K   141 30.95   30.82  
c rst  geom best vmt  562   196 K 2451    20000  2340 6.63    6.15      196   266   31K   141 30.94   30.81  
c rst  geom best vmt  563   197 K 2451    20000  2340 6.63    6.15      196   267   31K   141 30.89   30.76  
c rst  geom best vmt  564   197 K 2451    20000  2340 6.63    6.15      196   267   31K   141 30.85   30.73  
c rst  geom best vmt  565   197 K 2451    20000  2340 6.63    6.15      196   267   32K   141 30.82   30.70  
c rst  geom best vmt  566   198 K 2451    20000  2340 6.63    6.15      196   267   32K   141 30.83   30.71  
c [branch] adjusting to: vsid (from: vmtf) var_decay:0.95 descr: VSIDS
c rst  geom best vs   567   198 K 2451    20000  2340 6.63    6.15      196   269   32K   141 30.82   30.70  
c rst  geom best vs   568   198 K 2451    20000  2340 6.63    6.15      196   271   32K   141 30.80   30.67  
c rst  geom best vs   569   198 K 2451    20000  2340 6.63    6.15      196   274   32K   141 30.77   30.65  
c rst  geom best vs   570   198 K 2451    20000  2340 6.63    6.15      196   274   33K   141 30.75   30.63  
c rst  geom best vs   571   198 K 2451    20000  2340 6.63    6.15      196   274   33K   141 30.72   30.60  
c rst  geom best vs   572   198 K 2451    20000  2340 6.63    6.15      196   274   33K   141 30.69   30.57  
c rst  geom best vs   573   199 K 2451    20000  2340 6.63    6.15      196   274   33K   141 30.65   30.53  
c rst  geom best vs   574   199 K 2451    20000  2340 6.63    6.15      196   274   33K   141 30.61   30.49  
c rst  geom best vs   575   199 K 2451    20000  2340 6.63    6.15      196   274   34K   141 30.59   30.48  
c rst  geom best vs   576   199 K 2451    20000  2340 6.63    6.15      196   274   34K   141 30.57   30.46  
c rst  geom best vs   577   200 K 2451    20000  2340 6.63    6.15      211   246   34K   141 30.52   30.41  
c rst  geom best vs   578   200 K 2451    20000  2340 6.63    6.15      211   246   34K   141 30.50   30.38  
c rst  geom best vs   579   200 K 2451    20000  2340 6.63    6.15      211   246   35K   141 30.49   30.38  
c rst  geom best vs   580   201 K 2451    20000  2340 6.63    6.15      211   246   35K   141 30.47   30.36  
c rst  geom best vs   581   201 K 2451    20000  2340 6.63    6.15      211   247   36K   141 30.45   30.34  
c rst  geom best vs   582   201 K 2451    20000  2340 6.63    6.15      211   247   36K   141 30.44   30.33  
c rst  geom best vs   583   202 K 2451    20000  2340 6.63    6.15      211   247   36K   141 30.39   30.28  
c rst  geom stb  vs   584   203 K 2451    20000  2340 6.63    6.15      211   247   37K   141 30.42   30.31  
c rst  geom stb  vs   585   203 K 2451    20000  2340 6.63    6.15      211   247   38K   141 30.42   30.31  
c rst  geom stb  vs   586   204 K 2451    20000  2340 6.63    6.15      211   247   38K   141 30.43   30.32  
c [full-probe]  bin_only: 0 set: 0 repl: 0 T: 0.01 T-out: N T-r: 98.00%
c [distill] watch-based irred--  cl tried 23088    cl-sh 0     cl-rem 0    lit-rem 0      T: 0.03 T-out: Y
c [distill] watch-based red  --  cl tried 422      cl-sh 0     cl-rem 0    lit-rem 0      T: 0.00 T-out: N
c rst  geom stb  vs   587   205 K 2451    20000  2340 6.63    6.15      211   247   39K   141 30.45   30.35  
c rst  geom stb  vs   588   205 K 2451    20000  2340 6.63    6.15      211   248   40K   141 30.49   30.39  
c rst  geom stb  vs   589   206 K 2451    20000  2340 6.63    6.15      211   248   41K   141 30.59   30.49  
c rst  geom stb  vs   590   207 K 2451    20000  2340 6.63    6.15      211   248   42K   141 30.68   30.59  
c [distill-long-red0] cls tried: 9/9 T: 0.00 T-out: N T-r: 99.98%
c [distill-long-red1] cls tried: 51/51 T: 0.01 T-out: N T-r: 57.14%
c rst  geom stb  vs   591   208 K 2451    20000  2340 6.63    6.15      211   248   43K   141 30.77   30.68  
c rst  geom stb  vs   592   209 K 2451    20000  2340 6.63    6.15      211   248   44K   141 30.82   30.73  
c rst  geom ibes vs   593   211 K 2451    20000  2340 6.63    6.15      229   223   30K   141 31.50   31.37  
c rst  geom ibes vs   594   212 K 2451    20000  2340 6.63    6.15      229   224   32K   141 31.13   31.00  
c rst  geom ibes vs   595   214 K 2451    20000  2340 6.63    6.15      229   225   33K   141 30.75   30.63  
c rst  geom ibes vs   596   215 K 2451    20000  2340 6.63    6.15      229   225   35K   141 30.42   30.31  
c rst  geom ibes vs   597   217 K 2451    20000  2340 6.63    6.15      230   228   37K   141 29.96   29.85  
c [distill-bin] useful: 0/2340/2340 lits-rem: 0 cl-rem: 0 0-depth-assigns: 0 T: 0.01 T-out: N
c rst  geom svd  vs   598   219 K 2451    20000  2340 6.63    6.15      230   231   39K   141 29.62   29.52  
c rst  geom svd  vs   599   221 K 2451    20000  2340 6.63    6.15      246   196   41K   141 29.38   29.29  
c [impl-str] lit bin: 0 set-var: 0 T: 0.00 T-out: N T-r: 99.95% w-visit: 4906
c [impl-sub] bin: 0 T: 0.00 T-out: N w-visit: 4906
c [ccnr] tries: 0 steps: 262143 best found: 6
c [ccnr] saving best assignment phase to stable_polar
c [ccnr] bumping based on var unsat frequency: conflict_ct
c [ccnr] Bumped vars: 2453 bump type: 6
c [ccnr] time: 0.30
c rst  geom svd  vs   600   224 K 2451    20000  2340 6.63    6.15      246   196   44K   141 29.12   29.03  
c [branch] adjusting to: vmtf (from: vsid) var_decay:0.95 descr: VMTF
c [distill-long-red0] cls tried: 7/7 T: 0.00 T-out: N T-r: 99.97%
c [distill-long-red1] cls tried: 28/28 T: 0.00 T-out: N T-r: 73.18%
c [full-probe]  bin_only: 1 set: 0 repl: 0 T: 0.00 T-out: N T-r: 99.86%
c rst  luby svd  vmt  601   224 K 2451    20000  2340 6.63    6.15      249   208   44K   141 29.09   29.01  
c rst  luby svd  vmt  602   224 K 2451    20000  2340 6.63    6.15      250   214   44K   141 29.09   29.01  
c rst  luby svd  vmt  603   224 K 2451    20000  2340 6.63    6.15      251   215   44K   141 29.12   29.03  
c rst  luby svd  vmt  604   224 K 2451    20000  2340 6.63    6.15      251   217   44K   141 29.14   29.05  
c rst  geom best vmt  605   225 K 2451    20000  2340 6.63    6.15      256   278   33K   141 27.72   27.61  
c rst  geom best vmt  606   225 K 2451    20000  2340 6.63    6.15      256   278   33K   141 27.72   27.62  
c rst  geom best vmt  607   225 K 2451    20000  2340 6.63    6.15      256   278   34K   141 27.72   27.61  
c rst  geom best vmt  608   225 K 2451    20000  2340 6.63    6.15      256   278   34K   141 27.71   27.61  
c rst  geom best vmt  609   225 K 2451    20000  2340 6.63    6.15      256   278   34K   141 27.70   27.60  
c rst  geom best vmt  610   225 K 2451    20000  2340 6.63    6.15      256   278   34K   141 27.74   27.64  
c rst  geom best vmt  611   225 K 2451    20000  2340 6.63    6.15      256   278   34K   141 27.74   27.64  
c rst  geom best vmt  612   226 K 2451    20000  2340 6.63    6.15      256   278   34K   141 27.74   27.64  
c rst  geom best vmt  613   226 K 2451    20000  2340 6.63    6.15      256   278   35K   141 27.78   27.68  
c rst  geom best vmt  614   226 K 2451    20000  2340 6.63    6.15      256   278   35K   141 27.80   27.70  
c rst  geom best vmt  615   226 K 2451    20000  2340 6.63    6.15      258   279   35K   141 27.78   27.68  
c rst  geom best vmt  616   227 K 2451    20000  2340 6.63    6.15      259   279   36K   141 27.79   27.69  
c rst  geom best vmt  617   227 K 2451    20000  2340 6.63    6.15      259   280   36K   141 27.85   27.75  
c rst  geom best vmt  618   227 K 2451    20000  2340 6.63    6.15      259   280   36K   141 27.85   27.75  
c rst  geom best vmt  619   228 K 2451    20000  2340 6.63    6.15      260   280   37K   141 27.83   27.73  
c rst  geom best vmt  620   228 K 2451    20000  2340 6.63    6.15      261   285   37K   141 27.85   27.76  
c rst  geom best vmt  621   229 K 2451    20000  2340 6.63    6.15      261   286   38K   141 27.89   27.79  
c [distill] watch-based irred--  cl tried 25695    cl-sh 0     cl-rem 0    lit-rem 0      T: 0.03 T-out: Y
c [distill] watch-based red  --  cl tried 522      cl-sh 0     cl-rem 0    lit-rem 0      T: 0.00 T-out: N
c rst  geom best vmt  622   229 K 2451    20000  2340 6.63    6.15      261   288   38K   141 27.96   27.86  
c rst  geom best vmt  623   230 K 2451    20000  2340 6.63    6.15      282   258   39K   141 28.01   27.92  
c rst  geom best vmt  624   231 K 2451    20000  2340 6.63    6.15      282   258   39K   141 28.05   27.96  
c rst  geom best vmt  625   231 K 2451    20000  2340 6.63    6.15      282   258   40K   141 28.09   28.00  
c rst  geom best vmt  626   232 K 2451    20000  2340 6.63    6.15      282   258   41K   141 28.17   28.08  
c rst  geom stb  vmt  627   233 K 2451    20000  2340 6.63    6.15      285   264   42K   141 28.35   28.26  
c rst  geom stb  vmt  628   234 K 2451    20000  2340 6.63    6.15      285   266   43K   141 28.54   28.46  
c rst  geom stb  vmt  629   235 K 2451    20000  2340 6.63    6.15      285   268   44K   141 28.74   28.66  
c rst  geom stb  vmt  630   236 K 2451    20000  2340 6.63    6.15      285   268   45K   141 28.95   28.87  
c rst  geom stb  vmt  631   237 K 2451    20000  2340 6.63    6.15      285   272   46K   141 29.13   29.05  
c [distill-bin] useful: 0/2340/2340 lits-rem: 0 cl-rem: 0 0-depth-assigns: 0 T: 0.01 T-out: N
c rst  geom stb  vmt  632   239 K 2451    20000  2340 6.63    6.15      285   272   48K   141 29.30   29.23  
c rst  geom stb  vmt  633   240 K 2451    20000  2340 6.63    6.15      299   235   32K   141 28.35   28.24  
c [distill-long-red0] cls tried: 36/36 T: 0.00 T-out: N T-r: 99.95%
c [distill-long-red1] cls tried: 102/102 T: 0.01 T-out: N T-r: 7.28%
c rst  geom ibes vmt  634   242 K 2451    20000  2340 6.63    6.15      299   238   34K   141 28.27   28.17  
c rst  geom ibes vmt  635   244 K 2451    20000  2340 6.63    6.15      299   245   35K   141 28.31   28.21  
c recursive minimization cost OK: 530Kcost/(% lits removed)
c [gauss] XOR-encoding clauses are not detached, so no need to reattach them.
c [g 0] truth-find prop checks  : 1175K
c [g 0] -> of which prop        : 34.57 %
c [g 0] -> of which confl       :  1.62 %
c [g 0] elim called             : 158K
c [g 0] ---> which lead to prop : 146.43 %
c [g 0] ---> which lead to confl:  7.28 %
c [g 0] size: 45    x 91   
c --> Executing strategy token: scc-vrepl
c [scc] new: 0 BP 0M T: 0.00
c --> Executing strategy token: sub-impl
c [impl-sub] bin: 0 T: 0.00 T-out: N w-visit: 4906
c --> Executing strategy token: breakid
c --> Executing OCC strategy token(s): 'occ-backw-sub-str,occ-clean-implicit,occ-bve,occ-bva,occ-ternary-res,occ-xor,'
c [occ] mem usage for occur 2      MB
c [occ] Linked in IRRED BIN by default: 2340
c [occ] Linked in RED   BIN by default: 141
c [occ] mem usage for occur 0      MB
c Mem for watch alloc      : 7           MB (16.87     %)
c Mem for watch array      : 0           MB (0.26      %)
c --> Executing OCC strategy token: occ-backw-sub-str
c [occ-backw-sub-str-long-w-bins] subs: 0 str: 0 tried: 61403 0-depth ass: 0 T: 0.00 T-out: N T-r: 99.44%
c [occ-backw-sub-long-w-long] rem cl: 23 tried: 56440/56440 (100.0%) T: 0.01 T-out: N T-r: 97.69%
c [occ-backw-sub-str-long-w-long] sub: 0 str: 3 tried: 169320/56440 (300.0)  T: 0.06 T-out: N T-r: 89.24%
c --> Executing OCC strategy token: occ-clean-implicit
c --> Executing OCC strategy token: occ-bve
c [occ-empty-res] Empty resolvent elimed: 0 T: 0.00 T-out: N
c [occ-bve] turning off picosat-based irreg gate detection, added lits:  254K
c [occ-bve] iter v-elim 0
c cl_inc_rate=1.0, var_dec_rate=1.0 (grow=0)
c Reduced to 2451 vars, 22340 cls (grow=0)
c [occ-bve] iter v-elim 0
c cl_inc_rate=1.0, var_dec_rate=1.0 (grow=8)
c Reduced to 2451 vars, 22340 cls (grow=8)
c [occ-bve] iter v-elim 0
c cl_inc_rate=1.0, var_dec_rate=1.0 (grow=16)
c Reduced to 2451 vars, 22340 cls (grow=16)
c x n vars       : 2451
c #try to eliminate:  7353
c #var-elim        :     0
c #T-o: N
c #T-r: 99.99%
c #T  : 0.94
c [occur] 0.03 is overhead
c [occur] link-in T: 0.03 cleanup T: 0.00
c --> Executing OCC strategy token: occ-bva
c --> Executing OCC strategy token: occ-ternary-res
c [occ-ternary-res] Ternary res-tri: 0 res-bin: 0 sub: 0 str: 0 T: 0.00 T-out: N T-r: 99.84%
c --> Executing OCC strategy token: occ-xor
c [occ-xor] sort occur list T: 0.00
c [xor-clean-equiv] removed equivalent xors: 0 left with: 273
c [occ-xor] found    273 avg sz 5.4 min sz  4 max sz  6 T: 0.01 T-out: N T-r: 99.97%
c --> Executing strategy token: card-find
c --> Executing strategy token: cl-consolidate
c Not consolidating memory.
c --> Executing strategy token: scc-vrepl
c [scc] new: 0 BP 0M T: 0.00
c --> Executing strategy token: renumber
c --> Executing strategy token: bosphorus
c --> Executing strategy token: louvain-comms
c [consolidate] mini T: 0.00
c global_timeout_multiplier: 3.9930
c [branch] rebuilding order heap for all branchings. Current branching: vmtf
c [find&init matx] performing matrix init
c [gauss] XOR-encoding clauses are not detached, so no need to reattach them.
c [xor-rem-unconnected] left with 273 xors from 273 non-empty xors T: 0.00
c [xor-together] xored together: 226 orig xors: 273 new xors: 47 T: 0.00
c [xor-rem-unconnected] left with 47 xors from 47 non-empty xors T: 0.00
c [xor-clean-equiv] removed equivalent xors: 0 left with: 47
c [matrix] unused xors from cleaning: 0
c [matrix] Good   matrix  0     47 x   94  density:0.2329  xorlen avg: 21.89
c [matrix] Using 1 matrices recovered from 0 xors T: 0.00 T-out: N
c rst  geom ibes  vmt   636  244K    2451 20000  2340    6.63    6.15   285   245   36K   141   28.29   28.19
c [full-probe]  bin_only: 0 set: 0 repl: 0 T: 0.01 T-out: N T-r: 98.37%
c rst  geom ibes  vmt   637  246K    2451 20000  2340    6.63    6.15   285   247   38K   141   28.40   28.30
c [gauss] XOR-encoding clauses are not detached, so no need to reattach them.
c [g 0] truth-find prop checks  : 47K
c [g 0] -> of which prop        : 32.24 %
c [g 0] -> of which confl       :  1.61 %
c [g 0] elim called             : 6995
c [g 0] ---> which lead to prop : 138.70 %
c [g 0] ---> which lead to confl:  7.29 %
c [g 0] size: 47    x 94   
c [scc] new: 0 BP 0M T: 0.00
c [vrep] vars 0 lits 0 rem-bin-cls 0 rem-long-cls 0 BP 0M T: 0.00
c [intree] Set 0 vars hyper-added: 0 trans-irred: 0 trans-red: 0 T: 0.01 T-out: N T-r: 0.10%
c [find&init matx] performing matrix init
c [gauss] XOR-encoding clauses are not detached, so no need to reattach them.
c [xor-rem-unconnected] left with 273 xors from 273 non-empty xors T: 0.00
c [xor-together] xored together: 226 orig xors: 273 new xors: 47 T: 0.00
c [xor-rem-unconnected] left with 47 xors from 47 non-empty xors T: 0.00
c [xor-clean-equiv] removed equivalent xors: 0 left with: 47
c [matrix] unused xors from cleaning: 0
c [matrix] Good   matrix 0 47      x94     density:0.2329  xorlen avg: 21.89
c [matrix] Using 1 matrices recovered from 0 xors T: 0.00 T-out: N
c rst  geom ibes vmt  638   248 K 2451    20000  2340 6.63    6.15      287   263   40K   141 28.87   28.78  
c rst  geom svd  vmt  639   251 K 2451    20000  2340 6.63    6.15      315   230   42K   141 29.16   29.07  
c [branch] adjusting to: vsid (from: vmtf) var_decay:0.95 descr: VSIDS
c rst  geom svd  vs   640   251 K 2451    20000  2340 6.63    6.15      315   231   43K   141 29.19   29.10  
c rst  geom svd  vs   641   251 K 2451    20000  2340 6.63    6.15      315   231   43K   141 29.21   29.12  
c rst  geom svd  vs   642   251 K 2451    20000  2340 6.63    6.15      315   231   43K   141 29.22   29.13  
c rst  geom svd  vs   643   251 K 2451    20000  2340 6.63    6.15      315   231   43K   141 29.23   29.15  
c rst  geom svd  vs   644   251 K 2451    20000  2340 6.63    6.15      315   231   43K   141 29.25   29.16  
c rst  geom svd  vs   645   252 K 2451    20000  2340 6.63    6.15      315   231   43K   141 29.26   29.17  
c rst  geom svd  vs   646   252 K 2451    20000  2340 6.63    6.15      315   231   44K   141 29.27   29.18  
c rst  geom svd  vs   647   252 K 2451    20000  2340 6.63    6.15      315   233   44K   141 29.26   29.18  
c rst  geom svd  vs   648   252 K 2451    20000  2340 6.63    6.15      315   233   44K   141 29.27   29.19  
c rst  geom svd  vs   649   253 K 2451    20000  2340 6.63    6.15      315   234   44K   141 29.27   29.19  
c rst  geom svd  vs   650   253 K 2451    20000  2340 6.63    6.15      315   234   45K   141 29.27   29.18  
c rst  geom svd  vs   651   253 K 2451    20000  2340 6.63    6.15      315   234   45K   141 29.25   29.16  
c rst  geom svd  vs   652   253 K 2451    20000  2340 6.63    6.15      315   234   45K   141 29.23   29.15  
c rst  geom svd  vs   653   254 K 2451    20000  2340 6.63    6.15      315   234   46K   141 29.21   29.13  
c rst  geom svd  vs   654   254 K 2451    20000  2340 6.63    6.15      315   234   46K   141 29.18   29.10  
c [distill] watch-based irred--  cl tried 26448    cl-sh 0     cl-rem 0    lit-rem 0      T: 0.03 T-out: N
c [distill] watch-based red  --  cl tried 630      cl-sh 3     cl-rem 0    lit-rem 3      T: 0.00 T-out: N
c rst  geom svd  vs   655   255 K 2451    20000  2340 6.63    6.15      316   275   33K   141 31.19   31.07  
c rst  geom svd  vs   656   255 K 2451    20000  2340 6.63    6.15      316   275   33K   141 31.10   30.98  
c rst  geom svd  vs   657   256 K 2451    20000  2340 6.63    6.15      316   275   34K   141 30.99   30.87  
c [distill-long-red0] cls tried: 15/15 T: 0.00 T-out: N T-r: 99.98%
c [distill-long-red1] cls tried: 66/66 T: 0.00 T-out: N T-r: 69.60%
c rst  geom svd  vs   658   256 K 2451    20000  2340 6.63    6.15      316   275   34K   141 30.93   30.82  
c rst  geom best vs   659   257 K 2451    20000  2340 6.63    6.15      316   275   35K   141 30.92   30.81  
c rst  geom best vs   660   258 K 2451    20000  2340 6.63    6.15      316   275   36K   141 30.86   30.75  
c [distill-bin] useful: 0/2340/2340 lits-rem: 0 cl-rem: 0 0-depth-assigns: 0 T: 0.01 T-out: N
c rst  geom best vs   661   259 K 2451    20000  2340 6.63    6.15      316   276   37K   141 30.78   30.67  
c rst  geom best vs   662   259 K 2451    20000  2340 6.63    6.15      316   276   37K   141 30.73   30.62  
c rst  geom best vs   663   260 K 2451    20000  2340 6.63    6.15      331   239   38K   141 30.70   30.60  
c rst  geom best vs   664   261 K 2451    20000  2340 6.63    6.15      331   239   39K   141 30.64   30.54  
c rst  geom best vs   665   263 K 2451    20000  2340 6.63    6.15      331   240   41K   141 30.60   30.51  
c rst  geom best vs   666   264 K 2451    20000  2340 6.63    6.15      331   241   42K   141 30.59   30.50  
c rst  geom best vs   667   265 K 2451    20000  2340 6.63    6.15      331   243   43K   141 30.49   30.40  
c [full-probe]  bin_only: 1 set: 0 repl: 0 T: 0.01 T-out: N T-r: 99.79%
c rst  geom stb  vs   668   267 K 2451    20000  2340 6.63    6.15      331   244   45K   141 30.33   30.24  
c [ccnr] tries: 0 steps: 262143 best found: 9
c [ccnr] saving best assignment phase to stable_polar
c [ccnr] bumping based on var unsat frequency: conflict_ct
c [ccnr] Bumped vars: 2453 bump type: 6
c [ccnr] time: 0.29
c rst  geom stb  vs   669   268 K 2451    20000  2340 6.63    6.15      331   244   46K   141 30.36   30.28  
c rst  geom stb  vs   670   270 K 2451    20000  2340 6.63    6.15      342   244   35K   141 30.20   30.09  
c rst  geom stb  vs   671   272 K 2451    20000  2340 6.63    6.15      342   245   37K   141 30.07   29.97  
c [distill-long-red0] cls tried: 1/1 T: 0.00 T-out: N T-r: 100.00%
c [distill-long-red1] cls tried: 18/18 T: 0.00 T-out: N T-r: 82.48%
c rst  geom stb  vs   672   275 K 2451    20000  2340 6.63    6.15      342   245   39K   141 30.17   30.08  
c rst  geom ibes vs   673   277 K 2451    20000  2340 6.63    6.15      342   268   42K   141 29.64   29.55  
c rst  geom ibes vs   674   280 K 2451    20000  2340 6.63    6.15      354   245   45K   141 29.17   29.08  
c [distill-bin] useful: 0/2340/2340 lits-rem: 0 cl-rem: 0 0-depth-assigns: 0 T: 0.01 T-out: N
c [distill] watch-based irred--  cl tried 25656    cl-sh 0     cl-rem 0    lit-rem 0      T: 0.03 T-out: Y
c [distill] watch-based red  --  cl tried 708      cl-sh 1     cl-rem 0    lit-rem 1      T: 0.00 T-out: N
c rst  geom ibes vs   675   283 K 2451    20000  2340 6.63    6.15      354   249   48K   141 28.73   28.65  
c [branch] adjusting to: vmtf (from: vsid) var_decay:0.95 descr: VMTF
c [impl-str] lit bin: 0 set-var: 0 T: 0.00 T-out: N T-r: 99.95% w-visit: 4906
c [impl-sub] bin: 0 T: 0.00 T-out: N w-visit: 4906
c rst  luby svd  vmt  676   283 K 2451    20000  2340 6.63    6.15      357   271   48K   141 28.71   28.64  
c rst  luby svd  vmt  677   283 K 2451    20000  2340 6.63    6.15      357   275   48K   141 28.72   28.65  
c rst  luby svd  vmt  678   283 K 2451    20000  2340 6.63    6.15      357   276   48K   141 28.75   28.67  
c rst  luby svd  vmt  679   283 K 2451    20000  2340 6.63    6.15      357   276   48K   141 28.76   28.69  
c rst  luby svd  vmt  680   283 K 2451    20000  2340 6.63    6.15      357   277   48K   141 28.77   28.70  
c rst  luby svd  vmt  681   284 K 2451    20000  2340 6.63    6.15      357   277   48K   141 28.79   28.72  
c rst  luby svd  vmt  682   284 K 2451    20000  2340 6.63    6.15      357   277   49K   141 28.84   28.76  
c rst  luby svd  vmt  683   284 K 2451    20000  2340 6.63    6.15      357   277   49K   141 28.86   28.78  
c rst  luby svd  vmt  684   284 K 2451    20000  2340 6.63    6.15      357   277   49K   141 28.87   28.80  
c rst  luby svd  vmt  685   284 K 2451    20000  2340 6.63    6.15      357   277   49K   141 28.90   28.82  
c rst  luby svd  vmt  686   285 K 2451    20000  2340 6.63    6.15      359   331   34K   141 27.14   27.04  
c rst  luby svd  vmt  687   285 K 2451    20000  2340 6.63    6.15      359   331   34K   141 27.16   27.06  
c rst  luby svd  vmt  688   285 K 2451    20000  2340 6.63    6.15      359   331   34K   141 27.21   27.11  
c rst  luby svd  vmt  689   285 K 2451    20000  2340 6.63    6.15      359   331   34K   141 27.33   27.23  
c [full-probe]  bin_only: 0 set: 0 repl: 0 T: 0.00 T-out: N T-r: 98.73%
c rst  luby svd  vmt  690   286 K 2451    20000  2340 6.63    6.15      360   333   35K   141 27.52   27.43  
c rst  luby svd  vmt  691   286 K 2451    20000  2340 6.63    6.15      360   333   35K   141 27.54   27.44  
c rst  luby svd  vmt  692   286 K 2451    20000  2340 6.63    6.15      360   333   35K   141 27.55   27.46  
c rst  luby svd  vmt  693   286 K 2451    20000  2340 6.63    6.15      360   333   36K   141 27.57   27.47  
c rst  luby svd  vmt  694   287 K 2451    20000  2340 6.63    6.15      360   333   36K   141 27.59   27.50  
c rst  luby svd  vmt  695   287 K 2451    20000  2340 6.63    6.15      360   333   36K   141 27.62   27.52  
c rst  luby svd  vmt  696   287 K 2451    20000  2340 6.63    6.15      360   333   36K   141 27.67   27.57  
c rst  luby svd  vmt  697   287 K 2451    20000  2340 6.63    6.15      360   333   36K   141 27.75   27.66  
c rst  luby svd  vmt  698   287 K 2451    20000  2340 6.63    6.15      360   333   37K   141 27.77   27.68  
c rst  luby svd  vmt  699   287 K 2451    20000  2340 6.63    6.15      360   333   37K   141 27.80   27.70  
c [distill-long-red0] cls tried: 10/10 T: 0.00 T-out: N T-r: 99.99%
c [distill-long-red1] cls tried: 108/108 T: 0.01 T-out: N T-r: 45.52%
c rst  luby svd  vmt  700   288 K 2451    20000  2340 6.63    6.15      360   334   37K   141 27.83   27.74  
c rst  luby svd  vmt  701   288 K 2451    20000  2340 6.63    6.15      360   334   37K   141 27.85   27.75  
c rst  luby svd  vmt  702   288 K 2451    20000  2340 6.63    6.15      360   334   37K   141 27.87   27.78  
c rst  luby svd  vmt  703   288 K 2451    20000  2340 6.63    6.15      360   334   37K   141 27.93   27.84  
c rst  luby svd  vmt  704   289 K 2451    20000  2340 6.63    6.15      360   334   38K   141 28.00   27.91  
c rst  luby svd  vmt  705   289 K 2451    20000  2340 6.63    6.15      360   334   38K   141 28.10   28.01  
c rst  luby svd  vmt  706   291 K 2451    20000  2340 6.63    6.15      382   291   40K   141 28.32   28.23  
c rst  geom best vmt  707   291 K 2451    20000  2340 6.63    6.15      382   291   40K   141 28.33   28.25  
c rst  geom best vmt  708   291 K 2451    20000  2340 6.63    6.15      382   291   40K   141 28.36   28.27  
c rst  geom best vmt  709   291 K 2451    20000  2340 6.63    6.15      382   291   40K   141 28.37   28.28  
c rst  geom best vmt  710   291 K 2451    20000  2340 6.63    6.15      382   291   41K   141 28.38   28.29  
c rst  geom best vmt  711   292 K 2451    20000  2340 6.63    6.15      382   291   41K   141 28.40   28.31  
c rst  geom best vmt  712   292 K 2451    20000  2340 6.63    6.15      382   291   41K   141 28.40   28.31  
c rst  geom best vmt  713   292 K 2451    20000  2340 6.63    6.15      382   291   41K   141 28.41   28.32  
c rst  geom best vmt  714   292 K 2451    20000  2340 6.63    6.15      382   291   41K   141 28.43   28.35  
c rst  geom best vmt  715   292 K 2451    20000  2340 6.63    6.15      383   292   42K   141 28.42   28.34  
c rst  geom best vmt  716   293 K 2451    20000  2340 6.63    6.15      383   292   42K   141 28.43   28.35  
c rst  geom best vmt  717   293 K 2451    20000  2340 6.63    6.15      383   292   42K   141 28.43   28.35  
c rst  geom best vmt  718   293 K 2451    20000  2340 6.63    6.15      383   293   42K   141 28.42   28.33  
c rst  geom best vmt  719   294 K 2451    20000  2340 6.63    6.15      383   295   43K   141 28.46   28.37  
c rst  geom best vmt  720   294 K 2451    20000  2340 6.63    6.15      383   295   43K   141 28.45   28.37  
c rst  geom best vmt  721   294 K 2451    20000  2340 6.63    6.15      383   296   44K   141 28.46   28.38  
c rst  geom best vmt  722   295 K 2451    20000  2340 6.63    6.15      383   296   44K   141 28.48   28.40  
c rst  geom best vmt  723   295 K 2451    20000  2340 6.63    6.15      383   296   45K   141 28.53   28.45  
c rst  geom best vmt  724   296 K 2451    20000  2340 6.63    6.15      383   297   45K   141 28.52   28.44  
c rst  geom best vmt  725   296 K 2451    20000  2340 6.63    6.15      383   297   46K   141 28.52   28.44  
c rst  geom best vmt  726   297 K 2451    20000  2340 6.63    6.15      383   299   46K   141 28.56   28.48  
c rst  geom best vmt  727   298 K 2451    20000  2340 6.63    6.15      383   301   47K   141 28.60   28.52  
c rst  geom best vmt  728   299 K 2451    20000  2340 6.63    6.15      384   301   48K   141 28.71   28.63  
c rst  geom best vmt  729   300 K 2451    20000  2340 6.63    6.15      403   282   31K   141 28.74   28.62  
c rst  geom stb  vmt  730   300 K 2451    20000  2340 6.63    6.15      403   283   32K   141 28.80   28.69  
c [distill-bin] useful: 0/2340/2340 lits-rem: 0 cl-rem: 0 0-depth-assigns: 0 T: 0.01 T-out: N
c rst  geom stb  vmt  731   302 K 2451    20000  2340 6.63    6.15      405   291   33K   141 28.77   28.67  
c rst  geom stb  vmt  732   303 K 2451    20000  2340 6.63    6.15      405   291   34K   141 28.84   28.73  
c [distill-long-red0] cls tried: 14/14 T: 0.00 T-out: N T-r: 99.97%
c [distill-long-red1] cls tried: 41/41 T: 0.00 T-out: N T-r: 82.43%
c rst  geom stb  vmt  733   304 K 2451    20000  2340 6.63    6.15      406   294   36K   141 28.90   28.80  
c rst  geom stb  vmt  734   305 K 2451    20000  2340 6.63    6.15      406   295   37K   141 29.19   29.09  
c [full-probe]  bin_only: 1 set: 0 repl: 0 T: 0.01 T-out: N T-r: 99.77%
c [distill] watch-based irred--  cl tried 25646    cl-sh 0     cl-rem 0    lit-rem 0      T: 0.03 T-out: Y
c [distill] watch-based red  --  cl tried 812      cl-sh 0     cl-rem 0    lit-rem 0      T: 0.00 T-out: N
c rst  geom stb  vmt  735   307 K 2451    20000  2340 6.63    6.15      407   295   39K   141 29.40   29.30  
c rst  geom stb  vmt  736   309 K 2451    20000  2340 6.63    6.15      407   295   40K   141 29.51   29.42  
c rst  geom ibes vmt  737   310 K 2451    20000  2340 6.63    6.15      421   270   42K   141 29.35   29.27  
c rst  geom ibes vmt  738   313 K 2451    20000  2340 6.63    6.15      421   273   44K   141 29.17   29.09  
c [gauss] XOR-encoding clauses are not detached, so no need to reattach them.
c [g 0] truth-find prop checks  : 1310K
c [g 0] -> of which prop        : 32.71 %
c [g 0] -> of which confl       :  1.47 %
c [g 0] elim called             : 154K
c [g 0] ---> which lead to prop : 152.66 %
c [g 0] ---> which lead to confl:  7.49 %
c [g 0] size: 47    x 94   
c [scc] new: 0 BP 0M T: 0.00
c [vrep] vars 0 lits 0 rem-bin-cls 0 rem-long-cls 0 BP 0M T: 0.00
c [intree] Set 0 vars hyper-added: 0 trans-irred: 0 trans-red: 0 T: 0.01 T-out: N T-r: -0.67%
c [find&init matx] performing matrix init
c [gauss] XOR-encoding clauses are not detached, so no need to reattach them.
c [xor-rem-unconnected] left with 273 xors from 273 non-empty xors T: 0.00
c [xor-together] xored together: 226 orig xors: 273 new xors: 47 T: 0.00
c [xor-rem-unconnected] left with 47 xors from 47 non-empty xors T: 0.00
c [xor-clean-equiv] removed equivalent xors: 0 left with: 47
c [matrix] unused xors from cleaning: 0
c [matrix] Good   matrix 0 47      x94     density:0.2329  xorlen avg: 21.89
c [matrix] Using 1 matrices recovered from 0 xors T: 0.00 T-out: N
c [ccnr] tries: 0 steps: 262143 best found: 8
c [ccnr] saving best assignment phase to stable_polar
c [ccnr] bumping based on clause weights
c [ccnr] Bumped vars: 106 bump type: 6
c [ccnr] time: 0.29
c rst  geom ibes vmt  739   315 K 2451    20000  2340 6.63    6.15      426   382   32K   141 31.28   31.16  
c [branch] adjusting to: vsid (from: vmtf) var_decay:0.95 descr: VSIDS
c rst  geom ibes vs   740   315 K 2451    20000  2340 6.63    6.15      426   382   33K   141 31.25   31.12  
c rst  geom ibes vs   741   315 K 2451    20000  2340 6.63    6.15      426   382   33K   141 31.21   31.09  
c rst  geom ibes vs   742   315 K 2451    20000  2340 6.63    6.15      426   382   33K   141 31.17   31.05  
c rst  geom ibes vs   743   315 K 2451    20000  2340 6.63    6.15      426   382   33K   141 31.14   31.02  
c rst  geom ibes vs   744   315 K 2451    20000  2340 6.63    6.15      426   382   33K   141 31.09   30.97  
c rst  geom ibes vs   745   316 K 2451    20000  2340 6.63    6.15      426   382   33K   141 31.04   30.92  
c rst  geom ibes vs   746   316 K 2451    20000  2340 6.63    6.15      427   382   34K   141 30.98   30.86  
c rst  geom ibes vs   747   316 K 2451    20000  2340 6.63    6.15      427   382   34K   141 30.91   30.80  
c rst  geom ibes vs   748   316 K 2451    20000  2340 6.63    6.15      427   382   34K   141 30.85   30.74  
c rst  geom ibes vs   749   317 K 2451    20000  2340 6.63    6.15      427   384   34K   141 30.78   30.66  
c rst  geom ibes vs   750   317 K 2451    20000  2340 6.63    6.15      427   384   34K   141 30.68   30.57  
c rst  geom svd  vs   751   317 K 2451    20000  2340 6.63    6.15      427   384   35K   141 30.75   30.64  
c rst  geom svd  vs   752   317 K 2451    20000  2340 6.63    6.15      427   384   35K   141 30.80   30.69  
c rst  geom svd  vs   753   318 K 2451    20000  2340 6.63    6.15      427   384   36K   141 30.82   30.72  
c [distill-long-red0] cls tried: 11/11 T: 0.00 T-out: N T-r: 99.98%
c [distill-long-red1] cls tried: 114/114 T: 0.01 T-out: N T-r: 23.31%
c rst  geom svd  vs   754   318 K 2451    20000  2340 6.63    6.15      427   384   36K   141 30.85   30.74  
c rst  geom svd  vs   755   319 K 2451    20000  2340 6.63    6.15      427   384   36K   141 30.86   30.76  
c rst  geom svd  vs   756   319 K 2451    20000  2340 6.63    6.15      427   384   37K   141 30.90   30.80  
c rst  geom svd  vs   757   320 K 2451    20000  2340 6.63    6.15      457   323   37K   141 30.89   30.79  
c rst  geom svd  vs   758   320 K 2451    20000  2340 6.63    6.15      457   323   38K   141 30.93   30.83  
c rst  geom svd  vs   759   321 K 2451    20000  2340 6.63    6.15      457   323   39K   141 30.95   30.85  
c [distill-bin] useful: 0/2340/2340 lits-rem: 0 cl-rem: 0 0-depth-assigns: 0 T: 0.01 T-out: N
c rst  geom svd  vs   760   322 K 2451    20000  2340 6.63    6.15      457   323   39K   141 30.97   30.87  
c rst  geom svd  vs   761   323 K 2451    20000  2340 6.63    6.15      457   323   40K   141 30.87   30.77  
c rst  geom svd  vs   762   323 K 2451    20000  2340 6.63    6.15      457   323   41K   141 30.80   30.70  
c rst  geom svd  vs   763   324 K 2451    20000  2340 6.63    6.15      457   324   42K   141 30.76   30.66  
c rst  geom svd  vs   764   325 K 2451    20000  2340 6.63    6.15      457   324   43K   141 30.77   30.68  
c [full-probe]  bin_only: 0 set: 0 repl: 0 T: 0.01 T-out: N T-r: 97.93%
c rst  geom best vs   765   327 K 2451    20000  2340 6.63    6.15      457   329   44K   141 30.72   30.63  
c rst  geom best vs   766   328 K 2451    20000  2340 6.63    6.15      457   329   46K   141 30.64   30.56  
c rst  geom best vs   767   329 K 2451    20000  2340 6.63    6.15      457   329   47K   141 30.61   30.53  
c rst  geom best vs   768   331 K 2451    20000  2340 6.63    6.15      481   328   33K   141 29.86   29.75  
c [distill] watch-based irred--  cl tried 26448    cl-sh 0     cl-rem 0    lit-rem 0      T: 0.03 T-out: N
c [distill] watch-based red  --  cl tried 962      cl-sh 1     cl-rem 0    lit-rem 1      T: 0.00 T-out: N
c rst  geom best vs   769   332 K 2451    20000  2340 6.63    6.15      481   329   35K   141 29.82   29.71  
c rst  geom best vs   770   334 K 2451    20000  2340 6.63    6.15      482   331   37K   141 29.69   29.59  
c [distill-long-red0] cls tried: 8/8 T: 0.00 T-out: N T-r: 99.99%
c [distill-long-red1] cls tried: 37/37 T: 0.00 T-out: N T-r: 65.13%
c rst  geom stb  vs   771   336 K 2451    20000  2340 6.63    6.15      482   335   39K   141 29.75   29.65  
c rst  geom stb  vs   772   339 K 2451    20000  2340 6.63    6.15      482   335   41K   141 29.87   29.78  
c rst  geom stb  vs   773   341 K 2451    20000  2340 6.63    6.15      506   309   43K   141 29.86   29.77  
c [distill-bin] useful: 0/2340/2340 lits-rem: 0 cl-rem: 0 0-depth-assigns: 0 T: 0.01 T-out: N
c rst  geom stb  vs   774   344 K 2451    20000  2340 6.63    6.15      506   309   46K   141 29.80   29.72  
c [impl-str] lit bin: 0 set-var: 0 T: 0.00 T-out: N T-r: 99.95% w-visit: 4906
c [impl-sub] bin: 0 T: 0.00 T-out: N w-visit: 4906
c rst  geom ibes vs   775   347 K 2451    20000  2340 6.63    6.15      507   322   35K   141 28.66   28.55  
c [full-probe]  bin_only: 1 set: 0 repl: 0 T: 0.01 T-out: N T-r: 99.73%
c rst  geom ibes vs   776   350 K 2451    20000  2340 6.63    6.15      508   299   38K   141 28.10   28.00  
c [distill-long-red0] cls tried: 2/2 T: 0.00 T-out: N T-r: 99.99%
c [distill-long-red1] cls tried: 15/15 T: 0.00 T-out: N T-r: 83.81%
c rst  geom ibes vs   777   354 K 2451    20000  2340 6.63    6.15      508   299   42K   141 27.61   27.52  
c [branch] adjusting to: vmtf (from: vsid) var_decay:0.95 descr: VMTF
c rst  luby svd  vmt  778   354 K 2451    20000  2340 6.63    6.15      508   299   42K   141 27.60   27.51  
c rst  luby svd  vmt  779   354 K 2451    20000  2340 6.63    6.15      508   299   42K   141 27.62   27.54  
c rst  luby svd  vmt  780   354 K 2451    20000  2340 6.63    6.15      508   299   42K   141 27.65   27.57  
c rst  luby svd  vmt  781   354 K 2451    20000  2340 6.63    6.15      508   299   42K   141 27.67   27.58  
c rst  luby svd  vmt  782   354 K 2451    20000  2340 6.63    6.15      508   299   42K   141 27.69   27.61  
c rst  luby svd  vmt  783   355 K 2451    20000  2340 6.63    6.15      508   299   42K   141 27.73   27.65  
c rst  luby svd  vmt  784   355 K 2451    20000  2340 6.63    6.15      508   299   43K   141 27.84   27.75  
c rst  luby svd  vmt  785   355 K 2451    20000  2340 6.63    6.15      508   299   43K   141 27.86   27.78  
c rst  luby svd  vmt  786   355 K 2451    20000  2340 6.63    6.15      508   299   43K   141 27.88   27.80  
c rst  luby svd  vmt  787   355 K 2451    20000  2340 6.63    6.15      508   300   43K   141 27.92   27.84  
c rst  luby svd  vmt  788   356 K 2451    20000  2340 6.63    6.15      508   300   43K   141 27.94   27.86  
c rst  luby svd  vmt  789   356 K 2451    20000  2340 6.63    6.15      508   300   43K   141 27.97   27.88  
c rst  luby svd  vmt  790   356 K 2451    20000  2340 6.63    6.15      508   300   44K   141 28.01   27.93  
c [distill] watch-based irred--  cl tried 25009    cl-sh 0     cl-rem 0    lit-rem 0      T: 0.03 T-out: Y
c [distill] watch-based red  --  cl tried 1016     cl-sh 0     cl-rem 0    lit-rem 0      T: 0.00 T-out: N
c rst  luby svd  vmt  791   356 K 2451    20000  2340 6.63    6.15      508   302   44K   141 28.07   27.99  
c rst  luby svd  vmt  792   357 K 2451    20000  2340 6.63    6.15      508   304   45K   141 28.15   28.07  
c [ccnr] tries: 0 steps: 262143 best found: 8
c [ccnr] saving best assignment phase to stable_polar
c [ccnr] bumping based on var unsat frequency: conflict_ct
c [ccnr] Bumped vars: 2453 bump type: 6
c [ccnr] time: 0.30
c rst  luby svd  vmt  793   357 K 2451    20000  2340 6.63    6.15      513   314   45K   141 28.13   28.05  
c rst  luby svd  vmt  794   357 K 2451    20000  2340 6.63    6.15      513   317   45K   141 28.13   28.06  
c rst  luby svd  vmt  795   357 K 2451    20000  2340 6.63    6.15      513   317   45K   141 28.16   28.09  
c rst  luby svd  vmt  796   358 K 2451    20000  2340 6.63    6.15      513   317   45K   141 28.18   28.11  
c rst  luby svd  vmt  797   358 K 2451    20000  2340 6.63    6.15      513   317   45K   141 28.19   28.11  
c rst  luby svd  vmt  798   358 K 2451    20000  2340 6.63    6.15      513   317   46K   141 28.21   28.13  
c rst  luby svd  vmt  799   358 K 2451    20000  2340 6.63    6.15      513   318   46K   141 28.24   28.16  
c rst  luby svd  vmt  800   358 K 2451    20000  2340 6.63    6.15      513   318   46K   141 28.26   28.19  
c rst  luby svd  vmt  801   358 K 2451    20000  2340 6.63    6.15      513   318   46K   141 28.29   28.21  
c rst  luby svd  vmt  802   359 K 2451    20000  2340 6.63    6.15      513   318   46K   141 28.33   28.25  
c rst  luby svd  vmt  803   359 K 2451    20000  2340 6.63    6.15      513   318   46K   141 28.35   28.27  
c rst  luby svd  vmt  804   359 K 2451    20000  2340 6.63    6.15      513   319   47K   141 28.37   28.30  
c rst  luby svd  vmt  805   359 K 2451    20000  2340 6.63    6.15      513   319   47K   141 28.41   28.33  
c rst  luby svd  vmt  806   359 K 2451    20000  2340 6.63    6.15      513   319   47K   141 28.46   28.38  
c rst  luby svd  vmt  807   360 K 2451    20000  2340 6.63    6.15      526   305   32K   141 27.65   27.55  
c rst  luby svd  vmt  808   362 K 2451    20000  2340 6.63    6.15      527   307   34K   141 27.86   27.75  
c [distill-bin] useful: 0/2340/2340 lits-rem: 0 cl-rem: 0 0-depth-assigns: 0 T: 0.01 T-out: N
c rst  luby svd  vmt  809   362 K 2451    20000  2340 6.63    6.15      527   307   34K   141 27.87   27.77  
c rst  luby svd  vmt  810   362 K 2451    20000  2340 6.63    6.15      527   307   34K   141 27.89   27.79  
c rst  luby svd  vmt  811   362 K 2451    20000  2340 6.63    6.15      527   307   34K   141 27.94   27.83  
c rst  luby svd  vmt  812   362 K 2451    20000  2340 6.63    6.15      527   307   35K   141 27.96   27.85  
c rst  luby svd  vmt  813   362 K 2451    20000  2340 6.63    6.15      527   307   35K   141 27.98   27.88  
c rst  geom best vmt  814   363 K 2451    20000  2340 6.63    6.15      527   307   35K   141 27.98   27.88  
c rst  geom best vmt  815   363 K 2451    20000  2340 6.63    6.15      527   307   35K   141 27.99   27.89  
c rst  geom best vmt  816   363 K 2451    20000  2340 6.63    6.15      529   320   35K   141 28.02   27.92  
c rst  geom best vmt  817   363 K 2451    20000  2340 6.63    6.15      529   321   35K   141 28.04   27.94  
c rst  geom best vmt  818   363 K 2451    20000  2340 6.63    6.15      529   321   35K   141 28.06   27.96  
c rst  geom best vmt  819   363 K 2451    20000  2340 6.63    6.15      529   321   35K   141 28.08   27.98  
c rst  geom best vmt  820   364 K 2451    20000  2340 6.63    6.15      529   321   36K   141 28.10   28.00  
c rst  geom best vmt  821   364 K 2451    20000  2340 6.63    6.15      530   323   36K   141 28.09   27.99  
c rst  geom best vmt  822   364 K 2451    20000  2340 6.63    6.15      530   323   36K   141 28.10   28.01  
c rst  geom best vmt  823   364 K 2451    20000  2340 6.63    6.15      530   325   36K   141 28.12   28.02  
c rst  geom best vmt  824   364 K 2451    20000  2340 6.63    6.15      530   325   37K   141 28.14   28.05  
c rst  geom best vmt  825   365 K 2451    20000  2340 6.63    6.15      530   325   37K   141 28.15   28.05  
c rst  geom best vmt  826   365 K 2451    20000  2340 6.63    6.15      530   325   37K   141 28.15   28.05  
c rst  geom best vmt  827   366 K 2451    20000  2340 6.63    6.15      530   327   38K   141 28.22   28.13  
c [distill-long-red0] cls tried: 12/12 T: 0.00 T-out: N T-r: 99.97%
c [distill-long-red1] cls tried: 69/69 T: 0.00 T-out: N T-r: 56.15%
c rst  geom best vmt  828   366 K 2451    20000  2340 6.63    6.15      530   327   38K   141 28.27   28.18  
c rst  geom best vmt  829   366 K 2451    20000  2340 6.63    6.15      530   327   39K   141 28.32   28.22  
c rst  geom best vmt  830   367 K 2451    20000  2340 6.63    6.15      530   327   39K   141 28.32   28.23  
c [full-probe]  bin_only: 0 set: 0 repl: 0 T: 0.01 T-out: N T-r: 98.40%
c rst  geom best vmt  831   367 K 2451    20000  2340 6.63    6.15      530   330   40K   141 28.42   28.33  
c rst  geom best vmt  832   368 K 2451    20000  2340 6.63    6.15      530   330   40K   141 28.44   28.35  
c rst  geom best vmt  833   369 K 2451    20000  2340 6.63    6.15      531   332   41K   141 28.50   28.41  
c rst  geom best vmt  834   369 K 2451    20000  2340 6.63    6.15      531   332   42K   141 28.53   28.44  
c rst  geom best vmt  835   370 K 2451    20000  2340 6.63    6.15      555   306   42K   141 28.53   28.44  
c rst  geom best vmt  836   371 K 2451    20000  2340 6.63    6.15      555   307   43K   141 28.57   28.48  
c rst  geom best vmt  837   372 K 2451    20000  2340 6.63    6.15      555   309   44K   141 28.52   28.44  
c rst  geom stb  vmt  838   373 K 2451    20000  2340 6.63    6.15      555   309   45K   141 28.61   28.53  
c rst  geom stb  vmt  839   374 K 2451    20000  2340 6.63    6.15      555   311   46K   141 28.77   28.69  
c rst  geom stb  vmt  840   376 K 2451    20000  2340 6.63    6.15      559   343   32K   141 28.60   28.49  
c rst  geom stb  vmt  841   377 K 2451    20000  2340 6.63    6.15      559   343   34K   141 28.69   28.58  
c rst  geom stb  vmt  842   378 K 2451    20000  2340 6.63    6.15      559   353   35K   141 28.73   28.63  
c [gauss] XOR-encoding clauses are not detached, so no need to reattach them.
c [g 0] truth-find prop checks  : 1223K
c [g 0] -> of which prop        : 32.41 %
c [g 0] -> of which confl       :  1.54 %
c [g 0] elim called             : 165K
c [g 0] ---> which lead to prop : 145.95 %
c [g 0] ---> which lead to confl:  7.25 %
c [g 0] size: 47    x 94   
c [scc] new: 0 BP 0M T: 0.00
c [vrep] vars 0 lits 0 rem-bin-cls 0 rem-long-cls 0 BP 0M T: 0.00
c [intree] Set 0 vars hyper-added: 0 trans-irred: 0 trans-red: 0 T: 0.01 T-out: N T-r: -0.93%
c [find&init matx] performing matrix init
c [gauss] XOR-encoding clauses are not detached, so no need to reattach them.
c [xor-rem-unconnected] left with 273 xors from 273 non-empty xors T: 0.00
c [xor-together] xored together: 226 orig xors: 273 new xors: 47 T: 0.00
c [xor-rem-unconnected] left with 47 xors from 47 non-empty xors T: 0.00
c [xor-clean-equiv] removed equivalent xors: 0 left with: 47
c [matrix] unused xors from cleaning: 0
c [matrix] Good   matrix 0 47      x94     density:0.2329  xorlen avg: 21.89
c [matrix] Using 1 matrices recovered from 0 xors T: 0.00 T-out: N
c rst  geom stb  vmt  843   380 K 2451    20000  2340 6.63    6.15      576   331   37K   141 28.79   28.70  
c rst  geom stb  vmt  844   382 K 2451    20000  2340 6.63    6.15      576   336   39K   141 28.77   28.68  
c [distill-long-red0] cls tried: 15/15 T: 0.00 T-out: N T-r: 99.98%
c [distill-long-red1] cls tried: 55/55 T: 0.00 T-out: N T-r: 73.73%
c [distill-bin] useful: 0/2340/2340 lits-rem: 0 cl-rem: 0 0-depth-assigns: 0 T: 0.01 T-out: N
c [distill] watch-based irred--  cl tried 23483    cl-sh 0     cl-rem 0    lit-rem 0      T: 0.03 T-out: Y
c [distill] watch-based red  --  cl tried 1152     cl-sh 0     cl-rem 0    lit-rem 0      T: 0.00 T-out: N
c rst  geom ibes vmt  845   384 K 2451    20000  2340 6.63    6.15      576   341   41K   141 28.89   28.80  
c rst  geom ibes vmt  846   386 K 2451    20000  2340 6.63    6.15      576   341   43K   141 28.88   28.80  
c rst  geom ibes vmt  847   389 K 2451    20000  2340 6.63    6.15      578   341   46K   141 29.20   29.12  
c [full-probe]  bin_only: 1 set: 0 repl: 0 T: 0.01 T-out: N T-r: 99.74%
c rst  geom ibes vmt  848   392 K 2451    20000  2340 6.63    6.15      595   290   36K   141 30.98   30.88  
c rst  geom svd  vmt  849   395 K 2451    20000  2340 6.63    6.15      596   293   39K   141 30.99   30.89  
c [branch] adjusting to: vsid (from: vmtf) var_decay:0.95 descr: VSIDS
c rst  geom svd  vs   850   395 K 2451    20000  2340 6.63    6.15      596   293   39K   141 31.01   30.91  
c rst  geom svd  vs   851   395 K 2451    20000  2340 6.63    6.15      596   293   39K   141 31.03   30.93  
c rst  geom svd  vs   852   395 K 2451    20000  2340 6.63    6.15      596   294   39K   141 31.03   30.93  
c rst  geom svd  vs   853   395 K 2451    20000  2340 6.63    6.15      596   295   39K   141 31.03   30.93  
c rst  geom svd  vs   854   395 K 2451    20000  2340 6.63    6.15      596   295   40K   141 31.04   30.94  
c rst  geom svd  vs   855   395 K 2451    20000  2340 6.63    6.15      596   295   40K   141 31.06   30.96  
c rst  geom svd  vs   856   396 K 2451    20000  2340 6.63    6.15      596   295   40K   141 31.06   30.96  
c rst  geom svd  vs   857   396 K 2451    20000  2340 6.63    6.15      596   295   40K   141 31.09   30.99  
c rst  geom svd  vs   858   396 K 2451    20000  2340 6.63    6.15      596   295   40K   141 31.11   31.01  
c rst  geom svd  vs   859   396 K 2451    20000  2340 6.63    6.15      596   296   41K   141 31.12   31.02  
c rst  geom svd  vs   860   397 K 2451    20000  2340 6.63    6.15      596   296   41K   141 31.13   31.03  
c rst  geom svd  vs   861   397 K 2451    20000  2340 6.63    6.15      596   296   41K   141 31.13   31.03  
c rst  geom svd  vs   862   397 K 2451    20000  2340 6.63    6.15      596   296   42K   141 31.13   31.04  
c [distill-long-red0] cls tried: 7/7 T: 0.00 T-out: N T-r: 99.98%
c [distill-long-red1] cls tried: 39/39 T: 0.00 T-out: N T-r: 71.50%
c rst  geom svd  vs   863   397 K 2451    20000  2340 6.63    6.15      596   297   42K   141 31.14   31.04  
c recursive minimization cost OK: 742Kcost/(% lits removed)
c [gauss] XOR-encoding clauses are not detached, so no need to reattach them.
c [g 0] truth-find prop checks  : 339K
c [g 0] -> of which prop        : 32.78 %
c [g 0] -> of which confl       :  1.72 %
c [g 0] elim called             : 47K
c [g 0] ---> which lead to prop : 159.89 %
c [g 0] ---> which lead to confl:  7.77 %
c [g 0] size: 47    x 94   
c --> Executing strategy token: scc-vrepl
c [scc] new: 0 BP 0M T: 0.00
c --> Executing strategy token: sub-impl
c [impl-sub] bin: 0 T: 0.00 T-out: N w-visit: 4906
c --> Executing strategy token: breakid
c --> Executing OCC strategy token(s): 'occ-backw-sub-str,occ-clean-implicit,occ-bve,occ-bva,occ-ternary-res,occ-xor,'
c [occ] mem usage for occur 2      MB
c [occ] Linked in IRRED BIN by default: 2340
c [occ] Linked in RED   BIN by default: 141
c [occ] mem usage for occur 0      MB
c Mem for watch alloc      : 9           MB (19.74     %)
c Mem for watch array      : 0           MB (0.25      %)
c --> Executing OCC strategy token: occ-backw-sub-str
c [occ-backw-sub-str-long-w-bins] subs: 0 str: 0 tried: 63884 0-depth ass: 0 T: 0.00 T-out: N T-r: 99.48%
c [occ-backw-sub-long-w-long] rem cl: 22 tried: 63046/63046 (100.0%) T: 0.01 T-out: N T-r: 97.61%
c [occ-backw-sub-str-long-w-long] sub: 1 str: 7 tried: 189138/63046 (300.0)  T: 0.07 T-out: N T-r: 89.24%
c --> Executing OCC strategy token: occ-clean-implicit
c --> Executing OCC strategy token: occ-bve
c [occ-empty-res] Empty resolvent elimed: 0 T: 0.00 T-out: N
c [occ-bve] turning off picosat-based irreg gate detection, added lits:  279K
c [occ-bve] iter v-elim 0
c cl_inc_rate=1.0, var_dec_rate=1.0 (grow=0)
c Reduced to 2451 vars, 22340 cls (grow=0)
c [occ-bve] iter v-elim 0
c cl_inc_rate=1.0, var_dec_rate=1.0 (grow=8)
c Reduced to 2451 vars, 22340 cls (grow=8)
c [occ-bve] iter v-elim 0
c cl_inc_rate=1.0, var_dec_rate=1.0 (grow=16)
c Reduced to 2451 vars, 22340 cls (grow=16)
c x n vars       : 2451
c #try to eliminate:  7353
c #var-elim        :     0
c #T-o: N
c #T-r: 99.99%
c #T  : 1.03
c [occur] 0.04 is overhead
c [occur] link-in T: 0.04 cleanup T: 0.00
c --> Executing OCC strategy token: occ-bva
c --> Executing OCC strategy token: occ-ternary-res
c [occ-ternary-res] Ternary res-tri: 0 res-bin: 0 sub: 0 str: 0 T: 0.00 T-out: N T-r: 99.84%
c --> Executing OCC strategy token: occ-xor
c [occ-xor] sort occur list T: 0.00
c [xor-clean-equiv] removed equivalent xors: 0 left with: 266
c [occ-xor] found    266 avg sz 5.4 min sz  4 max sz  6 T: 0.01 T-out: N T-r: 99.97%
c --> Executing strategy token: card-find
c --> Executing strategy token: cl-consolidate
c Not consolidating memory.
c --> Executing strategy token: scc-vrepl
c [scc] new: 0 BP 0M T: 0.00
c --> Executing strategy token: renumber
c --> Executing strategy token: bosphorus
c --> Executing strategy token: louvain-comms
c [consolidate] mini T: 0.00
c global_timeout_multiplier: 4.3923
c [branch] rebuilding order heap for all branchings. Current branching: vsid
c [find&init matx] performing matrix init
c [gauss] XOR-encoding clauses are not detached, so no need to reattach them.
c [xor-rem-unconnected] left with 266 xors from 266 non-empty xors T: 0.00
c [xor-together] xored together: 213 orig xors: 266 new xors: 53 T: 0.00
c [xor-rem-unconnected] left with 53 xors from 53 non-empty xors T: 0.00
c [xor-clean-equiv] removed equivalent xors: 0 left with: 53
c [matrix] unused xors from cleaning: 0
c [matrix] Good   matrix  0     53 x  106  density:0.1803  xorlen avg: 19.11
c [matrix] Using 1 matrices recovered from 0 xors T: 0.00 T-out: N
c rst  geom  svd   vs   864  398K    2451 20000  2340    6.63    6.15   593   317   42K   141   31.17   31.08
c rst  geom  svd   vs   865  398K    2451 20000  2340    6.63    6.15   594   317   42K   141   31.20   31.11
c rst  geom  svd   vs   866  398K    2451 20000  2340    6.63    6.15   594   317   43K   141   31.23   31.14
c rst  geom  svd   vs   867  399K    2451 20000  2340    6.63    6.15   594   317   43K   141   31.21   31.12
c rst  geom  svd   vs   868  399K    2451 20000  2340    6.63    6.15   594   317   44K   141   31.20   31.11
c rst  geom  svd   vs   869  400K    2451 20000  2340    6.63    6.15   595   301   44K   141   31.18   31.09
c rst  geom  svd   vs   870  401K    2451 20000  2340    6.63    6.15   595   301   45K   141   31.17   31.08
c rst  geom best   vs   871  401K    2451 20000  2340    6.63    6.15   595   301   46K   141   31.13   31.05
c [ccnr] tries: 0 steps: 262143 best found: 7
c [ccnr] saving best assignment phase to stable_polar
c [ccnr] bumping based on var unsat frequency: conflict_ct
c [ccnr] Bumped vars: 2453 bump type: 6
c [ccnr] time: 0.29
c rst  geom best   vs   872  402K    2451 20000  2340    6.63    6.15   595   301   47K   141   31.12   31.04
c [distill-bin] useful: 0/2340/2340 lits-rem: 0 cl-rem: 0 0-depth-assigns: 0 T: 0.01 T-out: N
c rst  geom best   vs   873  403K    2451 20000  2340    6.63    6.15   596   301   47K   141   31.13   31.05
c rst  geom best   vs   874  404K    2451 20000  2340    6.63    6.15   596   301   48K   141   31.14   31.06
c [impl-str] lit bin: 0 set-var: 0 T: 0.00 T-out: N T-r: 99.96% w-visit: 4906
c [impl-sub] bin: 0 T: 0.00 T-out: N w-visit: 4906
c rst  geom best   vs   875  405K    2451 20000  2340    6.63    6.15   597   307   32K   141   30.56   30.44
c rst  geom best   vs   876  406K    2451 20000  2340    6.63    6.15   597   309   34K   141   30.55   30.43
c rst  geom best   vs   877  408K    2451 20000  2340    6.63    6.15   597   311   35K   141   30.56   30.45
c [distill] watch-based irred--  cl tried    25314 cl-sh     0 cl-rem    0 lit-rem      0 T: 0.04 T-out: Y
c [distill] watch-based   red--  cl tried     1194 cl-sh     0 cl-rem    0 lit-rem      0 T: 0.00 T-out: N
c rst  geom best   vs   878  409K    2451 20000  2340    6.63    6.15   597   313   36K   141   30.57   30.47
c [full-probe]  bin_only: 0 set: 0 repl: 0 T: 0.01 T-out: N T-r: 98.38%
c rst  geom best   vs   879  411K    2451 20000  2340    6.63    6.15   606   273   38K   141   30.52   30.42
c rst  geom  stb   vs   880  412K    2451 20000  2340    6.63    6.15   606   275   40K   141   30.48   30.38
c [distill-long-red0] cls tried: 5/5 T: 0.00 T-out: N T-r: 99.99%
c [distill-long-red1] cls tried: 48/48 T: 0.00 T-out: N T-r: 71.48%
c rst  geom  stb   vs   881  414K    2451 20000  2340    6.63    6.15   606   275   41K   141   30.40   30.30
c rst  geom  stb   vs   882  416K    2451 20000  2340    6.63    6.15   606   275   43K   141   30.41   30.32
c rst  geom  stb   vs   883  418K    2451 20000  2340    6.63    6.15   606   275   46K   141   30.40   30.31
c rst  geom  stb   vs   884  421K    2451 20000  2340    6.63    6.15   613   284   33K   141   30.02   29.91
c rst  geom ibes   vs   885  424K    2451 20000  2340    6.63    6.15   613   287   36K   141   29.44   29.34
c [distill-bin] useful: 0/2340/2340 lits-rem: 0 cl-rem: 0 0-depth-assigns: 0 T: 0.01 T-out: N
c rst  geom ibes   vs   886  427K    2451 20000  2340    6.63    6.15   615   291   39K   141   28.99   28.90
c rst  geom ibes   vs   887  430K    2451 20000  2340    6.63    6.15   628   250   42K   141   28.48   28.39
c [distill-long-red0] cls tried: 11/11 T: 0.00 T-out: N T-r: 99.98%
c [distill-long-red1] cls tried: 31/31 T: 0.00 T-out: N T-r: 77.58%
c [full-probe]  bin_only: 1 set: 0 repl: 0 T: 0.00 T-out: N T-r: 99.87%
c rst  geom ibes   vs   888  434K    2451 20000  2340    6.63    6.15   628   251   46K   141   28.07   27.99
c [distill] watch-based irred--  cl tried    26896 cl-sh     0 cl-rem    0 lit-rem      0 T: 0.03 T-out: N
c [distill] watch-based   red--  cl tried     1256 cl-sh     2 cl-rem    0 lit-rem      2 T: 0.00 T-out: N
c rst  geom  svd   vs   889  438K    2451 20000  2340    6.63    6.15   632   322   38K   141   26.72   26.63
c [branch] adjusting to: vmtf (from: vsid) var_decay:0.95 descr: VMTF
c rst  luby  svd  vmt   890  438K    2451 20000  2340    6.63    6.15   636   332   38K   141   26.71   26.62
c rst  luby  svd  vmt   891  438K    2451 20000  2340    6.63    6.15   636   332   38K   141   26.75   26.67
c rst  luby  svd  vmt   892  438K    2451 20000  2340    6.63    6.15   638   332   38K   141   26.81   26.73
c rst  luby  svd  vmt   893  438K    2451 20000  2340    6.63    6.15   638   333   38K   141   26.86   26.77
c rst  luby  svd  vmt   894  438K    2451 20000  2340    6.63    6.15   638   333   38K   141   26.89   26.80
c rst  luby  svd  vmt   895  438K    2451 20000  2340    6.63    6.15   638   333   38K   141   26.93   26.84
c rst  luby  svd  vmt   896  439K    2451 20000  2340    6.63    6.15   638   335   39K   141   27.00   26.91
c rst  luby  svd  vmt   897  439K    2451 20000  2340    6.63    6.15   638   335   39K   141   27.02   26.94
c rst  luby  svd  vmt   898  439K    2451 20000  2340    6.63    6.15   638   337   39K   141   27.05   26.96
c rst  luby  svd  vmt   899  439K    2451 20000  2340    6.63    6.15   638   337   39K   141   27.10   27.02
c rst  luby  svd  vmt   900  439K    2451 20000  2340    6.63    6.15   638   338   39K   141   27.12   27.04
c rst  luby  svd  vmt   901  439K    2451 20000  2340    6.63    6.15   638   338   39K   141   27.15   27.06
c rst  luby  svd  vmt   902  440K    2451 20000  2340    6.63    6.15   661   284   40K   141   27.18   27.09
c rst  luby  svd  vmt   903  440K    2451 20000  2340    6.63    6.15   662   285   40K   141   27.19   27.11
c rst  luby  svd  vmt   904  441K    2451 20000  2340    6.63    6.15   662   285   41K   141   27.35   27.26
c rst  luby  svd  vmt   905  441K    2451 20000  2340    6.63    6.15   663   285   41K   141   27.38   27.29
c rst  luby  svd  vmt   906  441K    2451 20000  2340    6.63    6.15   663   286   41K   141   27.40   27.31
c rst  luby  svd  vmt   907  441K    2451 20000  2340    6.63    6.15   663   286   41K   141   27.44   27.36
c rst  luby  svd  vmt   908  441K    2451 20000  2340    6.63    6.15   663   286   41K   141   27.46   27.37
c rst  luby  svd  vmt   909  441K    2451 20000  2340    6.63    6.15   663   287   41K   141   27.49   27.40
c rst  luby  svd  vmt   910  442K    2451 20000  2340    6.63    6.15   663   287   42K   141   27.54   27.45
c rst  luby  svd  vmt   911  442K    2451 20000  2340    6.63    6.15   666   288   42K   141   27.62   27.54
c rst  luby  svd  vmt   912  442K    2451 20000  2340    6.63    6.15   667   288   42K   141   27.64   27.56
c rst  luby  svd  vmt   913  442K    2451 20000  2340    6.63    6.15   667   289   42K   141   27.66   27.58
c rst  luby  svd  vmt   914  442K    2451 20000  2340    6.63    6.15   667   290   42K   141   27.70   27.62
c rst  luby  svd  vmt   915  442K    2451 20000  2340    6.63    6.15   667   293   43K   141   27.72   27.64
c rst  luby  svd  vmt   916  443K    2451 20000  2340    6.63    6.15   667   293   43K   141   27.74   27.66
c rst  luby  svd  vmt   917  443K    2451 20000  2340    6.63    6.15   667   293   43K   141   27.79   27.71
c rst  luby  svd  vmt   918  443K    2451 20000  2340    6.63    6.15   667   295   43K   141   27.86   27.78
c rst  geom best  vmt   919  443K    2451 20000  2340    6.63    6.15   667   295   43K   141   27.88   27.79
c rst  geom best  vmt   920  443K    2451 20000  2340    6.63    6.15   667   298   43K   141   27.89   27.80
c rst  geom best  vmt   921  444K    2451 20000  2340    6.63    6.15   668   300   44K   141   27.90   27.82
c [gauss] XOR-encoding clauses are not detached, so no need to reattach them.
c [g 0] truth-find prop checks  : 964K
c [g 0] -> of which prop        : 30.00 %
c [g 0] -> of which confl       :  1.25 %
c [g 0] elim called             : 121K
c [g 0] ---> which lead to prop : 146.21 %
c [g 0] ---> which lead to confl:  6.77 %
c [g 0] size: 53    x 106  
c [scc] new: 0 BP 0M T: 0.00
c [vrep] vars 0 lits 0 rem-bin-cls 0 rem-long-cls 0 BP 0M T: 0.00
c [intree] Set 0 vars hyper-added: 0 trans-irred: 0 trans-red: 0 T: 0.01 T-out: N T-r: -0.29%
c [find&init matx] performing matrix init
c [gauss] XOR-encoding clauses are not detached, so no need to reattach them.
c [xor-rem-unconnected] left with 266 xors from 266 non-empty xors T: 0.00
c [xor-together] xored together: 213 orig xors: 266 new xors: 53 T: 0.00
c [xor-rem-unconnected] left with 53 xors from 53 non-empty xors T: 0.00
c [xor-clean-equiv] removed equivalent xors: 0 left with: 53
c [matrix] unused xors from cleaning: 0
c [matrix] Good   matrix 0 53      x106    density:0.1803  xorlen avg: 19.11
c [matrix] Using 1 matrices recovered from 0 xors T: 0.00 T-out: N
c rst  geom best vmt  922   444 K 2451    20000  2340 6.63    6.15      668   305   44K   141 27.92   27.84  
c [distill-bin] useful: 0/2340/2340 lits-rem: 0 cl-rem: 0 0-depth-assigns: 0 T: 0.01 T-out: N
c rst  geom best vmt  923   444 K 2451    20000  2340 6.63    6.15      668   306   44K   141 27.94   27.86  
c rst  geom best vmt  924   444 K 2451    20000  2340 6.63    6.15      668   307   44K   141 27.96   27.88  
c rst  geom best vmt  925   444 K 2451    20000  2340 6.63    6.15      668   309   44K   141 27.97   27.89  
c rst  geom best vmt  926   444 K 2451    20000  2340 6.63    6.15      668   310   44K   141 27.99   27.91  
c rst  geom best vmt  927   445 K 2451    20000  2340 6.63    6.15      668   316   45K   141 27.99   27.91  
c rst  geom best vmt  928   445 K 2451    20000  2340 6.63    6.15      668   318   45K   141 28.01   27.93  
c [distill-long-red0] cls tried: 35/35 T: 0.00 T-out: N T-r: 99.96%
c [distill-long-red1] cls tried: 105/105 T: 0.01 T-out: N T-r: 19.36%
c rst  geom best vmt  929   445 K 2451    20000  2340 6.63    6.15      668   318   45K   141 28.02   27.94  
c rst  geom best vmt  930   446 K 2451    20000  2340 6.63    6.15      670   320   46K   141 28.07   27.99  
c [ccnr] tries: 0 steps: 262143 best found: 8
c [ccnr] saving best assignment phase to stable_polar
c [ccnr] bumping based on clause weights
c [ccnr] Bumped vars: 104 bump type: 6
c [ccnr] time: 0.29
c rst  geom best vmt  931   446 K 2451    20000  2340 6.63    6.15      672   327   46K   141 28.08   28.00  
c rst  geom best vmt  932   446 K 2451    20000  2340 6.63    6.15      672   329   46K   141 28.09   28.01  
c rst  geom best vmt  933   447 K 2451    20000  2340 6.63    6.15      674   336   47K   141 28.12   28.05  
c rst  geom best vmt  934   447 K 2451    20000  2340 6.63    6.15      674   338   47K   141 28.17   28.10  
c rst  geom best vmt  935   448 K 2451    20000  2340 6.63    6.15      674   339   48K   141 28.24   28.17  
c rst  geom best vmt  936   448 K 2451    20000  2340 6.63    6.15      674   339   48K   141 28.24   28.17  
c rst  geom best vmt  937   449 K 2451    20000  2340 6.63    6.15      674   340   49K   141 28.32   28.25  
c rst  geom best vmt  938   449 K 2451    20000  2340 6.63    6.15      675   340   49K   141 28.39   28.32  
c rst  geom best vmt  939   450 K 2451    20000  2340 6.63    6.15      716   346   32K   141 27.44   27.34  
c [full-probe]  bin_only: 0 set: 0 repl: 0 T: 0.01 T-out: N T-r: 98.60%
c rst  geom best vmt  940   451 K 2451    20000  2340 6.63    6.15      716   351   33K   141 27.59   27.48  
c rst  geom best vmt  941   452 K 2451    20000  2340 6.63    6.15      716   356   34K   141 27.68   27.57  
c rst  geom best vmt  942   453 K 2451    20000  2340 6.63    6.15      717   364   34K   141 27.87   27.77  
c rst  geom stb  vmt  943   454 K 2451    20000  2340 6.63    6.15      717   369   36K   141 28.23   28.13  
c rst  geom stb  vmt  944   455 K 2451    20000  2340 6.63    6.15      717   371   37K   141 28.60   28.50  
c rst  geom stb  vmt  945   456 K 2451    20000  2340 6.63    6.15      717   372   38K   141 29.10   29.01  
c rst  geom stb  vmt  946   458 K 2451    20000  2340 6.63    6.15      718   376   39K   141 29.57   29.47  
c rst  geom stb  vmt  947   459 K 2451    20000  2340 6.63    6.15      719   382   41K   141 29.92   29.82  
c [distill] watch-based irred--  cl tried 23311    cl-sh 0     cl-rem 0    lit-rem 0      T: 0.04 T-out: Y
c [distill] watch-based red  --  cl tried 1438     cl-sh 2     cl-rem 0    lit-rem 3      T: 0.00 T-out: N
c rst  geom stb  vmt  948   461 K 2451    20000  2340 6.63    6.15      752   329   43K   141 29.94   29.85  
c [distill-long-red0] cls tried: 49/49 T: 0.00 T-out: N T-r: 99.96%
c [distill-long-red1] cls tried: 78/78 T: 0.01 T-out: N T-r: 47.36%
c rst  geom stb  vmt  949   463 K 2451    20000  2340 6.63    6.15      754   332   44K   141 30.03   29.94  
c rst  geom ibes vmt  950   465 K 2451    20000  2340 6.63    6.15      760   395   28K   141 33.42   33.27  
c [distill-bin] useful: 0/2340/2340 lits-rem: 0 cl-rem: 0 0-depth-assigns: 0 T: 0.01 T-out: N
c [impl-str] lit bin: 0 set-var: 0 T: 0.00 T-out: N T-r: 99.96% w-visit: 4906
c [impl-sub] bin: 0 T: 0.00 T-out: N w-visit: 4906
c rst  geom ibes vmt  951   467 K 2451    20000  2340 6.63    6.15      760   404   30K   141 32.95   32.82  
c rst  geom ibes vmt  952   470 K 2451    20000  2340 6.63    6.15      760   409   33K   141 32.65   32.52  
c rst  geom ibes vmt  953   472 K 2451    20000  2340 6.63    6.15      788   361   36K   141 32.38   32.26  
c [full-probe]  bin_only: 1 set: 0 repl: 0 T: 0.01 T-out: N T-r: 99.74%
c rst  geom ibes vmt  954   475 K 2451    20000  2340 6.63    6.15      789   371   39K   141 32.12   32.02  
c rst  geom svd  vmt  955   479 K 2451    20000  2340 6.63    6.15      790   372   42K   141 32.06   31.96  
c [distill-long-red0] cls tried: 23/23 T: 0.00 T-out: N T-r: 99.97%
c [distill-long-red1] cls tried: 83/83 T: 0.01 T-out: N T-r: 55.99%
c rst  geom svd  vmt  956   482 K 2451    20000  2340 6.63    6.15      817   396   34K   141 32.28   32.16  
c rst  geom svd  vmt  957   486 K 2451    20000  2340 6.63    6.15      817   405   38K   141 32.32   32.21  
c [distill-bin] useful: 0/2340/2340 lits-rem: 0 cl-rem: 0 0-depth-assigns: 0 T: 0.01 T-out: N
c [distill] watch-based irred--  cl tried 25557    cl-sh 0     cl-rem 0    lit-rem 0      T: 0.04 T-out: Y
c [distill] watch-based red  --  cl tried 1634     cl-sh 1     cl-rem 0    lit-rem 1      T: 0.00 T-out: N
c rst  geom best vmt  958   491 K 2451    20000  2340 6.63    6.15      855   374   43K   141 31.80   31.71  
c [branch] adjusting to: vsid (from: vmtf) var_decay:0.95 descr: VSIDS
c [ccnr] tries: 0 steps: 262143 best found: 10
c [ccnr] saving best assignment phase to stable_polar
c [ccnr] bumping based on var unsat frequency: conflict_ct
c [ccnr] Bumped vars: 2453 bump type: 6
c [ccnr] time: 0.29
c rst  geom best vs   959   491 K 2451    20000  2340 6.63    6.15      855   375   43K   141 31.78   31.69  
c rst  geom best vs   960   491 K 2451    20000  2340 6.63    6.15      855   375   43K   141 31.76   31.67  
c rst  geom best vs   961   491 K 2451    20000  2340 6.63    6.15      855   375   43K   141 31.74   31.65  
c rst  geom best vs   962   491 K 2451    20000  2340 6.63    6.15      855   375   43K   141 31.72   31.63  
c rst  geom best vs   963   491 K 2451    20000  2340 6.63    6.15      855   375   44K   141 31.71   31.61  
c rst  geom best vs   964   491 K 2451    20000  2340 6.63    6.15      855   377   44K   141 31.68   31.59  
c rst  geom best vs   965   492 K 2451    20000  2340 6.63    6.15      855   379   44K   141 31.65   31.56  
c rst  geom best vs   966   492 K 2451    20000  2340 6.63    6.15      855   381   44K   141 31.63   31.53  
c rst  geom best vs   967   492 K 2451    20000  2340 6.63    6.15      855   383   44K   141 31.59   31.50  
c rst  geom best vs   968   492 K 2451    20000  2340 6.63    6.15      855   384   45K   141 31.55   31.46  
c [full-probe]  bin_only: 0 set: 0 repl: 0 T: 0.01 T-out: N T-r: 97.90%
c rst  geom best vs   969   493 K 2451    20000  2340 6.63    6.15      855   388   45K   141 31.49   31.40  
c rst  geom best vs   970   493 K 2451    20000  2340 6.63    6.15      855   388   45K   141 31.47   31.38  
c rst  geom best vs   971   493 K 2451    20000  2340 6.63    6.15      855   388   46K   141 31.44   31.35  
c rst  geom best vs   972   494 K 2451    20000  2340 6.63    6.15      855   392   46K   141 31.40   31.31  
c [distill-long-red0] cls tried: 37/37 T: 0.00 T-out: N T-r: 99.96%
c [distill-long-red1] cls tried: 66/66 T: 0.01 T-out: N T-r: 55.47%
c rst  geom best vs   973   494 K 2451    20000  2340 6.63    6.15      855   391   46K   142 31.36   31.27  
c rst  geom best vs   974   494 K 2451    20000  2340 6.63    6.15      855   391   47K   142 31.30   31.22  
c rst  geom best vs   975   495 K 2451    20000  2340 6.63    6.15      859   451   33K   142 29.15   29.04  
c rst  geom best vs   976   496 K 2451    20000  2340 6.63    6.15      859   451   34K   142 29.11   29.00  
c rst  geom best vs   977   496 K 2451    20000  2340 6.63    6.15      859   451   34K   142 29.10   28.99  
c rst  geom stb  vs   978   497 K 2451    20000  2340 6.63    6.15      859   452   35K   142 29.19   29.08  
c rst  geom stb  vs   979   497 K 2451    20000  2340 6.63    6.15      859   452   36K   142 29.28   29.18  
c rst  geom stb  vs   980   498 K 2451    20000  2340 6.63    6.15      859   453   37K   142 29.37   29.27  
c rst  geom stb  vs   981   499 K 2451    20000  2340 6.63    6.15      859   453   37K   142 29.47   29.37  
c rst  geom stb  vs   982   500 K 2451    20000  2340 6.63    6.15      897   377   38K   142 29.56   29.46  
c rst  geom stb  vs   983   501 K 2451    20000  2340 6.63    6.15      897   377   39K   142 29.59   29.49  
c rst  geom stb  vs   984   502 K 2451    20000  2340 6.63    6.15      897   377   41K   142 29.74   29.65  
c rst  geom stb  vs   985   504 K 2451    20000  2340 6.63    6.15      899   377   42K   142 29.95   29.86  
c rst  geom stb  vs   986   505 K 2451    20000  2340 6.63    6.15      899   377   43K   142 30.05   29.96  
c rst  geom stb  vs   987   507 K 2451    20000  2340 6.63    6.15      899   379   45K   142 30.25   30.16  
c [distill-bin] useful: 0/2340/2340 lits-rem: 0 cl-rem: 0 0-depth-assigns: 0 T: 0.01 T-out: N
c rst  geom ibes vs   988   508 K 2451    20000  2340 6.63    6.15      899   403   47K   142 29.98   29.90  
c rst  geom ibes vs   989   510 K 2451    20000  2340 6.63    6.15      933   396   29K   142 29.35   29.22  
c [distill-long-red0] cls tried: 27/27 T: 0.00 T-out: N T-r: 99.98%
c [distill-long-red1] cls tried: 131/131 T: 0.01 T-out: N T-r: 53.77%
c [gauss] XOR-encoding clauses are not detached, so no need to reattach them.
c [g 0] truth-find prop checks  : 1311K
c [g 0] -> of which prop        : 34.51 %
c [g 0] -> of which confl       :  1.43 %
c [g 0] elim called             : 167K
c [g 0] ---> which lead to prop : 164.60 %
c [g 0] ---> which lead to confl:  7.08 %
c [g 0] size: 53    x 106  
c [scc] new: 0 BP 0M T: 0.00
c [vrep] vars 0 lits 0 rem-bin-cls 0 rem-long-cls 0 BP 0M T: 0.00
c [intree] Set 0 vars hyper-added: 3 trans-irred: 0 trans-red: 0 T: 0.01 T-out: N T-r: -1.13%
c [find&init matx] performing matrix init
c [gauss] XOR-encoding clauses are not detached, so no need to reattach them.
c [xor-rem-unconnected] left with 266 xors from 266 non-empty xors T: 0.00
c [xor-together] xored together: 213 orig xors: 266 new xors: 53 T: 0.00
c [xor-rem-unconnected] left with 53 xors from 53 non-empty xors T: 0.00
c [xor-clean-equiv] removed equivalent xors: 0 left with: 53
c [matrix] unused xors from cleaning: 0
c [matrix] Good   matrix 0 53      x106    density:0.1803  xorlen avg: 19.11
c [matrix] Using 1 matrices recovered from 0 xors T: 0.00 T-out: N
c rst  geom ibes vs   990   512 K 2451    20000  2340 6.63    6.15      933   403   31K   145 28.98   28.86  
c [distill] watch-based irred--  cl tried 26896    cl-sh 0     cl-rem 0    lit-rem 0      T: 0.03 T-out: N
c [distill] watch-based red  --  cl tried 1866     cl-sh 0     cl-rem 0    lit-rem 0      T: 0.00 T-out: N
c rst  geom ibes vs   991   514 K 2451    20000  2340 6.63    6.15      933   403   33K   145 28.70   28.59  
c [full-probe]  bin_only: 1 set: 0 repl: 0 T: 0.01 T-out: N T-r: 99.84%
c rst  geom ibes vs   992   517 K 2451    20000  2340 6.63    6.15      933   404   36K   145 28.31   28.21  
c rst  geom svd  vs   993   520 K 2451    20000  2340 6.63    6.15      954   341   39K   145 28.14   28.05  
c rst  geom svd  vs   994   523 K 2451    20000  2340 6.63    6.15      954   341   42K   145 27.94   27.85  
c rst  geom svd  vs   995   526 K 2451    20000  2340 6.63    6.15      959   383   35K   145 26.76   26.66  
c [distill-long-red0] cls tried: 13/13 T: 0.00 T-out: N T-r: 99.98%
c [distill-long-red1] cls tried: 43/43 T: 0.00 T-out: N T-r: 76.96%
c [impl-str] lit bin: 0 set-var: 0 T: 0.00 T-out: N T-r: 99.96% w-visit: 4906
c [impl-sub] bin: 0 T: 0.00 T-out: N w-visit: 4906
c rst  geom svd  vs   996   530 K 2451    20000  2340 6.63    6.15      971   355   38K   145 26.74   26.65  
c [distill-bin] useful: 0/2340/2340 lits-rem: 0 cl-rem: 0 0-depth-assigns: 0 T: 0.01 T-out: N
c rst  geom best vs   997   534 K 2451    20000  2340 6.63    6.15      972   363   42K   145 26.93   26.85  
c rst  geom best vs   998   538 K 2451    20000  2340 6.63    6.15      972   392   47K   145 26.63   26.55  
c [full-probe]  bin_only: 0 set: 0 repl: 0 T: 0.01 T-out: N T-r: 98.36%
c [distill] watch-based irred--  cl tried 23449    cl-sh 0     cl-rem 0    lit-rem 0      T: 0.04 T-out: Y
c [distill] watch-based red  --  cl tried 1944     cl-sh 0     cl-rem 0    lit-rem 0      T: 0.00 T-out: N
c [ccnr] tries: 0 steps: 262143 best found: 5
c [ccnr] saving best assignment phase to stable_polar
c [ccnr] bumping based on var unsat frequency: conflict_ct
c [ccnr] Bumped vars: 2453 bump type: 6
c [ccnr] time: 0.29
c rst  geom best vs   999   543 K 2451    20000  2340 6.63    6.15     1007   442   38K   145 25.09   25.01  
c [branch] adjusting to: vmtf (from: vsid) var_decay:0.95 descr: VMTF
c [distill-long-red0] cls tried: 20/20 T: 0.00 T-out: N T-r: 99.97%
c [distill-long-red1] cls tried: 135/135 T: 0.01 T-out: N T-r: 43.57%
c rst  luby stb  vmt  1000  543 K 2451    20000  2340 6.63    6.15     1007   446   38K   145 25.10   25.01  
c rst  luby stb  vmt  1001  543 K 2451    20000  2340 6.63    6.15     1007   447   39K   145 25.10   25.02  
c rst  luby stb  vmt  1002  543 K 2451    20000  2340 6.63    6.15     1008   457   39K   145 25.09   25.01  
c rst  luby stb  vmt  1003  543 K 2451    20000  2340 6.63    6.15     1008   459   39K   145 25.09   25.01  
c rst  luby stb  vmt  1004  543 K 2451    20000  2340 6.63    6.15     1008   460   39K   145 25.07   24.99  
c rst  luby stb  vmt  1005  544 K 2451    20000  2340 6.63    6.15     1008   461   39K   145 25.11   25.03  
c rst  luby stb  vmt  1006  544 K 2451    20000  2340 6.63    6.15     1008   467   40K   145 25.10   25.02  
c rst  luby stb  vmt  1007  544 K 2451    20000  2340 6.63    6.15     1008   467   40K   145 25.11   25.03  
c rst  luby stb  vmt  1008  544 K 2451    20000  2340 6.63    6.15     1008   469   40K   145 25.11   25.03  
c rst  luby stb  vmt  1009  544 K 2451    20000  2340 6.63    6.15     1008   469   40K   145 25.14   25.06  
c rst  luby stb  vmt  1010  544 K 2451    20000  2340 6.63    6.15     1008   469   40K   145 25.14   25.06  
c rst  luby stb  vmt  1011  545 K 2451    20000  2340 6.63    6.15     1008   470   40K   145 25.15   25.07  
c rst  luby stb  vmt  1012  545 K 2451    20000  2340 6.63    6.15     1010   473   40K   145 25.17   25.09  
c rst  luby stb  vmt  1013  545 K 2451    20000  2340 6.63    6.15     1010   476   41K   145 25.17   25.09  
c rst  luby stb  vmt  1014  546 K 2451    20000  2340 6.63    6.15     1010   479   42K   145 25.26   25.19  
c rst  luby stb  vmt  1015  546 K 2451    20000  2340 6.63    6.15     1010   479   42K   145 25.27   25.19  
c rst  luby stb  vmt  1016  546 K 2451    20000  2340 6.63    6.15     1010   479   42K   145 25.29   25.21  
c rst  luby stb  vmt  1017  546 K 2451    20000  2340 6.63    6.15     1010   479   42K   145 25.33   25.25  
c rst  luby stb  vmt  1018  546 K 2451    20000  2340 6.63    6.15     1010   479   42K   145 25.36   25.28  
c rst  luby stb  vmt  1019  547 K 2451    20000  2340 6.63    6.15     1010   479   42K   145 25.37   25.30  
c rst  luby stb  vmt  1020  547 K 2451    20000  2340 6.63    6.15     1010   479   42K   145 25.43   25.36  
c rst  luby stb  vmt  1021  547 K 2451    20000  2340 6.63    6.15     1010   479   43K   145 25.56   25.49  
c rst  luby stb  vmt  1022  547 K 2451    20000  2340 6.63    6.15     1010   479   43K   145 25.60   25.52  
c rst  luby stb  vmt  1023  547 K 2451    20000  2340 6.63    6.15     1010   481   43K   145 25.61   25.54  
c rst  luby stb  vmt  1024  548 K 2451    20000  2340 6.63    6.15     1010   481   43K   145 25.64   25.57  
c rst  luby stb  vmt  1025  548 K 2451    20000  2340 6.63    6.15     1010   482   43K   145 25.67   25.60  
c rst  luby stb  vmt  1026  548 K 2451    20000  2340 6.63    6.15     1010   484   43K   145 25.70   25.63  
c rst  luby stb  vmt  1027  548 K 2451    20000  2340 6.63    6.15     1010   484   44K   145 25.77   25.69  
c rst  luby stb  vmt  1028  548 K 2451    20000  2340 6.63    6.15     1010   484   44K   145 25.88   25.80  
c rst  luby stb  vmt  1029  549 K 2451    20000  2340 6.63    6.15     1010   490   45K   145 26.08   26.00  
c rst  luby stb  vmt  1030  551 K 2451    20000  2340 6.63    6.15     1048   447   46K   145 26.29   26.21  
c [distill-bin] useful: 0/2340/2340 lits-rem: 0 cl-rem: 0 0-depth-assigns: 0 T: 0.01 T-out: N
c rst  luby stb  vmt  1031  551 K 2451    20000  2340 6.63    6.15     1048   447   47K   145 26.30   26.22  
c rst  luby stb  vmt  1032  551 K 2451    20000  2340 6.63    6.15     1048   450   47K   145 26.30   26.22  
c rst  luby stb  vmt  1033  551 K 2451    20000  2340 6.63    6.15     1048   451   47K   145 26.35   26.28  
c rst  luby stb  vmt  1034  551 K 2451    20000  2340 6.63    6.15     1048   451   47K   145 26.38   26.30  
c rst  luby stb  vmt  1035  551 K 2451    20000  2340 6.63    6.15     1048   451   47K   145 26.39   26.32  
c rst  luby stb  vmt  1036  552 K 2451    20000  2340 6.63    6.15     1048   452   47K   145 26.42   26.35  
c rst  luby stb  vmt  1037  552 K 2451    20000  2340 6.63    6.15     1048   455   48K   145 26.48   26.40  
c rst  luby stb  vmt  1038  552 K 2451    20000  2340 6.63    6.15     1048   455   48K   145 26.49   26.42  
c rst  luby stb  vmt  1039  552 K 2451    20000  2340 6.63    6.15     1048   456   48K   145 26.50   26.43  
c rst  luby stb  vmt  1040  552 K 2451    20000  2340 6.63    6.15     1048   458   48K   145 26.54   26.47  
c rst  luby stb  vmt  1041  553 K 2451    20000  2340 6.63    6.15     1048   458   48K   145 26.56   26.48  
c rst  luby stb  vmt  1042  553 K 2451    20000  2340 6.63    6.15     1048   458   48K   145 26.57   26.50  
c rst  luby stb  vmt  1043  553 K 2451    20000  2340 6.63    6.15     1048   459   48K   145 26.61   26.54  
c rst  luby stb  vmt  1044  553 K 2451    20000  2340 6.63    6.15     1048   459   49K   145 26.71   26.64  
c rst  luby ibes vmt  1045  554 K 2451    20000  2340 6.63    6.15     1049   467   50K   145 26.74   26.67  
c rst  luby ibes vmt  1046  554 K 2451    20000  2340 6.63    6.15     1049   467   50K   145 26.74   26.67  
c rst  luby ibes vmt  1047  554 K 2451    20000  2340 6.63    6.15     1049   467   50K   145 26.75   26.68  
c rst  luby ibes vmt  1048  554 K 2451    20000  2340 6.63    6.15     1049   469   50K   145 26.76   26.69  
c rst  luby ibes vmt  1049  555 K 2451    20000  2340 6.63    6.15     1059   544   32K   145 27.21   27.10  
c rst  luby ibes vmt  1050  555 K 2451    20000  2340 6.63    6.15     1059   546   33K   145 27.24   27.13  
c rst  luby ibes vmt  1051  555 K 2451    20000  2340 6.63    6.15     1059   546   33K   145 27.22   27.12  
c rst  luby ibes vmt  1052  555 K 2451    20000  2340 6.63    6.15     1059   548   33K   145 27.24   27.14  
c rst  luby ibes vmt  1053  555 K 2451    20000  2340 6.63    6.15     1059   550   33K   145 27.26   27.15  
c rst  luby ibes vmt  1054  555 K 2451    20000  2340 6.63    6.15     1059   550   33K   145 27.26   27.16  
c rst  luby ibes vmt  1055  556 K 2451    20000  2340 6.63    6.15     1059   551   34K   145 27.25   27.15  
c rst  luby ibes vmt  1056  556 K 2451    20000  2340 6.63    6.15     1059   551   34K   145 27.25   27.15  
c rst  luby ibes vmt  1057  556 K 2451    20000  2340 6.63    6.15     1060   553   34K   145 27.25   27.15  
c rst  luby ibes vmt  1058  556 K 2451    20000  2340 6.63    6.15     1060   553   34K   145 27.27   27.17  
c rst  luby ibes vmt  1059  556 K 2451    20000  2340 6.63    6.15     1060   553   34K   145 27.30   27.20  
c rst  luby ibes vmt  1060  557 K 2451    20000  2340 6.63    6.15     1068   590   35K   145 27.40   27.31  
c rst  luby ibes vmt  1061  559 K 2451    20000  2340 6.63    6.15     1068   594   37K   145 27.50   27.40  
c [distill-long-red0] cls tried: 43/43 T: 0.00 T-out: N T-r: 99.93%
c [distill-long-red1] cls tried: 171/171 T: 0.01 T-out: N T-r: 3.35%
c [full-probe]  bin_only: 1 set: 0 repl: 0 T: 0.00 T-out: N T-r: 99.87%
c rst  luby ibes vmt  1062  562 K 2451    20000  2340 6.63    6.15     1137   531   40K   145 27.89   27.80  
c rst  luby ibes vmt  1063  562 K 2451    20000  2340 6.63    6.15     1137   531   40K   145 27.89   27.81  
c rst  luby ibes vmt  1064  562 K 2451    20000  2340 6.63    6.15     1137   533   40K   145 27.88   27.79  
c rst  luby ibes vmt  1065  562 K 2451    20000  2340 6.63    6.15     1137   536   40K   145 27.94   27.85  
c rst  luby ibes vmt  1066  563 K 2451    20000  2340 6.63    6.15     1137   536   40K   145 27.94   27.85  
c rst  luby ibes vmt  1067  563 K 2451    20000  2340 6.63    6.15     1137   536   41K   145 27.94   27.85  
c rst  luby ibes vmt  1068  563 K 2451    20000  2340 6.63    6.15     1137   546   41K   145 27.91   27.83  
c rst  luby ibes vmt  1069  563 K 2451    20000  2340 6.63    6.15     1137   553   41K   145 27.95   27.86  
c [distill] watch-based irred--  cl tried 22578    cl-sh 0     cl-rem 0    lit-rem 0      T: 0.04 T-out: Y
c [distill] watch-based red  --  cl tried 2274     cl-sh 1     cl-rem 0    lit-rem 1      T: 0.00 T-out: N
c rst  luby ibes vmt  1070  563 K 2451    20000  2340 6.63    6.15     1137   554   41K   145 27.96   27.87  
c rst  luby ibes vmt  1071  563 K 2451    20000  2340 6.63    6.15     1137   554   41K   145 27.96   27.88  
c rst  luby ibes vmt  1072  564 K 2451    20000  2340 6.63    6.15     1138   557   41K   145 27.95   27.86  
c rst  luby ibes vmt  1073  564 K 2451    20000  2340 6.63    6.15     1138   557   42K   145 27.96   27.88  
c rst  luby ibes vmt  1074  564 K 2451    20000  2340 6.63    6.15     1138   557   42K   145 27.95   27.87  
c rst  luby svd  vmt  1075  564 K 2451    20000  2340 6.63    6.15     1138   558   42K   145 28.01   27.93  
c rst  luby svd  vmt  1076  565 K 2451    20000  2340 6.63    6.15     1138   562   42K   145 28.08   27.99  
c rst  luby svd  vmt  1077  565 K 2451    20000  2340 6.63    6.15     1139   567   43K   145 28.33   28.24  
c rst  luby svd  vmt  1078  565 K 2451    20000  2340 6.63    6.15     1139   567   43K   145 28.35   28.26  
c rst  luby svd  vmt  1079  566 K 2451    20000  2340 6.63    6.15     1139   567   43K   145 28.37   28.29  
c rst  luby svd  vmt  1080  566 K 2451    20000  2340 6.63    6.15     1139   567   43K   145 28.40   28.32  
c rst  luby svd  vmt  1081  566 K 2451    20000  2340 6.63    6.15     1139   567   44K   145 28.42   28.33  
c rst  luby svd  vmt  1082  566 K 2451    20000  2340 6.63    6.15     1139   567   44K   145 28.43   28.35  
c rst  luby svd  vmt  1083  566 K 2451    20000  2340 6.63    6.15     1139   567   44K   145 28.48   28.40  
c rst  luby svd  vmt  1084  567 K 2451    20000  2340 6.63    6.15     1139   569   44K   145 28.55   28.47  
c rst  luby svd  vmt  1085  567 K 2451    20000  2340 6.63    6.15     1139   570   44K   145 28.56   28.48  
c rst  luby svd  vmt  1086  567 K 2451    20000  2340 6.63    6.15     1139   570   45K   145 28.58   28.49  
c rst  luby svd  vmt  1087  567 K 2451    20000  2340 6.63    6.15     1139   572   45K   145 28.57   28.49  
c rst  luby svd  vmt  1088  567 K 2451    20000  2340 6.63    6.15     1139   573   45K   145 28.58   28.50  
c rst  luby svd  vmt  1089  567 K 2451    20000  2340 6.63    6.15     1139   573   45K   145 28.59   28.51  
c rst  luby svd  vmt  1090  567 K 2451    20000  2340 6.63    6.15     1139   575   45K   145 28.61   28.53  
c rst  luby svd  vmt  1091  568 K 2451    20000  2340 6.63    6.15     1139   576   46K   145 28.69   28.61  
c rst  luby svd  vmt  1092  569 K 2451    20000  2340 6.63    6.15     1139   579   46K   145 28.82   28.74  
c rst  luby svd  vmt  1093  570 K 2451    20000  2340 6.63    6.15     1234   590   32K   145 30.41   30.29  
c rst  luby svd  vmt  1094  570 K 2451    20000  2340 6.63    6.15     1234   590   32K   145 30.43   30.31  
c rst  luby svd  vmt  1095  570 K 2451    20000  2340 6.63    6.15     1234   593   33K   145 30.44   30.32  
c rst  luby svd  vmt  1096  571 K 2451    20000  2340 6.63    6.15     1234   593   33K   145 30.47   30.35  
c rst  luby svd  vmt  1097  571 K 2451    20000  2340 6.63    6.15     1234   593   33K   145 30.47   30.36  
c rst  luby svd  vmt  1098  571 K 2451    20000  2340 6.63    6.15     1234   593   33K   145 30.49   30.37  
c rst  luby svd  vmt  1099  571 K 2451    20000  2340 6.63    6.15     1234   594   33K   145 30.51   30.40  
c [distill-bin] useful: 0/2340/2340 lits-rem: 0 cl-rem: 0 0-depth-assigns: 0 T: 0.01 T-out: N
c rst  luby svd  vmt  1100  571 K 2451    20000  2340 6.63    6.15     1234   605   34K   145 30.53   30.42  
c rst  luby svd  vmt  1101  571 K 2451    20000  2340 6.63    6.15     1234   605   34K   145 30.54   30.43  
c rst  luby svd  vmt  1102  572 K 2451    20000  2340 6.63    6.15     1234   610   34K   145 30.55   30.43  
c rst  luby svd  vmt  1103  572 K 2451    20000  2340 6.63    6.15     1235   612   34K   145 30.56   30.45  
c rst  luby svd  vmt  1104  572 K 2451    20000  2340 6.63    6.15     1235   613   34K   145 30.58   30.47  
c rst  luby svd  vmt  1105  572 K 2451    20000  2340 6.63    6.15     1235   613   34K   145 30.59   30.48  
c rst  luby svd  vmt  1106  572 K 2451    20000  2340 6.63    6.15     1235   618   34K   145 30.61   30.50  
c rst  luby svd  vmt  1107  573 K 2451    20000  2340 6.63    6.15     1235   618   35K   145 30.70   30.59  
c rst  luby svd  vmt  1108  573 K 2451    20000  2340 6.63    6.15     1236   639   35K   145 30.84   30.73  
c rst  luby svd  vmt  1109  573 K 2451    20000  2340 6.63    6.15     1236   639   36K   145 30.86   30.75  
c rst  luby svd  vmt  1110  574 K 2451    20000  2340 6.63    6.15     1236   639   36K   145 30.88   30.77  
c rst  luby svd  vmt  1111  574 K 2451    20000  2340 6.63    6.15     1237   645   36K   145 30.92   30.81  
c rst  luby svd  vmt  1112  574 K 2451    20000  2340 6.63    6.15     1237   646   36K   145 30.94   30.83  
c rst  luby svd  vmt  1113  574 K 2451    20000  2340 6.63    6.15     1238   647   36K   145 30.94   30.83  
c [distill-long-red0] cls tried: 51/51 T: 0.00 T-out: N T-r: 99.92%
c [distill-long-red1] cls tried: 150/219 T: 0.01 T-out: Y T-r: -0.61%
c rst  luby svd  vmt  1114  574 K 2451    20000  2340 6.63    6.15     1238   651   36K   145 30.97   30.86  
c rst  luby svd  vmt  1115  575 K 2451    20000  2340 6.63    6.15     1238   653   37K   145 31.06   30.95  
c rst  luby svd  vmt  1116  575 K 2451    20000  2340 6.63    6.15     1238   654   37K   145 31.07   30.97  
c rst  geom best vmt  1117  575 K 2451    20000  2340 6.63    6.15     1238   655   37K   145 31.07   30.96  
c rst  geom best vmt  1118  575 K 2451    20000  2340 6.63    6.15     1238   655   37K   145 31.09   30.99  
c rst  geom best vmt  1119  575 K 2451    20000  2340 6.63    6.15     1238   655   37K   145 31.07   30.97  
c rst  geom best vmt  1120  575 K 2451    20000  2340 6.63    6.15     1238   656   37K   145 31.06   30.96  
c [gauss] XOR-encoding clauses are not detached, so no need to reattach them.
c [g 0] truth-find prop checks  : 1346K
c [g 0] -> of which prop        : 31.69 %
c [g 0] -> of which confl       :  1.33 %
c [g 0] elim called             : 195K
c [g 0] ---> which lead to prop : 136.71 %
c [g 0] ---> which lead to confl:  6.24 %
c [g 0] size: 53    x 106  
c [scc] new: 0 BP 0M T: 0.00
c [vrep] vars 0 lits 0 rem-bin-cls 0 rem-long-cls 0 BP 0M T: 0.00
c [intree] Set 0 vars hyper-added: 0 trans-irred: 0 trans-red: 0 T: 0.01 T-out: N T-r: -0.79%
c [find&init matx] performing matrix init
c [gauss] XOR-encoding clauses are not detached, so no need to reattach them.
c [xor-rem-unconnected] left with 266 xors from 266 non-empty xors T: 0.00
c [xor-together] xored together: 213 orig xors: 266 new xors: 53 T: 0.00
c [xor-rem-unconnected] left with 53 xors from 53 non-empty xors T: 0.00
c [xor-clean-equiv] removed equivalent xors: 0 left with: 53
c [matrix] unused xors from cleaning: 0
c [matrix] Good   matrix 0 53      x106    density:0.1803  xorlen avg: 19.11
c [matrix] Using 1 matrices recovered from 0 xors T: 0.00 T-out: N
c rst  geom best vmt  1121  575 K 2451    20000  2340 6.63    6.15     1239   656   37K   145 31.08   30.98  
c rst  geom best vmt  1122  576 K 2451    20000  2340 6.63    6.15     1239   656   38K   145 31.05   30.94  
c rst  geom best vmt  1123  576 K 2451    20000  2340 6.63    6.15     1240   658   38K   145 31.02   30.92  
c rst  geom best vmt  1124  576 K 2451    20000  2340 6.63    6.15     1240   662   38K   145 31.01   30.90  
c rst  geom best vmt  1125  576 K 2451    20000  2340 6.63    6.15     1240   662   38K   145 31.01   30.91  
c rst  geom best vmt  1126  576 K 2451    20000  2340 6.63    6.15     1240   663   39K   145 31.00   30.90  
c rst  geom best vmt  1127  577 K 2451    20000  2340 6.63    6.15     1240   668   39K   145 30.95   30.85  
c rst  geom best vmt  1128  577 K 2451    20000  2340 6.63    6.15     1241   671   39K   145 30.95   30.85  
c rst  geom best vmt  1129  577 K 2451    20000  2340 6.63    6.15     1241   674   39K   145 30.98   30.88  
c rst  geom best vmt  1130  578 K 2451    20000  2340 6.63    6.15     1243   676   40K   145 30.96   30.86  
c rst  geom best vmt  1131  578 K 2451    20000  2340 6.63    6.15     1243   679   40K   145 30.96   30.86  
c rst  geom best vmt  1132  579 K 2451    20000  2340 6.63    6.15     1243   680   41K   145 30.91   30.81  
c rst  geom best vmt  1133  579 K 2451    20000  2340 6.63    6.15     1243   681   41K   145 30.87   30.77  
c [full-probe]  bin_only: 0 set: 0 repl: 0 T: 0.01 T-out: N T-r: 98.33%
c rst  geom best vmt  1134  580 K 2451    20000  2340 6.63    6.15     1315   568   42K   145 30.80   30.71  
c rst  geom best vmt  1135  580 K 2451    20000  2340 6.63    6.15     1315   570   42K   145 30.72   30.62  
c rst  geom best vmt  1136  581 K 2451    20000  2340 6.63    6.15     1316   583   43K   145 30.72   30.62  
c rst  geom best vmt  1137  582 K 2451    20000  2340 6.63    6.15     1317   587   44K   145 30.70   30.61  
c rst  geom best vmt  1138  582 K 2451    20000  2340 6.63    6.15     1317   589   45K   145 30.72   30.64  
c [ccnr] tries: 0 steps: 262143 best found: 6
c [ccnr] saving best assignment phase to stable_polar
c [ccnr] bumping based on clause weights
c [ccnr] Bumped vars: 101 bump type: 6
c [ccnr] time: 0.29
c rst  geom best vmt  1139  583 K 2451    20000  2340 6.63    6.15     1320   603   45K   145 30.81   30.73  
c rst  geom best vmt  1140  584 K 2451    20000  2340 6.63    6.15     1320   606   46K   145 30.76   30.67  
c rst  geom best vmt  1141  585 K 2451    20000  2340 6.63    6.15     1328   692   32K   145 30.96   30.84  
c rst  geom best vmt  1142  586 K 2451    20000  2340 6.63    6.15     1329   703   34K   145 31.09   30.98  
c [impl-str] lit bin: 0 set-var: 0 T: 0.00 T-out: N T-r: 99.96% w-visit: 4906
c [impl-sub] bin: 0 T: 0.00 T-out: N w-visit: 4906
c rst  geom stb  vmt  1143  588 K 2451    20000  2340 6.63    6.15     1329   706   35K   145 31.16   31.05  
c rst  geom stb  vmt  1144  589 K 2451    20000  2340 6.63    6.15     1330   713   36K   145 31.22   31.11  
c [distill-long-red0] cls tried: 68/68 T: 0.00 T-out: N T-r: 99.94%
c [distill-long-red1] cls tried: 196/196 T: 0.01 T-out: N T-r: 15.80%
c [distill] watch-based irred--  cl tried 26546    cl-sh 0     cl-rem 0    lit-rem 0      T: 0.04 T-out: Y
c [distill] watch-based red  --  cl tried 2660     cl-sh 0     cl-rem 0    lit-rem 0      T: 0.00 T-out: N
c rst  geom stb  vmt  1145  591 K 2451    20000  2340 6.63    6.15     1387   645   38K   145 31.48   31.38  
c rst  geom stb  vmt  1146  592 K 2451    20000  2340 6.63    6.15     1387   652   39K   145 31.69   31.59  
c [distill-bin] useful: 0/2340/2340 lits-rem: 0 cl-rem: 0 0-depth-assigns: 0 T: 0.01 T-out: N
c rst  geom stb  vmt  1147  594 K 2451    20000  2340 6.63    6.15     1387   655   41K   145 31.82   31.73  
c rst  geom stb  vmt  1148  596 K 2451    20000  2340 6.63    6.15     1388   661   43K   145 31.95   31.85  
c rst  geom stb  vmt  1149  599 K 2451    20000  2340 6.63    6.15     1389   667   46K   145 32.11   32.02  
c rst  geom ibes vmt  1150  601 K 2451    20000  2340 6.63    6.15     1430   674   30K   145 31.34   31.21  
c [branch] adjusting to: vsid (from: vmtf) var_decay:0.95 descr: VSIDS
c [full-probe]  bin_only: 1 set: 0 repl: 0 T: 0.01 T-out: N T-r: 99.82%
c rst  geom ibes vs   1151  601 K 2451    20000  2340 6.63    6.15     1431   675   30K   145 31.32   31.20  
c rst  geom ibes vs   1152  601 K 2451    20000  2340 6.63    6.15     1431   675   30K   145 31.31   31.18  
c rst  geom ibes vs   1153  601 K 2451    20000  2340 6.63    6.15     1431   675   31K   145 31.28   31.16  
c rst  geom ibes vs   1154  602 K 2451    20000  2340 6.63    6.15     1431   675   31K   145 31.26   31.14  
c rst  geom ibes vs   1155  602 K 2451    20000  2340 6.63    6.15     1431   675   31K   145 31.24   31.12  
c rst  geom ibes vs   1156  602 K 2451    20000  2340 6.63    6.15     1431   675   31K   145 31.21   31.08  
c rst  geom ibes vs   1157  602 K 2451    20000  2340 6.63    6.15     1431   675   31K   145 31.16   31.04  
c rst  geom ibes vs   1158  602 K 2451    20000  2340 6.63    6.15     1431   675   32K   145 31.11   30.99  
c rst  geom ibes vs   1159  603 K 2451    20000  2340 6.63    6.15     1431   675   32K   145 31.05   30.93  
c rst  geom ibes vs   1160  603 K 2451    20000  2340 6.63    6.15     1431   676   32K   145 30.97   30.85  
c rst  geom ibes vs   1161  603 K 2451    20000  2340 6.63    6.15     1431   676   32K   145 30.90   30.78  
c rst  geom ibes vs   1162  603 K 2451    20000  2340 6.63    6.15     1431   676   33K   145 30.85   30.73  
c rst  geom ibes vs   1163  604 K 2451    20000  2340 6.63    6.15     1431   676   33K   145 30.80   30.68  
c rst  geom ibes vs   1164  604 K 2451    20000  2340 6.63    6.15     1431   678   33K   145 30.71   30.60  
c rst  geom ibes vs   1165  604 K 2451    20000  2340 6.63    6.15     1431   680   34K   145 30.64   30.53  
c [distill-long-red0] cls tried: 22/22 T: 0.00 T-out: N T-r: 99.97%
c [distill-long-red1] cls tried: 97/97 T: 0.01 T-out: N T-r: 46.08%
c rst  geom ibes vs   1166  605 K 2451    20000  2340 6.63    6.15     1431   680   34K   145 30.56   30.45  
c rst  geom ibes vs   1167  605 K 2451    20000  2340 6.63    6.15     1431   680   35K   145 30.50   30.39  
c rst  geom ibes vs   1168  606 K 2451    20000  2340 6.63    6.15     1431   680   35K   145 30.40   30.29  
c rst  geom ibes vs   1169  607 K 2451    20000  2340 6.63    6.15     1431   683   36K   145 30.29   30.18  
c rst  geom ibes vs   1170  607 K 2451    20000  2340 6.63    6.15     1431   683   36K   145 30.17   30.07  
c rst  geom ibes vs   1171  608 K 2451    20000  2340 6.63    6.15     1431   683   37K   145 30.08   29.98  
c rst  geom ibes vs   1172  609 K 2451    20000  2340 6.63    6.15     1431   688   38K   145 29.99   29.89  
c rst  geom ibes vs   1173  610 K 2451    20000  2340 6.63    6.15     1476   625   39K   145 29.87   29.77  
c rst  geom svd  vs   1174  611 K 2451    20000  2340 6.63    6.15     1476   629   40K   145 29.77   29.67  
c rst  geom svd  vs   1175  612 K 2451    20000  2340 6.63    6.15     1476   631   41K   145 29.69   29.60  
c rst  geom svd  vs   1176  612 K 2451    20000  2340 6.63    6.15     1476   632   42K   145 29.69   29.60  
c recursive minimization cost OK: 1059Kcost/(% lits removed)
c [gauss] XOR-encoding clauses are not detached, so no need to reattach them.
c [g 0] truth-find prop checks  : 790K
c [g 0] -> of which prop        : 31.39 %
c [g 0] -> of which confl       :  1.39 %
c [g 0] elim called             : 108K
c [g 0] ---> which lead to prop : 145.46 %
c [g 0] ---> which lead to confl:  6.28 %
c [g 0] size: 53    x 106  
c --> Executing strategy token: scc-vrepl
c [scc] new: 0 BP 0M T: 0.00
c --> Executing strategy token: sub-impl
c [impl-sub] bin: 0 T: 0.00 T-out: N w-visit: 4906
c --> Executing strategy token: breakid
c --> Executing OCC strategy token(s): 'occ-backw-sub-str,occ-clean-implicit,occ-bve,occ-bva,occ-ternary-res,occ-xor,'
c [occ] mem usage for occur 2      MB
c [occ] Linked in IRRED BIN by default: 2340
c [occ] Linked in RED   BIN by default: 145
c [occ] mem usage for occur 0      MB
c Mem for watch alloc      : 10          MB (22.22     %)
c Mem for watch array      : 0           MB (0.23      %)
c --> Executing OCC strategy token: occ-backw-sub-str
c [occ-backw-sub-str-long-w-bins] subs: 0 str: 0 tried: 66369 0-depth ass: 0 T: 0.00 T-out: N T-r: 99.51%
c [occ-backw-sub-long-w-long] rem cl: 52 tried: 64278/64278 (100.0%) T: 0.01 T-out: N T-r: 97.64%
c [occ-backw-sub-str-long-w-long] sub: 2 str: 17 tried: 192834/64278 (300.0)  T: 0.07 T-out: N T-r: 89.75%
c --> Executing OCC strategy token: occ-clean-implicit
c --> Executing OCC strategy token: occ-bve
c [occ-empty-res] Empty resolvent elimed: 0 T: 0.00 T-out: N
c [occ-bve] turning off picosat-based irreg gate detection, added lits:  307K
c [occ-bve] iter v-elim 0
c cl_inc_rate=1.0, var_dec_rate=1.0 (grow=0)
c Reduced to 2451 vars, 22340 cls (grow=0)
c [occ-bve] iter v-elim 0
c cl_inc_rate=1.0, var_dec_rate=1.0 (grow=8)
c Reduced to 2451 vars, 22340 cls (grow=8)
c [occ-bve] iter v-elim 0
c cl_inc_rate=1.0, var_dec_rate=1.0 (grow=16)
c Reduced to 2451 vars, 22340 cls (grow=16)
c x n vars       : 2451
c #try to eliminate:  7353
c #var-elim        :     0
c #T-o: N
c #T-r: 99.99%
c #T  : 1.13
c [occur] 0.04 is overhead
c [occur] link-in T: 0.04 cleanup T: 0.00
c --> Executing OCC strategy token: occ-bva
c --> Executing OCC strategy token: occ-ternary-res
c [occ-ternary-res] Ternary res-tri: 0 res-bin: 0 sub: 0 str: 0 T: 0.00 T-out: N T-r: 99.85%
c --> Executing OCC strategy token: occ-xor
c [occ-xor] sort occur list T: 0.00
c [xor-clean-equiv] removed equivalent xors: 0 left with: 257
c [occ-xor] found    257 avg sz 5.4 min sz  4 max sz  6 T: 0.01 T-out: N T-r: 99.98%
c --> Executing strategy token: card-find
c --> Executing strategy token: cl-consolidate
c Not consolidating memory.
c --> Executing strategy token: scc-vrepl
c [scc] new: 0 BP 0M T: 0.00
c --> Executing strategy token: renumber
c --> Executing strategy token: bosphorus
c --> Executing strategy token: louvain-comms
c [consolidate] mini T: 0.00
c global_timeout_multiplier: 4.8315
c [branch] rebuilding order heap for all branchings. Current branching: vsid
c [find&init matx] performing matrix init
c [gauss] XOR-encoding clauses are not detached, so no need to reattach them.
c [xor-rem-unconnected] left with 257 xors from 257 non-empty xors T: 0.00
c [xor-together] xored together: 204 orig xors: 257 new xors: 53 T: 0.00
c [xor-rem-unconnected] left with 53 xors from 53 non-empty xors T: 0.00
c [xor-clean-equiv] removed equivalent xors: 0 left with: 53
c [matrix] unused xors from cleaning: 0
c [matrix] Good   matrix  0     53 x  110  density:0.1683  xorlen avg: 18.51
c [matrix] Using 1 matrices recovered from 0 xors T: 0.00 T-out: N
c [distill-bin] useful: 0/2340/2340 lits-rem: 0 cl-rem: 0 0-depth-assigns: 0 T: 0.01 T-out: N
c rst  geom  svd   vs  1177  613K    2451 20000  2340    6.63    6.15  1448   656   42K   145   29.74   29.65
c rst  geom  svd   vs  1178  614K    2451 20000  2340    6.63    6.15  1449   657   43K   145   29.78   29.69
c rst  geom  svd   vs  1179  615K    2451 20000  2340    6.63    6.15  1449   661   33K   145   29.06   28.95
c [distill] watch-based irred--  cl tried    27344 cl-sh     0 cl-rem    0 lit-rem      0 T: 0.03 T-out: N
c [distill] watch-based   red--  cl tried     2898 cl-sh     0 cl-rem    0 lit-rem      0 T: 0.00 T-out: N
c rst  geom  svd   vs  1180  617K    2451 20000  2340    6.63    6.15  1449   663   35K   145   29.13   29.02
c rst  geom  svd   vs  1181  619K    2451 20000  2340    6.63    6.15  1449   663   37K   145   29.11   29.01
c rst  geom  svd   vs  1182  621K    2451 20000  2340    6.63    6.15  1469   607   38K   145   28.95   28.85
c [distill-long-red0] cls tried: 18/18 T: 0.00 T-out: N T-r: 99.99%
c [distill-long-red1] cls tried: 53/53 T: 0.00 T-out: N T-r: 70.77%
c rst  geom  svd   vs  1183  623K    2451 20000  2340    6.63    6.15  1469   608   41K   145   28.88   28.79
c [full-probe]  bin_only: 0 set: 0 repl: 0 T: 0.01 T-out: N T-r: 98.44%
c rst  geom best   vs  1184  625K    2451 20000  2340    6.63    6.15  1469   613   43K   145   28.73   28.64
c rst  geom best   vs  1185  627K    2451 20000  2340    6.63    6.15  1470   615   45K   145   28.48   28.40
c [ccnr] tries: 0 steps: 262143 best found: 5
c [ccnr] saving best assignment phase to stable_polar
c [ccnr] bumping based on var unsat frequency: conflict_ct
c [ccnr] Bumped vars: 2453 bump type: 6
c [ccnr] time: 0.29
c rst  geom best   vs  1186  630K    2451 20000  2340    6.63    6.15  1483   590   35K   145   26.24   26.15
c rst  geom best   vs  1187  633K    2451 20000  2340    6.63    6.15  1483   600   38K   145   25.96   25.87
c [distill-bin] useful: 0/2340/2340 lits-rem: 0 cl-rem: 0 0-depth-assigns: 0 T: 0.01 T-out: N
c rst  geom best   vs  1188  636K    2451 20000  2340    6.63    6.15  1483   601   41K   145   25.97   25.89
c [distill-long-red0] cls tried: 3/3 T: 0.00 T-out: N T-r: 100.00%
c [distill-long-red1] cls tried: 62/62 T: 0.01 T-out: N T-r: 60.57%
c rst  geom  stb   vs  1189  640K    2451 20000  2340    6.63    6.15  1505   514   45K   145   26.72   26.64
c rst  geom  stb   vs  1190  644K    2451 20000  2340    6.63    6.15  1505   516   49K   145   27.39   27.32
c [full-probe]  bin_only: 1 set: 0 repl: 0 T: 0.01 T-out: N T-r: 99.84%
c [distill] watch-based irred--  cl tried    26262 cl-sh     0 cl-rem    0 lit-rem      0 T: 0.04 T-out: Y
c [distill] watch-based   red--  cl tried     3010 cl-sh     0 cl-rem    0 lit-rem      0 T: 0.00 T-out: N
c [gauss] XOR-encoding clauses are not detached, so no need to reattach them.
c [g 0] truth-find prop checks  : 593K
c [g 0] -> of which prop        : 31.02 %
c [g 0] -> of which confl       :  1.28 %
c [g 0] elim called             : 76K
c [g 0] ---> which lead to prop : 141.46 %
c [g 0] ---> which lead to confl:  5.79 %
c [g 0] size: 53    x 110  
c [scc] new: 0 BP 0M T: 0.00
c [vrep] vars 0 lits 0 rem-bin-cls 0 rem-long-cls 0 BP 0M T: 0.01
c [intree] Set 0 vars hyper-added: 0 trans-irred: 0 trans-red: 0 T: 0.01 T-out: N T-r: -0.18%
c [find&init matx] performing matrix init
c [gauss] XOR-encoding clauses are not detached, so no need to reattach them.
c [xor-rem-unconnected] left with 257 xors from 257 non-empty xors T: 0.00
c [xor-together] xored together: 204 orig xors: 257 new xors: 53 T: 0.00
c [xor-rem-unconnected] left with 53 xors from 53 non-empty xors T: 0.00
c [xor-clean-equiv] removed equivalent xors: 0 left with: 53
c [matrix] unused xors from cleaning: 0
c [matrix] Good   matrix 0 53      x110    density:0.1683  xorlen avg: 18.51
c [matrix] Using 1 matrices recovered from 0 xors T: 0.00 T-out: N
c rst  geom stb  vs   1191  648 K 2451    20000  2340 6.63    6.15     1513   579   34K   145 27.72   27.62  
c [impl-str] lit bin: 0 set-var: 0 T: 0.00 T-out: N T-r: 99.96% w-visit: 4906
c [impl-sub] bin: 0 T: 0.00 T-out: N w-visit: 4906
c rst  geom ibes vs   1192  653 K 2451    20000  2340 6.63    6.15     1532   514   39K   145 27.38   27.29  
c [distill-long-red0] cls tried: 8/8 T: 0.00 T-out: N T-r: 99.99%
c [distill-long-red1] cls tried: 70/70 T: 0.01 T-out: N T-r: 48.11%
c [distill-bin] useful: 0/2340/2340 lits-rem: 0 cl-rem: 0 0-depth-assigns: 0 T: 0.01 T-out: N
c rst  geom ibes vs   1193  659 K 2451    20000  2340 6.63    6.15     1532   516   44K   145 27.21   27.14  
c rst  geom ibes vs   1194  664 K 2451    20000  2340 6.63    6.15     1546   487   37K   145 27.36   27.27  
c [full-probe]  bin_only: 0 set: 0 repl: 0 T: 0.01 T-out: N T-r: 98.49%
c rst  geom svd  vs   1195  671 K 2451    20000  2340 6.63    6.15     1558   424   43K   145 28.16   28.07  
c [branch] adjusting to: vmtf (from: vsid) var_decay:0.95 descr: VMTF
c [distill-long-red0] cls tried: 2/2 T: 0.00 T-out: N T-r: 100.00%
c [distill-long-red1] cls tried: 41/41 T: 0.00 T-out: N T-r: 62.38%
c [distill] watch-based irred--  cl tried 27344    cl-sh 0     cl-rem 0    lit-rem 0      T: 0.04 T-out: N
c [distill] watch-based red  --  cl tried 3116     cl-sh 0     cl-rem 0    lit-rem 0      T: 0.00 T-out: N
c rst  luby svd  vmt  1196  671 K 2451    20000  2340 6.63    6.15     1562   443   43K   145 28.13   28.05  
c rst  luby svd  vmt  1197  671 K 2451    20000  2340 6.63    6.15     1563   450   43K   145 28.14   28.06  
c rst  luby svd  vmt  1198  671 K 2451    20000  2340 6.63    6.15     1563   452   43K   145 28.18   28.10  
c rst  luby svd  vmt  1199  671 K 2451    20000  2340 6.63    6.15     1563   453   44K   145 28.19   28.11  
c rst  luby svd  vmt  1200  671 K 2451    20000  2340 6.63    6.15     1563   454   44K   145 28.20   28.11  
c [ccnr] tries: 0 steps: 262143 best found: 9
c [ccnr] saving best assignment phase to stable_polar
c [ccnr] bumping based on var unsat frequency: conflict_ct
c [ccnr] Bumped vars: 2453 bump type: 6
c [ccnr] time: 0.30
c rst  luby svd  vmt  1201  672 K 2451    20000  2340 6.63    6.15     1564   473   44K   145 28.18   28.10  
c rst  luby svd  vmt  1202  672 K 2451    20000  2340 6.63    6.15     1567   479   44K   145 28.22   28.14  
c rst  luby svd  vmt  1203  672 K 2451    20000  2340 6.63    6.15     1567   481   44K   145 28.24   28.16  
c rst  luby svd  vmt  1204  672 K 2451    20000  2340 6.63    6.15     1567   481   44K   145 28.27   28.19  
c rst  luby svd  vmt  1205  672 K 2451    20000  2340 6.63    6.15     1567   481   45K   145 28.30   28.22  
c rst  luby svd  vmt  1206  673 K 2451    20000  2340 6.63    6.15     1567   482   45K   145 28.32   28.24  
c rst  luby svd  vmt  1207  673 K 2451    20000  2340 6.63    6.15     1567   482   45K   145 28.35   28.27  
c rst  luby svd  vmt  1208  673 K 2451    20000  2340 6.63    6.15     1567   485   45K   145 28.40   28.32  
c rst  luby svd  vmt  1209  673 K 2451    20000  2340 6.63    6.15     1567   486   45K   145 28.49   28.41  
c rst  luby svd  vmt  1210  674 K 2451    20000  2340 6.63    6.15     1567   491   46K   145 28.61   28.53  
c [distill-bin] useful: 0/2340/2340 lits-rem: 0 cl-rem: 0 0-depth-assigns: 0 T: 0.01 T-out: N
c rst  luby svd  vmt  1211  674 K 2451    20000  2340 6.63    6.15     1567   491   46K   145 28.63   28.55  
c rst  luby svd  vmt  1212  674 K 2451    20000  2340 6.63    6.15     1567   491   46K   145 28.65   28.57  
c rst  luby svd  vmt  1213  674 K 2451    20000  2340 6.63    6.15     1567   493   47K   145 28.66   28.59  
c rst  luby svd  vmt  1214  675 K 2451    20000  2340 6.63    6.15     1567   493   47K   145 28.68   28.60  
c rst  luby svd  vmt  1215  675 K 2451    20000  2340 6.63    6.15     1578   564   30K   145 28.25   28.14  
c rst  luby svd  vmt  1216  675 K 2451    20000  2340 6.63    6.15     1579   567   30K   145 28.31   28.19  
c rst  luby svd  vmt  1217  675 K 2451    20000  2340 6.63    6.15     1579   572   31K   145 28.31   28.20  
c rst  luby svd  vmt  1218  675 K 2451    20000  2340 6.63    6.15     1579   572   31K   145 28.33   28.22  
c rst  luby svd  vmt  1219  675 K 2451    20000  2340 6.63    6.15     1579   575   31K   145 28.35   28.23  
c rst  luby svd  vmt  1220  676 K 2451    20000  2340 6.63    6.15     1579   576   31K   145 28.39   28.27  
c rst  luby svd  vmt  1221  676 K 2451    20000  2340 6.63    6.15     1580   576   31K   145 28.38   28.27  
c rst  luby svd  vmt  1222  676 K 2451    20000  2340 6.63    6.15     1580   576   31K   145 28.38   28.27  
c rst  luby svd  vmt  1223  676 K 2451    20000  2340 6.63    6.15     1580   583   31K   145 28.39   28.28  
c rst  luby svd  vmt  1224  676 K 2451    20000  2340 6.63    6.15     1580   585   32K   145 28.41   28.30  
c rst  geom best vmt  1225  677 K 2451    20000  2340 6.63    6.15     1580   587   32K   145 28.43   28.32  
c rst  geom best vmt  1226  677 K 2451    20000  2340 6.63    6.15     1580   590   32K   145 28.43   28.32  
c rst  geom best vmt  1227  677 K 2451    20000  2340 6.63    6.15     1580   591   32K   145 28.43   28.32  
c rst  geom best vmt  1228  677 K 2451    20000  2340 6.63    6.15     1580   592   32K   145 28.42   28.31  
c rst  geom best vmt  1229  677 K 2451    20000  2340 6.63    6.15     1580   593   32K   145 28.41   28.30  
c rst  geom best vmt  1230  677 K 2451    20000  2340 6.63    6.15     1580   597   33K   145 28.41   28.30  
c rst  geom best vmt  1231  678 K 2451    20000  2340 6.63    6.15     1580   597   33K   145 28.44   28.33  
c rst  geom best vmt  1232  678 K 2451    20000  2340 6.63    6.15     1580   597   33K   145 28.46   28.35  
c rst  geom best vmt  1233  678 K 2451    20000  2340 6.63    6.15     1580   598   33K   145 28.45   28.34  
c rst  geom best vmt  1234  678 K 2451    20000  2340 6.63    6.15     1580   609   34K   145 28.45   28.35  
c rst  geom best vmt  1235  678 K 2451    20000  2340 6.63    6.15     1581   609   34K   145 28.42   28.32  
c rst  geom best vmt  1236  679 K 2451    20000  2340 6.63    6.15     1581   611   34K   145 28.39   28.29  
c rst  geom best vmt  1237  679 K 2451    20000  2340 6.63    6.15     1581   615   34K   145 28.40   28.29  
c rst  geom best vmt  1238  680 K 2451    20000  2340 6.63    6.15     1581   615   35K   145 28.39   28.28  
c rst  geom best vmt  1239  680 K 2451    20000  2340 6.63    6.15     1645   497   35K   145 28.45   28.35  
c rst  geom best vmt  1240  680 K 2451    20000  2340 6.63    6.15     1645   499   36K   145 28.50   28.40  
c rst  geom best vmt  1241  681 K 2451    20000  2340 6.63    6.15     1646   513   36K   145 28.49   28.39  
c rst  geom best vmt  1242  681 K 2451    20000  2340 6.63    6.15     1646   513   37K   145 28.55   28.45  
c rst  geom best vmt  1243  682 K 2451    20000  2340 6.63    6.15     1646   517   37K   145 28.52   28.42  
c rst  geom best vmt  1244  683 K 2451    20000  2340 6.63    6.15     1647   545   38K   145 28.54   28.45  
c rst  geom best vmt  1245  683 K 2451    20000  2340 6.63    6.15     1647   545   39K   145 28.59   28.50  
c rst  geom best vmt  1246  684 K 2451    20000  2340 6.63    6.15     1648   549   40K   145 28.66   28.57  
c rst  geom best vmt  1247  685 K 2451    20000  2340 6.63    6.15     1648   550   40K   145 28.71   28.62  
c [full-probe]  bin_only: 1 set: 0 repl: 0 T: 0.01 T-out: N T-r: 99.83%
c rst  geom best vmt  1248  686 K 2451    20000  2340 6.63    6.15     1650   557   41K   145 28.76   28.67  
c [distill-long-red0] cls tried: 66/66 T: 0.00 T-out: N T-r: 99.94%
c [distill-long-red1] cls tried: 204/204 T: 0.01 T-out: N T-r: 19.80%
c rst  geom best vmt  1249  687 K 2451    20000  2340 6.63    6.15     1651   561   42K   145 28.83   28.75  
c rst  geom best vmt  1250  688 K 2451    20000  2340 6.63    6.15     1651   564   44K   145 28.89   28.80  
c rst  geom best vmt  1251  690 K 2451    20000  2340 6.63    6.15     1652   570   45K   145 28.92   28.84  
c rst  geom stb  vmt  1252  691 K 2451    20000  2340 6.63    6.15     1726   553   34K   145 29.02   28.92  
c rst  geom stb  vmt  1253  692 K 2451    20000  2340 6.63    6.15     1726   559   36K   145 29.37   29.27  
c rst  geom stb  vmt  1254  694 K 2451    20000  2340 6.63    6.15     1726   561   37K   145 29.66   29.56  
c [distill-bin] useful: 0/2340/2340 lits-rem: 0 cl-rem: 0 0-depth-assigns: 0 T: 0.01 T-out: N
c rst  geom stb  vmt  1255  696 K 2451    20000  2340 6.63    6.15     1726   563   39K   145 29.92   29.83  
c [distill] watch-based irred--  cl tried 25765    cl-sh 0     cl-rem 0    lit-rem 0      T: 0.04 T-out: Y
c [distill] watch-based red  --  cl tried 3452     cl-sh 3     cl-rem 0    lit-rem 3      T: 0.01 T-out: N
c rst  geom stb  vmt  1256  698 K 2451    20000  2340 6.63    6.15     1726   572   41K   145 30.14   30.05  
c rst  geom stb  vmt  1257  700 K 2451    20000  2340 6.63    6.15     1751   536   44K   145 30.20   30.11  
c rst  geom stb  vmt  1258  703 K 2451    20000  2340 6.63    6.15     1752   585   46K   145 30.52   30.44  
c [distill-long-red0] cls tried: 27/27 T: 0.00 T-out: N T-r: 99.95%
c [distill-long-red1] cls tried: 137/137 T: 0.01 T-out: N T-r: 28.19%
c rst  geom ibes vmt  1259  706 K 2451    20000  2340 6.63    6.15     1763   695   31K   145 30.41   30.29  
c [full-probe]  bin_only: 0 set: 0 repl: 0 T: 0.01 T-out: N T-r: 98.72%
c rst  geom ibes vmt  1260  709 K 2451    20000  2340 6.63    6.15     1766   719   33K   145 30.40   30.28  
c [impl-str] lit bin: 0 set-var: 0 T: 0.00 T-out: N T-r: 99.96% w-visit: 4906
c [impl-sub] bin: 0 T: 0.00 T-out: N w-visit: 4906
c rst  geom ibes vmt  1261  712 K 2451    20000  2340 6.63    6.15     1842   636   37K   145 30.34   30.23  
c [gauss] XOR-encoding clauses are not detached, so no need to reattach them.
c [g 0] truth-find prop checks  : 1350K
c [g 0] -> of which prop        : 33.09 %
c [g 0] -> of which confl       :  1.35 %
c [g 0] elim called             : 173K
c [g 0] ---> which lead to prop : 149.25 %
c [g 0] ---> which lead to confl:  6.20 %
c [g 0] size: 53    x 110  
c [scc] new: 0 BP 0M T: 0.00
c [vrep] vars 0 lits 0 rem-bin-cls 0 rem-long-cls 0 BP 0M T: 0.00
c [intree] Set 0 vars hyper-added: 0 trans-irred: 0 trans-red: 0 T: 0.01 T-out: N T-r: -0.63%
c [find&init matx] performing matrix init
c [gauss] XOR-encoding clauses are not detached, so no need to reattach them.
c [xor-rem-unconnected] left with 257 xors from 257 non-empty xors T: 0.00
c [xor-together] xored together: 204 orig xors: 257 new xors: 53 T: 0.00
c [xor-rem-unconnected] left with 53 xors from 53 non-empty xors T: 0.00
c [xor-clean-equiv] removed equivalent xors: 0 left with: 53
c [matrix] unused xors from cleaning: 0
c [matrix] Good   matrix 0 53      x110    density:0.1683  xorlen avg: 18.51
c [matrix] Using 1 matrices recovered from 0 xors T: 0.00 T-out: N
c rst  geom ibes vmt  1262  715 K 2451    20000  2340 6.63    6.15     1857   710   40K   145 30.34   30.25  
c [distill-bin] useful: 0/2340/2340 lits-rem: 0 cl-rem: 0 0-depth-assigns: 0 T: 0.01 T-out: N
c [ccnr] tries: 0 steps: 262143 best found: 7
c [ccnr] saving best assignment phase to stable_polar
c [ccnr] bumping based on clause weights
c [ccnr] Bumped vars: 105 bump type: 6
c [ccnr] time: 0.29
c rst  geom svd  vmt  1263  719 K 2451    20000  2340 6.63    6.15     1860   734   44K   145 30.27   30.18  
c [distill-long-red0] cls tried: 55/55 T: 0.00 T-out: N T-r: 99.93%
c [distill-long-red1] cls tried: 180/225 T: 0.01 T-out: Y T-r: -0.67%
c rst  geom svd  vmt  1264  724 K 2451    20000  2340 6.63    6.15     1988   774   37K   145 30.66   30.56  
c [distill] watch-based irred--  cl tried 25180    cl-sh 0     cl-rem 0    lit-rem 0      T: 0.04 T-out: Y
c [distill] watch-based red  --  cl tried 3976     cl-sh 2     cl-rem 0    lit-rem 2      T: 0.00 T-out: N
c rst  geom svd  vmt  1265  729 K 2451    20000  2340 6.63    6.15     1990   798   42K   145 31.22   31.13  
c [full-probe]  bin_only: 1 set: 0 repl: 0 T: 0.01 T-out: N T-r: 99.77%
c rst  geom best vmt  1266  734 K 2451    20000  2340 6.63    6.15     2029   780   47K   145 30.75   30.67  
c rst  geom best vmt  1267  740 K 2451    20000  2340 6.63    6.15     2096   789   38K   145 29.36   29.26  
c [branch] adjusting to: vsid (from: vmtf) var_decay:0.95 descr: VSIDS
c [distill-long-red0] cls tried: 141/141 T: 0.01 T-out: N T-r: 99.82%
c [distill-long-red1] cls tried: 110/261 T: 0.01 T-out: Y T-r: -0.90%
c [distill-bin] useful: 0/2340/2340 lits-rem: 0 cl-rem: 0 0-depth-assigns: 0 T: 0.01 T-out: N
c rst  geom best vs   1268  740 K 2451    20000  2340 6.63    6.15     2096   789   38K   145 29.35   29.26  
c rst  geom best vs   1269  740 K 2451    20000  2340 6.63    6.15     2096   789   38K   145 29.36   29.26  
c rst  geom best vs   1270  740 K 2451    20000  2340 6.63    6.15     2096   792   38K   145 29.36   29.26  
c rst  geom best vs   1271  740 K 2451    20000  2340 6.63    6.15     2096   797   38K   145 29.35   29.25  
c rst  geom best vs   1272  740 K 2451    20000  2340 6.63    6.15     2096   797   38K   145 29.36   29.26  
c rst  geom best vs   1273  741 K 2451    20000  2340 6.63    6.15     2096   798   39K   145 29.36   29.26  
c rst  geom best vs   1274  741 K 2451    20000  2340 6.63    6.15     2096   798   39K   145 29.34   29.25  
c rst  geom best vs   1275  741 K 2451    20000  2340 6.63    6.15     2096   799   39K   145 29.33   29.23  
c rst  geom stb  vs   1276  741 K 2451    20000  2340 6.63    6.15     2096   800   39K   145 29.40   29.31  
c rst  geom stb  vs   1277  742 K 2451    20000  2340 6.63    6.15     2096   800   40K   145 29.45   29.36  
c rst  geom stb  vs   1278  742 K 2451    20000  2340 6.63    6.15     2096   801   40K   145 29.50   29.41  
c rst  geom stb  vs   1279  742 K 2451    20000  2340 6.63    6.15     2096   801   40K   145 29.54   29.45  
c rst  geom stb  vs   1280  742 K 2451    20000  2340 6.63    6.15     2096   801   40K   145 29.59   29.50  
c rst  geom stb  vs   1281  743 K 2451    20000  2340 6.63    6.15     2096   801   41K   145 29.65   29.56  
c rst  geom stb  vs   1282  743 K 2451    20000  2340 6.63    6.15     2096   801   41K   145 29.69   29.60  
c rst  geom stb  vs   1283  744 K 2451    20000  2340 6.63    6.15     2096   802   42K   145 29.74   29.65  
c rst  geom stb  vs   1284  744 K 2451    20000  2340 6.63    6.15     2096   802   42K   145 29.78   29.69  
c rst  geom stb  vs   1285  745 K 2451    20000  2340 6.63    6.15     2096   802   43K   145 29.81   29.72  
c rst  geom stb  vs   1286  745 K 2451    20000  2340 6.63    6.15     2096   802   43K   145 29.85   29.77  
c rst  geom stb  vs   1287  746 K 2451    20000  2340 6.63    6.15     2096   803   44K   145 29.92   29.83  
c rst  geom stb  vs   1288  747 K 2451    20000  2340 6.63    6.15     2096   803   45K   145 29.97   29.89  
c rst  geom stb  vs   1289  748 K 2451    20000  2340 6.63    6.15     2096   803   45K   145 30.02   29.94  
c rst  geom stb  vs   1290  748 K 2451    20000  2340 6.63    6.15     2096   809   46K   145 30.14   30.06  
c rst  geom stb  vs   1291  749 K 2451    20000  2340 6.63    6.15     2096   810   47K   145 30.19   30.11  
c [full-probe]  bin_only: 0 set: 0 repl: 0 T: 0.01 T-out: N T-r: 98.13%
c [distill] watch-based irred--  cl tried 22694    cl-sh 0     cl-rem 0    lit-rem 0      T: 0.04 T-out: Y
c [distill] watch-based red  --  cl tried 4192     cl-sh 1     cl-rem 0    lit-rem 1      T: 0.01 T-out: N
c rst  geom stb  vs   1292  750 K 2451    20000  2340 6.63    6.15     2136   703   30K   145 29.69   29.58  
c rst  geom stb  vs   1293  752 K 2451    20000  2340 6.63    6.15     2136   704   31K   145 29.83   29.71  
c rst  geom stb  vs   1294  753 K 2451    20000  2340 6.63    6.15     2136   705   33K   145 29.87   29.75  
c rst  geom stb  vs   1295  754 K 2451    20000  2340 6.63    6.15     2136   705   34K   145 29.91   29.80  
c rst  geom ibes vs   1296  756 K 2451    20000  2340 6.63    6.15     2136   707   36K   145 29.76   29.66  
c [distill-long-red0] cls tried: 24/24 T: 0.00 T-out: N T-r: 99.95%
c [distill-long-red1] cls tried: 210/216 T: 0.01 T-out: Y T-r: -0.43%
c rst  geom ibes vs   1297  758 K 2451    20000  2340 6.63    6.15     2136   708   37K   145 29.61   29.52  
c rst  geom ibes vs   1298  759 K 2451    20000  2340 6.63    6.15     2136   718   39K   145 29.32   29.23  
c rst  geom ibes vs   1299  761 K 2451    20000  2340 6.63    6.15     2166   648   41K   145 29.09   29.00  
c [distill-bin] useful: 0/2340/2340 lits-rem: 0 cl-rem: 0 0-depth-assigns: 0 T: 0.01 T-out: N
c [ccnr] tries: 0 steps: 262143 best found: 10
c [ccnr] saving best assignment phase to stable_polar
c [ccnr] bumping based on var unsat frequency: conflict_ct
c [ccnr] Bumped vars: 2453 bump type: 6
c [ccnr] time: 0.29
c rst  geom ibes vs   1300  764 K 2451    20000  2340 6.63    6.15     2166   650   44K   145 28.88   28.80  
c rst  geom ibes vs   1301  766 K 2451    20000  2340 6.63    6.15     2174   697   33K   145 27.10   27.00  
c rst  geom ibes vs   1302  769 K 2451    20000  2340 6.63    6.15     2174   697   36K   145 26.78   26.69  
c [impl-str] lit bin: 0 set-var: 0 T: 0.00 T-out: N T-r: 99.96% w-visit: 4906
c [impl-sub] bin: 0 T: 0.00 T-out: N w-visit: 4906
c rst  geom svd  vs   1303  772 K 2451    20000  2340 6.63    6.15     2199   662   39K   145 27.34   27.25  
c [distill-long-red0] cls tried: 18/18 T: 0.00 T-out: N T-r: 99.98%
c [distill-long-red1] cls tried: 60/60 T: 0.00 T-out: N T-r: 59.77%
c [full-probe]  bin_only: 1 set: 0 repl: 0 T: 0.00 T-out: N T-r: 99.88%
c rst  geom svd  vs   1304  775 K 2451    20000  2340 6.63    6.15     2199   666   42K   145 27.68   27.60  
c [distill] watch-based irred--  cl tried 26948    cl-sh 0     cl-rem 0    lit-rem 0      T: 0.04 T-out: Y
c [distill] watch-based red  --  cl tried 4398     cl-sh 0     cl-rem 0    lit-rem 0      T: 0.01 T-out: N
c rst  geom svd  vs   1305  779 K 2451    20000  2340 6.63    6.15     2199   671   46K   145 27.76   27.68  
c [gauss] XOR-encoding clauses are not detached, so no need to reattach them.
c [g 0] truth-find prop checks  : 1326K
c [g 0] -> of which prop        : 31.51 %
c [g 0] -> of which confl       :  1.36 %
c [g 0] elim called             : 173K
c [g 0] ---> which lead to prop : 146.62 %
c [g 0] ---> which lead to confl:  5.92 %
c [g 0] size: 53    x 110  
c [scc] new: 0 BP 0M T: 0.00
c [vrep] vars 0 lits 0 rem-bin-cls 0 rem-long-cls 0 BP 0M T: 0.01
c [intree] Set 0 vars hyper-added: 0 trans-irred: 0 trans-red: 0 T: 0.01 T-out: N T-r: -0.86%
c [find&init matx] performing matrix init
c [gauss] XOR-encoding clauses are not detached, so no need to reattach them.
c [xor-rem-unconnected] left with 257 xors from 257 non-empty xors T: 0.00
c [xor-together] xored together: 204 orig xors: 257 new xors: 53 T: 0.00
c [xor-rem-unconnected] left with 53 xors from 53 non-empty xors T: 0.00
c [xor-clean-equiv] removed equivalent xors: 0 left with: 53
c [matrix] unused xors from cleaning: 0
c [matrix] Good   matrix 0 53      x110    density:0.1683  xorlen avg: 18.51
c [matrix] Using 1 matrices recovered from 0 xors T: 0.00 T-out: N
c rst  geom svd  vs   1306  783 K 2451    20000  2340 6.63    6.15     2228   634   34K   145 26.46   26.37  
c [distill-bin] useful: 0/2340/2340 lits-rem: 0 cl-rem: 0 0-depth-assigns: 0 T: 0.01 T-out: N
c rst  geom best vs   1307  787 K 2451    20000  2340 6.63    6.15     2228   640   38K   145 26.63   26.54  
c [distill-long-red0] cls tried: 7/7 T: 0.00 T-out: N T-r: 99.99%
c [distill-long-red1] cls tried: 56/56 T: 0.01 T-out: N T-r: 54.50%
c rst  geom best vs   1308  792 K 2451    20000  2340 6.63    6.15     2251   515   43K   145 26.66   26.58  
c [full-probe]  bin_only: 0 set: 0 repl: 0 T: 0.01 T-out: N T-r: 98.33%
c rst  geom best vs   1309  797 K 2451    20000  2340 6.63    6.15     2258   589   37K   145 26.44   26.36  
c rst  geom stb  vs   1310  803 K 2451    20000  2340 6.63    6.15     2285   531   43K   145 26.66   26.59  
c [distill-long-red0] cls tried: 23/23 T: 0.00 T-out: N T-r: 99.97%
c [distill-long-red1] cls tried: 90/90 T: 0.01 T-out: N T-r: 53.40%
c [distill-bin] useful: 0/2340/2340 lits-rem: 0 cl-rem: 0 0-depth-assigns: 0 T: 0.01 T-out: N
c [distill] watch-based irred--  cl tried 27344    cl-sh 0     cl-rem 0    lit-rem 0      T: 0.03 T-out: N
c [distill] watch-based red  --  cl tried 4570     cl-sh 1     cl-rem 0    lit-rem 1      T: 0.01 T-out: N
c rst  geom stb  vs   1311  810 K 2451    20000  2340 6.63    6.15     2288   618   34K   145 26.85   26.75  
c [ccnr] tries: 0 steps: 262143 best found: 4
c [ccnr] saving best assignment phase to stable_polar
c [ccnr] bumping based on var unsat frequency: conflict_ct
c [ccnr] Bumped vars: 2453 bump type: 6
c [ccnr] time: 0.29
c rst  geom stb  vs   1312  817 K 2451    20000  2340 6.63    6.15     2300   593   41K   145 27.99   27.91  
c [full-probe]  bin_only: 1 set: 0 repl: 0 T: 0.01 T-out: N T-r: 99.82%
c rst  geom ibes vs   1313  824 K 2451    20000  2340 6.63    6.15     2324   530   49K   145 27.68   27.61  
c [branch] adjusting to: vmtf (from: vsid) var_decay:0.95 descr: VMTF
c [distill-long-red0] cls tried: 18/18 T: 0.00 T-out: N T-r: 99.96%
c [distill-long-red1] cls tried: 104/104 T: 0.01 T-out: N T-r: 45.92%
c [distill-bin] useful: 0/2340/2340 lits-rem: 0 cl-rem: 0 0-depth-assigns: 0 T: 0.01 T-out: N
c rst  luby ibes vmt  1314  824 K 2451    20000  2340 6.63    6.15     2325   537   49K   145 27.68   27.61  
c rst  luby ibes vmt  1315  825 K 2451    20000  2340 6.63    6.15     2337   614   31K   145 27.48   27.37  
c rst  luby ibes vmt  1316  825 K 2451    20000  2340 6.63    6.15     2337   614   32K   145 27.48   27.38  
c rst  luby ibes vmt  1317  825 K 2451    20000  2340 6.63    6.15     2337   618   32K   145 27.50   27.40  
c rst  luby ibes vmt  1318  825 K 2451    20000  2340 6.63    6.15     2337   619   32K   145 27.51   27.41  
c rst  luby ibes vmt  1319  825 K 2451    20000  2340 6.63    6.15     2337   622   32K   145 27.52   27.42  
c rst  luby ibes vmt  1320  826 K 2451    20000  2340 6.63    6.15     2337   623   32K   145 27.52   27.42  
c rst  luby ibes vmt  1321  826 K 2451    20000  2340 6.63    6.15     2339   625   32K   145 27.53   27.42  
c rst  luby ibes vmt  1322  826 K 2451    20000  2340 6.63    6.15     2339   626   33K   145 27.52   27.41  
c rst  luby ibes vmt  1323  826 K 2451    20000  2340 6.63    6.15     2339   627   33K   145 27.51   27.40  
c rst  luby ibes vmt  1324  826 K 2451    20000  2340 6.63    6.15     2339   627   33K   145 27.51   27.41  
c rst  luby ibes vmt  1325  826 K 2451    20000  2340 6.63    6.15     2339   633   33K   145 27.54   27.44  
c rst  luby ibes vmt  1326  826 K 2451    20000  2340 6.63    6.15     2339   634   33K   145 27.58   27.47  
c rst  luby ibes vmt  1327  827 K 2451    20000  2340 6.63    6.15     2339   637   34K   145 27.62   27.52  
c rst  luby ibes vmt  1328  828 K 2451    20000  2340 6.63    6.15     2344   649   34K   145 27.63   27.53  
c rst  luby ibes vmt  1329  828 K 2451    20000  2340 6.63    6.15     2345   650   34K   145 27.66   27.56  
c rst  luby ibes vmt  1330  828 K 2451    20000  2340 6.63    6.15     2345   651   35K   145 27.66   27.56  
c rst  luby ibes vmt  1331  828 K 2451    20000  2340 6.63    6.15     2345   654   35K   145 27.66   27.56  
c rst  luby ibes vmt  1332  828 K 2451    20000  2340 6.63    6.15     2345   656   35K   145 27.65   27.55  
c rst  luby ibes vmt  1333  828 K 2451    20000  2340 6.63    6.15     2345   656   35K   145 27.65   27.55  
c [distill] watch-based irred--  cl tried 26979    cl-sh 0     cl-rem 0    lit-rem 0      T: 0.04 T-out: Y
c [distill] watch-based red  --  cl tried 4690     cl-sh 3     cl-rem 0    lit-rem 4      T: 0.01 T-out: N
c rst  luby ibes vmt  1334  828 K 2451    20000  2340 6.63    6.15     2345   658   35K   145 27.66   27.57  
c rst  luby ibes vmt  1335  829 K 2451    20000  2340 6.63    6.15     2347   668   35K   145 27.71   27.61  
c rst  luby ibes vmt  1336  829 K 2451    20000  2340 6.63    6.15     2347   671   36K   145 27.71   27.61  
c [impl-str] lit bin: 0 set-var: 0 T: 0.00 T-out: N T-r: 99.96% w-visit: 4906
c [impl-sub] bin: 0 T: 0.00 T-out: N w-visit: 4906
c rst  luby ibes vmt  1337  829 K 2451    20000  2340 6.63    6.15     2347   673   36K   145 27.72   27.63  
c rst  luby ibes vmt  1338  829 K 2451    20000  2340 6.63    6.15     2347   674   36K   145 27.78   27.68  
c rst  luby ibes vmt  1339  829 K 2451    20000  2340 6.63    6.15     2347   674   36K   145 27.77   27.67  
c rst  luby ibes vmt  1340  829 K 2451    20000  2340 6.63    6.15     2347   675   36K   145 27.76   27.67  
c rst  luby ibes vmt  1341  830 K 2451    20000  2340 6.63    6.15     2396   603   36K   145 27.79   27.70  
c rst  luby ibes vmt  1342  830 K 2451    20000  2340 6.63    6.15     2396   606   37K   145 27.84   27.75  
c rst  luby svd  vmt  1343  831 K 2451    20000  2340 6.63    6.15     2396   610   38K   145 27.93   27.84  
c rst  luby svd  vmt  1344  832 K 2451    20000  2340 6.63    6.15     2396   619   39K   145 28.13   28.04  
c rst  luby svd  vmt  1345  833 K 2451    20000  2340 6.63    6.15     2397   622   39K   145 28.14   28.05  
c rst  luby svd  vmt  1346  833 K 2451    20000  2340 6.63    6.15     2397   623   39K   145 28.15   28.07  
c rst  luby svd  vmt  1347  833 K 2451    20000  2340 6.63    6.15     2397   623   40K   145 28.20   28.11  
c rst  luby svd  vmt  1348  833 K 2451    20000  2340 6.63    6.15     2397   623   40K   145 28.22   28.14  
c rst  luby svd  vmt  1349  833 K 2451    20000  2340 6.63    6.15     2397   623   40K   145 28.24   28.15  
c rst  luby svd  vmt  1350  833 K 2451    20000  2340 6.63    6.15     2397   623   40K   145 28.26   28.18  
c rst  luby svd  vmt  1351  834 K 2451    20000  2340 6.63    6.15     2397   624   40K   145 28.30   28.22  
c rst  luby svd  vmt  1352  834 K 2451    20000  2340 6.63    6.15     2397   625   40K   145 28.31   28.22  
c rst  luby svd  vmt  1353  834 K 2451    20000  2340 6.63    6.15     2398   627   41K   145 28.31   28.23  
c rst  luby svd  vmt  1354  834 K 2451    20000  2340 6.63    6.15     2398   629   41K   145 28.34   28.26  
c rst  luby svd  vmt  1355  834 K 2451    20000  2340 6.63    6.15     2399   629   41K   145 28.37   28.29  
c rst  luby svd  vmt  1356  834 K 2451    20000  2340 6.63    6.15     2399   629   41K   145 28.41   28.32  
c rst  luby svd  vmt  1357  834 K 2451    20000  2340 6.63    6.15     2399   630   41K   145 28.44   28.36  
c rst  luby svd  vmt  1358  835 K 2451    20000  2340 6.63    6.15     2399   632   42K   145 28.52   28.43  
c rst  luby svd  vmt  1359  836 K 2451    20000  2340 6.63    6.15     2399   632   42K   145 28.66   28.58  
c rst  luby svd  vmt  1360  836 K 2451    20000  2340 6.63    6.15     2399   632   42K   145 28.68   28.59  
c rst  luby svd  vmt  1361  836 K 2451    20000  2340 6.63    6.15     2399   632   43K   145 28.71   28.62  
c rst  luby svd  vmt  1362  836 K 2451    20000  2340 6.63    6.15     2399   632   43K   145 28.76   28.68  
c rst  luby svd  vmt  1363  836 K 2451    20000  2340 6.63    6.15     2400   632   43K   145 28.79   28.71  
c rst  luby svd  vmt  1364  836 K 2451    20000  2340 6.63    6.15     2400   632   43K   145 28.81   28.73  
c rst  luby svd  vmt  1365  836 K 2451    20000  2340 6.63    6.15     2400   632   43K   145 28.85   28.77  
c rst  luby svd  vmt  1366  837 K 2451    20000  2340 6.63    6.15     2400   633   44K   145 28.92   28.84  
c [full-probe]  bin_only: 0 set: 0 repl: 0 T: 0.01 T-out: N T-r: 98.31%
c rst  luby svd  vmt  1367  837 K 2451    20000  2340 6.63    6.15     2400   633   44K   145 28.94   28.86  
c rst  luby svd  vmt  1368  837 K 2451    20000  2340 6.63    6.15     2400   633   44K   145 28.96   28.87  
c rst  luby svd  vmt  1369  837 K 2451    20000  2340 6.63    6.15     2400   633   44K   145 29.00   28.91  
c rst  luby svd  vmt  1370  837 K 2451    20000  2340 6.63    6.15     2400   633   44K   145 29.02   28.94  
c rst  luby svd  vmt  1371  838 K 2451    20000  2340 6.63    6.15     2400   633   44K   145 29.03   28.95  
c rst  luby svd  vmt  1372  838 K 2451    20000  2340 6.63    6.15     2400   633   44K   145 29.06   28.97  
c rst  luby svd  vmt  1373  838 K 2451    20000  2340 6.63    6.15     2400   635   45K   145 29.08   29.00  
c rst  luby svd  vmt  1374  839 K 2451    20000  2340 6.63    6.15     2400   649   46K   145 29.09   29.01  
c rst  luby svd  vmt  1375  841 K 2451    20000  2340 6.63    6.15     2458   667   30K   145 29.43   29.31  
c [distill-long-red0] cls tried: 90/90 T: 0.00 T-out: N T-r: 99.88%
c [distill-long-red1] cls tried: 157/231 T: 0.01 T-out: Y T-r: -0.73%
c rst  luby svd  vmt  1376  844 K 2451    20000  2340 6.63    6.15     2459   687   33K   145 30.38   30.27  
c rst  geom best vmt  1377  844 K 2451    20000  2340 6.63    6.15     2459   688   33K   145 30.38   30.27  
c [gauss] XOR-encoding clauses are not detached, so no need to reattach them.
c [g 0] truth-find prop checks  : 1325K
c [g 0] -> of which prop        : 33.59 %
c [g 0] -> of which confl       :  1.38 %
c [g 0] elim called             : 168K
c [g 0] ---> which lead to prop : 148.48 %
c [g 0] ---> which lead to confl:  5.87 %
c [g 0] size: 53    x 110  
c [scc] new: 0 BP 0M T: 0.00
c [vrep] vars 0 lits 0 rem-bin-cls 0 rem-long-cls 0 BP 0M T: 0.00
c [intree] Set 0 vars hyper-added: 1 trans-irred: 0 trans-red: 0 T: 0.01 T-out: N T-r: -0.74%
c [find&init matx] performing matrix init
c [gauss] XOR-encoding clauses are not detached, so no need to reattach them.
c [xor-rem-unconnected] left with 257 xors from 257 non-empty xors T: 0.00
c [xor-together] xored together: 204 orig xors: 257 new xors: 53 T: 0.00
c [xor-rem-unconnected] left with 53 xors from 53 non-empty xors T: 0.00
c [xor-clean-equiv] removed equivalent xors: 0 left with: 53
c [matrix] unused xors from cleaning: 0
c [matrix] Good   matrix 0 53      x110    density:0.1683  xorlen avg: 18.51
c [matrix] Using 1 matrices recovered from 0 xors T: 0.00 T-out: N
c rst  geom best vmt  1378  844 K 2451    20000  2340 6.63    6.15     2459   689   33K   146 30.40   30.28  
c rst  geom best vmt  1379  844 K 2451    20000  2340 6.63    6.15     2459   701   34K   146 30.37   30.26  
c rst  geom best vmt  1380  844 K 2451    20000  2340 6.63    6.15     2459   701   34K   146 30.36   30.24  
c rst  geom best vmt  1381  844 K 2451    20000  2340 6.63    6.15     2461   706   34K   146 30.36   30.25  
c [distill-bin] useful: 0/2340/2340 lits-rem: 0 cl-rem: 0 0-depth-assigns: 0 T: 0.01 T-out: N
c rst  geom best vmt  1382  845 K 2451    20000  2340 6.63    6.15     2462   715   34K   146 30.39   30.28  
c rst  geom best vmt  1383  845 K 2451    20000  2340 6.63    6.15     2462   725   34K   146 30.44   30.33  
c rst  geom best vmt  1384  845 K 2451    20000  2340 6.63    6.15     2462   726   34K   146 30.47   30.36  
c rst  geom best vmt  1385  845 K 2451    20000  2340 6.63    6.15     2462   726   35K   146 30.45   30.34  
c rst  geom best vmt  1386  845 K 2451    20000  2340 6.63    6.15     2462   729   35K   146 30.43   30.32  
c rst  geom best vmt  1387  846 K 2451    20000  2340 6.63    6.15     2464   732   35K   146 30.42   30.32  
c rst  geom best vmt  1388  846 K 2451    20000  2340 6.63    6.15     2464   733   35K   146 30.44   30.33  
c rst  geom best vmt  1389  846 K 2451    20000  2340 6.63    6.15     2464   733   36K   146 30.45   30.35  
c rst  geom best vmt  1390  847 K 2451    20000  2340 6.63    6.15     2464   735   36K   146 30.41   30.30  
c rst  geom best vmt  1391  847 K 2451    20000  2340 6.63    6.15     2464   739   37K   146 30.37   30.27  
c rst  geom best vmt  1392  848 K 2451    20000  2340 6.63    6.15     2466   742   37K   146 30.39   30.29  
c rst  geom best vmt  1393  848 K 2451    20000  2340 6.63    6.15     2466   742   38K   146 30.34   30.24  
c rst  geom best vmt  1394  849 K 2451    20000  2340 6.63    6.15     2466   744   38K   146 30.27   30.17  
c rst  geom best vmt  1395  849 K 2451    20000  2340 6.63    6.15     2466   752   39K   146 30.18   30.09  
c rst  geom best vmt  1396  850 K 2451    20000  2340 6.63    6.15     2547   669   39K   146 30.22   30.13  
c rst  geom best vmt  1397  851 K 2451    20000  2340 6.63    6.15     2548   671   40K   146 30.19   30.10  
c rst  geom best vmt  1398  851 K 2451    20000  2340 6.63    6.15     2548   676   41K   146 30.19   30.10  
c rst  geom best vmt  1399  852 K 2451    20000  2340 6.63    6.15     2548   676   42K   146 30.30   30.20  
c rst  geom best vmt  1400  853 K 2451    20000  2340 6.63    6.15     2548   677   43K   146 30.31   30.22  
c [distill] watch-based irred--  cl tried 24449    cl-sh 0     cl-rem 0    lit-rem 0      T: 0.04 T-out: Y
c [distill] watch-based red  --  cl tried 5096     cl-sh 1     cl-rem 0    lit-rem 1      T: 0.01 T-out: N
c rst  geom best vmt  1401  854 K 2451    20000  2340 6.63    6.15     2551   679   44K   146 30.28   30.20  
c [ccnr] tries: 0 steps: 262143 best found: 7
c [ccnr] saving best assignment phase to stable_polar
c [ccnr] bumping based on clause weights
c [ccnr] Bumped vars: 102 bump type: 6
c [ccnr] time: 0.29
c rst  geom best vmt  1402  856 K 2451    20000  2340 6.63    6.15     2563   786   31K   146 30.53   30.41  
c rst  geom best vmt  1403  857 K 2451    20000  2340 6.63    6.15     2567   808   32K   146 30.61   30.49  
c [distill-long-red0] cls tried: 78/78 T: 0.00 T-out: N T-r: 99.90%
c [distill-long-red1] cls tried: 163/249 T: 0.01 T-out: Y T-r: -0.89%
c rst  geom best vmt  1404  858 K 2451    20000  2340 6.63    6.15     2567   819   34K   146 30.55   30.44  
c [full-probe]  bin_only: 1 set: 0 repl: 0 T: 0.01 T-out: N T-r: 99.83%
c rst  geom stb  vmt  1405  860 K 2451    20000  2340 6.63    6.15     2614   740   35K   146 30.70   30.59  
c rst  geom stb  vmt  1406  861 K 2451    20000  2340 6.63    6.15     2614   741   37K   146 30.87   30.76  
c rst  geom stb  vmt  1407  863 K 2451    20000  2340 6.63    6.15     2615   761   39K   146 31.04   30.94  
c rst  geom stb  vmt  1408  865 K 2451    20000  2340 6.63    6.15     2615   767   41K   146 31.40   31.30  
c [distill-bin] useful: 0/2340/2340 lits-rem: 0 cl-rem: 0 0-depth-assigns: 0 T: 0.01 T-out: N
c rst  geom stb  vmt  1409  868 K 2451    20000  2340 6.63    6.15     2615   775   43K   146 31.70   31.61  
c rst  geom stb  vmt  1410  870 K 2451    20000  2340 6.63    6.15     2667   832   29K   146 31.56   31.43  
c rst  geom stb  vmt  1411  873 K 2451    20000  2340 6.63    6.15     2671   853   32K   146 31.86   31.73  
c [distill-long-red0] cls tried: 67/67 T: 0.00 T-out: N T-r: 99.90%
c [distill-long-red1] cls tried: 197/232 T: 0.01 T-out: Y T-r: -0.40%
c rst  geom ibes vmt  1412  876 K 2451    20000  2340 6.63    6.15     2671   878   35K   146 31.49   31.38  
c rst  geom ibes vmt  1413  879 K 2451    20000  2340 6.63    6.15     2673   917   38K   146 31.40   31.30  
c [full-probe]  bin_only: 0 set: 0 repl: 0 T: 0.01 T-out: N T-r: 98.36%
c [distill] watch-based irred--  cl tried 23323    cl-sh 0     cl-rem 0    lit-rem 0      T: 0.04 T-out: Y
c [distill] watch-based red  --  cl tried 5346     cl-sh 1     cl-rem 0    lit-rem 1      T: 0.01 T-out: N
c rst  geom ibes vmt  1414  883 K 2451    20000  2340 6.63    6.15     2772   826   42K   146 31.20   31.11  
c rst  geom ibes vmt  1415  887 K 2451    20000  2340 6.63    6.15     2785   993   33K   146 30.23   30.12  
c [distill-bin] useful: 0/2340/2340 lits-rem: 0 cl-rem: 0 0-depth-assigns: 0 T: 0.01 T-out: N
c rst  geom svd  vmt  1416  891 K 2451    20000  2340 6.63    6.15     2840   945   38K   146 31.09   30.99  
c [distill-long-red0] cls tried: 103/103 T: 0.01 T-out: N T-r: 99.87%
c [distill-long-red1] cls tried: 194/242 T: 0.01 T-out: Y T-r: -0.50%
c [impl-str] lit bin: 0 set-var: 0 T: 0.00 T-out: N T-r: 99.96% w-visit: 4906
c [impl-sub] bin: 0 T: 0.00 T-out: N w-visit: 4906
c rst  geom svd  vmt  1417  896 K 2451    20000  2340 6.63    6.15     2852   992   42K   146 31.55   31.46  
c rst  geom svd  vmt  1418  901 K 2451    20000  2340 6.63    6.15     2899  1014   31K   146 30.59   30.47  
c [full-probe]  bin_only: 1 set: 0 repl: 0 T: 0.01 T-out: N T-r: 99.80%
c [ccnr] tries: 0 steps: 262143 best found: 9
c [ccnr] saving best assignment phase to stable_polar
c [ccnr] bumping based on var unsat frequency: conflict_ct
c [ccnr] Bumped vars: 2453 bump type: 6
c [ccnr] time: 0.29
c rst  geom best vmt  1419  907 K 2451    20000  2340 6.63    6.15     2909  1210   37K   146 31.29   31.19  
c [branch] adjusting to: vsid (from: vmtf) var_decay:0.95 descr: VSIDS
c [distill-long-red0] cls tried: 59/59 T: 0.00 T-out: N T-r: 99.92%
c [distill-long-red1] cls tried: 149/385 T: 0.01 T-out: Y T-r: -0.44%
c [distill-bin] useful: 0/2340/2340 lits-rem: 0 cl-rem: 0 0-depth-assigns: 0 T: 0.01 T-out: N
c [distill] watch-based irred--  cl tried 26679    cl-sh 0     cl-rem 0    lit-rem 0      T: 0.04 T-out: Y
c [distill] watch-based red  --  cl tried 5818     cl-sh 1     cl-rem 0    lit-rem 1      T: 0.01 T-out: N
c rst  geom best vs   1420  907 K 2451    20000  2340 6.63    6.15     2909  1210   37K   146 31.30   31.19  
c rst  geom best vs   1421  907 K 2451    20000  2340 6.63    6.15     2909  1210   37K   146 31.28   31.17  
c rst  geom best vs   1422  907 K 2451    20000  2340 6.63    6.15     2909  1210   37K   146 31.26   31.16  
c rst  geom best vs   1423  908 K 2451    20000  2340 6.63    6.15     2909  1210   37K   146 31.25   31.15  
c rst  geom best vs   1424  908 K 2451    20000  2340 6.63    6.15     2909  1210   37K   146 31.23   31.13  
c rst  geom best vs   1425  908 K 2451    20000  2340 6.63    6.15     2909  1212   37K   146 31.23   31.13  
c rst  geom best vs   1426  908 K 2451    20000  2340 6.63    6.15     2909  1212   38K   146 31.20   31.10  
c rst  geom best vs   1427  908 K 2451    20000  2340 6.63    6.15     2909  1212   38K   146 31.18   31.08  
c rst  geom best vs   1428  909 K 2451    20000  2340 6.63    6.15     2909  1213   38K   146 31.16   31.06  
c rst  geom best vs   1429  909 K 2451    20000  2340 6.63    6.15     2909  1213   38K   146 31.12   31.02  
c rst  geom best vs   1430  909 K 2451    20000  2340 6.63    6.15     2909  1213   39K   146 31.08   30.98  
c [gauss] XOR-encoding clauses are not detached, so no need to reattach them.
c [g 0] truth-find prop checks  : 1305K
c [g 0] -> of which prop        : 34.71 %
c [g 0] -> of which confl       :  1.45 %
c [g 0] elim called             : 169K
c [g 0] ---> which lead to prop : 154.83 %
c [g 0] ---> which lead to confl:  6.01 %
c [g 0] size: 53    x 110  
c [scc] new: 0 BP 0M T: 0.00
c [vrep] vars 0 lits 0 rem-bin-cls 0 rem-long-cls 0 BP 0M T: 0.00
c [intree] Set 0 vars hyper-added: 1 trans-irred: 0 trans-red: 0 T: 0.01 T-out: N T-r: -0.93%
c [find&init matx] performing matrix init
c [gauss] XOR-encoding clauses are not detached, so no need to reattach them.
c [xor-rem-unconnected] left with 257 xors from 257 non-empty xors T: 0.00
c [xor-together] xored together: 204 orig xors: 257 new xors: 53 T: 0.00
c [xor-rem-unconnected] left with 53 xors from 53 non-empty xors T: 0.00
c [xor-clean-equiv] removed equivalent xors: 0 left with: 53
c [matrix] unused xors from cleaning: 0
c [matrix] Good   matrix 0 53      x110    density:0.1683  xorlen avg: 18.51
c [matrix] Using 1 matrices recovered from 0 xors T: 0.00 T-out: N
c rst  geom best vs   1431  909 K 2451    20000  2340 6.63    6.15     2909  1213   39K   147 31.03   30.93  
c rst  geom best vs   1432  910 K 2451    20000  2340 6.63    6.15     3011  1073   39K   147 31.00   30.90  
c rst  geom best vs   1433  910 K 2451    20000  2340 6.63    6.15     3011  1073   40K   147 30.94   30.84  
c rst  geom best vs   1434  911 K 2451    20000  2340 6.63    6.15     3011  1074   40K   147 30.90   30.81  
c rst  geom best vs   1435  911 K 2451    20000  2340 6.63    6.15     3011  1074   41K   147 30.88   30.79  
c rst  geom best vs   1436  911 K 2451    20000  2340 6.63    6.15     3011  1074   41K   147 30.85   30.76  
c rst  geom best vs   1437  912 K 2451    20000  2340 6.63    6.15     3011  1075   42K   147 30.80   30.71  
c rst  geom best vs   1438  913 K 2451    20000  2340 6.63    6.15     3011  1078   42K   147 30.74   30.65  
c rst  geom best vs   1439  913 K 2451    20000  2340 6.63    6.15     3011  1078   43K   147 30.71   30.62  
c rst  geom best vs   1440  914 K 2451    20000  2340 6.63    6.15     3011  1080   43K   147 30.66   30.57  
c recursive minimization cost OK: 1636Kcost/(% lits removed)
c [gauss] XOR-encoding clauses are not detached, so no need to reattach them.
c [g 0] truth-find prop checks  : 98K
c [g 0] -> of which prop        : 22.56 %
c [g 0] -> of which confl       :  1.25 %
c [g 0] elim called             : 16465
c [g 0] ---> which lead to prop : 99.22 %
c [g 0] ---> which lead to confl:  6.09 %
c [g 0] size: 53    x 110  
c --> Executing strategy token: scc-vrepl
c [scc] new: 0 BP 0M T: 0.00
c --> Executing strategy token: sub-impl
c [impl-sub] bin: 0 T: 0.00 T-out: N w-visit: 4906
c --> Executing strategy token: breakid
c --> Executing OCC strategy token(s): 'occ-backw-sub-str,occ-clean-implicit,occ-bve,occ-bva,occ-ternary-res,occ-xor,'
c [occ] mem usage for occur 2      MB
c [occ] Linked in IRRED BIN by default: 2340
c [occ] Linked in RED   BIN by default: 147
c [occ] mem usage for occur 0      MB
c Mem for watch alloc      : 12          MB (26.32     %)
c Mem for watch array      : 0           MB (0.23      %)
c --> Executing OCC strategy token: occ-backw-sub-str
c [occ-backw-sub-str-long-w-bins] subs: 0 str: 0 tried: 68856 0-depth ass: 0 T: 0.00 T-out: N T-r: 99.54%
c [occ-backw-sub-long-w-long] rem cl: 112 tried: 67788/67788 (100.0%) T: 0.01 T-out: N T-r: 97.35%
c [occ-backw-sub-str-long-w-long] sub: 2 str: 48 tried: 203364/67788 (300.0)  T: 0.08 T-out: N T-r: 89.92%
c --> Executing OCC strategy token: occ-clean-implicit
c --> Executing OCC strategy token: occ-bve
c [occ-empty-res] Empty resolvent elimed: 0 T: 0.00 T-out: N
c [occ-bve] turning off picosat-based irreg gate detection, added lits:  338K
c [occ-bve] iter v-elim 0
c cl_inc_rate=1.0, var_dec_rate=1.0 (grow=0)
c Reduced to 2451 vars, 22340 cls (grow=0)
c [occ-bve] iter v-elim 0
c cl_inc_rate=1.0, var_dec_rate=1.0 (grow=8)
c Reduced to 2451 vars, 22340 cls (grow=8)
c [occ-bve] iter v-elim 0
c cl_inc_rate=1.0, var_dec_rate=1.0 (grow=16)
c Reduced to 2451 vars, 22340 cls (grow=16)
c x n vars       : 2451
c #try to eliminate:  7353
c #var-elim        :     0
c #T-o: N
c #T-r: 99.99%
c #T  : 1.22
c [occur] 0.04 is overhead
c [occur] link-in T: 0.04 cleanup T: 0.00
c --> Executing OCC strategy token: occ-bva
c --> Executing OCC strategy token: occ-ternary-res
c [occ-ternary-res] Ternary res-tri: 0 res-bin: 0 sub: 0 str: 0 T: 0.00 T-out: N T-r: 99.86%
c --> Executing OCC strategy token: occ-xor
c [occ-xor] sort occur list T: 0.00
c [xor-clean-equiv] removed equivalent xors: 0 left with: 244
c [occ-xor] found    244 avg sz 5.4 min sz  4 max sz  6 T: 0.01 T-out: N T-r: 99.98%
c --> Executing strategy token: card-find
c --> Executing strategy token: cl-consolidate
c Not consolidating memory.
c --> Executing strategy token: scc-vrepl
c [scc] new: 0 BP 0M T: 0.00
c --> Executing strategy token: renumber
c --> Executing strategy token: bosphorus
c --> Executing strategy token: louvain-comms
c [consolidate] mini T: 0.00
c global_timeout_multiplier: 5.3147
c [branch] rebuilding order heap for all branchings. Current branching: vsid
c [find&init matx] performing matrix init
c [gauss] XOR-encoding clauses are not detached, so no need to reattach them.
c [xor-rem-unconnected] left with 244 xors from 244 non-empty xors T: 0.00
c [xor-together] xored together: 189 orig xors: 244 new xors: 55 T: 0.00
c [xor-rem-unconnected] left with 55 xors from 55 non-empty xors T: 0.00
c [xor-clean-equiv] removed equivalent xors: 0 left with: 55
c [matrix] unused xors from cleaning: 0
c [matrix] Good   matrix  0     55 x  117  density:0.1458  xorlen avg: 17.05
c [matrix] Using 1 matrices recovered from 0 xors T: 0.00 T-out: N
c rst  geom best   vs  1441  914K    2451 20000  2340    6.63    6.15  2923  1269   43K   147   30.69   30.61
c rst  geom best   vs  1442  915K    2451 20000  2340    6.63    6.15  2924  1277   32K   147   30.48   30.37
c rst  geom best   vs  1443  916K    2451 20000  2340    6.63    6.15  2924  1279   33K   147   30.37   30.26
c rst  geom  stb   vs  1444  917K    2451 20000  2340    6.63    6.15  2925  1281   34K   147   30.45   30.34
c rst  geom  stb   vs  1445  918K    2451 20000  2340    6.63    6.15  2925  1282   35K   147   30.64   30.54
c rst  geom  stb   vs  1446  919K    2451 20000  2340    6.63    6.15  2925  1287   36K   147   30.79   30.69
c rst  geom  stb   vs  1447  920K    2451 20000  2340    6.63    6.15  2956  1175   37K   147   30.96   30.86
c rst  geom  stb   vs  1448  922K    2451 20000  2340    6.63    6.15  2956  1177   39K   147   31.14   31.04
c [full-probe]  bin_only: 0 set: 0 repl: 0 T: 0.01 T-out: N T-r: 98.08%
c rst  geom  stb   vs  1449  923K    2451 20000  2340    6.63    6.15  2956  1188   40K   147   31.19   31.10
c [distill-long-red0] cls tried: 102/102 T: 0.00 T-out: N T-r: 99.88%
c [distill-long-red1] cls tried: 181/384 T: 0.02 T-out: Y T-r: -0.21%
c rst  geom  stb   vs  1450  925K    2451 20000  2340    6.63    6.15  2956  1189   42K   147   31.18   31.09
c rst  geom  stb   vs  1451  927K    2451 20000  2340    6.63    6.15  2957  1196   44K   147   31.18   31.09
c rst  geom  stb   vs  1452  929K    2451 20000  2340    6.63    6.15  2958  1206   46K   147   31.09   31.00
c [distill-bin] useful: 0/2340/2340 lits-rem: 0 cl-rem: 0 0-depth-assigns: 0 T: 0.02 T-out: N
c rst  geom  stb   vs  1453  931K    2451 20000  2340    6.63    6.15  3019  1149   31K   147   29.11   29.00
c rst  geom ibes   vs  1454  933K    2451 20000  2340    6.63    6.15  3021  1161   33K   147   29.00   28.90
c [distill] watch-based irred--  cl tried    27366 cl-sh     0 cl-rem    0 lit-rem      0 T: 0.04 T-out: Y
c [distill] watch-based   red--  cl tried     6042 cl-sh     1 cl-rem    0 lit-rem      1 T: 0.01 T-out: N
c rst  geom ibes   vs  1455  936K    2451 20000  2340    6.63    6.15  3022  1201   36K   147   28.77   28.68
c rst  geom ibes   vs  1456  939K    2451 20000  2340    6.63    6.15  3022  1213   39K   147   28.55   28.46
c [distill-long-red0] cls tried: 44/44 T: 0.00 T-out: N T-r: 99.96%
c [distill-long-red1] cls tried: 194/331 T: 0.01 T-out: Y T-r: -0.17%
c rst  geom ibes   vs  1457  942K    2451 20000  2340    6.63    6.15  3101  1063   42K   147   28.41   28.32
c [full-probe]  bin_only: 1 set: 0 repl: 0 T: 0.01 T-out: N T-r: 99.79%
c rst  geom ibes   vs  1458  946K    2451 20000  2340    6.63    6.15  3108  1160   35K   147   26.90   26.81
c [ccnr] tries: 0 steps: 262143 best found: 6
c [ccnr] saving best assignment phase to stable_polar
c [ccnr] bumping based on var unsat frequency: conflict_ct
c [ccnr] Bumped vars: 2453 bump type: 6
c [ccnr] time: 0.28
c rst  geom  svd   vs  1459  950K    2451 20000  2340    6.63    6.15  3131  1051   39K   147   26.88   26.80
c [distill-bin] useful: 0/2340/2340 lits-rem: 0 cl-rem: 0 0-depth-assigns: 0 T: 0.01 T-out: N
c rst  geom  svd   vs  1460  954K    2451 20000  2340    6.63    6.15  3131  1058   43K   147   27.00   26.92
c [distill-long-red0] cls tried: 61/61 T: 0.00 T-out: N T-r: 99.93%
c [distill-long-red1] cls tried: 166/213 T: 0.01 T-out: Y T-r: -0.16%
c [impl-str] lit bin: 0 set-var: 0 T: 0.00 T-out: N T-r: 99.96% w-visit: 4906
c [impl-sub] bin: 0 T: 0.00 T-out: N w-visit: 4906
c rst  geom  svd   vs  1461  959K    2451 20000  2340    6.63    6.15  3131  1062   48K   147   27.51   27.44
c [distill] watch-based irred--  cl tried    24446 cl-sh     0 cl-rem    0 lit-rem      0 T: 0.04 T-out: Y
c [distill] watch-based   red--  cl tried     6262 cl-sh     0 cl-rem    0 lit-rem      0 T: 0.01 T-out: N
c rst  geom  svd   vs  1462  965K    2451 20000  2340    6.63    6.15  3149  1068   38K   147   26.61   26.53
c [full-probe]  bin_only: 0 set: 0 repl: 0 T: 0.01 T-out: N T-r: 98.37%
c rst  geom best   vs  1463  970K    2451 20000  2340    6.63    6.15  3156  1002   44K   147   26.50   26.43
c [distill-long-red0] cls tried: 5/5 T: 0.00 T-out: N T-r: 99.99%
c [distill-long-red1] cls tried: 148/148 T: 0.01 T-out: N T-r: 12.32%
c [distill-bin] useful: 0/2340/2340 lits-rem: 0 cl-rem: 0 0-depth-assigns: 0 T: 0.01 T-out: N
c rst  geom best   vs  1464  977K    2451 20000  2340    6.63    6.15  3157  1070   36K   147   26.49   26.40
c [gauss] XOR-encoding clauses are not detached, so no need to reattach them.
c [g 0] truth-find prop checks  : 1285K
c [g 0] -> of which prop        : 30.27 %
c [g 0] -> of which confl       :  1.31 %
c [g 0] elim called             : 178K
c [g 0] ---> which lead to prop : 144.04 %
c [g 0] ---> which lead to confl:  5.36 %
c [g 0] size: 55    x 117  
c [scc] new: 0 BP 0M T: 0.00
c [vrep] vars 0 lits 0 rem-bin-cls 0 rem-long-cls 0 BP 0M T: 0.00
c [intree] Set 0 vars hyper-added: 0 trans-irred: 0 trans-red: 0 T: 0.01 T-out: N T-r: -0.84%
c [find&init matx] performing matrix init
c [gauss] XOR-encoding clauses are not detached, so no need to reattach them.
c [xor-rem-unconnected] left with 244 xors from 244 non-empty xors T: 0.00
c [xor-together] xored together: 189 orig xors: 244 new xors: 55 T: 0.00
c [xor-rem-unconnected] left with 55 xors from 55 non-empty xors T: 0.00
c [xor-clean-equiv] removed equivalent xors: 0 left with: 55
c [matrix] unused xors from cleaning: 0
c [matrix] Good   matrix 0 55      x117    density:0.1458  xorlen avg: 17.05
c [matrix] Using 1 matrices recovered from 0 xors T: 0.00 T-out: N
c rst  geom best vs   1465  984 K 2451    20000  2340 6.63    6.15     3172   767   43K   147 26.72   26.65  
c rst  geom stb  vs   1466  992 K 2451    20000  2340 6.63    6.15     3214   748   35K   147 27.92   27.83  
c [distill-long-red0] cls tried: 22/22 T: 0.00 T-out: N T-r: 99.97%
c [distill-long-red1] cls tried: 140/140 T: 0.01 T-out: N T-r: 30.65%
c [full-probe]  bin_only: 1 set: 0 repl: 0 T: 0.01 T-out: N T-r: 99.87%
c [distill-bin] useful: 0/2340/2340 lits-rem: 0 cl-rem: 0 0-depth-assigns: 0 T: 0.01 T-out: N
c [distill] watch-based irred--  cl tried 27653    cl-sh 0     cl-rem 0    lit-rem 0      T: 0.04 T-out: Y
c [distill] watch-based red  --  cl tried 6428     cl-sh 0     cl-rem 0    lit-rem 0      T: 0.01 T-out: N
c [ccnr] tries: 0 steps: 262143 best found: 9
c [ccnr] saving best assignment phase to stable_polar
c [ccnr] bumping based on clause weights
c [ccnr] Bumped vars: 102 bump type: 6
c [ccnr] time: 0.30
c rst  geom stb  vs   1467  1000K 2451    20000  2340 6.63    6.15     3253   711   43K   147 28.99   28.91  
c [branch] adjusting to: vmtf (from: vsid) var_decay:0.95 descr: VMTF
c rst  luby ibes vmt  1468  1000K 2451    20000  2340 6.63    6.15     3253   714   43K   147 28.99   28.91  
c rst  luby ibes vmt  1469  1000K 2451    20000  2340 6.63    6.15     3253   714   43K   147 28.99   28.91  
c rst  luby ibes vmt  1470  1001K 2451    20000  2340 6.63    6.15     3253   715   44K   147 29.00   28.92  
c rst  luby ibes vmt  1471  1001K 2451    20000  2340 6.63    6.15     3253   715   44K   147 29.01   28.93  
c rst  luby ibes vmt  1472  1001K 2451    20000  2340 6.63    6.15     3253   715   44K   147 29.02   28.94  
c rst  luby ibes vmt  1473  1001K 2451    20000  2340 6.63    6.15     3253   715   44K   147 29.02   28.94  
c rst  luby ibes vmt  1474  1001K 2451    20000  2340 6.63    6.15     3253   721   44K   147 29.05   28.96  
c rst  luby ibes vmt  1475  1002K 2451    20000  2340 6.63    6.15     3253   721   44K   147 29.05   28.97  
c rst  luby ibes vmt  1476  1002K 2451    20000  2340 6.63    6.15     3253   723   45K   147 29.06   28.97  
c rst  luby ibes vmt  1477  1002K 2451    20000  2340 6.63    6.15     3253   724   45K   147 29.07   28.99  
c rst  luby ibes vmt  1478  1002K 2451    20000  2340 6.63    6.15     3253   724   45K   147 29.08   29.00  
c rst  luby ibes vmt  1479  1002K 2451    20000  2340 6.63    6.15     3253   727   45K   147 29.07   28.99  
c rst  luby ibes vmt  1480  1002K 2451    20000  2340 6.63    6.15     3254   729   45K   147 29.06   28.98  
c rst  luby ibes vmt  1481  1003K 2451    20000  2340 6.63    6.15     3254   736   46K   147 29.16   29.08  
c rst  luby ibes vmt  1482  1003K 2451    20000  2340 6.63    6.15     3256   739   46K   147 29.16   29.09  
c rst  luby ibes vmt  1483  1004K 2451    20000  2340 6.63    6.15     3256   742   46K   147 29.17   29.09  
c rst  luby ibes vmt  1484  1004K 2451    20000  2340 6.63    6.15     3258   747   47K   147 29.16   29.09  
c rst  luby ibes vmt  1485  1004K 2451    20000  2340 6.63    6.15     3258   748   47K   147 29.17   29.09  
c rst  luby ibes vmt  1486  1004K 2451    20000  2340 6.63    6.15     3258   749   47K   147 29.16   29.09  
c rst  luby ibes vmt  1487  1004K 2451    20000  2340 6.63    6.15     3258   753   47K   147 29.16   29.08  
c rst  luby ibes vmt  1488  1004K 2451    20000  2340 6.63    6.15     3259   757   47K   147 29.19   29.11  
c rst  luby ibes vmt  1489  1005K 2451    20000  2340 6.63    6.15     3269   882   29K   147 28.94   28.82  
c rst  luby ibes vmt  1490  1005K 2451    20000  2340 6.63    6.15     3269   882   29K   147 28.95   28.83  
c rst  luby ibes vmt  1491  1005K 2451    20000  2340 6.63    6.15     3269   882   29K   147 28.94   28.82  
c rst  luby ibes vmt  1492  1005K 2451    20000  2340 6.63    6.15     3269   886   29K   147 28.95   28.83  
c rst  luby ibes vmt  1493  1005K 2451    20000  2340 6.63    6.15     3270   896   29K   147 28.95   28.83  
c rst  luby ibes vmt  1494  1005K 2451    20000  2340 6.63    6.15     3271   898   29K   147 28.95   28.83  
c rst  luby ibes vmt  1495  1005K 2451    20000  2340 6.63    6.15     3271   901   29K   147 28.97   28.85  
c rst  luby ibes vmt  1496  1006K 2451    20000  2340 6.63    6.15     3271   903   30K   147 28.97   28.85  
c rst  luby ibes vmt  1497  1007K 2451    20000  2340 6.63    6.15     3271   909   31K   147 28.99   28.88  
c rst  luby ibes vmt  1498  1008K 2451    20000  2340 6.63    6.15     3271   941   32K   147 29.08   28.97  
c [distill-long-red0] cls tried: 21/21 T: 0.00 T-out: N T-r: 99.97%
c [distill-long-red1] cls tried: 178/238 T: 0.01 T-out: Y T-r: -0.29%
c rst  luby ibes vmt  1499  1008K 2451    20000  2340 6.63    6.15     3271   943   32K   147 29.09   28.98  
c rst  luby ibes vmt  1500  1008K 2451    20000  2340 6.63    6.15     3271   948   32K   147 29.12   29.01  
c rst  luby ibes vmt  1501  1009K 2451    20000  2340 6.63    6.15     3272   960   32K   147 29.10   29.00  
c rst  luby ibes vmt  1502  1009K 2451    20000  2340 6.63    6.15     3272   961   33K   147 29.11   29.01  
c rst  luby ibes vmt  1503  1009K 2451    20000  2340 6.63    6.15     3272   961   33K   147 29.12   29.02  
c rst  luby ibes vmt  1504  1009K 2451    20000  2340 6.63    6.15     3273   971   33K   147 29.10   29.00  
c rst  luby ibes vmt  1505  1009K 2451    20000  2340 6.63    6.15     3273   972   33K   147 29.13   29.03  
c rst  luby ibes vmt  1506  1010K 2451    20000  2340 6.63    6.15     3273   974   33K   147 29.14   29.04  
c rst  luby ibes vmt  1507  1010K 2451    20000  2340 6.63    6.15     3392   789   34K   147 29.16   29.05  
c rst  luby ibes vmt  1508  1010K 2451    20000  2340 6.63    6.15     3393   789   34K   147 29.19   29.08  
c rst  luby ibes vmt  1509  1010K 2451    20000  2340 6.63    6.15     3393   789   34K   147 29.19   29.09  
c rst  luby ibes vmt  1510  1010K 2451    20000  2340 6.63    6.15     3393   793   34K   147 29.21   29.11  
c rst  luby ibes vmt  1511  1010K 2451    20000  2340 6.63    6.15     3393   793   34K   147 29.22   29.12  
c rst  luby ibes vmt  1512  1011K 2451    20000  2340 6.63    6.15     3395   800   35K   147 29.26   29.16  
c rst  luby ibes vmt  1513  1011K 2451    20000  2340 6.63    6.15     3395   808   35K   147 29.51   29.40  
c rst  luby ibes vmt  1514  1012K 2451    20000  2340 6.63    6.15     3395   811   35K   147 29.50   29.40  
c rst  luby ibes vmt  1515  1012K 2451    20000  2340 6.63    6.15     3395   813   36K   147 29.51   29.41  
c [full-probe]  bin_only: 0 set: 0 repl: 0 T: 0.01 T-out: N T-r: 98.28%
c [distill-bin] useful: 0/2340/2340 lits-rem: 0 cl-rem: 0 0-depth-assigns: 0 T: 0.01 T-out: N
c rst  luby ibes vmt  1516  1012K 2451    20000  2340 6.63    6.15     3395   821   36K   147 29.51   29.41  
c rst  luby ibes vmt  1517  1012K 2451    20000  2340 6.63    6.15     3395   824   36K   147 29.51   29.41  
c rst  luby ibes vmt  1518  1012K 2451    20000  2340 6.63    6.15     3395   825   36K   147 29.50   29.40  
c rst  luby ibes vmt  1519  1012K 2451    20000  2340 6.63    6.15     3395   829   36K   147 29.50   29.40  
c rst  luby ibes vmt  1520  1013K 2451    20000  2340 6.63    6.15     3397   829   37K   147 29.55   29.46  
c rst  luby ibes vmt  1521  1013K 2451    20000  2340 6.63    6.15     3397   829   37K   147 29.56   29.46  
c rst  luby ibes vmt  1522  1013K 2451    20000  2340 6.63    6.15     3397   829   37K   147 29.56   29.46  
c rst  luby ibes vmt  1523  1013K 2451    20000  2340 6.63    6.15     3397   837   37K   147 29.54   29.44  
c rst  luby ibes vmt  1524  1013K 2451    20000  2340 6.63    6.15     3397   839   37K   147 29.54   29.44  
c rst  luby ibes vmt  1525  1013K 2451    20000  2340 6.63    6.15     3397   839   37K   147 29.55   29.46  
c rst  luby ibes vmt  1526  1013K 2451    20000  2340 6.63    6.15     3397   839   37K   147 29.57   29.47  
c rst  luby ibes vmt  1527  1014K 2451    20000  2340 6.63    6.15     3398   850   38K   147 29.61   29.52  
c rst  luby ibes vmt  1528  1015K 2451    20000  2340 6.63    6.15     3398   854   38K   147 29.67   29.58  
c [impl-str] lit bin: 0 set-var: 0 T: 0.00 T-out: N T-r: 99.97% w-visit: 4906
c [impl-sub] bin: 0 T: 0.00 T-out: N w-visit: 4906
c rst  luby ibes vmt  1529  1016K 2451    20000  2340 6.63    6.15     3399   886   40K   147 29.72   29.63  
c rst  luby svd  vmt  1530  1019K 2451    20000  2340 6.63    6.15     3400   894   43K   147 30.28   30.20  
c [distill] watch-based irred--  cl tried 24844    cl-sh 0     cl-rem 0    lit-rem 0      T: 0.04 T-out: Y
c [distill] watch-based red  --  cl tried 6800     cl-sh 1     cl-rem 0    lit-rem 1      T: 0.01 T-out: N
c rst  luby svd  vmt  1531  1020K 2451    20000  2340 6.63    6.15     3434  1065   31K   147 30.29   30.17  
c rst  luby svd  vmt  1532  1020K 2451    20000  2340 6.63    6.15     3544   916   31K   147 30.31   30.20  
c rst  luby svd  vmt  1533  1020K 2451    20000  2340 6.63    6.15     3544   917   31K   147 30.37   30.25  
c rst  luby svd  vmt  1534  1020K 2451    20000  2340 6.63    6.15     3544   917   31K   147 30.39   30.27  
c rst  luby svd  vmt  1535  1020K 2451    20000  2340 6.63    6.15     3544   920   31K   147 30.41   30.29  
c rst  luby svd  vmt  1536  1020K 2451    20000  2340 6.63    6.15     3548   934   32K   147 30.40   30.29  
c rst  luby svd  vmt  1537  1021K 2451    20000  2340 6.63    6.15     3548   944   32K   147 30.43   30.32  
c rst  luby svd  vmt  1538  1021K 2451    20000  2340 6.63    6.15     3548   944   32K   147 30.46   30.35  
c rst  luby svd  vmt  1539  1021K 2451    20000  2340 6.63    6.15     3548   944   32K   147 30.49   30.38  
c rst  luby svd  vmt  1540  1021K 2451    20000  2340 6.63    6.15     3548   945   32K   147 30.52   30.41  
c rst  luby svd  vmt  1541  1021K 2451    20000  2340 6.63    6.15     3548   945   32K   147 30.54   30.43  
c rst  luby svd  vmt  1542  1021K 2451    20000  2340 6.63    6.15     3548   946   33K   147 30.55   30.44  
c rst  luby svd  vmt  1543  1022K 2451    20000  2340 6.63    6.15     3548   953   33K   147 30.57   30.46  
c rst  luby svd  vmt  1544  1022K 2451    20000  2340 6.63    6.15     3548   955   33K   147 30.65   30.54  
c rst  luby svd  vmt  1545  1023K 2451    20000  2340 6.63    6.15     3548   960   34K   147 30.71   30.61  
c rst  luby svd  vmt  1546  1023K 2451    20000  2340 6.63    6.15     3548   961   34K   147 30.72   30.61  
c rst  luby svd  vmt  1547  1023K 2451    20000  2340 6.63    6.15     3548   962   34K   147 30.72   30.61  
c rst  luby svd  vmt  1548  1023K 2451    20000  2340 6.63    6.15     3548   963   34K   147 30.77   30.66  
c rst  luby svd  vmt  1549  1023K 2451    20000  2340 6.63    6.15     3549   965   34K   147 30.80   30.69  
c rst  luby svd  vmt  1550  1023K 2451    20000  2340 6.63    6.15     3549   969   35K   147 30.82   30.71  
c [distill-long-red0] cls tried: 150/150 T: 0.01 T-out: N T-r: 99.80%
c [distill-long-red1] cls tried: 147/296 T: 0.02 T-out: Y T-r: -0.66%
c rst  luby svd  vmt  1551  1024K 2451    20000  2340 6.63    6.15     3549   973   35K   147 30.85   30.74  
c rst  luby svd  vmt  1552  1024K 2451    20000  2340 6.63    6.15     3549   975   35K   147 30.89   30.79  
c rst  luby svd  vmt  1553  1024K 2451    20000  2340 6.63    6.15     3549   975   35K   147 30.92   30.82  
c rst  luby svd  vmt  1554  1024K 2451    20000  2340 6.63    6.15     3549   975   35K   147 30.95   30.84  
c rst  luby svd  vmt  1555  1024K 2451    20000  2340 6.63    6.15     3549   980   36K   147 30.97   30.87  
c rst  luby svd  vmt  1556  1024K 2451    20000  2340 6.63    6.15     3549   983   36K   147 30.97   30.87  
c rst  luby svd  vmt  1557  1025K 2451    20000  2340 6.63    6.15     3549   985   36K   147 30.99   30.89  
c rst  luby svd  vmt  1558  1025K 2451    20000  2340 6.63    6.15     3549   986   36K   147 31.03   30.92  
c rst  luby svd  vmt  1559  1025K 2451    20000  2340 6.63    6.15     3549   991   36K   147 31.07   30.97  
c rst  luby svd  vmt  1560  1026K 2451    20000  2340 6.63    6.15     3549   997   37K   147 31.13   31.03  
c rst  luby svd  vmt  1561  1028K 2451    20000  2340 6.63    6.15     3550  1009   39K   147 31.29   31.20  
c rst  luby svd  vmt  1562  1028K 2451    20000  2340 6.63    6.15     3550  1009   39K   147 31.30   31.20  
c rst  luby svd  vmt  1563  1028K 2451    20000  2340 6.63    6.15     3550  1009   39K   147 31.30   31.20  
c rst  luby svd  vmt  1564  1028K 2451    20000  2340 6.63    6.15     3550  1014   39K   147 31.33   31.23  
c rst  luby svd  vmt  1565  1028K 2451    20000  2340 6.63    6.15     3550  1014   39K   147 31.34   31.24  
c rst  luby svd  vmt  1566  1028K 2451    20000  2340 6.63    6.15     3550  1015   39K   147 31.35   31.26  
c rst  luby svd  vmt  1567  1028K 2451    20000  2340 6.63    6.15     3550  1020   40K   147 31.38   31.29  
c rst  luby svd  vmt  1568  1029K 2451    20000  2340 6.63    6.15     3550  1020   40K   147 31.44   31.35  
c rst  luby svd  vmt  1569  1029K 2451    20000  2340 6.63    6.15     3550  1021   40K   147 31.46   31.37  
c rst  luby svd  vmt  1570  1029K 2451    20000  2340 6.63    6.15     3550  1022   40K   147 31.48   31.38  
c rst  luby svd  vmt  1571  1029K 2451    20000  2340 6.63    6.15     3550  1027   40K   147 31.51   31.41  
c rst  luby svd  vmt  1572  1029K 2451    20000  2340 6.63    6.15     3550  1027   40K   147 31.55   31.45  
c rst  luby svd  vmt  1573  1029K 2451    20000  2340 6.63    6.15     3550  1028   41K   147 31.56   31.47  
c rst  luby svd  vmt  1574  1030K 2451    20000  2340 6.63    6.15     3550  1028   41K   147 31.58   31.49  
c rst  luby svd  vmt  1575  1030K 2451    20000  2340 6.63    6.15     3645   900   41K   147 31.59   31.50  
c rst  luby svd  vmt  1576  1031K 2451    20000  2340 6.63    6.15     3646   902   42K   147 31.62   31.52  
c rst  luby svd  vmt  1577  1031K 2451    20000  2340 6.63    6.15     3646   903   42K   147 31.62   31.53  
c rst  luby svd  vmt  1578  1031K 2451    20000  2340 6.63    6.15     3646   906   42K   147 31.62   31.53  
c rst  luby svd  vmt  1579  1031K 2451    20000  2340 6.63    6.15     3646   907   42K   147 31.64   31.55  
c rst  luby svd  vmt  1580  1031K 2451    20000  2340 6.63    6.15     3646   907   43K   147 31.65   31.56  
c rst  luby svd  vmt  1581  1031K 2451    20000  2340 6.63    6.15     3646   908   43K   147 31.66   31.57  
c rst  luby svd  vmt  1582  1032K 2451    20000  2340 6.63    6.15     3646   909   43K   147 31.67   31.58  
c rst  geom best vmt  1583  1032K 2451    20000  2340 6.63    6.15     3646   911   43K   147 31.68   31.59  
c [full-probe]  bin_only: 1 set: 0 repl: 0 T: 0.01 T-out: N T-r: 99.81%
c [distill-bin] useful: 0/2340/2340 lits-rem: 0 cl-rem: 0 0-depth-assigns: 0 T: 0.01 T-out: N
c rst  geom best vmt  1584  1032K 2451    20000  2340 6.63    6.15     3646   911   43K   147 31.68   31.59  
c rst  geom best vmt  1585  1032K 2451    20000  2340 6.63    6.15     3646   911   43K   147 31.69   31.60  
c rst  geom best vmt  1586  1032K 2451    20000  2340 6.63    6.15     3646   911   43K   147 31.69   31.61  
c rst  geom best vmt  1587  1032K 2451    20000  2340 6.63    6.15     3646   912   43K   147 31.70   31.61  
c rst  geom best vmt  1588  1032K 2451    20000  2340 6.63    6.15     3646   912   44K   147 31.70   31.61  
c rst  geom best vmt  1589  1033K 2451    20000  2340 6.63    6.15     3646   917   44K   147 31.70   31.62  
c rst  geom best vmt  1590  1033K 2451    20000  2340 6.63    6.15     3646   918   44K   147 31.70   31.61  
c rst  geom best vmt  1591  1033K 2451    20000  2340 6.63    6.15     3646   919   44K   147 31.70   31.61  
c rst  geom best vmt  1592  1033K 2451    20000  2340 6.63    6.15     3646   922   45K   147 31.72   31.64  
c rst  geom best vmt  1593  1034K 2451    20000  2340 6.63    6.15     3646   925   45K   147 31.73   31.64  
c rst  geom best vmt  1594  1034K 2451    20000  2340 6.63    6.15     3646   926   45K   147 31.72   31.63  
c rst  geom best vmt  1595  1034K 2451    20000  2340 6.63    6.15     3646   928   45K   147 31.69   31.60  
c rst  geom best vmt  1596  1035K 2451    20000  2340 6.63    6.15     3655  1054   28K   147 30.76   30.63  
c rst  geom best vmt  1597  1035K 2451    20000  2340 6.63    6.15     3659  1054   28K   147 30.76   30.64  
c rst  geom best vmt  1598  1036K 2451    20000  2340 6.63    6.15     3659  1058   29K   147 30.73   30.61  
c rst  geom best vmt  1599  1036K 2451    20000  2340 6.63    6.15     3659  1059   29K   147 30.86   30.73  
c [ccnr] tries: 0 steps: 262143 best found: 8
c [ccnr] saving best assignment phase to stable_polar
c [ccnr] bumping based on var unsat frequency: conflict_ct
c [ccnr] Bumped vars: 2453 bump type: 6
c [ccnr] time: 0.28
c rst  geom best vmt  1600  1037K 2451    20000  2340 6.63    6.15     3660  1085   30K   147 30.79   30.67  
c rst  geom best vmt  1601  1037K 2451    20000  2340 6.63    6.15     3664  1110   30K   147 30.74   30.62  
c rst  geom best vmt  1602  1038K 2451    20000  2340 6.63    6.15     3664  1110   31K   147 30.76   30.65  
c rst  geom best vmt  1603  1039K 2451    20000  2340 6.63    6.15     3664  1113   31K   147 30.77   30.65  
c [distill-long-red0] cls tried: 75/75 T: 0.00 T-out: N T-r: 99.90%
c [distill-long-red1] cls tried: 174/356 T: 0.02 T-out: Y T-r: -0.70%
c rst  geom best vmt  1604  1039K 2451    20000  2340 6.63    6.15     3664  1117   32K   147 30.84   30.72  
c rst  geom best vmt  1605  1040K 2451    20000  2340 6.63    6.15     3759  1004   33K   147 30.87   30.76  
c rst  geom best vmt  1606  1041K 2451    20000  2340 6.63    6.15     3759  1015   34K   147 30.78   30.68  
c rst  geom best vmt  1607  1042K 2451    20000  2340 6.63    6.15     3762  1063   35K   147 30.77   30.67  
c [gauss] XOR-encoding clauses are not detached, so no need to reattach them.
c [g 0] truth-find prop checks  : 1302K
c [g 0] -> of which prop        : 37.07 %
c [g 0] -> of which confl       :  1.38 %
c [g 0] elim called             : 146K
c [g 0] ---> which lead to prop : 172.65 %
c [g 0] ---> which lead to confl:  6.31 %
c [g 0] size: 55    x 117  
c [scc] new: 0 BP 0M T: 0.00
c [vrep] vars 0 lits 0 rem-bin-cls 0 rem-long-cls 0 BP 0M T: 0.00
c [intree] Set 0 vars hyper-added: 0 trans-irred: 0 trans-red: 0 T: 0.01 T-out: N T-r: -0.76%
c [find&init matx] performing matrix init
c [gauss] XOR-encoding clauses are not detached, so no need to reattach them.
c [xor-rem-unconnected] left with 244 xors from 244 non-empty xors T: 0.00
c [xor-together] xored together: 189 orig xors: 244 new xors: 55 T: 0.00
c [xor-rem-unconnected] left with 55 xors from 55 non-empty xors T: 0.00
c [xor-clean-equiv] removed equivalent xors: 0 left with: 55
c [matrix] unused xors from cleaning: 0
c [matrix] Good   matrix 0 55      x117    density:0.1458  xorlen avg: 17.05
c [matrix] Using 1 matrices recovered from 0 xors T: 0.00 T-out: N
c rst  geom best vmt  1608  1043K 2451    20000  2340 6.63    6.15     3762  1063   36K   147 31.17   31.07  
c rst  geom best vmt  1609  1045K 2451    20000  2340 6.63    6.15     3763  1075   38K   147 31.23   31.13  
c [distill] watch-based irred--  cl tried 24075    cl-sh 0     cl-rem 0    lit-rem 0      T: 0.04 T-out: Y
c [distill] watch-based red  --  cl tried 7526     cl-sh 1     cl-rem 0    lit-rem 1      T: 0.01 T-out: N
c rst  geom best vmt  1610  1046K 2451    20000  2340 6.63    6.15     3763  1092   39K   147 31.14   31.04  
c rst  geom best vmt  1611  1048K 2451    20000  2340 6.63    6.15     3763  1096   40K   147 31.36   31.27  
c rst  geom stb  vmt  1612  1049K 2451    20000  2340 6.63    6.15     3764  1104   42K   147 31.63   31.54  
c rst  geom stb  vmt  1613  1051K 2451    20000  2340 6.63    6.15     3861  1234   32K   147 31.20   31.08  
c rst  geom stb  vmt  1614  1053K 2451    20000  2340 6.63    6.15     3861  1238   34K   147 31.55   31.44  
c [full-probe]  bin_only: 0 set: 0 repl: 0 T: 0.01 T-out: N T-r: 98.38%
c [distill-bin] useful: 0/2340/2340 lits-rem: 0 cl-rem: 0 0-depth-assigns: 0 T: 0.01 T-out: N
c rst  geom stb  vmt  1615  1055K 2451    20000  2340 6.63    6.15     3862  1252   36K   147 32.12   32.01  
c [distill-long-red0] cls tried: 125/125 T: 0.01 T-out: N T-r: 99.84%
c [distill-long-red1] cls tried: 161/426 T: 0.02 T-out: Y T-r: -0.92%
c rst  geom stb  vmt  1616  1058K 2451    20000  2340 6.63    6.15     3864  1272   38K   147 32.23   32.13  
c rst  geom stb  vmt  1617  1061K 2451    20000  2340 6.63    6.15     3940  1180   41K   147 32.31   32.21  
c rst  geom stb  vmt  1618  1064K 2451    20000  2340 6.63    6.15     3941  1208   44K   147 32.37   32.29  
c rst  geom ibes vmt  1619  1067K 2451    20000  2340 6.63    6.15     3950  1398   31K   147 30.79   30.67  
c rst  geom ibes vmt  1620  1071K 2451    20000  2340 6.63    6.15     4026  1324   35K   147 30.55   30.45  
c [distill-long-red0] cls tried: 116/116 T: 0.01 T-out: N T-r: 99.83%
c [distill-long-red1] cls tried: 151/456 T: 0.01 T-out: Y T-r: -0.96%
c [distill] watch-based irred--  cl tried 28048    cl-sh 0     cl-rem 0    lit-rem 0      T: 0.04 T-out: N
c [distill] watch-based red  --  cl tried 8052     cl-sh 1     cl-rem 0    lit-rem 1      T: 0.01 T-out: N
c rst  geom ibes vmt  1621  1075K 2451    20000  2340 6.63    6.15     4026  1348   39K   147 30.34   30.25  
c [full-probe]  bin_only: 1 set: 0 repl: 0 T: 0.01 T-out: N T-r: 99.79%
c [distill-bin] useful: 0/2340/2340 lits-rem: 0 cl-rem: 0 0-depth-assigns: 0 T: 0.01 T-out: N
c rst  geom ibes vmt  1622  1079K 2451    20000  2340 6.63    6.15     4028  1401   43K   147 30.18   30.09  
c [impl-str] lit bin: 0 set-var: 0 T: 0.00 T-out: N T-r: 99.96% w-visit: 4906
c [impl-sub] bin: 0 T: 0.00 T-out: N w-visit: 4906
c rst  geom ibes vmt  1623  1084K 2451    20000  2340 6.63    6.15     4122  1527   37K   147 30.38   30.29  
c [ccnr] tries: 0 steps: 262143 best found: 7
c [ccnr] saving best assignment phase to stable_polar
c [ccnr] bumping based on var unsat frequency: conflict_ct
c [ccnr] Bumped vars: 2453 bump type: 6
c [ccnr] time: 0.30
c rst  geom svd  vmt  1624  1089K 2451    20000  2340 6.63    6.15     4130  1660   42K   147 31.20   31.12  
c [distill-long-red0] cls tried: 88/88 T: 0.01 T-out: N T-r: 99.83%
c [distill-long-red1] cls tried: 110/739 T: 0.02 T-out: Y T-r: -1.28%
c rst  geom svd  vmt  1625  1095K 2451    20000  2340 6.63    6.15     4236  1699   31K   147 29.87   29.76  
c [full-probe]  bin_only: 0 set: 0 repl: 0 T: 0.01 T-out: N T-r: 98.66%
c [distill-bin] useful: 0/2340/2340 lits-rem: 0 cl-rem: 0 0-depth-assigns: 0 T: 0.01 T-out: N
c rst  geom svd  vmt  1626  1101K 2451    20000  2340 6.63    6.15     4272  1596   38K   147 30.60   30.51  
c [distill] watch-based irred--  cl tried 24278    cl-sh 0     cl-rem 0    lit-rem 0      T: 0.04 T-out: Y
c [distill] watch-based red  --  cl tried 8544     cl-sh 5     cl-rem 0    lit-rem 5      T: 0.01 T-out: N
c rst  geom best vmt  1627  1108K 2451    20000  2340 6.63    6.15     4275  1640   45K   147 30.65   30.57  
c [branch] adjusting to: vsid (from: vmtf) var_decay:0.95 descr: VSIDS
c [distill-long-red0] cls tried: 124/124 T: 0.01 T-out: N T-r: 99.82%
c [distill-long-red1] cls tried: 117/793 T: 0.01 T-out: Y T-r: -0.25%
c [gauss] XOR-encoding clauses are not detached, so no need to reattach them.
c [g 0] truth-find prop checks  : 1321K
c [g 0] -> of which prop        : 39.14 %
c [g 0] -> of which confl       :  1.33 %
c [g 0] elim called             : 146K
c [g 0] ---> which lead to prop : 164.44 %
c [g 0] ---> which lead to confl:  5.92 %
c [g 0] size: 55    x 117  
c [scc] new: 0 BP 0M T: 0.00
c [vrep] vars 0 lits 0 rem-bin-cls 0 rem-long-cls 0 BP 0M T: 0.00
c [intree] Set 0 vars hyper-added: 0 trans-irred: 0 trans-red: 0 T: 0.01 T-out: N T-r: -0.83%
c [find&init matx] performing matrix init
c [gauss] XOR-encoding clauses are not detached, so no need to reattach them.
c [xor-rem-unconnected] left with 244 xors from 244 non-empty xors T: 0.00
c [xor-together] xored together: 189 orig xors: 244 new xors: 55 T: 0.00
c [xor-rem-unconnected] left with 55 xors from 55 non-empty xors T: 0.00
c [xor-clean-equiv] removed equivalent xors: 0 left with: 55
c [matrix] unused xors from cleaning: 0
c [matrix] Good   matrix 0 55      x117    density:0.1458  xorlen avg: 17.05
c [matrix] Using 1 matrices recovered from 0 xors T: 0.00 T-out: N
c rst  geom best vs   1628  1109K 2451    20000  2340 6.63    6.15     4275  1641   45K   147 30.64   30.56  
c rst  geom best vs   1629  1109K 2451    20000  2340 6.63    6.15     4275  1643   45K   147 30.64   30.55  
c rst  geom best vs   1630  1109K 2451    20000  2340 6.63    6.15     4275  1643   45K   147 30.63   30.54  
c rst  geom best vs   1631  1109K 2451    20000  2340 6.63    6.15     4275  1645   45K   147 30.61   30.53  
c rst  geom best vs   1632  1109K 2451    20000  2340 6.63    6.15     4275  1646   46K   147 30.60   30.52  
c rst  geom best vs   1633  1109K 2451    20000  2340 6.63    6.15     4275  1647   46K   147 30.57   30.49  
c rst  geom best vs   1634  1109K 2451    20000  2340 6.63    6.15     4275  1647   46K   147 30.55   30.47  
c rst  geom best vs   1635  1110K 2451    20000  2340 6.63    6.15     4338  1572   30K   147 31.02   30.90  
c rst  geom best vs   1636  1110K 2451    20000  2340 6.63    6.15     4338  1572   30K   147 30.96   30.85  
c rst  geom best vs   1637  1110K 2451    20000  2340 6.63    6.15     4338  1574   31K   147 30.93   30.81  
c rst  geom best vs   1638  1110K 2451    20000  2340 6.63    6.15     4338  1578   31K   147 30.90   30.78  
c rst  geom best vs   1639  1111K 2451    20000  2340 6.63    6.15     4338  1578   31K   147 30.87   30.76  
c rst  geom best vs   1640  1111K 2451    20000  2340 6.63    6.15     4338  1579   32K   147 30.85   30.74  
c rst  geom best vs   1641  1111K 2451    20000  2340 6.63    6.15     4338  1581   32K   147 30.82   30.71  
c rst  geom best vs   1642  1112K 2451    20000  2340 6.63    6.15     4338  1581   32K   147 30.79   30.68  
c rst  geom best vs   1643  1112K 2451    20000  2340 6.63    6.15     4338  1581   33K   147 30.76   30.65  
c rst  geom best vs   1644  1113K 2451    20000  2340 6.63    6.15     4338  1581   33K   147 30.73   30.62  
c rst  geom best vs   1645  1113K 2451    20000  2340 6.63    6.15     4338  1601   34K   147 30.66   30.55  
c rst  geom best vs   1646  1114K 2451    20000  2340 6.63    6.15     4338  1605   34K   147 30.58   30.48  
c rst  geom best vs   1647  1115K 2451    20000  2340 6.63    6.15     4338  1605   35K   147 30.50   30.40  
c rst  geom best vs   1648  1115K 2451    20000  2340 6.63    6.15     4338  1614   36K   147 30.39   30.29  
c [full-probe]  bin_only: 1 set: 0 repl: 0 T: 0.01 T-out: N T-r: 99.79%
c [distill-bin] useful: 0/2340/2340 lits-rem: 0 cl-rem: 0 0-depth-assigns: 0 T: 0.01 T-out: N
c rst  geom best vs   1649  1116K 2451    20000  2340 6.63    6.15     4338  1625   37K   147 30.26   30.16  
c rst  geom best vs   1650  1117K 2451    20000  2340 6.63    6.15     4338  1629   37K   147 30.16   30.06  
c rst  geom best vs   1651  1118K 2451    20000  2340 6.63    6.15     4338  1637   38K   147 30.10   30.00  
c rst  geom stb  vs   1652  1119K 2451    20000  2340 6.63    6.15     4339  1659   39K   147 30.28   30.19  
c rst  geom stb  vs   1653  1120K 2451    20000  2340 6.63    6.15     4395  1500   41K   147 30.46   30.37  
c rst  geom stb  vs   1654  1121K 2451    20000  2340 6.63    6.15     4395  1503   42K   147 30.56   30.47  
c rst  geom stb  vs   1655  1123K 2451    20000  2340 6.63    6.15     4395  1506   43K   147 30.61   30.52  
c rst  geom stb  vs   1656  1124K 2451    20000  2340 6.63    6.15     4395  1508   45K   147 30.64   30.56  
c [distill-long-red0] cls tried: 99/99 T: 0.01 T-out: N T-r: 99.84%
c [distill-long-red1] cls tried: 124/720 T: 0.02 T-out: Y T-r: -1.27%
c rst  geom stb  vs   1657  1126K 2451    20000  2340 6.63    6.15     4405  1647   32K   147 27.36   27.26  
c rst  geom stb  vs   1658  1128K 2451    20000  2340 6.63    6.15     4405  1649   33K   147 27.60   27.50  
c [distill] watch-based irred--  cl tried 25888    cl-sh 0     cl-rem 0    lit-rem 0      T: 0.04 T-out: Y
c [distill] watch-based red  --  cl tried 8810     cl-sh 1     cl-rem 0    lit-rem 1      T: 0.01 T-out: N
c [ccnr] tries: 0 steps: 262143 best found: 5
c [ccnr] saving best assignment phase to stable_polar
c [ccnr] bumping based on clause weights
c [ccnr] Bumped vars: 101 bump type: 6
c [ccnr] time: 0.30
c rst  geom stb  vs   1659  1130K 2451    20000  2340 6.63    6.15     4429  1540   36K   147 28.12   28.03  
c rst  geom stb  vs   1660  1132K 2451    20000  2340 6.63    6.15     4429  1548   38K   147 28.52   28.43  
c rst  geom stb  vs   1661  1135K 2451    20000  2340 6.63    6.15     4429  1551   40K   147 28.89   28.80  
c rst  geom ibes vs   1662  1137K 2451    20000  2340 6.63    6.15     4430  1594   43K   147 28.91   28.83  
c [full-probe]  bin_only: 0 set: 0 repl: 0 T: 0.01 T-out: N T-r: 98.02%
c [distill-bin] useful: 0/2340/2340 lits-rem: 0 cl-rem: 0 0-depth-assigns: 0 T: 0.01 T-out: N
c rst  geom ibes vs   1663  1140K 2451    20000  2340 6.63    6.15     4488  1503   28K   147 27.67   27.56  
c [distill-long-red0] cls tried: 67/67 T: 0.00 T-out: N T-r: 99.93%
c [distill-long-red1] cls tried: 209/748 T: 0.02 T-out: Y T-r: -0.37%
c [impl-str] lit bin: 0 set-var: 0 T: 0.00 T-out: N T-r: 99.97% w-visit: 4906
c [impl-sub] bin: 0 T: 0.00 T-out: N w-visit: 4906
c rst  geom ibes vs   1664  1144K 2451    20000  2340 6.63    6.15     4488  1506   31K   147 27.75   27.65  
c rst  geom ibes vs   1665  1147K 2451    20000  2340 6.63    6.15     4488  1531   35K   147 28.09   28.00  
c rst  geom ibes vs   1666  1151K 2451    20000  2340 6.63    6.15     4510  1348   39K   147 28.37   28.29  
c rst  geom svd  vs   1667  1156K 2451    20000  2340 6.63    6.15     4515  1443   31K   147 27.99   27.89  
c [distill-long-red0] cls tried: 25/25 T: 0.00 T-out: N T-r: 99.96%
c [distill-long-red1] cls tried: 165/603 T: 0.01 T-out: Y T-r: -0.91%
c [distill] watch-based irred--  cl tried 28048    cl-sh 0     cl-rem 0    lit-rem 0      T: 0.04 T-out: N
c [distill] watch-based red  --  cl tried 9030     cl-sh 0     cl-rem 0    lit-rem 0      T: 0.01 T-out: N
c rst  geom svd  vs   1668  1161K 2451    20000  2340 6.63    6.15     4564  1128   36K   147 28.27   28.18  
c [full-probe]  bin_only: 1 set: 0 repl: 0 T: 0.01 T-out: N T-r: 99.81%
c [distill-bin] useful: 0/2340/2340 lits-rem: 0 cl-rem: 0 0-depth-assigns: 0 T: 0.01 T-out: N
c rst  geom svd  vs   1669  1166K 2451    20000  2340 6.63    6.15     4564  1128   42K   147 28.37   28.29  
c rst  geom svd  vs   1670  1172K 2451    20000  2340 6.63    6.15     4577  1123   35K   147 26.52   26.44  
c [distill-long-red0] cls tried: 52/52 T: 0.00 T-out: N T-r: 99.93%
c [distill-long-red1] cls tried: 149/368 T: 0.01 T-out: Y T-r: -1.16%
c rst  geom best vs   1671  1178K 2451    20000  2340 6.63    6.15     4577  1135   42K   147 26.76   26.69  
c [gauss] XOR-encoding clauses are not detached, so no need to reattach them.
c [g 0] truth-find prop checks  : 1303K
c [g 0] -> of which prop        : 32.48 %
c [g 0] -> of which confl       :  1.43 %
c [g 0] elim called             : 176K
c [g 0] ---> which lead to prop : 151.62 %
c [g 0] ---> which lead to confl:  6.26 %
c [g 0] size: 55    x 117  
c [scc] new: 0 BP 0M T: 0.00
c [vrep] vars 0 lits 0 rem-bin-cls 0 rem-long-cls 0 BP 0M T: 0.01
c [intree] Set 0 vars hyper-added: 0 trans-irred: 0 trans-red: 0 T: 0.01 T-out: N T-r: -0.80%
c [find&init matx] performing matrix init
c [gauss] XOR-encoding clauses are not detached, so no need to reattach them.
c [xor-rem-unconnected] left with 244 xors from 244 non-empty xors T: 0.00
c [xor-together] xored together: 189 orig xors: 244 new xors: 55 T: 0.00
c [xor-rem-unconnected] left with 55 xors from 55 non-empty xors T: 0.00
c [xor-clean-equiv] removed equivalent xors: 0 left with: 55
c [matrix] unused xors from cleaning: 0
c [matrix] Good   matrix 0 55      x117    density:0.1458  xorlen avg: 17.05
c [matrix] Using 1 matrices recovered from 0 xors T: 0.00 T-out: N
c [ccnr] tries: 0 steps: 262143 best found: 1
c [ccnr] saving best assignment phase to stable_polar
c [ccnr] bumping based on var unsat frequency: conflict_ct
c [ccnr] Bumped vars: 2453 bump type: 6
c [ccnr] time: 0.29
c rst  geom best vs   1672  1185K 2451    20000  2340 6.63    6.15     4610  1111   36K   147 25.62   25.54  
c [full-probe]  bin_only: 0 set: 0 repl: 0 T: 0.01 T-out: N T-r: 97.65%
c [distill-bin] useful: 0/2340/2340 lits-rem: 0 cl-rem: 0 0-depth-assigns: 0 T: 0.01 T-out: N
c [distill] watch-based irred--  cl tried 27671    cl-sh 0     cl-rem 0    lit-rem 0      T: 0.04 T-out: Y
c [distill] watch-based red  --  cl tried 9220     cl-sh 0     cl-rem 0    lit-rem 0      T: 0.01 T-out: N
c rst  geom best vs   1673  1193K 2451    20000  2340 6.63    6.15     4625   925   44K   147 26.06   25.99  
c [distill-long-red0] cls tried: 34/34 T: 0.00 T-out: N T-r: 99.96%
c [distill-long-red1] cls tried: 143/249 T: 0.01 T-out: Y T-r: -1.65%
c rst  geom stb  vs   1674  1202K 2451    20000  2340 6.63    6.15     4694   888   35K   147 27.35   27.26  
c [impl-str] lit bin: 0 set-var: 0 T: 0.00 T-out: N T-r: 99.97% w-visit: 4906
c [impl-sub] bin: 0 T: 0.00 T-out: N w-visit: 4906
c rst  geom stb  vs   1675  1211K 2451    20000  2340 6.63    6.15     4715   768   44K   147 28.64   28.56  
c [distill-long-red0] cls tried: 45/45 T: 0.00 T-out: N T-r: 99.92%
c [distill-long-red1] cls tried: 153/153 T: 0.01 T-out: N T-r: 6.35%
c [full-probe]  bin_only: 1 set: 0 repl: 0 T: 0.01 T-out: N T-r: 99.86%
c [distill-bin] useful: 0/2340/2340 lits-rem: 0 cl-rem: 0 0-depth-assigns: 0 T: 0.01 T-out: N
c [distill] watch-based irred--  cl tried 26307    cl-sh 0     cl-rem 0    lit-rem 0      T: 0.04 T-out: Y
c [distill] watch-based red  --  cl tried 9430     cl-sh 0     cl-rem 0    lit-rem 0      T: 0.01 T-out: N
c rst  geom ibes vs   1676  1221K 2451    20000  2340 6.63    6.15     4777   699   36K   147 28.76   28.67  
c rst  geom ibes vs   1677  1233K 2451    20000  2340 6.63    6.15     4790   723   37K   147 27.98   27.89  
c [branch] adjusting to: vmtf (from: vsid) var_decay:0.95 descr: VMTF
c [distill-long-red0] cls tried: 20/20 T: 0.00 T-out: N T-r: 99.96%
c [distill-long-red1] cls tried: 164/164 T: 0.01 T-out: N T-r: 11.27%
c [full-probe]  bin_only: 0 set: 0 repl: 0 T: 0.01 T-out: N T-r: 98.52%
c [distill-bin] useful: 0/2340/2340 lits-rem: 0 cl-rem: 0 0-depth-assigns: 0 T: 0.01 T-out: N
c [ccnr] tries: 0 steps: 262143 best found: 6
c [ccnr] saving best assignment phase to stable_polar
c [ccnr] bumping based on var unsat frequency: conflict_ct
c [ccnr] Bumped vars: 2453 bump type: 6
c [ccnr] time: 0.29
c rst  luby svd  vmt  1678  1233K 2451    20000  2340 6.63    6.15     4792   730   37K   147 27.96   27.87  
c rst  luby svd  vmt  1679  1233K 2451    20000  2340 6.63    6.15     4793   730   37K   147 27.99   27.90  
c rst  luby svd  vmt  1680  1233K 2451    20000  2340 6.63    6.15     4793   730   37K   147 28.06   27.97  
c rst  luby svd  vmt  1681  1233K 2451    20000  2340 6.63    6.15     4793   732   37K   147 28.08   28.00  
c rst  luby svd  vmt  1682  1233K 2451    20000  2340 6.63    6.15     4793   732   37K   147 28.11   28.02  
c rst  luby svd  vmt  1683  1233K 2451    20000  2340 6.63    6.15     4793   735   37K   147 28.14   28.05  
c rst  luby svd  vmt  1684  1234K 2451    20000  2340 6.63    6.15     4796   739   38K   147 28.19   28.11  
c rst  luby svd  vmt  1685  1234K 2451    20000  2340 6.63    6.15     4796   739   38K   147 28.20   28.12  
c rst  luby svd  vmt  1686  1234K 2451    20000  2340 6.63    6.15     4796   739   38K   147 28.22   28.13  
c rst  luby svd  vmt  1687  1234K 2451    20000  2340 6.63    6.15     4796   744   38K   147 28.22   28.14  
c rst  luby svd  vmt  1688  1234K 2451    20000  2340 6.63    6.15     4796   744   38K   147 28.23   28.15  
c rst  luby svd  vmt  1689  1234K 2451    20000  2340 6.63    6.15     4796   747   38K   147 28.23   28.15  
c rst  luby svd  vmt  1690  1235K 2451    20000  2340 6.63    6.15     4796   750   39K   147 28.25   28.16  
c rst  luby svd  vmt  1691  1235K 2451    20000  2340 6.63    6.15     4797   752   39K   147 28.37   28.29  
c rst  luby svd  vmt  1692  1236K 2451    20000  2340 6.63    6.15     4797   753   40K   147 28.54   28.45  
c rst  luby svd  vmt  1693  1236K 2451    20000  2340 6.63    6.15     4797   753   40K   147 28.56   28.48  
c [distill] watch-based irred--  cl tried 26709    cl-sh 0     cl-rem 0    lit-rem 0      T: 0.04 T-out: Y
c [distill] watch-based red  --  cl tried 9594     cl-sh 0     cl-rem 0    lit-rem 0      T: 0.02 T-out: N
c rst  luby svd  vmt  1694  1236K 2451    20000  2340 6.63    6.15     4797   753   40K   147 28.58   28.49  
c rst  luby svd  vmt  1695  1236K 2451    20000  2340 6.63    6.15     4798   753   40K   147 28.60   28.52  
c rst  luby svd  vmt  1696  1236K 2451    20000  2340 6.63    6.15     4798   753   40K   147 28.62   28.53  
c rst  luby svd  vmt  1697  1236K 2451    20000  2340 6.63    6.15     4798   755   40K   147 28.64   28.56  
c rst  luby svd  vmt  1698  1237K 2451    20000  2340 6.63    6.15     4799   756   41K   147 28.68   28.60  
c rst  luby svd  vmt  1699  1237K 2451    20000  2340 6.63    6.15     4799   756   41K   147 28.79   28.71  
c rst  luby svd  vmt  1700  1237K 2451    20000  2340 6.63    6.15     4799   756   41K   147 28.82   28.74  
c rst  luby svd  vmt  1701  1237K 2451    20000  2340 6.63    6.15     4799   756   41K   147 28.83   28.75  
c rst  luby svd  vmt  1702  1237K 2451    20000  2340 6.63    6.15     4799   757   41K   147 28.84   28.76  
c rst  luby svd  vmt  1703  1238K 2451    20000  2340 6.63    6.15     4799   757   42K   147 28.86   28.77  
c rst  luby svd  vmt  1704  1238K 2451    20000  2340 6.63    6.15     4799   757   42K   147 28.86   28.78  
c rst  luby svd  vmt  1705  1238K 2451    20000  2340 6.63    6.15     4799   758   42K   147 28.89   28.81  
c rst  luby svd  vmt  1706  1238K 2451    20000  2340 6.63    6.15     4799   764   42K   147 28.93   28.85  
c rst  luby svd  vmt  1707  1239K 2451    20000  2340 6.63    6.15     4800   774   43K   147 29.08   29.00  
c rst  luby svd  vmt  1708  1241K 2451    20000  2340 6.63    6.15     4846   729   45K   147 29.28   29.20  
c rst  luby svd  vmt  1709  1241K 2451    20000  2340 6.63    6.15     4846   729   45K   147 29.29   29.22  
c rst  luby svd  vmt  1710  1241K 2451    20000  2340 6.63    6.15     4846   729   45K   147 29.30   29.22  
c rst  luby svd  vmt  1711  1241K 2451    20000  2340 6.63    6.15     4846   729   45K   147 29.31   29.23  
c rst  luby svd  vmt  1712  1241K 2451    20000  2340 6.63    6.15     4846   732   45K   147 29.32   29.24  
c rst  luby svd  vmt  1713  1241K 2451    20000  2340 6.63    6.15     4846   732   45K   147 29.33   29.25  
c rst  luby svd  vmt  1714  1241K 2451    20000  2340 6.63    6.15     4846   732   45K   147 29.34   29.26  
c rst  luby svd  vmt  1715  1242K 2451    20000  2340 6.63    6.15     4846   735   46K   147 29.33   29.25  
c rst  luby svd  vmt  1716  1242K 2451    20000  2340 6.63    6.15     4846   735   46K   147 29.35   29.27  
c rst  luby svd  vmt  1717  1242K 2451    20000  2340 6.63    6.15     4846   735   46K   147 29.38   29.30  
c rst  luby svd  vmt  1718  1242K 2451    20000  2340 6.63    6.15     4846   737   46K   147 29.40   29.33  
c rst  luby svd  vmt  1719  1242K 2451    20000  2340 6.63    6.15     4846   740   46K   147 29.42   29.34  
c rst  luby svd  vmt  1720  1243K 2451    20000  2340 6.63    6.15     4846   740   46K   147 29.44   29.36  
c rst  luby svd  vmt  1721  1243K 2451    20000  2340 6.63    6.15     4846   740   47K   147 29.45   29.37  
c rst  luby svd  vmt  1722  1243K 2451    20000  2340 6.63    6.15     4846   748   47K   147 29.46   29.39  
c rst  luby svd  vmt  1723  1244K 2451    20000  2340 6.63    6.15     4846   754   48K   147 29.52   29.44  
c [gauss] XOR-encoding clauses are not detached, so no need to reattach them.
c [g 0] truth-find prop checks  : 1256K
c [g 0] -> of which prop        : 38.97 %
c [g 0] -> of which confl       :  1.32 %
c [g 0] elim called             : 147K
c [g 0] ---> which lead to prop : 162.71 %
c [g 0] ---> which lead to confl:  5.84 %
c [g 0] size: 55    x 117  
c [scc] new: 0 BP 0M T: 0.00
c [vrep] vars 0 lits 0 rem-bin-cls 0 rem-long-cls 0 BP 0M T: 0.01
c [intree] Set 0 vars hyper-added: 0 trans-irred: 0 trans-red: 0 T: 0.01 T-out: N T-r: -0.64%
c [find&init matx] performing matrix init
c [gauss] XOR-encoding clauses are not detached, so no need to reattach them.
c [xor-rem-unconnected] left with 244 xors from 244 non-empty xors T: 0.00
c [xor-together] xored together: 189 orig xors: 244 new xors: 55 T: 0.00
c [xor-rem-unconnected] left with 55 xors from 55 non-empty xors T: 0.00
c [xor-clean-equiv] removed equivalent xors: 0 left with: 55
c [matrix] unused xors from cleaning: 0
c [matrix] Good   matrix 0 55      x117    density:0.1458  xorlen avg: 17.05
c [matrix] Using 1 matrices recovered from 0 xors T: 0.00 T-out: N
c rst  luby svd  vmt  1724  1244K 2451    20000  2340 6.63    6.15     4846   754   48K   147 29.53   29.46  
c rst  luby svd  vmt  1725  1244K 2451    20000  2340 6.63    6.15     4846   754   48K   147 29.55   29.47  
c rst  luby svd  vmt  1726  1244K 2451    20000  2340 6.63    6.15     4846   754   48K   147 29.57   29.50  
c rst  luby svd  vmt  1727  1244K 2451    20000  2340 6.63    6.15     4846   754   48K   147 29.59   29.51  
c rst  luby svd  vmt  1728  1245K 2451    20000  2340 6.63    6.15     4846   754   48K   147 29.60   29.53  
c rst  luby svd  vmt  1729  1245K 2451    20000  2340 6.63    6.15     4863   896   30K   147 26.95   26.85  
c rst  luby svd  vmt  1730  1245K 2451    20000  2340 6.63    6.15     4863   896   31K   147 27.05   26.95  
c rst  luby svd  vmt  1731  1245K 2451    20000  2340 6.63    6.15     4863   896   31K   147 27.06   26.97  
c rst  luby svd  vmt  1732  1245K 2451    20000  2340 6.63    6.15     4863   896   31K   147 27.09   26.99  
c rst  luby svd  vmt  1733  1246K 2451    20000  2340 6.63    6.15     4863   896   31K   147 27.14   27.05  
c rst  luby svd  vmt  1734  1246K 2451    20000  2340 6.63    6.15     4863   897   31K   147 27.19   27.09  
c rst  luby svd  vmt  1735  1246K 2451    20000  2340 6.63    6.15     4863   898   31K   147 27.22   27.12  
c rst  luby svd  vmt  1736  1246K 2451    20000  2340 6.63    6.15     4863   898   31K   147 27.25   27.16  
c rst  luby svd  vmt  1737  1246K 2451    20000  2340 6.63    6.15     4864   899   32K   147 27.36   27.26  
c rst  luby svd  vmt  1738  1247K 2451    20000  2340 6.63    6.15     4865   903   33K   147 27.46   27.36  
c rst  luby svd  vmt  1739  1249K 2451    20000  2340 6.63    6.15     4869   917   34K   147 27.80   27.70  
c [distill-long-red0] cls tried: 44/44 T: 0.00 T-out: N T-r: 99.94%
c [distill-long-red1] cls tried: 194/228 T: 0.02 T-out: Y T-r: -1.05%
c rst  luby svd  vmt  1740  1252K 2451    20000  2340 6.63    6.15     4918   845   37K   147 28.35   28.26  
c rst  geom best vmt  1741  1252K 2451    20000  2340 6.63    6.15     4918   850   38K   147 28.35   28.27  
c rst  geom best vmt  1742  1252K 2451    20000  2340 6.63    6.15     4918   851   38K   147 28.36   28.28  
c rst  geom best vmt  1743  1252K 2451    20000  2340 6.63    6.15     4919   853   38K   147 28.39   28.30  
c rst  geom best vmt  1744  1252K 2451    20000  2340 6.63    6.15     4919   854   38K   147 28.40   28.32  
c rst  geom best vmt  1745  1253K 2451    20000  2340 6.63    6.15     4919   855   38K   147 28.41   28.32  
c rst  geom best vmt  1746  1253K 2451    20000  2340 6.63    6.15     4919   857   38K   147 28.44   28.35  
c [full-probe]  bin_only: 1 set: 0 repl: 0 T: 0.01 T-out: N T-r: 99.82%
c [distill-bin] useful: 0/2340/2340 lits-rem: 0 cl-rem: 0 0-depth-assigns: 0 T: 0.01 T-out: N
c rst  geom best vmt  1747  1253K 2451    20000  2340 6.63    6.15     4919   861   38K   147 28.47   28.38  
c rst  geom best vmt  1748  1253K 2451    20000  2340 6.63    6.15     4919   863   39K   147 28.52   28.44  
c rst  geom best vmt  1749  1253K 2451    20000  2340 6.63    6.15     4919   867   39K   147 28.53   28.45  
c rst  geom best vmt  1750  1254K 2451    20000  2340 6.63    6.15     4919   868   39K   147 28.55   28.47  
c rst  geom best vmt  1751  1254K 2451    20000  2340 6.63    6.15     4919   870   39K   147 28.58   28.49  
c rst  geom best vmt  1752  1254K 2451    20000  2340 6.63    6.15     4919   870   40K   147 28.58   28.50  
c rst  geom best vmt  1753  1255K 2451    20000  2340 6.63    6.15     4919   873   40K   147 28.57   28.49  
c rst  geom best vmt  1754  1255K 2451    20000  2340 6.63    6.15     4919   877   40K   147 28.57   28.49  
c rst  geom best vmt  1755  1255K 2451    20000  2340 6.63    6.15     4919   883   41K   147 28.56   28.48  
c rst  geom best vmt  1756  1256K 2451    20000  2340 6.63    6.15     4919   896   41K   147 28.62   28.54  
c rst  geom best vmt  1757  1256K 2451    20000  2340 6.63    6.15     4919   899   42K   147 28.66   28.58  
c rst  geom best vmt  1758  1257K 2451    20000  2340 6.63    6.15     4919   900   42K   147 28.67   28.59  
c rst  geom best vmt  1759  1258K 2451    20000  2340 6.63    6.15     4919   907   43K   147 28.65   28.57  
c rst  geom best vmt  1760  1258K 2451    20000  2340 6.63    6.15     4919   911   44K   147 28.66   28.58  
c rst  geom best vmt  1761  1259K 2451    20000  2340 6.63    6.15     4919   911   44K   147 28.71   28.63  
c rst  geom best vmt  1762  1260K 2451    20000  2340 6.63    6.15     5007   911   30K   147 29.22   29.11  
c rst  geom best vmt  1763  1261K 2451    20000  2340 6.63    6.15     5007   916   31K   147 29.50   29.39  
c rst  geom best vmt  1764  1262K 2451    20000  2340 6.63    6.15     5007   922   31K   147 29.55   29.44  
c [distill] watch-based irred--  cl tried 25574    cl-sh 0     cl-rem 0    lit-rem 0      T: 0.04 T-out: Y
c [distill] watch-based red  --  cl tried 10014    cl-sh 0     cl-rem 0    lit-rem 0      T: 0.02 T-out: N
c rst  geom best vmt  1765  1263K 2451    20000  2340 6.63    6.15     5008   937   33K   147 29.60   29.49  
c [impl-str] lit bin: 0 set-var: 0 T: 0.00 T-out: N T-r: 99.97% w-visit: 4906
c [impl-sub] bin: 0 T: 0.00 T-out: N w-visit: 4906
c rst  geom best vmt  1766  1264K 2451    20000  2340 6.63    6.15     5008   938   34K   147 29.67   29.57  
c rst  geom best vmt  1767  1265K 2451    20000  2340 6.63    6.15     5008   942   35K   147 29.67   29.57  
c [distill-long-red0] cls tried: 62/62 T: 0.00 T-out: N T-r: 99.90%
c [distill-long-red1] cls tried: 182/182 T: 0.01 T-out: N T-r: 2.35%
c rst  geom best vmt  1768  1266K 2451    20000  2340 6.63    6.15     5010   956   36K   147 29.76   29.66  
c rst  geom best vmt  1769  1268K 2451    20000  2340 6.63    6.15     5010   962   38K   147 29.93   29.84  
c rst  geom best vmt  1770  1270K 2451    20000  2340 6.63    6.15     5074   884   40K   147 30.07   29.98  
c rst  geom stb  vmt  1771  1271K 2451    20000  2340 6.63    6.15     5075   893   41K   147 30.31   30.23  
c rst  geom stb  vmt  1772  1274K 2451    20000  2340 6.63    6.15     5077   905   43K   147 30.40   30.31  
c [full-probe]  bin_only: 0 set: 0 repl: 0 T: 0.01 T-out: N T-r: 98.06%
c [distill-bin] useful: 0/2340/2340 lits-rem: 0 cl-rem: 0 0-depth-assigns: 0 T: 0.01 T-out: N
c rst  geom stb  vmt  1773  1276K 2451    20000  2340 6.63    6.15     5089  1043   33K   147 29.40   29.29  
c rst  geom stb  vmt  1774  1278K 2451    20000  2340 6.63    6.15     5089  1050   35K   147 29.66   29.56  
c [ccnr] tries: 0 steps: 262143 best found: 9
c [ccnr] saving best assignment phase to stable_polar
c [ccnr] bumping based on clause weights
c [ccnr] Bumped vars: 103 bump type: 6
c [ccnr] time: 0.28
c rst  geom stb  vmt  1775  1281K 2451    20000  2340 6.63    6.15     5132   992   38K   147 30.51   30.42  
c [distill-long-red0] cls tried: 46/46 T: 0.00 T-out: N T-r: 99.93%
c [distill-long-red1] cls tried: 151/176 T: 0.02 T-out: Y T-r: -0.93%
c rst  geom stb  vmt  1776  1284K 2451    20000  2340 6.63    6.15     5133  1016   41K   147 31.04   30.95  
c rst  geom stb  vmt  1777  1287K 2451    20000  2340 6.63    6.15     5135  1062   44K   147 31.57   31.48  
c [distill] watch-based irred--  cl tried 22444    cl-sh 0     cl-rem 0    lit-rem 0      T: 0.04 T-out: Y
c [distill] watch-based red  --  cl tried 10270    cl-sh 0     cl-rem 0    lit-rem 0      T: 0.02 T-out: N
c rst  geom stb  vmt  1778  1291K 2451    20000  2340 6.63    6.15     5190  1149   26K   147 31.24   31.11  
c rst  geom ibes vmt  1779  1295K 2451    20000  2340 6.63    6.15     5194  1184   29K   147 31.76   31.64  
c [full-probe]  bin_only: 1 set: 0 repl: 0 T: 0.01 T-out: N T-r: 99.79%
c [distill-bin] useful: 0/2340/2340 lits-rem: 0 cl-rem: 0 0-depth-assigns: 0 T: 0.01 T-out: N
c rst  geom ibes vmt  1780  1299K 2451    20000  2340 6.63    6.15     5194  1202   34K   147 31.74   31.63  
c [distill-long-red0] cls tried: 40/40 T: 0.00 T-out: N T-r: 99.92%
c [distill-long-red1] cls tried: 150/282 T: 0.02 T-out: Y T-r: -1.13%
c rst  geom ibes vmt  1781  1304K 2451    20000  2340 6.63    6.15     5250  1135   39K   147 31.64   31.54  
c rst  geom ibes vmt  1782  1309K 2451    20000  2340 6.63    6.15     5264  1367   34K   147 30.91   30.81  
c [gauss] XOR-encoding clauses are not detached, so no need to reattach them.
c [g 0] truth-find prop checks  : 1293K
c [g 0] -> of which prop        : 40.10 %
c [g 0] -> of which confl       :  1.35 %
c [g 0] elim called             : 139K
c [g 0] ---> which lead to prop : 175.04 %
c [g 0] ---> which lead to confl:  6.47 %
c [g 0] size: 55    x 117  
c [scc] new: 0 BP 0M T: 0.00
c [vrep] vars 0 lits 0 rem-bin-cls 0 rem-long-cls 0 BP 0M T: 0.00
c [intree] Set 0 vars hyper-added: 0 trans-irred: 0 trans-red: 0 T: 0.01 T-out: N T-r: -0.81%
c [find&init matx] performing matrix init
c [gauss] XOR-encoding clauses are not detached, so no need to reattach them.
c [xor-rem-unconnected] left with 244 xors from 244 non-empty xors T: 0.00
c [xor-together] xored together: 189 orig xors: 244 new xors: 55 T: 0.00
c [xor-rem-unconnected] left with 55 xors from 55 non-empty xors T: 0.00
c [xor-clean-equiv] removed equivalent xors: 0 left with: 55
c [matrix] unused xors from cleaning: 0
c [matrix] Good   matrix 0 55      x117    density:0.1458  xorlen avg: 17.05
c [matrix] Using 1 matrices recovered from 0 xors T: 0.00 T-out: N
c rst  geom svd  vmt  1783  1314K 2451    20000  2340 6.63    6.15     5365  1207   38K   147 31.06   30.97  
c recursive minimization cost OK: 2321Kcost/(% lits removed)
c [gauss] XOR-encoding clauses are not detached, so no need to reattach them.
c [g 0] truth-find prop checks  : 78K
c [g 0] -> of which prop        : 33.79 %
c [g 0] -> of which confl       :  1.49 %
c [g 0] elim called             : 10852
c [g 0] ---> which lead to prop : 158.42 %
c [g 0] ---> which lead to confl:  6.21 %
c [g 0] size: 55    x 117  
c --> Executing strategy token: scc-vrepl
c [scc] new: 0 BP 0M T: 0.00
c --> Executing strategy token: sub-impl
c [impl-sub] bin: 0 T: 0.00 T-out: N w-visit: 4906
c --> Executing strategy token: breakid
c --> Executing OCC strategy token(s): 'occ-backw-sub-str,occ-clean-implicit,occ-bve,occ-bva,occ-ternary-res,occ-xor,'
c [occ] mem usage for occur 2      MB
c [occ] Linked in IRRED BIN by default: 2340
c [occ] Linked in RED   BIN by default: 147
c [occ] mem usage for occur 0      MB
c Mem for watch alloc      : 14          MB (25.62     %)
c Mem for watch array      : 0           MB (0.19      %)
c --> Executing OCC strategy token: occ-backw-sub-str
c [occ-backw-sub-str-long-w-bins] subs: 0 str: 0 tried: 71343 0-depth ass: 0 T: 0.00 T-out: N T-r: 99.56%
c [occ-backw-sub-long-w-long] rem cl: 219 tried: 65156/65156 (100.0%) T: 0.01 T-out: N T-r: 96.83%
c [occ-backw-sub-str-long-w-long] sub: 7 str: 127 tried: 195468/65156 (300.0)  T: 0.08 T-out: N T-r: 90.22%
c --> Executing OCC strategy token: occ-clean-implicit
c --> Executing OCC strategy token: occ-bve
c [occ-empty-res] Empty resolvent elimed: 0 T: 0.00 T-out: N
c [occ-bve] turning off picosat-based irreg gate detection, added lits:  372K
c [occ-bve] iter v-elim 0
c cl_inc_rate=1.0, var_dec_rate=1.0 (grow=0)
c Reduced to 2451 vars, 22340 cls (grow=0)
c [occ-bve] iter v-elim 0
c cl_inc_rate=1.0, var_dec_rate=1.0 (grow=8)
c Reduced to 2451 vars, 22340 cls (grow=8)
c [occ-bve] iter v-elim 0
c cl_inc_rate=1.0, var_dec_rate=1.0 (grow=16)
c Reduced to 2451 vars, 22340 cls (grow=16)
c x n vars       : 2451
c #try to eliminate:  7353
c #var-elim        :     0
c #T-o: N
c #T-r: 99.99%
c #T  : 1.32
c [occur] 0.04 is overhead
c [occur] link-in T: 0.04 cleanup T: 0.00
c --> Executing OCC strategy token: occ-bva
c --> Executing OCC strategy token: occ-ternary-res
c [occ-ternary-res] Ternary res-tri: 0 res-bin: 0 sub: 0 str: 0 T: 0.00 T-out: N T-r: 99.88%
c --> Executing OCC strategy token: occ-xor
c [occ-xor] sort occur list T: 0.01
c [xor-clean-equiv] removed equivalent xors: 0 left with: 230
c [occ-xor] found    230 avg sz 5.4 min sz  4 max sz  6 T: 0.01 T-out: N T-r: 99.98%
c --> Executing strategy token: card-find
c --> Executing strategy token: cl-consolidate
c Not consolidating memory.
c --> Executing strategy token: scc-vrepl
c [scc] new: 0 BP 0M T: 0.00
c --> Executing strategy token: renumber
c --> Executing strategy token: bosphorus
c --> Executing strategy token: louvain-comms
c [consolidate] mini T: 0.00
c global_timeout_multiplier: 5.8462
c [branch] rebuilding order heap for all branchings. Current branching: vmtf
c [find&init matx] performing matrix init
c [gauss] XOR-encoding clauses are not detached, so no need to reattach them.
c [xor-rem-unconnected] left with 230 xors from 230 non-empty xors T: 0.00
c [xor-together] xored together: 171 orig xors: 230 new xors: 59 T: 0.00
c [xor-rem-unconnected] left with 59 xors from 59 non-empty xors T: 0.00
c [xor-clean-equiv] removed equivalent xors: 0 left with: 59
c [matrix] unused xors from cleaning: 0
c [matrix] Good   matrix  0     59 x  128  density:0.1185  xorlen avg: 15.17
c [matrix] Using 1 matrices recovered from 0 xors T: 0.00 T-out: N
c [distill] watch-based irred--  cl tried    28816 cl-sh     0 cl-rem    0 lit-rem      0 T: 0.04 T-out: N
c [distill] watch-based   red--  cl tried    10310 cl-sh     0 cl-rem    0 lit-rem      0 T: 0.01 T-out: N
c rst  geom  svd  vmt  1784 1315K    2451 20000  2340    6.63    6.15  5155  1331   40K   147   31.49   31.40
c [distill-long-red0] cls tried: 121/121 T: 0.00 T-out: N T-r: 99.92%
c [distill-long-red1] cls tried: 271/423 T: 0.02 T-out: Y T-r: -0.74%
c [full-probe]  bin_only: 0 set: 0 repl: 0 T: 0.01 T-out: N T-r: 98.87%
c [distill-bin] useful: 0/2340/2340 lits-rem: 0 cl-rem: 0 0-depth-assigns: 0 T: 0.01 T-out: N
c rst  geom  svd  vmt  1785 1322K    2451 20000  2340    6.63    6.15  5169  1301   31K   147   28.83   28.73
c rst  geom  svd  vmt  1786 1329K    2451 20000  2340    6.63    6.15  5171  1332   38K   147   30.88   30.79
c [impl-str] lit bin: 0 set-var: 0 T: 0.00 T-out: N T-r: 99.97% w-visit: 4906
c [impl-sub] bin: 0 T: 0.00 T-out: N w-visit: 4906
c [ccnr] tries: 0 steps: 262143 best found: 6
c [ccnr] saving best assignment phase to stable_polar
c [ccnr] bumping based on var unsat frequency: conflict_ct
c [ccnr] Bumped vars: 2453 bump type: 6
c [ccnr] time: 0.30
c rst  geom best  vmt  1787 1337K    2451 20000  2340    6.63    6.15  5306  1409   30K   147   31.36   31.25
c [distill-long-red0] cls tried: 84/84 T: 0.01 T-out: N T-r: 99.89%
c [distill-long-red1] cls tried: 192/427 T: 0.02 T-out: Y T-r: -0.98%
c [full-probe]  bin_only: 1 set: 0 repl: 0 T: 0.01 T-out: N T-r: 99.89%
c [distill-bin] useful: 0/2340/2340 lits-rem: 0 cl-rem: 0 0-depth-assigns: 0 T: 0.01 T-out: N
c rst  geom best  vmt  1788 1345K    2451 20000  2340    6.63    6.15  5484  1461   39K   147   31.24   31.15
c [distill] watch-based irred--  cl tried    25233 cl-sh     0 cl-rem    0 lit-rem      0 T: 0.04 T-out: Y
c [distill] watch-based   red--  cl tried    10968 cl-sh     0 cl-rem    0 lit-rem      0 T: 0.02 T-out: N
c rst  geom best  vmt  1789 1354K    2451 20000  2340    6.63    6.15  5713  1636   37K   147   32.17   32.07
c [branch] adjusting to: vsid (from: vmtf) var_decay:0.95 descr: VSIDS
c [distill-long-red0] cls tried: 332/332 T: 0.02 T-out: N T-r: 99.55%
c [distill-long-red1] cls tried: 125/719 T: 0.02 T-out: Y T-r: -0.46%
c rst  geom  stb   vs  1790 1355K    2451 20000  2340    6.63    6.15  5713  1637   37K   147   32.18   32.08
c rst  geom  stb   vs  1791 1355K    2451 20000  2340    6.63    6.15  5713  1637   37K   147   32.21   32.11
c rst  geom  stb   vs  1792 1355K    2451 20000  2340    6.63    6.15  5713  1637   37K   147   32.22   32.13
c rst  geom  stb   vs  1793 1355K    2451 20000  2340    6.63    6.15  5713  1637   37K   147   32.24   32.14
c rst  geom  stb   vs  1794 1355K    2451 20000  2340    6.63    6.15  5713  1637   38K   147   32.24   32.15
c rst  geom  stb   vs  1795 1355K    2451 20000  2340    6.63    6.15  5713  1638   38K   147   32.26   32.16
c rst  geom  stb   vs  1796 1356K    2451 20000  2340    6.63    6.15  5714  1639   38K   147   32.27   32.17
c rst  geom  stb   vs  1797 1356K    2451 20000  2340    6.63    6.15  5715  1640   38K   147   32.28   32.19
c rst  geom  stb   vs  1798 1356K    2451 20000  2340    6.63    6.15  5715  1640   38K   147   32.30   32.20
c rst  geom  stb   vs  1799 1356K    2451 20000  2340    6.63    6.15  5715  1640   39K   147   32.30   32.20
c rst  geom  stb   vs  1800 1356K    2451 20000  2340    6.63    6.15  5715  1640   39K   147   32.32   32.23
c rst  geom  stb   vs  1801 1357K    2451 20000  2340    6.63    6.15  5715  1641   39K   147   32.33   32.24
c [full-probe]  bin_only: 0 set: 0 repl: 0 T: 0.01 T-out: N T-r: 98.49%
c [distill-bin] useful: 0/2340/2340 lits-rem: 0 cl-rem: 0 0-depth-assigns: 0 T: 0.01 T-out: N
c rst  geom  stb   vs  1802 1357K    2451 20000  2340    6.63    6.15  5715  1641   40K   147   32.35   32.25
c rst  geom  stb   vs  1803 1358K    2451 20000  2340    6.63    6.15  5715  1641   40K   147   32.37   32.27
c rst  geom  stb   vs  1804 1358K    2451 20000  2340    6.63    6.15  5715  1641   40K   147   32.37   32.28
c rst  geom  stb   vs  1805 1358K    2451 20000  2340    6.63    6.15  5715  1641   41K   147   32.39   32.30
c rst  geom  stb   vs  1806 1359K    2451 20000  2340    6.63    6.15  5715  1644   41K   147   32.36   32.27
c rst  geom  stb   vs  1807 1359K    2451 20000  2340    6.63    6.15  5715  1645   42K   147   32.34   32.25
c rst  geom  stb   vs  1808 1360K    2451 20000  2340    6.63    6.15  5746  1504   43K   147   32.31   32.22
c rst  geom  stb   vs  1809 1361K    2451 20000  2340    6.63    6.15  5746  1505   43K   147   32.34   32.25
c rst  geom  stb   vs  1810 1361K    2451 20000  2340    6.63    6.15  5746  1508   44K   147   32.34   32.25
c rst  geom  stb   vs  1811 1362K    2451 20000  2340    6.63    6.15  5746  1512   45K   147   32.34   32.25
c rst  geom  stb   vs  1812 1363K    2451 20000  2340    6.63    6.15  5746  1516   46K   147   32.34   32.25
c rst  geom  stb   vs  1813 1364K    2451 20000  2340    6.63    6.15  5746  1517   47K   147   32.35   32.27
c rst  geom  stb   vs  1814 1365K    2451 20000  2340    6.63    6.15  5754  1587   30K   147   29.24   29.14
c rst  geom  stb   vs  1815 1366K    2451 20000  2340    6.63    6.15  5754  1588   31K   147   29.32   29.22
c rst  geom  stb   vs  1816 1368K    2451 20000  2340    6.63    6.15  5754  1589   32K   147   29.44   29.34
c rst  geom  stb   vs  1817 1369K    2451 20000  2340    6.63    6.15  5754  1589   34K   147   29.50   29.40
c rst  geom  stb   vs  1818 1370K    2451 20000  2340    6.63    6.15  5785  1463   35K   147   29.58   29.49
c [distill-long-red0] cls tried: 45/45 T: 0.00 T-out: N T-r: 99.92%
c [distill-long-red1] cls tried: 150/613 T: 0.02 T-out: Y T-r: -0.46%
c [distill] watch-based irred--  cl tried    26762 cl-sh     0 cl-rem    0 lit-rem      0 T: 0.04 T-out: Y
c [distill] watch-based   red--  cl tried    11570 cl-sh     1 cl-rem    0 lit-rem      1 T: 0.02 T-out: N
c rst  geom  stb   vs  1819 1372K    2451 20000  2340    6.63    6.15  5785  1464   37K   147   29.64   29.55
c rst  geom  stb   vs  1820 1374K    2451 20000  2340    6.63    6.15  5785  1467   39K   147   29.67   29.58
c [ccnr] tries: 0 steps: 262143 best found: 8
c [ccnr] saving best assignment phase to stable_polar
c [ccnr] bumping based on var unsat frequency: conflict_ct
c [ccnr] Bumped vars: 2453 bump type: 6
c [ccnr] time: 0.28
c rst  geom ibes   vs  1821 1376K    2451 20000  2340    6.63    6.15  5785  1472   41K   147   29.63   29.55
c [gauss] XOR-encoding clauses are not detached, so no need to reattach them.
c [g 0] truth-find prop checks  : 1304K
c [g 0] -> of which prop        : 39.04 %
c [g 0] -> of which confl       :  1.23 %
c [g 0] elim called             : 124K
c [g 0] ---> which lead to prop : 159.77 %
c [g 0] ---> which lead to confl:  5.17 %
c [g 0] size: 59    x 128  
c [scc] new: 0 BP 0M T: 0.00
c [vrep] vars 0 lits 0 rem-bin-cls 0 rem-long-cls 0 BP 0M T: 0.00
c [intree] Set 0 vars hyper-added: 0 trans-irred: 0 trans-red: 0 T: 0.01 T-out: N T-r: -0.60%
c [find&init matx] performing matrix init
c [gauss] XOR-encoding clauses are not detached, so no need to reattach them.
c [xor-rem-unconnected] left with 230 xors from 230 non-empty xors T: 0.00
c [xor-together] xored together: 171 orig xors: 230 new xors: 59 T: 0.00
c [xor-rem-unconnected] left with 59 xors from 59 non-empty xors T: 0.00
c [xor-clean-equiv] removed equivalent xors: 0 left with: 59
c [matrix] unused xors from cleaning: 0
c [matrix] Good   matrix 0 59      x128    density:0.1185  xorlen avg: 15.17
c [matrix] Using 1 matrices recovered from 0 xors T: 0.00 T-out: N
c rst  geom ibes vs   1822  1378K 2451    20000  2340 6.63    6.15     5785  1475   43K   147 29.61   29.53  
c [full-probe]  bin_only: 1 set: 0 repl: 0 T: 0.01 T-out: N T-r: 99.77%
c [distill-bin] useful: 0/2340/2340 lits-rem: 0 cl-rem: 0 0-depth-assigns: 0 T: 0.01 T-out: N
c rst  geom ibes vs   1823  1381K 2451    20000  2340 6.63    6.15     5817  1404   32K   147 27.61   27.52  
c rst  geom ibes vs   1824  1384K 2451    20000  2340 6.63    6.15     5817  1411   35K   147 27.78   27.70  
c rst  geom ibes vs   1825  1387K 2451    20000  2340 6.63    6.15     5818  1419   38K   147 27.91   27.83  
c [distill-long-red0] cls tried: 24/24 T: 0.00 T-out: N T-r: 99.96%
c [distill-long-red1] cls tried: 139/527 T: 0.02 T-out: Y T-r: -0.86%
c rst  geom ibes vs   1826  1390K 2451    20000  2340 6.63    6.15     5844  1338   41K   147 28.24   28.16  
c [impl-str] lit bin: 0 set-var: 0 T: 0.00 T-out: N T-r: 99.97% w-visit: 4906
c [impl-sub] bin: 0 T: 0.00 T-out: N w-visit: 4906
c rst  geom ibes vs   1827  1393K 2451    20000  2340 6.63    6.15     5844  1341   45K   147 28.50   28.42  
c rst  geom svd  vs   1828  1397K 2451    20000  2340 6.63    6.15     5856  1443   35K   147 26.19   26.11  
c [distill] watch-based irred--  cl tried 28816    cl-sh 0     cl-rem 0    lit-rem 0      T: 0.04 T-out: N
c [distill] watch-based red  --  cl tried 11712    cl-sh 0     cl-rem 0    lit-rem 0      T: 0.02 T-out: N
c rst  geom svd  vs   1829  1402K 2451    20000  2340 6.63    6.15     5872  1343   39K   147 26.23   26.15  
c [distill-long-red0] cls tried: 40/40 T: 0.00 T-out: N T-r: 99.94%
c [distill-long-red1] cls tried: 154/444 T: 0.02 T-out: Y T-r: -0.42%
c [full-probe]  bin_only: 0 set: 0 repl: 0 T: 0.01 T-out: N T-r: 98.64%
c [distill-bin] useful: 0/2340/2340 lits-rem: 0 cl-rem: 0 0-depth-assigns: 0 T: 0.01 T-out: N
c rst  geom svd  vs   1830  1407K 2451    20000  2340 6.63    6.15     5872  1362   44K   147 26.39   26.32  
c rst  geom svd  vs   1831  1412K 2451    20000  2340 6.63    6.15     5916  1238   37K   147 25.09   25.02  
c rst  geom svd  vs   1832  1418K 2451    20000  2340 6.63    6.15     5916  1243   43K   147 25.11   25.04  
c [distill-long-red0] cls tried: 38/38 T: 0.00 T-out: N T-r: 99.95%
c [distill-long-red1] cls tried: 162/372 T: 0.02 T-out: Y T-r: -1.05%
c rst  geom best vs   1833  1424K 2451    20000  2340 6.63    6.15     5941   861   50K   147 25.90   25.83  
c [full-probe]  bin_only: 1 set: 0 repl: 0 T: 0.01 T-out: N T-r: 99.85%
c [distill-bin] useful: 0/2340/2340 lits-rem: 0 cl-rem: 0 0-depth-assigns: 0 T: 0.01 T-out: N
c [distill] watch-based irred--  cl tried 23553    cl-sh 0     cl-rem 0    lit-rem 0      T: 0.05 T-out: Y
c [distill] watch-based red  --  cl tried 11882    cl-sh 1     cl-rem 0    lit-rem 1      T: 0.02 T-out: N
c [ccnr] tries: 0 steps: 262143 best found: 6
c [ccnr] saving best assignment phase to stable_polar
c [ccnr] bumping based on clause weights
c [ccnr] Bumped vars: 105 bump type: 6
c [ccnr] time: 0.29
c rst  geom best vs   1834  1431K 2451    20000  2340 6.63    6.15     5977   817   42K   147 25.65   25.58  
c rst  geom best vs   1835  1439K 2451    20000  2340 6.63    6.15     5978   832   49K   147 26.43   26.37  
c [distill-long-red0] cls tried: 49/49 T: 0.00 T-out: N T-r: 99.93%
c [distill-long-red1] cls tried: 126/245 T: 0.01 T-out: Y T-r: -1.36%
c rst  geom stb  vs   1836  1448K 2451    20000  2340 6.63    6.15     5999   808   39K   147 27.27   27.19  
c [full-probe]  bin_only: 0 set: 0 repl: 0 T: 0.01 T-out: N T-r: 97.84%
c [distill-bin] useful: 0/2340/2340 lits-rem: 0 cl-rem: 0 0-depth-assigns: 0 T: 0.01 T-out: N
c [gauss] XOR-encoding clauses are not detached, so no need to reattach them.
c [g 0] truth-find prop checks  : 1381K
c [g 0] -> of which prop        : 33.52 %
c [g 0] -> of which confl       :  1.30 %
c [g 0] elim called             : 168K
c [g 0] ---> which lead to prop : 146.78 %
c [g 0] ---> which lead to confl:  5.49 %
c [g 0] size: 59    x 128  
c [scc] new: 0 BP 0M T: 0.00
c [vrep] vars 0 lits 0 rem-bin-cls 0 rem-long-cls 0 BP 0M T: 0.00
c [intree] Set 0 vars hyper-added: 0 trans-irred: 0 trans-red: 0 T: 0.01 T-out: N T-r: -0.92%
c [find&init matx] performing matrix init
c [gauss] XOR-encoding clauses are not detached, so no need to reattach them.
c [xor-rem-unconnected] left with 230 xors from 230 non-empty xors T: 0.00
c [xor-together] xored together: 171 orig xors: 230 new xors: 59 T: 0.00
c [xor-rem-unconnected] left with 59 xors from 59 non-empty xors T: 0.00
c [xor-clean-equiv] removed equivalent xors: 0 left with: 59
c [matrix] unused xors from cleaning: 0
c [matrix] Good   matrix 0 59      x128    density:0.1185  xorlen avg: 15.17
c [matrix] Using 1 matrices recovered from 0 xors T: 0.00 T-out: N
c rst  geom stb  vs   1837  1457K 2451    20000  2340 6.63    6.15     6022   743   28K   147 27.79   27.69  
c [distill-long-red0] cls tried: 29/29 T: 0.00 T-out: N T-r: 99.96%
c [distill-long-red1] cls tried: 166/166 T: 0.01 T-out: N T-r: 13.34%
c [distill] watch-based irred--  cl tried 28348    cl-sh 0     cl-rem 0    lit-rem 0      T: 0.04 T-out: Y
c [distill] watch-based red  --  cl tried 12044    cl-sh 0     cl-rem 0    lit-rem 0      T: 0.02 T-out: N
c [impl-str] lit bin: 0 set-var: 0 T: 0.00 T-out: N T-r: 99.97% w-visit: 4906
c [impl-sub] bin: 0 T: 0.00 T-out: N w-visit: 4906
c rst  geom stb  vs   1838  1467K 2451    20000  2340 6.63    6.15     6044   628   38K   147 28.55   28.46  
c rst  geom ibes vs   1839  1479K 2451    20000  2340 6.63    6.15     6075   617   38K   147 27.50   27.41  
c [distill-long-red0] cls tried: 8/8 T: 0.00 T-out: N T-r: 99.99%
c [distill-long-red1] cls tried: 87/87 T: 0.01 T-out: N T-r: 42.21%
c [full-probe]  bin_only: 1 set: 0 repl: 0 T: 0.01 T-out: N T-r: 99.74%
c [distill-bin] useful: 0/2340/2340 lits-rem: 0 cl-rem: 0 0-depth-assigns: 0 T: 0.01 T-out: N
c [ccnr] tries: 0 steps: 262143 best found: 5
c [ccnr] saving best assignment phase to stable_polar
c [ccnr] bumping based on var unsat frequency: conflict_ct
c [ccnr] Bumped vars: 2453 bump type: 6
c [ccnr] time: 0.30
c rst  geom ibes vs   1840  1491K 2451    20000  2340 6.63    6.15     6109   452   40K   147 27.09   27.01  
c [branch] adjusting to: vmtf (from: vsid) var_decay:0.95 descr: VMTF
c [distill] watch-based irred--  cl tried 26697    cl-sh 0     cl-rem 0    lit-rem 0      T: 0.04 T-out: Y
c [distill] watch-based red  --  cl tried 12218    cl-sh 1     cl-rem 0    lit-rem 1      T: 0.02 T-out: N
c rst  luby svd  vmt  1841  1491K 2451    20000  2340 6.63    6.15     6111   457   40K   147 27.08   27.00  
c rst  luby svd  vmt  1842  1491K 2451    20000  2340 6.63    6.15     6112   467   40K   147 27.07   27.00  
c rst  luby svd  vmt  1843  1492K 2451    20000  2340 6.63    6.15     6113   470   40K   147 27.13   27.05  
c rst  luby svd  vmt  1844  1492K 2451    20000  2340 6.63    6.15     6113   471   40K   147 27.15   27.07  
c rst  luby svd  vmt  1845  1492K 2451    20000  2340 6.63    6.15     6113   471   40K   147 27.17   27.09  
c rst  luby svd  vmt  1846  1492K 2451    20000  2340 6.63    6.15     6113   475   41K   147 27.22   27.14  
c rst  luby svd  vmt  1847  1492K 2451    20000  2340 6.63    6.15     6113   475   41K   147 27.32   27.24  
c rst  luby svd  vmt  1848  1493K 2451    20000  2340 6.63    6.15     6113   476   41K   147 27.34   27.26  
c rst  luby svd  vmt  1849  1493K 2451    20000  2340 6.63    6.15     6113   476   41K   147 27.36   27.28  
c rst  luby svd  vmt  1850  1493K 2451    20000  2340 6.63    6.15     6113   479   41K   147 27.42   27.34  
c rst  luby svd  vmt  1851  1493K 2451    20000  2340 6.63    6.15     6113   479   42K   147 27.43   27.36  
c rst  luby svd  vmt  1852  1493K 2451    20000  2340 6.63    6.15     6113   479   42K   147 27.47   27.39  
c rst  luby svd  vmt  1853  1493K 2451    20000  2340 6.63    6.15     6113   479   42K   147 27.51   27.43  
c rst  luby svd  vmt  1854  1494K 2451    20000  2340 6.63    6.15     6114   480   42K   147 27.58   27.50  
c rst  luby svd  vmt  1855  1494K 2451    20000  2340 6.63    6.15     6115   482   43K   147 27.73   27.65  
c [distill-long-red0] cls tried: 11/11 T: 0.00 T-out: N T-r: 99.99%
c [distill-long-red1] cls tried: 86/86 T: 0.01 T-out: N T-r: 42.37%
c rst  luby svd  vmt  1856  1495K 2451    20000  2340 6.63    6.15     6115   482   43K   147 27.73   27.66  
c rst  luby svd  vmt  1857  1495K 2451    20000  2340 6.63    6.15     6115   482   43K   147 27.75   27.67  
c rst  luby svd  vmt  1858  1495K 2451    20000  2340 6.63    6.15     6115   482   43K   147 27.78   27.70  
c rst  luby svd  vmt  1859  1495K 2451    20000  2340 6.63    6.15     6115   482   44K   147 27.79   27.72  
c rst  luby svd  vmt  1860  1495K 2451    20000  2340 6.63    6.15     6115   482   44K   147 27.81   27.74  
c rst  luby svd  vmt  1861  1495K 2451    20000  2340 6.63    6.15     6115   484   44K   147 27.85   27.78  
c rst  luby svd  vmt  1862  1496K 2451    20000  2340 6.63    6.15     6115   488   44K   147 27.96   27.89  
c rst  luby svd  vmt  1863  1496K 2451    20000  2340 6.63    6.15     6115   488   44K   147 27.98   27.90  
c rst  luby svd  vmt  1864  1496K 2451    20000  2340 6.63    6.15     6116   489   44K   147 27.99   27.91  
c rst  luby svd  vmt  1865  1496K 2451    20000  2340 6.63    6.15     6116   489   45K   147 28.00   27.93  
c rst  luby svd  vmt  1866  1496K 2451    20000  2340 6.63    6.15     6116   489   45K   147 28.02   27.94  
c rst  luby svd  vmt  1867  1496K 2451    20000  2340 6.63    6.15     6116   493   45K   147 28.02   27.95  
c rst  luby svd  vmt  1868  1496K 2451    20000  2340 6.63    6.15     6116   493   45K   147 28.06   27.99  
c rst  luby svd  vmt  1869  1497K 2451    20000  2340 6.63    6.15     6117   503   45K   147 28.07   28.00  
c rst  luby svd  vmt  1870  1498K 2451    20000  2340 6.63    6.15     6117   510   46K   147 28.14   28.06  
c rst  luby svd  vmt  1871  1499K 2451    20000  2340 6.63    6.15     6119   525   48K   147 28.44   28.37  
c [full-probe]  bin_only: 0 set: 0 repl: 0 T: 0.01 T-out: N T-r: 97.78%
c [distill-bin] useful: 0/2340/2340 lits-rem: 0 cl-rem: 0 0-depth-assigns: 0 T: 0.01 T-out: N
c rst  luby svd  vmt  1872  1499K 2451    20000  2340 6.63    6.15     6119   529   48K   147 28.46   28.39  
c rst  luby svd  vmt  1873  1499K 2451    20000  2340 6.63    6.15     6119   530   48K   147 28.47   28.40  
c rst  luby svd  vmt  1874  1500K 2451    20000  2340 6.63    6.15     6190   554   32K   147 27.23   27.14  
c rst  luby svd  vmt  1875  1500K 2451    20000  2340 6.63    6.15     6190   555   32K   147 27.26   27.17  
c rst  luby svd  vmt  1876  1500K 2451    20000  2340 6.63    6.15     6190   556   32K   147 27.30   27.20  
c rst  luby svd  vmt  1877  1500K 2451    20000  2340 6.63    6.15     6191   556   32K   147 27.38   27.28  
c rst  luby svd  vmt  1878  1500K 2451    20000  2340 6.63    6.15     6191   566   33K   147 27.50   27.40  
c rst  luby svd  vmt  1879  1501K 2451    20000  2340 6.63    6.15     6191   566   33K   147 27.53   27.44  
c rst  luby svd  vmt  1880  1501K 2451    20000  2340 6.63    6.15     6191   569   33K   147 27.57   27.47  
c rst  luby svd  vmt  1881  1501K 2451    20000  2340 6.63    6.15     6191   569   33K   147 27.63   27.54  
c rst  luby svd  vmt  1882  1501K 2451    20000  2340 6.63    6.15     6191   571   33K   147 27.66   27.57  
c rst  luby svd  vmt  1883  1501K 2451    20000  2340 6.63    6.15     6191   571   33K   147 27.69   27.60  
c rst  luby svd  vmt  1884  1501K 2451    20000  2340 6.63    6.15     6191   571   34K   147 27.75   27.66  
c rst  luby svd  vmt  1885  1502K 2451    20000  2340 6.63    6.15     6191   575   34K   147 27.86   27.77  
c rst  luby svd  vmt  1886  1502K 2451    20000  2340 6.63    6.15     6191   584   35K   147 28.07   27.98  
c rst  luby svd  vmt  1887  1503K 2451    20000  2340 6.63    6.15     6191   585   35K   147 28.09   28.00  
c rst  luby svd  vmt  1888  1503K 2451    20000  2340 6.63    6.15     6191   587   35K   147 28.11   28.02  
c rst  luby svd  vmt  1889  1503K 2451    20000  2340 6.63    6.15     6191   590   35K   147 28.16   28.07  
c rst  luby svd  vmt  1890  1503K 2451    20000  2340 6.63    6.15     6191   591   35K   147 28.19   28.10  
c rst  luby svd  vmt  1891  1503K 2451    20000  2340 6.63    6.15     6191   595   35K   147 28.23   28.14  
c rst  luby svd  vmt  1892  1503K 2451    20000  2340 6.63    6.15     6191   597   35K   147 28.27   28.18  
c rst  luby svd  vmt  1893  1504K 2451    20000  2340 6.63    6.15     6191   599   36K   147 28.37   28.28  
c rst  luby svd  vmt  1894  1504K 2451    20000  2340 6.63    6.15     6191   603   36K   147 28.39   28.30  
c rst  luby svd  vmt  1895  1504K 2451    20000  2340 6.63    6.15     6191   603   36K   147 28.42   28.33  
c rst  luby svd  vmt  1896  1504K 2451    20000  2340 6.63    6.15     6191   603   36K   147 28.47   28.38  
c rst  luby svd  vmt  1897  1504K 2451    20000  2340 6.63    6.15     6191   611   36K   147 28.49   28.40  
c rst  luby svd  vmt  1898  1504K 2451    20000  2340 6.63    6.15     6191   612   36K   147 28.52   28.43  
c rst  luby svd  vmt  1899  1505K 2451    20000  2340 6.63    6.15     6191   614   37K   147 28.56   28.47  
c rst  luby svd  vmt  1900  1505K 2451    20000  2340 6.63    6.15     6191   616   37K   147 28.65   28.57  
c rst  luby svd  vmt  1901  1506K 2451    20000  2340 6.63    6.15     6191   626   38K   147 28.74   28.65  
c rst  luby svd  vmt  1902  1507K 2451    20000  2340 6.63    6.15     6193   634   39K   147 28.97   28.89  
c rst  luby svd  vmt  1903  1511K 2451    20000  2340 6.63    6.15     6284   550   43K   147 29.51   29.43  
c [distill-long-red0] cls tried: 81/81 T: 0.01 T-out: N T-r: 99.87%
c [distill-long-red1] cls tried: 157/182 T: 0.02 T-out: Y T-r: -0.36%
c rst  luby svd  vmt  1904  1511K 2451    20000  2340 6.63    6.15     6284   550   43K   147 29.53   29.45  
c rst  luby svd  vmt  1905  1511K 2451    20000  2340 6.63    6.15     6284   551   43K   147 29.54   29.46  
c rst  luby svd  vmt  1906  1511K 2451    20000  2340 6.63    6.15     6284   551   43K   147 29.57   29.49  
c rst  luby svd  vmt  1907  1511K 2451    20000  2340 6.63    6.15     6284   553   43K   147 29.59   29.51  
c rst  luby svd  vmt  1908  1511K 2451    20000  2340 6.63    6.15     6284   554   43K   147 29.60   29.52  
c rst  luby svd  vmt  1909  1511K 2451    20000  2340 6.63    6.15     6284   554   43K   147 29.62   29.54  
c rst  geom best vmt  1910  1511K 2451    20000  2340 6.63    6.15     6284   554   44K   147 29.63   29.55  
c rst  geom best vmt  1911  1512K 2451    20000  2340 6.63    6.15     6284   559   44K   147 29.67   29.59  
c rst  geom best vmt  1912  1512K 2451    20000  2340 6.63    6.15     6284   561   44K   147 29.66   29.58  
c rst  geom best vmt  1913  1512K 2451    20000  2340 6.63    6.15     6284   565   44K   147 29.65   29.57  
c rst  geom best vmt  1914  1512K 2451    20000  2340 6.63    6.15     6284   565   44K   147 29.64   29.56  
c rst  geom best vmt  1915  1512K 2451    20000  2340 6.63    6.15     6284   565   44K   147 29.63   29.55  
c rst  geom best vmt  1916  1512K 2451    20000  2340 6.63    6.15     6284   566   45K   147 29.63   29.55  
c rst  geom best vmt  1917  1513K 2451    20000  2340 6.63    6.15     6284   569   45K   147 29.65   29.57  
c [gauss] XOR-encoding clauses are not detached, so no need to reattach them.
c [g 0] truth-find prop checks  : 1237K
c [g 0] -> of which prop        : 37.74 %
c [g 0] -> of which confl       :  1.38 %
c [g 0] elim called             : 135K
c [g 0] ---> which lead to prop : 162.77 %
c [g 0] ---> which lead to confl:  5.62 %
c [g 0] size: 59    x 128  
c [scc] new: 0 BP 0M T: 0.00
c [vrep] vars 0 lits 0 rem-bin-cls 0 rem-long-cls 0 BP 0M T: 0.00
c [intree] Set 0 vars hyper-added: 0 trans-irred: 0 trans-red: 0 T: 0.01 T-out: N T-r: -0.60%
c [find&init matx] performing matrix init
c [gauss] XOR-encoding clauses are not detached, so no need to reattach them.
c [xor-rem-unconnected] left with 230 xors from 230 non-empty xors T: 0.00
c [xor-together] xored together: 171 orig xors: 230 new xors: 59 T: 0.00
c [xor-rem-unconnected] left with 59 xors from 59 non-empty xors T: 0.00
c [xor-clean-equiv] removed equivalent xors: 0 left with: 59
c [matrix] unused xors from cleaning: 0
c [matrix] Good   matrix 0 59      x128    density:0.1185  xorlen avg: 15.17
c [matrix] Using 1 matrices recovered from 0 xors T: 0.00 T-out: N
c rst  geom best vmt  1918  1513K 2451    20000  2340 6.63    6.15     6284   569   45K   147 29.64   29.57  
c rst  geom best vmt  1919  1513K 2451    20000  2340 6.63    6.15     6285   575   45K   147 29.64   29.56  
c rst  geom best vmt  1920  1513K 2451    20000  2340 6.63    6.15     6285   577   46K   147 29.65   29.58  
c rst  geom best vmt  1921  1514K 2451    20000  2340 6.63    6.15     6285   581   46K   147 29.64   29.56  
c rst  geom best vmt  1922  1514K 2451    20000  2340 6.63    6.15     6285   585   46K   147 29.63   29.55  
c rst  geom best vmt  1923  1514K 2451    20000  2340 6.63    6.15     6285   600   47K   147 29.67   29.60  
c rst  geom best vmt  1924  1515K 2451    20000  2340 6.63    6.15     6321   797   27K   147 29.83   29.72  
c rst  geom best vmt  1925  1515K 2451    20000  2340 6.63    6.15     6321   804   28K   147 29.84   29.73  
c rst  geom best vmt  1926  1516K 2451    20000  2340 6.63    6.15     6321   823   28K   147 29.83   29.72  
c rst  geom best vmt  1927  1516K 2451    20000  2340 6.63    6.15     6321   826   29K   147 29.78   29.67  
c [distill] watch-based irred--  cl tried 28058    cl-sh 0     cl-rem 0    lit-rem 0      T: 0.04 T-out: Y
c [distill] watch-based red  --  cl tried 12642    cl-sh 4     cl-rem 0    lit-rem 4      T: 0.02 T-out: N
c rst  geom best vmt  1928  1517K 2451    20000  2340 6.63    6.15     6324   832   29K   147 29.77   29.66  
c rst  geom best vmt  1929  1518K 2451    20000  2340 6.63    6.15     6325   851   30K   147 29.67   29.56  
c [impl-str] lit bin: 0 set-var: 0 T: 0.00 T-out: N T-r: 99.97% w-visit: 4906
c [impl-sub] bin: 0 T: 0.00 T-out: N w-visit: 4906
c rst  geom best vmt  1930  1518K 2451    20000  2340 6.63    6.15     6325   856   31K   147 29.81   29.71  
c rst  geom best vmt  1931  1519K 2451    20000  2340 6.63    6.15     6325   865   32K   147 29.83   29.73  
c rst  geom best vmt  1932  1520K 2451    20000  2340 6.63    6.15     6403   786   32K   147 29.82   29.72  
c [full-probe]  bin_only: 1 set: 0 repl: 0 T: 0.01 T-out: N T-r: 99.86%
c [distill-bin] useful: 0/2340/2340 lits-rem: 0 cl-rem: 0 0-depth-assigns: 0 T: 0.01 T-out: N
c rst  geom best vmt  1933  1521K 2451    20000  2340 6.63    6.15     6404   791   33K   147 29.79   29.69  
c rst  geom best vmt  1934  1522K 2451    20000  2340 6.63    6.15     6405   824   34K   147 29.73   29.64  
c rst  geom best vmt  1935  1523K 2451    20000  2340 6.63    6.15     6405   843   36K   147 29.79   29.70  
c [ccnr] tries: 0 steps: 262143 best found: 7
c [ccnr] saving best assignment phase to stable_polar
c [ccnr] bumping based on var unsat frequency: conflict_ct
c [ccnr] Bumped vars: 2453 bump type: 6
c [ccnr] time: 0.30
c rst  geom best vmt  1936  1524K 2451    20000  2340 6.63    6.15     6410   887   37K   147 30.05   29.96  
c rst  geom best vmt  1937  1526K 2451    20000  2340 6.63    6.15     6412   892   38K   147 30.34   30.25  
c [distill-long-red0] cls tried: 72/72 T: 0.01 T-out: N T-r: 99.90%
c [distill-long-red1] cls tried: 172/390 T: 0.02 T-out: Y T-r: -0.80%
c rst  geom best vmt  1938  1527K 2451    20000  2340 6.63    6.15     6412   900   40K   147 30.38   30.29  
c rst  geom best vmt  1939  1529K 2451    20000  2340 6.63    6.15     6412   907   41K   147 30.49   30.40  
c rst  geom best vmt  1940  1531K 2451    20000  2340 6.63    6.15     6507  1027   32K   147 29.73   29.63  
c rst  geom best vmt  1941  1533K 2451    20000  2340 6.63    6.15     6508  1030   34K   147 30.40   30.30  
c rst  geom stb  vmt  1942  1535K 2451    20000  2340 6.63    6.15     6509  1051   36K   147 30.85   30.76  
c rst  geom stb  vmt  1943  1538K 2451    20000  2340 6.63    6.15     6509  1056   39K   147 31.16   31.07  
c rst  geom stb  vmt  1944  1540K 2451    20000  2340 6.63    6.15     6579   985   41K   147 31.43   31.34  
c [full-probe]  bin_only: 0 set: 0 repl: 0 T: 0.01 T-out: N T-r: 98.47%
c [distill-bin] useful: 0/2340/2340 lits-rem: 0 cl-rem: 0 0-depth-assigns: 0 T: 0.01 T-out: N
c rst  geom stb  vmt  1945  1543K 2451    20000  2340 6.63    6.15     6580  1004   44K   147 31.63   31.54  
c [distill-long-red0] cls tried: 108/108 T: 0.01 T-out: N T-r: 99.80%
c [distill-long-red1] cls tried: 121/402 T: 0.02 T-out: Y T-r: -1.06%
c [distill] watch-based irred--  cl tried 26223    cl-sh 0     cl-rem 0    lit-rem 0      T: 0.04 T-out: Y
c [distill] watch-based red  --  cl tried 13160    cl-sh 1     cl-rem 0    lit-rem 3      T: 0.02 T-out: N
c rst  geom stb  vmt  1946  1547K 2451    20000  2340 6.63    6.15     6592  1218   30K   147 29.25   29.15  
c rst  geom stb  vmt  1947  1550K 2451    20000  2340 6.63    6.15     6684  1130   34K   147 29.62   29.53  
c rst  geom stb  vmt  1948  1554K 2451    20000  2340 6.63    6.15     6685  1140   38K   147 30.14   30.05  
c rst  geom ibes vmt  1949  1559K 2451    20000  2340 6.63    6.15     6687  1166   42K   147 30.69   30.61  
c [distill-long-red0] cls tried: 72/72 T: 0.01 T-out: N T-r: 99.88%
c [distill-long-red1] cls tried: 159/480 T: 0.02 T-out: Y T-r: -0.17%
c rst  geom ibes vmt  1950  1564K 2451    20000  2340 6.63    6.15     6722  1264   33K   147 29.92   29.82  
c [full-probe]  bin_only: 1 set: 0 repl: 0 T: 0.01 T-out: N T-r: 99.82%
c [distill-bin] useful: 0/2340/2340 lits-rem: 0 cl-rem: 0 0-depth-assigns: 0 T: 0.01 T-out: N
c rst  geom ibes vmt  1951  1569K 2451    20000  2340 6.63    6.15     6724  1305   38K   147 29.88   29.80  
c [distill] watch-based irred--  cl tried 28533    cl-sh 0     cl-rem 0    lit-rem 0      T: 0.04 T-out: Y
c [distill] watch-based red  --  cl tried 13448    cl-sh 2     cl-rem 0    lit-rem 2      T: 0.02 T-out: N
c [ccnr] tries: 0 steps: 262143 best found: 7
c [ccnr] saving best assignment phase to stable_polar
c [ccnr] bumping based on clause weights
c [ccnr] Bumped vars: 102 bump type: 6
c [ccnr] time: 0.29
c rst  geom ibes vmt  1952  1575K 2451    20000  2340 6.63    6.15     6785  1454   33K   147 27.72   27.63  
c [distill-long-red0] cls tried: 72/72 T: 0.01 T-out: N T-r: 99.88%
c [distill-long-red1] cls tried: 165/718 T: 0.02 T-out: Y T-r: -0.64%
c rst  geom ibes vmt  1953  1581K 2451    20000  2340 6.63    6.15     6864  1278   40K   147 28.25   28.17  
c [impl-str] lit bin: 0 set-var: 0 T: 0.00 T-out: N T-r: 99.97% w-visit: 4906
c [impl-sub] bin: 0 T: 0.00 T-out: N w-visit: 4906
c [gauss] XOR-encoding clauses are not detached, so no need to reattach them.
c [g 0] truth-find prop checks  : 1464K
c [g 0] -> of which prop        : 37.83 %
c [g 0] -> of which confl       :  1.22 %
c [g 0] elim called             : 158K
c [g 0] ---> which lead to prop : 153.53 %
c [g 0] ---> which lead to confl:  5.06 %
c [g 0] size: 59    x 128  
c [scc] new: 0 BP 0M T: 0.00
c [vrep] vars 0 lits 0 rem-bin-cls 0 rem-long-cls 0 BP 0M T: 0.01
c [intree] Set 0 vars hyper-added: 0 trans-irred: 0 trans-red: 0 T: 0.01 T-out: N T-r: -0.70%
c [find&init matx] performing matrix init
c [gauss] XOR-encoding clauses are not detached, so no need to reattach them.
c [xor-rem-unconnected] left with 230 xors from 230 non-empty xors T: 0.00
c [xor-together] xored together: 171 orig xors: 230 new xors: 59 T: 0.00
c [xor-rem-unconnected] left with 59 xors from 59 non-empty xors T: 0.00
c [xor-clean-equiv] removed equivalent xors: 0 left with: 59
c [matrix] unused xors from cleaning: 0
c [matrix] Good   matrix 0 59      x128    density:0.1185  xorlen avg: 15.17
c [matrix] Using 1 matrices recovered from 0 xors T: 0.00 T-out: N
c rst  geom svd  vmt  1954  1588K 2451    20000  2340 6.63    6.15     6865  1299   47K   147 29.37   29.30  
c [full-probe]  bin_only: 0 set: 0 repl: 0 T: 0.01 T-out: N T-r: 98.04%
c [distill-bin] useful: 0/2340/2340 lits-rem: 0 cl-rem: 0 0-depth-assigns: 0 T: 0.01 T-out: N
c rst  geom svd  vmt  1955  1596K 2451    20000  2340 6.63    6.15     6932  1291   39K   147 28.89   28.81  
c [distill-long-red0] cls tried: 105/105 T: 0.01 T-out: N T-r: 99.84%
c [distill-long-red1] cls tried: 159/578 T: 0.02 T-out: Y T-r: -2.29%
c [distill] watch-based irred--  cl tried 27630    cl-sh 0     cl-rem 0    lit-rem 0      T: 0.04 T-out: Y
c [distill] watch-based red  --  cl tried 13864    cl-sh 2     cl-rem 0    lit-rem 2      T: 0.02 T-out: N
c rst  geom svd  vmt  1956  1604K 2451    20000  2340 6.63    6.15     6977  1130   48K   147 29.32   29.25  
c res  pol  bran nres  conf  freevar IrrL  IrrB  l/longC l/allC  RedL0 RedL1 RedL2 RedB  l/longC l/allC 
c rst  geom best vmt  1957  1614K 2451    20000  2340 6.63    6.15     7013  1159   40K   147 29.16   29.08  
c [distill-long-red0] cls tried: 65/65 T: 0.00 T-out: N T-r: 99.90%
c [distill-long-red1] cls tried: 150/431 T: 0.02 T-out: Y T-r: -1.71%
c [full-probe]  bin_only: 1 set: 0 repl: 0 T: 0.01 T-out: N T-r: 99.84%
c [distill-bin] useful: 0/2340/2340 lits-rem: 0 cl-rem: 0 0-depth-assigns: 0 T: 0.01 T-out: N
c [ccnr] tries: 0 steps: 262143 best found: 9
c [ccnr] saving best assignment phase to stable_polar
c [ccnr] bumping based on var unsat frequency: conflict_ct
c [ccnr] Bumped vars: 2453 bump type: 6
c [ccnr] time: 0.29
c rst  geom best vmt  1958  1624K 2451    20000  2340 6.63    6.15     7112  1361   35K   147 29.65   29.56  
c [distill] watch-based irred--  cl tried 26493    cl-sh 0     cl-rem 0    lit-rem 0      T: 0.04 T-out: Y
c [distill] watch-based red  --  cl tried 14224    cl-sh 1     cl-rem 0    lit-rem 1      T: 0.03 T-out: N
c rst  geom best vmt  1959  1636K 2451    20000  2340 6.63    6.15     7194  1566   34K   147 29.72   29.63  
c [distill-long-red0] cls tried: 154/154 T: 0.01 T-out: N T-r: 99.77%
c [distill-long-red1] cls tried: 112/889 T: 0.02 T-out: Y T-r: -1.63%
c [full-probe]  bin_only: 0 set: 0 repl: 0 T: 0.01 T-out: N T-r: 98.86%
c [distill-bin] useful: 0/2340/2340 lits-rem: 0 cl-rem: 0 0-depth-assigns: 0 T: 0.01 T-out: N
c rst  geom stb  vmt  1960  1648K 2451    20000  2340 6.63    6.15     7238  1510   47K   147 31.13   31.05  
c [branch] adjusting to: vsid (from: vmtf) var_decay:0.95 descr: VSIDS
c [impl-str] lit bin: 0 set-var: 0 T: 0.00 T-out: N T-r: 99.96% w-visit: 4906
c [impl-sub] bin: 0 T: 0.00 T-out: N w-visit: 4906
c [gauss] XOR-encoding clauses are not detached, so no need to reattach them.
c [g 0] truth-find prop checks  : 1257K
c [g 0] -> of which prop        : 33.99 %
c [g 0] -> of which confl       :  1.39 %
c [g 0] elim called             : 153K
c [g 0] ---> which lead to prop : 163.61 %
c [g 0] ---> which lead to confl:  6.04 %
c [g 0] size: 59    x 128  
c [scc] new: 0 BP 0M T: 0.00
c [vrep] vars 0 lits 0 rem-bin-cls 0 rem-long-cls 0 BP 0M T: 0.01
c [intree] Set 0 vars hyper-added: 0 trans-irred: 0 trans-red: 0 T: 0.01 T-out: N T-r: -0.66%
c [find&init matx] performing matrix init
c [gauss] XOR-encoding clauses are not detached, so no need to reattach them.
c [xor-rem-unconnected] left with 230 xors from 230 non-empty xors T: 0.00
c [xor-together] xored together: 171 orig xors: 230 new xors: 59 T: 0.00
c [xor-rem-unconnected] left with 59 xors from 59 non-empty xors T: 0.00
c [xor-clean-equiv] removed equivalent xors: 0 left with: 59
c [matrix] unused xors from cleaning: 0
c [matrix] Good   matrix 0 59      x128    density:0.1185  xorlen avg: 15.17
c [matrix] Using 1 matrices recovered from 0 xors T: 0.00 T-out: N
c rst  geom stb  vs   1961  1648K 2451    20000  2340 6.63    6.15     7238  1515   47K   147 31.11   31.04  
c rst  geom stb  vs   1962  1648K 2451    20000  2340 6.63    6.15     7238  1516   47K   147 31.11   31.03  
c rst  geom stb  vs   1963  1648K 2451    20000  2340 6.63    6.15     7238  1517   47K   147 31.11   31.03  
c rst  geom stb  vs   1964  1649K 2451    20000  2340 6.63    6.15     7238  1517   47K   147 31.10   31.03  
c rst  geom stb  vs   1965  1649K 2451    20000  2340 6.63    6.15     7238  1517   48K   147 31.10   31.02  
c rst  geom stb  vs   1966  1649K 2451    20000  2340 6.63    6.15     7238  1517   48K   147 31.09   31.01  
c rst  geom stb  vs   1967  1649K 2451    20000  2340 6.63    6.15     7238  1517   48K   147 31.09   31.02  
c rst  geom stb  vs   1968  1649K 2451    20000  2340 6.63    6.15     7238  1517   48K   147 31.08   31.01  
c [distill] watch-based irred--  cl tried 25523    cl-sh 0     cl-rem 0    lit-rem 0      T: 0.04 T-out: Y
c [distill] watch-based red  --  cl tried 13817    cl-sh 3     cl-rem 0    lit-rem 3      T: 0.03 T-out: Y
c rst  geom stb  vs   1969  1650K 2451    20000  2340 6.63    6.15     7238  1517   48K   147 31.07   30.99  
c rst  geom stb  vs   1970  1650K 2451    20000  2340 6.63    6.15     7276  1460   30K   147 29.32   29.22  
c rst  geom stb  vs   1971  1650K 2451    20000  2340 6.63    6.15     7276  1460   30K   147 29.30   29.20  
c rst  geom stb  vs   1972  1650K 2451    20000  2340 6.63    6.15     7277  1462   31K   147 29.34   29.24  
c rst  geom stb  vs   1973  1651K 2451    20000  2340 6.63    6.15     7277  1464   31K   147 29.35   29.25  
c [distill-long-red0] cls tried: 77/77 T: 0.01 T-out: N T-r: 99.88%
c [distill-long-red1] cls tried: 126/896 T: 0.02 T-out: Y T-r: -0.75%
c rst  geom stb  vs   1974  1651K 2451    20000  2340 6.63    6.15     7277  1464   31K   147 29.38   29.28  
c rst  geom stb  vs   1975  1652K 2451    20000  2340 6.63    6.15     7277  1464   32K   147 29.44   29.34  
c rst  geom stb  vs   1976  1652K 2451    20000  2340 6.63    6.15     7277  1464   32K   147 29.48   29.39  
c rst  geom stb  vs   1977  1652K 2451    20000  2340 6.63    6.15     7277  1464   33K   147 29.54   29.44  
c rst  geom stb  vs   1978  1653K 2451    20000  2340 6.63    6.15     7277  1464   33K   147 29.61   29.52  
c rst  geom stb  vs   1979  1654K 2451    20000  2340 6.63    6.15     7277  1464   34K   147 29.64   29.54  
c rst  geom stb  vs   1980  1654K 2451    20000  2340 6.63    6.15     7277  1465   35K   147 29.68   29.59  
c rst  geom stb  vs   1981  1655K 2451    20000  2340 6.63    6.15     7277  1465   35K   147 29.74   29.65  
c rst  geom stb  vs   1982  1656K 2451    20000  2340 6.63    6.15     7277  1465   36K   147 29.76   29.68  
c [full-probe]  bin_only: 1 set: 0 repl: 0 T: 0.01 T-out: N T-r: 99.84%
c [distill-bin] useful: 0/2340/2340 lits-rem: 0 cl-rem: 0 0-depth-assigns: 0 T: 0.01 T-out: N
c rst  geom stb  vs   1983  1657K 2451    20000  2340 6.63    6.15     7277  1465   37K   147 29.86   29.77  
c rst  geom stb  vs   1984  1658K 2451    20000  2340 6.63    6.15     7277  1465   38K   147 29.93   29.84  
c rst  geom ibes vs   1985  1659K 2451    20000  2340 6.63    6.15     7277  1476   39K   147 29.86   29.77  
c [ccnr] tries: 0 steps: 262143 best found: 6
c [ccnr] saving best assignment phase to stable_polar
c [ccnr] bumping based on var unsat frequency: conflict_ct
c [ccnr] Bumped vars: 2453 bump type: 6
c [ccnr] time: 0.29
c rst  geom ibes vs   1986  1660K 2451    20000  2340 6.63    6.15     7305  1390   40K   147 29.82   29.73  
c rst  geom ibes vs   1987  1661K 2451    20000  2340 6.63    6.15     7306  1405   42K   147 29.75   29.67  
c rst  geom ibes vs   1988  1663K 2451    20000  2340 6.63    6.15     7306  1406   43K   147 29.96   29.88  
c rst  geom ibes vs   1989  1664K 2451    20000  2340 6.63    6.15     7306  1409   44K   147 29.93   29.86  
c rst  geom ibes vs   1990  1666K 2451    20000  2340 6.63    6.15     7312  1507   31K   147 27.38   27.29  
c [distill-long-red0] cls tried: 29/29 T: 0.00 T-out: N T-r: 99.94%
c [distill-long-red1] cls tried: 133/860 T: 0.02 T-out: Y T-r: -0.92%
c rst  geom ibes vs   1991  1668K 2451    20000  2340 6.63    6.15     7312  1508   33K   147 27.56   27.48  
c rst  geom ibes vs   1992  1670K 2451    20000  2340 6.63    6.15     7336  1446   35K   147 27.49   27.41  
c rst  geom ibes vs   1993  1672K 2451    20000  2340 6.63    6.15     7336  1450   38K   147 27.49   27.41  
c rst  geom ibes vs   1994  1674K 2451    20000  2340 6.63    6.15     7336  1456   40K   147 27.50   27.43  
c [distill] watch-based irred--  cl tried 26873    cl-sh 0     cl-rem 0    lit-rem 0      T: 0.04 T-out: Y
c [distill] watch-based red  --  cl tried 14672    cl-sh 0     cl-rem 0    lit-rem 0      T: 0.03 T-out: N
c rst  geom ibes vs   1995  1677K 2451    20000  2340 6.63    6.15     7336  1459   43K   147 27.61   27.54  
c [full-probe]  bin_only: 0 set: 0 repl: 0 T: 0.01 T-out: N T-r: 98.56%
c [distill-bin] useful: 0/2340/2340 lits-rem: 0 cl-rem: 0 0-depth-assigns: 0 T: 0.01 T-out: N
c rst  geom ibes vs   1996  1680K 2451    20000  2340 6.63    6.15     7383  1521   34K   147 25.32   25.24  
c rst  geom svd  vs   1997  1683K 2451    20000  2340 6.63    6.15     7383  1529   37K   147 25.94   25.86  
c [distill-long-red0] cls tried: 59/59 T: 0.00 T-out: N T-r: 99.90%
c [distill-long-red1] cls tried: 135/837 T: 0.02 T-out: Y T-r: -0.86%
c rst  geom svd  vs   1998  1687K 2451    20000  2340 6.63    6.15     7383  1541   41K   147 26.25   26.18  
c rst  geom svd  vs   1999  1691K 2451    20000  2340 6.63    6.15     7405  1372   45K   147 26.55   26.48  
c rst  geom svd  vs   2000  1695K 2451    20000  2340 6.63    6.15     7409  1454   33K   147 24.98   24.90  
c rst  geom svd  vs   2001  1700K 2451    20000  2340 6.63    6.15     7419  1235   38K   147 25.15   25.08  
c [distill-long-red0] cls tried: 26/26 T: 0.00 T-out: N T-r: 99.95%
c [distill-long-red1] cls tried: 135/609 T: 0.02 T-out: Y T-r: -0.92%
c [full-probe]  bin_only: 1 set: 0 repl: 0 T: 0.01 T-out: N T-r: 99.83%
c [distill-bin] useful: 0/2340/2340 lits-rem: 0 cl-rem: 0 0-depth-assigns: 0 T: 0.01 T-out: N
c [distill] watch-based irred--  cl tried 26061    cl-sh 0     cl-rem 0    lit-rem 0      T: 0.04 T-out: Y
c [distill] watch-based red  --  cl tried 14838    cl-sh 0     cl-rem 0    lit-rem 0      T: 0.03 T-out: N
c rst  geom svd  vs   2002  1706K 2451    20000  2340 6.63    6.15     7419  1239   43K   147 25.64   25.58  
c [ccnr] tries: 0 steps: 262143 best found: 7
c [ccnr] saving best assignment phase to stable_polar
c [ccnr] bumping based on clause weights
c [ccnr] Bumped vars: 101 bump type: 6
c [ccnr] time: 0.29
c rst  geom best vs   2003  1711K 2451    20000  2340 6.63    6.15     7447  1053   35K   147 25.55   25.47  
c [impl-str] lit bin: 0 set-var: 0 T: 0.00 T-out: N T-r: 99.97% w-visit: 4906
c [impl-sub] bin: 0 T: 0.00 T-out: N w-visit: 4906
c rst  geom best vs   2004  1714K 2451    20000  2340 6.63    6.15     7447  1054   37K   147 25.86   25.78  
c recursive minimization cost OK: 2524Kcost/(% lits removed)
c [gauss] XOR-encoding clauses are not detached, so no need to reattach them.
c [g 0] truth-find prop checks  : 1355K
c [g 0] -> of which prop        : 32.75 %
c [g 0] -> of which confl       :  1.26 %
c [g 0] elim called             : 163K
c [g 0] ---> which lead to prop : 145.24 %
c [g 0] ---> which lead to confl:  5.12 %
c [g 0] size: 59    x 128  
c --> Executing strategy token: scc-vrepl
c [scc] new: 0 BP 0M T: 0.00
c --> Executing strategy token: sub-impl
c [impl-sub] bin: 0 T: 0.00 T-out: N w-visit: 4906
c --> Executing strategy token: breakid
c --> Executing OCC strategy token(s): 'occ-backw-sub-str,occ-clean-implicit,occ-bve,occ-bva,occ-ternary-res,occ-xor,'
c [occ] mem usage for occur 2      MB
c [occ] Linked in IRRED BIN by default: 2340
c [occ] Linked in RED   BIN by default: 147
c [occ] mem usage for occur 0      MB
c Mem for watch alloc      : 17          MB (30.59     %)
c Mem for watch array      : 0           MB (0.19      %)
c --> Executing OCC strategy token: occ-backw-sub-str
c [occ-backw-sub-str-long-w-bins] subs: 0 str: 2 tried: 73830 0-depth ass: 0 T: 0.00 T-out: N T-r: 99.58%
c [occ-backw-sub-long-w-long] rem cl: 198 tried: 65818/65818 (100.0%) T: 0.01 T-out: N T-r: 96.30%
c [occ-backw-sub-str-long-w-long] sub: 4 str: 123 tried: 197454/65818 (300.0)  T: 0.08 T-out: N T-r: 90.11%
c --> Executing OCC strategy token: occ-clean-implicit
c --> Executing OCC strategy token: occ-bve
c [occ-empty-res] Empty resolvent elimed: 0 T: 0.00 T-out: N
c [occ-bve] turning off picosat-based irreg gate detection, added lits:  409K
c [occ-bve] iter v-elim 0
c cl_inc_rate=1.0, var_dec_rate=1.0 (grow=0)
c Reduced to 2451 vars, 22340 cls (grow=0)
c [occ-bve] iter v-elim 0
c cl_inc_rate=1.0, var_dec_rate=1.0 (grow=8)
c Reduced to 2451 vars, 22340 cls (grow=8)
c [occ-bve] iter v-elim 0
c cl_inc_rate=1.0, var_dec_rate=1.0 (grow=16)
c Reduced to 2451 vars, 22340 cls (grow=16)
c x n vars       : 2451
c #try to eliminate:  7353
c #var-elim        :     0
c #T-o: N
c #T-r: 99.99%
c #T  : 1.37
c [occur] 0.03 is overhead
c [occur] link-in T: 0.03 cleanup T: 0.00
c --> Executing OCC strategy token: occ-bva
c --> Executing OCC strategy token: occ-ternary-res
c [occ-ternary-res] Ternary res-tri: 0 res-bin: 0 sub: 0 str: 0 T: 0.00 T-out: N T-r: 99.89%
c --> Executing OCC strategy token: occ-xor
c [occ-xor] sort occur list T: 0.01
c [xor-clean-equiv] removed equivalent xors: 0 left with: 217
c [occ-xor] found    217 avg sz 5.4 min sz  4 max sz  6 T: 0.01 T-out: N T-r: 99.98%
c --> Executing strategy token: card-find
c --> Executing strategy token: cl-consolidate
c Not consolidating memory.
c --> Executing strategy token: scc-vrepl
c [scc] new: 0 BP 0M T: 0.00
c --> Executing strategy token: renumber
c --> Executing strategy token: bosphorus
c --> Executing strategy token: louvain-comms
c [consolidate] mini T: 0.00
c global_timeout_multiplier: 6.4308
c [branch] rebuilding order heap for all branchings. Current branching: vsid
c [find&init matx] performing matrix init
c [gauss] XOR-encoding clauses are not detached, so no need to reattach them.
c [xor-rem-unconnected] left with 217 xors from 217 non-empty xors T: 0.00
c [xor-together] xored together: 150 orig xors: 217 new xors: 67 T: 0.00
c [xor-rem-unconnected] left with 67 xors from 67 non-empty xors T: 0.00
c [xor-clean-equiv] removed equivalent xors: 0 left with: 67
c [matrix] unused xors from cleaning: 0
c [matrix] Good   matrix  0     67 x  144  density:0.0893  xorlen avg: 12.87
c [matrix] Using 1 matrices recovered from 0 xors T: 0.00 T-out: N
c [gauss] XOR-encoding clauses are not detached, so no need to reattach them.
c [g 0] truth-find prop checks  : 0
c [g 0] -> of which prop        :  0.00 %
c [g 0] -> of which confl       :  0.00 %
c [g 0] elim called             : 0
c [g 0] ---> which lead to prop :  0.00 %
c [g 0] ---> which lead to confl:  0.00 %
c [g 0] size: 67    x 144  
c [scc] new: 0 BP 0M T: 0.00
c [vrep] vars 0 lits 0 rem-bin-cls 0 rem-long-cls 0 BP 0M T: 0.00
c [intree] Set 0 vars hyper-added: 0 trans-irred: 0 trans-red: 0 T: 0.01 T-out: N T-r: 0.08%
c [find&init matx] performing matrix init
c [gauss] XOR-encoding clauses are not detached, so no need to reattach them.
c [xor-rem-unconnected] left with 217 xors from 217 non-empty xors T: 0.00
c [xor-together] xored together: 150 orig xors: 217 new xors: 67 T: 0.00
c [xor-rem-unconnected] left with 67 xors from 67 non-empty xors T: 0.00
c [xor-clean-equiv] removed equivalent xors: 0 left with: 67
c [matrix] unused xors from cleaning: 0
c [matrix] Good   matrix 0 67      x144    density:0.0893  xorlen avg: 12.87
c [matrix] Using 1 matrices recovered from 0 xors T: 0.00 T-out: N
c rst  geom best vs   2005  1718K 2451    20000  2340 6.63    6.15     7255  1075   41K   147 26.59   26.52  
c [distill-long-red0] cls tried: 20/20 T: 0.00 T-out: N T-r: 99.97%
c [distill-long-red1] cls tried: 233/445 T: 0.02 T-out: Y T-r: -0.32%
c rst  geom best vs   2006  1725K 2451    20000  2340 6.63    6.15     7291  1055   32K   147 25.80   25.72  
c [full-probe]  bin_only: 0 set: 0 repl: 0 T: 0.01 T-out: N T-r: 98.76%
c [distill-bin] useful: 0/2340/2340 lits-rem: 0 cl-rem: 0 0-depth-assigns: 0 T: 0.01 T-out: N
c rst  geom best vs   2007  1733K 2451    20000  2340 6.63    6.15     7306   970   40K   147 26.61   26.53  
c [distill] watch-based irred--  cl tried 27081    cl-sh 0     cl-rem 0    lit-rem 0      T: 0.05 T-out: Y
c [distill] watch-based red  --  cl tried 14612    cl-sh 0     cl-rem 0    lit-rem 0      T: 0.03 T-out: N
c rst  geom stb  vs   2008  1741K 2451    20000  2340 6.63    6.15     7348   911   30K   148 28.02   27.92  
c [distill-long-red0] cls tried: 69/69 T: 0.01 T-out: N T-r: 99.91%
c [distill-long-red1] cls tried: 203/306 T: 0.02 T-out: Y T-r: -0.55%
c rst  geom stb  vs   2009  1751K 2451    20000  2340 6.63    6.15     7386   740   39K   148 29.47   29.38  
c [full-probe]  bin_only: 1 set: 0 repl: 0 T: 0.01 T-out: N T-r: 99.82%
c [distill-bin] useful: 0/2340/2340 lits-rem: 0 cl-rem: 0 0-depth-assigns: 0 T: 0.01 T-out: N
c [ccnr] tries: 0 steps: 262143 best found: 7
c [ccnr] saving best assignment phase to stable_polar
c [ccnr] bumping based on var unsat frequency: conflict_ct
c [ccnr] Bumped vars: 2453 bump type: 6
c [ccnr] time: 0.30
c rst  geom stb  vs   2010  1761K 2451    20000  2340 6.63    6.15     7414   632   29K   148 30.72   30.60  
c [distill-long-red0] cls tried: 39/39 T: 0.00 T-out: N T-r: 99.98%
c [distill-long-red1] cls tried: 110/110 T: 0.01 T-out: N T-r: 61.33%
c [distill] watch-based irred--  cl tried 29515    cl-sh 0     cl-rem 0    lit-rem 0      T: 0.05 T-out: Y
c [distill] watch-based red  --  cl tried 14828    cl-sh 2     cl-rem 0    lit-rem 2      T: 0.02 T-out: N
c rst  geom ibes vs   2011  1772K 2451    20000  2340 6.63    6.15     7436   677   26K   148 28.31   28.20  
c [full-probe]  bin_only: 0 set: 0 repl: 0 T: 0.01 T-out: N T-r: 98.36%
c [distill-bin] useful: 0/2340/2340 lits-rem: 0 cl-rem: 0 0-depth-assigns: 0 T: 0.01 T-out: N
c [impl-str] lit bin: 0 set-var: 0 T: 0.00 T-out: N T-r: 99.97% w-visit: 4906
c [impl-sub] bin: 1 T: 0.00 T-out: N w-visit: 4906
c rst  geom ibes vs   2012  1785K 2451    20000  2340 6.63    6.15     7484   816   31K   147 26.97   26.88  
c [distill-long-red0] cls tried: 27/27 T: 0.00 T-out: N T-r: 99.96%
c [distill-long-red1] cls tried: 168/350 T: 0.02 T-out: Y T-r: -0.82%
c [gauss] XOR-encoding clauses are not detached, so no need to reattach them.
c [g 0] truth-find prop checks  : 1497K
c [g 0] -> of which prop        : 42.24 %
c [g 0] -> of which confl       :  1.10 %
c [g 0] elim called             : 132K
c [g 0] ---> which lead to prop : 174.88 %
c [g 0] ---> which lead to confl:  5.36 %
c [g 0] size: 67    x 144  
c [scc] new: 0 BP 0M T: 0.00
c [vrep] vars 0 lits 0 rem-bin-cls 0 rem-long-cls 0 BP 0M T: 0.00
c [intree] Set 0 vars hyper-added: 0 trans-irred: 0 trans-red: 0 T: 0.01 T-out: N T-r: -0.61%
c [find&init matx] performing matrix init
c [gauss] XOR-encoding clauses are not detached, so no need to reattach them.
c [xor-rem-unconnected] left with 217 xors from 217 non-empty xors T: 0.00
c [xor-together] xored together: 150 orig xors: 217 new xors: 67 T: 0.00
c [xor-rem-unconnected] left with 67 xors from 67 non-empty xors T: 0.00
c [xor-clean-equiv] removed equivalent xors: 0 left with: 67
c [matrix] unused xors from cleaning: 0
c [matrix] Good   matrix 0 67      x144    density:0.0893  xorlen avg: 12.87
c [matrix] Using 1 matrices recovered from 0 xors T: 0.00 T-out: N
c rst  geom svd  vs   2013  1799K 2451    20000  2340 6.63    6.15     7516   786   45K   147 27.14   27.07  
c [full-probe]  bin_only: 1 set: 0 repl: 0 T: 0.01 T-out: N T-r: 99.78%
c [distill-bin] useful: 0/2340/2340 lits-rem: 0 cl-rem: 0 0-depth-assigns: 0 T: 0.01 T-out: N
c [distill] watch-based irred--  cl tried 24375    cl-sh 0     cl-rem 0    lit-rem 0      T: 0.05 T-out: Y
c [distill] watch-based red  --  cl tried 15032    cl-sh 1     cl-rem 0    lit-rem 1      T: 0.03 T-out: N
c [ccnr] tries: 0 steps: 262143 best found: 8
c [ccnr] saving best assignment phase to stable_polar
c [ccnr] bumping based on var unsat frequency: conflict_ct
c [ccnr] Bumped vars: 2453 bump type: 6
c [ccnr] time: 0.29
c rst  geom svd  vs   2014  1814K 2451    20000  2340 6.63    6.15     7553   698   48K   147 25.75   25.68  
c [distill-long-red0] cls tried: 48/48 T: 0.00 T-out: N T-r: 99.93%
c [distill-long-red1] cls tried: 128/268 T: 0.02 T-out: Y T-r: -0.37%
c rst  geom best vs   2015  1830K 2451    20000  2340 6.63    6.15     7588   740   36K   147 25.15   25.07  
c [branch] adjusting to: vmtf (from: vsid) var_decay:0.95 descr: VMTF
c [distill-long-red0] cls tried: 23/23 T: 0.00 T-out: N T-r: 99.98%
c [distill-long-red1] cls tried: 236/249 T: 0.02 T-out: Y T-r: -0.40%
c [full-probe]  bin_only: 0 set: 0 repl: 0 T: 0.01 T-out: N T-r: 98.93%
c [distill-bin] useful: 0/2340/2340 lits-rem: 0 cl-rem: 0 0-depth-assigns: 0 T: 0.01 T-out: N
c [distill] watch-based irred--  cl tried 26218    cl-sh 0     cl-rem 0    lit-rem 0      T: 0.05 T-out: Y
c [distill] watch-based red  --  cl tried 15176    cl-sh 0     cl-rem 0    lit-rem 0      T: 0.02 T-out: N
c rst  luby best vmt  2016  1830K 2451    20000  2340 6.63    6.15     7588   747   36K   147 25.14   25.07  
c rst  luby best vmt  2017  1831K 2451    20000  2340 6.63    6.15     7588   750   36K   147 25.15   25.07  
c rst  luby best vmt  2018  1831K 2451    20000  2340 6.63    6.15     7588   751   36K   147 25.17   25.09  
c rst  luby best vmt  2019  1831K 2451    20000  2340 6.63    6.15     7588   751   37K   147 25.18   25.11  
c rst  luby best vmt  2020  1831K 2451    20000  2340 6.63    6.15     7588   752   37K   147 25.20   25.13  
c rst  luby best vmt  2021  1831K 2451    20000  2340 6.63    6.15     7588   752   37K   147 25.24   25.17  
c rst  luby best vmt  2022  1832K 2451    20000  2340 6.63    6.15     7588   752   37K   147 25.29   25.21  
c rst  luby best vmt  2023  1832K 2451    20000  2340 6.63    6.15     7588   752   37K   147 25.30   25.23  
c rst  luby best vmt  2024  1832K 2451    20000  2340 6.63    6.15     7588   753   37K   147 25.31   25.23  
c rst  luby best vmt  2025  1832K 2451    20000  2340 6.63    6.15     7588   757   38K   147 25.33   25.26  
c rst  luby best vmt  2026  1832K 2451    20000  2340 6.63    6.15     7588   757   38K   147 25.35   25.28  
c rst  luby best vmt  2027  1832K 2451    20000  2340 6.63    6.15     7588   759   38K   147 25.38   25.31  
c rst  luby best vmt  2028  1832K 2451    20000  2340 6.63    6.15     7588   762   38K   147 25.40   25.33  
c [impl-str] lit bin: 0 set-var: 0 T: 0.00 T-out: N T-r: 99.97% w-visit: 4906
c [impl-sub] bin: 0 T: 0.00 T-out: N w-visit: 4906
c rst  luby best vmt  2029  1833K 2451    20000  2340 6.63    6.15     7588   764   38K   147 25.47   25.40  
c rst  luby best vmt  2030  1834K 2451    20000  2340 6.63    6.15     7588   772   39K   147 25.60   25.52  
c rst  luby best vmt  2031  1834K 2451    20000  2340 6.63    6.15     7588   773   39K   147 25.61   25.54  
c rst  luby best vmt  2032  1834K 2451    20000  2340 6.63    6.15     7588   774   39K   147 25.62   25.55  
c rst  luby best vmt  2033  1834K 2451    20000  2340 6.63    6.15     7588   778   40K   147 25.63   25.56  
c rst  luby best vmt  2034  1834K 2451    20000  2340 6.63    6.15     7588   778   40K   147 25.64   25.57  
c rst  luby best vmt  2035  1834K 2451    20000  2340 6.63    6.15     7588   782   40K   147 25.67   25.60  
c rst  luby best vmt  2036  1834K 2451    20000  2340 6.63    6.15     7588   782   40K   147 25.69   25.62  
c rst  luby best vmt  2037  1835K 2451    20000  2340 6.63    6.15     7588   782   40K   147 25.74   25.67  
c rst  luby best vmt  2038  1835K 2451    20000  2340 6.63    6.15     7588   787   41K   147 25.74   25.67  
c rst  luby best vmt  2039  1835K 2451    20000  2340 6.63    6.15     7590   788   41K   147 25.74   25.66  
c rst  luby best vmt  2040  1835K 2451    20000  2340 6.63    6.15     7592   802   41K   147 25.74   25.67  
c rst  luby best vmt  2041  1835K 2451    20000  2340 6.63    6.15     7592   805   41K   147 25.74   25.67  
c rst  luby best vmt  2042  1835K 2451    20000  2340 6.63    6.15     7592   805   41K   147 25.74   25.67  
c rst  luby best vmt  2043  1836K 2451    20000  2340 6.63    6.15     7592   806   41K   147 25.76   25.69  
c rst  luby best vmt  2044  1836K 2451    20000  2340 6.63    6.15     7592   810   42K   147 25.83   25.76  
c rst  luby best vmt  2045  1837K 2451    20000  2340 6.63    6.15     7592   811   42K   147 25.94   25.87  
c rst  luby best vmt  2046  1838K 2451    20000  2340 6.63    6.15     7592   825   44K   147 26.20   26.13  
c rst  luby stb  vmt  2047  1838K 2451    20000  2340 6.63    6.15     7592   825   44K   147 26.22   26.15  
c rst  luby stb  vmt  2048  1839K 2451    20000  2340 6.63    6.15     7592   825   44K   147 26.23   26.17  
c rst  luby stb  vmt  2049  1839K 2451    20000  2340 6.63    6.15     7592   827   44K   147 26.26   26.19  
c rst  luby stb  vmt  2050  1839K 2451    20000  2340 6.63    6.15     7592   827   44K   147 26.28   26.21  
c rst  luby stb  vmt  2051  1839K 2451    20000  2340 6.63    6.15     7592   829   45K   147 26.30   26.23  
c rst  luby stb  vmt  2052  1839K 2451    20000  2340 6.63    6.15     7592   830   45K   147 26.36   26.30  
c rst  luby stb  vmt  2053  1840K 2451    20000  2340 6.63    6.15     7592   832   45K   147 26.43   26.37  
c rst  luby stb  vmt  2054  1840K 2451    20000  2340 6.63    6.15     7642   703   45K   147 26.46   26.40  
c rst  luby stb  vmt  2055  1840K 2451    20000  2340 6.63    6.15     7642   704   45K   147 26.48   26.41  
c rst  luby stb  vmt  2056  1840K 2451    20000  2340 6.63    6.15     7642   707   46K   147 26.51   26.45  
c rst  luby stb  vmt  2057  1840K 2451    20000  2340 6.63    6.15     7642   707   46K   147 26.52   26.46  
c rst  luby stb  vmt  2058  1840K 2451    20000  2340 6.63    6.15     7642   708   46K   147 26.53   26.47  
c rst  luby stb  vmt  2059  1840K 2451    20000  2340 6.63    6.15     7642   709   46K   147 26.57   26.50  
c rst  luby stb  vmt  2060  1841K 2451    20000  2340 6.63    6.15     7642   714   46K   147 26.61   26.54  
c rst  luby stb  vmt  2061  1842K 2451    20000  2340 6.63    6.15     7643   719   47K   147 26.75   26.68  
c rst  luby stb  vmt  2062  1842K 2451    20000  2340 6.63    6.15     7643   720   47K   147 26.75   26.69  
c rst  luby stb  vmt  2063  1842K 2451    20000  2340 6.63    6.15     7643   721   47K   147 26.77   26.70  
c rst  luby stb  vmt  2064  1842K 2451    20000  2340 6.63    6.15     7643   723   48K   147 26.81   26.75  
c rst  luby stb  vmt  2065  1842K 2451    20000  2340 6.63    6.15     7643   725   48K   147 26.82   26.76  
c rst  luby stb  vmt  2066  1842K 2451    20000  2340 6.63    6.15     7643   727   48K   147 26.84   26.77  
c rst  luby stb  vmt  2067  1842K 2451    20000  2340 6.63    6.15     7643   729   48K   147 26.87   26.80  
c rst  luby stb  vmt  2068  1843K 2451    20000  2340 6.63    6.15     7643   741   48K   147 26.91   26.85  
c [ccnr] tries: 0 steps: 262143 best found: 9
c [ccnr] saving best assignment phase to stable_polar
c [ccnr] bumping based on clause weights
c [ccnr] Bumped vars: 104 bump type: 6
c [ccnr] time: 0.29
c rst  luby stb  vmt  2069  1843K 2451    20000  2340 6.63    6.15     7643   743   49K   147 26.94   26.88  
c rst  luby stb  vmt  2070  1843K 2451    20000  2340 6.63    6.15     7644   744   49K   147 26.96   26.90  
c rst  luby stb  vmt  2071  1843K 2451    20000  2340 6.63    6.15     7644   745   49K   147 27.00   26.94  
c rst  luby stb  vmt  2072  1843K 2451    20000  2340 6.63    6.15     7644   745   49K   147 27.02   26.96  
c rst  luby stb  vmt  2073  1843K 2451    20000  2340 6.63    6.15     7644   745   49K   147 27.04   26.98  
c rst  luby stb  vmt  2074  1844K 2451    20000  2340 6.63    6.15     7644   748   49K   147 27.07   27.01  
c rst  luby stb  vmt  2075  1844K 2451    20000  2340 6.63    6.15     7644   768   50K   147 27.11   27.05  
c rst  luby stb  vmt  2076  1845K 2451    20000  2340 6.63    6.15     7657   971   33K   147 26.59   26.50  
c rst  luby stb  vmt  2077  1846K 2451    20000  2340 6.63    6.15     7658  1005   34K   147 26.79   26.70  
c [distill-long-red0] cls tried: 43/43 T: 0.00 T-out: N T-r: 99.93%
c [distill-long-red1] cls tried: 144/363 T: 0.02 T-out: Y T-r: -0.18%
c rst  luby stb  vmt  2078  1850K 2451    20000  2340 6.63    6.15     7658  1020   37K   147 27.60   27.52  
c rst  luby stb  vmt  2079  1850K 2451    20000  2340 6.63    6.15     7730   881   38K   147 27.60   27.52  
c rst  luby stb  vmt  2080  1850K 2451    20000  2340 6.63    6.15     7730   890   38K   147 27.59   27.51  
c [gauss] XOR-encoding clauses are not detached, so no need to reattach them.
c [g 0] truth-find prop checks  : 1464K
c [g 0] -> of which prop        : 33.64 %
c [g 0] -> of which confl       :  1.14 %
c [g 0] elim called             : 134K
c [g 0] ---> which lead to prop : 153.96 %
c [g 0] ---> which lead to confl:  4.80 %
c [g 0] size: 67    x 144  
c [scc] new: 0 BP 0M T: 0.00
c [vrep] vars 0 lits 0 rem-bin-cls 0 rem-long-cls 0 BP 0M T: 0.01
c [intree] Set 0 vars hyper-added: 4 trans-irred: 0 trans-red: 0 T: 0.01 T-out: N T-r: -0.49%
c [find&init matx] performing matrix init
c [gauss] XOR-encoding clauses are not detached, so no need to reattach them.
c [xor-rem-unconnected] left with 217 xors from 217 non-empty xors T: 0.00
c [xor-together] xored together: 150 orig xors: 217 new xors: 67 T: 0.00
c [xor-rem-unconnected] left with 67 xors from 67 non-empty xors T: 0.00
c [xor-clean-equiv] removed equivalent xors: 0 left with: 67
c [matrix] unused xors from cleaning: 0
c [matrix] Good   matrix 0 67      x144    density:0.0893  xorlen avg: 12.87
c [matrix] Using 1 matrices recovered from 0 xors T: 0.00 T-out: N
c rst  luby stb  vmt  2081  1850K 2451    20000  2340 6.63    6.15     7730   893   38K   151 27.64   27.56  
c rst  luby stb  vmt  2082  1850K 2451    20000  2340 6.63    6.15     7730   895   38K   151 27.66   27.58  
c rst  luby stb  vmt  2083  1850K 2451    20000  2340 6.63    6.15     7730   895   38K   151 27.68   27.60  
c rst  luby stb  vmt  2084  1850K 2451    20000  2340 6.63    6.15     7730   895   38K   151 27.74   27.66  
c [full-probe]  bin_only: 1 set: 0 repl: 0 T: 0.01 T-out: N T-r: 99.82%
c [distill-bin] useful: 0/2340/2340 lits-rem: 0 cl-rem: 0 0-depth-assigns: 0 T: 0.01 T-out: N
c rst  luby stb  vmt  2085  1851K 2451    20000  2340 6.63    6.15     7730   897   39K   151 27.88   27.80  
c rst  luby stb  vmt  2086  1851K 2451    20000  2340 6.63    6.15     7730   897   39K   151 27.91   27.83  
c rst  luby stb  vmt  2087  1851K 2451    20000  2340 6.63    6.15     7730   899   39K   151 27.93   27.84  
c rst  luby stb  vmt  2088  1851K 2451    20000  2340 6.63    6.15     7730   899   39K   151 27.97   27.89  
c rst  luby stb  vmt  2089  1851K 2451    20000  2340 6.63    6.15     7730   899   39K   151 27.99   27.91  
c rst  luby stb  vmt  2090  1851K 2451    20000  2340 6.63    6.15     7730   900   39K   151 28.00   27.92  
c rst  luby stb  vmt  2091  1852K 2451    20000  2340 6.63    6.15     7730   901   40K   151 28.03   27.95  
c rst  luby stb  vmt  2092  1852K 2451    20000  2340 6.63    6.15     7730   907   40K   151 28.09   28.01  
c rst  luby stb  vmt  2093  1853K 2451    20000  2340 6.63    6.15     7731   920   41K   151 28.30   28.22  
c rst  luby stb  vmt  2094  1853K 2451    20000  2340 6.63    6.15     7732   922   41K   151 28.32   28.24  
c rst  luby stb  vmt  2095  1853K 2451    20000  2340 6.63    6.15     7732   922   41K   151 28.33   28.25  
c rst  luby stb  vmt  2096  1853K 2451    20000  2340 6.63    6.15     7732   925   41K   151 28.34   28.26  
c rst  luby stb  vmt  2097  1853K 2451    20000  2340 6.63    6.15     7732   925   41K   151 28.36   28.28  
c rst  luby stb  vmt  2098  1853K 2451    20000  2340 6.63    6.15     7732   926   41K   151 28.38   28.30  
c rst  luby stb  vmt  2099  1854K 2451    20000  2340 6.63    6.15     7732   929   41K   151 28.41   28.33  
c rst  luby stb  vmt  2100  1854K 2451    20000  2340 6.63    6.15     7732   932   42K   151 28.49   28.41  
c rst  luby stb  vmt  2101  1854K 2451    20000  2340 6.63    6.15     7732   932   42K   151 28.51   28.44  
c rst  luby stb  vmt  2102  1854K 2451    20000  2340 6.63    6.15     7732   932   42K   151 28.53   28.45  
c rst  luby stb  vmt  2103  1854K 2451    20000  2340 6.63    6.15     7732   932   42K   151 28.57   28.50  
c rst  luby stb  vmt  2104  1855K 2451    20000  2340 6.63    6.15     7732   932   42K   151 28.59   28.51  
c rst  luby stb  vmt  2105  1855K 2451    20000  2340 6.63    6.15     7732   934   42K   151 28.61   28.53  
c rst  luby stb  vmt  2106  1855K 2451    20000  2340 6.63    6.15     7732   934   43K   151 28.63   28.55  
c rst  luby stb  vmt  2107  1855K 2451    20000  2340 6.63    6.15     7732   934   43K   151 28.67   28.60  
c rst  luby stb  vmt  2108  1856K 2451    20000  2340 6.63    6.15     7732   940   44K   151 28.87   28.79  
c [distill] watch-based irred--  cl tried 25633    cl-sh 0     cl-rem 0    lit-rem 0      T: 0.05 T-out: Y
c [distill] watch-based red  --  cl tried 15464    cl-sh 1     cl-rem 0    lit-rem 1      T: 0.03 T-out: N
c rst  luby stb  vmt  2109  1858K 2451    20000  2340 6.63    6.15     7732   943   45K   151 29.15   29.07  
c rst  luby stb  vmt  2110  1858K 2451    20000  2340 6.63    6.15     7732   943   46K   151 29.16   29.08  
c rst  luby stb  vmt  2111  1858K 2451    20000  2340 6.63    6.15     7732   943   46K   151 29.17   29.09  
c rst  luby stb  vmt  2112  1858K 2451    20000  2340 6.63    6.15     7732   943   46K   151 29.18   29.11  
c rst  luby stb  vmt  2113  1858K 2451    20000  2340 6.63    6.15     7732   944   46K   151 29.19   29.11  
c rst  luby stb  vmt  2114  1858K 2451    20000  2340 6.63    6.15     7732   945   46K   151 29.19   29.11  
c rst  luby stb  vmt  2115  1859K 2451    20000  2340 6.63    6.15     7732   950   46K   151 29.19   29.12  
c rst  luby stb  vmt  2116  1859K 2451    20000  2340 6.63    6.15     7732   950   47K   151 29.26   29.19  
c rst  luby stb  vmt  2117  1859K 2451    20000  2340 6.63    6.15     7732   953   47K   151 29.28   29.20  
c rst  luby stb  vmt  2118  1859K 2451    20000  2340 6.63    6.15     7732   953   47K   151 29.29   29.21  
c rst  luby stb  vmt  2119  1859K 2451    20000  2340 6.63    6.15     7732   953   47K   151 29.33   29.25  
c rst  luby stb  vmt  2120  1859K 2451    20000  2340 6.63    6.15     7732   953   47K   151 29.33   29.26  
c rst  luby stb  vmt  2121  1860K 2451    20000  2340 6.63    6.15     7732   953   47K   151 29.35   29.27  
c rst  luby stb  vmt  2122  1860K 2451    20000  2340 6.63    6.15     7802   859   30K   151 29.12   29.01  
c rst  luby stb  vmt  2123  1860K 2451    20000  2340 6.63    6.15     7802   864   31K   151 29.17   29.06  
c rst  luby stb  vmt  2124  1861K 2451    20000  2340 6.63    6.15     7802   868   31K   151 29.26   29.16  
c rst  luby stb  vmt  2125  1861K 2451    20000  2340 6.63    6.15     7802   869   32K   151 29.27   29.17  
c rst  luby stb  vmt  2126  1861K 2451    20000  2340 6.63    6.15     7802   870   32K   151 29.28   29.18  
c rst  luby stb  vmt  2127  1861K 2451    20000  2340 6.63    6.15     7802   870   32K   151 29.31   29.21  
c rst  luby stb  vmt  2128  1861K 2451    20000  2340 6.63    6.15     7802   870   32K   151 29.33   29.23  
c rst  luby stb  vmt  2129  1862K 2451    20000  2340 6.63    6.15     7802   870   32K   151 29.35   29.26  
c [distill-long-red0] cls tried: 108/108 T: 0.01 T-out: N T-r: 99.87%
c [distill-long-red1] cls tried: 198/318 T: 0.02 T-out: Y T-r: -0.23%
c rst  luby stb  vmt  2130  1862K 2451    20000  2340 6.63    6.15     7802   870   32K   151 29.39   29.29  
c rst  luby stb  vmt  2131  1862K 2451    20000  2340 6.63    6.15     7803   873   33K   151 29.41   29.31  
c rst  luby ibes vmt  2132  1862K 2451    20000  2340 6.63    6.15     7803   874   33K   151 29.41   29.31  
c rst  luby ibes vmt  2133  1862K 2451    20000  2340 6.63    6.15     7803   875   33K   151 29.40   29.30  
c rst  luby ibes vmt  2134  1863K 2451    20000  2340 6.63    6.15     7803   880   33K   151 29.40   29.30  
c rst  luby ibes vmt  2135  1863K 2451    20000  2340 6.63    6.15     7803   881   33K   151 29.41   29.31  
c rst  luby ibes vmt  2136  1863K 2451    20000  2340 6.63    6.15     7803   883   33K   151 29.42   29.32  
c rst  luby ibes vmt  2137  1863K 2451    20000  2340 6.63    6.15     7803   885   33K   151 29.44   29.34  
c rst  luby ibes vmt  2138  1863K 2451    20000  2340 6.63    6.15     7803   886   34K   151 29.47   29.37  
c rst  luby ibes vmt  2139  1864K 2451    20000  2340 6.63    6.15     7806   923   35K   151 29.47   29.38  
c rst  luby ibes vmt  2140  1866K 2451    20000  2340 6.63    6.15     7806   939   36K   151 29.67   29.58  
c rst  luby ibes vmt  2141  1869K 2451    20000  2340 6.63    6.15     7808   958   39K   151 29.85   29.77  
c rst  luby ibes vmt  2142  1875K 2451    20000  2340 6.63    6.15     7917  1081   33K   151 29.98   29.88  
c [full-probe]  bin_only: 0 set: 0 repl: 0 T: 0.01 T-out: N T-r: 98.57%
c [distill-bin] useful: 0/2340/2340 lits-rem: 0 cl-rem: 0 0-depth-assigns: 0 T: 0.01 T-out: N
c rst  luby ibes vmt  2143  1875K 2451    20000  2340 6.63    6.15     7917  1081   33K   151 29.98   29.89  
c rst  luby ibes vmt  2144  1876K 2451    20000  2340 6.63    6.15     7917  1084   33K   151 29.97   29.88  
c rst  luby ibes vmt  2145  1876K 2451    20000  2340 6.63    6.15     7917  1089   34K   151 29.97   29.87  
c rst  luby ibes vmt  2146  1876K 2451    20000  2340 6.63    6.15     7917  1091   34K   151 29.97   29.88  
c rst  luby ibes vmt  2147  1876K 2451    20000  2340 6.63    6.15     7917  1094   34K   151 29.98   29.88  
c rst  luby ibes vmt  2148  1876K 2451    20000  2340 6.63    6.15     7918  1094   34K   151 29.97   29.88  
c rst  luby ibes vmt  2149  1877K 2451    20000  2340 6.63    6.15     7920  1097   34K   151 29.99   29.90  
c [distill-long-red0] cls tried: 81/81 T: 0.01 T-out: N T-r: 99.91%
c [distill-long-red1] cls tried: 187/401 T: 0.02 T-out: Y T-r: -0.41%
c rst  luby ibes vmt  2150  1877K 2451    20000  2340 6.63    6.15     7920  1098   35K   151 29.99   29.89  
c rst  luby ibes vmt  2151  1877K 2451    20000  2340 6.63    6.15     7920  1100   35K   151 29.99   29.90  
c rst  luby ibes vmt  2152  1877K 2451    20000  2340 6.63    6.15     7920  1100   35K   151 30.00   29.91  
c rst  luby ibes vmt  2153  1877K 2451    20000  2340 6.63    6.15     7920  1100   35K   151 29.99   29.90  
c rst  luby ibes vmt  2154  1877K 2451    20000  2340 6.63    6.15     7920  1101   35K   151 30.00   29.90  
c rst  luby ibes vmt  2155  1877K 2451    20000  2340 6.63    6.15     7923  1131   35K   151 29.97   29.87  
c rst  luby ibes vmt  2156  1878K 2451    20000  2340 6.63    6.15     7923  1147   36K   151 30.03   29.94  
c rst  luby ibes vmt  2157  1879K 2451    20000  2340 6.63    6.15     7923  1151   36K   151 30.08   29.99  
c rst  luby ibes vmt  2158  1879K 2451    20000  2340 6.63    6.15     7923  1160   36K   151 30.08   29.99  
c rst  luby ibes vmt  2159  1879K 2451    20000  2340 6.63    6.15     7923  1160   37K   151 30.10   30.00  
c rst  luby ibes vmt  2160  1879K 2451    20000  2340 6.63    6.15     7923  1161   37K   151 30.13   30.04  
c rst  luby ibes vmt  2161  1879K 2451    20000  2340 6.63    6.15     7923  1164   37K   151 30.13   30.04  
c rst  luby ibes vmt  2162  1879K 2451    20000  2340 6.63    6.15     7923  1164   37K   151 30.13   30.04  
c rst  luby ibes vmt  2163  1879K 2451    20000  2340 6.63    6.15     7923  1166   37K   151 30.14   30.05  
c rst  luby ibes vmt  2164  1880K 2451    20000  2340 6.63    6.15     7999  1072   38K   151 30.13   30.04  
c rst  luby ibes vmt  2165  1880K 2451    20000  2340 6.63    6.15     7999  1072   38K   151 30.16   30.07  
c rst  luby ibes vmt  2166  1880K 2451    20000  2340 6.63    6.15     7999  1074   38K   151 30.16   30.07  
c rst  luby ibes vmt  2167  1880K 2451    20000  2340 6.63    6.15     7999  1074   38K   151 30.19   30.10  
c rst  luby ibes vmt  2168  1880K 2451    20000  2340 6.63    6.15     7999  1076   38K   151 30.19   30.10  
c rst  luby ibes vmt  2169  1880K 2451    20000  2340 6.63    6.15     7999  1077   38K   151 30.20   30.11  
c rst  luby ibes vmt  2170  1881K 2451    20000  2340 6.63    6.15     7999  1086   38K   151 30.20   30.11  
c rst  luby ibes vmt  2171  1881K 2451    20000  2340 6.63    6.15     8001  1093   39K   151 30.29   30.21  
c rst  luby ibes vmt  2172  1882K 2451    20000  2340 6.63    6.15     8002  1105   40K   151 30.43   30.34  
c [distill] watch-based irred--  cl tried 24342    cl-sh 0     cl-rem 0    lit-rem 0      T: 0.05 T-out: Y
c [distill] watch-based red  --  cl tried 16004    cl-sh 1     cl-rem 0    lit-rem 1      T: 0.03 T-out: N
c rst  luby ibes vmt  2173  1883K 2451    20000  2340 6.63    6.15     8002  1108   41K   151 30.45   30.37  
c rst  luby ibes vmt  2174  1884K 2451    20000  2340 6.63    6.15     8003  1108   41K   151 30.46   30.38  
c rst  luby ibes vmt  2175  1884K 2451    20000  2340 6.63    6.15     8003  1109   41K   151 30.48   30.39  
c rst  luby ibes vmt  2176  1884K 2451    20000  2340 6.63    6.15     8003  1110   42K   151 30.48   30.40  
c rst  luby ibes vmt  2177  1884K 2451    20000  2340 6.63    6.15     8003  1111   42K   151 30.50   30.41  
c rst  luby ibes vmt  2178  1884K 2451    20000  2340 6.63    6.15     8003  1111   42K   151 30.50   30.42  
c rst  luby ibes vmt  2179  1884K 2451    20000  2340 6.63    6.15     8003  1114   42K   151 30.52   30.44  
c rst  luby ibes vmt  2180  1885K 2451    20000  2340 6.63    6.15     8004  1121   42K   151 30.49   30.41  
c rst  luby ibes vmt  2181  1885K 2451    20000  2340 6.63    6.15     8004  1125   42K   151 30.50   30.42  
c rst  luby ibes vmt  2182  1885K 2451    20000  2340 6.63    6.15     8004  1127   43K   151 30.51   30.43  
c rst  luby ibes vmt  2183  1885K 2451    20000  2340 6.63    6.15     8004  1132   43K   151 30.53   30.45  
c rst  luby ibes vmt  2184  1885K 2451    20000  2340 6.63    6.15     8007  1139   43K   151 30.53   30.44  
c rst  luby ibes vmt  2185  1885K 2451    20000  2340 6.63    6.15     8007  1141   43K   151 30.52   30.44  
c rst  luby ibes vmt  2186  1885K 2451    20000  2340 6.63    6.15     8007  1144   43K   151 30.53   30.45  
c rst  luby ibes vmt  2187  1886K 2451    20000  2340 6.63    6.15     8007  1154   44K   151 30.53   30.45  
c rst  luby svd  vmt  2188  1887K 2451    20000  2340 6.63    6.15     8007  1157   44K   151 30.69   30.61  
c rst  luby svd  vmt  2189  1887K 2451    20000  2340 6.63    6.15     8007  1159   44K   151 30.71   30.63  
c rst  luby svd  vmt  2190  1887K 2451    20000  2340 6.63    6.15     8007  1160   45K   151 30.72   30.64  
c [ccnr] tries: 0 steps: 262143 best found: 8
c [ccnr] saving best assignment phase to stable_polar
c [ccnr] bumping based on var unsat frequency: conflict_ct
c [ccnr] Bumped vars: 2453 bump type: 6
c [ccnr] time: 0.28
c rst  luby svd  vmt  2191  1887K 2451    20000  2340 6.63    6.15     8007  1179   45K   151 30.68   30.60  
c rst  luby svd  vmt  2192  1887K 2451    20000  2340 6.63    6.15     8007  1186   45K   151 30.70   30.62  
c rst  luby svd  vmt  2193  1887K 2451    20000  2340 6.63    6.15     8007  1187   45K   151 30.71   30.63  
c rst  luby svd  vmt  2194  1887K 2451    20000  2340 6.63    6.15     8007  1196   45K   151 30.71   30.63  
c rst  luby svd  vmt  2195  1888K 2451    20000  2340 6.63    6.15     8007  1203   46K   151 30.80   30.72  
c rst  luby svd  vmt  2196  1888K 2451    20000  2340 6.63    6.15     8007  1203   46K   151 30.81   30.73  
c rst  luby svd  vmt  2197  1888K 2451    20000  2340 6.63    6.15     8007  1205   46K   151 30.83   30.75  
c rst  luby svd  vmt  2198  1888K 2451    20000  2340 6.63    6.15     8007  1217   46K   151 30.85   30.77  
c rst  luby svd  vmt  2199  1888K 2451    20000  2340 6.63    6.15     8007  1219   46K   151 30.86   30.79  
c rst  luby svd  vmt  2200  1888K 2451    20000  2340 6.63    6.15     8007  1221   46K   151 30.88   30.81  
c rst  luby svd  vmt  2201  1889K 2451    20000  2340 6.63    6.15     8007  1224   46K   151 30.92   30.84  
c rst  luby svd  vmt  2202  1889K 2451    20000  2340 6.63    6.15     8007  1227   47K   151 30.95   30.88  
c rst  luby svd  vmt  2203  1890K 2451    20000  2340 6.63    6.15     8124  1344   31K   151 28.45   28.35  
c rst  luby svd  vmt  2204  1891K 2451    20000  2340 6.63    6.15     8129  1380   33K   151 28.69   28.59  
c rst  luby svd  vmt  2205  1895K 2451    20000  2340 6.63    6.15     8132  1406   36K   151 29.01   28.92  
c [distill-long-red0] cls tried: 161/161 T: 0.01 T-out: N T-r: 99.76%
c [distill-long-red1] cls tried: 113/615 T: 0.02 T-out: Y T-r: -1.69%
c [impl-str] lit bin: 0 set-var: 0 T: 0.00 T-out: N T-r: 99.97% w-visit: 4906
c [impl-sub] bin: 0 T: 0.00 T-out: N w-visit: 4906
c rst  luby svd  vmt  2206  1895K 2451    20000  2340 6.63    6.15     8132  1407   36K   151 29.03   28.94  
c rst  luby svd  vmt  2207  1895K 2451    20000  2340 6.63    6.15     8132  1409   36K   151 29.05   28.96  
c rst  luby svd  vmt  2208  1895K 2451    20000  2340 6.63    6.15     8132  1409   36K   151 29.09   29.00  
c rst  luby svd  vmt  2209  1895K 2451    20000  2340 6.63    6.15     8132  1409   36K   151 29.11   29.02  
c rst  luby svd  vmt  2210  1895K 2451    20000  2340 6.63    6.15     8133  1409   36K   151 29.13   29.04  
c rst  luby svd  vmt  2211  1895K 2451    20000  2340 6.63    6.15     8133  1417   37K   151 29.14   29.06  
c [full-probe]  bin_only: 1 set: 0 repl: 0 T: 0.01 T-out: N T-r: 99.83%
c [distill-bin] useful: 0/2340/2340 lits-rem: 0 cl-rem: 0 0-depth-assigns: 0 T: 0.01 T-out: N
c rst  luby svd  vmt  2212  1896K 2451    20000  2340 6.63    6.15     8134  1419   37K   151 29.23   29.15  
c rst  luby svd  vmt  2213  1896K 2451    20000  2340 6.63    6.15     8135  1419   37K   151 29.26   29.17  
c rst  luby svd  vmt  2214  1896K 2451    20000  2340 6.63    6.15     8135  1423   37K   151 29.28   29.20  
c rst  luby svd  vmt  2215  1896K 2451    20000  2340 6.63    6.15     8135  1423   37K   151 29.33   29.24  
c rst  luby svd  vmt  2216  1896K 2451    20000  2340 6.63    6.15     8135  1423   38K   151 29.35   29.26  
c rst  luby svd  vmt  2217  1897K 2451    20000  2340 6.63    6.15     8135  1425   38K   151 29.35   29.27  
c rst  luby svd  vmt  2218  1897K 2451    20000  2340 6.63    6.15     8135  1426   38K   151 29.40   29.31  
c rst  luby svd  vmt  2219  1897K 2451    20000  2340 6.63    6.15     8135  1426   38K   151 29.52   29.44  
c rst  luby svd  vmt  2220  1898K 2451    20000  2340 6.63    6.15     8136  1431   39K   151 29.64   29.55  
c rst  luby svd  vmt  2221  1898K 2451    20000  2340 6.63    6.15     8136  1433   39K   151 29.65   29.56  
c rst  luby svd  vmt  2222  1898K 2451    20000  2340 6.63    6.15     8136  1434   39K   151 29.66   29.58  
c rst  luby svd  vmt  2223  1898K 2451    20000  2340 6.63    6.15     8136  1436   39K   151 29.67   29.59  
c rst  luby svd  vmt  2224  1898K 2451    20000  2340 6.63    6.15     8136  1437   40K   151 29.69   29.61  
c rst  luby svd  vmt  2225  1899K 2451    20000  2340 6.63    6.15     8136  1440   40K   151 29.71   29.62  
c rst  luby svd  vmt  2226  1899K 2451    20000  2340 6.63    6.15     8136  1441   40K   151 29.73   29.64  
c rst  luby svd  vmt  2227  1899K 2451    20000  2340 6.63    6.15     8136  1442   40K   151 29.77   29.68  
c rst  luby svd  vmt  2228  1899K 2451    20000  2340 6.63    6.15     8136  1442   40K   151 29.78   29.69  
c rst  luby svd  vmt  2229  1899K 2451    20000  2340 6.63    6.15     8136  1442   40K   151 29.80   29.71  
c rst  luby svd  vmt  2230  1900K 2451    20000  2340 6.63    6.15     8137  1445   41K   151 29.81   29.73  
c rst  luby svd  vmt  2231  1900K 2451    20000  2340 6.63    6.15     8137  1446   41K   151 29.82   29.74  
c rst  luby svd  vmt  2232  1900K 2451    20000  2340 6.63    6.15     8250  1325   41K   151 29.84   29.76  
c rst  luby svd  vmt  2233  1900K 2451    20000  2340 6.63    6.15     8250  1327   41K   151 29.86   29.78  
c rst  luby svd  vmt  2234  1900K 2451    20000  2340 6.63    6.15     8250  1329   41K   151 29.93   29.84  
c rst  luby svd  vmt  2235  1901K 2451    20000  2340 6.63    6.15     8250  1342   42K   151 30.10   30.02  
c rst  luby svd  vmt  2236  1903K 2451    20000  2340 6.63    6.15     8250  1349   44K   151 30.32   30.24  
c rst  luby svd  vmt  2237  1903K 2451    20000  2340 6.63    6.15     8250  1349   44K   151 30.33   30.25  
c rst  luby svd  vmt  2238  1903K 2451    20000  2340 6.63    6.15     8250  1350   44K   151 30.34   30.26  
c rst  luby svd  vmt  2239  1903K 2451    20000  2340 6.63    6.15     8250  1352   44K   151 30.35   30.27  
c rst  luby svd  vmt  2240  1903K 2451    20000  2340 6.63    6.15     8250  1352   44K   151 30.36   30.28  
c rst  luby svd  vmt  2241  1903K 2451    20000  2340 6.63    6.15     8250  1352   44K   151 30.37   30.29  
c rst  luby svd  vmt  2242  1904K 2451    20000  2340 6.63    6.15     8250  1353   45K   151 30.40   30.32  
c rst  luby svd  vmt  2243  1904K 2451    20000  2340 6.63    6.15     8250  1353   45K   151 30.46   30.38  
c rst  luby svd  vmt  2244  1904K 2451    20000  2340 6.63    6.15     8250  1355   45K   151 30.47   30.39  
c rst  luby svd  vmt  2245  1904K 2451    20000  2340 6.63    6.15     8250  1355   45K   151 30.49   30.41  
c rst  luby svd  vmt  2246  1904K 2451    20000  2340 6.63    6.15     8250  1359   45K   151 30.51   30.44  
c rst  luby svd  vmt  2247  1904K 2451    20000  2340 6.63    6.15     8250  1360   46K   151 30.53   30.45  
c rst  luby svd  vmt  2248  1905K 2451    20000  2340 6.63    6.15     8250  1362   46K   151 30.55   30.47  
c rst  luby svd  vmt  2249  1905K 2451    20000  2340 6.63    6.15     8261  1499   26K   151 28.42   28.31  
c rst  luby svd  vmt  2250  1905K 2451    20000  2340 6.63    6.15     8261  1502   27K   151 28.51   28.40  
c rst  luby svd  vmt  2251  1906K 2451    20000  2340 6.63    6.15     8261  1507   27K   151 28.65   28.54  
c rst  luby svd  vmt  2252  1906K 2451    20000  2340 6.63    6.15     8261  1507   27K   151 28.68   28.58  
c rst  luby svd  vmt  2253  1906K 2451    20000  2340 6.63    6.15     8261  1507   28K   151 28.71   28.61  
c rst  luby svd  vmt  2254  1906K 2451    20000  2340 6.63    6.15     8261  1507   28K   151 28.78   28.68  
c rst  luby svd  vmt  2255  1906K 2451    20000  2340 6.63    6.15     8261  1511   28K   151 28.81   28.70  
c rst  luby svd  vmt  2256  1907K 2451    20000  2340 6.63    6.15     8261  1513   28K   151 28.84   28.73  
c rst  luby svd  vmt  2257  1907K 2451    20000  2340 6.63    6.15     8261  1513   28K   151 28.87   28.77  
c rst  luby svd  vmt  2258  1907K 2451    20000  2340 6.63    6.15     8261  1517   29K   151 28.93   28.83  
c [distill] watch-based irred--  cl tried 29120    cl-sh 0     cl-rem 0    lit-rem 0      T: 0.04 T-out: Y
c [distill] watch-based red  --  cl tried 16522    cl-sh 4     cl-rem 0    lit-rem 4      T: 0.03 T-out: N
c rst  luby svd  vmt  2259  1907K 2451    20000  2340 6.63    6.15     8262  1518   29K   151 28.95   28.84  
c rst  luby svd  vmt  2260  1907K 2451    20000  2340 6.63    6.15     8262  1521   29K   151 28.97   28.86  
c rst  luby svd  vmt  2261  1908K 2451    20000  2340 6.63    6.15     8264  1522   29K   151 28.99   28.88  
c rst  luby svd  vmt  2262  1908K 2451    20000  2340 6.63    6.15     8265  1526   29K   151 29.00   28.89  
c rst  luby svd  vmt  2263  1908K 2451    20000  2340 6.63    6.15     8265  1526   29K   151 29.02   28.91  
c rst  luby svd  vmt  2264  1908K 2451    20000  2340 6.63    6.15     8265  1535   29K   151 29.04   28.94  
c rst  luby svd  vmt  2265  1908K 2451    20000  2340 6.63    6.15     8266  1541   30K   151 29.09   28.99  
c rst  luby svd  vmt  2266  1909K 2451    20000  2340 6.63    6.15     8267  1554   31K   151 29.14   29.04  
c rst  luby svd  vmt  2267  1911K 2451    20000  2340 6.63    6.15     8381  1373   32K   151 29.52   29.42  
c [distill-long-red0] cls tried: 188/188 T: 0.01 T-out: N T-r: 99.79%
c [distill-long-red1] cls tried: 165/619 T: 0.02 T-out: Y T-r: -0.94%
c rst  geom best vmt  2268  1911K 2451    20000  2340 6.63    6.15     8381  1373   32K   151 29.50   29.40  
c rst  geom best vmt  2269  1911K 2451    20000  2340 6.63    6.15     8381  1373   32K   151 29.51   29.41  
c rst  geom best vmt  2270  1911K 2451    20000  2340 6.63    6.15     8381  1374   33K   151 29.50   29.40  
c rst  geom best vmt  2271  1911K 2451    20000  2340 6.63    6.15     8381  1374   33K   151 29.51   29.41  
c rst  geom best vmt  2272  1911K 2451    20000  2340 6.63    6.15     8381  1374   33K   151 29.51   29.41  
c rst  geom best vmt  2273  1912K 2451    20000  2340 6.63    6.15     8381  1376   33K   151 29.50   29.40  
c rst  geom best vmt  2274  1912K 2451    20000  2340 6.63    6.15     8381  1380   33K   151 29.51   29.42  
c rst  geom best vmt  2275  1912K 2451    20000  2340 6.63    6.15     8381  1381   33K   151 29.53   29.43  
c rst  geom best vmt  2276  1912K 2451    20000  2340 6.63    6.15     8381  1381   34K   151 29.50   29.41  
c rst  geom best vmt  2277  1913K 2451    20000  2340 6.63    6.15     8382  1396   34K   151 29.48   29.38  
c rst  geom best vmt  2278  1913K 2451    20000  2340 6.63    6.15     8382  1398   34K   151 29.44   29.35  
c rst  geom best vmt  2279  1913K 2451    20000  2340 6.63    6.15     8382  1407   35K   151 29.42   29.33  
c rst  geom best vmt  2280  1913K 2451    20000  2340 6.63    6.15     8383  1421   35K   151 29.40   29.30  
c rst  geom best vmt  2281  1914K 2451    20000  2340 6.63    6.15     8383  1428   35K   151 29.45   29.36  
c rst  geom best vmt  2282  1914K 2451    20000  2340 6.63    6.15     8383  1432   36K   151 29.43   29.34  
c rst  geom best vmt  2283  1915K 2451    20000  2340 6.63    6.15     8383  1437   36K   151 29.45   29.36  
c rst  geom best vmt  2284  1915K 2451    20000  2340 6.63    6.15     8383  1445   37K   151 29.45   29.36  
c [gauss] XOR-encoding clauses are not detached, so no need to reattach them.
c [g 0] truth-find prop checks  : 1405K
c [g 0] -> of which prop        : 37.52 %
c [g 0] -> of which confl       :  1.19 %
c [g 0] elim called             : 137K
c [g 0] ---> which lead to prop : 164.24 %
c [g 0] ---> which lead to confl:  5.69 %
c [g 0] size: 67    x 144  
c [scc] new: 0 BP 0M T: 0.00
c [vrep] vars 0 lits 0 rem-bin-cls 0 rem-long-cls 0 BP 0M T: 0.01
c [intree] Set 0 vars hyper-added: 0 trans-irred: 0 trans-red: 0 T: 0.01 T-out: N T-r: -0.71%
c [find&init matx] performing matrix init
c [gauss] XOR-encoding clauses are not detached, so no need to reattach them.
c [xor-rem-unconnected] left with 217 xors from 217 non-empty xors T: 0.00
c [xor-together] xored together: 150 orig xors: 217 new xors: 67 T: 0.00
c [xor-rem-unconnected] left with 67 xors from 67 non-empty xors T: 0.00
c [xor-clean-equiv] removed equivalent xors: 0 left with: 67
c [matrix] unused xors from cleaning: 0
c [matrix] Good   matrix 0 67      x144    density:0.0893  xorlen avg: 12.87
c [matrix] Using 1 matrices recovered from 0 xors T: 0.00 T-out: N
c rst  geom best vmt  2285  1916K 2451    20000  2340 6.63    6.15     8383  1448   37K   151 29.41   29.33  
c [full-probe]  bin_only: 0 set: 0 repl: 0 T: 0.01 T-out: N T-r: 98.50%
c [distill-bin] useful: 0/2340/2340 lits-rem: 0 cl-rem: 0 0-depth-assigns: 0 T: 0.01 T-out: N
c rst  geom best vmt  2286  1916K 2451    20000  2340 6.63    6.15     8383  1458   38K   151 29.37   29.28  
c rst  geom best vmt  2287  1917K 2451    20000  2340 6.63    6.15     8383  1471   38K   151 29.37   29.28  
c rst  geom best vmt  2288  1918K 2451    20000  2340 6.63    6.15     8383  1477   39K   151 29.33   29.25  
c rst  geom best vmt  2289  1919K 2451    20000  2340 6.63    6.15     8384  1499   40K   151 29.30   29.22  
c rst  geom best vmt  2290  1919K 2451    20000  2340 6.63    6.15     8384  1504   41K   151 29.29   29.21  
c rst  geom best vmt  2291  1920K 2451    20000  2340 6.63    6.15     8512  1613   29K   151 27.29   27.20  
c rst  geom best vmt  2292  1921K 2451    20000  2340 6.63    6.15     8512  1629   30K   151 27.23   27.14  
c rst  geom best vmt  2293  1923K 2451    20000  2340 6.63    6.15     8513  1640   31K   151 27.26   27.17  
c rst  geom best vmt  2294  1924K 2451    20000  2340 6.63    6.15     8513  1651   33K   151 27.30   27.21  
c rst  geom best vmt  2295  1925K 2451    20000  2340 6.63    6.15     8514  1661   34K   151 27.28   27.20  
c rst  geom best vmt  2296  1927K 2451    20000  2340 6.63    6.15     8516  1688   36K   151 27.45   27.37  
c [distill-long-red0] cls tried: 115/115 T: 0.01 T-out: N T-r: 99.82%
c [distill-long-red1] cls tried: 134/818 T: 0.02 T-out: Y T-r: -1.24%
c rst  geom best vmt  2297  1928K 2451    20000  2340 6.63    6.15     8518  1704   37K   151 27.45   27.37  
c rst  geom best vmt  2298  1930K 2451    20000  2340 6.63    6.15     8594  1600   39K   151 27.60   27.53  
c rst  geom best vmt  2299  1932K 2451    20000  2340 6.63    6.15     8594  1611   41K   151 27.59   27.52  
c [distill] watch-based irred--  cl tried 26565    cl-sh 0     cl-rem 0    lit-rem 0      T: 0.05 T-out: Y
c [distill] watch-based red  --  cl tried 16913    cl-sh 2     cl-rem 0    lit-rem 2      T: 0.04 T-out: Y
c [ccnr] tries: 0 steps: 262143 best found: 8
c [ccnr] saving best assignment phase to stable_polar
c [ccnr] bumping based on var unsat frequency: conflict_ct
c [ccnr] Bumped vars: 2453 bump type: 6
c [ccnr] time: 0.28
c rst  geom best vmt  2300  1935K 2451    20000  2340 6.63    6.15     8602  1899   33K   151 25.90   25.82  
c rst  geom best vmt  2301  1937K 2451    20000  2340 6.63    6.15     8607  1957   35K   151 26.14   26.06  
c [full-probe]  bin_only: 1 set: 0 repl: 0 T: 0.01 T-out: N T-r: 99.82%
c [distill-bin] useful: 0/2340/2340 lits-rem: 0 cl-rem: 0 0-depth-assigns: 0 T: 0.01 T-out: N
c rst  geom stb  vmt  2302  1940K 2451    20000  2340 6.63    6.15     8724  1885   38K   151 26.99   26.92  
c rst  geom stb  vmt  2303  1943K 2451    20000  2340 6.63    6.15     8724  1901   41K   151 27.62   27.54  
c [distill-long-red0] cls tried: 183/183 T: 0.02 T-out: N T-r: 99.71%
c [distill-long-red1] cls tried: 134/1019 T: 0.02 T-out: Y T-r: -1.67%
c rst  geom stb  vmt  2304  1946K 2451    20000  2340 6.63    6.15     8726  1914   44K   151 28.09   28.02  
c rst  geom stb  vmt  2305  1950K 2451    20000  2340 6.63    6.15     8789  1945   28K   151 26.46   26.37  
c rst  geom stb  vmt  2306  1954K 2451    20000  2340 6.63    6.15     8794  1986   32K   151 27.38   27.29  
c rst  geom stb  vmt  2307  1958K 2451    20000  2340 6.63    6.15     8795  2000   37K   151 28.17   28.09  
c [distill-long-red0] cls tried: 58/58 T: 0.00 T-out: N T-r: 99.94%
c [distill-long-red1] cls tried: 163/1127 T: 0.02 T-out: Y T-r: -0.78%
c [full-probe]  bin_only: 0 set: 0 repl: 0 T: 0.01 T-out: N T-r: 98.88%
c [distill-bin] useful: 0/2340/2340 lits-rem: 0 cl-rem: 0 0-depth-assigns: 0 T: 0.01 T-out: N
c [distill] watch-based irred--  cl tried 25253    cl-sh 0     cl-rem 0    lit-rem 0      T: 0.05 T-out: Y
c [distill] watch-based red  --  cl tried 17590    cl-sh 1     cl-rem 0    lit-rem 1      T: 0.03 T-out: N
c [impl-str] lit bin: 0 set-var: 0 T: 0.00 T-out: N T-r: 99.97% w-visit: 4906
c [impl-sub] bin: 0 T: 0.00 T-out: N w-visit: 4906
c rst  geom stb  vmt  2308  1963K 2451    20000  2340 6.63    6.15     8885  1752   42K   151 28.75   28.68  
c rst  geom ibes vmt  2309  1968K 2451    20000  2340 6.63    6.15     8898  1924   34K   151 28.54   28.45  
c rst  geom ibes vmt  2310  1974K 2451    20000  2340 6.63    6.15     8983  1835   40K   151 29.29   29.21  
c [distill-long-red0] cls tried: 161/161 T: 0.01 T-out: N T-r: 99.82%
c [distill-long-red1] cls tried: 116/950 T: 0.02 T-out: Y T-r: -1.19%
c rst  geom ibes vmt  2311  1981K 2451    20000  2340 6.63    6.15     9055  1830   34K   151 28.03   27.94  
c [full-probe]  bin_only: 1 set: 0 repl: 0 T: 0.01 T-out: N T-r: 99.84%
c [distill-bin] useful: 0/2340/2340 lits-rem: 0 cl-rem: 0 0-depth-assigns: 0 T: 0.01 T-out: N
c [gauss] XOR-encoding clauses are not detached, so no need to reattach them.
c [g 0] truth-find prop checks  : 1450K
c [g 0] -> of which prop        : 35.76 %
c [g 0] -> of which confl       :  1.13 %
c [g 0] elim called             : 152K
c [g 0] ---> which lead to prop : 153.18 %
c [g 0] ---> which lead to confl:  5.03 %
c [g 0] size: 67    x 144  
c [scc] new: 0 BP 0M T: 0.00
c [vrep] vars 0 lits 0 rem-bin-cls 0 rem-long-cls 0 BP 0M T: 0.00
c [intree] Set 0 vars hyper-added: 0 trans-irred: 0 trans-red: 0 T: 0.01 T-out: N T-r: -0.83%
c [find&init matx] performing matrix init
c [gauss] XOR-encoding clauses are not detached, so no need to reattach them.
c [xor-rem-unconnected] left with 217 xors from 217 non-empty xors T: 0.00
c [xor-together] xored together: 150 orig xors: 217 new xors: 67 T: 0.00
c [xor-rem-unconnected] left with 67 xors from 67 non-empty xors T: 0.00
c [xor-clean-equiv] removed equivalent xors: 0 left with: 67
c [matrix] unused xors from cleaning: 0
c [matrix] Good   matrix 0 67      x144    density:0.0893  xorlen avg: 12.87
c [matrix] Using 1 matrices recovered from 0 xors T: 0.00 T-out: N
c [ccnr] tries: 0 steps: 262143 best found: 8
c [ccnr] saving best assignment phase to stable_polar
c [ccnr] bumping based on clause weights
c [ccnr] Bumped vars: 101 bump type: 6
c [ccnr] time: 0.29
c rst  geom ibes vmt  2312  1988K 2451    20000  2340 6.63    6.15     9070  2103   41K   151 28.92   28.85  
c [distill] watch-based irred--  cl tried 25626    cl-sh 0     cl-rem 0    lit-rem 0      T: 0.05 T-out: Y
c [distill] watch-based red  --  cl tried 17947    cl-sh 2     cl-rem 0    lit-rem 2      T: 0.03 T-out: Y
c rst  geom ibes vmt  2313  1995K 2451    20000  2340 6.63    6.15     9308  2017   34K   151 27.32   27.24  
c [distill-long-red0] cls tried: 265/265 T: 0.02 T-out: N T-r: 99.61%
c [distill-long-red1] cls tried: 125/1221 T: 0.02 T-out: Y T-r: -0.34%
c rst  geom svd  vmt  2314  2004K 2451    20000  2340 6.63    6.15     9339  1822   43K   151 28.89   28.82  
c [branch] adjusting to: vsid (from: vmtf) var_decay:0.95 descr: VSIDS
c [full-probe]  bin_only: 0 set: 0 repl: 0 T: 0.01 T-out: N T-r: 98.20%
c [distill-bin] useful: 0/2340/2340 lits-rem: 0 cl-rem: 0 0-depth-assigns: 0 T: 0.01 T-out: N
c rst  geom svd  vs   2315  2004K 2451    20000  2340 6.63    6.15     9339  1822   43K   151 28.90   28.83  
c rst  geom svd  vs   2316  2004K 2451    20000  2340 6.63    6.15     9339  1822   43K   151 28.92   28.84  
c rst  geom svd  vs   2317  2004K 2451    20000  2340 6.63    6.15     9339  1822   43K   151 28.94   28.86  
c rst  geom svd  vs   2318  2004K 2451    20000  2340 6.63    6.15     9339  1822   44K   151 28.95   28.88  
c rst  geom svd  vs   2319  2005K 2451    20000  2340 6.63    6.15     9339  1822   44K   151 28.98   28.91  
c rst  geom svd  vs   2320  2005K 2451    20000  2340 6.63    6.15     9339  1822   44K   151 28.99   28.92  
c rst  geom svd  vs   2321  2005K 2451    20000  2340 6.63    6.15     9339  1822   44K   151 29.00   28.93  
c rst  geom svd  vs   2322  2005K 2451    20000  2340 6.63    6.15     9339  1822   44K   151 29.02   28.94  
c rst  geom svd  vs   2323  2005K 2451    20000  2340 6.63    6.15     9339  1823   45K   151 29.05   28.97  
c rst  geom svd  vs   2324  2006K 2451    20000  2340 6.63    6.15     9339  1824   45K   151 29.06   28.99  
c rst  geom svd  vs   2325  2006K 2451    20000  2340 6.63    6.15     9339  1824   45K   151 29.07   29.00  
c rst  geom svd  vs   2326  2006K 2451    20000  2340 6.63    6.15     9339  1826   45K   151 29.09   29.01  
c rst  geom svd  vs   2327  2007K 2451    20000  2340 6.63    6.15     9339  1828   46K   151 29.13   29.05  
c rst  geom svd  vs   2328  2007K 2451    20000  2340 6.63    6.15     9339  1830   46K   151 29.15   29.08  
c rst  geom svd  vs   2329  2007K 2451    20000  2340 6.63    6.15     9339  1832   47K   151 29.15   29.08  
c rst  geom svd  vs   2330  2008K 2451    20000  2340 6.63    6.15     9339  1833   47K   151 29.17   29.10  
c rst  geom svd  vs   2331  2008K 2451    20000  2340 6.63    6.15     9339  1834   47K   151 29.12   29.05  
c rst  geom svd  vs   2332  2009K 2451    20000  2340 6.63    6.15     9339  1837   48K   151 29.12   29.05  
c rst  geom svd  vs   2333  2009K 2451    20000  2340 6.63    6.15     9339  1837   49K   151 29.12   29.05  
c rst  geom svd  vs   2334  2010K 2451    20000  2340 6.63    6.15     9360  1567   33K   151 27.65   27.56  
c rst  geom svd  vs   2335  2011K 2451    20000  2340 6.63    6.15     9360  1567   34K   151 27.65   27.56  
c [distill-long-red0] cls tried: 48/48 T: 0.00 T-out: N T-r: 99.93%
c [distill-long-red1] cls tried: 132/911 T: 0.02 T-out: Y T-r: -1.98%
c rst  geom svd  vs   2336  2012K 2451    20000  2340 6.63    6.15     9360  1577   35K   151 27.62   27.54  
c rst  geom svd  vs   2337  2013K 2451    20000  2340 6.63    6.15     9360  1588   36K   151 27.68   27.60  
c rst  geom svd  vs   2338  2014K 2451    20000  2340 6.63    6.15     9360  1590   37K   151 27.83   27.75  
c [distill] watch-based irred--  cl tried 27169    cl-sh 0     cl-rem 0    lit-rem 0      T: 0.05 T-out: Y
c [distill] watch-based red  --  cl tried 18720    cl-sh 3     cl-rem 0    lit-rem 4      T: 0.03 T-out: N
c rst  geom svd  vs   2339  2015K 2451    20000  2340 6.63    6.15     9360  1592   38K   151 27.85   27.77  
c rst  geom svd  vs   2340  2016K 2451    20000  2340 6.63    6.15     9360  1598   39K   151 27.85   27.77  
c rst  geom svd  vs   2341  2017K 2451    20000  2340 6.63    6.15     9360  1609   40K   151 27.92   27.85  
c rst  geom svd  vs   2342  2018K 2451    20000  2340 6.63    6.15     9360  1618   41K   151 28.07   28.00  
c [impl-str] lit bin: 0 set-var: 0 T: 0.00 T-out: N T-r: 99.97% w-visit: 4906
c [impl-sub] bin: 0 T: 0.00 T-out: N w-visit: 4906
c rst  geom svd  vs   2343  2020K 2451    20000  2340 6.63    6.15     9406  1505   43K   151 28.18   28.11  
c rst  geom svd  vs   2344  2022K 2451    20000  2340 6.63    6.15     9406  1510   45K   151 28.35   28.28  
c rst  geom best vs   2345  2024K 2451    20000  2340 6.63    6.15     9406  1529   47K   151 28.29   28.22  
c rst  geom best vs   2346  2026K 2451    20000  2340 6.63    6.15     9422  1707   33K   151 25.84   25.76  
c [full-probe]  bin_only: 1 set: 0 repl: 0 T: 0.02 T-out: N T-r: 99.76%
c [distill-bin] useful: 0/2340/2340 lits-rem: 0 cl-rem: 0 0-depth-assigns: 0 T: 0.01 T-out: N
c [ccnr] tries: 0 steps: 262143 best found: 5
c [ccnr] saving best assignment phase to stable_polar
c [ccnr] bumping based on var unsat frequency: conflict_ct
c [ccnr] Bumped vars: 2453 bump type: 6
c [ccnr] time: 0.29
c rst  geom best vs   2347  2028K 2451    20000  2340 6.63    6.15     9425  1722   36K   151 25.81   25.73  
c [distill-long-red0] cls tried: 60/60 T: 0.00 T-out: N T-r: 99.93%
c [distill-long-red1] cls tried: 144/981 T: 0.02 T-out: Y T-r: -1.07%
c rst  geom best vs   2348  2030K 2451    20000  2340 6.63    6.15     9470  1625   38K   151 25.83   25.76  
c rst  geom best vs   2349  2033K 2451    20000  2340 6.63    6.15     9470  1644   41K   151 25.79   25.72  
c rst  geom best vs   2350  2036K 2451    20000  2340 6.63    6.15     9472  1659   44K   151 25.79   25.72  
c rst  geom best vs   2351  2039K 2451    20000  2340 6.63    6.15     9472  1667   47K   151 25.80   25.74  
c [distill] watch-based irred--  cl tried 23192    cl-sh 0     cl-rem 0    lit-rem 0      T: 0.05 T-out: Y
c [distill] watch-based red  --  cl tried 17616    cl-sh 2     cl-rem 0    lit-rem 2      T: 0.04 T-out: Y
c rst  geom best vs   2352  2043K 2451    20000  2340 6.63    6.15     9536  1720   38K   151 23.18   23.11  
c [distill-long-red0] cls tried: 101/101 T: 0.01 T-out: N T-r: 99.87%
c [distill-long-red1] cls tried: 117/936 T: 0.02 T-out: Y T-r: -0.32%
c rst  geom best vs   2353  2047K 2451    20000  2340 6.63    6.15     9537  1734   42K   151 23.29   23.23  
c [full-probe]  bin_only: 0 set: 0 repl: 0 T: 0.01 T-out: N T-r: 98.51%
c [distill-bin] useful: 0/2340/2340 lits-rem: 0 cl-rem: 0 0-depth-assigns: 0 T: 0.01 T-out: N
c [gauss] XOR-encoding clauses are not detached, so no need to reattach them.
c [g 0] truth-find prop checks  : 1518K
c [g 0] -> of which prop        : 32.11 %
c [g 0] -> of which confl       :  1.01 %
c [g 0] elim called             : 152K
c [g 0] ---> which lead to prop : 134.85 %
c [g 0] ---> which lead to confl:  4.60 %
c [g 0] size: 67    x 144  
c [scc] new: 0 BP 0M T: 0.00
c [vrep] vars 0 lits 0 rem-bin-cls 0 rem-long-cls 0 BP 0M T: 0.00
c [intree] Set 0 vars hyper-added: 0 trans-irred: 0 trans-red: 0 T: 0.01 T-out: N T-r: -0.78%
c [find&init matx] performing matrix init
c [gauss] XOR-encoding clauses are not detached, so no need to reattach them.
c [xor-rem-unconnected] left with 217 xors from 217 non-empty xors T: 0.00
c [xor-together] xored together: 150 orig xors: 217 new xors: 67 T: 0.00
c [xor-rem-unconnected] left with 67 xors from 67 non-empty xors T: 0.00
c [xor-clean-equiv] removed equivalent xors: 0 left with: 67
c [matrix] unused xors from cleaning: 0
c [matrix] Good   matrix 0 67      x144    density:0.0893  xorlen avg: 12.87
c [matrix] Using 1 matrices recovered from 0 xors T: 0.00 T-out: N
c rst  geom stb  vs   2354  2051K 2451    20000  2340 6.63    6.15     9562  1599   47K   151 24.32   24.27  
c rst  geom stb  vs   2355  2056K 2451    20000  2340 6.63    6.15     9572  1742   32K   151 23.02   22.95  
c rst  geom stb  vs   2356  2061K 2451    20000  2340 6.63    6.15     9602  1299   38K   151 24.13   24.06  
c [distill-long-red0] cls tried: 57/57 T: 0.01 T-out: N T-r: 99.91%
c [distill-long-red1] cls tried: 132/796 T: 0.02 T-out: Y T-r: -3.12%
c rst  geom stb  vs   2357  2067K 2451    20000  2340 6.63    6.15     9602  1306   44K   151 25.05   24.99  
c [full-probe]  bin_only: 1 set: 0 repl: 0 T: 0.02 T-out: N T-r: 99.72%
c [distill-bin] useful: 0/2340/2340 lits-rem: 0 cl-rem: 0 0-depth-assigns: 0 T: 0.02 T-out: N
c [distill] watch-based irred--  cl tried 24566    cl-sh 0     cl-rem 0    lit-rem 0      T: 0.05 T-out: Y
c [distill] watch-based red  --  cl tried 18811    cl-sh 0     cl-rem 0    lit-rem 0      T: 0.04 T-out: Y
c rst  geom stb  vs   2358  2074K 2451    20000  2340 6.63    6.15     9636  1254   33K   151 25.58   25.49  
c [ccnr] tries: 0 steps: 262143 best found: 8
c [ccnr] saving best assignment phase to stable_polar
c [ccnr] bumping based on var unsat frequency: conflict_ct
c [ccnr] Bumped vars: 2453 bump type: 6
c [ccnr] time: 0.28
c rst  geom ibes vs   2359  2081K 2451    20000  2340 6.63    6.15     9652  1204   40K   151 26.02   25.95  
c [distill-long-red0] cls tried: 44/44 T: 0.00 T-out: N T-r: 99.92%
c [distill-long-red1] cls tried: 120/639 T: 0.02 T-out: Y T-r: -2.17%
c [impl-str] lit bin: 0 set-var: 0 T: 0.00 T-out: N T-r: 99.97% w-visit: 4906
c [impl-sub] bin: 0 T: 0.00 T-out: N w-visit: 4906
c rst  geom ibes vs   2360  2089K 2451    20000  2340 6.63    6.15     9656  1275   36K   151 25.53   25.45  
c [full-probe]  bin_only: 0 set: 0 repl: 0 T: 0.01 T-out: N T-r: 97.61%
c [distill-bin] useful: 0/2340/2340 lits-rem: 0 cl-rem: 0 0-depth-assigns: 0 T: 0.01 T-out: N
c rst  geom ibes vs   2361  2097K 2451    20000  2340 6.63    6.15     9672  1177   44K   151 26.22   26.16  
c [distill-long-red0] cls tried: 9/9 T: 0.00 T-out: N T-r: 99.98%
c [distill-long-red1] cls tried: 122/570 T: 0.02 T-out: Y T-r: -2.77%
c [distill] watch-based irred--  cl tried 25879    cl-sh 0     cl-rem 0    lit-rem 0      T: 0.05 T-out: Y
c [distill] watch-based red  --  cl tried 18390    cl-sh 1     cl-rem 0    lit-rem 1      T: 0.04 T-out: Y
c rst  geom ibes vs   2362  2106K 2451    20000  2340 6.63    6.15     9690  1146   40K   151 25.31   25.24  
c rst  geom svd  vs   2363  2114K 2451    20000  2340 6.63    6.15     9715  1022   47K   151 26.74   26.68  
c recursive minimization cost OK: 2529Kcost/(% lits removed)
c [gauss] XOR-encoding clauses are not detached, so no need to reattach them.
c [g 0] truth-find prop checks  : 1471K
c [g 0] -> of which prop        : 34.53 %
c [g 0] -> of which confl       :  0.89 %
c [g 0] elim called             : 155K
c [g 0] ---> which lead to prop : 147.35 %
c [g 0] ---> which lead to confl:  4.81 %
c [g 0] size: 67    x 144  
c --> Executing strategy token: scc-vrepl
c [scc] new: 0 BP 0M T: 0.00
c --> Executing strategy token: sub-impl
c [impl-sub] bin: 0 T: 0.00 T-out: N w-visit: 4906
c --> Executing strategy token: breakid
c --> Executing OCC strategy token(s): 'occ-backw-sub-str,occ-clean-implicit,occ-bve,occ-bva,occ-ternary-res,occ-xor,'
c [occ] mem usage for occur 2      MB
c [occ] Linked in IRRED BIN by default: 2340
c [occ] Linked in RED   BIN by default: 151
c [occ] mem usage for occur 1      MB
c Mem for watch alloc      : 19          MB (34.40     %)
c Mem for watch array      : 0           MB (0.19      %)
c --> Executing OCC strategy token: occ-backw-sub-str
c [occ-backw-sub-str-long-w-bins] subs: 0 str: 0 tried: 76321 0-depth ass: 0 T: 0.00 T-out: N T-r: 99.59%
c [occ-backw-sub-long-w-long] rem cl: 144 tried: 78354/78354 (100.0%) T: 0.02 T-out: N T-r: 95.57%
c [occ-backw-sub-str-long-w-long] sub: 6 str: 125 tried: 235062/78354 (300.0)  T: 0.10 T-out: N T-r: 88.91%
c --> Executing OCC strategy token: occ-clean-implicit
c --> Executing OCC strategy token: occ-bve
c [occ-empty-res] Empty resolvent elimed: 0 T: 0.00 T-out: N
c [occ-bve] turning off picosat-based irreg gate detection, added lits:  450K
c [occ-bve] iter v-elim 0
c cl_inc_rate=1.0, var_dec_rate=1.0 (grow=0)
c Reduced to 2451 vars, 22340 cls (grow=0)
c [occ-bve] iter v-elim 0
c cl_inc_rate=1.0, var_dec_rate=1.0 (grow=8)
c Reduced to 2451 vars, 22340 cls (grow=8)
c [occ-bve] iter v-elim 0
c cl_inc_rate=1.0, var_dec_rate=1.0 (grow=16)
c Reduced to 2451 vars, 22340 cls (grow=16)
c x n vars       : 2451
c #try to eliminate:  7353
c #var-elim        :     0
c #T-o: N
c #T-r: 99.99%
c #T  : 1.42
c [occur] 0.04 is overhead
c [occur] link-in T: 0.04 cleanup T: 0.00
c --> Executing OCC strategy token: occ-bva
c --> Executing OCC strategy token: occ-ternary-res
c [occ-ternary-res] Ternary res-tri: 0 res-bin: 0 sub: 0 str: 0 T: 0.00 T-out: N T-r: 99.88%
c --> Executing OCC strategy token: occ-xor
c [occ-xor] sort occur list T: 0.01
c [xor-clean-equiv] removed equivalent xors: 0 left with: 211
c [occ-xor] found    211 avg sz 5.3 min sz  4 max sz  6 T: 0.01 T-out: N T-r: 99.98%
c --> Executing strategy token: card-find
c --> Executing strategy token: cl-consolidate
c Not consolidating memory.
c --> Executing strategy token: scc-vrepl
c [scc] new: 0 BP 0M T: 0.00
c --> Executing strategy token: renumber
c --> Executing strategy token: bosphorus
c --> Executing strategy token: louvain-comms
c [consolidate] mini T: 0.00
c global_timeout_multiplier: 7.0738
c [branch] rebuilding order heap for all branchings. Current branching: vsid
c [find&init matx] performing matrix init
c [gauss] XOR-encoding clauses are not detached, so no need to reattach them.
c [xor-rem-unconnected] left with 211 xors from 211 non-empty xors T: 0.00
c [xor-together] xored together: 145 orig xors: 211 new xors: 66 T: 0.00
c [xor-rem-unconnected] left with 66 xors from 66 non-empty xors T: 0.00
c [xor-clean-equiv] removed equivalent xors: 0 left with: 66
c [matrix] unused xors from cleaning: 0
c [matrix] Good   matrix  0     66 x  143  density:0.0880  xorlen avg: 12.59
c [matrix] Using 1 matrices recovered from 0 xors T: 0.00 T-out: N
c [distill-long-red0] cls tried: 56/56 T: 0.01 T-out: N T-r: 99.91%
c [distill-long-red1] cls tried: 165/578 T: 0.02 T-out: Y T-r: -0.45%
c [full-probe]  bin_only: 1 set: 0 repl: 0 T: 0.01 T-out: N T-r: 99.82%
c [distill-bin] useful: 0/2340/2340 lits-rem: 0 cl-rem: 0 0-depth-assigns: 0 T: 0.01 T-out: N
c [gauss] XOR-encoding clauses are not detached, so no need to reattach them.
c [g 0] truth-find prop checks  : 0
c [g 0] -> of which prop        :  0.00 %
c [g 0] -> of which confl       :  0.00 %
c [g 0] elim called             : 0
c [g 0] ---> which lead to prop :  0.00 %
c [g 0] ---> which lead to confl:  0.00 %
c [g 0] size: 66    x 143  
c [scc] new: 0 BP 0M T: 0.00
c [vrep] vars 0 lits 0 rem-bin-cls 0 rem-long-cls 0 BP 0M T: 0.01
c [intree] Set 0 vars hyper-added: 0 trans-irred: 0 trans-red: 0 T: 0.01 T-out: N T-r: -0.10%
c [find&init matx] performing matrix init
c [gauss] XOR-encoding clauses are not detached, so no need to reattach them.
c [xor-rem-unconnected] left with 211 xors from 211 non-empty xors T: 0.00
c [xor-together] xored together: 145 orig xors: 211 new xors: 66 T: 0.00
c [xor-rem-unconnected] left with 66 xors from 66 non-empty xors T: 0.00
c [xor-clean-equiv] removed equivalent xors: 0 left with: 66
c [matrix] unused xors from cleaning: 0
c [matrix] Good   matrix 0 66      x143    density:0.0880  xorlen avg: 12.59
c [matrix] Using 1 matrices recovered from 0 xors T: 0.00 T-out: N
c rst  geom svd  vs   2364  2117K 2451    20000  2340 6.63    6.15     9590  1109   33K   151 26.09   26.01  
c rst  geom svd  vs   2365  2128K 2451    20000  2340 6.63    6.15     9609   946   45K   151 27.48   27.41  
c [distill] watch-based irred--  cl tried 24057    cl-sh 0     cl-rem 0    lit-rem 0      T: 0.05 T-out: Y
c [distill] watch-based red  --  cl tried 18660    cl-sh 0     cl-rem 0    lit-rem 0      T: 0.04 T-out: Y
c [ccnr] tries: 0 steps: 262143 best found: 5
c [ccnr] saving best assignment phase to stable_polar
c [ccnr] bumping based on clause weights
c [ccnr] Bumped vars: 101 bump type: 6
c [ccnr] time: 0.29
c rst  geom svd  vs   2366  2141K 2451    20000  2340 6.63    6.15     9657   905   40K   151 27.62   27.54  
c [distill-long-red0] cls tried: 54/54 T: 0.01 T-out: N T-r: 99.92%
c [distill-long-red1] cls tried: 156/390 T: 0.02 T-out: Y T-r: -0.77%
c [full-probe]  bin_only: 0 set: 0 repl: 0 T: 0.01 T-out: N T-r: 97.70%
c [distill-bin] useful: 0/2340/2340 lits-rem: 0 cl-rem: 0 0-depth-assigns: 0 T: 0.01 T-out: N
c rst  geom best vs   2367  2154K 2451    20000  2340 6.63    6.15     9673  1002   42K   151 26.69   26.62  
c [distill] watch-based irred--  cl tried 27371    cl-sh 0     cl-rem 0    lit-rem 0      T: 0.05 T-out: Y
c [distill] watch-based red  --  cl tried 18148    cl-sh 1     cl-rem 0    lit-rem 1      T: 0.04 T-out: Y
c [impl-str] lit bin: 0 set-var: 0 T: 0.00 T-out: N T-r: 99.97% w-visit: 4906
c [impl-sub] bin: 0 T: 0.00 T-out: N w-visit: 4906
c rst  geom best vs   2368  2170K 2451    20000  2340 6.63    6.15     9687  1052   45K   151 25.84   25.77  
c [distill-long-red0] cls tried: 25/25 T: 0.00 T-out: N T-r: 99.96%
c [distill-long-red1] cls tried: 152/461 T: 0.02 T-out: Y T-r: -1.87%
c [full-probe]  bin_only: 1 set: 0 repl: 0 T: 0.02 T-out: N T-r: 99.75%
c [distill-bin] useful: 0/2340/2340 lits-rem: 0 cl-rem: 0 0-depth-assigns: 0 T: 0.02 T-out: N
c rst  geom stb  vs   2369  2186K 2451    20000  2340 6.63    6.15     9710   864   48K   151 26.38   26.32  
c [distill-long-red0] cls tried: 19/19 T: 0.00 T-out: N T-r: 99.97%
c [distill-long-red1] cls tried: 134/289 T: 0.02 T-out: Y T-r: -0.52%
c [distill] watch-based irred--  cl tried 27560    cl-sh 0     cl-rem 0    lit-rem 0      T: 0.05 T-out: Y
c [distill] watch-based red  --  cl tried 19420    cl-sh 0     cl-rem 0    lit-rem 0      T: 0.03 T-out: N
c [gauss] XOR-encoding clauses are not detached, so no need to reattach them.
c [g 0] truth-find prop checks  : 1660K
c [g 0] -> of which prop        : 33.99 %
c [g 0] -> of which confl       :  1.03 %
c [g 0] elim called             : 152K
c [g 0] ---> which lead to prop : 151.57 %
c [g 0] ---> which lead to confl:  4.86 %
c [g 0] size: 66    x 143  
c [scc] new: 0 BP 0M T: 0.00
c [vrep] vars 0 lits 0 rem-bin-cls 0 rem-long-cls 0 BP 0M T: 0.01
c [intree] Set 0 vars hyper-added: 0 trans-irred: 0 trans-red: 0 T: 0.01 T-out: N T-r: -0.53%
c [find&init matx] performing matrix init
c [gauss] XOR-encoding clauses are not detached, so no need to reattach them.
c [xor-rem-unconnected] left with 211 xors from 211 non-empty xors T: 0.00
c [xor-together] xored together: 145 orig xors: 211 new xors: 66 T: 0.00
c [xor-rem-unconnected] left with 66 xors from 66 non-empty xors T: 0.00
c [xor-clean-equiv] removed equivalent xors: 0 left with: 66
c [matrix] unused xors from cleaning: 0
c [matrix] Good   matrix 0 66      x143    density:0.0880  xorlen avg: 12.59
c [matrix] Using 1 matrices recovered from 0 xors T: 0.00 T-out: N
c [ccnr] tries: 0 steps: 262143 best found: 9
c [ccnr] saving best assignment phase to stable_polar
c [ccnr] bumping based on var unsat frequency: conflict_ct
c [ccnr] Bumped vars: 2453 bump type: 6
c [ccnr] time: 0.28
c rst  geom stb  vs   2370  2204K 2451    20000  2340 6.63    6.15     9724   755   46K   151 27.19   27.12  
c [distill-long-red0] cls tried: 8/8 T: 0.00 T-out: N T-r: 99.99%
c [distill-long-red1] cls tried: 171/198 T: 0.02 T-out: Y T-r: -1.27%
c [full-probe]  bin_only: 0 set: 0 repl: 0 T: 0.01 T-out: N T-r: 98.66%
c [distill-bin] useful: 0/2340/2340 lits-rem: 0 cl-rem: 0 0-depth-assigns: 0 T: 0.01 T-out: N
c rst  geom ibes vs   2371  2225K 2451    20000  2340 6.63    6.15     9743   677   39K   151 25.38   25.31  
c [branch] adjusting to: vmtf (from: vsid) var_decay:0.95 descr: VMTF
c [distill-long-red0] cls tried: 10/10 T: 0.00 T-out: N T-r: 99.99%
c [distill-long-red1] cls tried: 170/170 T: 0.02 T-out: N T-r: 7.27%
c [full-probe]  bin_only: 1 set: 0 repl: 0 T: 0.01 T-out: N T-r: 99.79%
c [distill-bin] useful: 0/2340/2340 lits-rem: 0 cl-rem: 0 0-depth-assigns: 0 T: 0.01 T-out: N
c [distill] watch-based irred--  cl tried 30080    cl-sh 0     cl-rem 0    lit-rem 0      T: 0.05 T-out: N
c [distill] watch-based red  --  cl tried 19486    cl-sh 0     cl-rem 0    lit-rem 0      T: 0.03 T-out: N
c [impl-str] lit bin: 0 set-var: 0 T: 0.00 T-out: N T-r: 99.97% w-visit: 4906
c [impl-sub] bin: 0 T: 0.00 T-out: N w-visit: 4906
c rst  luby ibes vmt  2372  2225K 2451    20000  2340 6.63    6.15     9745   680   39K   151 25.38   25.31  
c rst  luby ibes vmt  2373  2225K 2451    20000  2340 6.63    6.15     9745   689   39K   151 25.40   25.33  
c rst  luby ibes vmt  2374  2225K 2451    20000  2340 6.63    6.15     9745   691   39K   151 25.42   25.35  
c rst  luby ibes vmt  2375  2225K 2451    20000  2340 6.63    6.15     9745   692   39K   151 25.43   25.36  
c rst  luby ibes vmt  2376  2225K 2451    20000  2340 6.63    6.15     9745   696   39K   151 25.43   25.36  
c rst  luby ibes vmt  2377  2225K 2451    20000  2340 6.63    6.15     9745   699   39K   151 25.47   25.40  
c rst  luby ibes vmt  2378  2226K 2451    20000  2340 6.63    6.15     9745   707   40K   151 25.51   25.44  
c rst  luby ibes vmt  2379  2226K 2451    20000  2340 6.63    6.15     9745   707   40K   151 25.52   25.45  
c rst  luby ibes vmt  2380  2226K 2451    20000  2340 6.63    6.15     9745   707   40K   151 25.52   25.46  
c rst  luby ibes vmt  2381  2226K 2451    20000  2340 6.63    6.15     9745   708   40K   151 25.55   25.48  
c rst  luby ibes vmt  2382  2226K 2451    20000  2340 6.63    6.15     9745   711   40K   151 25.56   25.49  
c rst  luby ibes vmt  2383  2226K 2451    20000  2340 6.63    6.15     9745   714   40K   151 25.56   25.49  
c rst  luby ibes vmt  2384  2227K 2451    20000  2340 6.63    6.15     9748   723   40K   151 25.57   25.50  
c rst  luby ibes vmt  2385  2227K 2451    20000  2340 6.63    6.15     9748   726   41K   151 25.62   25.55  
c rst  luby ibes vmt  2386  2228K 2451    20000  2340 6.63    6.15     9751   760   42K   151 25.67   25.60  
c rst  luby ibes vmt  2387  2228K 2451    20000  2340 6.63    6.15     9751   763   42K   151 25.68   25.61  
c rst  luby ibes vmt  2388  2228K 2451    20000  2340 6.63    6.15     9751   765   42K   151 25.69   25.62  
c rst  luby ibes vmt  2389  2228K 2451    20000  2340 6.63    6.15     9751   765   42K   151 25.71   25.64  
c rst  luby ibes vmt  2390  2228K 2451    20000  2340 6.63    6.15     9751   766   42K   151 25.73   25.66  
c rst  luby ibes vmt  2391  2228K 2451    20000  2340 6.63    6.15     9751   768   42K   151 25.75   25.68  
c rst  luby ibes vmt  2392  2229K 2451    20000  2340 6.63    6.15     9752   769   42K   151 25.80   25.73  
c rst  luby ibes vmt  2393  2229K 2451    20000  2340 6.63    6.15     9752   771   43K   151 25.85   25.78  
c rst  luby ibes vmt  2394  2229K 2451    20000  2340 6.63    6.15     9752   773   43K   151 25.87   25.80  
c rst  luby ibes vmt  2395  2229K 2451    20000  2340 6.63    6.15     9752   774   43K   151 25.88   25.82  
c rst  luby ibes vmt  2396  2229K 2451    20000  2340 6.63    6.15     9752   774   43K   151 25.91   25.84  
c rst  luby ibes vmt  2397  2230K 2451    20000  2340 6.63    6.15     9752   775   43K   151 25.93   25.86  
c rst  luby ibes vmt  2398  2230K 2451    20000  2340 6.63    6.15     9752   775   43K   151 25.94   25.87  
c rst  luby ibes vmt  2399  2230K 2451    20000  2340 6.63    6.15     9794   681   44K   151 25.96   25.90  
c rst  luby ibes vmt  2400  2230K 2451    20000  2340 6.63    6.15     9794   684   44K   151 26.00   25.94  
c [ccnr] tries: 0 steps: 262143 best found: 6
c [ccnr] saving best assignment phase to stable_polar
c [ccnr] bumping based on var unsat frequency: conflict_ct
c [ccnr] Bumped vars: 2453 bump type: 6
c [ccnr] time: 0.29
c rst  luby ibes vmt  2401  2231K 2451    20000  2340 6.63    6.15     9795   706   45K   151 26.09   26.03  
c rst  luby ibes vmt  2402  2233K 2451    20000  2340 6.63    6.15     9806   806   46K   151 26.15   26.09  
c rst  luby svd  vmt  2403  2233K 2451    20000  2340 6.63    6.15     9806   807   46K   151 26.17   26.11  
c rst  luby svd  vmt  2404  2233K 2451    20000  2340 6.63    6.15     9806   807   47K   151 26.20   26.13  
c rst  luby svd  vmt  2405  2233K 2451    20000  2340 6.63    6.15     9806   809   47K   151 26.24   26.17  
c rst  luby svd  vmt  2406  2233K 2451    20000  2340 6.63    6.15     9806   812   47K   151 26.26   26.19  
c rst  luby svd  vmt  2407  2233K 2451    20000  2340 6.63    6.15     9806   812   47K   151 26.28   26.22  
c rst  luby svd  vmt  2408  2234K 2451    20000  2340 6.63    6.15     9806   813   47K   151 26.34   26.27  
c rst  luby svd  vmt  2409  2234K 2451    20000  2340 6.63    6.15     9806   815   48K   151 26.42   26.36  
c rst  luby svd  vmt  2410  2234K 2451    20000  2340 6.63    6.15     9806   816   48K   151 26.44   26.38  
c rst  luby svd  vmt  2411  2234K 2451    20000  2340 6.63    6.15     9806   816   48K   151 26.46   26.40  
c rst  luby svd  vmt  2412  2234K 2451    20000  2340 6.63    6.15     9806   818   48K   151 26.48   26.41  
c rst  luby svd  vmt  2413  2234K 2451    20000  2340 6.63    6.15     9806   820   48K   151 26.50   26.44  
c rst  luby svd  vmt  2414  2235K 2451    20000  2340 6.63    6.15     9806   820   48K   151 26.52   26.45  
c rst  luby svd  vmt  2415  2235K 2451    20000  2340 6.63    6.15     9852  1100   33K   151 24.50   24.42  
c rst  luby svd  vmt  2416  2235K 2451    20000  2340 6.63    6.15     9852  1100   34K   151 24.60   24.52  
c rst  luby svd  vmt  2417  2236K 2451    20000  2340 6.63    6.15     9852  1112   34K   151 24.79   24.71  
c rst  luby svd  vmt  2418  2236K 2451    20000  2340 6.63    6.15     9852  1112   34K   151 24.81   24.73  
c rst  luby svd  vmt  2419  2236K 2451    20000  2340 6.63    6.15     9852  1113   35K   151 24.83   24.76  
c rst  luby svd  vmt  2420  2236K 2451    20000  2340 6.63    6.15     9852  1114   35K   151 24.88   24.81  
c rst  luby svd  vmt  2421  2236K 2451    20000  2340 6.63    6.15     9852  1115   35K   151 24.90   24.83  
c rst  luby svd  vmt  2422  2237K 2451    20000  2340 6.63    6.15     9852  1115   35K   151 24.93   24.85  
c rst  luby svd  vmt  2423  2237K 2451    20000  2340 6.63    6.15     9853  1129   35K   151 24.95   24.87  
c rst  luby svd  vmt  2424  2237K 2451    20000  2340 6.63    6.15     9853  1131   36K   151 25.07   25.00  
c rst  luby svd  vmt  2425  2237K 2451    20000  2340 6.63    6.15     9853  1131   36K   151 25.10   25.03  
c rst  luby svd  vmt  2426  2237K 2451    20000  2340 6.63    6.15     9853  1131   36K   151 25.13   25.06  
c rst  luby svd  vmt  2427  2238K 2451    20000  2340 6.63    6.15     9853  1133   36K   151 25.19   25.11  
c rst  luby svd  vmt  2428  2238K 2451    20000  2340 6.63    6.15     9853  1134   36K   151 25.21   25.13  
c rst  luby svd  vmt  2429  2238K 2451    20000  2340 6.63    6.15     9853  1135   36K   151 25.23   25.16  
c rst  luby svd  vmt  2430  2238K 2451    20000  2340 6.63    6.15     9853  1136   36K   151 25.27   25.19  
c rst  luby svd  vmt  2431  2238K 2451    20000  2340 6.63    6.15     9853  1140   37K   151 25.36   25.29  
c rst  luby svd  vmt  2432  2239K 2451    20000  2340 6.63    6.15     9853  1141   38K   151 25.59   25.52  
c rst  luby svd  vmt  2433  2241K 2451    20000  2340 6.63    6.15     9933   975   39K   151 25.89   25.82  
c [distill-long-red0] cls tried: 130/130 T: 0.01 T-out: N T-r: 99.83%
c [distill-long-red1] cls tried: 130/463 T: 0.02 T-out: Y T-r: -1.49%
c rst  luby svd  vmt  2434  2244K 2451    20000  2340 6.63    6.15     9933   985   42K   151 26.31   26.24  
c rst  luby svd  vmt  2435  2244K 2451    20000  2340 6.63    6.15     9933   987   43K   151 26.32   26.25  
c rst  luby svd  vmt  2436  2244K 2451    20000  2340 6.63    6.15     9933   988   43K   151 26.35   26.28  
c rst  luby svd  vmt  2437  2244K 2451    20000  2340 6.63    6.15     9933   988   43K   151 26.39   26.32  
c rst  luby svd  vmt  2438  2244K 2451    20000  2340 6.63    6.15     9933   988   43K   151 26.42   26.35  
c rst  luby svd  vmt  2439  2245K 2451    20000  2340 6.63    6.15     9933   989   43K   151 26.45   26.38  
c rst  luby svd  vmt  2440  2245K 2451    20000  2340 6.63    6.15     9933   992   43K   151 26.50   26.43  
c [full-probe]  bin_only: 0 set: 0 repl: 0 T: 0.01 T-out: N T-r: 98.85%
c [distill-bin] useful: 0/2340/2340 lits-rem: 0 cl-rem: 0 0-depth-assigns: 0 T: 0.01 T-out: N
c rst  luby svd  vmt  2441  2245K 2451    20000  2340 6.63    6.15     9933   995   44K   151 26.58   26.52  
c rst  luby svd  vmt  2442  2245K 2451    20000  2340 6.63    6.15     9933   995   44K   151 26.60   26.54  
c rst  luby svd  vmt  2443  2245K 2451    20000  2340 6.63    6.15     9933   996   44K   151 26.62   26.56  
c rst  luby svd  vmt  2444  2246K 2451    20000  2340 6.63    6.15     9933   996   44K   151 26.67   26.60  
c rst  luby svd  vmt  2445  2246K 2451    20000  2340 6.63    6.15     9933   998   44K   151 26.70   26.63  
c rst  luby svd  vmt  2446  2246K 2451    20000  2340 6.63    6.15     9933  1000   44K   151 26.71   26.65  
c rst  luby svd  vmt  2447  2246K 2451    20000  2340 6.63    6.15     9933  1000   44K   151 26.77   26.70  
c rst  luby svd  vmt  2448  2246K 2451    20000  2340 6.63    6.15     9933  1005   45K   151 26.82   26.76  
c rst  luby svd  vmt  2449  2247K 2451    20000  2340 6.63    6.15     9933  1009   46K   151 27.02   26.95  
c rst  luby svd  vmt  2450  2247K 2451    20000  2340 6.63    6.15     9933  1009   46K   151 27.03   26.97  
c rst  luby svd  vmt  2451  2247K 2451    20000  2340 6.63    6.15     9933  1009   46K   151 27.05   26.99  
c rst  luby svd  vmt  2452  2248K 2451    20000  2340 6.63    6.15     9933  1010   46K   151 27.09   27.03  
c rst  luby svd  vmt  2453  2248K 2451    20000  2340 6.63    6.15     9933  1011   46K   151 27.11   27.05  
c rst  luby svd  vmt  2454  2248K 2451    20000  2340 6.63    6.15     9933  1012   46K   151 27.12   27.06  
c rst  luby svd  vmt  2455  2248K 2451    20000  2340 6.63    6.15     9933  1014   46K   151 27.19   27.12  
c rst  luby svd  vmt  2456  2248K 2451    20000  2340 6.63    6.15     9933  1017   47K   151 27.28   27.21  
c rst  luby svd  vmt  2457  2249K 2451    20000  2340 6.63    6.15     9933  1020   47K   151 27.30   27.23  
c rst  luby svd  vmt  2458  2249K 2451    20000  2340 6.63    6.15     9933  1021   47K   151 27.32   27.26  
c rst  luby svd  vmt  2459  2249K 2451    20000  2340 6.63    6.15     9933  1021   47K   151 27.38   27.32  
c rst  luby svd  vmt  2460  2249K 2451    20000  2340 6.63    6.15     9933  1021   47K   151 27.40   27.34  
c rst  luby svd  vmt  2461  2249K 2451    20000  2340 6.63    6.15     9933  1021   47K   151 27.41   27.35  
c rst  luby svd  vmt  2462  2249K 2451    20000  2340 6.63    6.15     9933  1022   48K   151 27.44   27.37  
c rst  luby svd  vmt  2463  2250K 2451    20000  2340 6.63    6.15     9934  1029   48K   151 27.51   27.44  
c rst  luby svd  vmt  2464  2250K 2451    20000  2340 6.63    6.15    10001  1112   28K   151 26.65   26.55  
c [distill] watch-based irred--  cl tried 30080    cl-sh 0     cl-rem 0    lit-rem 0      T: 0.05 T-out: N
c [distill] watch-based red  --  cl tried 18778    cl-sh 1     cl-rem 0    lit-rem 1      T: 0.04 T-out: Y
c rst  luby svd  vmt  2465  2252K 2451    20000  2340 6.63    6.15    10003  1141   30K   151 27.04   26.95  
c [gauss] XOR-encoding clauses are not detached, so no need to reattach them.
c [g 0] truth-find prop checks  : 1411K
c [g 0] -> of which prop        : 35.41 %
c [g 0] -> of which confl       :  1.14 %
c [g 0] elim called             : 129K
c [g 0] ---> which lead to prop : 160.98 %
c [g 0] ---> which lead to confl:  5.01 %
c [g 0] size: 66    x 143  
c [scc] new: 0 BP 0M T: 0.00
c [vrep] vars 0 lits 0 rem-bin-cls 0 rem-long-cls 0 BP 0M T: 0.00
c [intree] Set 0 vars hyper-added: 0 trans-irred: 0 trans-red: 0 T: 0.01 T-out: N T-r: -0.58%
c [find&init matx] performing matrix init
c [gauss] XOR-encoding clauses are not detached, so no need to reattach them.
c [xor-rem-unconnected] left with 211 xors from 211 non-empty xors T: 0.00
c [xor-together] xored together: 145 orig xors: 211 new xors: 66 T: 0.00
c [xor-rem-unconnected] left with 66 xors from 66 non-empty xors T: 0.00
c [xor-clean-equiv] removed equivalent xors: 0 left with: 66
c [matrix] unused xors from cleaning: 0
c [matrix] Good   matrix 0 66      x143    density:0.0880  xorlen avg: 12.59
c [matrix] Using 1 matrices recovered from 0 xors T: 0.00 T-out: N
c rst  luby svd  vmt  2466  2252K 2451    20000  2340 6.63    6.15    10003  1142   30K   151 27.08   26.99  
c rst  luby svd  vmt  2467  2252K 2451    20000  2340 6.63    6.15    10003  1142   30K   151 27.11   27.02  
c rst  luby svd  vmt  2468  2252K 2451    20000  2340 6.63    6.15    10003  1145   30K   151 27.17   27.08  
c rst  luby svd  vmt  2469  2253K 2451    20000  2340 6.63    6.15    10003  1146   31K   151 27.20   27.11  
c rst  luby svd  vmt  2470  2253K 2451    20000  2340 6.63    6.15    10003  1146   31K   151 27.23   27.14  
c rst  luby svd  vmt  2471  2253K 2451    20000  2340 6.63    6.15    10003  1150   31K   151 27.29   27.20  
c rst  luby svd  vmt  2472  2253K 2451    20000  2340 6.63    6.15    10003  1150   31K   151 27.43   27.34  
c rst  luby svd  vmt  2473  2253K 2451    20000  2340 6.63    6.15    10003  1153   31K   151 27.46   27.37  
c rst  luby svd  vmt  2474  2253K 2451    20000  2340 6.63    6.15    10003  1153   31K   151 27.48   27.39  
c rst  luby svd  vmt  2475  2254K 2451    20000  2340 6.63    6.15    10003  1154   32K   151 27.51   27.42  
c rst  luby svd  vmt  2476  2254K 2451    20000  2340 6.63    6.15    10003  1155   32K   151 27.53   27.44  
c rst  luby svd  vmt  2477  2254K 2451    20000  2340 6.63    6.15    10003  1155   32K   151 27.56   27.47  
c rst  luby svd  vmt  2478  2254K 2451    20000  2340 6.63    6.15    10003  1156   32K   151 27.61   27.52  
c rst  luby svd  vmt  2479  2254K 2451    20000  2340 6.63    6.15    10003  1159   32K   151 27.72   27.63  
c rst  luby svd  vmt  2480  2255K 2451    20000  2340 6.63    6.15    10003  1171   33K   151 27.88   27.79  
c rst  luby svd  vmt  2481  2255K 2451    20000  2340 6.63    6.15    10003  1171   33K   151 27.90   27.82  
c rst  luby svd  vmt  2482  2255K 2451    20000  2340 6.63    6.15    10003  1172   33K   151 27.93   27.84  
c rst  luby svd  vmt  2483  2256K 2451    20000  2340 6.63    6.15    10003  1173   34K   151 27.98   27.90  
c rst  luby svd  vmt  2484  2256K 2451    20000  2340 6.63    6.15    10003  1173   34K   151 28.00   27.91  
c [distill-long-red0] cls tried: 39/39 T: 0.00 T-out: N T-r: 99.95%
c [distill-long-red1] cls tried: 146/553 T: 0.02 T-out: Y T-r: -0.51%
c rst  luby svd  vmt  2485  2256K 2451    20000  2340 6.63    6.15    10003  1174   34K   151 28.01   27.93  
c rst  luby svd  vmt  2486  2256K 2451    20000  2340 6.63    6.15    10003  1175   34K   151 28.05   27.96  
c rst  luby svd  vmt  2487  2256K 2451    20000  2340 6.63    6.15    10003  1177   34K   151 28.14   28.05  
c rst  luby svd  vmt  2488  2257K 2451    20000  2340 6.63    6.15    10003  1178   35K   151 28.17   28.08  
c rst  luby svd  vmt  2489  2257K 2451    20000  2340 6.63    6.15    10003  1180   35K   151 28.18   28.09  
c rst  luby svd  vmt  2490  2257K 2451    20000  2340 6.63    6.15    10003  1180   35K   151 28.24   28.16  
c rst  luby svd  vmt  2491  2257K 2451    20000  2340 6.63    6.15    10003  1181   35K   151 28.26   28.17  
c rst  luby svd  vmt  2492  2257K 2451    20000  2340 6.63    6.15    10003  1182   35K   151 28.28   28.20  
c rst  luby svd  vmt  2493  2257K 2451    20000  2340 6.63    6.15    10003  1182   35K   151 28.31   28.22  
c rst  luby svd  vmt  2494  2258K 2451    20000  2340 6.63    6.15    10003  1183   36K   151 28.34   28.26  
c rst  luby svd  vmt  2495  2258K 2451    20000  2340 6.63    6.15    10003  1194   36K   151 28.53   28.44  
c rst  luby svd  vmt  2496  2260K 2451    20000  2340 6.63    6.15    10065  1079   38K   151 28.79   28.71  
c rst  geom best vmt  2497  2260K 2451    20000  2340 6.63    6.15    10065  1080   38K   151 28.80   28.72  
c rst  geom best vmt  2498  2260K 2451    20000  2340 6.63    6.15    10065  1081   38K   151 28.81   28.73  
c rst  geom best vmt  2499  2260K 2451    20000  2340 6.63    6.15    10065  1084   38K   151 28.82   28.74  
c rst  geom best vmt  2500  2261K 2451    20000  2340 6.63    6.15    10065  1084   39K   151 28.82   28.74  
c rst  geom best vmt  2501  2261K 2451    20000  2340 6.63    6.15    10065  1084   39K   151 28.84   28.76  
c rst  geom best vmt  2502  2261K 2451    20000  2340 6.63    6.15    10065  1088   39K   151 28.83   28.75  
c rst  geom best vmt  2503  2261K 2451    20000  2340 6.63    6.15    10065  1096   39K   151 28.82   28.74  
c rst  geom best vmt  2504  2261K 2451    20000  2340 6.63    6.15    10065  1098   39K   151 28.84   28.76  
c rst  geom best vmt  2505  2262K 2451    20000  2340 6.63    6.15    10065  1100   40K   151 28.86   28.78  
c rst  geom best vmt  2506  2262K 2451    20000  2340 6.63    6.15    10065  1111   40K   151 28.84   28.77  
c rst  geom best vmt  2507  2262K 2451    20000  2340 6.63    6.15    10065  1113   40K   151 28.86   28.78  
c rst  geom best vmt  2508  2262K 2451    20000  2340 6.63    6.15    10065  1122   40K   151 28.88   28.81  
c rst  geom best vmt  2509  2263K 2451    20000  2340 6.63    6.15    10067  1142   41K   151 28.91   28.83  
c rst  geom best vmt  2510  2263K 2451    20000  2340 6.63    6.15    10067  1144   41K   151 28.92   28.84  
c rst  geom best vmt  2511  2264K 2451    20000  2340 6.63    6.15    10077  1179   41K   151 28.86   28.78  
c rst  geom best vmt  2512  2264K 2451    20000  2340 6.63    6.15    10077  1186   42K   151 28.90   28.83  
c rst  geom best vmt  2513  2265K 2451    20000  2340 6.63    6.15    10078  1188   42K   151 28.92   28.84  
c rst  geom best vmt  2514  2265K 2451    20000  2340 6.63    6.15    10101  1418   27K   151 27.42   27.32  
c [full-probe]  bin_only: 1 set: 0 repl: 0 T: 0.01 T-out: N T-r: 99.85%
c [distill-bin] useful: 0/2340/2340 lits-rem: 0 cl-rem: 0 0-depth-assigns: 0 T: 0.01 T-out: N
c rst  geom best vmt  2515  2266K 2451    20000  2340 6.63    6.15    10101  1419   27K   151 27.58   27.48  
c rst  geom best vmt  2516  2266K 2451    20000  2340 6.63    6.15    10101  1425   28K   151 27.70   27.60  
c rst  geom best vmt  2517  2267K 2451    20000  2340 6.63    6.15    10102  1471   29K   151 27.60   27.50  
c rst  geom best vmt  2518  2268K 2451    20000  2340 6.63    6.15    10102  1475   30K   151 27.88   27.79  
c rst  geom best vmt  2519  2269K 2451    20000  2340 6.63    6.15    10104  1501   30K   151 28.05   27.96  
c rst  geom best vmt  2520  2270K 2451    20000  2340 6.63    6.15    10104  1521   31K   151 28.10   28.01  
c rst  geom best vmt  2521  2271K 2451    20000  2340 6.63    6.15    10233  1387   32K   151 28.30   28.21  
c rst  geom best vmt  2522  2272K 2451    20000  2340 6.63    6.15    10237  1400   34K   151 28.34   28.25  
c [distill-long-red0] cls tried: 182/182 T: 0.02 T-out: N T-r: 99.76%
c [distill-long-red1] cls tried: 162/729 T: 0.02 T-out: Y T-r: -0.42%
c rst  geom best vmt  2523  2273K 2451    20000  2340 6.63    6.15    10237  1412   35K   151 28.39   28.30  
c rst  geom best vmt  2524  2275K 2451    20000  2340 6.63    6.15    10240  1424   36K   151 28.62   28.54  
c [ccnr] tries: 0 steps: 262143 best found: 7
c [ccnr] saving best assignment phase to stable_polar
c [ccnr] bumping based on clause weights
c [ccnr] Bumped vars: 103 bump type: 6
c [ccnr] time: 0.32
c rst  geom best vmt  2525  2276K 2451    20000  2340 6.63    6.15    10240  1470   38K   151 28.67   28.59  
c [distill] watch-based irred--  cl tried 27400    cl-sh 0     cl-rem 0    lit-rem 0      T: 0.05 T-out: Y
c [distill] watch-based red  --  cl tried 20277    cl-sh 1     cl-rem 0    lit-rem 2      T: 0.04 T-out: Y
c rst  geom best vmt  2526  2278K 2451    20000  2340 6.63    6.15    10241  1477   39K   151 28.69   28.61  
c rst  geom best vmt  2527  2280K 2451    20000  2340 6.63    6.15    10259  1764   32K   151 27.32   27.23  
c rst  geom best vmt  2528  2282K 2451    20000  2340 6.63    6.15    10323  1687   34K   151 27.68   27.60  
c rst  geom best vmt  2529  2284K 2451    20000  2340 6.63    6.15    10323  1710   36K   151 27.76   27.68  
c rst  geom best vmt  2530  2286K 2451    20000  2340 6.63    6.15    10324  1718   38K   151 27.85   27.77  
c [full-probe]  bin_only: 0 set: 0 repl: 0 T: 0.01 T-out: N T-r: 98.64%
c [distill-bin] useful: 0/2340/2340 lits-rem: 0 cl-rem: 0 0-depth-assigns: 0 T: 0.01 T-out: N
c [impl-str] lit bin: 0 set-var: 0 T: 0.00 T-out: N T-r: 99.97% w-visit: 4906
c [impl-sub] bin: 0 T: 0.00 T-out: N w-visit: 4906
c rst  geom best vmt  2531  2289K 2451    20000  2340 6.63    6.15    10324  1748   41K   151 28.08   28.01  
c [distill-long-red0] cls tried: 69/69 T: 0.01 T-out: N T-r: 99.87%
c [distill-long-red1] cls tried: 128/967 T: 0.02 T-out: Y T-r: -1.33%
c rst  geom stb  vmt  2532  2292K 2451    20000  2340 6.63    6.15    10378  1702   44K   151 28.70   28.63  
c rst  geom stb  vmt  2533  2295K 2451    20000  2340 6.63    6.15    10386  1882   31K   151 26.57   26.48  
c rst  geom stb  vmt  2534  2299K 2451    20000  2340 6.63    6.15    10386  1909   34K   151 27.27   27.19  
c rst  geom stb  vmt  2535  2303K 2451    20000  2340 6.63    6.15    10429  1743   39K   151 27.85   27.77  
c [distill] watch-based irred--  cl tried 28582    cl-sh 0     cl-rem 0    lit-rem 0      T: 0.05 T-out: Y
c [distill] watch-based red  --  cl tried 19385    cl-sh 2     cl-rem 0    lit-rem 2      T: 0.04 T-out: Y
c rst  geom stb  vmt  2536  2307K 2451    20000  2340 6.63    6.15    10432  1801   43K   151 28.90   28.83  
c [distill-long-red0] cls tried: 91/91 T: 0.01 T-out: N T-r: 99.85%
c [distill-long-red1] cls tried: 125/1009 T: 0.02 T-out: Y T-r: -0.57%
c [full-probe]  bin_only: 1 set: 0 repl: 0 T: 0.01 T-out: N T-r: 99.82%
c [distill-bin] useful: 0/2340/2340 lits-rem: 0 cl-rem: 0 0-depth-assigns: 0 T: 0.01 T-out: N
c rst  geom stb  vmt  2537  2312K 2451    20000  2340 6.63    6.15    10608  1622   30K   151 28.02   27.93  
c rst  geom stb  vmt  2538  2318K 2451    20000  2340 6.63    6.15    10613  1649   36K   151 29.55   29.46  
c [gauss] XOR-encoding clauses are not detached, so no need to reattach them.
c [g 0] truth-find prop checks  : 1427K
c [g 0] -> of which prop        : 38.30 %
c [g 0] -> of which confl       :  1.13 %
c [g 0] elim called             : 131K
c [g 0] ---> which lead to prop : 165.50 %
c [g 0] ---> which lead to confl:  5.12 %
c [g 0] size: 66    x 143  
c [scc] new: 0 BP 0M T: 0.00
c [vrep] vars 0 lits 0 rem-bin-cls 0 rem-long-cls 0 BP 0M T: 0.00
c [intree] Set 0 vars hyper-added: 0 trans-irred: 0 trans-red: 0 T: 0.01 T-out: N T-r: -0.64%
c [find&init matx] performing matrix init
c [gauss] XOR-encoding clauses are not detached, so no need to reattach them.
c [xor-rem-unconnected] left with 211 xors from 211 non-empty xors T: 0.00
c [xor-together] xored together: 145 orig xors: 211 new xors: 66 T: 0.00
c [xor-rem-unconnected] left with 66 xors from 66 non-empty xors T: 0.00
c [xor-clean-equiv] removed equivalent xors: 0 left with: 66
c [matrix] unused xors from cleaning: 0
c [matrix] Good   matrix 0 66      x143    density:0.0880  xorlen avg: 12.59
c [matrix] Using 1 matrices recovered from 0 xors T: 0.00 T-out: N
c rst  geom ibes vmt  2539  2323K 2451    20000  2340 6.63    6.15    10693  1506   42K   151 29.80   29.72  
c [distill-long-red0] cls tried: 209/209 T: 0.02 T-out: N T-r: 99.70%
c [distill-long-red1] cls tried: 140/819 T: 0.02 T-out: Y T-r: -0.96%
c [ccnr] tries: 0 steps: 262143 best found: 7
c [ccnr] saving best assignment phase to stable_polar
c [ccnr] bumping based on var unsat frequency: conflict_ct
c [ccnr] Bumped vars: 2453 bump type: 6
c [ccnr] time: 0.28
c rst  geom ibes vmt  2540  2330K 2451    20000  2340 6.63    6.15    10778  1562   33K   151 29.04   28.95  
c [full-probe]  bin_only: 0 set: 0 repl: 0 T: 0.01 T-out: N T-r: 98.93%
c [distill-bin] useful: 0/2340/2340 lits-rem: 0 cl-rem: 0 0-depth-assigns: 0 T: 0.01 T-out: N
c [distill] watch-based irred--  cl tried 30062    cl-sh 0     cl-rem 0    lit-rem 0      T: 0.05 T-out: Y
c [distill] watch-based red  --  cl tried 19159    cl-sh 2     cl-rem 0    lit-rem 2      T: 0.04 T-out: Y
c rst  geom ibes vmt  2541  2337K 2451    20000  2340 6.63    6.15    10779  1599   40K   151 30.39   30.31  
c rst  geom ibes vmt  2542  2345K 2451    20000  2340 6.63    6.15    10829  1593   37K   151 29.42   29.33  
c [distill-long-red0] cls tried: 110/110 T: 0.01 T-out: N T-r: 99.85%
c [distill-long-red1] cls tried: 134/955 T: 0.02 T-out: Y T-r: -0.37%
c rst  geom ibes vmt  2543  2353K 2451    20000  2340 6.63    6.15    10889  1368   46K   151 29.86   29.79  
c [full-probe]  bin_only: 1 set: 0 repl: 0 T: 0.01 T-out: N T-r: 99.83%
c [distill-bin] useful: 0/2340/2340 lits-rem: 0 cl-rem: 0 0-depth-assigns: 0 T: 0.01 T-out: N
c [impl-str] lit bin: 0 set-var: 0 T: 0.00 T-out: N T-r: 99.97% w-visit: 4906
c [impl-sub] bin: 0 T: 0.00 T-out: N w-visit: 4906
c rst  geom svd  vmt  2544  2363K 2451    20000  2340 6.63    6.15    11039  1535   41K   151 29.29   29.22  
c [distill-long-red0] cls tried: 195/195 T: 0.01 T-out: N T-r: 99.78%
c [distill-long-red1] cls tried: 128/965 T: 0.02 T-out: Y T-r: -1.03%
c [distill] watch-based irred--  cl tried 28728    cl-sh 0     cl-rem 0    lit-rem 0      T: 0.05 T-out: Y
c [distill] watch-based red  --  cl tried 22078    cl-sh 1     cl-rem 0    lit-rem 1      T: 0.04 T-out: N
c rst  geom svd  vmt  2545  2373K 2451    20000  2340 6.63    6.15    11146  1657   31K   151 27.90   27.82  
c [ccnr] tries: 0 steps: 262143 best found: 6
c [ccnr] saving best assignment phase to stable_polar
c [ccnr] bumping based on var unsat frequency: conflict_ct
c [ccnr] Bumped vars: 2453 bump type: 6
c [ccnr] time: 0.29
c rst  geom svd  vmt  2546  2384K 2451    20000  2340 6.63    6.15    11208  1541   43K   151 29.62   29.54  
c [distill-long-red0] cls tried: 156/156 T: 0.02 T-out: N T-r: 99.77%
c [distill-long-red1] cls tried: 137/987 T: 0.02 T-out: Y T-r: -1.99%
c [full-probe]  bin_only: 0 set: 0 repl: 0 T: 0.01 T-out: N T-r: 98.51%
c [distill-bin] useful: 0/2340/2340 lits-rem: 0 cl-rem: 0 0-depth-assigns: 0 T: 0.01 T-out: N
c [gauss] XOR-encoding clauses are not detached, so no need to reattach them.
c [g 0] truth-find prop checks  : 1383K
c [g 0] -> of which prop        : 35.81 %
c [g 0] -> of which confl       :  1.08 %
c [g 0] elim called             : 129K
c [g 0] ---> which lead to prop : 146.38 %
c [g 0] ---> which lead to confl:  4.96 %
c [g 0] size: 66    x 143  
c [scc] new: 0 BP 0M T: 0.00
c [vrep] vars 0 lits 0 rem-bin-cls 0 rem-long-cls 0 BP 0M T: 0.01
c [intree] Set 0 vars hyper-added: 0 trans-irred: 0 trans-red: 0 T: 0.01 T-out: N T-r: -0.69%
c [find&init matx] performing matrix init
c [gauss] XOR-encoding clauses are not detached, so no need to reattach them.
c [xor-rem-unconnected] left with 211 xors from 211 non-empty xors T: 0.00
c [xor-together] xored together: 145 orig xors: 211 new xors: 66 T: 0.00
c [xor-rem-unconnected] left with 66 xors from 66 non-empty xors T: 0.00
c [xor-clean-equiv] removed equivalent xors: 0 left with: 66
c [matrix] unused xors from cleaning: 0
c [matrix] Good   matrix 0 66      x143    density:0.0880  xorlen avg: 12.59
c [matrix] Using 1 matrices recovered from 0 xors T: 0.00 T-out: N
c rst  geom best vmt  2547  2397K 2451    20000  2340 6.63    6.15    11251  1709   41K   151 28.86   28.78  
c [distill] watch-based irred--  cl tried 27436    cl-sh 0     cl-rem 0    lit-rem 0      T: 0.05 T-out: Y
c [distill] watch-based red  --  cl tried 19915    cl-sh 2     cl-rem 0    lit-rem 2      T: 0.04 T-out: Y
c rst  geom best vmt  2548  2411K 2451    20000  2340 6.63    6.15    11365  1660   44K   151 27.09   27.02  
c [distill-long-red0] cls tried: 139/139 T: 0.02 T-out: N T-r: 99.74%
c [distill-long-red1] cls tried: 117/1121 T: 0.02 T-out: Y T-r: -1.25%
c [full-probe]  bin_only: 1 set: 0 repl: 0 T: 0.01 T-out: N T-r: 99.82%
c [distill-bin] useful: 0/2340/2340 lits-rem: 0 cl-rem: 0 0-depth-assigns: 0 T: 0.01 T-out: N
c rst  geom best vmt  2549  2426K 2451    20000  2340 6.63    6.15    11399  1798   46K   151 25.64   25.58  
c [distill-long-red0] cls tried: 29/29 T: 0.00 T-out: N T-r: 99.96%
c [distill-long-red1] cls tried: 124/1187 T: 0.02 T-out: Y T-r: -2.62%
c [distill] watch-based irred--  cl tried 26372    cl-sh 0     cl-rem 0    lit-rem 0      T: 0.05 T-out: Y
c [distill] watch-based red  --  cl tried 20241    cl-sh 1     cl-rem 0    lit-rem 1      T: 0.04 T-out: Y
c [impl-str] lit bin: 0 set-var: 0 T: 0.00 T-out: N T-r: 99.97% w-visit: 4906
c [impl-sub] bin: 0 T: 0.00 T-out: N w-visit: 4906
c [ccnr] tries: 0 steps: 262143 best found: 8
c [ccnr] saving best assignment phase to stable_polar
c [ccnr] bumping based on clause weights
c [ccnr] Bumped vars: 104 bump type: 6
c [ccnr] time: 0.30
c rst  geom stb  vmt  2550  2442K 2451    20000  2340 6.63    6.15    11605  1636   49K   151 25.91   25.85  
c [branch] adjusting to: vsid (from: vmtf) var_decay:0.95 descr: VSIDS
c [distill-long-red0] cls tried: 198/198 T: 0.02 T-out: N T-r: 99.74%
c [distill-long-red1] cls tried: 105/1067 T: 0.02 T-out: Y T-r: -1.37%
c [full-probe]  bin_only: 0 set: 0 repl: 0 T: 0.01 T-out: N T-r: 98.40%
c [distill-bin] useful: 0/2340/2340 lits-rem: 0 cl-rem: 0 0-depth-assigns: 0 T: 0.01 T-out: N
c rst  geom stb  vs   2551  2442K 2451    20000  2340 6.63    6.15    11605  1636   49K   151 25.94   25.88  
c rst  geom stb  vs   2552  2443K 2451    20000  2340 6.63    6.15    11605  1637   49K   151 25.97   25.91  
c rst  geom stb  vs   2553  2443K 2451    20000  2340 6.63    6.15    11605  1637   49K   151 26.00   25.94  
c rst  geom stb  vs   2554  2443K 2451    20000  2340 6.63    6.15    11605  1637   50K   151 26.02   25.97  
c rst  geom stb  vs   2555  2443K 2451    20000  2340 6.63    6.15    11605  1637   50K   151 26.06   26.00  
c rst  geom stb  vs   2556  2443K 2451    20000  2340 6.63    6.15    11605  1637   50K   151 26.09   26.04  
c rst  geom stb  vs   2557  2443K 2451    20000  2340 6.63    6.15    11605  1638   50K   151 26.13   26.07  
c rst  geom stb  vs   2558  2444K 2451    20000  2340 6.63    6.15    11605  1638   50K   151 26.16   26.11  
c rst  geom stb  vs   2559  2444K 2451    20000  2340 6.63    6.15    11605  1638   50K   151 26.19   26.13  
c rst  geom stb  vs   2560  2444K 2451    20000  2340 6.63    6.15    11605  1640   51K   151 26.24   26.18  
c rst  geom stb  vs   2561  2444K 2451    20000  2340 6.63    6.15    11605  1640   51K   151 26.28   26.22  
c rst  geom stb  vs   2562  2445K 2451    20000  2340 6.63    6.15    11625  1849   35K   151 25.25   25.18  
c rst  geom stb  vs   2563  2445K 2451    20000  2340 6.63    6.15    11625  1850   36K   151 25.32   25.25  
c rst  geom stb  vs   2564  2445K 2451    20000  2340 6.63    6.15    11625  1852   36K   151 25.35   25.28  
c rst  geom stb  vs   2565  2446K 2451    20000  2340 6.63    6.15    11625  1853   37K   151 25.41   25.34  
c rst  geom stb  vs   2566  2446K 2451    20000  2340 6.63    6.15    11625  1856   37K   151 25.47   25.40  
c rst  geom stb  vs   2567  2447K 2451    20000  2340 6.63    6.15    11625  1856   37K   151 25.53   25.46  
c rst  geom stb  vs   2568  2447K 2451    20000  2340 6.63    6.15    11625  1858   38K   151 25.63   25.57  
c rst  geom stb  vs   2569  2448K 2451    20000  2340 6.63    6.15    11625  1858   39K   151 25.72   25.66  
c rst  geom stb  vs   2570  2449K 2451    20000  2340 6.63    6.15    11625  1858   39K   151 25.79   25.73  
c rst  geom stb  vs   2571  2449K 2451    20000  2340 6.63    6.15    11625  1861   40K   151 25.86   25.80  
c rst  geom stb  vs   2572  2450K 2451    20000  2340 6.63    6.15    11653  1681   41K   151 25.95   25.89  
c [gauss] XOR-encoding clauses are not detached, so no need to reattach them.
c [g 0] truth-find prop checks  : 1509K
c [g 0] -> of which prop        : 37.14 %
c [g 0] -> of which confl       :  0.98 %
c [g 0] elim called             : 136K
c [g 0] ---> which lead to prop : 151.49 %
c [g 0] ---> which lead to confl:  4.59 %
c [g 0] size: 66    x 143  
c [scc] new: 0 BP 0M T: 0.00
c [vrep] vars 0 lits 0 rem-bin-cls 0 rem-long-cls 0 BP 0M T: 0.00
c [intree] Set 0 vars hyper-added: 0 trans-irred: 0 trans-red: 0 T: 0.01 T-out: N T-r: -0.52%
c [find&init matx] performing matrix init
c [gauss] XOR-encoding clauses are not detached, so no need to reattach them.
c [xor-rem-unconnected] left with 211 xors from 211 non-empty xors T: 0.00
c [xor-together] xored together: 145 orig xors: 211 new xors: 66 T: 0.00
c [xor-rem-unconnected] left with 66 xors from 66 non-empty xors T: 0.00
c [xor-clean-equiv] removed equivalent xors: 0 left with: 66
c [matrix] unused xors from cleaning: 0
c [matrix] Good   matrix 0 66      x143    density:0.0880  xorlen avg: 12.59
c [matrix] Using 1 matrices recovered from 0 xors T: 0.00 T-out: N
c rst  geom stb  vs   2573  2451K 2451    20000  2340 6.63    6.15    11653  1681   42K   151 26.05   25.99  
c [distill] watch-based irred--  cl tried 26928    cl-sh 0     cl-rem 0    lit-rem 0      T: 0.05 T-out: Y
c [distill] watch-based red  --  cl tried 19577    cl-sh 0     cl-rem 0    lit-rem 0      T: 0.04 T-out: Y
c rst  geom stb  vs   2574  2452K 2451    20000  2340 6.63    6.15    11653  1681   43K   151 26.13   26.06  
c rst  geom stb  vs   2575  2453K 2451    20000  2340 6.63    6.15    11653  1684   44K   151 26.24   26.17  
c rst  geom stb  vs   2576  2454K 2451    20000  2340 6.63    6.15    11654  1688   45K   151 26.39   26.33  
c rst  geom stb  vs   2577  2455K 2451    20000  2340 6.63    6.15    11654  1689   46K   151 26.53   26.47  
c rst  geom ibes vs   2578  2457K 2451    20000  2340 6.63    6.15    11654  1694   48K   151 26.57   26.51  
c rst  geom ibes vs   2579  2458K 2451    20000  2340 6.63    6.15    11654  1697   49K   151 26.65   26.59  
c [distill-long-red0] cls tried: 45/45 T: 0.01 T-out: N T-r: 99.88%
c [distill-long-red1] cls tried: 105/1081 T: 0.02 T-out: Y T-r: -1.27%
c rst  geom ibes vs   2580  2460K 2451    20000  2340 6.63    6.15    11686  1532   32K   151 25.14   25.07  
c rst  geom ibes vs   2581  2462K 2451    20000  2340 6.63    6.15    11686  1538   34K   151 25.27   25.20  
c rst  geom ibes vs   2582  2464K 2451    20000  2340 6.63    6.15    11686  1546   36K   151 25.54   25.47  
c [full-probe]  bin_only: 1 set: 0 repl: 0 T: 0.01 T-out: N T-r: 99.81%
c [distill-bin] useful: 0/2340/2340 lits-rem: 0 cl-rem: 0 0-depth-assigns: 0 T: 0.01 T-out: N
c rst  geom ibes vs   2583  2466K 2451    20000  2340 6.63    6.15    11686  1559   38K   151 25.75   25.68  
c rst  geom ibes vs   2584  2469K 2451    20000  2340 6.63    6.15    11686  1560   41K   151 25.95   25.88  
c rst  geom ibes vs   2585  2471K 2451    20000  2340 6.63    6.15    11711  1376   44K   151 26.07   26.01  
c [ccnr] tries: 0 steps: 262143 best found: 9
c [ccnr] saving best assignment phase to stable_polar
c [ccnr] bumping based on var unsat frequency: conflict_ct
c [ccnr] Bumped vars: 2453 bump type: 6
c [ccnr] time: 0.29
c rst  geom ibes vs   2586  2474K 2451    20000  2340 6.63    6.15    11711  1385   47K   151 26.21   26.15  
c [distill-long-red0] cls tried: 54/54 T: 0.00 T-out: N T-r: 99.94%
c [distill-long-red1] cls tried: 99/794 T: 0.02 T-out: Y T-r: -1.44%
c rst  geom ibes vs   2587  2478K 2451    20000  2340 6.63    6.15    11731  1515   37K   151 24.71   24.64  
c [distill] watch-based irred--  cl tried 27904    cl-sh 0     cl-rem 0    lit-rem 0      T: 0.05 T-out: Y
c [distill] watch-based red  --  cl tried 20573    cl-sh 1     cl-rem 0    lit-rem 1      T: 0.04 T-out: Y
c rst  geom ibes vs   2588  2481K 2451    20000  2340 6.63    6.15    11758  1343   41K   151 24.84   24.77  
c rst  geom ibes vs   2589  2485K 2451    20000  2340 6.63    6.15    11758  1353   45K   151 25.06   25.00  
c [full-probe]  bin_only: 0 set: 0 repl: 0 T: 0.01 T-out: N T-r: 98.54%
c [distill-bin] useful: 0/2340/2340 lits-rem: 0 cl-rem: 0 0-depth-assigns: 0 T: 0.01 T-out: N
c rst  geom svd  vs   2590  2490K 2451    20000  2340 6.63    6.15    11786  1351   36K   151 23.18   23.11  
c [distill-long-red0] cls tried: 67/67 T: 0.01 T-out: N T-r: 99.89%
c [distill-long-red1] cls tried: 119/831 T: 0.02 T-out: Y T-r: -0.94%
c [impl-str] lit bin: 0 set-var: 0 T: 0.00 T-out: N T-r: 99.97% w-visit: 4906
c [impl-sub] bin: 0 T: 0.00 T-out: N w-visit: 4906
c rst  geom svd  vs   2591  2495K 2451    20000  2340 6.63    6.15    11788  1358   40K   151 23.64   23.58  
c rst  geom svd  vs   2592  2500K 2451    20000  2340 6.63    6.15    11800  1149   46K   151 23.80   23.74  
c rst  geom svd  vs   2593  2506K 2451    20000  2340 6.63    6.15    11804  1230   37K   151 22.63   22.57  
c [distill-long-red0] cls tried: 15/15 T: 0.00 T-out: N T-r: 99.99%
c [distill-long-red1] cls tried: 122/691 T: 0.02 T-out: Y T-r: -1.30%
c [full-probe]  bin_only: 1 set: 0 repl: 0 T: 0.01 T-out: N T-r: 99.86%
c [distill-bin] useful: 0/2340/2340 lits-rem: 0 cl-rem: 0 0-depth-assigns: 0 T: 0.01 T-out: N
c [distill] watch-based irred--  cl tried 27221    cl-sh 0     cl-rem 0    lit-rem 0      T: 0.05 T-out: Y
c [distill] watch-based red  --  cl tried 20896    cl-sh 0     cl-rem 0    lit-rem 0      T: 0.04 T-out: Y
c rst  geom svd  vs   2594  2512K 2451    20000  2340 6.63    6.15    11813  1078   44K   151 23.59   23.53  
c rst  geom svd  vs   2595  2514K 2451    20000  2340 6.63    6.15    11813  1079   45K   151 23.73   23.68  
c recursive minimization cost OK: 2545Kcost/(% lits removed)
c [gauss] XOR-encoding clauses are not detached, so no need to reattach them.
c [g 0] truth-find prop checks  : 1439K
c [g 0] -> of which prop        : 30.19 %
c [g 0] -> of which confl       :  0.97 %
c [g 0] elim called             : 168K
c [g 0] ---> which lead to prop : 120.50 %
c [g 0] ---> which lead to confl:  4.29 %
c [g 0] size: 66    x 143  
c --> Executing strategy token: scc-vrepl
c [scc] new: 0 BP 0M T: 0.00
c --> Executing strategy token: sub-impl
c [impl-sub] bin: 0 T: 0.00 T-out: N w-visit: 4906
c --> Executing strategy token: breakid
c --> Executing OCC strategy token(s): 'occ-backw-sub-str,occ-clean-implicit,occ-bve,occ-bva,occ-ternary-res,occ-xor,'
c [occ] mem usage for occur 2      MB
c [occ] Linked in IRRED BIN by default: 2340
c [occ] Linked in RED   BIN by default: 151
c [occ] mem usage for occur 1      MB
c Mem for watch alloc      : 21          MB (36.31     %)
c Mem for watch array      : 0           MB (0.19      %)
c --> Executing OCC strategy token: occ-backw-sub-str
c [occ-backw-sub-str-long-w-bins] subs: 0 str: 0 tried: 78812 0-depth ass: 0 T: 0.00 T-out: N T-r: 99.61%
c [occ-backw-sub-long-w-long] rem cl: 181 tried: 78556/78556 (100.0%) T: 0.02 T-out: N T-r: 94.40%
c [occ-backw-sub-str-long-w-long] sub: 12 str: 161 tried: 235668/78556 (300.0)  T: 0.11 T-out: N T-r: 88.38%
c --> Executing OCC strategy token: occ-clean-implicit
c --> Executing OCC strategy token: occ-bve
c [occ-empty-res] Empty resolvent elimed: 0 T: 0.00 T-out: N
c [occ-bve] turning off picosat-based irreg gate detection, added lits:  495K
c [occ-bve] iter v-elim 0
c cl_inc_rate=1.0, var_dec_rate=1.0 (grow=0)
c Reduced to 2451 vars, 22340 cls (grow=0)
c [occ-bve] iter v-elim 0
c cl_inc_rate=1.0, var_dec_rate=1.0 (grow=8)
c Reduced to 2451 vars, 22340 cls (grow=8)
c [occ-bve] iter v-elim 0
c cl_inc_rate=1.0, var_dec_rate=1.0 (grow=16)
c Reduced to 2451 vars, 22340 cls (grow=16)
c x n vars       : 2451
c #try to eliminate:  7353
c #var-elim        :     0
c #T-o: N
c #T-r: 99.99%
c #T  : 1.46
c [occur] 0.04 is overhead
c [occur] link-in T: 0.04 cleanup T: 0.00
c --> Executing OCC strategy token: occ-bva
c --> Executing OCC strategy token: occ-ternary-res
c [occ-ternary-res] Ternary res-tri: 0 res-bin: 0 sub: 0 str: 0 T: 0.00 T-out: N T-r: 99.89%
c --> Executing OCC strategy token: occ-xor
c [occ-xor] sort occur list T: 0.01
c [xor-clean-equiv] removed equivalent xors: 0 left with: 204
c [occ-xor] found    204 avg sz 5.3 min sz  4 max sz  6 T: 0.01 T-out: N T-r: 99.98%
c --> Executing strategy token: card-find
c --> Executing strategy token: cl-consolidate
c Not consolidating memory.
c --> Executing strategy token: scc-vrepl
c [scc] new: 0 BP 0M T: 0.00
c --> Executing strategy token: renumber
c --> Executing strategy token: bosphorus
c --> Executing strategy token: louvain-comms
c [consolidate] mini T: 0.00
c global_timeout_multiplier: 7.7812
c [branch] rebuilding order heap for all branchings. Current branching: vsid
c [find&init matx] performing matrix init
c [gauss] XOR-encoding clauses are not detached, so no need to reattach them.
c [xor-rem-unconnected] left with 204 xors from 204 non-empty xors T: 0.00
c [xor-together] xored together: 134 orig xors: 204 new xors: 70 T: 0.00
c [xor-rem-unconnected] left with 70 xors from 70 non-empty xors T: 0.00
c [xor-clean-equiv] removed equivalent xors: 0 left with: 70
c [matrix] unused xors from cleaning: 0
c [matrix] Good   matrix  0     70 x  153  density:0.0757  xorlen avg: 11.59
c [matrix] Using 1 matrices recovered from 0 xors T: 0.00 T-out: N
c rst  geom  svd   vs  2596 2519K    2451 20000  2340    6.63    6.15 11635  1137   51K   151   24.59   24.54
c [gauss] XOR-encoding clauses are not detached, so no need to reattach them.
c [g 0] truth-find prop checks  : 113K
c [g 0] -> of which prop        : 31.75 %
c [g 0] -> of which confl       :  1.10 %
c [g 0] elim called             : 11457
c [g 0] ---> which lead to prop : 143.29 %
c [g 0] ---> which lead to confl:  4.63 %
c [g 0] size: 70    x 153  
c [scc] new: 0 BP 0M T: 0.00
c [vrep] vars 0 lits 0 rem-bin-cls 0 rem-long-cls 0 BP 0M T: 0.01
c [intree] Set 0 vars hyper-added: 0 trans-irred: 0 trans-red: 0 T: 0.01 T-out: N T-r: 0.07%
c [find&init matx] performing matrix init
c [gauss] XOR-encoding clauses are not detached, so no need to reattach them.
c [xor-rem-unconnected] left with 204 xors from 204 non-empty xors T: 0.00
c [xor-together] xored together: 134 orig xors: 204 new xors: 70 T: 0.00
c [xor-rem-unconnected] left with 70 xors from 70 non-empty xors T: 0.00
c [xor-clean-equiv] removed equivalent xors: 0 left with: 70
c [matrix] unused xors from cleaning: 0
c [matrix] Good   matrix 0 70      x153    density:0.0757  xorlen avg: 11.59
c [matrix] Using 1 matrices recovered from 0 xors T: 0.00 T-out: N
c [ccnr] tries: 0 steps: 262143 best found: 6
c [ccnr] saving best assignment phase to stable_polar
c [ccnr] bumping based on var unsat frequency: conflict_ct
c [ccnr] Bumped vars: 2453 bump type: 6
c [ccnr] time: 0.28
c rst  geom best vs   2597  2527K 2451    20000  2340 6.63    6.15    11645   993   42K   151 24.00   23.94  
c [distill-long-red0] cls tried: 29/29 T: 0.00 T-out: N T-r: 99.94%
c [distill-long-red1] cls tried: 172/537 T: 0.02 T-out: Y T-r: -2.78%
c [full-probe]  bin_only: 0 set: 0 repl: 0 T: 0.01 T-out: N T-r: 98.59%
c [distill-bin] useful: 0/2340/2340 lits-rem: 0 cl-rem: 0 0-depth-assigns: 0 T: 0.01 T-out: N
c rst  geom best vs   2598  2535K 2451    20000  2340 6.63    6.15    11670  1048   37K   151 23.67   23.61  
c [distill] watch-based irred--  cl tried 29269    cl-sh 0     cl-rem 0    lit-rem 0      T: 0.05 T-out: Y
c [distill] watch-based red  --  cl tried 22219    cl-sh 0     cl-rem 0    lit-rem 0      T: 0.04 T-out: Y
c rst  geom best vs   2599  2545K 2451    20000  2340 6.63    6.15    11682   964   46K   151 24.27   24.21  
c [distill-long-red0] cls tried: 30/30 T: 0.00 T-out: N T-r: 99.96%
c [distill-long-red1] cls tried: 133/417 T: 0.02 T-out: Y T-r: -1.00%
c rst  geom best vs   2600  2555K 2451    20000  2340 6.63    6.15    11700  1026   42K   151 23.39   23.34  
c [full-probe]  bin_only: 1 set: 0 repl: 0 T: 0.02 T-out: N T-r: 99.79%
c [distill-bin] useful: 0/2340/2340 lits-rem: 0 cl-rem: 0 0-depth-assigns: 0 T: 0.02 T-out: N
c [impl-str] lit bin: 0 set-var: 0 T: 0.00 T-out: N T-r: 99.97% w-visit: 4906
c [impl-sub] bin: 0 T: 0.00 T-out: N w-visit: 4906
c rst  geom stb  vs   2601  2567K 2451    20000  2340 6.63    6.15    11734  1000   34K   151 24.00   23.93  
c [distill-long-red0] cls tried: 42/42 T: 0.00 T-out: N T-r: 99.95%
c [distill-long-red1] cls tried: 173/515 T: 0.02 T-out: Y T-r: -0.89%
c [distill] watch-based irred--  cl tried 30078    cl-sh 0     cl-rem 0    lit-rem 0      T: 0.05 T-out: Y
c [distill] watch-based red  --  cl tried 23468    cl-sh 0     cl-rem 0    lit-rem 0      T: 0.04 T-out: N
c [ccnr] tries: 0 steps: 262143 best found: 8
c [ccnr] saving best assignment phase to stable_polar
c [ccnr] bumping based on clause weights
c [ccnr] Bumped vars: 101 bump type: 6
c [ccnr] time: 0.29
c rst  geom stb  vs   2602  2579K 2451    20000  2340 6.63    6.15    11750   957   46K   151 26.48   26.41  
c [full-probe]  bin_only: 0 set: 0 repl: 0 T: 0.01 T-out: N T-r: 98.28%
c [distill-bin] useful: 0/2340/2340 lits-rem: 0 cl-rem: 0 0-depth-assigns: 0 T: 0.01 T-out: N
c rst  geom stb  vs   2603  2593K 2451    20000  2340 6.63    6.15    11779   810   38K   151 27.99   27.91  
c [distill-long-red0] cls tried: 37/37 T: 0.00 T-out: N T-r: 99.97%
c [distill-long-red1] cls tried: 195/302 T: 0.02 T-out: Y T-r: -0.81%
c [distill] watch-based irred--  cl tried 30528    cl-sh 0     cl-rem 0    lit-rem 0      T: 0.05 T-out: N
c [distill] watch-based red  --  cl tried 23558    cl-sh 0     cl-rem 0    lit-rem 0      T: 0.04 T-out: N
c [gauss] XOR-encoding clauses are not detached, so no need to reattach them.
c [g 0] truth-find prop checks  : 1779K
c [g 0] -> of which prop        : 34.04 %
c [g 0] -> of which confl       :  0.93 %
c [g 0] elim called             : 151K
c [g 0] ---> which lead to prop : 130.31 %
c [g 0] ---> which lead to confl:  4.53 %
c [g 0] size: 70    x 153  
c [scc] new: 0 BP 0M T: 0.00
c [vrep] vars 0 lits 0 rem-bin-cls 0 rem-long-cls 0 BP 0M T: 0.00
c [intree] Set 0 vars hyper-added: 0 trans-irred: 0 trans-red: 0 T: 0.01 T-out: N T-r: -0.66%
c [find&init matx] performing matrix init
c [gauss] XOR-encoding clauses are not detached, so no need to reattach them.
c [xor-rem-unconnected] left with 204 xors from 204 non-empty xors T: 0.00
c [xor-together] xored together: 134 orig xors: 204 new xors: 70 T: 0.00
c [xor-rem-unconnected] left with 70 xors from 70 non-empty xors T: 0.00
c [xor-clean-equiv] removed equivalent xors: 0 left with: 70
c [matrix] unused xors from cleaning: 0
c [matrix] Good   matrix 0 70      x153    density:0.0757  xorlen avg: 11.59
c [matrix] Using 1 matrices recovered from 0 xors T: 0.00 T-out: N
c rst  geom ibes vs   2604  2608K 2451    20000  2340 6.63    6.15    11801   858   39K   151 27.60   27.53  
c [distill-long-red0] cls tried: 16/16 T: 0.00 T-out: N T-r: 99.99%
c [distill-long-red1] cls tried: 210/210 T: 0.02 T-out: N T-r: 15.91%
c [full-probe]  bin_only: 1 set: 0 repl: 0 T: 0.02 T-out: N T-r: 99.79%
c [distill-bin] useful: 0/2340/2340 lits-rem: 0 cl-rem: 0 0-depth-assigns: 0 T: 0.01 T-out: N
c rst  geom ibes vs   2605  2625K 2451    20000  2340 6.63    6.15    11905   741   45K   151 26.79   26.73  
c [distill-long-red0] cls tried: 42/42 T: 0.00 T-out: N T-r: 99.96%
c [distill-long-red1] cls tried: 134/134 T: 0.01 T-out: N T-r: 30.16%
c [distill] watch-based irred--  cl tried 26952    cl-sh 0     cl-rem 0    lit-rem 0      T: 0.05 T-out: Y
c [distill] watch-based red  --  cl tried 23810    cl-sh 1     cl-rem 0    lit-rem 1      T: 0.04 T-out: N
c [impl-str] lit bin: 0 set-var: 0 T: 0.00 T-out: N T-r: 99.97% w-visit: 4906
c [impl-sub] bin: 0 T: 0.00 T-out: N w-visit: 4906
c [ccnr] tries: 0 steps: 262143 best found: 6
c [ccnr] saving best assignment phase to stable_polar
c [ccnr] bumping based on var unsat frequency: conflict_ct
c [ccnr] Bumped vars: 2453 bump type: 6
c [ccnr] time: 0.31
c rst  geom svd  vs   2606  2643K 2451    20000  2340 6.63    6.15    11953   642   32K   151 24.92   24.85  
c [distill-long-red0] cls tried: 16/16 T: 0.00 T-out: N T-r: 99.98%
c [distill-long-red1] cls tried: 199/210 T: 0.02 T-out: Y T-r: -0.97%
c [full-probe]  bin_only: 0 set: 0 repl: 0 T: 0.01 T-out: N T-r: 98.74%
c [distill-bin] useful: 0/2340/2340 lits-rem: 0 cl-rem: 0 0-depth-assigns: 0 T: 0.01 T-out: N
c rst  geom svd  vs   2607  2663K 2451    20000  2340 6.63    6.15    11991   699   36K   151 26.51   26.44  
c [distill-long-red0] cls tried: 25/25 T: 0.00 T-out: N T-r: 99.98%
c [distill-long-red1] cls tried: 106/106 T: 0.01 T-out: N T-r: 50.79%
c [full-probe]  bin_only: 1 set: 0 repl: 0 T: 0.02 T-out: N T-r: 99.79%
c [distill-bin] useful: 0/2340/2340 lits-rem: 0 cl-rem: 0 0-depth-assigns: 0 T: 0.01 T-out: N
c [distill] watch-based irred--  cl tried 30528    cl-sh 0     cl-rem 0    lit-rem 0      T: 0.05 T-out: N
c [distill] watch-based red  --  cl tried 23982    cl-sh 1     cl-rem 0    lit-rem 1      T: 0.04 T-out: N
c [gauss] XOR-encoding clauses are not detached, so no need to reattach them.
c [g 0] truth-find prop checks  : 1540K
c [g 0] -> of which prop        : 37.65 %
c [g 0] -> of which confl       :  0.84 %
c [g 0] elim called             : 129K
c [g 0] ---> which lead to prop : 147.20 %
c [g 0] ---> which lead to confl:  4.26 %
c [g 0] size: 70    x 153  
c [scc] new: 0 BP 0M T: 0.00
c [vrep] vars 0 lits 0 rem-bin-cls 0 rem-long-cls 0 BP 0M T: 0.00
c [intree] Set 0 vars hyper-added: 0 trans-irred: 0 trans-red: 0 T: 0.01 T-out: N T-r: -0.52%
c [find&init matx] performing matrix init
c [gauss] XOR-encoding clauses are not detached, so no need to reattach them.
c [xor-rem-unconnected] left with 204 xors from 204 non-empty xors T: 0.00
c [xor-together] xored together: 134 orig xors: 204 new xors: 70 T: 0.00
c [xor-rem-unconnected] left with 70 xors from 70 non-empty xors T: 0.00
c [xor-clean-equiv] removed equivalent xors: 0 left with: 70
c [matrix] unused xors from cleaning: 0
c [matrix] Good   matrix 0 70      x153    density:0.0757  xorlen avg: 11.59
c [matrix] Using 1 matrices recovered from 0 xors T: 0.00 T-out: N
c rst  geom best vs   2608  2685K 2451    20000  2340 6.63    6.15    12022   794   35K   151 23.32   23.25  
c [branch] adjusting to: vmtf (from: vsid) var_decay:0.95 descr: VMTF
c [distill-long-red0] cls tried: 13/13 T: 0.00 T-out: N T-r: 99.99%
c [distill-long-red1] cls tried: 176/189 T: 0.02 T-out: Y T-r: -1.63%
c [full-probe]  bin_only: 0 set: 0 repl: 0 T: 0.01 T-out: N T-r: 98.77%
c [distill-bin] useful: 0/2340/2340 lits-rem: 0 cl-rem: 0 0-depth-assigns: 0 T: 0.01 T-out: N
c [impl-str] lit bin: 0 set-var: 0 T: 0.00 T-out: N T-r: 99.98% w-visit: 4906
c [impl-sub] bin: 0 T: 0.00 T-out: N w-visit: 4906
c [ccnr] tries: 0 steps: 262143 best found: 8
c [ccnr] saving best assignment phase to stable_polar
c [ccnr] bumping based on var unsat frequency: conflict_ct
c [ccnr] Bumped vars: 2453 bump type: 6
c [ccnr] time: 0.29
c rst  luby best vmt  2609  2685K 2451    20000  2340 6.63    6.15    12022   803   35K   151 23.32   23.25  
c rst  luby best vmt  2610  2685K 2451    20000  2340 6.63    6.15    12023   807   35K   151 23.33   23.27  
c rst  luby best vmt  2611  2686K 2451    20000  2340 6.63    6.15    12023   809   35K   151 23.35   23.28  
c rst  luby best vmt  2612  2686K 2451    20000  2340 6.63    6.15    12023   812   35K   151 23.37   23.30  
c rst  luby best vmt  2613  2686K 2451    20000  2340 6.63    6.15    12023   812   35K   151 23.37   23.30  
c rst  luby best vmt  2614  2686K 2451    20000  2340 6.63    6.15    12023   831   35K   151 23.38   23.31  
c rst  luby best vmt  2615  2686K 2451    20000  2340 6.63    6.15    12025   853   36K   151 23.47   23.40  
c rst  luby best vmt  2616  2687K 2451    20000  2340 6.63    6.15    12025   853   36K   151 23.48   23.41  
c rst  luby best vmt  2617  2687K 2451    20000  2340 6.63    6.15    12025   861   36K   151 23.48   23.42  
c rst  luby best vmt  2618  2687K 2451    20000  2340 6.63    6.15    12025   863   36K   151 23.51   23.44  
c rst  luby best vmt  2619  2687K 2451    20000  2340 6.63    6.15    12025   863   36K   151 23.52   23.45  
c rst  luby best vmt  2620  2687K 2451    20000  2340 6.63    6.15    12025   864   36K   151 23.53   23.46  
c rst  luby best vmt  2621  2687K 2451    20000  2340 6.63    6.15    12025   864   36K   151 23.56   23.49  
c rst  luby best vmt  2622  2688K 2451    20000  2340 6.63    6.15    12025   867   37K   151 23.60   23.53  
c rst  luby best vmt  2623  2688K 2451    20000  2340 6.63    6.15    12025   874   38K   151 23.75   23.68  
c [distill] watch-based irred--  cl tried 25474    cl-sh 0     cl-rem 0    lit-rem 0      T: 0.06 T-out: Y
c [distill] watch-based red  --  cl tried 21463    cl-sh 0     cl-rem 0    lit-rem 0      T: 0.05 T-out: Y
c rst  luby best vmt  2624  2689K 2451    20000  2340 6.63    6.15    12025   874   38K   151 23.75   23.69  
c rst  luby best vmt  2625  2689K 2451    20000  2340 6.63    6.15    12025   875   38K   151 23.76   23.69  
c rst  luby best vmt  2626  2689K 2451    20000  2340 6.63    6.15    12025   875   38K   151 23.77   23.71  
c rst  luby best vmt  2627  2689K 2451    20000  2340 6.63    6.15    12025   875   38K   151 23.80   23.74  
c rst  luby best vmt  2628  2689K 2451    20000  2340 6.63    6.15    12025   876   38K   151 23.81   23.75  
c rst  luby best vmt  2629  2689K 2451    20000  2340 6.63    6.15    12025   876   39K   151 23.83   23.76  
c rst  luby best vmt  2630  2690K 2451    20000  2340 6.63    6.15    12025   882   39K   151 23.89   23.82  
c rst  luby best vmt  2631  2690K 2451    20000  2340 6.63    6.15    12074   775   39K   151 23.89   23.83  
c rst  luby best vmt  2632  2690K 2451    20000  2340 6.63    6.15    12074   776   39K   151 23.92   23.86  
c rst  luby best vmt  2633  2690K 2451    20000  2340 6.63    6.15    12075   780   39K   151 23.93   23.87  
c rst  luby best vmt  2634  2690K 2451    20000  2340 6.63    6.15    12075   781   39K   151 23.93   23.87  
c rst  luby best vmt  2635  2690K 2451    20000  2340 6.63    6.15    12075   781   40K   151 23.94   23.88  
c rst  luby best vmt  2636  2690K 2451    20000  2340 6.63    6.15    12075   786   40K   151 23.95   23.89  
c rst  luby best vmt  2637  2691K 2451    20000  2340 6.63    6.15    12075   791   40K   151 23.98   23.91  
c rst  luby best vmt  2638  2692K 2451    20000  2340 6.63    6.15    12075   796   41K   151 24.03   23.97  
c rst  luby best vmt  2639  2693K 2451    20000  2340 6.63    6.15    12075   802   43K   151 24.62   24.56  
c rst  luby best vmt  2640  2693K 2451    20000  2340 6.63    6.15    12075   803   43K   151 24.64   24.58  
c rst  luby best vmt  2641  2693K 2451    20000  2340 6.63    6.15    12075   804   43K   151 24.64   24.58  
c rst  luby best vmt  2642  2694K 2451    20000  2340 6.63    6.15    12075   805   43K   151 24.65   24.59  
c rst  luby best vmt  2643  2694K 2451    20000  2340 6.63    6.15    12075   809   43K   151 24.66   24.60  
c rst  luby best vmt  2644  2694K 2451    20000  2340 6.63    6.15    12075   810   43K   151 24.65   24.59  
c rst  luby best vmt  2645  2694K 2451    20000  2340 6.63    6.15    12075   810   43K   151 24.68   24.62  
c rst  luby best vmt  2646  2694K 2451    20000  2340 6.63    6.15    12075   813   44K   151 24.72   24.66  
c rst  luby best vmt  2647  2695K 2451    20000  2340 6.63    6.15    12075   814   44K   151 24.72   24.66  
c rst  luby best vmt  2648  2695K 2451    20000  2340 6.63    6.15    12075   816   44K   151 24.73   24.67  
c rst  luby best vmt  2649  2695K 2451    20000  2340 6.63    6.15    12077   817   44K   151 24.72   24.66  
c rst  luby stb  vmt  2650  2695K 2451    20000  2340 6.63    6.15    12077   821   44K   151 24.74   24.68  
c rst  luby stb  vmt  2651  2695K 2451    20000  2340 6.63    6.15    12077   821   44K   151 24.77   24.71  
c rst  luby stb  vmt  2652  2695K 2451    20000  2340 6.63    6.15    12077   822   45K   151 24.82   24.76  
c rst  luby stb  vmt  2653  2696K 2451    20000  2340 6.63    6.15    12077   825   45K   151 24.94   24.88  
c rst  luby stb  vmt  2654  2696K 2451    20000  2340 6.63    6.15    12077   828   46K   151 25.13   25.07  
c rst  luby stb  vmt  2655  2697K 2451    20000  2340 6.63    6.15    12077   828   46K   151 25.14   25.09  
c rst  luby stb  vmt  2656  2697K 2451    20000  2340 6.63    6.15    12077   830   46K   151 25.17   25.11  
c rst  luby stb  vmt  2657  2697K 2451    20000  2340 6.63    6.15    12077   831   46K   151 25.21   25.15  
c rst  luby stb  vmt  2658  2697K 2451    20000  2340 6.63    6.15    12077   831   46K   151 25.23   25.17  
c rst  luby stb  vmt  2659  2697K 2451    20000  2340 6.63    6.15    12077   832   46K   151 25.24   25.18  
c rst  luby stb  vmt  2660  2697K 2451    20000  2340 6.63    6.15    12077   832   47K   151 25.27   25.21  
c rst  luby stb  vmt  2661  2698K 2451    20000  2340 6.63    6.15    12079   835   47K   151 25.37   25.31  
c rst  luby stb  vmt  2662  2698K 2451    20000  2340 6.63    6.15    12079   836   47K   151 25.39   25.33  
c rst  luby stb  vmt  2663  2698K 2451    20000  2340 6.63    6.15    12079   836   47K   151 25.41   25.35  
c rst  luby stb  vmt  2664  2698K 2451    20000  2340 6.63    6.15    12079   837   47K   151 25.44   25.38  
c rst  luby stb  vmt  2665  2698K 2451    20000  2340 6.63    6.15    12079   838   47K   151 25.46   25.40  
c rst  luby stb  vmt  2666  2698K 2451    20000  2340 6.63    6.15    12079   839   48K   151 25.48   25.42  
c rst  luby stb  vmt  2667  2699K 2451    20000  2340 6.63    6.15    12079   839   48K   151 25.51   25.46  
c rst  luby stb  vmt  2668  2699K 2451    20000  2340 6.63    6.15    12079   843   48K   151 25.58   25.52  
c rst  luby stb  vmt  2669  2700K 2451    20000  2340 6.63    6.15    12085  1065   32K   151 23.66   23.59  
c rst  luby stb  vmt  2670  2701K 2451    20000  2340 6.63    6.15    12139   900   34K   151 24.01   23.94  
c [distill-long-red0] cls tried: 64/64 T: 0.01 T-out: N T-r: 99.92%
c [distill-long-red1] cls tried: 138/351 T: 0.02 T-out: Y T-r: -0.64%
c rst  luby stb  vmt  2671  2705K 2451    20000  2340 6.63    6.15    12140   929   37K   151 24.83   24.76  
c rst  luby stb  vmt  2672  2705K 2451    20000  2340 6.63    6.15    12140   929   37K   151 24.86   24.79  
c rst  luby stb  vmt  2673  2705K 2451    20000  2340 6.63    6.15    12140   930   38K   151 24.87   24.80  
c rst  luby stb  vmt  2674  2705K 2451    20000  2340 6.63    6.15    12140   930   38K   151 24.90   24.84  
c rst  luby stb  vmt  2675  2705K 2451    20000  2340 6.63    6.15    12140   930   38K   151 24.94   24.87  
c rst  luby stb  vmt  2676  2705K 2451    20000  2340 6.63    6.15    12140   931   38K   151 24.97   24.90  
c rst  luby stb  vmt  2677  2705K 2451    20000  2340 6.63    6.15    12140   934   38K   151 25.02   24.95  
c [full-probe]  bin_only: 1 set: 0 repl: 0 T: 0.01 T-out: N T-r: 99.89%
c [distill-bin] useful: 0/2340/2340 lits-rem: 0 cl-rem: 0 0-depth-assigns: 0 T: 0.01 T-out: N
c rst  luby stb  vmt  2678  2706K 2451    20000  2340 6.63    6.15    12140   935   39K   151 25.07   25.00  
c rst  luby stb  vmt  2679  2706K 2451    20000  2340 6.63    6.15    12140   936   39K   151 25.09   25.02  
c rst  luby stb  vmt  2680  2706K 2451    20000  2340 6.63    6.15    12140   936   39K   151 25.11   25.04  
c rst  luby stb  vmt  2681  2706K 2451    20000  2340 6.63    6.15    12140   937   39K   151 25.16   25.09  
c rst  luby stb  vmt  2682  2706K 2451    20000  2340 6.63    6.15    12140   937   39K   151 25.18   25.12  
c rst  luby stb  vmt  2683  2706K 2451    20000  2340 6.63    6.15    12140   938   39K   151 25.20   25.13  
c rst  luby stb  vmt  2684  2707K 2451    20000  2340 6.63    6.15    12140   939   39K   151 25.23   25.17  
c rst  luby stb  vmt  2685  2707K 2451    20000  2340 6.63    6.15    12140   941   40K   151 25.27   25.21  
c rst  luby stb  vmt  2686  2708K 2451    20000  2340 6.63    6.15    12141   945   41K   151 25.38   25.32  
c rst  luby stb  vmt  2687  2708K 2451    20000  2340 6.63    6.15    12141   945   41K   151 25.41   25.34  
c rst  luby stb  vmt  2688  2708K 2451    20000  2340 6.63    6.15    12141   946   41K   151 25.42   25.36  
c rst  luby stb  vmt  2689  2708K 2451    20000  2340 6.63    6.15    12141   948   41K   151 25.45   25.39  
c rst  luby stb  vmt  2690  2708K 2451    20000  2340 6.63    6.15    12141   951   41K   151 25.48   25.42  
c rst  luby stb  vmt  2691  2708K 2451    20000  2340 6.63    6.15    12141   951   41K   151 25.51   25.45  
c rst  luby stb  vmt  2692  2709K 2451    20000  2340 6.63    6.15    12141   951   41K   151 25.54   25.48  
c rst  luby stb  vmt  2693  2709K 2451    20000  2340 6.63    6.15    12141   957   42K   151 25.60   25.54  
c rst  luby stb  vmt  2694  2709K 2451    20000  2340 6.63    6.15    12141   958   42K   151 25.62   25.56  
c rst  luby stb  vmt  2695  2709K 2451    20000  2340 6.63    6.15    12141   958   42K   151 25.64   25.57  
c rst  luby stb  vmt  2696  2709K 2451    20000  2340 6.63    6.15    12141   959   42K   151 25.67   25.61  
c rst  luby stb  vmt  2697  2709K 2451    20000  2340 6.63    6.15    12141   959   42K   151 25.69   25.62  
c rst  luby stb  vmt  2698  2710K 2451    20000  2340 6.63    6.15    12141   959   42K   151 25.70   25.64  
c rst  luby stb  vmt  2699  2710K 2451    20000  2340 6.63    6.15    12198   880   43K   151 25.73   25.66  
c rst  luby stb  vmt  2700  2710K 2451    20000  2340 6.63    6.15    12198   882   43K   151 25.80   25.74  
c rst  luby stb  vmt  2701  2711K 2451    20000  2340 6.63    6.15    12198   888   44K   151 25.92   25.85  
c rst  luby stb  vmt  2702  2713K 2451    20000  2340 6.63    6.15    12198   896   45K   151 26.09   26.03  
c rst  luby stb  vmt  2703  2713K 2451    20000  2340 6.63    6.15    12198   896   45K   151 26.11   26.05  
c rst  luby stb  vmt  2704  2713K 2451    20000  2340 6.63    6.15    12198   898   46K   151 26.12   26.06  
c rst  luby stb  vmt  2705  2713K 2451    20000  2340 6.63    6.15    12198   900   46K   151 26.17   26.11  
c rst  luby stb  vmt  2706  2713K 2451    20000  2340 6.63    6.15    12198   900   46K   151 26.19   26.13  
c rst  luby stb  vmt  2707  2713K 2451    20000  2340 6.63    6.15    12198   900   46K   151 26.20   26.14  
c rst  luby stb  vmt  2708  2713K 2451    20000  2340 6.63    6.15    12198   903   46K   151 26.24   26.18  
c rst  luby stb  vmt  2709  2714K 2451    20000  2340 6.63    6.15    12199   909   47K   151 26.33   26.27  
c [distill] watch-based irred--  cl tried 25848    cl-sh 0     cl-rem 0    lit-rem 0      T: 0.06 T-out: Y
c [distill] watch-based red  --  cl tried 21050    cl-sh 0     cl-rem 0    lit-rem 0      T: 0.05 T-out: Y
c rst  luby stb  vmt  2710  2714K 2451    20000  2340 6.63    6.15    12199   909   47K   151 26.34   26.28  
c rst  luby stb  vmt  2711  2714K 2451    20000  2340 6.63    6.15    12199   909   47K   151 26.37   26.30  
c rst  luby stb  vmt  2712  2714K 2451    20000  2340 6.63    6.15    12199   912   47K   151 26.39   26.33  
c rst  luby stb  vmt  2713  2714K 2451    20000  2340 6.63    6.15    12199   913   47K   151 26.40   26.34  
c rst  luby stb  vmt  2714  2714K 2451    20000  2340 6.63    6.15    12199   913   47K   151 26.43   26.36  
c rst  luby stb  vmt  2715  2715K 2451    20000  2340 6.63    6.15    12199   918   47K   151 26.45   26.39  
c rst  luby stb  vmt  2716  2715K 2451    20000  2340 6.63    6.15    12214  1072   31K   151 26.17   26.08  
c rst  luby stb  vmt  2717  2716K 2451    20000  2340 6.63    6.15    12214  1082   31K   151 26.40   26.32  
c rst  luby stb  vmt  2718  2716K 2451    20000  2340 6.63    6.15    12214  1082   31K   151 26.41   26.33  
c rst  luby stb  vmt  2719  2716K 2451    20000  2340 6.63    6.15    12214  1083   32K   151 26.42   26.34  
c rst  luby stb  vmt  2720  2716K 2451    20000  2340 6.63    6.15    12214  1083   32K   151 26.46   26.38  
c rst  luby stb  vmt  2721  2716K 2451    20000  2340 6.63    6.15    12214  1084   32K   151 26.49   26.41  
c rst  luby stb  vmt  2722  2716K 2451    20000  2340 6.63    6.15    12214  1084   32K   151 26.51   26.43  
c [distill-long-red0] cls tried: 52/52 T: 0.01 T-out: N T-r: 99.93%
c [distill-long-red1] cls tried: 185/430 T: 0.02 T-out: Y T-r: -0.45%
c rst  luby stb  vmt  2723  2717K 2451    20000  2340 6.63    6.15    12214  1085   32K   151 26.54   26.46  
c rst  luby stb  vmt  2724  2717K 2451    20000  2340 6.63    6.15    12214  1087   33K   151 26.58   26.50  
c rst  luby stb  vmt  2725  2717K 2451    20000  2340 6.63    6.15    12214  1087   33K   151 26.59   26.51  
c rst  luby stb  vmt  2726  2717K 2451    20000  2340 6.63    6.15    12214  1087   33K   151 26.62   26.54  
c rst  luby stb  vmt  2727  2717K 2451    20000  2340 6.63    6.15    12214  1087   33K   151 26.65   26.57  
c rst  luby stb  vmt  2728  2718K 2451    20000  2340 6.63    6.15    12214  1088   33K   151 26.67   26.59  
c rst  luby stb  vmt  2729  2718K 2451    20000  2340 6.63    6.15    12214  1088   33K   151 26.68   26.60  
c rst  luby stb  vmt  2730  2718K 2451    20000  2340 6.63    6.15    12214  1088   33K   151 26.72   26.64  
c rst  luby stb  vmt  2731  2718K 2451    20000  2340 6.63    6.15    12214  1088   34K   151 26.77   26.69  
c rst  luby stb  vmt  2732  2719K 2451    20000  2340 6.63    6.15    12214  1090   35K   151 26.99   26.91  
c rst  luby stb  vmt  2733  2721K 2451    20000  2340 6.63    6.15    12253  1020   36K   151 27.09   27.02  
c rst  luby stb  vmt  2734  2724K 2451    20000  2340 6.63    6.15    12253  1056   39K   151 27.28   27.21  
c rst  luby stb  vmt  2735  2730K 2451    20000  2340 6.63    6.15    12286  1135   32K   151 26.10   26.02  
c [full-probe]  bin_only: 0 set: 0 repl: 0 T: 0.01 T-out: N T-r: 98.87%
c [distill-bin] useful: 0/2340/2340 lits-rem: 0 cl-rem: 0 0-depth-assigns: 0 T: 0.01 T-out: N
c [gauss] XOR-encoding clauses are not detached, so no need to reattach them.
c [g 0] truth-find prop checks  : 1669K
c [g 0] -> of which prop        : 30.28 %
c [g 0] -> of which confl       :  1.07 %
c [g 0] elim called             : 181K
c [g 0] ---> which lead to prop : 132.48 %
c [g 0] ---> which lead to confl:  4.14 %
c [g 0] size: 70    x 153  
c [scc] new: 0 BP 0M T: 0.00
c [vrep] vars 0 lits 0 rem-bin-cls 0 rem-long-cls 0 BP 0M T: 0.00
c [intree] Set 0 vars hyper-added: 0 trans-irred: 0 trans-red: 0 T: 0.01 T-out: N T-r: -0.47%
c [find&init matx] performing matrix init
c [gauss] XOR-encoding clauses are not detached, so no need to reattach them.
c [xor-rem-unconnected] left with 204 xors from 204 non-empty xors T: 0.00
c [xor-together] xored together: 134 orig xors: 204 new xors: 70 T: 0.00
c [xor-rem-unconnected] left with 70 xors from 70 non-empty xors T: 0.00
c [xor-clean-equiv] removed equivalent xors: 0 left with: 70
c [matrix] unused xors from cleaning: 0
c [matrix] Good   matrix 0 70      x153    density:0.0757  xorlen avg: 11.59
c [matrix] Using 1 matrices recovered from 0 xors T: 0.00 T-out: N
c [ccnr] tries: 0 steps: 262143 best found: 10
c [ccnr] saving best assignment phase to stable_polar
c [ccnr] bumping based on clause weights
c [ccnr] Bumped vars: 101 bump type: 6
c [ccnr] time: 0.30
c rst  luby ibes vmt  2736  2730K 2451    20000  2340 6.63    6.15    12286  1142   33K   151 26.13   26.05  
c rst  luby ibes vmt  2737  2730K 2451    20000  2340 6.63    6.15    12286  1145   33K   151 26.15   26.07  
c rst  luby ibes vmt  2738  2731K 2451    20000  2340 6.63    6.15    12286  1146   33K   151 26.19   26.12  
c rst  luby ibes vmt  2739  2731K 2451    20000  2340 6.63    6.15    12286  1146   33K   151 26.21   26.14  
c rst  luby ibes vmt  2740  2731K 2451    20000  2340 6.63    6.15    12286  1148   33K   151 26.21   26.14  
c rst  luby ibes vmt  2741  2731K 2451    20000  2340 6.63    6.15    12288  1169   33K   151 26.22   26.15  
c rst  luby ibes vmt  2742  2731K 2451    20000  2340 6.63    6.15    12288  1169   34K   151 26.32   26.24  
c [distill-long-red0] cls tried: 61/61 T: 0.01 T-out: N T-r: 99.88%
c [distill-long-red1] cls tried: 147/437 T: 0.02 T-out: Y T-r: -0.74%
c rst  luby ibes vmt  2743  2732K 2451    20000  2340 6.63    6.15    12288  1170   34K   151 26.33   26.25  
c rst  luby ibes vmt  2744  2732K 2451    20000  2340 6.63    6.15    12288  1170   34K   151 26.34   26.27  
c rst  luby ibes vmt  2745  2732K 2451    20000  2340 6.63    6.15    12288  1180   34K   151 26.39   26.32  
c rst  luby ibes vmt  2746  2732K 2451    20000  2340 6.63    6.15    12288  1181   34K   151 26.41   26.33  
c rst  luby ibes vmt  2747  2732K 2451    20000  2340 6.63    6.15    12288  1181   34K   151 26.43   26.35  
c rst  luby ibes vmt  2748  2732K 2451    20000  2340 6.63    6.15    12288  1184   34K   151 26.47   26.39  
c rst  luby ibes vmt  2749  2733K 2451    20000  2340 6.63    6.15    12288  1196   35K   151 26.51   26.43  
c rst  luby ibes vmt  2750  2733K 2451    20000  2340 6.63    6.15    12289  1221   36K   151 26.58   26.51  
c rst  luby ibes vmt  2751  2734K 2451    20000  2340 6.63    6.15    12289  1224   36K   151 26.59   26.52  
c rst  luby ibes vmt  2752  2734K 2451    20000  2340 6.63    6.15    12289  1224   36K   151 26.62   26.54  
c rst  luby ibes vmt  2753  2734K 2451    20000  2340 6.63    6.15    12289  1238   36K   151 26.60   26.53  
c rst  luby ibes vmt  2754  2734K 2451    20000  2340 6.63    6.15    12289  1243   36K   151 26.60   26.53  
c rst  luby ibes vmt  2755  2734K 2451    20000  2340 6.63    6.15    12289  1243   36K   151 26.61   26.54  
c rst  luby ibes vmt  2756  2734K 2451    20000  2340 6.63    6.15    12289  1243   36K   151 26.67   26.60  
c rst  luby ibes vmt  2757  2735K 2451    20000  2340 6.63    6.15    12290  1248   37K   151 26.77   26.69  
c rst  luby ibes vmt  2758  2735K 2451    20000  2340 6.63    6.15    12290  1249   37K   151 26.77   26.70  
c rst  luby ibes vmt  2759  2735K 2451    20000  2340 6.63    6.15    12290  1249   37K   151 26.78   26.70  
c rst  luby ibes vmt  2760  2735K 2451    20000  2340 6.63    6.15    12290  1251   37K   151 26.79   26.72  
c rst  luby ibes vmt  2761  2735K 2451    20000  2340 6.63    6.15    12291  1253   37K   151 26.81   26.74  
c rst  luby ibes vmt  2762  2735K 2451    20000  2340 6.63    6.15    12291  1254   37K   151 26.83   26.76  
c rst  luby ibes vmt  2763  2735K 2451    20000  2340 6.63    6.15    12291  1255   38K   151 26.85   26.78  
c rst  luby ibes vmt  2764  2736K 2451    20000  2340 6.63    6.15    12292  1267   38K   151 26.95   26.87  
c rst  luby ibes vmt  2765  2737K 2451    20000  2340 6.63    6.15    12292  1271   39K   151 27.08   27.00  
c rst  luby ibes vmt  2766  2738K 2451    20000  2340 6.63    6.15    12292  1277   40K   151 27.27   27.20  
c rst  luby ibes vmt  2767  2738K 2451    20000  2340 6.63    6.15    12292  1277   40K   151 27.28   27.21  
c rst  luby ibes vmt  2768  2739K 2451    20000  2340 6.63    6.15    12292  1277   41K   151 27.29   27.22  
c rst  luby ibes vmt  2769  2739K 2451    20000  2340 6.63    6.15    12292  1278   41K   151 27.30   27.23  
c rst  luby ibes vmt  2770  2739K 2451    20000  2340 6.63    6.15    12292  1287   41K   151 27.30   27.23  
c [distill] watch-based irred--  cl tried 26979    cl-sh 0     cl-rem 0    lit-rem 0      T: 0.05 T-out: Y
c [distill] watch-based red  --  cl tried 21247    cl-sh 1     cl-rem 0    lit-rem 1      T: 0.05 T-out: Y
c rst  luby ibes vmt  2771  2739K 2451    20000  2340 6.63    6.15    12292  1288   41K   151 27.30   27.23  
c rst  luby ibes vmt  2772  2739K 2451    20000  2340 6.63    6.15    12292  1288   41K   151 27.33   27.26  
c rst  luby ibes vmt  2773  2740K 2451    20000  2340 6.63    6.15    12292  1293   42K   151 27.35   27.28  
c rst  luby ibes vmt  2774  2740K 2451    20000  2340 6.63    6.15    12292  1296   42K   151 27.35   27.28  
c rst  luby ibes vmt  2775  2740K 2451    20000  2340 6.63    6.15    12292  1296   42K   151 27.35   27.28  
c rst  luby ibes vmt  2776  2740K 2451    20000  2340 6.63    6.15    12395  1134   42K   151 27.37   27.30  
c rst  luby ibes vmt  2777  2740K 2451    20000  2340 6.63    6.15    12395  1136   42K   151 27.38   27.31  
c rst  luby ibes vmt  2778  2740K 2451    20000  2340 6.63    6.15    12395  1137   42K   151 27.38   27.31  
c rst  luby ibes vmt  2779  2740K 2451    20000  2340 6.63    6.15    12395  1137   42K   151 27.43   27.37  
c rst  luby ibes vmt  2780  2741K 2451    20000  2340 6.63    6.15    12395  1142   43K   151 27.48   27.41  
c rst  luby ibes vmt  2781  2742K 2451    20000  2340 6.63    6.15    12396  1162   44K   151 27.53   27.46  
c rst  luby ibes vmt  2782  2742K 2451    20000  2340 6.63    6.15    12396  1164   44K   151 27.54   27.48  
c rst  luby ibes vmt  2783  2742K 2451    20000  2340 6.63    6.15    12397  1168   44K   151 27.54   27.47  
c rst  luby ibes vmt  2784  2742K 2451    20000  2340 6.63    6.15    12397  1175   44K   151 27.58   27.51  
c rst  luby ibes vmt  2785  2742K 2451    20000  2340 6.63    6.15    12397  1175   44K   151 27.59   27.52  
c rst  luby ibes vmt  2786  2742K 2451    20000  2340 6.63    6.15    12397  1175   44K   151 27.60   27.54  
c rst  luby ibes vmt  2787  2742K 2451    20000  2340 6.63    6.15    12398  1178   44K   151 27.61   27.54  
c rst  luby ibes vmt  2788  2743K 2451    20000  2340 6.63    6.15    12398  1183   45K   151 27.64   27.57  
c rst  luby ibes vmt  2789  2743K 2451    20000  2340 6.63    6.15    12398  1183   45K   151 27.66   27.60  
c rst  luby ibes vmt  2790  2743K 2451    20000  2340 6.63    6.15    12398  1185   45K   151 27.66   27.60  
c rst  luby ibes vmt  2791  2743K 2451    20000  2340 6.63    6.15    12399  1186   45K   151 27.68   27.62  
c rst  luby ibes vmt  2792  2743K 2451    20000  2340 6.63    6.15    12399  1186   45K   151 27.68   27.62  
c rst  luby ibes vmt  2793  2743K 2451    20000  2340 6.63    6.15    12399  1187   45K   151 27.69   27.63  
c rst  luby ibes vmt  2794  2744K 2451    20000  2340 6.63    6.15    12400  1194   46K   151 27.70   27.63  
c rst  luby ibes vmt  2795  2744K 2451    20000  2340 6.63    6.15    12400  1196   46K   151 27.73   27.66  
c rst  luby ibes vmt  2796  2745K 2451    20000  2340 6.63    6.15    12430  1447   32K   151 25.21   25.13  
c rst  luby ibes vmt  2797  2746K 2451    20000  2340 6.63    6.15    12431  1462   33K   151 25.37   25.29  
c [impl-str] lit bin: 0 set-var: 0 T: 0.00 T-out: N T-r: 99.98% w-visit: 4906
c [impl-sub] bin: 0 T: 0.00 T-out: N w-visit: 4906
c rst  luby ibes vmt  2798  2750K 2451    20000  2340 6.63    6.15    12431  1470   36K   151 25.67   25.60  
c [distill-long-red0] cls tried: 106/106 T: 0.01 T-out: N T-r: 99.88%
c [distill-long-red1] cls tried: 152/664 T: 0.02 T-out: Y T-r: -1.31%
c rst  luby ibes vmt  2799  2750K 2451    20000  2340 6.63    6.15    12431  1472   37K   151 25.67   25.60  
c rst  luby ibes vmt  2800  2750K 2451    20000  2340 6.63    6.15    12484  1393   37K   151 25.68   25.61  
c rst  luby ibes vmt  2801  2750K 2451    20000  2340 6.63    6.15    12484  1395   37K   151 25.70   25.63  
c rst  luby ibes vmt  2802  2750K 2451    20000  2340 6.63    6.15    12484  1403   37K   151 25.71   25.64  
c rst  luby ibes vmt  2803  2750K 2451    20000  2340 6.63    6.15    12485  1406   37K   151 25.71   25.64  
c rst  luby ibes vmt  2804  2750K 2451    20000  2340 6.63    6.15    12485  1416   37K   151 25.75   25.68  
c [full-probe]  bin_only: 1 set: 0 repl: 0 T: 0.01 T-out: N T-r: 99.89%
c [distill-bin] useful: 0/2340/2340 lits-rem: 0 cl-rem: 0 0-depth-assigns: 0 T: 0.01 T-out: N
c rst  luby ibes vmt  2805  2751K 2451    20000  2340 6.63    6.15    12486  1418   38K   151 25.80   25.73  
c rst  luby ibes vmt  2806  2751K 2451    20000  2340 6.63    6.15    12486  1419   38K   151 25.81   25.74  
c rst  luby ibes vmt  2807  2751K 2451    20000  2340 6.63    6.15    12486  1419   38K   151 25.81   25.74  
c rst  luby ibes vmt  2808  2751K 2451    20000  2340 6.63    6.15    12486  1420   38K   151 25.85   25.78  
c rst  luby ibes vmt  2809  2751K 2451    20000  2340 6.63    6.15    12486  1420   38K   151 25.86   25.79  
c rst  luby ibes vmt  2810  2751K 2451    20000  2340 6.63    6.15    12486  1420   38K   151 25.87   25.80  
c rst  luby ibes vmt  2811  2752K 2451    20000  2340 6.63    6.15    12486  1420   39K   151 25.89   25.82  
c rst  luby ibes vmt  2812  2752K 2451    20000  2340 6.63    6.15    12486  1423   39K   151 25.98   25.91  
c rst  luby ibes vmt  2813  2753K 2451    20000  2340 6.63    6.15    12487  1436   40K   151 26.10   26.04  
c rst  luby ibes vmt  2814  2753K 2451    20000  2340 6.63    6.15    12487  1437   40K   151 26.11   26.04  
c rst  luby ibes vmt  2815  2753K 2451    20000  2340 6.63    6.15    12487  1438   40K   151 26.11   26.05  
c rst  luby ibes vmt  2816  2753K 2451    20000  2340 6.63    6.15    12491  1446   40K   151 26.11   26.04  
c rst  luby ibes vmt  2817  2753K 2451    20000  2340 6.63    6.15    12491  1447   40K   151 26.12   26.05  
c rst  luby ibes vmt  2818  2753K 2451    20000  2340 6.63    6.15    12491  1447   40K   151 26.14   26.07  
c rst  luby ibes vmt  2819  2754K 2451    20000  2340 6.63    6.15    12491  1454   40K   151 26.13   26.07  
c rst  luby ibes vmt  2820  2754K 2451    20000  2340 6.63    6.15    12492  1468   41K   151 26.21   26.14  
c rst  luby ibes vmt  2821  2754K 2451    20000  2340 6.63    6.15    12492  1468   41K   151 26.21   26.15  
c rst  luby ibes vmt  2822  2754K 2451    20000  2340 6.63    6.15    12493  1488   41K   151 26.21   26.14  
c rst  luby ibes vmt  2823  2754K 2451    20000  2340 6.63    6.15    12494  1490   41K   151 26.22   26.16  
c rst  luby ibes vmt  2824  2755K 2451    20000  2340 6.63    6.15    12494  1491   41K   151 26.24   26.17  
c rst  luby ibes vmt  2825  2755K 2451    20000  2340 6.63    6.15    12494  1492   41K   151 26.24   26.17  
c rst  luby ibes vmt  2826  2755K 2451    20000  2340 6.63    6.15    12494  1496   42K   151 26.27   26.21  
c rst  luby ibes vmt  2827  2755K 2451    20000  2340 6.63    6.15    12494  1497   42K   151 26.33   26.27  
c rst  luby ibes vmt  2828  2756K 2451    20000  2340 6.63    6.15    12494  1502   43K   151 26.43   26.36  
c rst  luby ibes vmt  2829  2758K 2451    20000  2340 6.63    6.15    12494  1513   44K   151 26.57   26.51  
c rst  luby ibes vmt  2830  2758K 2451    20000  2340 6.63    6.15    12494  1515   45K   151 26.58   26.52  
c rst  luby ibes vmt  2831  2758K 2451    20000  2340 6.63    6.15    12494  1517   45K   151 26.59   26.53  
c rst  luby ibes vmt  2832  2758K 2451    20000  2340 6.63    6.15    12495  1524   45K   151 26.59   26.53  
c rst  luby ibes vmt  2833  2758K 2451    20000  2340 6.63    6.15    12495  1528   45K   151 26.60   26.54  
c rst  luby ibes vmt  2834  2758K 2451    20000  2340 6.63    6.15    12495  1530   45K   151 26.60   26.54  
c rst  luby ibes vmt  2835  2758K 2451    20000  2340 6.63    6.15    12495  1531   45K   151 26.61   26.55  
c rst  luby ibes vmt  2836  2759K 2451    20000  2340 6.63    6.15    12495  1536   46K   151 26.68   26.62  
c rst  luby ibes vmt  2837  2759K 2451    20000  2340 6.63    6.15    12495  1536   46K   151 26.68   26.62  
c rst  luby ibes vmt  2838  2759K 2451    20000  2340 6.63    6.15    12495  1536   46K   151 26.69   26.63  
c rst  luby ibes vmt  2839  2759K 2451    20000  2340 6.63    6.15    12495  1537   46K   151 26.71   26.64  
c rst  luby ibes vmt  2840  2759K 2451    20000  2340 6.63    6.15    12495  1538   46K   151 26.71   26.65  
c rst  luby ibes vmt  2841  2759K 2451    20000  2340 6.63    6.15    12495  1538   46K   151 26.72   26.66  
c rst  luby ibes vmt  2842  2760K 2451    20000  2340 6.63    6.15    12495  1545   46K   151 26.73   26.67  
c rst  luby ibes vmt  2843  2760K 2451    20000  2340 6.63    6.15    12612  1601   34K   151 24.98   24.91  
c rst  luby ibes vmt  2844  2761K 2451    20000  2340 6.63    6.15    12612  1605   35K   151 25.15   25.08  
c rst  luby ibes vmt  2845  2761K 2451    20000  2340 6.63    6.15    12612  1613   35K   151 25.14   25.07  
c rst  luby ibes vmt  2846  2761K 2451    20000  2340 6.63    6.15    12612  1618   35K   151 25.16   25.08  
c rst  luby ibes vmt  2847  2761K 2451    20000  2340 6.63    6.15    12612  1620   35K   151 25.18   25.11  
c rst  luby ibes vmt  2848  2761K 2451    20000  2340 6.63    6.15    12612  1621   35K   151 25.20   25.13  
c rst  luby ibes vmt  2849  2761K 2451    20000  2340 6.63    6.15    12612  1624   35K   151 25.20   25.13  
c rst  luby ibes vmt  2850  2762K 2451    20000  2340 6.63    6.15    12612  1629   35K   151 25.22   25.15  
c rst  luby ibes vmt  2851  2762K 2451    20000  2340 6.63    6.15    12612  1633   36K   151 25.28   25.21  
c rst  luby ibes vmt  2852  2762K 2451    20000  2340 6.63    6.15    12612  1637   36K   151 25.29   25.22  
c rst  luby ibes vmt  2853  2762K 2451    20000  2340 6.63    6.15    12612  1639   36K   151 25.31   25.24  
c rst  luby ibes vmt  2854  2762K 2451    20000  2340 6.63    6.15    12612  1642   36K   151 25.34   25.27  
c rst  luby ibes vmt  2855  2763K 2451    20000  2340 6.63    6.15    12612  1643   36K   151 25.35   25.29  
c rst  luby ibes vmt  2856  2763K 2451    20000  2340 6.63    6.15    12612  1645   36K   151 25.36   25.29  
c rst  luby svd  vmt  2857  2763K 2451    20000  2340 6.63    6.15    12612  1649   37K   151 25.39   25.32  
c rst  luby svd  vmt  2858  2763K 2451    20000  2340 6.63    6.15    12612  1657   37K   151 25.42   25.35  
c rst  luby svd  vmt  2859  2764K 2451    20000  2340 6.63    6.15    12614  1673   38K   151 25.54   25.47  
c [distill] watch-based irred--  cl tried 25884    cl-sh 0     cl-rem 0    lit-rem 0      T: 0.06 T-out: Y
c [distill] watch-based red  --  cl tried 21352    cl-sh 3     cl-rem 0    lit-rem 4      T: 0.05 T-out: Y
c rst  luby svd  vmt  2860  2766K 2451    20000  2340 6.63    6.15    12615  1681   39K   151 25.80   25.73  
c [distill-long-red0] cls tried: 148/148 T: 0.02 T-out: N T-r: 99.76%
c [distill-long-red1] cls tried: 157/896 T: 0.02 T-out: Y T-r: -0.64%
c rst  luby svd  vmt  2861  2769K 2451    20000  2340 6.63    6.15    12615  1700   43K   151 26.44   26.38  
c rst  luby svd  vmt  2862  2775K 2451    20000  2340 6.63    6.15    12704  1743   31K   151 25.47   25.39  
c [full-probe]  bin_only: 0 set: 0 repl: 0 T: 0.01 T-out: N T-r: 98.89%
c [distill-bin] useful: 0/2340/2340 lits-rem: 0 cl-rem: 0 0-depth-assigns: 0 T: 0.01 T-out: N
c [ccnr] tries: 0 steps: 262143 best found: 6
c [ccnr] saving best assignment phase to stable_polar
c [ccnr] bumping based on var unsat frequency: conflict_ct
c [ccnr] Bumped vars: 2453 bump type: 6
c [ccnr] time: 0.28
c rst  luby svd  vmt  2863  2788K 2451    20000  2340 6.63    6.15    12751  1745   43K   151 28.36   28.29  
c [distill-long-red0] cls tried: 119/119 T: 0.01 T-out: N T-r: 99.81%
c [distill-long-red1] cls tried: 124/945 T: 0.02 T-out: Y T-r: -1.46%
c rst  luby svd  vmt  2864  2788K 2451    20000  2340 6.63    6.15    12752  1747   44K   151 28.36   28.30  
c rst  luby svd  vmt  2865  2788K 2451    20000  2340 6.63    6.15    12752  1747   44K   151 28.39   28.32  
c rst  luby svd  vmt  2866  2789K 2451    20000  2340 6.63    6.15    12752  1749   44K   151 28.44   28.37  
c rst  luby svd  vmt  2867  2789K 2451    20000  2340 6.63    6.15    12752  1750   44K   151 28.46   28.39  
c rst  luby svd  vmt  2868  2789K 2451    20000  2340 6.63    6.15    12752  1752   44K   151 28.48   28.41  
c rst  luby svd  vmt  2869  2789K 2451    20000  2340 6.63    6.15    12752  1753   44K   151 28.52   28.45  
c rst  luby svd  vmt  2870  2789K 2451    20000  2340 6.63    6.15    12752  1754   45K   151 28.61   28.54  
c [distill] watch-based irred--  cl tried 28769    cl-sh 0     cl-rem 0    lit-rem 0      T: 0.05 T-out: Y
c [distill] watch-based red  --  cl tried 21632    cl-sh 0     cl-rem 0    lit-rem 0      T: 0.05 T-out: Y
c rst  luby svd  vmt  2871  2789K 2451    20000  2340 6.63    6.15    12752  1754   45K   151 28.61   28.54  
c rst  luby svd  vmt  2872  2790K 2451    20000  2340 6.63    6.15    12752  1755   45K   151 28.61   28.54  
c rst  luby svd  vmt  2873  2790K 2451    20000  2340 6.63    6.15    12776  2027   30K   151 27.47   27.39  
c rst  luby svd  vmt  2874  2790K 2451    20000  2340 6.63    6.15    12837  1891   31K   151 27.48   27.40  
c rst  luby svd  vmt  2875  2790K 2451    20000  2340 6.63    6.15    12837  1891   31K   151 27.50   27.42  
c rst  luby svd  vmt  2876  2790K 2451    20000  2340 6.63    6.15    12837  1895   31K   151 27.53   27.45  
c rst  luby svd  vmt  2877  2791K 2451    20000  2340 6.63    6.15    12838  1900   31K   151 27.59   27.50  
c rst  luby svd  vmt  2878  2791K 2451    20000  2340 6.63    6.15    12838  1906   32K   151 27.73   27.65  
c rst  luby svd  vmt  2879  2791K 2451    20000  2340 6.63    6.15    12838  1906   32K   151 27.73   27.65  
c rst  luby svd  vmt  2880  2792K 2451    20000  2340 6.63    6.15    12838  1907   32K   151 27.75   27.67  
c rst  luby svd  vmt  2881  2792K 2451    20000  2340 6.63    6.15    12838  1907   32K   151 27.80   27.72  
c rst  luby svd  vmt  2882  2792K 2451    20000  2340 6.63    6.15    12838  1907   33K   151 27.82   27.74  
c rst  luby svd  vmt  2883  2792K 2451    20000  2340 6.63    6.15    12838  1908   33K   151 27.85   27.77  
c rst  luby svd  vmt  2884  2792K 2451    20000  2340 6.63    6.15    12838  1909   33K   151 27.92   27.84  
c rst  luby svd  vmt  2885  2793K 2451    20000  2340 6.63    6.15    12838  1909   33K   151 27.97   27.89  
c rst  luby svd  vmt  2886  2793K 2451    20000  2340 6.63    6.15    12838  1909   33K   151 27.99   27.91  
c rst  luby svd  vmt  2887  2793K 2451    20000  2340 6.63    6.15    12838  1912   33K   151 28.01   27.93  
c rst  luby svd  vmt  2888  2793K 2451    20000  2340 6.63    6.15    12838  1913   34K   151 28.05   27.97  
c rst  luby svd  vmt  2889  2793K 2451    20000  2340 6.63    6.15    12838  1915   34K   151 28.06   27.98  
c rst  luby svd  vmt  2890  2793K 2451    20000  2340 6.63    6.15    12838  1915   34K   151 28.08   28.00  
c rst  luby svd  vmt  2891  2793K 2451    20000  2340 6.63    6.15    12838  1917   34K   151 28.11   28.03  
c rst  luby svd  vmt  2892  2794K 2451    20000  2340 6.63    6.15    12838  1918   34K   151 28.15   28.07  
c rst  luby svd  vmt  2893  2795K 2451    20000  2340 6.63    6.15    12838  1922   35K   151 28.33   28.25  
c rst  luby svd  vmt  2894  2796K 2451    20000  2340 6.63    6.15    12838  1923   37K   151 28.81   28.73  
c [full-probe]  bin_only: 1 set: 0 repl: 0 T: 0.01 T-out: N T-r: 99.88%
c [distill-bin] useful: 0/2340/2340 lits-rem: 0 cl-rem: 0 0-depth-assigns: 0 T: 0.01 T-out: N
c [gauss] XOR-encoding clauses are not detached, so no need to reattach them.
c [g 0] truth-find prop checks  : 1474K
c [g 0] -> of which prop        : 33.61 %
c [g 0] -> of which confl       :  1.03 %
c [g 0] elim called             : 143K
c [g 0] ---> which lead to prop : 136.70 %
c [g 0] ---> which lead to confl:  4.61 %
c [g 0] size: 70    x 153  
c [scc] new: 0 BP 0M T: 0.00
c [vrep] vars 0 lits 0 rem-bin-cls 0 rem-long-cls 0 BP 0M T: 0.01
c [intree] Set 0 vars hyper-added: 0 trans-irred: 0 trans-red: 0 T: 0.01 T-out: N T-r: -0.57%
c [find&init matx] performing matrix init
c [gauss] XOR-encoding clauses are not detached, so no need to reattach them.
c [xor-rem-unconnected] left with 204 xors from 204 non-empty xors T: 0.00
c [xor-together] xored together: 134 orig xors: 204 new xors: 70 T: 0.00
c [xor-rem-unconnected] left with 70 xors from 70 non-empty xors T: 0.00
c [xor-clean-equiv] removed equivalent xors: 0 left with: 70
c [matrix] unused xors from cleaning: 0
c [matrix] Good   matrix 0 70      x153    density:0.0757  xorlen avg: 11.59
c [matrix] Using 1 matrices recovered from 0 xors T: 0.00 T-out: N
c rst  geom best vmt  2895  2796K 2451    20000  2340 6.63    6.15    12838  1923   37K   151 28.81   28.73  
c rst  geom best vmt  2896  2796K 2451    20000  2340 6.63    6.15    12838  1924   37K   151 28.82   28.75  
c rst  geom best vmt  2897  2797K 2451    20000  2340 6.63    6.15    12838  1924   37K   151 28.83   28.75  
c rst  geom best vmt  2898  2797K 2451    20000  2340 6.63    6.15    12838  1925   37K   151 28.83   28.75  
c rst  geom best vmt  2899  2797K 2451    20000  2340 6.63    6.15    12838  1925   38K   151 28.84   28.76  
c rst  geom best vmt  2900  2797K 2451    20000  2340 6.63    6.15    12838  1926   38K   151 28.85   28.78  
c rst  geom best vmt  2901  2797K 2451    20000  2340 6.63    6.15    12840  1928   38K   151 28.86   28.78  
c rst  geom best vmt  2902  2797K 2451    20000  2340 6.63    6.15    12840  1928   38K   151 28.85   28.78  
c rst  geom best vmt  2903  2798K 2451    20000  2340 6.63    6.15    12840  1928   38K   151 28.87   28.79  
c rst  geom best vmt  2904  2798K 2451    20000  2340 6.63    6.15    12840  1929   39K   151 28.85   28.78  
c rst  geom best vmt  2905  2798K 2451    20000  2340 6.63    6.15    12840  1932   39K   151 28.85   28.77  
c rst  geom best vmt  2906  2799K 2451    20000  2340 6.63    6.15    12840  1942   39K   151 28.85   28.78  
c rst  geom best vmt  2907  2799K 2451    20000  2340 6.63    6.15    12840  1944   39K   151 28.83   28.75  
c rst  geom best vmt  2908  2799K 2451    20000  2340 6.63    6.15    12840  1945   40K   151 28.81   28.73  
c rst  geom best vmt  2909  2800K 2451    20000  2340 6.63    6.15    12840  1946   40K   151 28.78   28.70  
c rst  geom best vmt  2910  2800K 2451    20000  2340 6.63    6.15    12907  1810   41K   151 28.77   28.70  
c rst  geom best vmt  2911  2801K 2451    20000  2340 6.63    6.15    12907  1811   41K   151 28.80   28.73  
c rst  geom best vmt  2912  2801K 2451    20000  2340 6.63    6.15    12907  1818   42K   151 28.86   28.79  
c rst  geom best vmt  2913  2802K 2451    20000  2340 6.63    6.15    12908  1832   42K   151 28.89   28.82  
c rst  geom best vmt  2914  2802K 2451    20000  2340 6.63    6.15    12908  1845   43K   151 28.96   28.89  
c rst  geom best vmt  2915  2803K 2451    20000  2340 6.63    6.15    12908  1855   44K   151 28.95   28.88  
c rst  geom best vmt  2916  2804K 2451    20000  2340 6.63    6.15    12908  1858   45K   151 28.95   28.89  
c [distill-long-red0] cls tried: 122/122 T: 0.01 T-out: N T-r: 99.81%
c [distill-long-red1] cls tried: 142/1055 T: 0.02 T-out: Y T-r: -0.85%
c rst  geom best vmt  2917  2805K 2451    20000  2340 6.63    6.15    12917  2039   30K   151 26.67   26.59  
c rst  geom best vmt  2918  2806K 2451    20000  2340 6.63    6.15    12917  2045   31K   151 26.70   26.62  
c rst  geom best vmt  2919  2807K 2451    20000  2340 6.63    6.15    12917  2048   32K   151 26.76   26.69  
c [impl-str] lit bin: 0 set-var: 0 T: 0.00 T-out: N T-r: 99.98% w-visit: 4906
c [impl-sub] bin: 0 T: 0.00 T-out: N w-visit: 4906
c rst  geom best vmt  2920  2808K 2451    20000  2340 6.63    6.15    12917  2057   33K   151 26.96   26.88  
c rst  geom best vmt  2921  2809K 2451    20000  2340 6.63    6.15    12917  2063   35K   151 27.02   26.94  
c rst  geom best vmt  2922  2811K 2451    20000  2340 6.63    6.15    12979  1896   36K   151 27.06   26.99  
c rst  geom best vmt  2923  2812K 2451    20000  2340 6.63    6.15    12991  2015   38K   151 26.98   26.91  
c rst  geom best vmt  2924  2814K 2451    20000  2340 6.63    6.15    12992  2028   39K   151 27.01   26.94  
c rst  geom best vmt  2925  2816K 2451    20000  2340 6.63    6.15    12992  2069   41K   151 27.46   27.40  
c [distill] watch-based irred--  cl tried 27807    cl-sh 0     cl-rem 0    lit-rem 0      T: 0.05 T-out: Y
c [distill] watch-based red  --  cl tried 23398    cl-sh 1     cl-rem 0    lit-rem 1      T: 0.05 T-out: Y
c rst  geom best vmt  2926  2818K 2451    20000  2340 6.63    6.15    12992  2102   43K   151 27.44   27.37  
c [full-probe]  bin_only: 0 set: 0 repl: 0 T: 0.01 T-out: N T-r: 98.72%
c [distill-bin] useful: 0/2340/2340 lits-rem: 0 cl-rem: 0 0-depth-assigns: 0 T: 0.01 T-out: N
c rst  geom best vmt  2927  2820K 2451    20000  2340 6.63    6.15    13156  2147   34K   151 24.84   24.77  
c [distill-long-red0] cls tried: 228/228 T: 0.02 T-out: N T-r: 99.69%
c [distill-long-red1] cls tried: 139/1342 T: 0.02 T-out: Y T-r: -0.75%
c [ccnr] tries: 0 steps: 262143 best found: 7
c [ccnr] saving best assignment phase to stable_polar
c [ccnr] bumping based on var unsat frequency: conflict_ct
c [ccnr] Bumped vars: 2453 bump type: 6
c [ccnr] time: 0.29
c rst  geom best vmt  2928  2822K 2451    20000  2340 6.63    6.15    13157  2194   36K   151 25.40   25.33  
c rst  geom best vmt  2929  2825K 2451    20000  2340 6.63    6.15    13158  2227   39K   151 25.88   25.81  
c rst  geom best vmt  2930  2828K 2451    20000  2340 6.63    6.15    13158  2270   42K   151 26.26   26.20  
c rst  geom best vmt  2931  2832K 2451    20000  2340 6.63    6.15    13281  1980   45K   151 26.43   26.37  
c rst  geom stb  vmt  2932  2835K 2451    20000  2340 6.63    6.15    13306  2409   33K   151 24.57   24.50  
c [distill-long-red0] cls tried: 124/124 T: 0.01 T-out: N T-r: 99.85%
c [distill-long-red1] cls tried: 164/1591 T: 0.02 T-out: Y T-r: -0.89%
c rst  geom stb  vmt  2933  2839K 2451    20000  2340 6.63    6.15    13307  2443   37K   151 25.75   25.68  
c [full-probe]  bin_only: 1 set: 0 repl: 0 T: 0.00 T-out: N T-r: 99.92%
c [distill-bin] useful: 0/2340/2340 lits-rem: 0 cl-rem: 0 0-depth-assigns: 0 T: 0.01 T-out: N
c rst  geom stb  vmt  2934  2844K 2451    20000  2340 6.63    6.15    13405  2227   42K   151 26.68   26.61  
c [distill] watch-based irred--  cl tried 25993    cl-sh 0     cl-rem 0    lit-rem 0      T: 0.05 T-out: Y
c [distill] watch-based red  --  cl tried 23906    cl-sh 1     cl-rem 0    lit-rem 1      T: 0.05 T-out: Y
c rst  geom stb  vmt  2935  2848K 2451    20000  2340 6.63    6.15    13408  2264   47K   151 27.32   27.26  
c rst  geom stb  vmt  2936  2854K 2451    20000  2340 6.63    6.15    13521  2297   32K   151 26.72   26.64  
c [distill-long-red0] cls tried: 196/196 T: 0.02 T-out: N T-r: 99.77%
c [distill-long-red1] cls tried: 167/1447 T: 0.02 T-out: Y T-r: -1.08%
c rst  geom stb  vmt  2937  2859K 2451    20000  2340 6.63    6.15    13522  2309   38K   151 27.79   27.72  
c [full-probe]  bin_only: 0 set: 0 repl: 0 T: 0.01 T-out: N T-r: 98.79%
c [distill-bin] useful: 0/2340/2340 lits-rem: 0 cl-rem: 0 0-depth-assigns: 0 T: 0.01 T-out: N
c rst  geom stb  vmt  2938  2866K 2451    20000  2340 6.63    6.15    13572  2255   27K   151 25.45   25.36  
c [gauss] XOR-encoding clauses are not detached, so no need to reattach them.
c [g 0] truth-find prop checks  : 1621K
c [g 0] -> of which prop        : 32.76 %
c [g 0] -> of which confl       :  0.97 %
c [g 0] elim called             : 160K
c [g 0] ---> which lead to prop : 139.44 %
c [g 0] ---> which lead to confl:  4.36 %
c [g 0] size: 70    x 153  
c [scc] new: 0 BP 0M T: 0.00
c [vrep] vars 0 lits 0 rem-bin-cls 0 rem-long-cls 0 BP 0M T: 0.00
c [intree] Set 0 vars hyper-added: 0 trans-irred: 0 trans-red: 0 T: 0.01 T-out: N T-r: -0.61%
c [find&init matx] performing matrix init
c [gauss] XOR-encoding clauses are not detached, so no need to reattach them.
c [xor-rem-unconnected] left with 204 xors from 204 non-empty xors T: 0.00
c [xor-together] xored together: 134 orig xors: 204 new xors: 70 T: 0.00
c [xor-rem-unconnected] left with 70 xors from 70 non-empty xors T: 0.00
c [xor-clean-equiv] removed equivalent xors: 0 left with: 70
c [matrix] unused xors from cleaning: 0
c [matrix] Good   matrix 0 70      x153    density:0.0757  xorlen avg: 11.59
c [matrix] Using 1 matrices recovered from 0 xors T: 0.00 T-out: N
c [ccnr] tries: 0 steps: 262143 best found: 7
c [ccnr] saving best assignment phase to stable_polar
c [ccnr] bumping based on clause weights
c [ccnr] Bumped vars: 103 bump type: 6
c [ccnr] time: 0.29
c rst  geom ibes vmt  2939  2873K 2451    20000  2340 6.63    6.15    13696  2242   34K   151 26.41   26.34  
c [distill-long-red0] cls tried: 157/157 T: 0.02 T-out: N T-r: 99.77%
c [distill-long-red1] cls tried: 130/1384 T: 0.02 T-out: Y T-r: -0.42%
c [distill] watch-based irred--  cl tried 30528    cl-sh 0     cl-rem 0    lit-rem 0      T: 0.05 T-out: N
c [distill] watch-based red  --  cl tried 26453    cl-sh 1     cl-rem 0    lit-rem 1      T: 0.05 T-out: Y
c [impl-str] lit bin: 0 set-var: 0 T: 0.00 T-out: N T-r: 99.97% w-visit: 4906
c [impl-sub] bin: 0 T: 0.00 T-out: N w-visit: 4906
c rst  geom ibes vmt  2940  2881K 2451    20000  2340 6.63    6.15    13764  2348   31K   151 25.21   25.13  
c [full-probe]  bin_only: 1 set: 0 repl: 0 T: 0.01 T-out: N T-r: 99.83%
c [distill-bin] useful: 0/2340/2340 lits-rem: 0 cl-rem: 0 0-depth-assigns: 0 T: 0.01 T-out: N
c rst  geom ibes vmt  2941  2889K 2451    20000  2340 6.63    6.15    13764  2380   40K   151 26.04   25.97  
c [distill-long-red0] cls tried: 59/59 T: 0.01 T-out: N T-r: 99.91%
c [distill-long-red1] cls tried: 105/1478 T: 0.02 T-out: Y T-r: -1.59%
c rst  geom ibes vmt  2942  2899K 2451    20000  2340 6.63    6.15    13796  2207   38K   151 24.89   24.83  
c [distill] watch-based irred--  cl tried 30528    cl-sh 0     cl-rem 0    lit-rem 0      T: 0.05 T-out: N
c [distill] watch-based red  --  cl tried 24266    cl-sh 1     cl-rem 0    lit-rem 1      T: 0.05 T-out: Y
c rst  geom ibes vmt  2943  2909K 2451    20000  2340 6.63    6.15    13820  1868   48K   151 26.10   26.04  
c [distill-long-red0] cls tried: 56/56 T: 0.01 T-out: N T-r: 99.90%
c [distill-long-red1] cls tried: 97/1205 T: 0.02 T-out: Y T-r: -1.47%
c [full-probe]  bin_only: 0 set: 0 repl: 0 T: 0.01 T-out: N T-r: 98.79%
c [distill-bin] useful: 0/2340/2340 lits-rem: 0 cl-rem: 0 0-depth-assigns: 0 T: 0.01 T-out: N
c rst  geom svd  vmt  2944  2914K 2451    20000  2340 6.63    6.15    13881  1807   39K   151 25.03   24.97  
c recursive minimization cost OK: 2679Kcost/(% lits removed)
c [gauss] XOR-encoding clauses are not detached, so no need to reattach them.
c [g 0] truth-find prop checks  : 1073K
c [g 0] -> of which prop        : 32.26 %
c [g 0] -> of which confl       :  0.98 %
c [g 0] elim called             : 109K
c [g 0] ---> which lead to prop : 130.86 %
c [g 0] ---> which lead to confl:  4.63 %
c [g 0] size: 70    x 153  
c --> Executing strategy token: scc-vrepl
c [scc] new: 0 BP 0M T: 0.00
c --> Executing strategy token: sub-impl
c [impl-sub] bin: 0 T: 0.00 T-out: N w-visit: 4906
c --> Executing strategy token: breakid
c --> Executing OCC strategy token(s): 'occ-backw-sub-str,occ-clean-implicit,occ-bve,occ-bva,occ-ternary-res,occ-xor,'
c [occ] mem usage for occur 2      MB
c [occ] Linked in IRRED BIN by default: 2340
c [occ] Linked in RED   BIN by default: 151
c [occ] mem usage for occur 1      MB
c Mem for watch alloc      : 22          MB (33.55     %)
c Mem for watch array      : 0           MB (0.17      %)
c --> Executing OCC strategy token: occ-backw-sub-str
c [occ-backw-sub-str-long-w-bins] subs: 0 str: 2 tried: 81303 0-depth ass: 0 T: 0.00 T-out: N T-r: 99.63%
c [occ-backw-sub-long-w-long] rem cl: 176 tried: 74865/74865 (100.0%) T: 0.02 T-out: N T-r: 94.25%
c [occ-backw-sub-str-long-w-long] sub: 7 str: 137 tried: 224595/74865 (300.0)  T: 0.12 T-out: N T-r: 88.91%
c --> Executing OCC strategy token: occ-clean-implicit
c --> Executing OCC strategy token: occ-bve
c [occ-empty-res] Empty resolvent elimed: 0 T: 0.00 T-out: N
c [occ-bve] iter v-elim 0
c cl_inc_rate=1.0, var_dec_rate=1.0 (grow=0)
c Reduced to 2451 vars, 22340 cls (grow=0)
c [occ-bve] turning off picosat-based irreg gate detection, added lits:  544K
c [occ-bve] iter v-elim 0
c cl_inc_rate=1.0, var_dec_rate=1.0 (grow=8)
c Reduced to 2451 vars, 22340 cls (grow=8)
c [occ-bve] iter v-elim 0
c cl_inc_rate=1.0, var_dec_rate=1.0 (grow=16)
c Reduced to 2451 vars, 22340 cls (grow=16)
c x n vars       : 2451
c #try to eliminate:  7353
c #var-elim        :     0
c #T-o: N
c #T-r: 99.99%
c #T  : 1.51
c [occur] 0.04 is overhead
c [occur] link-in T: 0.04 cleanup T: 0.00
c --> Executing OCC strategy token: occ-bva
c --> Executing OCC strategy token: occ-ternary-res
c [occ-ternary-res] Ternary res-tri: 0 res-bin: 0 sub: 0 str: 0 T: 0.00 T-out: N T-r: 99.90%
c --> Executing OCC strategy token: occ-xor
c [occ-xor] sort occur list T: 0.01
c [xor-clean-equiv] removed equivalent xors: 0 left with: 202
c [occ-xor] found    202 avg sz 5.3 min sz  4 max sz  6 T: 0.01 T-out: N T-r: 99.98%
c --> Executing strategy token: card-find
c --> Executing strategy token: cl-consolidate
c Not consolidating memory.
c --> Executing strategy token: scc-vrepl
c [scc] new: 0 BP 0M T: 0.00
c --> Executing strategy token: renumber
c --> Executing strategy token: bosphorus
c --> Executing strategy token: louvain-comms
c [consolidate] mini T: 0.00
c global_timeout_multiplier: 8.5594
c [branch] rebuilding order heap for all branchings. Current branching: vmtf
c [find&init matx] performing matrix init
c [gauss] XOR-encoding clauses are not detached, so no need to reattach them.
c [xor-rem-unconnected] left with 202 xors from 202 non-empty xors T: 0.00
c [xor-together] xored together: 133 orig xors: 202 new xors: 69 T: 0.00
c [xor-rem-unconnected] left with 69 xors from 69 non-empty xors T: 0.00
c [xor-clean-equiv] removed equivalent xors: 0 left with: 69
c [matrix] unused xors from cleaning: 0
c [matrix] Good   matrix  0     69 x  151  density:0.0769  xorlen avg: 11.61
c [matrix] Using 1 matrices recovered from 0 xors T: 0.00 T-out: N
c [ccnr] tries: 0 steps: 262143 best found: 4
c [ccnr] saving best assignment phase to stable_polar
c [ccnr] bumping based on var unsat frequency: conflict_ct
c [ccnr] Bumped vars: 2453 bump type: 6
c [ccnr] time: 0.29
c rst  geom  svd  vmt  2945 2920K    2451 20000  2340    6.63    6.15 13804  1754   45K   151   26.68   26.62
c rst  geom  svd  vmt  2946 2933K    2451 20000  2340    6.63    6.15 13887  1824   37K   151   28.94   28.86
c [distill-long-red0] cls tried: 230/230 T: 0.02 T-out: N T-r: 99.77%
c [distill-long-red1] cls tried: 141/1217 T: 0.02 T-out: Y T-r: -2.00%
c [full-probe]  bin_only: 1 set: 0 repl: 0 T: 0.01 T-out: N T-r: 99.85%
c [distill-bin] useful: 0/2340/2340 lits-rem: 0 cl-rem: 0 0-depth-assigns: 0 T: 0.01 T-out: N
c [distill] watch-based irred--  cl tried    30656 cl-sh     0 cl-rem    0 lit-rem      0 T: 0.05 T-out: N
c [distill] watch-based   red--  cl tried    27425 cl-sh     2 cl-rem    0 lit-rem      2 T: 0.05 T-out: Y
c [gauss] XOR-encoding clauses are not detached, so no need to reattach them.
c [g 0] truth-find prop checks  : 381K
c [g 0] -> of which prop        : 45.00 %
c [g 0] -> of which confl       :  1.17 %
c [g 0] elim called             : 25K
c [g 0] ---> which lead to prop : 185.17 %
c [g 0] ---> which lead to confl:  5.38 %
c [g 0] size: 69    x 151  
c [scc] new: 0 BP 0M T: 0.00
c [vrep] vars 0 lits 0 rem-bin-cls 0 rem-long-cls 0 BP 0M T: 0.01
c [intree] Set 0 vars hyper-added: 0 trans-irred: 0 trans-red: 0 T: 0.01 T-out: N T-r: -0.14%
c [find&init matx] performing matrix init
c [gauss] XOR-encoding clauses are not detached, so no need to reattach them.
c [xor-rem-unconnected] left with 202 xors from 202 non-empty xors T: 0.00
c [xor-together] xored together: 133 orig xors: 202 new xors: 69 T: 0.00
c [xor-rem-unconnected] left with 69 xors from 69 non-empty xors T: 0.00
c [xor-clean-equiv] removed equivalent xors: 0 left with: 69
c [matrix] unused xors from cleaning: 0
c [matrix] Good   matrix 0 69      x151    density:0.0769  xorlen avg: 11.61
c [matrix] Using 1 matrices recovered from 0 xors T: 0.00 T-out: N
c rst  geom svd  vmt  2947  2947K 2451    20000  2340 6.63    6.15    13944  1539   29K   151 29.20   29.11  
c [impl-str] lit bin: 0 set-var: 0 T: 0.00 T-out: N T-r: 99.98% w-visit: 4906
c [impl-sub] bin: 0 T: 0.00 T-out: N w-visit: 4906
c rst  geom best vmt  2948  2962K 2451    20000  2340 6.63    6.15    14014  1371   32K   151 27.84   27.76  
c [branch] adjusting to: vsid (from: vmtf) var_decay:0.95 descr: VSIDS
c [distill-long-red0] cls tried: 116/116 T: 0.01 T-out: N T-r: 99.89%
c [distill-long-red1] cls tried: 178/975 T: 0.02 T-out: Y T-r: -0.34%
c [full-probe]  bin_only: 0 set: 0 repl: 0 T: 0.01 T-out: N T-r: 98.97%
c [distill-bin] useful: 0/2340/2340 lits-rem: 0 cl-rem: 0 0-depth-assigns: 0 T: 0.01 T-out: N
c [distill] watch-based irred--  cl tried 30656    cl-sh 0     cl-rem 0    lit-rem 0      T: 0.05 T-out: N
c [distill] watch-based red  --  cl tried 26136    cl-sh 2     cl-rem 0    lit-rem 2      T: 0.05 T-out: Y
c [ccnr] tries: 0 steps: 262143 best found: 6
c [ccnr] saving best assignment phase to stable_polar
c [ccnr] bumping based on var unsat frequency: conflict_ct
c [ccnr] Bumped vars: 2453 bump type: 6
c [ccnr] time: 0.32
c rst  geom best vs   2949  2962K 2451    20000  2340 6.63    6.15    14014  1371   32K   151 27.84   27.76  
c rst  geom best vs   2950  2962K 2451    20000  2340 6.63    6.15    14014  1371   33K   151 27.84   27.76  
c rst  geom best vs   2951  2962K 2451    20000  2340 6.63    6.15    14014  1371   33K   151 27.85   27.77  
c rst  geom best vs   2952  2962K 2451    20000  2340 6.63    6.15    14014  1373   33K   151 27.84   27.76  
c rst  geom best vs   2953  2962K 2451    20000  2340 6.63    6.15    14014  1373   33K   151 27.84   27.76  
c rst  geom best vs   2954  2963K 2451    20000  2340 6.63    6.15    14014  1373   33K   151 27.84   27.76  
c rst  geom best vs   2955  2963K 2451    20000  2340 6.63    6.15    14014  1373   33K   151 27.86   27.78  
c rst  geom best vs   2956  2963K 2451    20000  2340 6.63    6.15    14014  1375   34K   151 27.87   27.79  
c rst  geom best vs   2957  2963K 2451    20000  2340 6.63    6.15    14014  1375   34K   151 27.87   27.79  
c rst  geom best vs   2958  2964K 2451    20000  2340 6.63    6.15    14014  1375   34K   151 27.87   27.79  
c rst  geom best vs   2959  2964K 2451    20000  2340 6.63    6.15    14014  1375   34K   151 27.87   27.79  
c rst  geom best vs   2960  2964K 2451    20000  2340 6.63    6.15    14014  1378   35K   151 27.89   27.81  
c rst  geom best vs   2961  2964K 2451    20000  2340 6.63    6.15    14014  1379   35K   151 27.91   27.83  
c rst  geom best vs   2962  2965K 2451    20000  2340 6.63    6.15    14014  1381   35K   151 27.92   27.84  
c rst  geom best vs   2963  2965K 2451    20000  2340 6.63    6.15    14014  1381   36K   151 27.91   27.84  
c rst  geom best vs   2964  2966K 2451    20000  2340 6.63    6.15    14014  1381   36K   151 27.93   27.86  
c rst  geom best vs   2965  2966K 2451    20000  2340 6.63    6.15    14014  1382   37K   151 27.95   27.88  
c rst  geom best vs   2966  2967K 2451    20000  2340 6.63    6.15    14014  1384   37K   151 27.97   27.90  
c rst  geom best vs   2967  2967K 2451    20000  2340 6.63    6.15    14014  1385   38K   151 27.96   27.88  
c rst  geom best vs   2968  2968K 2451    20000  2340 6.63    6.15    14014  1386   38K   151 27.95   27.88  
c rst  geom best vs   2969  2969K 2451    20000  2340 6.63    6.15    14014  1391   39K   151 27.94   27.87  
c rst  geom best vs   2970  2970K 2451    20000  2340 6.63    6.15    14014  1392   40K   151 28.00   27.93  
c rst  geom best vs   2971  2970K 2451    20000  2340 6.63    6.15    14058  1285   31K   151 25.45   25.37  
c rst  geom best vs   2972  2971K 2451    20000  2340 6.63    6.15    14058  1291   32K   151 25.51   25.44  
c rst  geom best vs   2973  2972K 2451    20000  2340 6.63    6.15    14058  1293   33K   151 25.63   25.56  
c rst  geom best vs   2974  2974K 2451    20000  2340 6.63    6.15    14058  1297   35K   151 25.70   25.63  
c rst  geom best vs   2975  2975K 2451    20000  2340 6.63    6.15    14058  1298   36K   151 25.76   25.69  
c rst  geom best vs   2976  2976K 2451    20000  2340 6.63    6.15    14059  1306   37K   151 25.79   25.73  
c rst  geom best vs   2977  2978K 2451    20000  2340 6.63    6.15    14059  1309   39K   151 25.86   25.80  
c [distill-long-red0] cls tried: 43/43 T: 0.00 T-out: N T-r: 99.95%
c [distill-long-red1] cls tried: 178/810 T: 0.02 T-out: Y T-r: -1.53%
c rst  geom best vs   2978  2979K 2451    20000  2340 6.63    6.15    14059  1311   41K   151 25.93   25.86  
c rst  geom best vs   2979  2981K 2451    20000  2340 6.63    6.15    14080  1117   43K   151 26.03   25.96  
c rst  geom stb  vs   2980  2983K 2451    20000  2340 6.63    6.15    14081  1121   45K   151 26.37   26.31  
c [full-probe]  bin_only: 1 set: 0 repl: 0 T: 0.01 T-out: N T-r: 99.84%
c [distill-bin] useful: 0/2340/2340 lits-rem: 0 cl-rem: 0 0-depth-assigns: 0 T: 0.01 T-out: N
c rst  geom stb  vs   2981  2986K 2451    20000  2340 6.63    6.15    14086  1218   33K   151 23.65   23.59  
c rst  geom stb  vs   2982  2988K 2451    20000  2340 6.63    6.15    14086  1226   36K   151 24.18   24.11  
c [distill] watch-based irred--  cl tried 30656    cl-sh 0     cl-rem 0    lit-rem 0      T: 0.05 T-out: N
c [distill] watch-based red  --  cl tried 24617    cl-sh 0     cl-rem 0    lit-rem 0      T: 0.05 T-out: Y
c rst  geom stb  vs   2983  2991K 2451    20000  2340 6.63    6.15    14124   957   39K   151 24.55   24.48  
c rst  geom stb  vs   2984  2994K 2451    20000  2340 6.63    6.15    14126   985   42K   151 24.97   24.91  
c [distill-long-red0] cls tried: 59/59 T: 0.00 T-out: N T-r: 99.94%
c [distill-long-red1] cls tried: 161/506 T: 0.02 T-out: Y T-r: -0.52%
c rst  geom stb  vs   2985  2997K 2451    20000  2340 6.63    6.15    14126   996   45K   151 25.23   25.17  
c rst  geom stb  vs   2986  3001K 2451    20000  2340 6.63    6.15    14170   926   31K   151 23.14   23.07  
c [gauss] XOR-encoding clauses are not detached, so no need to reattach them.
c [g 0] truth-find prop checks  : 1538K
c [g 0] -> of which prop        : 34.81 %
c [g 0] -> of which confl       :  1.11 %
c [g 0] elim called             : 144K
c [g 0] ---> which lead to prop : 153.91 %
c [g 0] ---> which lead to confl:  5.34 %
c [g 0] size: 69    x 151  
c [scc] new: 0 BP 0M T: 0.00
c [vrep] vars 0 lits 0 rem-bin-cls 0 rem-long-cls 0 BP 0M T: 0.00
c [intree] Set 0 vars hyper-added: 0 trans-irred: 0 trans-red: 0 T: 0.01 T-out: N T-r: -0.36%
c [find&init matx] performing matrix init
c [gauss] XOR-encoding clauses are not detached, so no need to reattach them.
c [xor-rem-unconnected] left with 202 xors from 202 non-empty xors T: 0.00
c [xor-together] xored together: 133 orig xors: 202 new xors: 69 T: 0.00
c [xor-rem-unconnected] left with 69 xors from 69 non-empty xors T: 0.00
c [xor-clean-equiv] removed equivalent xors: 0 left with: 69
c [matrix] unused xors from cleaning: 0
c [matrix] Good   matrix 0 69      x151    density:0.0769  xorlen avg: 11.61
c [matrix] Using 1 matrices recovered from 0 xors T: 0.00 T-out: N
c rst  geom stb  vs   2987  3005K 2451    20000  2340 6.63    6.15    14172   938   35K   151 23.89   23.82  
c [full-probe]  bin_only: 0 set: 0 repl: 0 T: 0.01 T-out: N T-r: 98.77%
c [distill-bin] useful: 0/2340/2340 lits-rem: 0 cl-rem: 0 0-depth-assigns: 0 T: 0.01 T-out: N
c rst  geom stb  vs   2988  3009K 2451    20000  2340 6.63    6.15    14173   949   40K   151 24.47   24.41  
c [distill-long-red0] cls tried: 40/40 T: 0.00 T-out: N T-r: 99.96%
c [distill-long-red1] cls tried: 183/383 T: 0.02 T-out: Y T-r: -0.22%
c [impl-str] lit bin: 0 set-var: 0 T: 0.00 T-out: N T-r: 99.98% w-visit: 4906
c [impl-sub] bin: 0 T: 0.00 T-out: N w-visit: 4906
c [ccnr] tries: 0 steps: 262143 best found: 8
c [ccnr] saving best assignment phase to stable_polar
c [ccnr] bumping based on clause weights
c [ccnr] Bumped vars: 101 bump type: 6
c [ccnr] time: 0.29
c rst  geom stb  vs   2989  3014K 2451    20000  2340 6.63    6.15    14191   828   44K   151 25.64   25.59  
c [distill] watch-based irred--  cl tried 27297    cl-sh 0     cl-rem 0    lit-rem 0      T: 0.06 T-out: Y
c [distill] watch-based red  --  cl tried 24919    cl-sh 0     cl-rem 0    lit-rem 0      T: 0.05 T-out: Y
c rst  geom stb  vs   2990  3019K 2451    20000  2340 6.63    6.15    14197   901   32K   151 25.08   25.01  
c rst  geom ibes vs   2991  3025K 2451    20000  2340 6.63    6.15    14208   776   38K   151 25.99   25.92  
c [distill-long-red0] cls tried: 25/25 T: 0.00 T-out: N T-r: 99.98%
c [distill-long-red1] cls tried: 227/227 T: 0.02 T-out: N T-r: 5.04%
c [full-probe]  bin_only: 1 set: 0 repl: 0 T: 0.01 T-out: N T-r: 99.85%
c [distill-bin] useful: 0/2340/2340 lits-rem: 0 cl-rem: 0 0-depth-assigns: 0 T: 0.01 T-out: N
c rst  geom ibes vs   2992  3032K 2451    20000  2340 6.63    6.15    14223   815   29K   151 24.68   24.60  
c rst  geom ibes vs   2993  3039K 2451    20000  2340 6.63    6.15    14223   842   36K   151 25.23   25.17  
c rst  geom ibes vs   2994  3046K 2451    20000  2340 6.63    6.15    14239   936   33K   151 24.14   24.08  
c [distill-long-red0] cls tried: 20/20 T: 0.00 T-out: N T-r: 99.98%
c [distill-long-red1] cls tried: 217/238 T: 0.02 T-out: Y T-r: -0.45%
c [full-probe]  bin_only: 0 set: 0 repl: 0 T: 0.01 T-out: N T-r: 98.97%
c [distill-bin] useful: 0/2340/2340 lits-rem: 0 cl-rem: 0 0-depth-assigns: 0 T: 0.01 T-out: N
c [distill] watch-based irred--  cl tried 28659    cl-sh 0     cl-rem 0    lit-rem 0      T: 0.05 T-out: Y
c [distill] watch-based red  --  cl tried 25969    cl-sh 0     cl-rem 0    lit-rem 0      T: 0.05 T-out: Y
c rst  geom ibes vs   2995  3055K 2451    20000  2340 6.63    6.15    14268   849   42K   151 24.92   24.86  
c [ccnr] tries: 0 steps: 262143 best found: 7
c [ccnr] saving best assignment phase to stable_polar
c [ccnr] bumping based on var unsat frequency: conflict_ct
c [ccnr] Bumped vars: 2453 bump type: 6
c [ccnr] time: 0.30
c rst  geom svd  vs   2996  3064K 2451    20000  2340 6.63    6.15    14281   883   39K   151 23.37   23.31  
c [distill-long-red0] cls tried: 17/17 T: 0.00 T-out: N T-r: 99.98%
c [distill-long-red1] cls tried: 155/155 T: 0.02 T-out: N T-r: 31.17%
c rst  geom svd  vs   2997  3075K 2451    20000  2340 6.63    6.15    14308   823   49K   151 25.18   25.13  
c [full-probe]  bin_only: 1 set: 0 repl: 0 T: 0.01 T-out: N T-r: 99.83%
c [distill-bin] useful: 0/2340/2340 lits-rem: 0 cl-rem: 0 0-depth-assigns: 0 T: 0.02 T-out: N
c [distill] watch-based irred--  cl tried 26942    cl-sh 0     cl-rem 0    lit-rem 0      T: 0.06 T-out: Y
c [distill] watch-based red  --  cl tried 24084    cl-sh 0     cl-rem 0    lit-rem 0      T: 0.05 T-out: Y
c [impl-str] lit bin: 0 set-var: 0 T: 0.00 T-out: N T-r: 99.97% w-visit: 4906
c [impl-sub] bin: 0 T: 0.00 T-out: N w-visit: 4906
c [gauss] XOR-encoding clauses are not detached, so no need to reattach them.
c [g 0] truth-find prop checks  : 1581K
c [g 0] -> of which prop        : 37.09 %
c [g 0] -> of which confl       :  1.03 %
c [g 0] elim called             : 155K
c [g 0] ---> which lead to prop : 142.67 %
c [g 0] ---> which lead to confl:  4.18 %
c [g 0] size: 69    x 151  
c [scc] new: 0 BP 0M T: 0.00
c [vrep] vars 0 lits 0 rem-bin-cls 0 rem-long-cls 0 BP 0M T: 0.01
c [intree] Set 0 vars hyper-added: 0 trans-irred: 0 trans-red: 0 T: 0.01 T-out: N T-r: -0.58%
c [find&init matx] performing matrix init
c [gauss] XOR-encoding clauses are not detached, so no need to reattach them.
c [xor-rem-unconnected] left with 202 xors from 202 non-empty xors T: 0.00
c [xor-together] xored together: 133 orig xors: 202 new xors: 69 T: 0.00
c [xor-rem-unconnected] left with 69 xors from 69 non-empty xors T: 0.00
c [xor-clean-equiv] removed equivalent xors: 0 left with: 69
c [matrix] unused xors from cleaning: 0
c [matrix] Good   matrix 0 69      x151    density:0.0769  xorlen avg: 11.61
c [matrix] Using 1 matrices recovered from 0 xors T: 0.00 T-out: N
c rst  geom svd  vs   2998  3086K 2451    20000  2340 6.63    6.15    14343   846   42K   151 24.61   24.55  
c [distill-long-red0] cls tried: 14/14 T: 0.00 T-out: N T-r: 99.97%
c [distill-long-red1] cls tried: 170/170 T: 0.02 T-out: N T-r: 26.52%
c rst  geom svd  vs   2999  3099K 2451    20000  2340 6.63    6.15    14361   876   40K   151 24.59   24.53  
c [full-probe]  bin_only: 0 set: 0 repl: 0 T: 0.01 T-out: N T-r: 98.64%
c [distill-bin] useful: 0/2340/2340 lits-rem: 0 cl-rem: 0 0-depth-assigns: 0 T: 0.01 T-out: N
c rst  geom best vs   3000  3112K 2451    20000  2340 6.63    6.15    14380   882   42K   151 24.22   24.16  
c [distill-long-red0] cls tried: 7/7 T: 0.00 T-out: N T-r: 100.00%
c [distill-long-red1] cls tried: 155/237 T: 0.02 T-out: Y T-r: -0.82%
c [distill] watch-based irred--  cl tried 30656    cl-sh 0     cl-rem 0    lit-rem 0      T: 0.05 T-out: N
c [distill] watch-based red  --  cl tried 27341    cl-sh 1     cl-rem 0    lit-rem 1      T: 0.05 T-out: Y
c [ccnr] tries: 0 steps: 262143 best found: 6
c [ccnr] saving best assignment phase to stable_polar
c [ccnr] bumping based on var unsat frequency: conflict_ct
c [ccnr] Bumped vars: 2453 bump type: 6
c [ccnr] time: 0.29
c rst  geom best vs   3001  3127K 2451    20000  2340 6.63    6.15    14390   877   43K   151 23.86   23.81  
c [distill-long-red0] cls tried: 4/4 T: 0.00 T-out: N T-r: 99.99%
c [distill-long-red1] cls tried: 173/173 T: 0.02 T-out: N T-r: 17.41%
c [full-probe]  bin_only: 1 set: 0 repl: 0 T: 0.02 T-out: N T-r: 99.82%
c [distill-bin] useful: 0/2340/2340 lits-rem: 0 cl-rem: 0 0-depth-assigns: 0 T: 0.01 T-out: N
c rst  geom best vs   3002  3144K 2451    20000  2340 6.63    6.15    14414   721   45K   151 23.80   23.74  
c [distill-long-red0] cls tried: 6/6 T: 0.00 T-out: N T-r: 100.00%
c [distill-long-red1] cls tried: 68/68 T: 0.01 T-out: N T-r: 61.35%
c [distill] watch-based irred--  cl tried 28086    cl-sh 0     cl-rem 0    lit-rem 0      T: 0.06 T-out: Y
c [distill] watch-based red  --  cl tried 26400    cl-sh 0     cl-rem 0    lit-rem 0      T: 0.05 T-out: Y
c [impl-str] lit bin: 0 set-var: 0 T: 0.00 T-out: N T-r: 99.97% w-visit: 4906
c [impl-sub] bin: 0 T: 0.00 T-out: N w-visit: 4906
c [gauss] XOR-encoding clauses are not detached, so no need to reattach them.
c [g 0] truth-find prop checks  : 1579K
c [g 0] -> of which prop        : 29.56 %
c [g 0] -> of which confl       :  1.01 %
c [g 0] elim called             : 177K
c [g 0] ---> which lead to prop : 118.55 %
c [g 0] ---> which lead to confl:  4.29 %
c [g 0] size: 69    x 151  
c [scc] new: 0 BP 0M T: 0.00
c [vrep] vars 0 lits 0 rem-bin-cls 0 rem-long-cls 0 BP 0M T: 0.01
c [intree] Set 0 vars hyper-added: 0 trans-irred: 0 trans-red: 0 T: 0.01 T-out: N T-r: -0.35%
c [find&init matx] performing matrix init
c [gauss] XOR-encoding clauses are not detached, so no need to reattach them.
c [xor-rem-unconnected] left with 202 xors from 202 non-empty xors T: 0.00
c [xor-together] xored together: 133 orig xors: 202 new xors: 69 T: 0.00
c [xor-rem-unconnected] left with 69 xors from 69 non-empty xors T: 0.00
c [xor-clean-equiv] removed equivalent xors: 0 left with: 69
c [matrix] unused xors from cleaning: 0
c [matrix] Good   matrix 0 69      x151    density:0.0769  xorlen avg: 11.61
c [matrix] Using 1 matrices recovered from 0 xors T: 0.00 T-out: N
c rst  geom stb  vs   3003  3162K 2451    20000  2340 6.63    6.15    14460   643   45K   151 26.06   26.00  
c [distill-long-red0] cls tried: 21/21 T: 0.00 T-out: N T-r: 99.97%
c [distill-long-red1] cls tried: 95/95 T: 0.01 T-out: N T-r: 41.38%
c [full-probe]  bin_only: 0 set: 0 repl: 0 T: 0.01 T-out: N T-r: 98.66%
c [distill-bin] useful: 0/2340/2340 lits-rem: 0 cl-rem: 0 0-depth-assigns: 0 T: 0.01 T-out: N
c [ccnr] tries: 0 steps: 262143 best found: 8
c [ccnr] saving best assignment phase to stable_polar
c [ccnr] bumping based on clause weights
c [ccnr] Bumped vars: 101 bump type: 6
c [ccnr] time: 0.31
c rst  geom stb  vs   3004  3182K 2451    20000  2340 6.63    6.15    14538   682   24K   151 24.94   24.86  
c [distill-long-red0] cls tried: 35/35 T: 0.00 T-out: N T-r: 99.97%
c [distill-long-red1] cls tried: 209/229 T: 0.03 T-out: Y T-r: -0.52%
c [full-probe]  bin_only: 1 set: 0 repl: 0 T: 0.01 T-out: N T-r: 99.86%
c [distill-bin] useful: 0/2340/2340 lits-rem: 0 cl-rem: 0 0-depth-assigns: 0 T: 0.01 T-out: N
c [distill] watch-based irred--  cl tried 30656    cl-sh 0     cl-rem 0    lit-rem 0      T: 0.04 T-out: N
c [distill] watch-based red  --  cl tried 29076    cl-sh 2     cl-rem 0    lit-rem 2      T: 0.04 T-out: N
c rst  geom ibes vs   3005  3205K 2451    20000  2340 6.63    6.15    14580   623   35K   151 24.96   24.89  
c res  pol  bran nres  conf  freevar IrrL  IrrB  l/longC l/allC  RedL0 RedL1 RedL2 RedB  l/longC l/allC 
c [distill-long-red0] cls tried: 28/28 T: 0.00 T-out: N T-r: 99.98%
c [distill-long-red1] cls tried: 89/89 T: 0.01 T-out: N T-r: 58.62%
c [full-probe]  bin_only: 0 set: 0 repl: 0 T: 0.01 T-out: N T-r: 98.13%
c [distill-bin] useful: 0/2340/2340 lits-rem: 0 cl-rem: 0 0-depth-assigns: 0 T: 0.01 T-out: N
c [impl-str] lit bin: 0 set-var: 0 T: 0.00 T-out: N T-r: 99.98% w-visit: 4906
c [impl-sub] bin: 0 T: 0.00 T-out: N w-visit: 4906
c rst  geom ibes vs   3006  3229K 2451    20000  2340 6.63    6.15    14598   596   38K   151 23.45   23.39  
c [distill-long-red0] cls tried: 5/5 T: 0.00 T-out: N T-r: 99.99%
c [distill-long-red1] cls tried: 155/155 T: 0.02 T-out: N T-r: 20.48%
c [full-probe]  bin_only: 1 set: 0 repl: 0 T: 0.01 T-out: N T-r: 99.86%
c [distill-bin] useful: 0/2340/2340 lits-rem: 0 cl-rem: 0 0-depth-assigns: 0 T: 0.01 T-out: N
c [distill] watch-based irred--  cl tried 30656    cl-sh 0     cl-rem 0    lit-rem 0      T: 0.05 T-out: N
c [distill] watch-based red  --  cl tried 28981    cl-sh 0     cl-rem 0    lit-rem 0      T: 0.05 T-out: Y
c [gauss] XOR-encoding clauses are not detached, so no need to reattach them.
c [g 0] truth-find prop checks  : 1726K
c [g 0] -> of which prop        : 40.11 %
c [g 0] -> of which confl       :  1.02 %
c [g 0] elim called             : 149K
c [g 0] ---> which lead to prop : 159.80 %
c [g 0] ---> which lead to confl:  4.96 %
c [g 0] size: 69    x 151  
c [scc] new: 0 BP 0M T: 0.00
c [vrep] vars 0 lits 0 rem-bin-cls 0 rem-long-cls 0 BP 0M T: 0.00
c [intree] Set 0 vars hyper-added: 0 trans-irred: 0 trans-red: 0 T: 0.01 T-out: N T-r: -0.55%
c [find&init matx] performing matrix init
c [gauss] XOR-encoding clauses are not detached, so no need to reattach them.
c [xor-rem-unconnected] left with 202 xors from 202 non-empty xors T: 0.00
c [xor-together] xored together: 133 orig xors: 202 new xors: 69 T: 0.00
c [xor-rem-unconnected] left with 69 xors from 69 non-empty xors T: 0.00
c [xor-clean-equiv] removed equivalent xors: 0 left with: 69
c [matrix] unused xors from cleaning: 0
c [matrix] Good   matrix 0 69      x151    density:0.0769  xorlen avg: 11.61
c [matrix] Using 1 matrices recovered from 0 xors T: 0.00 T-out: N
c [ccnr] tries: 0 steps: 262143 best found: 9
c [ccnr] saving best assignment phase to stable_polar
c [ccnr] bumping based on var unsat frequency: conflict_ct
c [ccnr] Bumped vars: 2453 bump type: 6
c [ccnr] time: 0.30
c rst  geom svd  vs   3007  3256K 2451    20000  2340 6.63    6.15    14623   633   37K   151 22.81   22.75  
c [distill-long-red0] cls tried: 9/9 T: 0.00 T-out: N T-r: 99.99%
c [distill-long-red1] cls tried: 198/206 T: 0.02 T-out: Y T-r: -1.01%
c [full-probe]  bin_only: 0 set: 0 repl: 0 T: 0.01 T-out: N T-r: 98.77%
c [distill-bin] useful: 0/2340/2340 lits-rem: 0 cl-rem: 0 0-depth-assigns: 0 T: 0.01 T-out: N
c [distill] watch-based irred--  cl tried 27134    cl-sh 0     cl-rem 0    lit-rem 0      T: 0.06 T-out: Y
c [distill] watch-based red  --  cl tried 25145    cl-sh 0     cl-rem 0    lit-rem 0      T: 0.05 T-out: Y
c rst  geom svd  vs   3008  3285K 2451    20000  2340 6.63    6.15    14682   724   36K   151 23.40   23.33  
c [branch] adjusting to: vmtf (from: vsid) var_decay:0.95 descr: VMTF
c [distill-long-red0] cls tried: 25/25 T: 0.00 T-out: N T-r: 99.98%
c [distill-long-red1] cls tried: 178/307 T: 0.02 T-out: Y T-r: -1.55%
c [full-probe]  bin_only: 1 set: 0 repl: 0 T: 0.01 T-out: N T-r: 99.84%
c [distill-bin] useful: 0/2340/2340 lits-rem: 0 cl-rem: 0 0-depth-assigns: 0 T: 0.01 T-out: N
c [distill] watch-based irred--  cl tried 30656    cl-sh 0     cl-rem 0    lit-rem 0      T: 0.05 T-out: N
c [distill] watch-based red  --  cl tried 27865    cl-sh 0     cl-rem 0    lit-rem 0      T: 0.05 T-out: Y
c [impl-str] lit bin: 0 set-var: 0 T: 0.00 T-out: N T-r: 99.98% w-visit: 4906
c [impl-sub] bin: 0 T: 0.00 T-out: N w-visit: 4906
c [ccnr] tries: 0 steps: 262143 best found: 6
c [ccnr] saving best assignment phase to stable_polar
c [ccnr] bumping based on var unsat frequency: conflict_ct
c [ccnr] Bumped vars: 2453 bump type: 6
c [ccnr] time: 0.30
c rst  geom best vmt  3009  3285K 2451    20000  2340 6.63    6.15    14682   730   36K   151 23.40   23.33  
c rst  geom best vmt  3010  3285K 2451    20000  2340 6.63    6.15    14682   734   36K   151 23.42   23.36  
c rst  geom best vmt  3011  3286K 2451    20000  2340 6.63    6.15    14682   739   36K   151 23.44   23.38  
c rst  geom best vmt  3012  3286K 2451    20000  2340 6.63    6.15    14685   752   36K   151 23.44   23.38  
c rst  geom best vmt  3013  3286K 2451    20000  2340 6.63    6.15    14686   784   36K   151 23.43   23.37  
c rst  geom best vmt  3014  3286K 2451    20000  2340 6.63    6.15    14686   784   36K   151 23.50   23.43  
c rst  geom best vmt  3015  3286K 2451    20000  2340 6.63    6.15    14686   788   37K   151 23.52   23.46  
c rst  geom best vmt  3016  3287K 2451    20000  2340 6.63    6.15    14687   797   37K   151 23.56   23.50  
c rst  geom best vmt  3017  3287K 2451    20000  2340 6.63    6.15    14687   799   37K   151 23.61   23.55  
c rst  geom best vmt  3018  3287K 2451    20000  2340 6.63    6.15    14687   801   37K   151 23.62   23.56  
c rst  geom best vmt  3019  3287K 2451    20000  2340 6.63    6.15    14687   804   37K   151 23.66   23.60  
c rst  geom best vmt  3020  3288K 2451    20000  2340 6.63    6.15    14687   808   38K   151 23.70   23.64  
c rst  geom best vmt  3021  3288K 2451    20000  2340 6.63    6.15    14687   813   38K   151 23.78   23.72  
c rst  geom best vmt  3022  3288K 2451    20000  2340 6.63    6.15    14687   813   38K   151 23.82   23.76  
c rst  geom best vmt  3023  3289K 2451    20000  2340 6.63    6.15    14688   821   39K   151 23.85   23.79  
c rst  geom best vmt  3024  3289K 2451    20000  2340 6.63    6.15    14688   828   39K   151 23.92   23.87  
c rst  geom best vmt  3025  3290K 2451    20000  2340 6.63    6.15    14688   839   40K   151 23.99   23.93  
c rst  geom best vmt  3026  3290K 2451    20000  2340 6.63    6.15    14731   762   40K   151 24.08   24.02  
c rst  geom best vmt  3027  3291K 2451    20000  2340 6.63    6.15    14737   800   41K   151 24.15   24.09  
c rst  geom best vmt  3028  3291K 2451    20000  2340 6.63    6.15    14740   849   42K   151 24.15   24.09  
c rst  geom best vmt  3029  3292K 2451    20000  2340 6.63    6.15    14740   856   42K   151 24.23   24.17  
c rst  geom best vmt  3030  3293K 2451    20000  2340 6.63    6.15    14740   861   43K   151 24.31   24.25  
c rst  geom best vmt  3031  3294K 2451    20000  2340 6.63    6.15    14740   869   44K   151 24.39   24.33  
c rst  geom best vmt  3032  3295K 2451    20000  2340 6.63    6.15    14740   877   45K   151 24.49   24.43  
c [gauss] XOR-encoding clauses are not detached, so no need to reattach them.
c [g 0] truth-find prop checks  : 1542K
c [g 0] -> of which prop        : 32.62 %
c [g 0] -> of which confl       :  0.82 %
c [g 0] elim called             : 182K
c [g 0] ---> which lead to prop : 112.62 %
c [g 0] ---> which lead to confl:  3.42 %
c [g 0] size: 69    x 151  
c [scc] new: 0 BP 0M T: 0.00
c [vrep] vars 0 lits 0 rem-bin-cls 0 rem-long-cls 0 BP 0M T: 0.01
c [intree] Set 0 vars hyper-added: 0 trans-irred: 0 trans-red: 0 T: 0.01 T-out: N T-r: -0.29%
c [find&init matx] performing matrix init
c [gauss] XOR-encoding clauses are not detached, so no need to reattach them.
c [xor-rem-unconnected] left with 202 xors from 202 non-empty xors T: 0.00
c [xor-together] xored together: 133 orig xors: 202 new xors: 69 T: 0.00
c [xor-rem-unconnected] left with 69 xors from 69 non-empty xors T: 0.00
c [xor-clean-equiv] removed equivalent xors: 0 left with: 69
c [matrix] unused xors from cleaning: 0
c [matrix] Good   matrix 0 69      x151    density:0.0769  xorlen avg: 11.61
c [matrix] Using 1 matrices recovered from 0 xors T: 0.00 T-out: N
c rst  geom best vmt  3033  3296K 2451    20000  2340 6.63    6.15    14740   889   46K   151 24.62   24.56  
c rst  geom best vmt  3034  3297K 2451    20000  2340 6.63    6.15    14740   894   47K   151 24.84   24.79  
c rst  geom best vmt  3035  3298K 2451    20000  2340 6.63    6.15    14741   912   48K   151 24.97   24.91  
c rst  geom best vmt  3036  3300K 2451    20000  2340 6.63    6.15    14741   915   50K   151 25.13   25.07  
c rst  geom best vmt  3037  3301K 2451    20000  2340 6.63    6.15    14827  1076   37K   151 23.89   23.83  
c [distill-long-red0] cls tried: 117/117 T: 0.01 T-out: N T-r: 99.85%
c [distill-long-red1] cls tried: 171/600 T: 0.03 T-out: Y T-r: -0.98%
c rst  geom best vmt  3038  3303K 2451    20000  2340 6.63    6.15    14827  1089   38K   151 24.16   24.10  
c rst  geom best vmt  3039  3305K 2451    20000  2340 6.63    6.15    14827  1099   40K   151 24.36   24.30  
c rst  geom best vmt  3040  3307K 2451    20000  2340 6.63    6.15    14828  1129   42K   151 24.74   24.68  
c [full-probe]  bin_only: 0 set: 0 repl: 0 T: 0.01 T-out: N T-r: 98.88%
c [distill-bin] useful: 0/2340/2340 lits-rem: 0 cl-rem: 0 0-depth-assigns: 0 T: 0.01 T-out: N
c rst  geom best vmt  3041  3309K 2451    20000  2340 6.63    6.15    14828  1131   44K   151 24.93   24.88  
c rst  geom best vmt  3042  3312K 2451    20000  2340 6.63    6.15    14862  1116   47K   151 25.23   25.18  
c [distill] watch-based irred--  cl tried 27248    cl-sh 0     cl-rem 0    lit-rem 0      T: 0.06 T-out: Y
c [distill] watch-based red  --  cl tried 23322    cl-sh 1     cl-rem 0    lit-rem 1      T: 0.06 T-out: Y
c rst  geom best vmt  3043  3314K 2451    20000  2340 6.63    6.15    14862  1119   49K   151 25.47   25.42  
c recursive minimization cost OK: 2499Kcost/(% lits removed)
c [gauss] XOR-encoding clauses are not detached, so no need to reattach them.
c [g 0] truth-find prop checks  : 456K
c [g 0] -> of which prop        : 31.72 %
c [g 0] -> of which confl       :  0.96 %
c [g 0] elim called             : 51K
c [g 0] ---> which lead to prop : 129.45 %
c [g 0] ---> which lead to confl:  4.21 %
c [g 0] size: 69    x 151  
c --> Executing strategy token: scc-vrepl
c [scc] new: 0 BP 0M T: 0.00
c --> Executing strategy token: sub-impl
c [impl-sub] bin: 0 T: 0.00 T-out: N w-visit: 4906
c --> Executing strategy token: breakid
c --> Executing OCC strategy token(s): 'occ-backw-sub-str,occ-clean-implicit,occ-bve,occ-bva,occ-ternary-res,occ-xor,'
c [occ] mem usage for occur 2      MB
c [occ] Linked in IRRED BIN by default: 2340
c [occ] Linked in RED   BIN by default: 151
c [occ] mem usage for occur 1      MB
c Mem for watch alloc      : 24          MB (34.13     %)
c Mem for watch array      : 0           MB (0.16      %)
c --> Executing OCC strategy token: occ-backw-sub-str
c [occ-backw-sub-str-long-w-bins] subs: 0 str: 0 tried: 83794 0-depth ass: 0 T: 0.00 T-out: N T-r: 99.66%
c [occ-backw-sub-long-w-long] rem cl: 97 tried: 85341/85341 (100.0%) T: 0.02 T-out: N T-r: 94.86%
c [occ-backw-sub-str-long-w-long] sub: 9 str: 73 tried: 256023/85341 (300.0)  T: 0.12 T-out: N T-r: 89.62%
c --> Executing OCC strategy token: occ-clean-implicit
c --> Executing OCC strategy token: occ-bve
c [occ-empty-res] Empty resolvent elimed: 0 T: 0.00 T-out: N
c [occ-bve] iter v-elim 0
c cl_inc_rate=1.0, var_dec_rate=1.0 (grow=0)
c Reduced to 2451 vars, 22340 cls (grow=0)
c [occ-bve] turning off picosat-based irreg gate detection, added lits:  599K
c [occ-bve] iter v-elim 0
c cl_inc_rate=1.0, var_dec_rate=1.0 (grow=8)
c Reduced to 2451 vars, 22340 cls (grow=8)
c [occ-bve] iter v-elim 0
c cl_inc_rate=1.0, var_dec_rate=1.0 (grow=16)
c Reduced to 2451 vars, 22340 cls (grow=16)
c x n vars       : 2451
c #try to eliminate:  7353
c #var-elim        :     0
c #T-o: N
c #T-r: 100.00%
c #T  : 1.54
c [occur] 0.05 is overhead
c [occur] link-in T: 0.05 cleanup T: 0.00
c --> Executing OCC strategy token: occ-bva
c --> Executing OCC strategy token: occ-ternary-res
c [occ-ternary-res] Ternary res-tri: 0 res-bin: 0 sub: 0 str: 0 T: 0.00 T-out: N T-r: 99.90%
c --> Executing OCC strategy token: occ-xor
c [occ-xor] sort occur list T: 0.01
c [xor-clean-equiv] removed equivalent xors: 0 left with: 195
c [occ-xor] found    195 avg sz 5.3 min sz  4 max sz  6 T: 0.01 T-out: N T-r: 99.98%
c --> Executing strategy token: card-find
c --> Executing strategy token: cl-consolidate
c Not consolidating memory.
c --> Executing strategy token: scc-vrepl
c [scc] new: 0 BP 0M T: 0.00
c --> Executing strategy token: renumber
c --> Executing strategy token: bosphorus
c --> Executing strategy token: louvain-comms
c [consolidate] mini T: 0.00
c global_timeout_multiplier: 9.0000
c [branch] rebuilding order heap for all branchings. Current branching: vmtf
c [find&init matx] performing matrix init
c [gauss] XOR-encoding clauses are not detached, so no need to reattach them.
c [xor-rem-unconnected] left with 195 xors from 195 non-empty xors T: 0.00
c [xor-together] xored together: 126 orig xors: 195 new xors: 69 T: 0.00
c [xor-rem-unconnected] left with 69 xors from 69 non-empty xors T: 0.00
c [xor-clean-equiv] removed equivalent xors: 0 left with: 69
c [matrix] unused xors from cleaning: 0
c [matrix] Good   matrix  0     69 x  154  density:0.0731  xorlen avg: 11.26
c [matrix] Using 1 matrices recovered from 0 xors T: 0.00 T-out: N
c rst  geom best  vmt  3044 3314K    2451 20000  2340    6.63    6.15 14773  1248   49K   151   25.58   25.52
c rst  geom best  vmt  3045 3317K    2451 20000  2340    6.63    6.15 14773  1288   37K   151   24.41   24.35
c [distill-long-red0] cls tried: 45/45 T: 0.00 T-out: N T-r: 99.94%
c [distill-long-red1] cls tried: 193/652 T: 0.03 T-out: Y T-r: -0.78%
c rst  geom best  vmt  3046 3321K    2451 20000  2340    6.63    6.15 14797  1261   40K   151   24.93   24.87
c rst  geom best  vmt  3047 3324K    2451 20000  2340    6.63    6.15 14800  1342   43K   151   24.92   24.86
c rst  geom  stb  vmt  3048 3328K    2451 20000  2340    6.63    6.15 14802  1370   47K   151   25.43   25.37
c [full-probe]  bin_only: 1 set: 0 repl: 0 T: 0.02 T-out: N T-r: 99.74%
c [distill-bin] useful: 0/2340/2340 lits-rem: 0 cl-rem: 0 0-depth-assigns: 0 T: 0.02 T-out: N
c rst  geom  stb  vmt  3049 3333K    2451 20000  2340    6.63    6.15 14856  1611   37K   151   24.75   24.69
c [distill-long-red0] cls tried: 69/69 T: 0.01 T-out: N T-r: 99.90%
c [distill-long-red1] cls tried: 163/832 T: 0.02 T-out: Y T-r: -1.20%
c [ccnr] tries: 0 steps: 262143 best found: 8
c [ccnr] saving best assignment phase to stable_polar
c [ccnr] bumping based on clause weights
c [ccnr] Bumped vars: 101 bump type: 6
c [ccnr] time: 0.29
c rst  geom  stb  vmt  3050 3337K    2451 20000  2340    6.63    6.15 14859  1636   42K   151   26.55   26.49
c [distill] watch-based irred--  cl tried    29258 cl-sh     0 cl-rem    0 lit-rem      0 T: 0.06 T-out: Y
c [distill] watch-based   red--  cl tried    27170 cl-sh     0 cl-rem    0 lit-rem      0 T: 0.05 T-out: Y
c rst  geom  stb  vmt  3051 3343K    2451 20000  2340    6.63    6.15 14898  1552   47K   151   27.68   27.62
c rst  geom  stb  vmt  3052 3349K    2451 20000  2340    6.63    6.15 14903  1748   31K   151   26.75   26.67
c [distill-long-red0] cls tried: 38/38 T: 0.00 T-out: N T-r: 99.98%
c [distill-long-red1] cls tried: 198/868 T: 0.03 T-out: Y T-r: -0.57%
c [full-probe]  bin_only: 0 set: 0 repl: 0 T: 0.01 T-out: N T-r: 99.09%
c [distill-bin] useful: 0/2340/2340 lits-rem: 0 cl-rem: 0 0-depth-assigns: 0 T: 0.01 T-out: N
c [impl-str] lit bin: 0 set-var: 0 T: 0.00 T-out: N T-r: 99.98% w-visit: 4906
c [impl-sub] bin: 0 T: 0.00 T-out: N w-visit: 4906
c rst  geom  stb  vmt  3053 3355K    2451 20000  2340    6.63    6.15 14963  1642   38K   151   28.27   28.19
c rst  geom  stb  vmt  3054 3362K    2451 20000  2340    6.63    6.15 14984  1546   25K   151   26.27   26.18
c [gauss] XOR-encoding clauses are not detached, so no need to reattach them.
c [g 0] truth-find prop checks  : 1053K
c [g 0] -> of which prop        : 33.09 %
c [g 0] -> of which confl       :  1.07 %
c [g 0] elim called             : 101K
c [g 0] ---> which lead to prop : 143.57 %
c [g 0] ---> which lead to confl:  4.57 %
c [g 0] size: 69    x 154  
c [scc] new: 0 BP 0M T: 0.00
c [vrep] vars 0 lits 0 rem-bin-cls 0 rem-long-cls 0 BP 0M T: 0.00
c [intree] Set 0 vars hyper-added: 0 trans-irred: 0 trans-red: 0 T: 0.01 T-out: N T-r: -0.36%
c [find&init matx] performing matrix init
c [gauss] XOR-encoding clauses are not detached, so no need to reattach them.
c [xor-rem-unconnected] left with 195 xors from 195 non-empty xors T: 0.00
c [xor-together] xored together: 126 orig xors: 195 new xors: 69 T: 0.00
c [xor-rem-unconnected] left with 69 xors from 69 non-empty xors T: 0.00
c [xor-clean-equiv] removed equivalent xors: 0 left with: 69
c [matrix] unused xors from cleaning: 0
c [matrix] Good   matrix 0 69      x154    density:0.0731  xorlen avg: 11.26
c [matrix] Using 1 matrices recovered from 0 xors T: 0.00 T-out: N
c rst  geom stb  vmt  3055  3370K 2451    20000  2340 6.63    6.15    15005  1332   33K   151 27.98   27.90  
c [distill-long-red0] cls tried: 83/83 T: 0.01 T-out: N T-r: 99.92%
c [distill-long-red1] cls tried: 221/643 T: 0.02 T-out: Y T-r: -0.47%
c [full-probe]  bin_only: 1 set: 0 repl: 0 T: 0.01 T-out: N T-r: 99.91%
c [distill-bin] useful: 0/2340/2340 lits-rem: 0 cl-rem: 0 0-depth-assigns: 0 T: 0.01 T-out: N
c [distill] watch-based irred--  cl tried 30992    cl-sh 0     cl-rem 0    lit-rem 0      T: 0.05 T-out: N
c [distill] watch-based red  --  cl tried 30010    cl-sh 0     cl-rem 0    lit-rem 0      T: 0.05 T-out: N
c rst  geom ibes vmt  3056  3378K 2451    20000  2340 6.63    6.15    15007  1504   29K   151 26.47   26.39  
c [ccnr] tries: 0 steps: 262143 best found: 5
c [ccnr] saving best assignment phase to stable_polar
c [ccnr] bumping based on var unsat frequency: conflict_ct
c [ccnr] Bumped vars: 2453 bump type: 6
c [ccnr] time: 0.29
c rst  geom ibes vmt  3057  3388K 2451    20000  2340 6.63    6.15    15062  1443   38K   151 28.72   28.65  
c [distill-long-red0] cls tried: 40/40 T: 0.00 T-out: N T-r: 99.95%
c [distill-long-red1] cls tried: 205/604 T: 0.03 T-out: Y T-r: -0.77%
c rst  geom ibes vmt  3058  3398K 2451    20000  2340 6.63    6.15    15126  1573   39K   151 27.73   27.66  
c [full-probe]  bin_only: 0 set: 0 repl: 0 T: 0.01 T-out: N T-r: 98.60%
c [distill-bin] useful: 0/2340/2340 lits-rem: 0 cl-rem: 0 0-depth-assigns: 0 T: 0.01 T-out: N
c [distill] watch-based irred--  cl tried 28586    cl-sh 0     cl-rem 0    lit-rem 0      T: 0.06 T-out: Y
c [distill] watch-based red  --  cl tried 24778    cl-sh 0     cl-rem 0    lit-rem 0      T: 0.06 T-out: Y
c rst  geom ibes vmt  3059  3409K 2451    20000  2340 6.63    6.15    15210  1466   39K   151 26.46   26.39  
c [distill-long-red0] cls tried: 117/117 T: 0.01 T-out: N T-r: 99.89%
c [distill-long-red1] cls tried: 133/693 T: 0.03 T-out: Y T-r: -1.28%
c [impl-str] lit bin: 0 set-var: 0 T: 0.00 T-out: N T-r: 99.98% w-visit: 4906
c [impl-sub] bin: 0 T: 0.00 T-out: N w-visit: 4906
c rst  geom svd  vmt  3060  3422K 2451    20000  2340 6.63    6.15    15339  1335   37K   151 26.04   25.97  
c [full-probe]  bin_only: 1 set: 0 repl: 0 T: 0.01 T-out: N T-r: 99.84%
c [distill-bin] useful: 0/2340/2340 lits-rem: 0 cl-rem: 0 0-depth-assigns: 0 T: 0.01 T-out: N
c rst  geom svd  vmt  3061  3436K 2451    20000  2340 6.63    6.15    15404  1402   32K   151 25.57   25.50  
c [distill-long-red0] cls tried: 171/171 T: 0.01 T-out: N T-r: 99.86%
c [distill-long-red1] cls tried: 209/747 T: 0.02 T-out: Y T-r: -0.94%
c [distill] watch-based irred--  cl tried 30992    cl-sh 0     cl-rem 0    lit-rem 0      T: 0.05 T-out: N
c [distill] watch-based red  --  cl tried 30123    cl-sh 0     cl-rem 0    lit-rem 0      T: 0.05 T-out: Y
c [gauss] XOR-encoding clauses are not detached, so no need to reattach them.
c [g 0] truth-find prop checks  : 1572K
c [g 0] -> of which prop        : 34.13 %
c [g 0] -> of which confl       :  1.11 %
c [g 0] elim called             : 153K
c [g 0] ---> which lead to prop : 143.03 %
c [g 0] ---> which lead to confl:  4.59 %
c [g 0] size: 69    x 154  
c [scc] new: 0 BP 0M T: 0.00
c [vrep] vars 0 lits 0 rem-bin-cls 0 rem-long-cls 0 BP 0M T: 0.01
c [intree] Set 0 vars hyper-added: 0 trans-irred: 0 trans-red: 0 T: 0.01 T-out: N T-r: -0.49%
c [find&init matx] performing matrix init
c [gauss] XOR-encoding clauses are not detached, so no need to reattach them.
c [xor-rem-unconnected] left with 195 xors from 195 non-empty xors T: 0.00
c [xor-together] xored together: 126 orig xors: 195 new xors: 69 T: 0.00
c [xor-rem-unconnected] left with 69 xors from 69 non-empty xors T: 0.00
c [xor-clean-equiv] removed equivalent xors: 0 left with: 69
c [matrix] unused xors from cleaning: 0
c [matrix] Good   matrix 0 69      x154    density:0.0731  xorlen avg: 11.26
c [matrix] Using 1 matrices recovered from 0 xors T: 0.00 T-out: N
c [ccnr] tries: 0 steps: 262143 best found: 6
c [ccnr] saving best assignment phase to stable_polar
c [ccnr] bumping based on var unsat frequency: conflict_ct
c [ccnr] Bumped vars: 2453 bump type: 6
c [ccnr] time: 0.29
c rst  geom svd  vmt  3062  3451K 2451    20000  2340 6.63    6.15    15513  1423   33K   151 26.35   26.28  
c [distill-long-red0] cls tried: 94/94 T: 0.01 T-out: N T-r: 99.88%
c [distill-long-red1] cls tried: 201/814 T: 0.02 T-out: Y T-r: -0.22%
c [full-probe]  bin_only: 0 set: 0 repl: 0 T: 0.01 T-out: N T-r: 98.91%
c [distill-bin] useful: 0/2340/2340 lits-rem: 0 cl-rem: 0 0-depth-assigns: 0 T: 0.01 T-out: N
c rst  geom best vmt  3063  3467K 2451    20000  2340 6.63    6.15    15631  1572   37K   151 28.45   28.37  
c [distill-long-red0] cls tried: 97/97 T: 0.01 T-out: N T-r: 99.93%
c [distill-long-red1] cls tried: 253/902 T: 0.03 T-out: Y T-r: -0.34%
c [distill] watch-based irred--  cl tried 30992    cl-sh 0     cl-rem 0    lit-rem 0      T: 0.05 T-out: N
c [distill] watch-based red  --  cl tried 30296    cl-sh 0     cl-rem 0    lit-rem 0      T: 0.05 T-out: Y
c rst  geom best vmt  3064  3486K 2451    20000  2340 6.63    6.15    15804  1571   41K   151 29.78   29.70  
c [distill-long-red0] cls tried: 154/154 T: 0.01 T-out: N T-r: 99.86%
c [distill-long-red1] cls tried: 202/825 T: 0.03 T-out: Y T-r: -0.30%
c [full-probe]  bin_only: 1 set: 0 repl: 0 T: 0.01 T-out: N T-r: 99.88%
c [distill-bin] useful: 0/2340/2340 lits-rem: 0 cl-rem: 0 0-depth-assigns: 0 T: 0.01 T-out: N
c [impl-str] lit bin: 0 set-var: 0 T: 0.00 T-out: N T-r: 99.98% w-visit: 4906
c [impl-sub] bin: 0 T: 0.00 T-out: N w-visit: 4906
c [ccnr] tries: 0 steps: 262143 best found: 3
c [ccnr] saving best assignment phase to stable_polar
c [ccnr] bumping based on clause weights
c [ccnr] Bumped vars: 103 bump type: 6
c [ccnr] time: 0.28
c rst  geom best vmt  3065  3506K 2451    20000  2340 6.63    6.15    15898  1698   47K   151 31.45   31.38  
c [distill-long-red0] cls tried: 77/77 T: 0.01 T-out: N T-r: 99.90%
c [distill-long-red1] cls tried: 123/835 T: 0.03 T-out: Y T-r: -0.78%
c [full-probe]  bin_only: 0 set: 0 repl: 0 T: 0.01 T-out: N T-r: 98.69%
c [distill-bin] useful: 0/2340/2340 lits-rem: 0 cl-rem: 0 0-depth-assigns: 0 T: 0.01 T-out: N
c [distill] watch-based irred--  cl tried 28845    cl-sh 0     cl-rem 0    lit-rem 0      T: 0.06 T-out: Y
c [distill] watch-based red  --  cl tried 26534    cl-sh 0     cl-rem 0    lit-rem 0      T: 0.06 T-out: Y
c [gauss] XOR-encoding clauses are not detached, so no need to reattach them.
c [g 0] truth-find prop checks  : 1290K
c [g 0] -> of which prop        : 33.63 %
c [g 0] -> of which confl       :  1.08 %
c [g 0] elim called             : 136K
c [g 0] ---> which lead to prop : 135.85 %
c [g 0] ---> which lead to confl:  4.68 %
c [g 0] size: 69    x 154  
c [scc] new: 0 BP 0M T: 0.00
c [vrep] vars 0 lits 0 rem-bin-cls 0 rem-long-cls 0 BP 0M T: 0.01
c [intree] Set 0 vars hyper-added: 0 trans-irred: 0 trans-red: 0 T: 0.01 T-out: N T-r: -0.49%
c [find&init matx] performing matrix init
c [gauss] XOR-encoding clauses are not detached, so no need to reattach them.
c [xor-rem-unconnected] left with 195 xors from 195 non-empty xors T: 0.00
c [xor-together] xored together: 126 orig xors: 195 new xors: 69 T: 0.00
c [xor-rem-unconnected] left with 69 xors from 69 non-empty xors T: 0.00
c [xor-clean-equiv] removed equivalent xors: 0 left with: 69
c [matrix] unused xors from cleaning: 0
c [matrix] Good   matrix 0 69      x154    density:0.0731  xorlen avg: 11.26
c [matrix] Using 1 matrices recovered from 0 xors T: 0.00 T-out: N
c rst  geom stb  vmt  3066  3528K 2451    20000  2340 6.63    6.15    15974  1848   29K   151 27.38   27.30  
c [distill-long-red0] cls tried: 59/59 T: 0.00 T-out: N T-r: 99.94%
c [distill-long-red1] cls tried: 166/1014 T: 0.03 T-out: Y T-r: -1.16%
c [full-probe]  bin_only: 1 set: 0 repl: 0 T: 0.01 T-out: N T-r: 99.88%
c [distill-bin] useful: 0/2340/2340 lits-rem: 0 cl-rem: 0 0-depth-assigns: 0 T: 0.01 T-out: N
c rst  geom stb  vmt  3067  3552K 2451    20000  2340 6.63    6.15    16087  1358   42K   151 26.33   26.27  
c [distill-long-red0] cls tried: 99/99 T: 0.01 T-out: N T-r: 99.90%
c [distill-long-red1] cls tried: 132/845 T: 0.03 T-out: Y T-r: -0.36%
c [full-probe]  bin_only: 0 set: 0 repl: 0 T: 0.01 T-out: N T-r: 98.80%
c [distill-bin] useful: 0/2340/2340 lits-rem: 0 cl-rem: 0 0-depth-assigns: 0 T: 0.01 T-out: N
c [distill] watch-based irred--  cl tried 27276    cl-sh 0     cl-rem 0    lit-rem 0      T: 0.06 T-out: Y
c [distill] watch-based red  --  cl tried 26969    cl-sh 3     cl-rem 0    lit-rem 3      T: 0.06 T-out: Y
c [impl-str] lit bin: 0 set-var: 0 T: 0.00 T-out: N T-r: 99.98% w-visit: 4906
c [impl-sub] bin: 0 T: 0.00 T-out: N w-visit: 4906
c [ccnr] tries: 0 steps: 262143 best found: 9
c [ccnr] saving best assignment phase to stable_polar
c [ccnr] bumping based on var unsat frequency: conflict_ct
c [ccnr] Bumped vars: 2453 bump type: 6
c [ccnr] time: 0.30
c rst  geom ibes vmt  3068  3579K 2451    20000  2340 6.63    6.15    16224  1524   45K   151 27.53   27.47  
c [distill-long-red0] cls tried: 123/123 T: 0.01 T-out: N T-r: 99.84%
c [distill-long-red1] cls tried: 147/1089 T: 0.02 T-out: Y T-r: -1.58%
c [full-probe]  bin_only: 1 set: 0 repl: 0 T: 0.01 T-out: N T-r: 99.88%
c [distill-bin] useful: 0/2340/2340 lits-rem: 0 cl-rem: 0 0-depth-assigns: 0 T: 0.01 T-out: N
c [distill] watch-based irred--  cl tried 29895    cl-sh 0     cl-rem 0    lit-rem 0      T: 0.06 T-out: Y
c [distill] watch-based red  --  cl tried 28618    cl-sh 0     cl-rem 0    lit-rem 0      T: 0.06 T-out: Y
c [gauss] XOR-encoding clauses are not detached, so no need to reattach them.
c [g 0] truth-find prop checks  : 1586K
c [g 0] -> of which prop        : 34.29 %
c [g 0] -> of which confl       :  0.99 %
c [g 0] elim called             : 140K
c [g 0] ---> which lead to prop : 133.42 %
c [g 0] ---> which lead to confl:  4.12 %
c [g 0] size: 69    x 154  
c [scc] new: 0 BP 0M T: 0.00
c [vrep] vars 0 lits 0 rem-bin-cls 0 rem-long-cls 0 BP 0M T: 0.01
c [intree] Set 0 vars hyper-added: 0 trans-irred: 0 trans-red: 0 T: 0.01 T-out: N T-r: -0.45%
c [find&init matx] performing matrix init
c [gauss] XOR-encoding clauses are not detached, so no need to reattach them.
c [xor-rem-unconnected] left with 195 xors from 195 non-empty xors T: 0.00
c [xor-together] xored together: 126 orig xors: 195 new xors: 69 T: 0.00
c [xor-rem-unconnected] left with 69 xors from 69 non-empty xors T: 0.00
c [xor-clean-equiv] removed equivalent xors: 0 left with: 69
c [matrix] unused xors from cleaning: 0
c [matrix] Good   matrix 0 69      x154    density:0.0731  xorlen avg: 11.26
c [matrix] Using 1 matrices recovered from 0 xors T: 0.00 T-out: N
c rst  geom ibes vmt  3069  3609K 2451    20000  2340 6.63    6.15    16357  1567   45K   151 26.80   26.74  
c [branch] adjusting to: vsid (from: vmtf) var_decay:0.95 descr: VSIDS
c [distill-long-red0] cls tried: 125/125 T: 0.01 T-out: N T-r: 99.85%
c [distill-long-red1] cls tried: 126/1238 T: 0.03 T-out: Y T-r: -0.74%
c [full-probe]  bin_only: 0 set: 0 repl: 0 T: 0.01 T-out: N T-r: 99.00%
c [distill-bin] useful: 0/2340/2340 lits-rem: 0 cl-rem: 0 0-depth-assigns: 0 T: 0.01 T-out: N
c [distill] watch-based irred--  cl tried 28377    cl-sh 0     cl-rem 0    lit-rem 0      T: 0.06 T-out: Y
c [distill] watch-based red  --  cl tried 27462    cl-sh 0     cl-rem 0    lit-rem 0      T: 0.06 T-out: Y
c [ccnr] tries: 0 steps: 262143 best found: 6
c [ccnr] saving best assignment phase to stable_polar
c [ccnr] bumping based on var unsat frequency: conflict_ct
c [ccnr] Bumped vars: 2453 bump type: 6
c [ccnr] time: 0.28
c rst  geom svd  vs   3070  3609K 2451    20000  2340 6.63    6.15    16357  1567   45K   151 26.82   26.76  
c rst  geom svd  vs   3071  3609K 2451    20000  2340 6.63    6.15    16357  1567   45K   151 26.84   26.78  
c rst  geom svd  vs   3072  3609K 2451    20000  2340 6.63    6.15    16357  1568   45K   151 26.85   26.79  
c rst  geom svd  vs   3073  3609K 2451    20000  2340 6.63    6.15    16357  1568   45K   151 26.86   26.80  
c rst  geom svd  vs   3074  3609K 2451    20000  2340 6.63    6.15    16357  1568   45K   151 26.88   26.82  
c rst  geom svd  vs   3075  3610K 2451    20000  2340 6.63    6.15    16357  1568   45K   151 26.89   26.84  
c rst  geom svd  vs   3076  3610K 2451    20000  2340 6.63    6.15    16357  1568   46K   151 26.92   26.86  
c rst  geom svd  vs   3077  3610K 2451    20000  2340 6.63    6.15    16378  1513   46K   151 26.93   26.88  
c rst  geom svd  vs   3078  3610K 2451    20000  2340 6.63    6.15    16378  1515   46K   151 26.96   26.90  
c rst  geom svd  vs   3079  3610K 2451    20000  2340 6.63    6.15    16378  1515   46K   151 26.98   26.92  
c rst  geom svd  vs   3080  3611K 2451    20000  2340 6.63    6.15    16378  1515   47K   151 27.01   26.96  
c rst  geom svd  vs   3081  3611K 2451    20000  2340 6.63    6.15    16378  1515   47K   151 27.04   26.98  
c rst  geom svd  vs   3082  3611K 2451    20000  2340 6.63    6.15    16378  1515   47K   151 27.08   27.02  
c rst  geom svd  vs   3083  3612K 2451    20000  2340 6.63    6.15    16378  1515   48K   151 27.13   27.07  
c rst  geom svd  vs   3084  3612K 2451    20000  2340 6.63    6.15    16378  1515   48K   151 27.19   27.13  
c rst  geom svd  vs   3085  3613K 2451    20000  2340 6.63    6.15    16378  1515   49K   151 27.24   27.18  
c [impl-str] lit bin: 0 set-var: 0 T: 0.00 T-out: N T-r: 99.97% w-visit: 4906
c [impl-sub] bin: 0 T: 0.00 T-out: N w-visit: 4906
c rst  geom svd  vs   3086  3613K 2451    20000  2340 6.63    6.15    16378  1515   49K   151 27.26   27.21  
c rst  geom svd  vs   3087  3614K 2451    20000  2340 6.63    6.15    16378  1515   50K   151 27.29   27.24  
c rst  geom svd  vs   3088  3614K 2451    20000  2340 6.63    6.15    16378  1515   50K   151 27.34   27.28  
c rst  geom svd  vs   3089  3615K 2451    20000  2340 6.63    6.15    16383  1651   34K   151 24.24   24.18  
c rst  geom svd  vs   3090  3616K 2451    20000  2340 6.63    6.15    16383  1651   35K   151 24.30   24.24  
c rst  geom svd  vs   3091  3616K 2451    20000  2340 6.63    6.15    16383  1651   36K   151 24.39   24.33  
c rst  geom svd  vs   3092  3617K 2451    20000  2340 6.63    6.15    16383  1651   36K   151 24.46   24.40  
c rst  geom svd  vs   3093  3618K 2451    20000  2340 6.63    6.15    16383  1651   37K   151 24.56   24.50  
c rst  geom svd  vs   3094  3619K 2451    20000  2340 6.63    6.15    16383  1663   38K   151 24.59   24.53  
c rst  geom svd  vs   3095  3620K 2451    20000  2340 6.63    6.15    16399  1458   40K   151 24.75   24.69  
c rst  geom svd  vs   3096  3622K 2451    20000  2340 6.63    6.15    16399  1458   41K   151 24.89   24.83  
c rst  geom svd  vs   3097  3623K 2451    20000  2340 6.63    6.15    16399  1458   42K   151 25.06   25.01  
c rst  geom svd  vs   3098  3625K 2451    20000  2340 6.63    6.15    16399  1459   44K   151 25.20   25.15  
c [distill-long-red0] cls tried: 38/38 T: 0.00 T-out: N T-r: 99.95%
c [distill-long-red1] cls tried: 133/1085 T: 0.03 T-out: Y T-r: -1.17%
c rst  geom svd  vs   3099  3626K 2451    20000  2340 6.63    6.15    16399  1461   46K   151 25.38   25.33  
c rst  geom svd  vs   3100  3628K 2451    20000  2340 6.63    6.15    16400  1463   48K   151 25.62   25.56  
c rst  geom svd  vs   3101  3630K 2451    20000  2340 6.63    6.15    16417  1416   33K   151 23.68   23.62  
c [full-probe]  bin_only: 1 set: 0 repl: 0 T: 0.01 T-out: N T-r: 99.86%
c [distill-bin] useful: 0/2340/2340 lits-rem: 0 cl-rem: 0 0-depth-assigns: 0 T: 0.01 T-out: N
c rst  geom svd  vs   3102  3633K 2451    20000  2340 6.63    6.15    16417  1425   35K   151 24.08   24.02  
c rst  geom svd  vs   3103  3635K 2451    20000  2340 6.63    6.15    16417  1429   37K   151 24.49   24.42  
c [distill] watch-based irred--  cl tried 29989    cl-sh 0     cl-rem 0    lit-rem 0      T: 0.06 T-out: Y
c [distill] watch-based red  --  cl tried 27456    cl-sh 0     cl-rem 0    lit-rem 0      T: 0.06 T-out: Y
c rst  geom svd  vs   3104  3638K 2451    20000  2340 6.63    6.15    16417  1429   40K   151 24.96   24.90  
c rst  geom svd  vs   3105  3641K 2451    20000  2340 6.63    6.15    16431  1287   43K   151 25.43   25.37  
c [distill-long-red0] cls tried: 30/30 T: 0.00 T-out: N T-r: 99.96%
c [distill-long-red1] cls tried: 171/872 T: 0.02 T-out: Y T-r: -1.53%
c rst  geom svd  vs   3106  3644K 2451    20000  2340 6.63    6.15    16431  1294   47K   151 25.81   25.75  
c rst  geom svd  vs   3107  3648K 2451    20000  2340 6.63    6.15    16434  1362   31K   151 23.28   23.21  
c [gauss] XOR-encoding clauses are not detached, so no need to reattach them.
c [g 0] truth-find prop checks  : 1528K
c [g 0] -> of which prop        : 32.12 %
c [g 0] -> of which confl       :  1.02 %
c [g 0] elim called             : 139K
c [g 0] ---> which lead to prop : 142.82 %
c [g 0] ---> which lead to confl:  4.07 %
c [g 0] size: 69    x 154  
c [scc] new: 0 BP 0M T: 0.00
c [vrep] vars 0 lits 0 rem-bin-cls 0 rem-long-cls 0 BP 0M T: 0.00
c [intree] Set 0 vars hyper-added: 0 trans-irred: 0 trans-red: 0 T: 0.01 T-out: N T-r: -0.34%
c [find&init matx] performing matrix init
c [gauss] XOR-encoding clauses are not detached, so no need to reattach them.
c [xor-rem-unconnected] left with 195 xors from 195 non-empty xors T: 0.00
c [xor-together] xored together: 126 orig xors: 195 new xors: 69 T: 0.00
c [xor-rem-unconnected] left with 69 xors from 69 non-empty xors T: 0.00
c [xor-clean-equiv] removed equivalent xors: 0 left with: 69
c [matrix] unused xors from cleaning: 0
c [matrix] Good   matrix 0 69      x154    density:0.0731  xorlen avg: 11.26
c [matrix] Using 1 matrices recovered from 0 xors T: 0.00 T-out: N
c rst  geom svd  vs   3108  3652K 2451    20000  2340 6.63    6.15    16450  1129   35K   151 24.02   23.96  
c [full-probe]  bin_only: 0 set: 0 repl: 0 T: 0.01 T-out: N T-r: 98.65%
c [distill-bin] useful: 0/2340/2340 lits-rem: 0 cl-rem: 0 0-depth-assigns: 0 T: 0.01 T-out: N
c rst  geom best vs   3109  3656K 2451    20000  2340 6.63    6.15    16450  1132   39K   151 24.35   24.30  
c [distill-long-red0] cls tried: 16/16 T: 0.00 T-out: N T-r: 99.97%
c [distill-long-red1] cls tried: 168/657 T: 0.02 T-out: Y T-r: -1.26%
c [ccnr] tries: 0 steps: 262143 best found: 8
c [ccnr] saving best assignment phase to stable_polar
c [ccnr] bumping based on clause weights
c [ccnr] Bumped vars: 101 bump type: 6
c [ccnr] time: 0.29
c rst  geom best vs   3110  3661K 2451    20000  2340 6.63    6.15    16464  1089   32K   151 23.00   22.94  
c [distill] watch-based irred--  cl tried 30992    cl-sh 0     cl-rem 0    lit-rem 0      T: 0.05 T-out: N
c [distill] watch-based red  --  cl tried 29690    cl-sh 1     cl-rem 0    lit-rem 1      T: 0.06 T-out: Y
c rst  geom best vs   3111  3666K 2451    20000  2340 6.63    6.15    16464  1133   37K   151 23.25   23.19  
c rst  geom best vs   3112  3672K 2451    20000  2340 6.63    6.15    16506   946   43K   151 23.63   23.58  
c [distill-long-red0] cls tried: 55/55 T: 0.01 T-out: N T-r: 99.94%
c [distill-long-red1] cls tried: 174/459 T: 0.02 T-out: Y T-r: -1.09%
c [full-probe]  bin_only: 1 set: 0 repl: 0 T: 0.01 T-out: N T-r: 99.85%
c [distill-bin] useful: 0/2340/2340 lits-rem: 0 cl-rem: 0 0-depth-assigns: 0 T: 0.01 T-out: N
c rst  geom best vs   3113  3678K 2451    20000  2340 6.63    6.15    16510  1085   38K   151 22.01   21.96  
c [impl-str] lit bin: 0 set-var: 0 T: 0.00 T-out: N T-r: 99.98% w-visit: 4906
c [impl-sub] bin: 0 T: 0.00 T-out: N w-visit: 4906
c rst  geom best vs   3114  3686K 2451    20000  2340 6.63    6.15    16528   815   45K   151 22.64   22.60  
c rst  geom best vs   3115  3693K 2451    20000  2340 6.63    6.15    16549   884   40K   151 20.84   20.80  
c [distill-long-red0] cls tried: 41/41 T: 0.01 T-out: N T-r: 99.95%
c [distill-long-red1] cls tried: 135/486 T: 0.02 T-out: Y T-r: -0.88%
c [full-probe]  bin_only: 0 set: 0 repl: 0 T: 0.01 T-out: N T-r: 98.94%
c [distill-bin] useful: 0/2340/2340 lits-rem: 0 cl-rem: 0 0-depth-assigns: 0 T: 0.01 T-out: N
c [distill] watch-based irred--  cl tried 28123    cl-sh 0     cl-rem 0    lit-rem 0      T: 0.06 T-out: Y
c [distill] watch-based red  --  cl tried 27979    cl-sh 0     cl-rem 0    lit-rem 0      T: 0.06 T-out: Y
c rst  geom stb  vs   3116  3702K 2451    20000  2340 6.63    6.15    16563   848   48K   151 22.73   22.68  
c [ccnr] tries: 0 steps: 262143 best found: 6
c [ccnr] saving best assignment phase to stable_polar
c [ccnr] bumping based on var unsat frequency: conflict_ct
c [ccnr] Bumped vars: 2453 bump type: 6
c [ccnr] time: 0.30
c rst  geom stb  vs   3117  3711K 2451    20000  2340 6.63    6.15    16600   897   36K   151 23.48   23.42  
c [distill-long-red0] cls tried: 43/43 T: 0.00 T-out: N T-r: 99.97%
c [distill-long-red1] cls tried: 167/421 T: 0.02 T-out: Y T-r: -0.52%
c rst  geom stb  vs   3118  3714K 2451    20000  2340 6.63    6.15    16600   902   38K   151 24.15   24.09  
c recursive minimization cost OK: 3017Kcost/(% lits removed)
c [gauss] XOR-encoding clauses are not detached, so no need to reattach them.
c [g 0] truth-find prop checks  : 1499K
c [g 0] -> of which prop        : 31.94 %
c [g 0] -> of which confl       :  0.95 %
c [g 0] elim called             : 171K
c [g 0] ---> which lead to prop : 107.05 %
c [g 0] ---> which lead to confl:  4.43 %
c [g 0] size: 69    x 154  
c --> Executing strategy token: scc-vrepl
c [scc] new: 0 BP 0M T: 0.00
c --> Executing strategy token: sub-impl
c [impl-sub] bin: 0 T: 0.00 T-out: N w-visit: 4906
c --> Executing strategy token: breakid
c --> Executing OCC strategy token(s): 'occ-backw-sub-str,occ-clean-implicit,occ-bve,occ-bva,occ-ternary-res,occ-xor,'
c [occ] mem usage for occur 2      MB
c [occ] Linked in IRRED BIN by default: 2340
c [occ] Linked in RED   BIN by default: 151
c [occ] mem usage for occur 1      MB
c Mem for watch alloc      : 26          MB (36.35     %)
c Mem for watch array      : 0           MB (0.16      %)
c --> Executing OCC strategy token: occ-backw-sub-str
c [occ-backw-sub-str-long-w-bins] subs: 0 str: 0 tried: 86285 0-depth ass: 0 T: 0.00 T-out: N T-r: 99.66%
c [occ-backw-sub-long-w-long] rem cl: 142 tried: 75943/75943 (100.0%) T: 0.03 T-out: N T-r: 92.90%
c [occ-backw-sub-str-long-w-long] sub: 17 str: 101 tried: 227829/75943 (300.0)  T: 0.15 T-out: N T-r: 87.44%
c --> Executing OCC strategy token: occ-clean-implicit
c --> Executing OCC strategy token: occ-bve
c [occ-empty-res] Empty resolvent elimed: 0 T: 0.00 T-out: N
c [occ-bve] iter v-elim 0
c cl_inc_rate=1.0, var_dec_rate=1.0 (grow=0)
c Reduced to 2451 vars, 22340 cls (grow=0)
c [occ-bve] turning off picosat-based irreg gate detection, added lits:  630K
c [occ-bve] iter v-elim 0
c cl_inc_rate=1.0, var_dec_rate=1.0 (grow=8)
c Reduced to 2451 vars, 22340 cls (grow=8)
c [occ-bve] iter v-elim 0
c cl_inc_rate=1.0, var_dec_rate=1.0 (grow=16)
c Reduced to 2451 vars, 22340 cls (grow=16)
c x n vars       : 2451
c #try to eliminate:  7353
c #var-elim        :     0
c #T-o: N
c #T-r: 100.00%
c #T  : 1.57
c [occur] 0.04 is overhead
c [occur] link-in T: 0.04 cleanup T: 0.00
c --> Executing OCC strategy token: occ-bva
c --> Executing OCC strategy token: occ-ternary-res
c [occ-ternary-res] Ternary res-tri: 0 res-bin: 0 sub: 0 str: 0 T: 0.00 T-out: N T-r: 99.92%
c --> Executing OCC strategy token: occ-xor
c [occ-xor] sort occur list T: 0.01
c [xor-clean-equiv] removed equivalent xors: 0 left with: 187
c [occ-xor] found    187 avg sz 5.3 min sz  4 max sz  6 T: 0.01 T-out: N T-r: 99.98%
c --> Executing strategy token: card-find
c --> Executing strategy token: cl-consolidate
c Not consolidating memory.
c --> Executing strategy token: scc-vrepl
c [scc] new: 0 BP 0M T: 0.00
c --> Executing strategy token: renumber
c --> Executing strategy token: bosphorus
c --> Executing strategy token: louvain-comms
c [consolidate] mini T: 0.00
c global_timeout_multiplier: 9.0000
c [branch] rebuilding order heap for all branchings. Current branching: vsid
c [find&init matx] performing matrix init
c [gauss] XOR-encoding clauses are not detached, so no need to reattach them.
c [xor-rem-unconnected] left with 187 xors from 187 non-empty xors T: 0.00
c [xor-together] xored together: 120 orig xors: 187 new xors: 67 T: 0.00
c [xor-rem-unconnected] left with 67 xors from 67 non-empty xors T: 0.00
c [xor-clean-equiv] removed equivalent xors: 0 left with: 67
c [matrix] unused xors from cleaning: 0
c [matrix] Good   matrix  0     67 x  152  density:0.0732  xorlen avg: 11.12
c [matrix] Using 1 matrices recovered from 0 xors T: 0.00 T-out: N
c [full-probe]  bin_only: 1 set: 0 repl: 0 T: 0.03 T-out: N T-r: 99.64%
c [distill-bin] useful: 0/2340/2340 lits-rem: 0 cl-rem: 0 0-depth-assigns: 0 T: 0.03 T-out: N
c [gauss] XOR-encoding clauses are not detached, so no need to reattach them.
c [g 0] truth-find prop checks  : 0
c [g 0] -> of which prop        :  0.00 %
c [g 0] -> of which confl       :  0.00 %
c [g 0] elim called             : 0
c [g 0] ---> which lead to prop :  0.00 %
c [g 0] ---> which lead to confl:  0.00 %
c [g 0] size: 67    x 152  
c [scc] new: 0 BP 0M T: 0.00
c [vrep] vars 0 lits 0 rem-bin-cls 0 rem-long-cls 0 BP 0M T: 0.01
c [intree] Set 0 vars hyper-added: 0 trans-irred: 0 trans-red: 0 T: 0.02 T-out: N T-r: -0.07%
c [find&init matx] performing matrix init
c [gauss] XOR-encoding clauses are not detached, so no need to reattach them.
c [xor-rem-unconnected] left with 187 xors from 187 non-empty xors T: 0.00
c [xor-together] xored together: 120 orig xors: 187 new xors: 67 T: 0.00
c [xor-rem-unconnected] left with 67 xors from 67 non-empty xors T: 0.00
c [xor-clean-equiv] removed equivalent xors: 0 left with: 67
c [matrix] unused xors from cleaning: 0
c [matrix] Good   matrix 0 67      x152    density:0.0732  xorlen avg: 11.12
c [matrix] Using 1 matrices recovered from 0 xors T: 0.00 T-out: N
c rst  geom stb  vs   3119  3715K 2451    20000  2340 6.63    6.15    16454   931   39K   151 24.47   24.41  
c ------- FINAL TOTAL SEARCH STATS ---------
c UIP search time          : 267.08      (93.47     % time)
c All times are for this thread only except if explicitly specified
c restarts                 : 3119        (1191.15   confls per restart)
c blocked restarts         : 0           (0.00      per normal restart)
c time                     : 267.08      
c decisions                : 4269973     (0.00      % random)
c propagations             : 69M         (258K      props/s)
c decisions/conflicts      : 1.15        
c conflicts                : 3715195     
c LEARNT stats
c units learnt             : 0           (0.00      % of conflicts)
c bins learnt              : 5           (0.00      % of conflicts)
c long learnt              : 3715210     (100.00    % of conflicts)
c red which0               : 1085        (0.03      % of confl)
c SEAMLESS HYPERBIN&TRANS-RED stats
c advProp called           : 0           
c hyper-bin add bin        : 0           (0.00      bin/call)
c trans-red rem irred bin  : 0           (0.00      bin/call)
c trans-red rem red bin    : 0           (0.00      bin/call)
c CONFL LITS stats
c orig                     : 175699941   (47.29     lit/confl)
c recurs-min effective     : 3467665     (93.34     % attempt successful)
c recurs-min lits          : 55534632    (31.61     % less overall)
c permDiff call%           : 0.56        (0.00      % attempt successful)
c permDiff lits-rem        : 0           (0.00      less lits/cl on attempts)
c further-min call%        : 0.00        (0.00      % attempt successful)
c bintri-min lits          : 0           (0.00      % less overall)
c final avg                : 32.34       
c all-threads sum CPU time : 267.08       s
c PROP stats
c Mbogo-props              : 384.64      (1.44      / sec)
c MHyper-props             : 0.34        (0.00      / sec)
c Mprops                   : 69.11       (0.26      / sec)
c -------- OccSimplifier STATS ----------
c time                     : 8.42        (0.00      % var-elim)
c called                   : 13          (0.65      s per call)
c 0-depth assigns          : 0           (0.00      % vars)
c -------- OccSimplifier STATS END ----------
c -------- SubsumeStrengthen STATS ----------
c cl-subs                  : 7554         Clauses
c cl-str rem lit           : 110113       Lits
c cl-sub T                 : 1.16         s
c cl-str T                 : 6.52         s
c -------- SubsumeStrengthen STATS END ----------
c ----- SCC STATS --------
c time                     : 0.03        (0.00      per call)
c called                   : 81          (0.00      new found per call)
c found                    : 0           (0.00      % of all found)
c bogoprops                : 3155903     % of all found
c ----- SCC STATS END --------
c --------- VAR REPLACE STATS ----------
c time                     : 0.29        (0.01      per call)
c trees' crown             : 0           (0.00      % of vars)
c 0-depth assigns          : 0           (0.00      % vars)
c lits replaced            : 0           
c bin cls removed          : 0           
c long cls removed         : 0           
c long lits removed        : 0           
c bogoprops                : 11232744    
c --------- VAR REPLACE STATS END ----------
c vrep replace time        : 0.29        (0.10      % time)
c vrep tree roots          : 0           
c vrep trees' crown        : 0           (0.00      leafs/tree)
c -------- DISTILL-BIN STATS --------
c time                     : 1.77        (0.01      per call)
c timed out                : 0           (0.00      % of calls)
c distill/checked/potential: 1          /425204/425204
c lits-rem                 : 0           
c 0-depth-assigns          : 3           (0.02      % of vars)
c -------- DISTILL STATS END --------
c -------- STRENGTHEN STATS --------
c --> watch-based on irred cls
c time                     : 5.82        (0.02      s/call)
c shrinked/tried/total     : 0          /3519036/5205744
c subsumed/tried/total     : 4          /3519036/5205744
c lits-rem                 : 0           (0.00      % of lits tried)
c called                   : 262         (134599.24 % ran out of time)
c --> watch-based on red cls
c time                     : 3.56        (0.01      s/call)
c shrinked/tried/total     : 104        /1889909/2018455
c subsumed/tried/total     : 1          /1889909/2018455
c lits-rem                 : 111         (0.00      % of lits tried)
c called                   : 262         (49063.36  % ran out of time)
c -------- STRENGTHEN STATS END --------
c -------- IMPLICIT SUB  STATS --------
c time                     : 0.12        (0.00      per call)
c timed out                : 0           (0.00      % of calls)
c rem bins                 : 1           
c -------- IMPLICIT SUB STATS END --------
c Mem used                 : 71          MB
c Mem for longclauses      : 9           MB (13.55     %)
c Mem for watch alloc      : 26          MB (36.35     %)
c Mem for watch array      : 0           MB (0.16      %)
c Mem for assings&vardata  : 0           MB (1.12      %)
c Mem for search&solve     : 0           MB (1.26      %)
c Mem for renumberer       : 0           MB (0.45      %)
c Mem for occsimplifier    : 3           MB (4.76      %)
c Mem for varReplacer&SCC  : 0           MB (0.59      %)
c Mem for impl subsume     : 0           MB (0.00      %)
c Mem for 3 distills       : 0           MB (0.00      %)
c Accounted for mem (rss)  : 58.23       %
c Accounted for mem (vm)   : 53.96       %
c restarts                 : 3119        (1191.15   confls per restart)
c blocked restarts         : 0           (0.00      per normal restart)
c time                     : 267.08      
c decisions                : 4269973     (0.00      % random)
c propagations             : 69M         (258K      props/s)
c decisions/conflicts      : 1.15        
c conflicts                : 3715195     
c conf lits non-minim      : 175699941   (47.29     lit/confl)
c conf lits final          : 32.34       
c red which0               : 1085        (0.03      % of confl)
c props/decision           : 0.00        
c props/conflict           : 0.00        
c 0-depth assigns          : 572         (23.32     % vars)
c 0-depth assigns by CNF   : 543         (22.14     % vars)
c reduceDB time            : 1.14        (0.40      % time)
c OccSimplifier time       : 8.42        (2.95      % time)
c [occur] 0.59 is overhead
c [occur] link-in T: 0.49 cleanup T: 0.10
c [occ-substr] long subBySub: 7303 subByStr: 251 lits-rem-str: 110113 T: 7.67
c SCC time                 : 0.03        (0.01      % time)
c [scc] new: 0 BP 3M  T: 0.03
c vrep replace time        : 0.29        (0.10      % time)
c vrep tree roots          : 0           
c vrep trees' crown        : 0           (0.00      leafs/tree)
c distill long time        : 4.45        (1.56      % time)
c distill bin time         : 1.77        (0.62      % time)
c strength cache-irred time: 5.82        (2.04      % time)
c strength cache-red time  : 3.56        (1.25      % time)
c avg cls in red 0         : 8031.78     
c avg cls in red 1         : 1030.28     
c avg cls in red 2         : 38781.08    
c Conflicts in UIP         : 3715195     (13002.03  confl/time_this_thread)
c Max Memory (rss) used    : 73592 kB    
c Total time (this thread) : 285.74      
s SATISFIABLE
v 1 -2 -3 -4 -5 -6 -7 -8 -9 -10 -11 -12 -13 -14 15 -16 -17 -18 -19 -20 -21 22 23 
v -24 25 -26 27 -28 -29 -30 -31 -32 -33 -34 -35 -36 -37 -38 39 -40 -41 -42 -43 
v -44 45 -46 -47 -48 -49 50 -51 -52 -53 -54 -55 -56 -57 -58 -59 60 -61 -62 -63 
v -64 -65 -66 -67 -68 -69 -70 -71 -72 -73 -74 -75 76 -77 78 -79 -80 -81 -82 -83 
v -84 -85 -86 -87 -88 -89 90 -91 -92 93 -94 95 -96 97 98 -99 -100 101 -102 -103 
v -104 105 -106 107 -108 -109 -110 111 -112 113 114 -115 -116 117 -118 119 120 
v 121 -122 123 124 125 126 127 -128 129 -130 131 -132 -133 -134 135 -136 -137 
v -138 -139 -140 -141 -142 -143 -144 -145 -146 -147 -148 -149 -150 151 -152 153 
v -154 155 -156 157 -158 -159 -160 -161 -162 163 164 -165 -166 -167 -168 169 
v 170 -171 -172 173 -174 175 176 -177 -178 179 -180 181 182 183 -184 -185 -186 
v 187 188 189 -190 191 192 193 -194 195 -196 197 -198 199 200 201 202 -203 -204 
v 205 206 207 208 209 210 211 -212 213 -214 -215 -216 -217 -218 219 -220 221 
v -222 223 224 -225 -226 227 -228 -229 -230 -231 -232 -233 -234 -235 -236 -237 
v -238 239 -240 -241 -242 -243 -244 245 -246 -247 -248 -249 -250 251 -252 -253 
v -254 -255 -256 257 -258 -259 -260 261 -262 -263 -264 -265 -266 -267 -268 -269 
v -270 -271 -272 -273 -274 -275 -276 277 -278 -279 -280 -281 -282 -283 -284 
v -285 -286 -287 -288 -289 -290 -291 -292 -293 -294 295 296 -297 -298 299 -300 
v -301 -302 -303 -304 -305 -306 307 -308 -309 -310 -311 -312 313 -314 -315 -316 
v -317 -318 -319 -320 -321 -322 -323 -324 -325 -326 -327 -328 -329 -330 331 332 
v -333 -334 -335 -336 -337 -338 -339 -340 -341 -342 -343 -344 345 346 -347 -348 
v 349 -350 351 -352 -353 -354 -355 -356 357 358 -359 -360 361 362 -363 -364 365 
v -366 367 -368 -369 -370 -371 -372 373 374 -375 -376 377 378 379 380 381 -382 
v -383 -384 385 386 387 -388 389 390 391 -392 -393 -394 -395 -396 397 398 399 
v -400 401 -402 -403 -404 -405 -406 407 -408 -409 -410 -411 -412 413 -414 -415 
v -416 417 418 419 420 421 -422 -423 -424 425 426 427 428 429 430 431 432 433 
v 434 435 -436 -437 -438 -439 -440 -441 -442 -443 -444 -445 446 -447 -448 -449 
v -450 -451 -452 -453 -454 -455 -456 -457 -458 -459 -460 -461 462 -463 -464 
v -465 -466 -467 468 -469 -470 -471 -472 -473 474 -475 -476 -477 478 -479 -480 
v -481 -482 -483 -484 -485 -486 -487 -488 -489 490 -491 492 -493 494 495 -496 
v -497 498 -499 500 -501 -502 -503 -504 -505 506 -507 -508 -509 -510 -511 512 
v -513 -514 -515 516 -517 518 519 -520 -521 522 -523 524 -525 526 -527 528 -529 
v 530 531 532 533 -534 -535 536 537 538 539 540 541 -542 -543 -544 -545 -546 
v -547 548 -549 550 -551 552 -553 554 555 556 557 558 -559 560 561 -562 -563 
v 564 -565 -566 -567 -568 -569 570 -571 572 -573 -574 -575 -576 -577 -578 -579 
v -580 -581 -582 -583 -584 -585 -586 -587 588 -589 -590 -591 -592 -593 -594 
v -595 -596 -597 598 -599 -600 -601 602 -603 -604 -605 -606 -607 -608 -609 -610 
v -611 -612 -613 -614 -615 -616 -617 -618 -619 -620 -621 -622 -623 -624 -625 
v -626 -627 -628 -629 -630 -631 -632 -633 -634 -635 -636 -637 -638 -639 -640 
v -641 -642 -643 644 -645 -646 -647 -648 -649 -650 -651 -652 -653 -654 -655 
v -656 -657 -658 -659 -660 -661 -662 -663 -664 -665 -666 -667 668 -669 -670 
v -671 -672 -673 674 -675 -676 -677 -678 -679 -680 -681 682 -683 -684 -685 -686 
v -687 -688 -689 -690 -691 -692 -693 694 695 696 -697 698 699 700 -701 -702 
v -703 -704 -705 706 707 708 -709 710 -711 -712 -713 -714 -715 -716 -717 -718 
v -719 -720 -721 -722 -723 -724 -725 726 727 728 -729 730 -731 -732 -733 734 
v -735 -736 -737 -738 -739 740 -741 -742 -743 -744 -745 746 -747 -748 -749 750 
v 751 752 -753 754 755 756 -757 -758 -759 -760 -761 762 763 764 -765 766 767 
v 768 -769 770 -771 772 -773 774 775 776 777 778 779 780 -781 782 -783 784 -785 
v -786 -787 788 -789 -790 -791 792 -793 794 -795 -796 -797 -798 -799 -800 -801 
v 802 -803 804 -805 806 -807 808 -809 810 811 -812 -813 814 -815 816 -817 -818 
v -819 -820 -821 822 823 -824 -825 -826 -827 -828 -829 -830 -831 -832 -833 -834 
v -835 -836 -837 -838 -839 -840 -841 -842 -843 -844 -845 -846 -847 -848 -849 
v -850 -851 -852 -853 -854 855 -856 -857 858 -859 -860 -861 862 -863 -864 -865 
v 866 -867 -868 -869 -870 -871 872 -873 -874 -875 -876 -877 878 -879 -880 -881 
v -882 -883 884 -885 -886 -887 -888 -889 890 -891 -892 -893 -894 -895 896 -897 
v -898 -899 -900 -901 902 903 904 -905 -906 -907 -908 -909 -910 -911 -912 -913 
v -914 -915 -916 -917 -918 919 -920 921 -922 -923 -924 -925 -926 927 -928 929 
v -930 931 932 -933 -934 935 -936 937 938 939 -940 941 942 943 -944 -945 -946 
v -947 -948 949 950 951 -952 -953 -954 955 -956 -957 -958 959 -960 -961 -962 
v -963 -964 965 -966 967 -968 969 970 971 -972 973 974 975 976 977 -978 979 980 
v 981 -982 -983 -984 -985 -986 987 988 989 -990 -991 -992 993 994 995 -996 997 
v 998 999 1000 1001 -1002 1003 1004 1005 1006 1007 1008 1009 -1010 1011 1012 
v -1013 -1014 1015 -1016 1017 1018 -1019 -1020 1021 -1022 1023 1024 1025 -1026 
v -1027 -1028 1029 1030 1031 1032 1033 1034 1035 1036 1037 -1038 -1039 -1040 
v -1041 -1042 1043 -1044 1045 -1046 1047 1048 1049 -1050 1051 1052 -1053 -1054 
v -1055 -1056 -1057 -1058 -1059 -1060 -1061 -1062 1063 -1064 1065 -1066 1067 
v -1068 1069 -1070 -1071 -1072 -1073 -1074 1075 1076 -1077 -1078 -1079 -1080 
v -1081 -1082 -1083 -1084 -1085 -1086 -1087 -1088 -1089 -1090 -1091 -1092 -1093 
v -1094 -1095 -1096 -1097 -1098 -1099 -1100 -1101 -1102 -1103 -1104 -1105 -1106 
v -1107 -1108 -1109 -1110 -1111 -1112 -1113 -1114 -1115 -1116 -1117 -1118 1119 
v -1120 -1121 -1122 -1123 -1124 1125 -1126 -1127 -1128 -1129 -1130 1131 -1132 
v -1133 -1134 -1135 -1136 1137 -1138 -1139 -1140 -1141 -1142 -1143 -1144 -1145 
v -1146 -1147 -1148 -1149 -1150 -1151 -1152 -1153 -1154 1155 1156 -1157 -1158 
v -1159 -1160 -1161 -1162 -1163 -1164 -1165 -1166 -1167 -1168 1169 1170 1171 
v -1172 1173 1174 1175 -1176 -1177 -1178 -1179 -1180 1181 1182 1183 -1184 1185 
v 1186 -1187 -1188 1189 -1190 1191 -1192 -1193 -1194 -1195 -1196 1197 1198 
v -1199 -1200 1201 1202 1203 1204 1205 1206 -1207 -1208 1209 1210 1211 -1212 
v 1213 1214 1215 -1216 -1217 -1218 -1219 -1220 1221 1222 1223 -1224 1225 -1226 
v -1227 -1228 -1229 -1230 1231 -1232 -1233 -1234 -1235 -1236 1237 -1238 -1239 
v -1240 1241 1242 1243 1244 1245 -1246 -1247 -1248 1249 1250 1251 1252 1253 
v 1254 1255 1256 1257 1258 1259 1260 -1261 -1262 -1263 -1264 -1265 -1266 -1267 
v -1268 -1269 -1270 -1271 -1272 -1273 -1274 -1275 -1276 -1277 1278 -1279 1280 
v -1281 -1282 -1283 -1284 -1285 1286 -1287 -1288 -1289 -1290 -1291 1292 -1293 
v -1294 -1295 -1296 -1297 1298 -1299 -1300 -1301 -1302 -1303 -1304 -1305 1306 
v -1307 1308 -1309 -1310 -1311 -1312 -1313 1314 -1315 1316 -1317 1318 1319 
v -1320 -1321 1322 -1323 1324 1325 -1326 -1327 1328 -1329 1330 -1331 -1332 
v -1333 -1334 -1335 1336 1337 -1338 -1339 -1340 -1341 1342 1343 -1344 -1345 
v 1346 -1347 1348 -1349 -1350 -1351 -1352 -1353 1354 1355 -1356 -1357 1358 
v -1359 1360 1361 -1362 -1363 1364 -1365 -1366 -1367 1368 -1369 1370 -1371 1372 
v -1373 1374 -1375 -1376 -1377 1378 1379 1380 1381 -1382 -1383 1384 -1385 1386 
v -1387 -1388 -1389 -1390 -1391 1392 -1393 1394 -1395 1396 1397 -1398 -1399 
v 1400 -1401 -1402 -1403 -1404 -1405 -1406 -1407 -1408 -1409 -1410 -1411 1412 
v -1413 -1414 -1415 1416 -1417 1418 -1419 -1420 -1421 -1422 -1423 1424 1425 
v -1426 -1427 -1428 -1429 -1430 -1431 -1432 -1433 -1434 -1435 -1436 -1437 -1438 
v -1439 -1440 -1441 -1442 -1443 -1444 -1445 -1446 -1447 -1448 -1449 -1450 -1451 
v -1452 -1453 -1454 -1455 -1456 -1457 -1458 -1459 -1460 -1461 -1462 -1463 -1464 
v -1465 -1466 -1467 1468 -1469 -1470 -1471 -1472 -1473 1474 -1475 -1476 -1477 
v -1478 -1479 1480 -1481 -1482 -1483 -1484 -1485 1486 -1487 -1488 -1489 -1490 
v -1491 -1492 -1493 -1494 -1495 -1496 -1497 -1498 -1499 -1500 -1501 -1502 -1503 
v 1504 1505 -1506 -1507 -1508 -1509 -1510 -1511 -1512 -1513 -1514 -1515 -1516 
v -1517 1518 1519 -1520 -1521 1522 -1523 1524 -1525 -1526 -1527 1528 -1529 1530 
v 1531 1532 -1533 1534 1535 -1536 -1537 1538 -1539 -1540 -1541 -1542 -1543 
v -1544 -1545 1546 -1547 -1548 -1549 1550 1551 1552 1553 1554 -1555 -1556 -1557 
v 1558 1559 1560 -1561 1562 1563 -1564 -1565 -1566 -1567 -1568 -1569 1570 -1571 
v 1572 -1573 1574 -1575 -1576 -1577 -1578 -1579 1580 -1581 -1582 -1583 -1584 
v -1585 1586 -1587 -1588 -1589 1590 1591 1592 -1593 1594 -1595 -1596 -1597 1598 
v 1599 1600 1601 1602 1603 1604 1605 1606 -1607 1608 -1609 -1610 -1611 -1612 
v -1613 -1614 -1615 -1616 1617 -1618 1619 -1620 -1621 -1622 -1623 -1624 -1625 
v -1626 -1627 -1628 -1629 -1630 -1631 -1632 -1633 -1634 1635 -1636 -1637 -1638 
v -1639 -1640 -1641 -1642 -1643 -1644 -1645 -1646 -1647 1648 -1649 -1650 -1651 
v -1652 1653 -1654 -1655 -1656 1657 -1658 -1659 -1660 -1661 -1662 -1663 -1664 
v 1665 -1666 1667 -1668 1669 -1670 1671 -1672 1673 1674 -1675 -1676 1677 -1678 
v 1679 -1680 -1681 -1682 -1683 -1684 1685 1686 1687 -1688 1689 -1690 1691 1692 
v -1693 -1694 1695 -1696 1697 1698 -1699 -1700 1701 -1702 1703 1704 1705 -1706 
v -1707 -1708 1709 -1710 1711 -1712 1713 -1714 1715 -1716 -1717 -1718 1719 
v -1720 1721 1722 1723 -1724 -1725 -1726 1727 1728 1729 1730 1731 1732 1733 
v -1734 -1735 -1736 -1737 -1738 -1739 -1740 -1741 -1742 -1743 -1744 -1745 -1746 
v -1747 -1748 1749 -1750 -1751 -1752 -1753 -1754 -1755 -1756 -1757 -1758 -1759 
v -1760 -1761 -1762 -1763 -1764 -1765 -1766 1767 -1768 -1769 -1770 -1771 -1772 
v 1773 -1774 -1775 -1776 -1777 -1778 -1779 -1780 -1781 -1782 -1783 -1784 -1785 
v -1786 -1787 -1788 -1789 -1790 -1791 -1792 -1793 -1794 -1795 -1796 -1797 -1798 
v -1799 -1800 -1801 -1802 -1803 -1804 -1805 -1806 -1807 -1808 -1809 -1810 -1811 
v -1812 -1813 -1814 -1815 -1816 -1817 -1818 -1819 -1820 -1821 -1822 -1823 -1824 
v -1825 -1826 -1827 -1828 -1829 -1830 -1831 -1832 -1833 -1834 1835 -1836 -1837 
v -1838 -1839 -1840 -1841 -1842 -1843 -1844 -1845 -1846 -1847 -1848 -1849 -1850 
v -1851 -1852 1853 -1854 -1855 -1856 -1857 -1858 -1859 -1860 -1861 -1862 -1863 
v -1864 -1865 -1866 1867 -1868 -1869 -1870 -1871 -1872 1873 -1874 -1875 -1876 
v -1877 -1878 1879 -1880 -1881 -1882 1883 -1884 -1885 -1886 -1887 -1888 1889 
v -1890 -1891 -1892 -1893 -1894 1895 -1896 -1897 -1898 1899 1900 1901 -1902 
v -1903 -1904 -1905 -1906 1907 1908 -1909 -1910 1911 -1912 1913 -1914 -1915 
v -1916 -1917 -1918 1919 1920 -1921 -1922 1923 -1924 -1925 -1926 -1927 -1928 
v 1929 -1930 -1931 -1932 -1933 -1934 1935 -1936 -1937 -1938 1939 1940 1941 1942 
v -1943 -1944 -1945 -1946 1947 1948 1949 1950 1951 1952 1953 -1954 1955 -1956 
v -1957 -1958 -1959 -1960 -1961 -1962 -1963 1964 -1965 -1966 -1967 1968 -1969 
v 1970 -1971 1972 -1973 -1974 -1975 1976 -1977 1978 -1979 -1980 -1981 -1982 
v -1983 1984 1985 -1986 -1987 1988 -1989 1990 -1991 1992 -1993 1994 -1995 1996 
v 1997 1998 -1999 -2000 -2001 -2002 -2003 -2004 -2005 -2006 -2007 2008 -2009 
v 2010 -2011 -2012 -2013 -2014 -2015 -2016 -2017 -2018 -2019 -2020 -2021 -2022 
v -2023 -2024 -2025 2026 -2027 2028 -2029 -2030 -2031 2032 -2033 2034 2035 2036 
v -2037 2038 -2039 2040 -2041 2042 -2043 2044 -2045 2046 2047 -2048 -2049 2050 
v -2051 2052 2053 2054 -2055 -2056 -2057 2058 2059 2060 -2061 2062 2063 2064 
v 2065 -2066 -2067 2068 -2069 2070 2071 2072 2073 -2074 -2075 2076 2077 2078 
v 2079 2080 2081 2082 -2083 2084 -2085 -2086 -2087 -2088 -2089 2090 -2091 -2092 
v -2093 2094 -2095 -2096 -2097 -2098 -2099 2100 -2101 -2102 -2103 2104 -2105 
v -2106 -2107 -2108 -2109 2110 2111 -2112 -2113 2114 -2115 -2116 -2117 -2118 
v -2119 -2120 -2121 2122 -2123 -2124 -2125 -2126 -2127 -2128 -2129 -2130 -2131 
v -2132 -2133 -2134 -2135 -2136 -2137 -2138 -2139 -2140 -2141 -2142 -2143 -2144 
v -2145 -2146 -2147 -2148 -2149 -2150 -2151 -2152 -2153 -2154 -2155 -2156 -2157 
v -2158 -2159 -2160 -2161 -2162 -2163 -2164 -2165 2166 -2167 -2168 -2169 -2170 
v -2171 -2172 -2173 -2174 -2175 -2176 -2177 -2178 -2179 -2180 -2181 -2182 -2183 
v 2184 -2185 -2186 -2187 -2188 -2189 -2190 -2191 -2192 -2193 -2194 -2195 -2196 
v -2197 -2198 -2199 -2200 -2201 2202 -2203 -2204 -2205 -2206 -2207 -2208 -2209 
v -2210 -2211 -2212 -2213 -2214 -2215 2216 2217 -2218 -2219 2220 -2221 2222 
v -2223 -2224 -2225 2226 -2227 2228 2229 2230 -2231 2232 -2233 -2234 -2235 
v -2236 -2237 2238 -2239 -2240 -2241 -2242 -2243 2244 -2245 -2246 -2247 2248 
v 2249 2250 2251 2252 -2253 -2254 -2255 2256 2257 2258 -2259 2260 2261 2262 
v -2263 -2264 -2265 -2266 -2267 2268 2269 2270 -2271 2272 -2273 -2274 -2275 
v -2276 -2277 2278 -2279 -2280 -2281 -2282 -2283 2284 -2285 -2286 -2287 2288 
v 2289 2290 2291 2292 -2293 -2294 -2295 2296 2297 2298 2299 2300 2301 2302 2303 
v 2304 2305 2306 -2307 -2308 -2309 -2310 -2311 -2312 -2313 -2314 -2315 -2316 
v -2317 -2318 -2319 -2320 -2321 -2322 -2323 -2324 2325 -2326 2327 -2328 -2329 
v -2330 -2331 -2332 2333 -2334 -2335 -2336 -2337 -2338 -2339 -2340 -2341 -2342 
v -2343 -2344 -2345 -2346 -2347 -2348 -2349 -2350 -2351 -2352 -2353 -2354 -2355 
v -2356 -2357 -2358 -2359 -2360 -2361 -2362 -2363 -2364 -2365 -2366 -2367 -2368 
v -2369 -2370 -2371 -2372 2373 -2374 2375 -2376 -2377 -2378 -2379 -2380 -2381 
v -2382 2383 -2384 -2385 -2386 -2387 -2388 2389 -2390 -2391 -2392 -2393 -2394 
v -2395 -2396 -2397 -2398 -2399 -2400 -2401 -2402 -2403 2404 2405 -2406 2407 
v -2408 -2409 -2410 -2411 -2412 -2413 -2414 -2415 -2416 -2417 -2418 2419 -2420 
v -2421 -2422 -2423 -2424 2425 -2426 2427 -2428 -2429 -2430 2431 -2432 2433 
v -2434 -2435 -2436 -2437 -2438 -2439 -2440 -2441 -2442 2443 -2444 -2445 -2446 
v -2447 -2448 2449 -2450 -2451 -2452 2453 -2454 -2455 -2456 -2457 -2458 2459 
v 2460 -2461 -2462 2463 -2464 -2465 -2466 -2467 -2468 -2469 -2470 2471 -2472 
v -2473 -2474 -2475 -2476 -2477 -2478 -2479 -2480 -2481 -2482 -2483 -2484 -2485 
v -2486 -2487 -2488 -2489 -2490 -2491 -2492 -2493 -2494 -2495 -2496 -2497 -2498 
v -2499 -2500 -2501 -2502 -2503 -2504 -2505 -2506 -2507 -2508 -2509 -2510 -2511 
v -2512 -2513 -2514 2515 -2516 -2517 -2518 -2519 -2520 -2521 -2522 -2523 -2524 
v -2525 -2526 -2527 -2528 -2529 -2530 -2531 -2532 2533 -2534 -2535 -2536 -2537 
v -2538 -2539 -2540 -2541 -2542 -2543 -2544 -2545 -2546 -2547 -2548 -2549 -2550 
v 2551 -2552 -2553 -2554 -2555 -2556 -2557 -2558 -2559 -2560 -2561 -2562 -2563 
v -2564 2565 2566 -2567 -2568 2569 -2570 -2571 -2572 -2573 -2574 2575 -2576 
v 2577 -2578 2579 -2580 -2581 -2582 -2583 -2584 -2585 -2586 -2587 -2588 -2589 
v -2590 -2591 -2592 -2593 -2594 -2595 -2596 2597 -2598 -2599 -2600 2601 -2602 
v -2603 -2604 2605 2606 2607 -2608 2609 2610 -2611 -2612 -2613 -2614 -2615 
v -2616 2617 -2618 2619 -2620 2621 -2622 -2623 -2624 -2625 -2626 2627 -2628 
v -2629 -2630 -2631 -2632 2633 -2634 -2635 -2636 2637 2638 2639 -2640 2641 
v -2642 -2643 -2644 2645 2646 2647 -2648 2649 -2650 2651 -2652 2653 -2654 2655 
v -2656 -2657 -2658 -2659 -2660 -2661 2662 -2663 2664 -2665 2666 2667 2668 
v -2669 2670 2671 -2672 -2673 -2674 -2675 -2676 -2677 -2678 -2679 -2680 -2681 
v 2682 -2683 2684 -2685 2686 -2687 2688 -2689 -2690 -2691 -2692 -2693 2694 2695 
v -2696 -2697 -2698 -2699 -2700 -2701 2702 -2703 2704 -2705 -2706 -2707 -2708 
v -2709 2710 -2711 -2712 -2713 2714 -2715 -2716 -2717 -2718 -2719 2720 2721 
v 2722 -2723 2724 2725 -2726 -2727 -2728 -2729 2730 -2731 2732 -2733 2734 2735 
v -2736 -2737 2738 2739 2740 -2741 2742 2743 2744 -2745 -2746 -2747 -2748 -2749 
v 2750 2751 2752 -2753 -2754 -2755 2756 2757 -2758 -2759 2760 -2761 2762 -2763 
v 2764 -2765 2766 -2767 2768 2769 2770 -2771 2772 -2773 2774 2775 2776 2777 
v 2778 2779 2780 -2781 -2782 -2783 2784 -2785 -2786 -2787 -2788 -2789 2790 
v -2791 2792 -2793 -2794 -2795 -2796 -2797 -2798 -2799 -2800 -2801 -2802 -2803 
v -2804 -2805 -2806 -2807 2808 -2809 -2810 -2811 -2812 -2813 -2814 -2815 -2816 
v -2817 -2818 -2819 -2820 -2821 -2822 -2823 -2824 -2825 -2826 -2827 -2828 -2829 
v -2830 -2831 -2832 -2833 -2834 -2835 -2836 -2837 -2838 -2839 -2840 -2841 -2842 
v -2843 -2844 -2845 -2846 -2847 -2848 -2849 -2850 -2851 -2852 -2853 -2854 -2855 
v -2856 -2857 -2858 -2859 -2860 -2861 -2862 -2863 2864 -2865 -2866 -2867 -2868 
v -2869 -2870 -2871 -2872 -2873 -2874 -2875 -2876 -2877 -2878 -2879 -2880 -2881 
v -2882 -2883 -2884 -2885 -2886 -2887 -2888 -2889 -2890 -2891 -2892 -2893 -2894 
v -2895 -2896 -2897 -2898 -2899 -2900 -2901 -2902 -2903 -2904 -2905 -2906 -2907 
v -2908 -2909 -2910 -2911 -2912 -2913 2914 2915 -2916 -2917 2918 -2919 2920 
v -2921 -2922 -2923 -2924 -2925 2926 2927 -2928 -2929 2930 -2931 -2932 -2933 
v -2934 -2935 2936 -2937 -2938 -2939 -2940 -2941 2942 -2943 -2944 -2945 2946 
v 2947 2948 2949 -2950 -2951 -2952 -2953 2954 -2955 -2956 -2957 -2958 -2959 
v 2960 -2961 -2962 -2963 -2964 -2965 2966 -2967 -2968 -2969 2970 -2971 2972 
v -2973 2974 -2975 2976 -2977 -2978 -2979 -2980 -2981 2982 2983 -2984 -2985 
v 2986 2987 2988 -2989 2990 -2991 -2992 -2993 2994 2995 2996 2997 2998 2999 
v 3000 3001 -3002 -3003 3004 -3005 -3006 -3007 -3008 -3009 -3010 -3011 -3012 
v -3013 -3014 3015 -3016 -3017 -3018 -3019 -3020 -3021 -3022 3023 -3024 3025 
v -3026 -3027 -3028 -3029 -3030 3031 3032 -3033 -3034 3035 -3036 -3037 -3038 
v 3039 -3040 3041 -3042 3043 -3044 3045 -3046 -3047 -3048 -3049 -3050 -3051 
v -3052 -3053 -3054 -3055 -3056 -3057 -3058 -3059 -3060 -3061 -3062 -3063 -3064 
v -3065 -3066 -3067 -3068 -3069 -3070 3071 -3072 3073 -3074 -3075 -3076 -3077 
v -3078 -3079 -3080 3081 -3082 -3083 -3084 -3085 -3086 3087 -3088 -3089 -3090 
v -3091 -3092 3093 -3094 3095 -3096 3097 -3098 3099 -3100 3101 -3102 -3103 
v -3104 3105 3106 -3107 -3108 3109 -3110 3111 -3112 -3113 -3114 -3115 -3116 
v 3117 3118 -3119 -3120 -3121 -3122 3123 3124 3125 -3126 3127 3128 -3129 -3130 
v -3131 -3132 -3133 -3134 -3135 -3136 3137 -3138 3139 -3140 3141 3142 -3143 
v -3144 3145 -3146 -3147 -3148 -3149 -3150 -3151 -3152 -3153 -3154 -3155 -3156 
v 3157 -3158 -3159 -3160 -3161 -3162 3163 -3164 -3165 -3166 3167 -3168 3169 
v 3170 3171 -3172 -3173 -3174 -3175 -3176 -3177 -3178 -3179 -3180 -3181 -3182 
v -3183 -3184 -3185 -3186 -3187 -3188 -3189 -3190 -3191 -3192 -3193 -3194 -3195 
v -3196 -3197 -3198 -3199 -3200 -3201 -3202 -3203 -3204 -3205 -3206 -3207 -3208 
v -3209 -3210 -3211 -3212 3213 -3214 -3215 -3216 -3217 -3218 3219 -3220 -3221 
v -3222 -3223 -3224 3225 -3226 -3227 -3228 -3229 -3230 3231 -3232 -3233 -3234 
v -3235 -3236 3237 -3238 -3239 -3240 -3241 -3242 3243 -3244 -3245 -3246 -3247 
v -3248 3249 3250 3251 -3252 -3253 -3254 -3255 -3256 -3257 -3258 -3259 -3260 
v -3261 -3262 3263 3264 3265 -3266 3267 3268 -3269 -3270 -3271 -3272 -3273 
v -3274 3275 -3276 3277 -3278 3279 3280 -3281 -3282 3283 -3284 3285 -3286 -3287 
v -3288 -3289 -3290 3291 3292 -3293 -3294 3295 3296 3297 -3298 3299 3300 -3301 
v -3302 3303 3304 3305 -3306 3307 3308 3309 -3310 -3311 -3312 -3313 -3314 3315 
v 3316 3317 -3318 3319 3320 -3321 -3322 3323 -3324 -3325 -3326 -3327 -3328 
v -3329 -3330 3331 -3332 -3333 -3334 3335 3336 3337 3338 3339 -3340 -3341 -3342 
v 3343 3344 3345 3346 3347 3348 3349 -3350 3351 3352 3353 3354 -3355 -3356 
v -3357 -3358 -3359 3360 -3361 3362 -3363 3364 3365 -3366 -3367 3368 -3369 
v -3370 -3371 3372 -3373 3374 -3375 -3376 -3377 -3378 -3379 3380 3381 -3382 
v -3383 3384 -3385 3386 -3387 -3388 -3389 -3390 -3391 3392 3393 -3394 -3395 
v -3396 -3397 -3398 -3399 -3400 -3401 -3402 -3403 3404 -3405 3406 -3407 3408 
v -3409 -3410 -3411 3412 -3413 3414 -3415 3416 -3417 3418 -3419 -3420 -3421 
v -3422 -3423 3424 3425 3426 -3427 3428 3429 3430 -3431 3432 -3433 3434 -3435 
v 3436 3437 -3438 -3439 3440 -3441 3442 -3443 -3444 -3445 -3446 -3447 3448 3449 
v -3450 3451 -3452 -3453 3454 3455 3456 -3457 3458 3459 3460 -3461 -3462 -3463 
v 3464 -3465 3466 3467 3468 3469 -3470 -3471 3472 3473 3474 3475 3476 -3477 
v 3478 3479 3480 -3481 -3482 -3483 -3484 -3485 -3486 -3487 -3488 -3489 3490 
v -3491 -3492 -3493 -3494 -3495 3496 -3497 -3498 -3499 3500 -3501 -3502 -3503 
v -3504 -3505 3506 3507 -3508 -3509 3510 -3511 -3512 -3513 -3514 -3515 -3516 
v -3517 3518 -3519 -3520 -3521 -3522 -3523 -3524 -3525 -3526 -3527 -3528 -3529 
v -3530 -3531 -3532 -3533 -3534 -3535 -3536 -3537 -3538 -3539 -3540 -3541 -3542 
v -3543 -3544 -3545 -3546 -3547 -3548 -3549 -3550 -3551 -3552 -3553 -3554 -3555 
v -3556 -3557 -3558 -3559 -3560 -3561 3562 -3563 -3564 -3565 -3566 -3567 -3568 
v -3569 -3570 -3571 -3572 -3573 -3574 -3575 -3576 -3577 -3578 -3579 3580 -3581 
v -3582 -3583 -3584 -3585 -3586 -3587 -3588 -3589 -3590 -3591 -3592 -3593 -3594 
v -3595 -3596 -3597 3598 -3599 -3600 -3601 -3602 -3603 -3604 -3605 -3606 -3607 
v -3608 -3609 -3610 -3611 3612 3613 3614 -3615 3616 3617 3618 -3619 -3620 -3621 
v -3622 -3623 3624 3625 3626 -3627 3628 -3629 -3630 -3631 -3632 -3633 -3634 
v -3635 -3636 -3637 -3638 -3639 -3640 -3641 -3642 -3643 3644 3645 3646 -3647 
v 3648 -3649 -3650 -3651 3652 3653 3654 -3655 3656 3657 3658 -3659 -3660 -3661 
v -3662 -3663 3664 3665 3666 -3667 3668 -3669 -3670 -3671 -3672 -3673 3674 
v -3675 -3676 -3677 -3678 -3679 3680 -3681 -3682 -3683 3684 3685 3686 3687 3688 
v -3689 -3690 -3691 3692 3693 3694 3695 3696 3697 3698 -3699 3700 3701 3702 
v -3703 -3704 -3705 -3706 -3707 -3708 -3709 -3710 3711 -3712 3713 -3714 -3715 
v -3716 -3717 -3718 -3719 -3720 3721 -3722 3723 -3724 -3725 -3726 -3727 -3728 
v 3729 3730 -3731 -3732 3733 -3734 -3735 -3736 -3737 -3738 -3739 -3740 3741 
v -3742 -3743 -3744 -3745 -3746 -3747 -3748 3749 -3750 3751 -3752 -3753 -3754 
v -3755 -3756 3757 -3758 -3759 -3760 3761 3762 -3763 -3764 3765 -3766 3767 3768 
v -3769 -3770 3771 -3772 3773 -3774 -3775 -3776 -3777 -3778 3779 3780 -3781 
v -3782 -3783 -3784 3785 3786 -3787 -3788 3789 -3790 3791 -3792 3793 -3794 3795 
v -3796 3797 3798 3799 -3800 -3801 -3802 3803 3804 -3805 -3806 3807 -3808 -3809 
v -3810 -3811 -3812 -3813 -3814 3815 -3816 -3817 -3818 3819 -3820 3821 3822 
v 3823 3824 3825 -3826 -3827 -3828 -3829 -3830 3831 -3832 -3833 -3834 -3835 
v -3836 -3837 -3838 -3839 -3840 -3841 -3842 3843 -3844 -3845 -3846 -3847 -3848 
v -3849 -3850 -3851 -3852 -3853 -3854 -3855 -3856 -3857 -3858 -3859 -3860 3861 
v -3862 -3863 -3864 -3865 -3866 3867 -3868 -3869 -3870 -3871 -3872 -3873 -3874 
v -3875 -3876 -3877 -3878 -3879 -3880 -3881 -3882 -3883 -3884 -3885 -3886 -3887 
v -3888 -3889 -3890 -3891 -3892 -3893 -3894 -3895 -3896 -3897 -3898 -3899 -3900 
v -3901 -3902 -3903 -3904 -3905 -3906 -3907 -3908 -3909 -3910 -3911 -3912 -3913 
v -3914 -3915 -3916 -3917 -3918 -3919 -3920 -3921 -3922 -3923 -3924 -3925 -3926 
v -3927 -3928 3929 -3930 -3931 -3932 -3933 -3934 -3935 -3936 -3937 -3938 -3939 
v -3940 -3941 -3942 -3943 -3944 -3945 -3946 3947 -3948 -3949 -3950 -3951 -3952 
v -3953 -3954 -3955 -3956 -3957 -3958 -3959 -3960 3961 -3962 -3963 -3964 -3965 
v -3966 3967 -3968 -3969 -3970 -3971 -3972 3973 -3974 -3975 -3976 3977 -3978 
v -3979 -3980 -3981 -3982 -3983 -3984 -3985 -3986 -3987 -3988 -3989 -3990 -3991 
v -3992 3993 3994 -3995 -3996 -3997 -3998 -3999 -4000 4001 4002 -4003 -4004 
v 4005 -4006 4007 -4008 -4009 -4010 -4011 -4012 4013 4014 -4015 -4016 4017 
v -4018 4019 -4020 4021 -4022 -4023 -4024 -4025 -4026 -4027 -4028 4029 -4030 
v -4031 -4032 4033 4034 4035 4036 -4037 -4038 -4039 -4040 4041 4042 4043 4044 
v 4045 -4046 4047 -4048 4049 -4050 -4051 -4052 -4053 -4054 -4055 -4056 -4057 
v 4058 -4059 -4060 -4061 4062 -4063 -4064 -4065 -4066 -4067 -4068 -4069 -4070 
v -4071 -4072 -4073 -4074 -4075 -4076 -4077 4078 -4079 -4080 -4081 -4082 -4083 
v -4084 -4085 -4086 -4087 -4088 -4089 4090 -4091 -4092 -4093 -4094 -4095 4096 
v -4097 4098 -4099 4100 4101 -4102 -4103 4104 -4105 -4106 -4107 -4108 -4109 
v -4110 -4111 4112 -4113 4114 -4115 4116 -4117 -4118 -4119 -4120 -4121 4122 
v 4123 -4124 -4125 4126 -4127 4128 -4129 4130 -4131 -4132 -4133 4134 4135 4136 
v -4137 4138 4139 4140 -4141 -4142 -4143 -4144 -4145 4146 4147 4148 -4149 4150 
v -4151 4152 4153 4154 -4155 4156 4157 4158 -4159 4160 -4161 4162 -4163 4164 
v 4165 4166 4167 -4168 -4169 4170 4171 4172 4173 4174 4175 4176 -4177 4178 4179 
v -4180 -4181 -4182 -4183 -4184 -4185 4186 -4187 4188 -4189 -4190 -4191 -4192 
v -4193 -4194 -4195 -4196 -4197 -4198 -4199 4200 -4201 4202 -4203 4204 -4205 
v -4206 -4207 -4208 -4209 4210 -4211 -4212 -4213 -4214 -4215 4216 -4217 -4218 
v -4219 -4220 -4221 -4222 -4223 -4224 -4225 -4226 -4227 -4228 -4229 -4230 -4231 
v -4232 -4233 -4234 -4235 -4236 -4237 -4238 -4239 -4240 -4241 -4242 -4243 -4244 
v -4245 -4246 -4247 -4248 -4249 -4250 -4251 -4252 -4253 -4254 -4255 -4256 -4257 
v -4258 -4259 4260 -4261 -4262 -4263 -4264 -4265 -4266 -4267 -4268 -4269 -4270 
v -4271 -4272 -4273 -4274 -4275 -4276 -4277 4278 -4279 -4280 -4281 -4282 -4283 
v -4284 -4285 -4286 -4287 -4288 -4289 -4290 -4291 -4292 -4293 -4294 -4295 4296 
v -4297 -4298 -4299 -4300 -4301 -4302 -4303 -4304 -4305 -4306 -4307 -4308 -4309 
v 4310 4311 -4312 -4313 4314 -4315 4316 -4317 -4318 -4319 -4320 -4321 4322 4323 
v -4324 -4325 4326 -4327 4328 -4329 4330 -4331 4332 -4333 -4334 -4335 -4336 
v -4337 4338 4339 -4340 -4341 4342 4343 4344 4345 4346 -4347 -4348 -4349 4350 
v 4351 4352 -4353 4354 4355 4356 -4357 -4358 -4359 -4360 -4361 4362 4363 4364 
v -4365 4366 -4367 -4368 -4369 -4370 -4371 4372 -4373 -4374 -4375 -4376 -4377 
v 4378 -4379 -4380 -4381 4382 4383 4384 4385 4386 -4387 -4388 -4389 4390 4391 
v 4392 4393 4394 4395 4396 4397 4398 4399 4400 -4401 -4402 -4403 -4404 -4405 
v -4406 4407 -4408 -4409 -4410 4411 -4412 -4413 -4414 -4415 -4416 -4417 -4418 
v 4419 -4420 4421 -4422 -4423 -4424 -4425 -4426 4427 4428 -4429 -4430 4431 
v -4432 -4433 -4434 -4435 -4436 -4437 -4438 4439 -4440 -4441 -4442 -4443 -4444 
v -4445 -4446 -4447 -4448 -4449 -4450 -4451 -4452 -4453 -4454 4455 -4456 -4457 
v -4458 4459 -4460 -4461 -4462 -4463 -4464 4465 -4466 -4467 -4468 -4469 -4470 
v -4471 -4472 -4473 -4474 -4475 -4476 -4477 -4478 -4479 -4480 -4481 -4482 4483 
v 4484 -4485 -4486 4487 -4488 -4489 -4490 -4491 -4492 4493 -4494 4495 -4496 
v 4497 -4498 -4499 -4500 4501 -4502 -4503 -4504 -4505 -4506 -4507 -4508 -4509 
v -4510 -4511 -4512 -4513 -4514 -4515 -4516 -4517 -4518 4519 4520 -4521 -4522 
v 4523 -4524 -4525 -4526 -4527 -4528 -4529 -4530 -4531 -4532 -4533 -4534 -4535 
v -4536 4537 -4538 -4539 -4540 -4541 -4542 -4543 -4544 4545 -4546 4547 -4548 
v -4549 -4550 -4551 -4552 4553 4554 4555 -4556 4557 4558 4559 -4560 -4561 -4562 
v 4563 -4564 4565 4566 4567 4568 -4569 -4570 -4571 -4572 -4573 -4574 -4575 
v -4576 -4577 -4578 -4579 -4580 -4581 -4582 -4583 -4584 -4585 -4586 -4587 -4588 
v -4589 -4590 -4591 -4592 -4593 -4594 -4595 -4596 -4597 -4598 -4599 -4600 -4601 
v -4602 -4603 -4604 -4605 -4606 -4607 -4608 4609 -4610 4611 -4612 4613 -4614 
v 4615 -4616 -4617 -4618 -4619 -4620 4621 4622 -4623 -4624 -4625 -4626 4627 
v -4628 -4629 -4630 -4631 -4632 4633 -4634 -4635 -4636 -4637 -4638 4639 -4640 
v -4641 -4642 -4643 -4644 4645 4646 4647 4648 -4649 -4650 -4651 -4652 -4653 
v -4654 -4655 -4656 -4657 -4658 4659 4660 -4661 -4662 4663 -4664 4665 -4666 
v -4667 -4668 -4669 -4670 4671 4672 -4673 -4674 4675 4676 -4677 -4678 4679 
v -4680 -4681 -4682 -4683 -4684 -4685 -4686 4687 -4688 -4689 -4690 4691 4692 
v 4693 4694 -4695 -4696 -4697 -4698 4699 4700 -4701 -4702 4703 -4704 4705 -4706 
v -4707 -4708 -4709 -4710 4711 4712 -4713 -4714 4715 -4716 -4717 -4718 -4719 
v -4720 -4721 -4722 -4723 -4724 -4725 -4726 -4727 -4728 -4729 -4730 4731 4732 
v 4733 -4734 -4735 -4736 -4737 -4738 4739 4740 4741 4742 4743 4744 4745 4746 
v -4747 -4748 -4749 -4750 -4751 -4752 -4753 -4754 -4755 4756 -4757 -4758 -4759 
v 4760 -4761 -4762 -4763 -4764 -4765 4766 -4767 -4768 -4769 4770 -4771 -4772 
v -4773 -4774 -4775 4776 4777 4778 -4779 4780 4781 -4782 -4783 -4784 -4785 
v -4786 -4787 4788 -4789 4790 -4791 -4792 -4793 -4794 -4795 -4796 -4797 -4798 
v -4799 -4800 -4801 -4802 -4803 4804 -4805 4806 -4807 4808 4809 -4810 -4811 
v 4812 -4813 4814 -4815 -4816 -4817 -4818 -4819 4820 -4821 -4822 -4823 -4824 
v -4825 4826 -4827 -4828 -4829 -4830 -4831 4832 4833 -4834 -4835 4836 -4837 
v -4838 -4839 4840 -4841 4842 -4843 4844 -4845 4846 -4847 -4848 -4849 4850 4851 
v -4852 -4853 4854 -4855 4856 -4857 -4858 -4859 -4860 -4861 4862 4863 -4864 
v -4865 -4866 -4867 4868 4869 4870 -4871 4872 4873 -4874 -4875 -4876 -4877 
v -4878 -4879 -4880 -4881 -4882 -4883 -4884 -4885 4886 -4887 -4888 -4889 -4890 
v -4891 4892 -4893 -4894 -4895 4896 -4897 -4898 -4899 -4900 -4901 4902 4903 
v -4904 -4905 4906 -4907 -4908 -4909 -4910 -4911 -4912 -4913 4914 -4915 -4916 
v -4917 -4918 -4919 -4920 -4921 -4922 -4923 -4924 -4925 -4926 -4927 -4928 -4929 
v -4930 -4931 -4932 -4933 -4934 -4935 -4936 -4937 -4938 -4939 -4940 -4941 -4942 
v -4943 -4944 -4945 -4946 -4947 -4948 -4949 -4950 -4951 -4952 -4953 -4954 -4955 
v -4956 -4957 4958 -4959 -4960 -4961 -4962 -4963 -4964 -4965 -4966 -4967 -4968 
v -4969 -4970 -4971 -4972 -4973 -4974 -4975 4976 -4977 -4978 -4979 -4980 -4981 
v -4982 -4983 -4984 -4985 -4986 -4987 -4988 -4989 -4990 -4991 -4992 -4993 4994 
v -4995 -4996 -4997 -4998 -4999 -5000 -5001 -5002 -5003 -5004 -5005 -5006 -5007 
v 5008 5009 -5010 -5011 5012 -5013 -5014 -5015 -5016 -5017 -5018 -5019 5020 
v -5021 -5022 -5023 5024 -5025 -5026 -5027 -5028 -5029 5030 -5031 -5032 -5033 
v -5034 -5035 5036 -5037 -5038 -5039 5040 5041 5042 -5043 -5044 -5045 -5046 
v -5047 5048 5049 -5050 -5051 5052 -5053 5054 -5055 -5056 -5057 -5058 -5059 
v 5060 5061 -5062 -5063 5064 -5065 -5066 -5067 -5068 -5069 -5070 -5071 -5072 
v -5073 -5074 -5075 -5076 -5077 -5078 -5079 5080 5081 5082 -5083 -5084 -5085 
v -5086 -5087 5088 5089 5090 5091 5092 5093 5094 -5095 -5096 -5097 -5098 -5099 
v -5100 -5101 -5102 -5103 -5104 5105 -5106 5107 -5108 5109 5110 -5111 -5112 
v 5113 -5114 -5115 -5116 -5117 -5118 -5119 -5120 -5121 -5122 -5123 -5124 5125 
v -5126 -5127 -5128 -5129 -5130 5131 -5132 -5133 -5134 -5135 -5136 5137 -5138 
v -5139 -5140 5141 -5142 -5143 -5144 -5145 -5146 -5147 -5148 -5149 -5150 -5151 
v -5152 5153 -5154 -5155 -5156 5157 -5158 -5159 -5160 -5161 -5162 5163 -5164 
v -5165 -5166 -5167 -5168 -5169 -5170 -5171 -5172 -5173 -5174 -5175 -5176 5177 
v -5178 -5179 -5180 5181 5182 -5183 -5184 5185 -5186 5187 -5188 -5189 -5190 
v 5191 -5192 5193 5194 5195 -5196 -5197 -5198 5199 -5200 5201 -5202 5203 -5204 
v 5205 -5206 -5207 -5208 -5209 -5210 5211 5212 -5213 -5214 -5215 -5216 5217 
v 5218 5219 5220 5221 5222 -5223 -5224 -5225 -5226 -5227 -5228 -5229 -5230 5231 
v -5232 -5233 -5234 5235 -5236 -5237 -5238 -5239 -5240 -5241 -5242 -5243 -5244 
v -5245 -5246 -5247 -5248 -5249 -5250 5251 -5252 -5253 -5254 -5255 -5256 5257 
v -5258 -5259 -5260 -5261 -5262 5263 -5264 -5265 -5266 -5267 -5268 -5269 -5270 
v -5271 -5272 -5273 -5274 -5275 -5276 -5277 -5278 -5279 -5280 -5281 -5282 -5283 
v -5284 -5285 -5286 -5287 -5288 -5289 -5290 -5291 -5292 -5293 -5294 -5295 -5296 
v -5297 -5298 -5299 -5300 -5301 -5302 -5303 -5304 -5305 -5306 5307 -5308 -5309 
v -5310 -5311 -5312 -5313 -5314 -5315 -5316 -5317 -5318 -5319 -5320 -5321 -5322 
v -5323 -5324 5325 -5326 -5327 -5328 -5329 -5330 -5331 -5332 -5333 -5334 -5335 
v -5336 5337 -5338 -5339 -5340 -5341 -5342 5343 -5344 5345 -5346 -5347 -5348 
v -5349 -5350 -5351 -5352 -5353 -5354 -5355 -5356 5357 5358 -5359 -5360 5361 
v -5362 5363 -5364 -5365 -5366 -5367 -5368 5369 5370 -5371 -5372 5373 -5374 
v -5375 -5376 -5377 -5378 5379 -5380 -5381 -5382 -5383 -5384 5385 -5386 -5387 
v -5388 5389 5390 5391 5392 -5393 -5394 -5395 -5396 5397 5398 -5399 -5400 5401 
v -5402 5403 -5404 -5405 -5406 -5407 -5408 5409 5410 5411 -5412 5413 5414 -5415 
v -5416 5417 -5418 -5419 -5420 -5421 -5422 -5423 -5424 5425 -5426 -5427 -5428 
v 5429 5430 5431 5432 5433 -5434 -5435 -5436 5437 5438 5439 5440 5441 5442 5443 
v 5444 5445 -5446 5447 -5448 -5449 -5450 -5451 -5452 -5453 -5454 -5455 -5456 
v -5457 5458 -5459 -5460 -5461 -5462 -5463 5464 -5465 -5466 -5467 5468 -5469 
v -5470 -5471 -5472 -5473 5474 5475 -5476 -5477 5478 -5479 -5480 -5481 -5482 
v -5483 5484 -5485 5486 -5487 5488 -5489 -5490 -5491 -5492 -5493 -5494 -5495 
v -5496 -5497 -5498 -5499 5500 -5501 -5502 -5503 -5504 -5505 -5506 -5507 -5508 
v -5509 -5510 -5511 -5512 -5513 -5514 -5515 -5516 -5517 5518 -5519 -5520 -5521 
v -5522 -5523 5524 -5525 5526 -5527 -5528 -5529 5530 -5531 5532 -5533 5534 
v -5535 -5536 -5537 -5538 -5539 5540 -5541 5542 -5543 5544 -5545 5546 -5547 
v 5548 5549 -5550 -5551 5552 -5553 5554 5555 -5556 -5557 5558 -5559 5560 5561 
v 5562 -5563 -5564 -5565 5566 5567 5568 -5569 5570 5571 5572 -5573 5574 -5575 
v -5576 -5577 -5578 -5579 5580 -5581 5582 -5583 5584 5585 -5586 -5587 5588 
v -5589 -5590 -5591 5592 -5593 5594 -5595 -5596 -5597 -5598 -5599 5600 5601 
v -5602 -5603 5604 -5605 5606 -5607 -5608 -5609 -5610 -5611 5612 5613 -5614 
v -5615 -5616 -5617 -5618 -5619 -5620 -5621 -5622 -5623 -5624 -5625 -5626 -5627 
v -5628 -5629 -5630 -5631 -5632 -5633 -5634 -5635 -5636 -5637 -5638 -5639 -5640 
v -5641 -5642 -5643 -5644 -5645 -5646 -5647 -5648 -5649 -5650 -5651 -5652 -5653 
v -5654 -5655 5656 -5657 -5658 -5659 -5660 -5661 5662 -5663 -5664 -5665 -5666 
v -5667 5668 -5669 -5670 -5671 -5672 -5673 5674 -5675 -5676 -5677 -5678 -5679 
v -5680 -5681 -5682 -5683 -5684 -5685 -5686 -5687 -5688 -5689 -5690 -5691 5692 
v 5693 -5694 -5695 -5696 -5697 -5698 -5699 -5700 -5701 -5702 -5703 -5704 -5705 
v 5706 5707 -5708 -5709 5710 -5711 -5712 -5713 -5714 -5715 -5716 -5717 5718 
v -5719 -5720 -5721 5722 5723 -5724 -5725 5726 -5727 5728 -5729 -5730 -5731 
v -5732 -5733 5734 5735 -5736 -5737 5738 5739 5740 -5741 5742 -5743 -5744 -5745 
v 5746 5747 5748 -5749 5750 5751 5752 -5753 -5754 -5755 -5756 -5757 5758 5759 
v 5760 -5761 5762 -5763 -5764 -5765 -5766 -5767 5768 -5769 -5770 -5771 -5772 
v -5773 5774 -5775 -5776 -5777 5778 5779 5780 5781 5782 -5783 -5784 -5785 5786 
v 5787 5788 5789 5790 5791 5792 -5793 5794 5795 5796 -5797 -5798 -5799 -5800 
v -5801 -5802 -5803 -5804 -5805 -5806 5807 -5808 -5809 -5810 -5811 -5812 -5813 
v -5814 5815 -5816 5817 -5818 -5819 -5820 -5821 -5822 5823 5824 5825 -5826 5827 
v 5828 -5829 -5830 -5831 -5832 -5833 -5834 5835 -5836 5837 -5838 -5839 -5840 
v -5841 -5842 -5843 -5844 -5845 5846 5847 -5848 5849 5850 5851 -5852 5853 -5854 
v 5855 5856 -5857 -5858 5859 -5860 5861 -5862 5863 -5864 5865 -5866 5867 5868 
v -5869 -5870 5871 -5872 5873 5874 5875 -5876 -5877 -5878 5879 5880 -5881 -5882 
v 5883 -5884 5885 -5886 -5887 -5888 -5889 -5890 5891 5892 -5893 -5894 -5895 
v -5896 5897 5898 -5899 -5900 5901 -5902 5903 5904 -5905 -5906 5907 -5908 5909 
v 5910 5911 -5912 -5913 -5914 5915 5916 5917 5918 5919 -5920 5921 -5922 5923 
v -5924 -5925 -5926 -5927 -5928 -5929 -5930 5931 -5932 5933 -5934 -5935 -5936 
v -5937 -5938 -5939 -5940 -5941 -5942 -5943 -5944 -5945 -5946 -5947 -5948 5949 
v -5950 -5951 -5952 -5953 -5954 -5955 -5956 -5957 -5958 -5959 -5960 -5961 -5962 
v -5963 -5964 -5965 -5966 -5967 -5968 -5969 -5970 -5971 -5972 -5973 -5974 -5975 
v -5976 -5977 -5978 -5979 -5980 -5981 -5982 -5983 -5984 -5985 -5986 -5987 -5988 
v -5989 -5990 -5991 -5992 -5993 -5994 -5995 -5996 -5997 -5998 -5999 -6000 -6001 
v -6002 -6003 -6004 6005 -6006 -6007 -6008 -6009 -6010 -6011 -6012 -6013 -6014 
v -6015 -6016 -6017 -6018 -6019 -6020 -6021 -6022 -6023 -6024 -6025 -6026 -6027 
v -6028 -6029 -6030 -6031 -6032 -6033 -6034 -6035 -6036 -6037 -6038 -6039 -6040 
v -6041 -6042 -6043 -6044 -6045 -6046 -6047 -6048 -6049 -6050 -6051 -6052 -6053 
v -6054 6055 6056 -6057 -6058 6059 -6060 6061 -6062 -6063 -6064 -6065 -6066 
v 6067 6068 -6069 -6070 6071 -6072 -6073 -6074 -6075 -6076 -6077 -6078 -6079 
v -6080 -6081 -6082 -6083 -6084 -6085 -6086 6087 6088 6089 -6090 -6091 -6092 
v -6093 -6094 6095 -6096 6097 -6098 6099 -6100 6101 -6102 -6103 -6104 -6105 
v -6106 6107 6108 6109 -6110 6111 -6112 -6113 -6114 -6115 -6116 6117 -6118 
v -6119 -6120 -6121 -6122 6123 -6124 -6125 -6126 6127 6128 6129 6130 6131 -6132 
v -6133 -6134 6135 6136 6137 6138 6139 6140 6141 -6142 6143 -6144 6145 -6146 
v -6147 -6148 -6149 -6150 -6151 -6152 -6153 -6154 -6155 -6156 -6157 -6158 -6159 
v -6160 -6161 -6162 -6163 -6164 -6165 -6166 -6167 -6168 -6169 -6170 -6171 -6172 
v -6173 -6174 -6175 -6176 -6177 -6178 -6179 -6180 -6181 -6182 -6183 -6184 -6185 
v -6186 -6187 -6188 -6189 -6190 -6191 -6192 -6193 -6194 -6195 6196 -6197 6198 
v -6199 -6200 -6201 6202 -6203 6204 -6205 -6206 -6207 -6208 -6209 6210 -6211 
v -6212 -6213 -6214 -6215 6216 -6217 -6218 -6219 -6220 -6221 6222 -6223 -6224 
v -6225 -6226 -6227 6228 -6229 -6230 -6231 -6232 -6233 -6234 -6235 -6236 -6237 
v -6238 -6239 -6240 -6241 -6242 -6243 -6244 -6245 6246 -6247 -6248 -6249 -6250 
v -6251 -6252 -6253 -6254 -6255 -6256 -6257 -6258 -6259 -6260 -6261 -6262 -6263 
v 6264 -6265 -6266 -6267 -6268 -6269 -6270 -6271 -6272 -6273 -6274 -6275 -6276 
v -6277 -6278 -6279 -6280 -6281 -6282 -6283 -6284 -6285 -6286 -6287 6288 -6289 
v -6290 -6291 6292 -6293 -6294 -6295 -6296 -6297 6298 -6299 -6300 -6301 6302 
v -6303 -6304 -6305 -6306 -6307 -6308 -6309 6310 -6311 -6312 -6313 -6314 -6315 
v -6316 -6317 6318 -6319 6320 -6321 -6322 -6323 -6324 -6325 -6326 -6327 -6328 
v -6329 -6330 -6331 -6332 -6333 -6334 -6335 6336 -6337 -6338 -6339 6340 -6341 
v 6342 -6343 -6344 -6345 -6346 -6347 6348 6349 -6350 -6351 -6352 -6353 6354 
v 6355 -6356 -6357 6358 -6359 6360 -6361 -6362 -6363 6364 -6365 6366 6367 6368 
v -6369 -6370 -6371 6372 6373 6374 -6375 6376 6377 -6378 -6379 -6380 -6381 
v -6382 -6383 6384 -6385 6386 -6387 -6388 -6389 6390 6391 6392 6393 6394 -6395 
v 6396 -6397 -6398 -6399 -6400 -6401 -6402 -6403 6404 6405 -6406 -6407 6408 
v -6409 6410 -6411 -6412 -6413 -6414 -6415 6416 6417 -6418 -6419 6420 -6421 
v 6422 -6423 6424 -6425 -6426 -6427 -6428 -6429 -6430 -6431 6432 -6433 -6434 
v -6435 6436 6437 6438 6439 -6440 -6441 -6442 -6443 6444 6445 -6446 -6447 6448 
v -6449 6450 -6451 -6452 -6453 -6454 -6455 6456 6457 -6458 -6459 6460 -6461 
v -6462 -6463 -6464 -6465 6466 -6467 -6468 -6469 -6470 -6471 6472 -6473 -6474 
v -6475 6476 6477 6478 6479 -6480 -6481 -6482 -6483 6484 6485 6486 6487 6488 
v 6489 6490 6491 6492 -6493 -6494 -6495 -6496 -6497 -6498 -6499 -6500 -6501 
v -6502 -6503 -6504 -6505 -6506 -6507 -6508 -6509 -6510 -6511 -6512 6513 -6514 
v 6515 -6516 -6517 -6518 -6519 -6520 6521 -6522 -6523 -6524 -6525 -6526 6527 
v -6528 -6529 -6530 6531 -6532 6533 -6534 6535 -6536 6537 -6538 -6539 -6540 
v -6541 -6542 -6543 -6544 -6545 -6546 -6547 -6548 -6549 -6550 -6551 -6552 6553 
v -6554 -6555 -6556 -6557 -6558 6559 -6560 -6561 -6562 -6563 -6564 -6565 -6566 
v -6567 -6568 -6569 -6570 -6571 -6572 -6573 -6574 6575 -6576 6577 6578 -6579 
v -6580 6581 -6582 -6583 -6584 6585 -6586 6587 -6588 6589 -6590 6591 -6592 
v -6593 -6594 6595 -6596 6597 6598 6599 -6600 6601 -6602 -6603 -6604 -6605 
v -6606 6607 6608 -6609 -6610 6611 -6612 6613 6614 6615 -6616 6617 6618 -6619 
v -6620 -6621 -6622 6623 -6624 -6625 -6626 -6627 -6628 -6629 -6630 -6631 -6632 
v -6633 -6634 6635 -6636 -6637 -6638 -6639 -6640 6641 -6642 -6643 -6644 6645 
v -6646 6647 -6648 6649 -6650 6651 -6652 6653 6654 6655 -6656 6657 6658 6659 
v 6660 6661 -6662 6663 -6664 -6665 -6666 -6667 -6668 -6669 -6670 -6671 -6672 
v -6673 -6674 -6675 -6676 -6677 -6678 -6679 -6680 -6681 -6682 -6683 -6684 -6685 
v -6686 -6687 -6688 -6689 -6690 -6691 -6692 -6693 -6694 -6695 -6696 -6697 -6698 
v -6699 -6700 -6701 -6702 6703 -6704 -6705 -6706 -6707 -6708 6709 -6710 -6711 
v -6712 -6713 -6714 6715 -6716 -6717 -6718 -6719 -6720 6721 -6722 6723 -6724 
v 6725 -6726 6727 -6728 -6729 -6730 -6731 -6732 6733 6734 -6735 -6736 -6737 
v -6738 6739 6740 6741 -6742 6743 -6744 -6745 -6746 -6747 -6748 -6749 -6750 
v -6751 -6752 6753 6754 -6755 -6756 6757 -6758 -6759 -6760 -6761 -6762 -6763 
v -6764 6765 -6766 -6767 -6768 6769 6770 -6771 -6772 6773 -6774 6775 -6776 
v -6777 -6778 -6779 -6780 6781 6782 -6783 -6784 6785 6786 6787 -6788 6789 -6790 
v -6791 -6792 6793 6794 -6795 -6796 6797 -6798 6799 6800 -6801 -6802 6803 -6804 
v 6805 6806 6807 -6808 6809 6810 6811 -6812 6813 6814 -6815 -6816 -6817 -6818 
v -6819 -6820 6821 -6822 6823 -6824 6825 6826 6827 6828 6829 -6830 6831 -6832 
v 6833 6834 6835 6836 6837 6838 6839 -6840 6841 6842 6843 -6844 -6845 -6846 
v 6847 -6848 -6849 -6850 -6851 6852 -6853 6854 -6855 -6856 -6857 -6858 -6859 
v -6860 -6861 6862 -6863 6864 -6865 -6866 -6867 -6868 -6869 6870 6871 -6872 
v -6873 6874 -6875 -6876 -6877 -6878 -6879 -6880 -6881 6882 -6883 -6884 -6885 
v -6886 -6887 -6888 -6889 6890 -6891 6892 -6893 6894 -6895 6896 -6897 -6898 
v -6899 6900 -6901 6902 -6903 -6904 -6905 -6906 -6907 6908 6909 -6910 -6911 
v 6912 -6913 6914 -6915 -6916 -6917 -6918 -6919 6920 6921 6922 -6923 -6924 
v -6925 6926 6927 -6928 -6929 6930 -6931 6932 -6933 -6934 -6935 -6936 -6937 
v 6938 6939 -6940 -6941 -6942 -6943 6944 6945 -6946 -6947 6948 -6949 6950 -6951 
v -6952 -6953 -6954 -6955 6956 6957 -6958 -6959 -6960 -6961 6962 6963 6964 6965 
v 6966 -6967 -6968 -6969 -6970 -6971 -6972 -6973 -6974 -6975 -6976 -6977 6978 
v 6979 6980 -6981 6982 -6983 6984 -6985 -6986 -6987 6988 -6989 6990 -6991 -6992 
v -6993 -6994 -6995 6996 6997 -6998 -6999 7000 -7001 7002 -7003 -7004 -7005 
v -7006 -7007 7008 7009 -7010 -7011 -7012 -7013 -7014 -7015 -7016 -7017 -7018 
v -7019 -7020 -7021 -7022 -7023 -7024 -7025 -7026 -7027 -7028 -7029 -7030 -7031 
v -7032 -7033 7034 -7035 -7036 -7037 -7038 -7039 -7040 -7041 -7042 -7043 -7044 
v -7045 -7046 -7047 -7048 -7049 -7050 -7051 7052 7053 7054 -7055 7056 7057 7058 
v -7059 -7060 -7061 -7062 -7063 7064 7065 7066 -7067 -7068 -7069 7070 -7071 
v -7072 -7073 -7074 -7075 -7076 -7077 -7078 -7079 -7080 -7081 -7082 -7083 -7084 
v -7085 -7086 -7087 7088 7089 7090 -7091 7092 -7093 -7094 -7095 -7096 -7097 
v -7098 -7099 -7100 -7101 7102 7103 7104 -7105 7106 7107 7108 -7109 -7110 -7111 
v -7112 -7113 7114 7115 7116 -7117 7118 7119 -7120 -7121 7122 -7123 -7124 -7125 
v -7126 -7127 -7128 -7129 7130 -7131 -7132 -7133 7134 7135 7136 7137 7138 -7139 
v -7140 -7141 7142 7143 7144 -7145 7146 7147 7148 7149 -7150 -7151 7152 -7153 
v 7154 7155 7156 7157 7158 7159 -7160 -7161 7162 -7163 -7164 -7165 -7166 -7167 
v -7168 -7169 7170 -7171 -7172 -7173 7174 7175 7176 7177 7178 -7179 7180 -7181 
v 7182 7183 7184 7185 7186 7187 7188 7189 7190 7191 7192 -7193 -7194 -7195 7196 
v -7197 7198 -7199 7200 -7201 7202 7203 -7204 -7205 7206 -7207 -7208 -7209 
v -7210 -7211 7212 -7213 -7214 -7215 -7216 -7217 7218 7219 -7220 -7221 7222 
v -7223 7224 -7225 -7226 -7227 -7228 -7229 7230 7231 -7232 7233 -7234 -7235 
v -7236 -7237 7238 -7239 7240 -7241 -7242 -7243 -7244 -7245 -7246 -7247 -7248 
v -7249 -7250 -7251 -7252 -7253 -7254 -7255 7256 -7257 -7258 -7259 -7260 -7261 
v -7262 -7263 -7264 -7265 -7266 -7267 -7268 -7269 -7270 7271 7272 -7273 7274 
v 7275 7276 7277 7278 7279 7280 -7281 -7282 -7283 -7284 -7285 7286 7287 7288 
v -7289 7290 -7291 7292 -7293 7294 -7295 7296 -7297 -7298 -7299 -7300 -7301 
v -7302 -7303 7304 -7305 -7306 -7307 -7308 -7309 7310 7311 7312 7313 7314 -7315 
v -7316 -7317 7318 -7319 -7320 -7321 -7322 -7323 -7324 -7325 -7326 -7327 -7328 
v -7329 -7330 -7331 -7332 -7333 -7334 -7335 7336 -7337 7338 7339 -7340 -7341 
v 7342 -7343 7344 -7345 -7346 -7347 -7348 7349 7350 -7351 -7352 -7353 -7354 
v -7355 7356 -7357 7358 -7359 -7360 -7361 7362 -7363 -7364 -7365 7366 -7367 
v -7368 -7369 -7370 -7371 -7372 -7373 -7374 -7375 -7376 -7377 7378 -7379 7380 
v -7381 7382 -7383 -7384 -7385 -7386 -7387 7388 -7389 -7390 -7391 -7392 -7393 
v 7394 -7395 -7396 -7397 -7398 -7399 7400 7401 -7402 -7403 7404 -7405 -7406 
v -7407 -7408 -7409 -7410 -7411 7412 -7413 -7414 -7415 -7416 -7417 7418 7419 
v -7420 -7421 7422 -7423 7424 -7425 -7426 -7427 -7428 -7429 7430 7431 -7432 
v -7433 -7434 -7435 7436 7437 7438 -7439 7440 -7441 -7442 -7443 -7444 -7445 
v -7446 -7447 -7448 -7449 7450 7451 -7452 -7453 7454 -7455 7456 -7457 -7458 
v -7459 -7460 -7461 7462 7463 -7464 -7465 7466 7467 -7468 -7469 7470 -7471 
v -7472 -7473 -7474 -7475 -7476 -7477 7478 -7479 -7480 -7481 7482 7483 7484 
v 7485 -7486 -7487 -7488 -7489 7490 7491 7492 -7493 7494 7495 7496 7497 -7498 
v -7499 7500 -7501 7502 7503 7504 7505 7506 7507 -7508 -7509 7510 -7511 -7512 
v -7513 -7514 -7515 -7516 -7517 7518 -7519 -7520 -7521 7522 7523 7524 7525 7526 
v -7527 7528 -7529 7530 7531 7532 7533 7534 7535 7536 7537 7538 -7539 7540 
v -7541 -7542 -7543 7544 -7545 -7546 7547 -7548 -7549 -7550 7551 -7552 -7553 
v -7554 -7555 -7556 7557 -7558 -7559 -7560 7561 -7562 -7563 -7564 -7565 -7566 
v 7567 7568 -7569 -7570 7571 -7572 -7573 -7574 -7575 -7576 -7577 -7578 7579 
v -7580 -7581 -7582 7583 -7584 -7585 -7586 -7587 -7588 -7589 -7590 -7591 -7592 
v -7593 -7594 -7595 -7596 -7597 -7598 7599 -7600 -7601 -7602 -7603 -7604 7605 
v -7606 -7607 -7608 -7609 -7610 -7611 -7612 -7613 -7614 -7615 -7616 -7617 -7618 
v -7619 -7620 -7621 -7622 7623 7624 -7625 -7626 7627 -7628 7629 -7630 7631 
v -7632 7633 -7634 7635 7636 7637 -7638 -7639 -7640 7641 -7642 7643 -7644 7645 
v -7646 -7647 -7648 -7649 -7650 -7651 -7652 7653 -7654 -7655 -7656 -7657 -7658 
v 7659 7660 7661 7662 7663 -7664 -7665 -7666 -7667 -7668 -7669 -7670 -7671 
v -7672 -7673 -7674 7675 -7676 7677 -7678 -7679 -7680 -7681 -7682 7683 -7684 
v -7685 -7686 7687 -7688 -7689 -7690 7691 -7692 7693 7694 -7695 -7696 7697 
v -7698 7699 -7700 -7701 -7702 -7703 -7704 7705 7706 -7707 -7708 -7709 -7710 
v -7711 -7712 -7713 -7714 -7715 -7716 -7717 -7718 -7719 -7720 -7721 -7722 -7723 
v -7724 -7725 -7726 -7727 -7728 -7729 -7730 -7731 -7732 -7733 -7734 -7735 -7736 
v -7737 -7738 -7739 -7740 -7741 -7742 -7743 -7744 -7745 -7746 -7747 -7748 7749 
v -7750 -7751 -7752 -7753 -7754 7755 -7756 -7757 -7758 -7759 -7760 7761 -7762 
v -7763 -7764 -7765 -7766 7767 -7768 -7769 -7770 -7771 -7772 -7773 -7774 -7775 
v -7776 -7777 -7778 -7779 -7780 -7781 -7782 -7783 -7784 7785 7786 -7787 -7788 
v -7789 -7790 -7791 -7792 -7793 -7794 -7795 -7796 -7797 -7798 7799 7800 -7801 
v -7802 7803 -7804 7805 -7806 -7807 -7808 7809 -7810 7811 7812 7813 -7814 7815 
v 7816 -7817 -7818 7819 -7820 -7821 -7822 -7823 -7824 -7825 -7826 7827 -7828 
v -7829 -7830 7831 7832 7833 7834 7835 -7836 -7837 -7838 7839 7840 7841 -7842 
v 7843 7844 7845 -7846 -7847 -7848 -7849 -7850 7851 7852 7853 -7854 7855 -7856 
v -7857 -7858 -7859 -7860 7861 -7862 -7863 -7864 -7865 -7866 7867 -7868 -7869 
v -7870 7871 7872 7873 7874 7875 -7876 -7877 -7878 7879 7880 7881 7882 7883 
v 7884 7885 7886 7887 7888 7889 -7890 -7891 -7892 -7893 -7894 -7895 -7896 -7897 
v 7898 -7899 7900 -7901 -7902 -7903 -7904 -7905 -7906 -7907 7908 -7909 7910 
v -7911 -7912 -7913 -7914 -7915 7916 7917 -7918 -7919 7920 -7921 -7922 -7923 
v 7924 -7925 7926 -7927 7928 -7929 7930 -7931 7932 -7933 -7934 -7935 -7936 
v -7937 -7938 -7939 -7940 -7941 -7942 -7943 7944 -7945 -7946 -7947 7948 -7949 
v -7950 -7951 -7952 -7953 7954 -7955 -7956 -7957 -7958 -7959 -7960 -7961 -7962 
v -7963 -7964 -7965 -7966 -7967 -7968 -7969 -7970 -7971 7972 7973 -7974 -7975 
v 7976 -7977 -7978 -7979 -7980 -7981 7982 -7983 7984 -7985 7986 -7987 -7988 
v -7989 7990 -7991 7992 -7993 7994 -7995 7996 -7997 7998 -7999 8000 -8001 8002 
v 8003 8004 -8005 -8006 -8007 8008 8009 8010 -8011 8012 8013 8014 -8015 -8016 
v -8017 -8018 -8019 -8020 -8021 -8022 -8023 8024 -8025 8026 -8027 -8028 -8029 
v -8030 -8031 8032 -8033 8034 -8035 8036 8037 -8038 -8039 8040 -8041 8042 8043 
v -8044 -8045 8046 -8047 8048 -8049 -8050 -8051 -8052 -8053 8054 8055 -8056 
v -8057 -8058 -8059 -8060 -8061 -8062 -8063 -8064 -8065 -8066 -8067 -8068 -8069 
v -8070 -8071 -8072 -8073 -8074 -8075 -8076 -8077 -8078 -8079 -8080 -8081 -8082 
v -8083 -8084 -8085 -8086 -8087 -8088 -8089 -8090 -8091 -8092 -8093 -8094 -8095 
v -8096 -8097 8098 -8099 -8100 -8101 8102 -8103 8104 -8105 -8106 -8107 -8108 
v -8109 8110 8111 -8112 -8113 -8114 -8115 8116 -8117 -8118 -8119 8120 -8121 
v -8122 -8123 -8124 -8125 -8126 -8127 8128 -8129 -8130 -8131 -8132 -8133 8134 
v 8135 8136 8137 -8138 -8139 -8140 -8141 -8142 -8143 -8144 -8145 -8146 -8147 
v 8148 8149 -8150 -8151 8152 -8153 8154 -8155 -8156 -8157 8158 -8159 8160 8161 
v 8162 -8163 8164 8165 -8166 -8167 8168 -8169 8170 -8171 -8172 -8173 -8174 
v -8175 8176 8177 -8178 -8179 8180 8181 8182 8183 8184 8185 -8186 -8187 8188 
v 8189 -8190 -8191 8192 -8193 8194 -8195 -8196 -8197 -8198 -8199 8200 8201 
v -8202 -8203 8204 8205 -8206 -8207 8208 -8209 8210 -8211 -8212 -8213 -8214 
v -8215 8216 8217 -8218 -8219 8220 8221 8222 8223 8224 -8225 -8226 -8227 8228 
v 8229 8230 8231 8232 8233 8234 8235 8236 8237 8238 8239 -8240 -8241 -8242 
v -8243 -8244 8245 -8246 8247 -8248 8249 8250 -8251 -8252 8253 -8254 -8255 
v -8256 -8257 -8258 -8259 -8260 -8261 -8262 -8263 -8264 8265 -8266 -8267 -8268 
v -8269 -8270 8271 -8272 -8273 -8274 8275 -8276 8277 -8278 8279 -8280 8281 
v -8282 8283 -8284 -8285 -8286 8287 -8288 -8289 -8290 -8291 -8292 -8293 -8294 
v -8295 -8296 -8297 -8298 -8299 -8300 -8301 -8302 8303 -8304 -8305 -8306 -8307 
v -8308 -8309 -8310 8311 -8312 8313 -8314 -8315 -8316 8317 -8318 -8319 -8320 
v 8321 8322 -8323 -8324 8325 -8326 -8327 -8328 8329 -8330 8331 -8332 8333 -8334 
v 8335 -8336 -8337 -8338 8339 -8340 8341 -8342 8343 -8344 8345 8346 -8347 -8348 
v 8349 -8350 8351 8352 8353 -8354 -8355 -8356 8357 8358 8359 -8360 8361 8362 
v 8363 -8364 -8365 -8366 -8367 -8368 -8369 -8370 8371 -8372 -8373 -8374 8375 
v -8376 -8377 -8378 -8379 -8380 -8381 -8382 -8383 -8384 -8385 -8386 -8387 -8388 
v -8389 -8390 8391 -8392 -8393 -8394 -8395 -8396 -8397 -8398 -8399 -8400 8401 
v -8402 -8403 -8404 8405 -8406 -8407 -8408 -8409 -8410 -8411 -8412 -8413 -8414 
v -8415 -8416 -8417 -8418 -8419 -8420 -8421 -8422 -8423 -8424 -8425 -8426 -8427 
v -8428 -8429 -8430 -8431 -8432 -8433 -8434 -8435 -8436 -8437 -8438 -8439 -8440 
v -8441 -8442 -8443 -8444 -8445 -8446 8447 -8448 -8449 -8450 -8451 -8452 -8453 
v -8454 -8455 -8456 -8457 -8458 -8459 -8460 -8461 -8462 -8463 -8464 -8465 -8466 
v -8467 -8468 -8469 -8470 8471 -8472 -8473 -8474 -8475 -8476 8477 -8478 -8479 
v -8480 -8481 -8482 -8483 -8484 8485 -8486 -8487 -8488 -8489 -8490 -8491 -8492 
v -8493 -8494 -8495 -8496 8497 8498 -8499 -8500 8501 -8502 -8503 -8504 -8505 
v -8506 8507 -8508 8509 -8510 8511 -8512 8513 -8514 -8515 -8516 -8517 -8518 
v 8519 -8520 -8521 -8522 -8523 -8524 8525 -8526 -8527 -8528 8529 8530 8531 
v -8532 8533 -8534 -8535 -8536 8537 -8538 -8539 -8540 -8541 -8542 8543 -8544 
v -8545 -8546 -8547 -8548 8549 -8550 -8551 -8552 8553 8554 -8555 -8556 8557 
v -8558 8559 -8560 -8561 -8562 -8563 -8564 8565 8566 -8567 -8568 8569 8570 8571 
v -8572 8573 -8574 -8575 -8576 8577 8578 8579 8580 8581 8582 8583 -8584 8585 
v -8586 8587 -8588 -8589 -8590 -8591 -8592 -8593 -8594 -8595 -8596 -8597 -8598 
v -8599 -8600 -8601 -8602 -8603 -8604 -8605 -8606 -8607 -8608 -8609 -8610 -8611 
v -8612 -8613 -8614 -8615 -8616 -8617 -8618 -8619 -8620 -8621 -8622 -8623 8624 
v -8625 -8626 -8627 8628 -8629 8630 -8631 -8632 -8633 8634 -8635 8636 -8637 
v -8638 -8639 -8640 -8641 -8642 -8643 -8644 -8645 -8646 -8647 -8648 -8649 -8650 
v -8651 8652 -8653 8654 -8655 8656 -8657 8658 -8659 -8660 -8661 -8662 -8663 
v 8664 8665 -8666 -8667 -8668 -8669 8670 -8671 -8672 -8673 -8674 -8675 8676 
v -8677 -8678 -8679 -8680 -8681 8682 -8683 -8684 -8685 8686 -8687 8688 -8689 
v 8690 -8691 8692 -8693 8694 -8695 -8696 -8697 -8698 -8699 8700 8701 -8702 
v -8703 -8704 -8705 8706 8707 8708 -8709 8710 -8711 -8712 -8713 8714 -8715 
v -8716 -8717 -8718 -8719 -8720 -8721 8722 -8723 8724 -8725 -8726 -8727 -8728 
v -8729 -8730 -8731 8732 -8733 8734 -8735 -8736 -8737 -8738 -8739 8740 8741 
v -8742 -8743 8744 -8745 -8746 -8747 -8748 -8749 -8750 -8751 8752 -8753 8754 
v -8755 -8756 -8757 -8758 -8759 -8760 -8761 -8762 -8763 -8764 -8765 -8766 -8767 
v -8768 -8769 -8770 -8771 -8772 -8773 -8774 -8775 -8776 -8777 -8778 -8779 -8780 
v -8781 -8782 -8783 -8784 -8785 -8786 -8787 -8788 -8789 -8790 -8791 -8792 -8793 
v -8794 -8795 8796 -8797 -8798 -8799 -8800 -8801 -8802 -8803 -8804 -8805 -8806 
v -8807 8808 -8809 -8810 -8811 -8812 -8813 8814 -8815 -8816 -8817 -8818 -8819 
v 8820 -8821 -8822 -8823 -8824 -8825 8826 -8827 -8828 -8829 -8830 -8831 8832 
v 8833 8834 -8835 8836 -8837 -8838 -8839 -8840 -8841 -8842 -8843 -8844 -8845 
v 8846 8847 -8848 -8849 8850 -8851 -8852 -8853 -8854 -8855 -8856 -8857 8858 
v -8859 -8860 -8861 8862 8863 -8864 -8865 8866 -8867 -8868 -8869 -8870 -8871 
v -8872 -8873 8874 -8875 -8876 -8877 8878 8879 8880 -8881 -8882 -8883 -8884 
v -8885 8886 8887 8888 -8889 8890 8891 8892 8893 -8894 -8895 8896 -8897 8898 
v 8899 8900 8901 8902 8903 -8904 -8905 8906 -8907 -8908 -8909 -8910 -8911 -8912 
v -8913 8914 -8915 -8916 -8917 8918 8919 8920 8921 8922 -8923 8924 -8925 8926 
v 8927 8928 8929 8930 8931 8932 -8933 8934 -8935 8936 -8937 -8938 -8939 8940 
v -8941 -8942 8943 -8944 -8945 -8946 8947 -8948 -8949 -8950 -8951 -8952 -8953 
v -8954 8955 -8956 8957 -8958 -8959 -8960 -8961 -8962 8963 8964 -8965 -8966 
v 8967 -8968 8969 -8970 -8971 -8972 -8973 -8974 8975 8976 -8977 -8978 -8979 
v -8980 -8981 -8982 -8983 -8984 -8985 -8986 8987 -8988 8989 -8990 -8991 -8992 
v 8993 -8994 8995 -8996 -8997 -8998 -8999 -9000 9001 -9002 -9003 -9004 -9005 
v -9006 9007 -9008 -9009 -9010 -9011 -9012 9013 -9014 -9015 -9016 -9017 -9018 
v 9019 9020 -9021 -9022 9023 -9024 9025 -9026 9027 -9028 9029 -9030 9031 9032 
v 9033 -9034 -9035 -9036 9037 9038 9039 -9040 9041 9042 -9043 -9044 -9045 -9046 
v -9047 -9048 9049 -9050 9051 -9052 -9053 -9054 9055 9056 9057 9058 9059 -9060 
v 9061 -9062 -9063 -9064 -9065 -9066 -9067 -9068 -9069 -9070 -9071 -9072 -9073 
v -9074 -9075 -9076 -9077 -9078 -9079 -9080 -9081 -9082 -9083 -9084 -9085 -9086 
v -9087 -9088 -9089 -9090 -9091 -9092 -9093 -9094 -9095 -9096 -9097 -9098 -9099 
v -9100 -9101 -9102 -9103 -9104 -9105 -9106 -9107 -9108 -9109 -9110 -9111 -9112 
v -9113 -9114 -9115 -9116 -9117 -9118 -9119 -9120 -9121 -9122 -9123 -9124 -9125 
v -9126 -9127 -9128 -9129 -9130 -9131 -9132 -9133 -9134 -9135 -9136 -9137 -9138 
v -9139 -9140 -9141 -9142 -9143 -9144 -9145 -9146 -9147 -9148 -9149 -9150 -9151 
v -9152 -9153 -9154 -9155 -9156 -9157 -9158 -9159 -9160 -9161 -9162 9163 -9164 
v -9165 -9166 -9167 -9168 -9169 -9170 -9171 -9172 -9173 -9174 -9175 -9176 -9177 
v -9178 -9179 -9180 9181 -9182 -9183 -9184 -9185 -9186 -9187 -9188 -9189 -9190 
v -9191 -9192 -9193 -9194 9195 -9196 -9197 -9198 -9199 -9200 9201 -9202 -9203 
v -9204 9205 -9206 9207 -9208 9209 -9210 9211 -9212 -9213 -9214 -9215 -9216 
v -9217 -9218 -9219 -9220 -9221 -9222 -9223 -9224 -9225 -9226 9227 9228 -9229 
v -9230 9231 -9232 -9233 -9234 9235 9236 -9237 -9238 9239 -9240 9241 -9242 
v -9243 -9244 -9245 -9246 9247 9248 -9249 -9250 9251 -9252 -9253 -9254 9255 
v -9256 9257 -9258 -9259 -9260 -9261 -9262 9263 9264 -9265 -9266 9267 9268 9269 
v 9270 9271 -9272 -9273 -9274 9275 9276 9277 9278 9279 -9280 9281 -9282 9283 
v 9284 9285 -9286 -9287 -9288 -9289 -9290 -9291 9292 -9293 -9294 -9295 9296 
v -9297 -9298 -9299 -9300 -9301 -9302 -9303 -9304 -9305 -9306 -9307 -9308 -9309 
v -9310 -9311 9312 -9313 -9314 -9315 -9316 -9317 -9318 -9319 -9320 -9321 -9322 
v 9323 -9324 -9325 -9326 -9327 9328 -9329 -9330 -9331 -9332 -9333 9334 -9335 
v -9336 -9337 -9338 -9339 -9340 -9341 -9342 -9343 9344 -9345 -9346 -9347 9348 
v -9349 9350 9351 -9352 -9353 9354 -9355 9356 -9357 -9358 -9359 9360 -9361 9362 
v 9363 9364 -9365 -9366 -9367 9368 9369 -9370 -9371 9372 -9373 9374 -9375 -9376 
v -9377 -9378 -9379 9380 9381 -9382 -9383 9384 -9385 9386 -9387 9388 -9389 9390 
v -9391 9392 -9393 -9394 -9395 -9396 -9397 9398 9399 -9400 -9401 9402 -9403 
v 9404 9405 9406 9407 9408 -9409 -9410 -9411 9412 -9413 9414 -9415 -9416 -9417 
v -9418 -9419 -9420 -9421 -9422 -9423 -9424 -9425 -9426 -9427 -9428 -9429 -9430 
v -9431 -9432 -9433 -9434 -9435 -9436 -9437 -9438 -9439 -9440 -9441 -9442 -9443 
v -9444 -9445 -9446 -9447 -9448 -9449 -9450 -9451 -9452 -9453 -9454 -9455 -9456 
v -9457 -9458 -9459 -9460 -9461 -9462 -9463 -9464 -9465 -9466 -9467 -9468 -9469 
v -9470 -9471 -9472 -9473 -9474 -9475 -9476 -9477 -9478 -9479 -9480 -9481 -9482 
v -9483 -9484 -9485 -9486 -9487 -9488 -9489 -9490 -9491 -9492 -9493 -9494 -9495 
v -9496 -9497 -9498 -9499 -9500 -9501 -9502 -9503 -9504 -9505 -9506 -9507 -9508 
v -9509 -9510 -9511 -9512 -9513 -9514 -9515 -9516 -9517 -9518 -9519 -9520 -9521 
v -9522 -9523 -9524 -9525 -9526 -9527 -9528 -9529 -9530 -9531 -9532 -9533 -9534 
v -9535 -9536 -9537 -9538 -9539 -9540 -9541 -9542 -9543 9544 -9545 -9546 -9547 
v -9548 -9549 9550 -9551 -9552 -9553 -9554 -9555 9556 -9557 -9558 -9559 9560 
v -9561 -9562 -9563 -9564 -9565 -9566 -9567 -9568 -9569 -9570 -9571 -9572 -9573 
v -9574 -9575 9576 9577 -9578 -9579 -9580 -9581 -9582 -9583 9584 -9585 9586 
v -9587 9588 -9589 9590 -9591 -9592 -9593 -9594 -9595 9596 9597 -9598 -9599 
v 9600 -9601 9602 -9603 9604 -9605 -9606 -9607 -9608 -9609 -9610 -9611 9612 
v -9613 -9614 -9615 9616 9617 9618 9619 -9620 -9621 -9622 -9623 9624 9625 9626 
v 9627 9628 -9629 9630 -9631 9632 -9633 -9634 -9635 -9636 -9637 -9638 -9639 
v -9640 -9641 -9642 -9643 -9644 -9645 -9646 -9647 -9648 -9649 -9650 9651 -9652 
v -9653 -9654 9655 -9656 -9657 -9658 -9659 -9660 9661 -9662 -9663 -9664 9665 
v -9666 -9667 -9668 -9669 -9670 -9671 -9672 9673 -9674 -9675 -9676 -9677 -9678 
v -9679 -9680 -9681 -9682 -9683 -9684 -9685 -9686 -9687 -9688 -9689 -9690 -9691 
v -9692 -9693 -9694 9695 -9696 9697 -9698 -9699 -9700 -9701 -9702 -9703 -9704 
v 9705 -9706 -9707 -9708 -9709 -9710 9711 -9712 -9713 -9714 -9715 -9716 9717 
v -9718 -9719 -9720 -9721 -9722 9723 -9724 9725 -9726 9727 -9728 9729 -9730 
v 9731 -9732 -9733 -9734 9735 9736 -9737 -9738 9739 -9740 -9741 -9742 -9743 
v -9744 -9745 -9746 9747 -9748 -9749 -9750 -9751 -9752 9753 9754 9755 -9756 
v 9757 -9758 -9759 -9760 -9761 -9762 -9763 -9764 -9765 -9766 -9767 -9768 -9769 
v -9770 -9771 -9772 9773 -9774 9775 -9776 9777 -9778 -9779 -9780 9781 -9782 
v -9783 -9784 -9785 -9786 9787 -9788 -9789 -9790 9791 -9792 9793 -9794 -9795 
v -9796 9797 -9798 9799 9800 9801 -9802 -9803 -9804 -9805 -9806 -9807 -9808 
v -9809 -9810 -9811 -9812 -9813 -9814 -9815 -9816 -9817 -9818 -9819 -9820 -9821 
v -9822 -9823 -9824 -9825 -9826 -9827 -9828 -9829 -9830 -9831 -9832 -9833 -9834 
v -9835 -9836 -9837 -9838 -9839 -9840 -9841 -9842 9843 -9844 -9845 -9846 -9847 
v -9848 9849 -9850 -9851 -9852 -9853 -9854 9855 -9856 -9857 -9858 -9859 -9860 
v 9861 -9862 -9863 -9864 9865 -9866 9867 -9868 -9869 -9870 -9871 -9872 9873 
v 9874 -9875 -9876 -9877 -9878 9879 9880 9881 -9882 9883 -9884 -9885 -9886 
v -9887 -9888 -9889 -9890 -9891 -9892 9893 9894 -9895 -9896 9897 -9898 -9899 
v -9900 -9901 -9902 -9903 -9904 9905 -9906 -9907 -9908 9909 9910 -9911 -9912 
v 9913 -9914 -9915 -9916 -9917 -9918 -9919 -9920 9921 -9922 -9923 -9924 9925 
v 9926 9927 -9928 -9929 -9930 -9931 -9932 9933 9934 9935 -9936 9937 9938 9939 
v 9940 -9941 -9942 9943 -9944 9945 9946 9947 9948 9949 9950 -9951 -9952 9953 
v -9954 -9955 -9956 -9957 -9958 -9959 -9960 9961 -9962 -9963 -9964 9965 9966 
v 9967 9968 9969 -9970 9971 -9972 9973 9974 9975 9976 9977 9978 9979 -9980 9981 
v -9982 9983 -9984 -9985 -9986 9987 -9988 -9989 -9990 -9991 -9992 -9993 9994 
v -9995 -9996 -9997 -9998 -9999 -10000 -10001 -10002 -10003 -10004 -10005 -10006 
v -10007 -10008 -10009 10010 -10011 10012 -10013 10014 -10015 -10016 -10017 
v -10018 -10019 -10020 -10021 10022 -10023 -10024 -10025 -10026 -10027 -10028 
v -10029 -10030 -10031 -10032 -10033 -10034 -10035 -10036 -10037 -10038 -10039 
v -10040 -10041 -10042 -10043 -10044 -10045 -10046 -10047 -10048 -10049 10050 
v -10051 10052 -10053 -10054 -10055 -10056 -10057 -10058 -10059 10060 -10061 
v 10062 -10063 -10064 -10065 10066 -10067 -10068 -10069 -10070 -10071 10072 
v -10073 -10074 -10075 10076 -10077 10078 -10079 10080 -10081 10082 -10083 
v 10084 10085 -10086 -10087 10088 -10089 10090 -10091 -10092 -10093 -10094 
v -10095 10096 10097 -10098 -10099 -10100 -10101 10102 10103 10104 -10105 10106 
v 10107 -10108 -10109 10110 -10111 -10112 -10113 -10114 -10115 10116 10117 
v -10118 -10119 10120 -10121 10122 -10123 10124 -10125 -10126 -10127 -10128 
v -10129 -10130 -10131 -10132 -10133 -10134 -10135 10136 -10137 -10138 -10139 
v -10140 -10141 10142 -10143 -10144 -10145 10146 -10147 10148 -10149 10150 
v -10151 -10152 -10153 10154 -10155 -10156 -10157 10158 -10159 -10160 -10161 
v -10162 -10163 -10164 -10165 -10166 -10167 -10168 -10169 -10170 -10171 -10172 
v -10173 10174 -10175 -10176 -10177 -10178 -10179 -10180 -10181 -10182 -10183 
v -10184 -10185 -10186 -10187 -10188 -10189 -10190 -10191 10192 10193 -10194 
v -10195 10196 -10197 -10198 -10199 -10200 -10201 -10202 -10203 10204 -10205 
v -10206 -10207 -10208 -10209 10210 -10211 -10212 -10213 10214 -10215 10216 
v -10217 -10218 -10219 -10220 -10221 10222 10223 -10224 -10225 -10226 -10227 
v 10228 10229 10230 -10231 10232 -10233 -10234 -10235 -10236 -10237 -10238 
v -10239 -10240 -10241 10242 10243 -10244 -10245 10246 -10247 -10248 -10249 
v -10250 -10251 -10252 -10253 10254 -10255 -10256 -10257 10258 10259 -10260 
v -10261 10262 -10263 10264 -10265 -10266 -10267 -10268 -10269 10270 10271 
v -10272 -10273 10274 10275 10276 -10277 10278 -10279 -10280 -10281 10282 10283 
v 10284 -10285 10286 10287 10288 10289 -10290 -10291 10292 -10293 10294 10295 
v 10296 10297 10298 10299 -10300 -10301 10302 -10303 -10304 -10305 -10306 
v -10307 -10308 -10309 10310 -10311 -10312 -10313 10314 10315 10316 10317 10318 
v -10319 10320 -10321 10322 10323 10324 10325 10326 10327 10328 -10329 10330 
v 10331 10332 -10333 -10334 -10335 10336 -10337 -10338 -10339 -10340 -10341 
v -10342 10343 -10344 -10345 -10346 10347 10348 10349 -10350 -10351 -10352 
v 10353 -10354 -10355 -10356 10357 -10358 10359 10360 10361 -10362 10363 10364 
v 10365 10366 -10367 -10368 10369 -10370 10371 10372 10373 10374 10375 -10376 
v 10377 -10378 -10379 -10380 10381 -10382 -10383 -10384 -10385 -10386 -10387 
v -10388 10389 -10390 10391 -10392 -10393 -10394 -10395 -10396 10397 10398 
v -10399 -10400 10401 -10402 -10403 -10404 -10405 -10406 -10407 -10408 10409 
v -10410 -10411 -10412 -10413 -10414 10415 10416 10417 -10418 10419 10420 10421 
v -10422 -10423 -10424 -10425 -10426 10427 10428 10429 10430 -10431 -10432 
v 10433 10434 10435 -10436 10437 10438 10439 -10440 10441 -10442 10443 -10444 
v 10445 10446 10447 10448 -10449 -10450 10451 10452 10453 10454 10455 10456 
v 10457 10458 10459 -10460 -10461 -10462 -10463 -10464 -10465 -10466 -10467 
v -10468 -10469 -10470 -10471 -10472 -10473 -10474 -10475 -10476 -10477 -10478 
v -10479 -10480 -10481 -10482 -10483 -10484 -10485 -10486 -10487 -10488 -10489 
v -10490 -10491 -10492 -10493 -10494 -10495 -10496 -10497 -10498 -10499 -10500 
v -10501 -10502 -10503 -10504 -10505 -10506 -10507 -10508 -10509 -10510 -10511 
v -10512 -10513 -10514 -10515 -10516 -10517 -10518 -10519 -10520 -10521 -10522 
v -10523 -10524 -10525 -10526 -10527 -10528 -10529 -10530 -10531 -10532 -10533 
v -10534 -10535 -10536 -10537 -10538 -10539 -10540 -10541 -10542 -10543 -10544 
v -10545 -10546 -10547 -10548 -10549 -10550 -10551 -10552 -10553 -10554 -10555 
v -10556 -10557 -10558 -10559 -10560 -10561 -10562 -10563 -10564 -10565 -10566 
v -10567 -10568 -10569 -10570 -10571 -10572 -10573 -10574 -10575 -10576 -10577 
v -10578 -10579 -10580 -10581 -10582 -10583 -10584 -10585 -10586 -10587 -10588 
v -10589 -10590 10591 -10592 10593 -10594 10595 -10596 10597 -10598 -10599 
v -10600 -10601 -10602 10603 10604 -10605 -10606 10607 -10608 -10609 -10610 
v -10611 -10612 10613 -10614 -10615 -10616 -10617 -10618 10619 -10620 -10621 
v -10622 10623 10624 10625 10626 -10627 -10628 -10629 -10630 10631 -10632 10633 
v -10634 10635 -10636 10637 -10638 -10639 -10640 -10641 -10642 10643 10644 
v -10645 -10646 10647 -10648 -10649 -10650 -10651 -10652 10653 -10654 -10655 
v -10656 -10657 -10658 10659 -10660 -10661 -10662 10663 10664 10665 10666 
v -10667 -10668 -10669 -10670 10671 10672 10673 10674 10675 10676 10677 10678 
v 10679 -10680 -10681 -10682 -10683 -10684 -10685 -10686 -10687 -10688 -10689 
v 10690 -10691 10692 -10693 -10694 -10695 -10696 -10697 -10698 -10699 -10700 
v -10701 -10702 -10703 -10704 -10705 -10706 -10707 10708 -10709 10710 -10711 
v 10712 -10713 10714 -10715 -10716 -10717 -10718 -10719 10720 10721 -10722 
v -10723 -10724 -10725 10726 -10727 -10728 -10729 10730 -10731 -10732 -10733 
v -10734 -10735 -10736 -10737 -10738 -10739 -10740 -10741 -10742 -10743 10744 
v -10745 10746 -10747 -10748 -10749 -10750 -10751 10752 -10753 10754 -10755 
v 10756 -10757 10758 -10759 10760 -10761 -10762 -10763 10764 10765 -10766 
v -10767 10768 -10769 10770 -10771 10772 -10773 10774 -10775 10776 10777 10778 
v -10779 -10780 -10781 10782 10783 -10784 -10785 10786 -10787 10788 -10789 
v 10790 -10791 10792 -10793 10794 10795 10796 -10797 10798 -10799 10800 10801 
v 10802 10803 10804 10805 10806 -10807 -10808 -10809 10810 -10811 -10812 -10813 
v -10814 -10815 10816 -10817 10818 -10819 -10820 -10821 10822 -10823 -10824 
v -10825 -10826 -10827 -10828 -10829 -10830 -10831 -10832 -10833 10834 -10835 
v -10836 -10837 -10838 -10839 10840 -10841 -10842 -10843 -10844 -10845 10846 
v -10847 -10848 -10849 -10850 -10851 -10852 -10853 -10854 -10855 -10856 -10857 
v -10858 -10859 -10860 -10861 -10862 -10863 -10864 -10865 -10866 -10867 -10868 
v -10869 -10870 -10871 -10872 -10873 -10874 -10875 -10876 -10877 -10878 -10879 
v -10880 -10881 -10882 -10883 -10884 -10885 -10886 -10887 -10888 -10889 10890 
v -10891 -10892 -10893 -10894 -10895 -10896 -10897 -10898 -10899 -10900 -10901 
v -10902 -10903 -10904 -10905 -10906 -10907 10908 -10909 -10910 -10911 -10912 
v -10913 -10914 -10915 -10916 -10917 -10918 -10919 -10920 -10921 -10922 -10923 
v -10924 -10925 10926 -10927 -10928 -10929 -10930 -10931 -10932 -10933 -10934 
v -10935 -10936 -10937 -10938 -10939 10940 10941 -10942 -10943 10944 -10945 
v 10946 -10947 -10948 -10949 -10950 -10951 10952 10953 -10954 -10955 10956 
v -10957 -10958 -10959 -10960 -10961 10962 -10963 -10964 -10965 -10966 -10967 
v 10968 -10969 -10970 -10971 10972 10973 10974 10975 -10976 -10977 -10978 
v -10979 10980 10981 -10982 -10983 10984 -10985 10986 -10987 -10988 -10989 
v -10990 -10991 10992 10993 -10994 -10995 10996 -10997 10998 -10999 11000 
v -11001 11002 -11003 -11004 -11005 -11006 -11007 11008 11009 -11010 -11011 
v 11012 11013 11014 11015 11016 -11017 -11018 -11019 11020 11021 11022 11023 
v 11024 11025 11026 11027 11028 -11029 11030 -11031 -11032 -11033 -11034 -11035 
v -11036 11037 -11038 -11039 -11040 11041 -11042 -11043 -11044 -11045 -11046 
v -11047 -11048 -11049 -11050 -11051 -11052 -11053 -11054 11055 -11056 11057 
v -11058 11059 -11060 11061 -11062 11063 -11064 11065 -11066 11067 -11068 11069 
v 11070 11071 -11072 -11073 -11074 -11075 -11076 -11077 -11078 -11079 -11080 
v -11081 -11082 -11083 -11084 11085 -11086 -11087 -11088 11089 -11090 -11091 
v -11092 -11093 -11094 11095 -11096 11097 -11098 11099 -11100 -11101 -11102 
v -11103 -11104 -11105 -11106 11107 -11108 -11109 -11110 -11111 -11112 11113 
v 11114 -11115 -11116 11117 -11118 11119 -11120 -11121 -11122 -11123 -11124 
v 11125 11126 -11127 -11128 -11129 -11130 11131 11132 -11133 -11134 11135 
v -11136 11137 -11138 11139 -11140 11141 -11142 11143 11144 11145 -11146 -11147 
v -11148 11149 11150 11151 11152 11153 -11154 11155 -11156 11157 -11158 -11159 
v -11160 -11161 -11162 -11163 -11164 -11165 -11166 -11167 -11168 -11169 -11170 
v -11171 -11172 -11173 -11174 -11175 -11176 -11177 -11178 -11179 -11180 -11181 
v -11182 -11183 -11184 -11185 -11186 -11187 -11188 -11189 -11190 -11191 -11192 
v -11193 -11194 -11195 -11196 -11197 -11198 -11199 -11200 -11201 -11202 -11203 
v -11204 -11205 -11206 -11207 -11208 -11209 -11210 -11211 -11212 -11213 -11214 
v -11215 -11216 -11217 -11218 -11219 -11220 -11221 -11222 -11223 -11224 -11225 
v -11226 -11227 -11228 -11229 -11230 -11231 -11232 -11233 -11234 -11235 -11236 
v -11237 -11238 -11239 -11240 -11241 -11242 -11243 -11244 -11245 -11246 -11247 
v -11248 -11249 -11250 -11251 -11252 -11253 -11254 -11255 -11256 -11257 -11258 
v -11259 -11260 -11261 -11262 -11263 -11264 -11265 -11266 -11267 -11268 -11269 
v -11270 -11271 -11272 -11273 -11274 -11275 -11276 -11277 -11278 -11279 -11280 
v -11281 -11282 -11283 -11284 -11285 -11286 -11287 -11288 11289 -11290 -11291 
v -11292 -11293 -11294 11295 -11296 -11297 -11298 -11299 -11300 11301 -11302 
v -11303 -11304 11305 -11306 -11307 -11308 -11309 -11310 -11311 -11312 -11313 
v -11314 -11315 -11316 -11317 -11318 -11319 -11320 11321 11322 -11323 -11324 
v -11325 -11326 -11327 -11328 11329 -11330 11331 -11332 11333 -11334 11335 
v -11336 -11337 -11338 -11339 -11340 11341 11342 11343 -11344 11345 -11346 
v -11347 -11348 -11349 -11350 11351 -11352 -11353 -11354 -11355 -11356 11357 
v -11358 -11359 -11360 11361 11362 11363 11364 11365 -11366 -11367 -11368 11369 
v 11370 11371 11372 11373 -11374 11375 -11376 11377 -11378 11379 -11380 -11381 
v -11382 -11383 -11384 -11385 -11386 -11387 11388 -11389 11390 11391 -11392 
v -11393 11394 -11395 11396 -11397 -11398 -11399 11400 -11401 -11402 -11403 
v -11404 -11405 11406 11407 -11408 -11409 11410 -11411 11412 -11413 -11414 
v -11415 11416 -11417 11418 11419 11420 -11421 -11422 -11423 -11424 -11425 
v 11426 -11427 11428 -11429 -11430 -11431 -11432 -11433 11434 -11435 11436 
v -11437 11438 11439 -11440 -11441 11442 -11443 11444 11445 -11446 -11447 11448 
v -11449 11450 -11451 -11452 -11453 -11454 -11455 11456 11457 -11458 -11459 
v -11460 -11461 11462 11463 -11464 -11465 11466 -11467 11468 11469 -11470 
v -11471 11472 -11473 11474 11475 11476 11477 -11478 -11479 11480 11481 -11482 
v -11483 11484 -11485 11486 11487 -11488 -11489 11490 -11491 11492 11493 11494 
v -11495 -11496 -11497 11498 11499 11500 11501 11502 11503 11504 11505 -11506 
v -11507 11508 -11509 -11510 -11511 -11512 -11513 -11514 -11515 -11516 -11517 
v -11518 -11519 -11520 -11521 -11522 -11523 -11524 -11525 -11526 -11527 -11528 
v -11529 -11530 -11531 -11532 -11533 -11534 -11535 -11536 -11537 -11538 -11539 
v -11540 -11541 -11542 -11543 -11544 -11545 -11546 -11547 -11548 -11549 -11550 
v -11551 -11552 -11553 -11554 -11555 -11556 -11557 -11558 -11559 -11560 -11561 
v -11562 -11563 -11564 -11565 -11566 -11567 -11568 -11569 -11570 -11571 -11572 
v -11573 -11574 -11575 -11576 -11577 -11578 -11579 -11580 -11581 -11582 -11583 
v -11584 -11585 -11586 -11587 -11588 -11589 -11590 -11591 -11592 -11593 -11594 
v -11595 -11596 -11597 -11598 -11599 -11600 -11601 -11602 -11603 -11604 -11605 
v -11606 -11607 -11608 -11609 -11610 -11611 -11612 -11613 -11614 -11615 -11616 
v -11617 -11618 -11619 -11620 -11621 -11622 -11623 -11624 -11625 -11626 -11627 
v -11628 -11629 -11630 -11631 -11632 -11633 -11634 -11635 -11636 -11637 11638 
v -11639 11640 -11641 11642 -11643 11644 -11645 -11646 -11647 -11648 -11649 
v 11650 11651 -11652 -11653 11654 -11655 -11656 -11657 -11658 -11659 11660 
v -11661 -11662 -11663 -11664 -11665 11666 -11667 -11668 -11669 11670 11671 
v 11672 11673 -11674 -11675 -11676 -11677 11678 -11679 -11680 -11681 -11682 
v -11683 11684 -11685 -11686 -11687 -11688 -11689 11690 -11691 -11692 -11693 
v 11694 -11695 11696 -11697 11698 -11699 11700 -11701 -11702 -11703 -11704 
v -11705 11706 11707 -11708 -11709 11710 11711 11712 -11713 11714 -11715 -11716 
v -11717 11718 11719 11720 11721 11722 11723 11724 11725 -11726 -11727 11728 
v -11729 -11730 -11731 -11732 -11733 -11734 -11735 -11736 -11737 -11738 11739 
v 11740 11741 -11742 11743 11744 11745 -11746 -11747 -11748 11749 -11750 -11751 
v -11752 -11753 -11754 11755 11756 11757 -11758 11759 11760 11761 -11762 -11763 
v -11764 -11765 -11766 11767 11768 11769 -11770 -11771 -11772 11773 -11774 
v 11775 -11776 11777 11778 -11779 -11780 11781 -11782 -11783 -11784 -11785 
v -11786 -11787 -11788 -11789 -11790 -11791 -11792 11793 -11794 11795 -11796 
v 11797 -11798 11799 -11800 -11801 -11802 -11803 -11804 11805 11806 -11807 
v -11808 -11809 -11810 11811 11812 -11813 -11814 11815 -11816 11817 11818 
v -11819 -11820 11821 -11822 11823 11824 11825 -11826 11827 -11828 11829 11830 
v 11831 -11832 11833 11834 11835 -11836 -11837 -11838 -11839 -11840 11841 11842 
v 11843 -11844 -11845 -11846 11847 11848 11849 11850 11851 11852 11853 -11854 
v 11855 -11856 -11857 -11858 -11859 -11860 -11861 -11862 11863 -11864 11865 
v 11866 -11867 -11868 11869 -11870 11871 -11872 -11873 -11874 11875 -11876 
v -11877 -11878 -11879 -11880 11881 11882 -11883 -11884 11885 -11886 11887 
v -11888 -11889 -11890 -11891 -11892 11893 11894 -11895 -11896 -11897 -11898 
v -11899 -11900 -11901 -11902 -11903 -11904 -11905 -11906 -11907 -11908 -11909 
v -11910 -11911 -11912 -11913 -11914 -11915 -11916 -11917 -11918 -11919 -11920 
v -11921 -11922 -11923 -11924 -11925 -11926 -11927 -11928 -11929 -11930 -11931 
v -11932 -11933 -11934 -11935 -11936 11937 -11938 -11939 -11940 -11941 -11942 
v 11943 -11944 -11945 -11946 -11947 -11948 11949 -11950 -11951 -11952 -11953 
v -11954 11955 -11956 -11957 -11958 -11959 -11960 -11961 -11962 -11963 -11964 
v -11965 -11966 -11967 -11968 -11969 -11970 -11971 -11972 11973 11974 -11975 
v -11976 -11977 -11978 -11979 -11980 -11981 -11982 -11983 -11984 -11985 -11986 
v 11987 11988 -11989 -11990 11991 -11992 11993 -11994 -11995 -11996 -11997 
v -11998 11999 12000 -12001 -12002 12003 12004 -12005 -12006 12007 -12008 12009 
v -12010 -12011 -12012 -12013 -12014 12015 12016 -12017 -12018 12019 12020 
v 12021 12022 12023 -12024 -12025 -12026 12027 12028 12029 -12030 12031 12032 
v 12033 -12034 -12035 -12036 -12037 -12038 12039 12040 12041 -12042 12043 
v -12044 -12045 -12046 -12047 -12048 12049 -12050 -12051 -12052 -12053 -12054 
v 12055 -12056 -12057 -12058 12059 12060 12061 12062 12063 -12064 -12065 -12066 
v 12067 12068 12069 12070 12071 12072 12073 12074 12075 12076 12077 -12078 
v -12079 -12080 -12081 -12082 -12083 -12084 -12085 -12086 -12087 12088 12089 
v -12090 -12091 12092 -12093 -12094 -12095 -12096 -12097 -12098 -12099 -12100 
v -12101 -12102 -12103 12104 -12105 -12106 -12107 -12108 -12109 12110 -12111 
v 12112 -12113 12114 -12115 12116 -12117 12118 -12119 -12120 -12121 -12122 
v -12123 -12124 -12125 -12126 -12127 -12128 -12129 12130 -12131 -12132 -12133 
v -12134 -12135 -12136 -12137 -12138 -12139 -12140 -12141 -12142 12143 -12144 
v -12145 12146 -12147 12148 -12149 -12150 -12151 -12152 -12153 12154 12155 
v -12156 -12157 -12158 -12159 12160 -12161 -12162 -12163 -12164 -12165 12166 
v -12167 12168 -12169 12170 -12171 12172 -12173 12174 12175 -12176 -12177 12178 
v 12179 -12180 -12181 12182 -12183 12184 -12185 -12186 -12187 12188 -12189 
v 12190 12191 12192 -12193 -12194 -12195 12196 12197 12198 -12199 12200 12201 
v 12202 12203 -12204 -12205 -12206 -12207 -12208 -12209 12210 -12211 -12212 
v -12213 12214 -12215 -12216 -12217 -12218 -12219 -12220 -12221 -12222 -12223 
v -12224 -12225 -12226 -12227 -12228 -12229 12230 -12231 -12232 -12233 -12234 
v -12235 -12236 -12237 -12238 -12239 -12240 -12241 -12242 -12243 -12244 -12245 
v -12246 -12247 -12248 -12249 -12250 -12251 -12252 -12253 -12254 -12255 -12256 
v -12257 -12258 -12259 -12260 -12261 -12262 -12263 -12264 -12265 -12266 -12267 
v -12268 -12269 -12270 -12271 -12272 -12273 -12274 -12275 -12276 -12277 -12278 
v -12279 -12280 -12281 -12282 -12283 -12284 -12285 12286 -12287 -12288 -12289 
v -12290 -12291 -12292 -12293 -12294 -12295 -12296 -12297 -12298 -12299 -12300 
v -12301 -12302 -12303 -12304 -12305 -12306 -12307 -12308 -12309 -12310 -12311 
v -12312 -12313 -12314 -12315 -12316 -12317 -12318 -12319 -12320 -12321 -12322 
v -12323 -12324 -12325 -12326 -12327 -12328 -12329 -12330 -12331 -12332 -12333 
v -12334 -12335 12336 12337 12338 -12339 12340 12341 -12342 -12343 -12344 
v -12345 -12346 -12347 12348 -12349 12350 -12351 12352 -12353 -12354 -12355 
v -12356 -12357 12358 -12359 -12360 -12361 -12362 -12363 12364 -12365 -12366 
v -12367 12368 12369 12370 -12371 12372 -12373 -12374 -12375 12376 -12377 
v -12378 -12379 -12380 -12381 12382 -12383 -12384 -12385 -12386 -12387 12388 
v -12389 -12390 -12391 12392 -12393 -12394 -12395 12396 -12397 12398 -12399 
v -12400 -12401 -12402 -12403 12404 12405 -12406 -12407 12408 12409 12410 
v -12411 12412 -12413 -12414 -12415 12416 12417 12418 12419 12420 12421 12422 
v -12423 12424 -12425 12426 -12427 -12428 -12429 -12430 -12431 -12432 -12433 
v -12434 -12435 -12436 12437 -12438 -12439 -12440 -12441 -12442 12443 -12444 
v -12445 -12446 12447 -12448 -12449 -12450 -12451 -12452 12453 12454 -12455 
v -12456 12457 -12458 -12459 -12460 -12461 -12462 -12463 -12464 12465 -12466 
v -12467 -12468 -12469 -12470 -12471 -12472 -12473 -12474 -12475 -12476 -12477 
v -12478 -12479 -12480 -12481 -12482 -12483 -12484 -12485 -12486 -12487 -12488 
v -12489 -12490 -12491 -12492 12493 -12494 12495 -12496 -12497 -12498 -12499 
v -12500 -12501 -12502 12503 -12504 12505 -12506 -12507 -12508 12509 -12510 
v -12511 -12512 -12513 -12514 -12515 -12516 -12517 -12518 -12519 -12520 -12521 
v -12522 -12523 -12524 -12525 -12526 12527 12528 -12529 -12530 12531 -12532 
v 12533 -12534 -12535 -12536 -12537 -12538 12539 12540 -12541 -12542 -12543 
v -12544 12545 -12546 12547 -12548 12549 -12550 -12551 -12552 -12553 -12554 
v -12555 -12556 -12557 -12558 12559 -12560 -12561 -12562 12563 -12564 -12565 
v -12566 -12567 -12568 -12569 -12570 12571 -12572 12573 -12574 12575 -12576 
v 12577 -12578 12579 12580 -12581 -12582 12583 -12584 12585 -12586 -12587 
v -12588 -12589 -12590 12591 12592 -12593 -12594 -12595 -12596 -12597 -12598 
v -12599 -12600 -12601 -12602 -12603 -12604 -12605 -12606 -12607 -12608 -12609 
v -12610 -12611 -12612 -12613 -12614 -12615 -12616 -12617 -12618 -12619 -12620 
v -12621 -12622 -12623 -12624 -12625 -12626 -12627 -12628 -12629 -12630 -12631 
v -12632 -12633 -12634 12635 -12636 -12637 -12638 -12639 -12640 12641 -12642 
v -12643 -12644 -12645 -12646 12647 -12648 -12649 -12650 -12651 -12652 12653 
v -12654 -12655 -12656 -12657 -12658 -12659 -12660 -12661 -12662 -12663 -12664 
v -12665 -12666 -12667 -12668 -12669 -12670 12671 12672 -12673 -12674 -12675 
v -12676 -12677 -12678 -12679 -12680 -12681 -12682 -12683 -12684 12685 12686 
v -12687 -12688 12689 -12690 -12691 -12692 -12693 -12694 -12695 -12696 12697 
v -12698 -12699 -12700 12701 -12702 -12703 -12704 -12705 -12706 -12707 -12708 
v -12709 -12710 -12711 -12712 -12713 -12714 -12715 -12716 12717 12718 -12719 
v -12720 -12721 -12722 -12723 -12724 12725 12726 -12727 -12728 12729 -12730 
v 12731 -12732 -12733 -12734 -12735 -12736 12737 12738 -12739 -12740 12741 
v -12742 -12743 -12744 -12745 -12746 -12747 -12748 -12749 -12750 -12751 -12752 
v -12753 -12754 -12755 -12756 12757 12758 12759 -12760 -12761 -12762 -12763 
v -12764 12765 12766 12767 12768 12769 -12770 12771 -12772 -12773 -12774 -12775 
v -12776 -12777 -12778 -12779 -12780 -12781 12782 -12783 12784 -12785 12786 
v 12787 12788 -12789 12790 12791 -12792 -12793 -12794 -12795 12796 -12797 12798 
v -12799 12800 -12801 12802 12803 12804 -12805 12806 12807 12808 12809 -12810 
v -12811 12812 -12813 12814 12815 12816 12817 -12818 -12819 -12820 -12821 
v -12822 -12823 -12824 -12825 -12826 -12827 -12828 -12829 12830 -12831 -12832 
v -12833 12834 -12835 -12836 -12837 -12838 -12839 12840 -12841 -12842 -12843 
v -12844 -12845 -12846 -12847 -12848 -12849 12850 -12851 -12852 -12853 12854 
v -12855 -12856 -12857 12858 12859 12860 -12861 12862 12863 12864 -12865 -12866 
v -12867 12868 -12869 12870 12871 12872 12873 12874 -12875 12876 -12877 -12878 
v -12879 -12880 -12881 12882 12883 -12884 -12885 12886 -12887 12888 -12889 
v 12890 -12891 -12892 -12893 12894 12895 12896 12897 12898 -12899 12900 12901 
v 12902 -12903 -12904 -12905 -12906 -12907 -12908 -12909 -12910 -12911 12912 
v -12913 -12914 -12915 -12916 12917 -12918 -12919 -12920 -12921 -12922 -12923 
v -12924 -12925 -12926 -12927 12928 -12929 12930 -12931 12932 -12933 -12934 
v -12935 -12936 -12937 -12938 -12939 12940 -12941 -12942 -12943 -12944 -12945 
v -12946 -12947 -12948 -12949 -12950 -12951 -12952 -12953 -12954 -12955 -12956 
v -12957 -12958 -12959 -12960 -12961 -12962 -12963 -12964 -12965 -12966 -12967 
v -12968 -12969 -12970 -12971 -12972 -12973 -12974 -12975 -12976 -12977 -12978 
v -12979 -12980 -12981 -12982 -12983 12984 -12985 -12986 -12987 -12988 -12989 
v -12990 -12991 -12992 -12993 -12994 -12995 -12996 -12997 -12998 -12999 -13000 
v -13001 13002 -13003 -13004 -13005 -13006 -13007 -13008 -13009 -13010 -13011 
v -13012 -13013 -13014 -13015 -13016 -13017 -13018 -13019 13020 -13021 -13022 
v -13023 -13024 -13025 -13026 -13027 -13028 -13029 -13030 -13031 -13032 -13033 
v 13034 13035 13036 -13037 13038 13039 13040 -13041 -13042 -13043 -13044 -13045 
v 13046 13047 13048 -13049 13050 -13051 -13052 -13053 -13054 -13055 -13056 
v -13057 -13058 -13059 -13060 -13061 -13062 -13063 -13064 -13065 13066 13067 
v 13068 -13069 13070 -13071 -13072 -13073 13074 13075 13076 -13077 13078 13079 
v 13080 -13081 -13082 -13083 -13084 -13085 13086 13087 13088 -13089 13090 
v -13091 -13092 -13093 -13094 -13095 13096 -13097 -13098 -13099 -13100 -13101 
v 13102 -13103 -13104 -13105 13106 13107 13108 13109 13110 -13111 -13112 -13113 
v 13114 13115 13116 13117 13118 13119 13120 -13121 13122 13123 13124 -13125 
v -13126 -13127 -13128 -13129 -13130 13131 -13132 -13133 -13134 13135 -13136 
v -13137 -13138 -13139 -13140 -13141 -13142 -13143 -13144 -13145 -13146 -13147 
v -13148 -13149 -13150 13151 -13152 -13153 -13154 -13155 -13156 -13157 -13158 
v -13159 -13160 -13161 -13162 -13163 -13164 -13165 -13166 -13167 -13168 -13169 
v -13170 13171 -13172 13173 -13174 13175 -13176 13177 -13178 -13179 -13180 
v -13181 -13182 -13183 -13184 -13185 -13186 -13187 -13188 13189 -13190 -13191 
v -13192 -13193 -13194 13195 -13196 -13197 -13198 -13199 -13200 13201 -13202 
v 13203 -13204 13205 -13206 13207 13208 13209 -13210 13211 13212 -13213 -13214 
v -13215 -13216 13217 -13218 13219 -13220 13221 13222 -13223 -13224 13225 
v -13226 13227 -13228 13229 -13230 13231 -13232 -13233 -13234 -13235 -13236 
v 13237 13238 -13239 -13240 -13241 -13242 13243 13244 13245 -13246 13247 13248 
v 13249 -13250 -13251 -13252 -13253 -13254 -13255 -13256 -13257 -13258 -13259 
v -13260 -13261 -13262 -13263 -13264 -13265 -13266 13267 -13268 13269 -13270 
v 13271 13272 -13273 -13274 13275 -13276 13277 -13278 -13279 -13280 -13281 
v -13282 13283 -13284 -13285 -13286 -13287 -13288 13289 -13290 -13291 -13292 
v -13293 -13294 -13295 -13296 -13297 -13298 -13299 -13300 -13301 -13302 -13303 
v -13304 -13305 -13306 13307 -13308 13309 -13310 -13311 -13312 -13313 -13314 
v 13315 -13316 -13317 -13318 -13319 -13320 -13321 -13322 -13323 -13324 -13325 
v -13326 -13327 -13328 -13329 -13330 -13331 -13332 13333 13334 13335 -13336 
v 13337 13338 -13339 -13340 -13341 -13342 -13343 -13344 13345 -13346 13347 
v -13348 -13349 -13350 13351 -13352 -13353 -13354 -13355 -13356 -13357 -13358 
v -13359 -13360 13361 -13362 -13363 -13364 13365 -13366 -13367 -13368 13369 
v 13370 -13371 -13372 13373 -13374 13375 -13376 -13377 -13378 -13379 -13380 
v -13381 -13382 13383 13384 -13385 -13386 13387 -13388 -13389 -13390 -13391 
v -13392 13393 -13394 13395 -13396 13397 -13398 13399 13400 -13401 -13402 13403 
v -13404 13405 -13406 -13407 -13408 -13409 -13410 13411 13412 -13413 -13414 
v 13415 13416 13417 -13418 13419 13420 -13421 -13422 13423 13424 -13425 -13426 
v 13427 -13428 13429 13430 -13431 -13432 13433 -13434 13435 13436 13437 -13438 
v 13439 -13440 -13441 -13442 -13443 -13444 13445 13446 -13447 -13448 13449 
v -13450 13451 -13452 13453 -13454 13455 13456 13457 13458 13459 -13460 13461 
v -13462 13463 13464 13465 13466 13467 13468 13469 -13470 13471 13472 13473 
v 13474 -13475 -13476 13477 -13478 -13479 -13480 -13481 -13482 -13483 13484 
v -13485 -13486 -13487 -13488 -13489 -13490 -13491 -13492 -13493 13494 -13495 
v -13496 -13497 -13498 -13499 13500 13501 -13502 -13503 13504 -13505 -13506 
v -13507 -13508 -13509 13510 -13511 13512 -13513 13514 -13515 -13516 -13517 
v -13518 -13519 13520 -13521 13522 -13523 -13524 -13525 -13526 -13527 13528 
v -13529 -13530 -13531 13532 -13533 -13534 -13535 -13536 -13537 13538 13539 
v -13540 -13541 13542 -13543 -13544 -13545 -13546 -13547 -13548 -13549 13550 
v -13551 -13552 -13553 -13554 -13555 13556 13557 -13558 -13559 13560 -13561 
v -13562 -13563 -13564 -13565 13566 -13567 13568 -13569 13570 -13571 -13572 
v -13573 13574 13575 -13576 -13577 13578 -13579 13580 -13581 -13582 -13583 
v -13584 -13585 13586 13587 -13588 -13589 -13590 -13591 13592 13593 13594 
v -13595 13596 13597 -13598 -13599 -13600 -13601 -13602 -13603 -13604 -13605 
v -13606 -13607 -13608 -13609 -13610 -13611 -13612 -13613 -13614 -13615 -13616 
v -13617 13618 -13619 13620 -13621 -13622 -13623 -13624 -13625 13626 -13627 
v -13628 -13629 13630 -13631 13632 -13633 -13634 -13635 -13636 13637 13638 
v 13639 -13640 -13641 13642 -13643 -13644 -13645 -13646 -13647 -13648 -13649 
v -13650 -13651 -13652 -13653 -13654 -13655 -13656 -13657 -13658 -13659 -13660 
v -13661 -13662 -13663 -13664 -13665 -13666 -13667 -13668 -13669 -13670 -13671 
v -13672 -13673 -13674 -13675 -13676 -13677 -13678 -13679 -13680 -13681 13682 
v -13683 -13684 -13685 13686 -13687 13688 -13689 -13690 -13691 -13692 -13693 
v 13694 13695 -13696 -13697 -13698 -13699 13700 -13701 13702 -13703 13704 
v -13705 13706 -13707 -13708 -13709 -13710 -13711 13712 13713 -13714 -13715 
v -13716 -13717 13718 13719 13720 13721 13722 -13723 -13724 -13725 -13726 
v -13727 -13728 -13729 -13730 -13731 13732 13733 13734 -13735 13736 13737 13738 
v -13739 -13740 -13741 -13742 -13743 13744 13745 13746 -13747 13748 13749 
v -13750 -13751 13752 -13753 13754 -13755 -13756 -13757 -13758 -13759 13760 
v 13761 -13762 -13763 13764 13765 13766 13767 13768 13769 -13770 -13771 13772 
v 13773 -13774 -13775 13776 -13777 13778 13779 -13780 -13781 13782 -13783 13784 
v 13785 13786 -13787 13788 13789 -13790 -13791 13792 -13793 -13794 -13795 
v -13796 -13797 -13798 -13799 13800 -13801 -13802 -13803 13804 13805 13806 
v 13807 13808 -13809 -13810 -13811 13812 13813 13814 13815 13816 13817 13818 
v 13819 13820 13821 13822 13823 -13824 -13825 -13826 -13827 -13828 -13829 
v -13830 -13831 -13832 13833 -13834 -13835 -13836 -13837 -13838 -13839 -13840 
v -13841 -13842 -13843 -13844 -13845 -13846 -13847 -13848 13849 -13850 -13851 
v -13852 -13853 -13854 -13855 -13856 -13857 -13858 -13859 -13860 -13861 -13862 
v -13863 -13864 -13865 -13866 -13867 -13868 13869 -13870 13871 -13872 -13873 
v -13874 -13875 -13876 13877 -13878 13879 -13880 13881 13882 -13883 -13884 
v 13885 -13886 13887 13888 -13889 -13890 13891 -13892 13893 -13894 -13895 
v -13896 -13897 -13898 13899 13900 -13901 -13902 -13903 -13904 13905 13906 
v -13907 -13908 13909 -13910 13911 -13912 13913 -13914 13915 -13916 13917 13918 
v 13919 -13920 -13921 -13922 13923 -13924 -13925 -13926 -13927 -13928 -13929 
v -13930 13931 -13932 13933 -13934 -13935 -13936 13937 -13938 -13939 -13940 
v 13941 13942 13943 -13944 13945 -13946 13947 -13948 -13949 -13950 -13951 
v -13952 -13953 -13954 -13955 -13956 -13957 -13958 -13959 -13960 -13961 -13962 
v -13963 -13964 -13965 -13966 -13967 -13968 -13969 -13970 -13971 -13972 -13973 
v -13974 -13975 13976 -13977 -13978 13979 -13980 13981 -13982 -13983 -13984 
v 13985 -13986 13987 13988 13989 -13990 -13991 -13992 -13993 -13994 -13995 
v -13996 -13997 -13998 -13999 -14000 -14001 -14002 -14003 -14004 -14005 -14006 
v -14007 -14008 -14009 -14010 -14011 -14012 -14013 -14014 -14015 -14016 -14017 
v -14018 -14019 -14020 -14021 -14022 -14023 -14024 -14025 -14026 -14027 -14028 
v -14029 -14030 -14031 -14032 -14033 -14034 -14035 -14036 14037 -14038 -14039 
v -14040 -14041 -14042 14043 -14044 -14045 -14046 -14047 -14048 14049 -14050 
v -14051 -14052 -14053 -14054 14055 -14056 -14057 -14058 -14059 -14060 14061 
v -14062 -14063 -14064 -14065 -14066 14067 14068 14069 -14070 -14071 -14072 
v -14073 -14074 -14075 -14076 -14077 -14078 -14079 -14080 14081 -14082 -14083 
v -14084 -14085 -14086 -14087 -14088 -14089 -14090 14091 -14092 -14093 -14094 
v 14095 -14096 14097 14098 -14099 -14100 14101 -14102 -14103 -14104 -14105 
v -14106 -14107 -14108 14109 -14110 -14111 -14112 14113 -14114 14115 -14116 
v 14117 -14118 -14119 -14120 14121 14122 -14123 -14124 14125 -14126 14127 
v -14128 -14129 -14130 -14131 -14132 14133 14134 -14135 -14136 14137 14138 
v -14139 -14140 14141 -14142 14143 -14144 -14145 -14146 -14147 -14148 14149 
v 14150 -14151 -14152 14153 14154 14155 14156 14157 -14158 -14159 -14160 14161 
v 14162 14163 -14164 14165 14166 14167 -14168 14169 14170 14171 -14172 -14173 
v -14174 -14175 -14176 -14177 14178 -14179 -14180 -14181 14182 -14183 -14184 
v -14185 -14186 -14187 14188 -14189 14190 -14191 14192 14193 -14194 -14195 
v 14196 -14197 14198 14199 -14200 -14201 14202 -14203 14204 -14205 -14206 
v -14207 -14208 14209 14210 14211 -14212 -14213 14214 -14215 -14216 -14217 
v -14218 -14219 -14220 -14221 -14222 -14223 -14224 -14225 -14226 -14227 14228 
v -14229 14230 -14231 -14232 -14233 -14234 -14235 14236 -14237 -14238 -14239 
v -14240 -14241 -14242 -14243 -14244 -14245 -14246 -14247 -14248 -14249 -14250 
v -14251 -14252 -14253 14254 14255 -14256 -14257 14258 -14259 14260 -14261 
v -14262 -14263 -14264 -14265 14266 14267 -14268 -14269 -14270 -14271 14272 
v -14273 14274 -14275 14276 -14277 -14278 -14279 14280 -14281 14282 -14283 
v 14284 -14285 14286 -14287 -14288 -14289 14290 14291 14292 14293 -14294 -14295 
v 14296 -14297 -14298 -14299 -14300 -14301 -14302 -14303 14304 -14305 -14306 
v -14307 14308 -14309 14310 -14311 14312 -14313 -14314 -14315 -14316 -14317 
v 14318 -14319 -14320 -14321 -14322 -14323 14324 14325 14326 -14327 14328 14329 
v 14330 14331 14332 -14333 14334 14335 14336 14337 14338 14339 14340 -14341 
v 14342 -14343 -14344 -14345 14346 -14347 -14348 -14349 -14350 -14351 -14352 
v -14353 -14354 -14355 -14356 -14357 -14358 -14359 -14360 -14361 14362 -14363 
v -14364 -14365 -14366 -14367 -14368 -14369 -14370 -14371 -14372 -14373 -14374 
v -14375 -14376 -14377 -14378 -14379 14380 14381 14382 -14383 14384 14385 14386 
v -14387 -14388 -14389 -14390 -14391 14392 14393 14394 -14395 -14396 -14397 
v 14398 -14399 14400 -14401 14402 -14403 14404 -14405 -14406 -14407 -14408 
v -14409 14410 14411 -14412 -14413 -14414 -14415 14416 14417 14418 14419 14420 
v 14421 -14422 -14423 -14424 -14425 -14426 -14427 -14428 -14429 14430 14431 
v -14432 -14433 14434 -14435 14436 14437 -14438 -14439 14440 -14441 14442 14443 
v 14444 -14445 14446 14447 -14448 -14449 14450 -14451 14452 -14453 -14454 
v -14455 -14456 -14457 14458 14459 -14460 -14461 14462 14463 14464 14465 14466 
v 14467 -14468 -14469 14470 14471 -14472 -14473 14474 -14475 14476 -14477 
v -14478 -14479 -14480 -14481 14482 14483 -14484 -14485 14486 14487 -14488 
v -14489 14490 -14491 14492 -14493 -14494 -14495 -14496 -14497 14498 14499 
v -14500 -14501 14502 14503 14504 14505 14506 -14507 -14508 -14509 14510 14511 
v 14512 14513 14514 14515 14516 14517 14518 14519 14520 14521 -14522 -14523 
v -14524 -14525 -14526 -14527 -14528 14529 -14530 14531 -14532 -14533 -14534 
v -14535 -14536 -14537 -14538 -14539 -14540 -14541 -14542 -14543 -14544 -14545 
v -14546 14547 -14548 -14549 -14550 -14551 -14552 -14553 -14554 -14555 -14556 
v -14557 -14558 -14559 -14560 -14561 -14562 -14563 -14564 -14565 -14566 -14567 
v -14568 -14569 -14570 -14571 -14572 -14573 -14574 -14575 -14576 -14577 -14578 
v 14579 14580 -14581 -14582 14583 -14584 14585 -14586 -14587 -14588 -14589 
v -14590 14591 -14592 -14593 -14594 14595 -14596 14597 -14598 14599 -14600 
v 14601 -14602 14603 14604 -14605 -14606 14607 -14608 -14609 -14610 -14611 
v -14612 -14613 -14614 14615 -14616 -14617 -14618 -14619 -14620 14621 -14622 
v 14623 -14624 14625 -14626 14627 -14628 -14629 -14630 -14631 -14632 14633 
v 14634 -14635 -14636 -14637 -14638 14639 14640 14641 -14642 14643 -14644 14645 
v -14646 -14647 -14648 -14649 -14650 -14651 -14652 -14653 -14654 -14655 -14656 
v -14657 -14658 -14659 -14660 -14661 -14662 -14663 -14664 -14665 -14666 -14667 
v -14668 -14669 -14670 -14671 -14672 -14673 -14674 -14675 -14676 -14677 -14678 
v -14679 -14680 -14681 -14682 -14683 -14684 -14685 -14686 -14687 -14688 -14689 
v -14690 -14691 -14692 -14693 -14694 -14695 -14696 -14697 -14698 -14699 -14700 
v -14701 -14702 -14703 -14704 -14705 -14706 -14707 -14708 -14709 -14710 -14711 
v -14712 -14713 -14714 -14715 -14716 -14717 -14718 -14719 -14720 -14721 -14722 
v -14723 -14724 -14725 -14726 -14727 -14728 -14729 -14730 -14731 -14732 -14733 
v -14734 -14735 -14736 -14737 -14738 -14739 -14740 -14741 -14742 -14743 -14744 
v -14745 -14746 -14747 -14748 -14749 -14750 -14751 -14752 -14753 -14754 -14755 
v -14756 -14757 -14758 -14759 -14760 -14761 -14762 -14763 -14764 -14765 -14766 
v -14767 -14768 -14769 -14770 -14771 -14772 -14773 -14774 -14775 -14776 -14777 
v -14778 14779 -14780 -14781 -14782 -14783 -14784 -14785 -14786 -14787 -14788 
v -14789 -14790 -14791 -14792 -14793 -14794 14795 -14796 -14797 -14798 -14799 
v -14800 -14801 -14802 -14803 -14804 -14805 -14806 -14807 -14808 -14809 -14810 
v 14811 -14812 -14813 -14814 -14815 -14816 -14817 -14818 14819 -14820 -14821 
v -14822 -14823 -14824 14825 -14826 -14827 -14828 -14829 -14830 14831 -14832 
v -14833 -14834 14835 -14836 -14837 -14838 -14839 -14840 14841 -14842 -14843 
v -14844 -14845 -14846 14847 -14848 -14849 -14850 14851 14852 14853 -14854 
v -14855 -14856 -14857 -14858 14859 14860 14861 -14862 14863 -14864 14865 
v -14866 -14867 -14868 -14869 -14870 -14871 -14872 -14873 -14874 -14875 14876 
v -14877 -14878 -14879 14880 -14881 -14882 -14883 -14884 -14885 -14886 -14887 
v -14888 -14889 -14890 -14891 -14892 -14893 -14894 -14895 14896 -14897 -14898 
v -14899 -14900 -14901 -14902 -14903 -14904 -14905 14906 -14907 -14908 -14909 
v 14910 -14911 -14912 -14913 -14914 -14915 14916 -14917 14918 -14919 -14920 
v -14921 -14922 -14923 -14924 -14925 -14926 -14927 14928 -14929 -14930 -14931 
v -14932 -14933 14934 14935 -14936 -14937 14938 -14939 -14940 -14941 -14942 
v -14943 14944 -14945 14946 -14947 14948 -14949 -14950 -14951 14952 14953 
v -14954 -14955 14956 -14957 14958 -14959 -14960 -14961 -14962 -14963 14964 
v 14965 -14966 -14967 -14968 -14969 14970 -14971 -14972 -14973 -14974 -14975 
v 14976 14977 -14978 -14979 14980 14981 14982 -14983 14984 -14985 14986 -14987 
v 14988 14989 14990 14991 -14992 -14993 14994 -14995 -14996 -14997 14998 -14999 
v -15000 -15001 -15002 -15003 15004 -15005 15006 -15007 -15008 -15009 -15010 
v -15011 -15012 -15013 -15014 -15015 15016 -15017 15018 -15019 15020 -15021 
v 15022 15023 -15024 -15025 15026 -15027 15028 -15029 -15030 -15031 -15032 
v -15033 15034 15035 -15036 -15037 -15038 -15039 -15040 -15041 -15042 -15043 
v -15044 -15045 -15046 -15047 -15048 -15049 15050 -15051 -15052 -15053 15054 
v -15055 -15056 -15057 -15058 -15059 15060 -15061 -15062 -15063 -15064 -15065 
v -15066 -15067 -15068 -15069 -15070 -15071 -15072 -15073 -15074 -15075 -15076 
v -15077 15078 15079 15080 -15081 15082 15083 15084 -15085 -15086 -15087 -15088 
v -15089 15090 15091 15092 -15093 -15094 -15095 15096 -15097 -15098 -15099 
v 15100 -15101 -15102 -15103 -15104 -15105 -15106 -15107 15108 -15109 -15110 
v -15111 -15112 -15113 15114 15115 15116 15117 15118 -15119 -15120 -15121 
v -15122 -15123 -15124 -15125 -15126 -15127 15128 15129 -15130 -15131 15132 
v -15133 15134 15135 -15136 -15137 15138 -15139 15140 15141 15142 -15143 15144 
v 15145 -15146 -15147 15148 -15149 -15150 -15151 -15152 -15153 -15154 -15155 
v 15156 -15157 -15158 -15159 15160 15161 15162 15163 15164 -15165 -15166 -15167 
v 15168 15169 -15170 -15171 15172 -15173 15174 -15175 -15176 -15177 -15178 
v -15179 15180 15181 -15182 -15183 15184 15185 15186 -15187 15188 15189 15190 
v -15191 -15192 -15193 -15194 -15195 15196 15197 15198 -15199 15200 15201 15202 
v 15203 15204 -15205 15206 -15207 15208 15209 15210 15211 15212 15213 15214 
v 15215 15216 15217 15218 -15219 -15220 -15221 15222 -15223 -15224 15225 -15226 
v 15227 -15228 15229 15230 -15231 -15232 15233 -15234 -15235 -15236 -15237 
v -15238 -15239 -15240 -15241 -15242 -15243 -15244 15245 -15246 15247 -15248 
v 15249 -15250 15251 -15252 -15253 -15254 -15255 -15256 15257 15258 -15259 
v -15260 -15261 -15262 -15263 -15264 -15265 -15266 -15267 -15268 15269 -15270 
v 15271 -15272 -15273 -15274 -15275 -15276 15277 -15278 -15279 -15280 -15281 
v -15282 15283 -15284 -15285 -15286 -15287 -15288 15289 15290 -15291 -15292 
v 15293 -15294 15295 -15296 15297 -15298 -15299 -15300 15301 15302 15303 -15304 
v 15305 15306 15307 -15308 -15309 -15310 -15311 -15312 15313 15314 15315 -15316 
v -15317 -15318 15319 15320 -15321 -15322 15323 -15324 15325 -15326 -15327 
v -15328 -15329 -15330 15331 15332 -15333 -15334 -15335 -15336 15337 15338 
v 15339 15340 15341 15342 -15343 -15344 -15345 -15346 -15347 -15348 -15349 
v -15350 15351 -15352 -15353 -15354 15355 -15356 15357 -15358 15359 -15360 
v -15361 -15362 -15363 -15364 -15365 -15366 -15367 -15368 -15369 -15370 15371 
v -15372 -15373 -15374 -15375 -15376 15377 -15378 -15379 -15380 -15381 -15382 
v 15383 -15384 -15385 -15386 -15387 -15388 -15389 -15390 -15391 -15392 -15393 
v -15394 -15395 -15396 -15397 -15398 -15399 -15400 -15401 -15402 -15403 -15404 
v -15405 -15406 -15407 -15408 -15409 -15410 -15411 -15412 -15413 -15414 -15415 
v -15416 -15417 -15418 -15419 -15420 -15421 -15422 -15423 -15424 -15425 -15426 
v 15427 -15428 15429 -15430 15431 -15432 -15433 -15434 -15435 -15436 -15437 
v -15438 15439 -15440 -15441 -15442 -15443 -15444 15445 -15446 -15447 -15448 
v 15449 -15450 15451 -15452 -15453 -15454 -15455 -15456 15457 15458 -15459 
v -15460 -15461 -15462 15463 15464 15465 -15466 15467 -15468 -15469 -15470 
v -15471 -15472 -15473 -15474 -15475 -15476 15477 15478 -15479 -15480 15481 
v -15482 15483 -15484 -15485 -15486 -15487 -15488 15489 15490 -15491 -15492 
v 15493 15494 -15495 -15496 15497 -15498 15499 -15500 -15501 -15502 -15503 
v -15504 15505 15506 -15507 -15508 15509 15510 15511 15512 15513 -15514 -15515 
v -15516 15517 15518 -15519 -15520 15521 -15522 15523 15524 -15525 -15526 15527 
v -15528 15529 15530 15531 -15532 15533 15534 -15535 -15536 15537 -15538 -15539 
v -15540 -15541 -15542 -15543 -15544 15545 -15546 -15547 -15548 15549 15550 
v 15551 15552 15553 -15554 -15555 -15556 15557 15558 15559 15560 15561 15562 
v 15563 15564 15565 15566 15567 -15568 -15569 -15570 -15571 15572 -15573 15574 
v -15575 -15576 -15577 15578 -15579 -15580 -15581 -15582 -15583 -15584 -15585 
v -15586 -15587 -15588 -15589 -15590 -15591 -15592 -15593 15594 -15595 -15596 
v -15597 -15598 -15599 -15600 -15601 -15602 -15603 -15604 -15605 -15606 -15607 
v -15608 -15609 -15610 -15611 -15612 -15613 -15614 -15615 -15616 -15617 -15618 
v -15619 -15620 -15621 -15622 -15623 15624 -15625 15626 -15627 -15628 -15629 
v -15630 -15631 15632 -15633 -15634 -15635 -15636 -15637 -15638 -15639 -15640 
v -15641 -15642 -15643 -15644 -15645 -15646 -15647 -15648 -15649 15650 15651 
v 15652 -15653 15654 15655 -15656 -15657 -15658 -15659 -15660 -15661 15662 
v -15663 15664 -15665 -15666 -15667 -15668 -15669 -15670 -15671 -15672 -15673 
v -15674 -15675 -15676 -15677 -15678 -15679 -15680 -15681 -15682 -15683 -15684 
v -15685 15686 -15687 -15688 -15689 15690 -15691 -15692 -15693 -15694 -15695 
v -15696 -15697 -15698 -15699 -15700 -15701 -15702 -15703 -15704 -15705 -15706 
v -15707 -15708 -15709 15710 -15711 15712 -15713 15714 15715 -15716 -15717 
v 15718 -15719 15720 -15721 -15722 -15723 -15724 -15725 15726 -15727 -15728 
v -15729 -15730 -15731 15732 -15733 -15734 -15735 -15736 -15737 15738 -15739 
v 15740 -15741 15742 15743 -15744 -15745 15746 -15747 -15748 -15749 -15750 
v -15751 -15752 -15753 -15754 -15755 -15756 -15757 15758 -15759 -15760 -15761 
v -15762 -15763 15764 -15765 -15766 -15767 -15768 -15769 15770 -15771 -15772 
v -15773 -15774 -15775 15776 15777 -15778 -15779 15780 -15781 -15782 -15783 
v -15784 -15785 -15786 -15787 15788 -15789 -15790 -15791 -15792 -15793 15794 
v 15795 -15796 -15797 15798 -15799 -15800 -15801 -15802 -15803 -15804 -15805 
v 15806 -15807 -15808 -15809 -15810 -15811 15812 15813 15814 -15815 -15816 
v -15817 -15818 -15819 -15820 -15821 -15822 -15823 -15824 -15825 -15826 -15827 
v -15828 -15829 -15830 -15831 -15832 -15833 -15834 -15835 -15836 -15837 15838 
v -15839 15840 -15841 -15842 -15843 -15844 -15845 15846 -15847 -15848 -15849 
v -15850 -15851 -15852 -15853 -15854 -15855 -15856 -15857 -15858 -15859 -15860 
v -15861 -15862 -15863 -15864 -15865 -15866 -15867 -15868 -15869 -15870 -15871 
v -15872 -15873 15874 -15875 -15876 -15877 15878 -15879 -15880 -15881 -15882 
v -15883 15884 -15885 -15886 -15887 -15888 -15889 -15890 -15891 -15892 -15893 
v -15894 -15895 -15896 -15897 -15898 -15899 -15900 -15901 15902 15903 -15904 
v -15905 15906 -15907 -15908 -15909 -15910 -15911 -15912 -15913 15914 -15915 
v -15916 -15917 -15918 -15919 -15920 -15921 -15922 -15923 -15924 -15925 -15926 
v -15927 -15928 -15929 -15930 -15931 -15932 -15933 -15934 -15935 -15936 -15937 
v 15938 -15939 -15940 -15941 -15942 -15943 -15944 -15945 -15946 -15947 -15948 
v -15949 -15950 -15951 15952 -15953 -15954 -15955 15956 -15957 -15958 -15959 
v -15960 -15961 -15962 -15963 -15964 -15965 -15966 -15967 -15968 -15969 -15970 
v -15971 15972 -15973 -15974 -15975 -15976 -15977 -15978 -15979 -15980 -15981 
v -15982 -15983 -15984 -15985 -15986 -15987 -15988 -15989 -15990 -15991 15992 
v -15993 15994 -15995 -15996 -15997 -15998 -15999 -16000 -16001 -16002 -16003 
v -16004 -16005 -16006 -16007 -16008 -16009 16010 -16011 -16012 -16013 -16014 
v -16015 -16016 -16017 -16018 -16019 -16020 -16021 -16022 -16023 -16024 -16025 
v -16026 -16027 16028 16029 -16030 -16031 16032 -16033 -16034 -16035 -16036 
v -16037 -16038 -16039 16040 -16041 -16042 -16043 -16044 -16045 -16046 -16047 
v -16048 -16049 -16050 -16051 -16052 -16053 -16054 -16055 -16056 -16057 -16058 
v -16059 -16060 -16061 -16062 -16063 16064 -16065 -16066 -16067 -16068 -16069 
v -16070 -16071 -16072 -16073 -16074 -16075 -16076 -16077 -16078 -16079 -16080 
v -16081 -16082 -16083 -16084 -16085 -16086 -16087 -16088 -16089 -16090 -16091 
v -16092 -16093 -16094 -16095 -16096 -16097 -16098 -16099 -16100 -16101 -16102 
v -16103 -16104 -16105 -16106 -16107 -16108 -16109 -16110 -16111 -16112 -16113 
v -16114 -16115 -16116 -16117 16118 -16119 16120 -16121 -16122 -16123 -16124 
v -16125 16126 -16127 -16128 -16129 16130 -16131 -16132 -16133 -16134 -16135 
v 16136 16137 -16138 -16139 16140 -16141 -16142 -16143 -16144 -16145 -16146 
v -16147 16148 -16149 -16150 -16151 -16152 -16153 16154 -16155 -16156 -16157 
v -16158 -16159 -16160 -16161 -16162 -16163 -16164 -16165 -16166 -16167 -16168 
v -16169 -16170 -16171 16172 -16173 -16174 -16175 -16176 -16177 -16178 -16179 
v -16180 -16181 -16182 -16183 -16184 -16185 -16186 -16187 -16188 -16189 16190 
v -16191 -16192 -16193 -16194 -16195 -16196 -16197 -16198 -16199 -16200 -16201 
v -16202 -16203 -16204 -16205 -16206 -16207 -16208 -16209 -16210 -16211 -16212 
v -16213 -16214 -16215 -16216 -16217 -16218 -16219 -16220 -16221 -16222 -16223 
v -16224 -16225 -16226 -16227 -16228 -16229 -16230 -16231 -16232 -16233 -16234 
v -16235 -16236 -16237 -16238 -16239 -16240 -16241 16242 -16243 -16244 -16245 
v 16246 -16247 -16248 -16249 -16250 -16251 -16252 -16253 -16254 -16255 -16256 
v -16257 -16258 -16259 -16260 -16261 16262 -16263 -16264 -16265 -16266 -16267 
v -16268 -16269 -16270 -16271 -16272 -16273 -16274 -16275 -16276 -16277 -16278 
v -16279 16280 -16281 -16282 -16283 -16284 -16285 -16286 -16287 -16288 -16289 
v -16290 -16291 -16292 -16293 -16294 -16295 -16296 -16297 -16298 -16299 -16300 
v -16301 -16302 -16303 -16304 -16305 -16306 -16307 -16308 -16309 -16310 -16311 
v -16312 -16313 -16314 -16315 -16316 -16317 -16318 -16319 -16320 -16321 -16322 
v -16323 -16324 -16325 -16326 -16327 -16328 -16329 16330 16331 -16332 -16333 
v 16334 -16335 -16336 -16337 -16338 -16339 -16340 -16341 16342 -16343 -16344 
v -16345 -16346 -16347 -16348 -16349 -16350 -16351 -16352 -16353 -16354 -16355 
v -16356 -16357 -16358 -16359 -16360 -16361 16362 -16363 -16364 -16365 -16366 
v -16367 -16368 -16369 16370 -16371 -16372 -16373 -16374 -16375 -16376 -16377 
v -16378 -16379 -16380 -16381 -16382 -16383 -16384 -16385 -16386 -16387 -16388 
v -16389 -16390 -16391 -16392 -16393 -16394 -16395 -16396 -16397 -16398 -16399 
v -16400 -16401 -16402 -16403 -16404 -16405 -16406 -16407 -16408 -16409 16410 
v 16411 -16412 -16413 -16414 -16415 -16416 -16417 -16418 -16419 -16420 -16421 
v -16422 -16423 -16424 -16425 16426 16427 -16428 -16429 16430 -16431 -16432 
v -16433 -16434 -16435 -16436 -16437 16438 -16439 -16440 -16441 16442 -16443 
v -16444 -16445 -16446 -16447 -16448 -16449 -16450 -16451 -16452 -16453 -16454 
v -16455 -16456 -16457 16458 16459 -16460 -16461 -16462 -16463 -16464 -16465 
v 16466 16467 -16468 -16469 16470 -16471 -16472 -16473 -16474 -16475 -16476 
v -16477 16478 -16479 -16480 -16481 -16482 -16483 -16484 -16485 -16486 -16487 
v -16488 -16489 -16490 -16491 -16492 -16493 -16494 -16495 -16496 -16497 16498 
v -16499 -16500 -16501 -16502 -16503 -16504 -16505 16506 16507 16508 16509 
v -16510 -16511 -16512 -16513 -16514 -16515 -16516 -16517 -16518 -16519 -16520 
v -16521 16522 16523 -16524 -16525 16526 -16527 16528 -16529 -16530 -16531 
v -16532 -16533 16534 16535 -16536 -16537 16538 -16539 -16540 -16541 -16542 
v -16543 -16544 -16545 -16546 -16547 -16548 -16549 -16550 -16551 -16552 -16553 
v 16554 16555 16556 -16557 -16558 -16559 -16560 -16561 16562 16563 -16564 
v -16565 16566 -16567 -16568 -16569 -16570 -16571 -16572 -16573 16574 -16575 
v -16576 -16577 16578 -16579 -16580 -16581 -16582 -16583 -16584 -16585 -16586 
v -16587 -16588 -16589 -16590 -16591 -16592 -16593 16594 16595 -16596 -16597 
v -16598 -16599 -16600 -16601 16602 16603 16604 16605 16606 16607 -16608 -16609 
v -16610 -16611 -16612 -16613 -16614 -16615 -16616 -16617 16618 16619 -16620 
v -16621 16622 -16623 16624 -16625 -16626 -16627 -16628 -16629 16630 16631 
v -16632 -16633 16634 16635 -16636 -16637 16638 -16639 16640 -16641 -16642 
v -16643 -16644 -16645 16646 16647 -16648 -16649 16650 16651 16652 16653 16654 
v -16655 -16656 -16657 16658 16659 -16660 -16661 16662 -16663 16664 -16665 
v -16666 -16667 -16668 -16669 16670 16671 -16672 -16673 16674 16675 -16676 
v -16677 16678 -16679 -16680 -16681 -16682 -16683 -16684 -16685 16686 -16687 
v -16688 -16689 16690 16691 16692 16693 -16694 -16695 -16696 -16697 16698 16699 
v 16700 16701 16702 16703 16704 16705 16706 16707 -16708 -16709 -16710 -16711 
v -16712 -16713 16714 16715 16716 -16717 16718 16719 16720 -16721 -16722 -16723 
v -16724 -16725 16726 16727 16728 -16729 16730 -16731 16732 -16733 16734 -16735 
v 16736 -16737 -16738 -16739 -16740 -16741 16742 16743 -16744 -16745 16746 
v 16747 16748 16749 16750 16751 -16752 -16753 16754 16755 16756 -16757 16758 
v 16759 16760 16761 -16762 -16763 16764 -16765 16766 16767 16768 16769 16770 
v -16771 -16772 -16773 -16774 -16775 16776 -16777 -16778 -16779 -16780 -16781 
v 16782 -16783 -16784 -16785 16786 16787 16788 16789 16790 -16791 16792 -16793 
v 16794 16795 16796 16797 16798 16799 16800 16801 16802 16803 16804 16805 
v -16806 -16807 16808 -16809 0
c [g 0] truth-find prop checks  : 19512
c [g 0] -> of which prop        : 56.73 %
c [g 0] -> of which confl       :  1.34 %
c [g 0] elim called             : 357
c [g 0] ---> which lead to prop : 310.64 %
c [g 0] ---> which lead to confl: 12.89 %
c [g 0] size: 67    x 152  

real	4m47.841s
user	4m45.742s
sys	0m0.238s
