c BreakID not compiled in, disabling
c CryptoMiniSat version 5.11.19
c CMS Copyright (C) 2009-2020 Authors of CryptoMiniSat, see AUTHORS file
c CMS SHA revision b80e09ebd7703fc13b987401d693d7d406a50441
c Using VMTF code by Armin Biere from CaDiCaL
c Using Yalsat by Armin Biere, see Balint et al. Improving implementation of SLS solvers [...], SAT'14
c Using WalkSAT by Henry Kautz, see Kautz and Selman Pushing the envelope: planning, propositional logic, and stochastic search, AAAI'96,
c CMS is MIT licensed
c Using code from 'When Boolean Satisfiability Meets Gauss-E. in a Simplex Way'
c       by C.-S. Han and J.-H. Roland Jiang in CAV 2012. Fixes by M. Soos
c Using CCAnr from 'CCAnr: A Conf. Checking Based Local Search Solver [...]'
c       by Shaowei Cai, Chuan Luo, and Kaile Su, SAT 2015
c CMS compilation env CMAKE_CXX_COMPILER = /usr/bin/c++ | CMAKE_CXX_FLAGS =  -fvisibility=hidden -Wall -Wextra -Wunused -Wsign-compare -fno-omit-frame-pointer -Wtype-limits -Wuninitialized -Wno-deprecated -Wstrict-aliasing -Wpointer-arith -Wpointer-arith -Wformat-nonliteral -Winit-self -Wparentheses -Wunreachable-code -g -Wno-class-memaccess -mpopcnt -msse4.2 -ggdb3 -Wlogical-op -Wrestrict -Wnull-dereference -Wdouble-promotion -Wshadow -Wformat=2 -Wextra-semi -pedantic | COMPILE_DEFINES =  -DRDB0_ONLY_FEATURES -DUSE_ZLIB -DYALSAT_FPU | STATICCOMPILE = OFF | ONLY_SIMPLE =  | STATS = OFF | SQLITE3_FOUND =  | ZLIB_FOUND = TRUE | VALGRIND_FOUND =  | ENABLE_TESTING = OFF | SLOW_DEBUG = OFF | ENABLE_ASSERTIONS = ON | PYTHON_EXECUTABLE =  | PYTHON_LIBRARY =  | PYTHON_INCLUDE_DIRS =  | MY_TARGETS =  | LARGEMEM = OFF | LIMITMEM = OFF | BREAKID_LIBRARIES =  | BREAKID-VER = . | BOSPHORUS_LIBRARIES =  | BOSPH-VER = . | compilation date time = Jul 13 2026 14:05:03
c CMS compiled with gcc version 11.5.0 20240719 (Red Hat 11.5.0-5)
c Executed with command line: ./cryptominisat5 ./instances/IC_S4/Xn19l6-17-U.dimacs
c Reading file './instances/IC_S4/Xn19l6-17-U.dimacs'
c -- header says num vars:            767
c -- header says num clauses:        2416
c -- clauses added: 2364
c -- xor clauses added: 52
c -- vars added 767
c Parsing time: 0.00 s
c [find&init matx] performing matrix init
c [gauss] XOR-encoding clauses are not detached, so no need to reattach them.
c [xor-rem-unconnected] left with 50 xors from 50 non-empty xors T: 0.00
c [xor-together] xored together: 0 orig xors: 50 new xors: 50 T: 0.00
c [xor-rem-unconnected] left with 50 xors from 50 non-empty xors T: 0.00
c [xor-clean-equiv] removed equivalent xors: 0 left with: 50
c [matrix] unused xors from cleaning: 0
c [matrix] Good   matrix  0     50 x  765  density:0.1244  xorlen avg: 95.16
c [matrix] Using 1 matrices recovered from 0 xors T: 0.00 T-out: N
c [branch] adjusting to: vsid (from: vsid) var_decay:0.95 descr: VSIDS
c rst  geom  stb   vs     1   117    3055 19348  1652    3.97    3.82     3    37    66    11  141.99  128.83
c rst  geom  stb   vs     2   240    3055 19348  1652    3.97    3.82     3    37   189    11  119.70  114.30
c  res  pol bran  nres  conf freevar  IrrL  IrrB l/longC  l/allC RedL0 RedL1 RedL2  RedB l/longC  l/allC
c rst  geom  stb   vs     3   374    3055 19348  1652    3.97    3.82     5    37   317    15   95.58   91.83
c rst  geom  stb   vs     4   521    3055 19348  1652    3.97    3.82     6    37   463    15   85.91   83.49
c rst  geom  stb   vs     5   683    3055 19348  1652    3.97    3.82     8    40   620    15   81.80   80.05
c rst  geom  stb   vs     6   860    3055 19348  1652    3.97    3.82     8    40   797    15   73.08   71.84
c rst  geom  stb   vs     7  1054    3055 19348  1652    3.97    3.82     9    40   990    15   71.63   70.64
c rst  geom  stb   vs     8  1267    3055 19348  1652    3.97    3.82     9    40  1203    15   65.98   65.23
c rst  geom  stb   vs     9  1501    3055 19348  1652    3.97    3.82    11    45  1429    16   62.67   62.02
c rst  geom  stb   vs    10  1758    3055 19348  1652    3.97    3.82    11    45  1684    18   63.78   63.15
c rst  geom  stb   vs    11  2040    3055 19348  1652    3.97    3.82    11    45  1966    18   65.48   64.92
c rst  geom  stb   vs    12  2350    3055 19348  1652    3.97    3.82    11    45  2276    18   63.47   63.00
c rst  geom  stb   vs    13  2690    3055 19348  1652    3.97    3.82    11    45  2614    20   61.84   61.39
c rst  geom  stb   vs    14  3063    3055 19348  1652    3.97    3.82    11    45  2987    20   61.14   60.75
c rst  geom  stb   vs    15  3473    3055 19348  1652    3.97    3.82    11    45  3397    20   62.09   61.74
c rst  geom  stb   vs    16  3923    3055 19348  1652    3.97    3.82    11    45  3847    20   63.02   62.71
c rst  geom  stb   vs    17  4417    3055 19348  1652    3.97    3.82    11    45  4340    21   62.13   61.84
c rst  geom  stb   vs    18  4962    3055 19348  1652    3.97    3.82    11    45  4885    21   61.54   61.29
c rst  geom  stb   vs    19  5559    3055 19348  1652    3.97    3.82    12    52  5474    21   60.68   60.46
c [branch] adjusting to: vmtf (from: vsid) var_decay:0.95 descr: VMTF
c [distill-long-red0] cls tried: 12/12 T: 0.00 T-out: N T-r: 100.00%
c [distill-long-red1] cls tried: 52/52 T: 0.00 T-out: N T-r: 97.52%
c rst  luby ibes  vmt    20  5660    3055 19348  1652    3.97    3.82    26    70  5541    23   60.45   60.21
c rst  luby ibes  vmt    21  5762    3055 19348  1652    3.97    3.82    26    70  5643    23   60.04   59.81
c rst  luby ibes  vmt    22  5964    3055 19348  1652    3.97    3.82    26    70  5845    23   58.76   58.54
c rst  luby ibes  vmt    23  6066    3055 19348  1652    3.97    3.82    26    70  5947    23   58.07   57.86
c rst  luby ibes  vmt    24  6168    3055 19348  1652    3.97    3.82    26    70  6049    23   57.39   57.19
c rst  luby ibes  vmt    25  6370    3055 19348  1652    3.97    3.82    26    70  6251    23   56.15   55.95
c rst  luby ibes  vmt    26  6771    3055 19348  1652    3.97    3.82    26    70  6652    23   53.85   53.67
c rst  luby ibes  vmt    27  6873    3055 19348  1652    3.97    3.82    26    70  6754    23   53.31   53.14
c rst  luby ibes  vmt    28  6975    3055 19348  1652    3.97    3.82    26    70  6856    23   52.78   52.62
c rst  luby ibes  vmt    29  7177    3055 19348  1652    3.97    3.82    26    70  7058    23   51.77   51.61
c rst  luby ibes  vmt    30  7279    3055 19348  1652    3.97    3.82    26    70  7160    23   51.36   51.21
c rst  luby ibes  vmt    31  7380    3055 19348  1652    3.97    3.82    26    70  7261    23   50.94   50.79
c rst  luby ibes  vmt    32  7582    3055 19348  1652    3.97    3.82    26    70  7463    23   50.13   49.99
c rst  luby ibes  vmt    33  7983    3055 19348  1652    3.97    3.82    26    70  7864    23   49.10   48.97
c rst  luby ibes  vmt    34  8785    3055 19348  1652    3.97    3.82    26    70  8666    23   46.64   46.52
c rst  luby ibes  vmt    35  8886    3055 19348  1652    3.97    3.82    26    70  8767    23   46.36   46.24
c rst  luby ibes  vmt    36  8988    3055 19348  1652    3.97    3.82    26    70  8869    23   46.09   45.98
c rst  luby ibes  vmt    37  9190    3055 19348  1652    3.97    3.82    26    70  9071    23   45.82   45.71
c rst  luby ibes  vmt    38  9292    3055 19348  1652    3.97    3.82    26    70  9173    23   45.51   45.40
c rst  luby ibes  vmt    39  9394    3055 19348  1652    3.97    3.82    26    70  9275    23   45.20   45.09
c rst  luby ibes  vmt    40  9596    3055 19348  1652    3.97    3.82    26    70  9477    23   44.66   44.55
c rst  luby ibes  vmt    41  9998    3055 19348  1652    3.97    3.82    26    70  9879    23   43.72   43.63
c rst  luby ibes  vmt    42 10099    3055 19348  1652    3.97    3.82    58    38  9980    23   43.57   43.48
c rst  luby ibes  vmt    43 10201    3055 19348  1652    3.97    3.82    58    38 10082    23   43.40   43.30
c rst  luby ibes  vmt    44 10403    3055 19348  1652    3.97    3.82    58    38 10284    23   43.31   43.22
c rst  luby ibes  vmt    45 10505    3055 19348  1652    3.97    3.82    58    38 10386    23   43.09   43.00
c rst  luby ibes  vmt    46 10607    3055 19348  1652    3.97    3.82    58    38 10488    23   42.83   42.74
c rst  luby ibes  vmt    47 10809    3055 19348  1652    3.97    3.82    58    38 10690    23   42.38   42.30
c rst  luby  svd  vmt    48 11211    3055 19348  1652    3.97    3.82    58    38 11092    23   43.93   43.85
c rst  luby  svd  vmt    49 12012    3055 19348  1652    3.97    3.82    67    65 11857    23   44.11   44.03
c [branch] adjusting to: vsid (from: vmtf) var_decay:0.95 descr: VSIDS
c [distill-bin] useful: 4/1652/1652 lits-rem: 0 cl-rem: 4 0-depth-assigns: 0 T: 0.01 T-out: N
c rst  geom  svd   vs    50 12124    3055 19348  1648    3.97    3.82    67    65 11969    23   44.12   44.04
c rst  geom  svd   vs    51 12246    3055 19348  1648    3.97    3.82    67    65 12091    23   43.98   43.90
c rst  geom  svd   vs    52 12380    3055 19348  1648    3.97    3.82    67    65 12225    23   43.83   43.75
c rst  geom  svd   vs    53 12528    3055 19348  1648    3.97    3.82    67    65 12373    23   43.66   43.58
c rst  geom  svd   vs    54 12690    3055 19348  1648    3.97    3.82    67    65 12535    23   43.50   43.43
c rst  geom  svd   vs    55 12867    3055 19348  1648    3.97    3.82    68    65 12711    23   43.43   43.36
c rst  geom  svd   vs    56 13061    3055 19348  1648    3.97    3.82    68    65 12905    23   43.41   43.33
c rst  geom  svd   vs    57 13275    3055 19348  1648    3.97    3.82    68    65 13119    23   43.24   43.17
c rst  geom  svd   vs    58 13510    3055 19348  1648    3.97    3.82    68    65 13354    23   43.13   43.06
c rst  geom  svd   vs    59 13768    3055 19348  1648    3.97    3.82    70    65 13610    23   43.08   43.01
c rst  geom  svd   vs    60 14050    3055 19348  1648    3.97    3.82    70    65 13892    23   42.95   42.88
c rst  geom  svd   vs    61 14360    3055 19348  1648    3.97    3.82    71    65 14201    23   42.61   42.54
c rst  geom  svd   vs    62 14701    3055 19348  1648    3.97    3.82    71    65 14542    23   42.38   42.32
c rst  geom  svd   vs    63 15075    3055 19348  1648    3.97    3.82    71    85 14581    23   40.65   40.59
c rst  geom  svd   vs    64 15485    3055 19348  1648    3.97    3.82    71    85 14991    23   40.38   40.33
c rst  geom  svd   vs    65 15935    3055 19348  1648    3.97    3.82    71    85 15441    23   39.99   39.93
c rst  geom  svd   vs    66 16429    3055 19348  1648    3.97    3.82    71    85 15935    23   39.51   39.46
c rst  geom best   vs    67 16972    3055 19348  1648    3.97    3.82    73    85 16476    23   40.48   40.42
c rst  geom best   vs    68 17569    3055 19348  1648    3.97    3.82    73    85 17073    23   40.75   40.70
c rst  geom best   vs    69 18226    3055 19348  1648    3.97    3.82    73    85 17730    23   41.19   41.14
c [branch] adjusting to: vmtf (from: vsid) var_decay:0.95 descr: VMTF
c rst  luby best  vmt    70 18327    3055 19348  1648    3.97    3.82    73    85 17831    23   41.21   41.16
c rst  luby best  vmt    71 18429    3055 19348  1648    3.97    3.82    73    86 17932    23   41.22   41.17
c rst  luby best  vmt    72 18630    3055 19348  1648    3.97    3.82    73    86 18133    23   41.42   41.37
c rst  luby best  vmt    73 18732    3055 19348  1648    3.97    3.82    76    95 18221    25   41.55   41.50
c rst  luby best  vmt    74 18834    3055 19348  1648    3.97    3.82    76    95 18323    25   41.64   41.59
c rst  luby best  vmt    75 19036    3055 19348  1648    3.97    3.82    76    95 18525    25   41.83   41.78
c rst  luby best  vmt    76 19438    3055 19348  1648    3.97    3.82    76    95 18927    25   41.93   41.88
c rst  luby best  vmt    77 19540    3055 19348  1648    3.97    3.82    76    95 19028    26   41.95   41.90
c rst  luby best  vmt    78 19642    3055 19348  1648    3.97    3.82    76    95 19130    26   42.00   41.94
c rst  luby best  vmt    79 19843    3055 19348  1648    3.97    3.82    78   104 19319    27   42.13   42.07
c rst  luby best  vmt    80 19944    3055 19348  1648    3.97    3.82    78   104 19420    27   42.21   42.16
c rst  luby best  vmt    81   20K    3055 19348  1648    3.97    3.82    92    91 19521    27   42.18   42.13
c [full-probe]  bin_only: 1 set: 0 repl: 0 T: 0.00 T-out: N T-r: 99.84%
c rst  luby best  vmt    82   20K    3055 19348  1648    3.97    3.82    92    91 19722    33   42.13   42.06
c rst  luby best  vmt    83   20K    3055 19348  1648    3.97    3.82    92    91   20K    33   42.02   41.96
c [distill-long-red0] cls tried: 52/52 T: 0.00 T-out: N T-r: 99.97%
c [distill-long-red1] cls tried: 67/67 T: 0.00 T-out: N T-r: 75.57%
c rst  luby best  vmt    84   21K    3055 19348  1648    3.97    3.82    92    92   20K    33   42.20   42.14
c rst  luby best  vmt    85   21K    3055 19348  1648    3.97    3.82    92    92   21K    33   42.29   42.23
c rst  luby best  vmt    86   21K    3055 19348  1648    3.97    3.82    92    92   21K    33   42.37   42.30
c rst  luby  stb  vmt    87   21K    3055 19348  1648    3.97    3.82    93    92   21K    33   42.50   42.44
c rst  luby  stb  vmt    88   21K    3055 19348  1648    3.97    3.82    93    92   21K    33   42.58   42.51
c rst  luby  stb  vmt    89   22K    3055 19348  1648    3.97    3.82    93    92   21K    33   42.57   42.51
c rst  luby  stb  vmt    90   22K    3055 19348  1648    3.97    3.82    93    92   21K    33   42.55   42.49
c rst  luby  stb  vmt    91   22K    3055 19348  1648    3.97    3.82    93    93   22K    33   42.51   42.45
c rst  luby  stb  vmt    92   22K    3055 19348  1648    3.97    3.82    93    93   22K    33   42.54   42.48
c rst  luby  stb  vmt    93   22K    3055 19348  1648    3.97    3.82    93    93   22K    33   42.54   42.48
c rst  luby  stb  vmt    94   23K    3055 19348  1648    3.97    3.82    94    94   22K    33   42.51   42.45
c rst  luby  stb  vmt    95   23K    3055 19348  1648    3.97    3.82    94    94   22K    33   42.53   42.47
c rst  luby  stb  vmt    96   23K    3055 19348  1648    3.97    3.82    94    94   22K    34   42.56   42.50
c rst  luby  stb  vmt    97   23K    3055 19348  1648    3.97    3.82    94    94   22K    34   42.53   42.47
c rst  luby  stb  vmt    98   23K    3055 19348  1648    3.97    3.82    94   100   23K    34   42.48   42.42
c rst  luby  stb  vmt    99   24K    3055 19348  1648    3.97    3.82   110   158   24K    34   42.66   42.61
c rst  luby  stb  vmt   100   26K    3055 19348  1648    3.97    3.82   118   203   25K    34   45.73   45.67
c [branch] adjusting to: vsid (from: vmtf) var_decay:0.95 descr: VSIDS
c [distill] watch-based irred--  cl tried     1429 cl-sh     0 cl-rem    3 lit-rem      0 T: 0.00 T-out: N
c [distill] watch-based   red--  cl tried      236 cl-sh     5 cl-rem    0 lit-rem      8 T: 0.00 T-out: N
c rst  geom  stb   vs   101   26K    3055 19345  1651    3.97    3.82   117   203   25K    32   45.70   45.65
c rst  geom  stb   vs   102   26K    3055 19345  1651    3.97    3.82   117   203   25K    32   45.62   45.57
c rst  geom  stb   vs   103   26K    3055 19345  1651    3.97    3.82   117   203   25K    32   45.61   45.56
c rst  geom  stb   vs   104   26K    3055 19345  1651    3.97    3.82   117   203   26K    32   45.56   45.51
c rst  geom  stb   vs   105   26K    3055 19345  1651    3.97    3.82   117   204   26K    32   45.52   45.47
c rst  geom ibes   vs   106   27K    3055 19345  1651    3.97    3.82   117   204   26K    32   45.52   45.46
c rst  geom ibes   vs   107   27K    3055 19345  1651    3.97    3.82   117   204   26K    32   45.33   45.27
c rst  geom ibes   vs   108   27K    3055 19345  1651    3.97    3.82   117   204   26K    32   45.11   45.06
c rst  geom ibes   vs   109   27K    3055 19345  1651    3.97    3.82   117   204   27K    32   44.91   44.86
c rst  geom ibes   vs   110   28K    3055 19345  1651    3.97    3.82   117   204   27K    32   44.71   44.66
c rst  geom ibes   vs   111   28K    3055 19345  1651    3.97    3.82   117   204   27K    32   44.46   44.41
c rst  geom ibes   vs   112   28K    3055 19345  1651    3.97    3.82   117   204   27K    32   44.20   44.15
c rst  geom ibes   vs   113   28K    3055 19345  1651    3.97    3.82   117   204   28K    32   43.92   43.87
c rst  geom ibes   vs   114   29K    3055 19345  1651    3.97    3.82   117   204   28K    32   43.59   43.54
c rst  geom ibes   vs   115   29K    3055 19345  1651    3.97    3.82   117   204   29K    32   43.28   43.24
c rst  geom ibes   vs   116   30K    3055 19345  1651    3.97    3.82   176   261   22K    32   41.40   41.35
c rst  geom ibes   vs   117   30K    3055 19345  1651    3.97    3.82   176   261   22K    32   41.13   41.07
c rst  geom ibes   vs   118   31K    3055 19345  1651    3.97    3.82   176   261   23K    32   40.68   40.63
c rst  geom ibes   vs   119   31K    3055 19345  1651    3.97    3.82   176   261   23K    32   40.41   40.36
c rst  geom ibes   vs   120   32K    3055 19345  1651    3.97    3.82   176   261   24K    32   39.84   39.79
c [distill-bin] useful: 0/1651/1651 lits-rem: 0 cl-rem: 0 0-depth-assigns: 0 T: 0.01 T-out: N
c rst  geom  svd   vs   121   33K    3055 19345  1651    3.97    3.82   176   261   25K    32   39.56   39.52
c rst  geom  svd   vs   122   34K    3055 19345  1651    3.97    3.82   176   261   25K    32   39.23   39.18
c [branch] adjusting to: vmtf (from: vsid) var_decay:0.95 descr: VMTF
c rst  luby  svd  vmt   123   34K    3055 19345  1651    3.97    3.82   181   267   25K    32   39.33   39.28
c rst  luby  svd  vmt   124   34K    3055 19345  1651    3.97    3.82   183   267   26K    33   39.45   39.40
c rst  luby  svd  vmt   125   34K    3055 19345  1651    3.97    3.82   184   272   26K    33   39.57   39.52
c rst  luby  svd  vmt   126   34K    3055 19345  1651    3.97    3.82   184   272   26K    35   39.70   39.65
c rst  luby  svd  vmt   127   34K    3055 19345  1651    3.97    3.82   184   272   26K    35   39.77   39.72
c rst  luby  svd  vmt   128   34K    3055 19345  1651    3.97    3.82   184   272   26K    35   39.86   39.81
c rst  luby  svd  vmt   129   35K    3055 19345  1651    3.97    3.82   185   272   27K    35   40.16   40.11
c rst  luby  svd  vmt   130   35K    3055 19345  1651    3.97    3.82   185   272   27K    35   40.24   40.19
c rst  luby  svd  vmt   131   35K    3055 19345  1651    3.97    3.82   186   272   27K    36   40.31   40.26
c rst  luby  svd  vmt   132   35K    3055 19345  1651    3.97    3.82   187   272   27K    36   40.38   40.33
c rst  luby  svd  vmt   133   35K    3055 19345  1651    3.97    3.82   188   272   27K    36   40.43   40.38
c [distill-long-red0] cls tried: 90/90 T: 0.01 T-out: N T-r: 99.86%
c [distill-long-red1] cls tried: 54/189 T: 0.01 T-out: Y T-r: -6.70%
c rst  luby  svd  vmt   134   35K    3055 19345  1651    3.97    3.82   188   273   27K    36   40.40   40.35
c rst  luby  svd  vmt   135   36K    3055 19345  1651    3.97    3.82   191   276   27K    36   40.51   40.47
c rst  luby  svd  vmt   136   36K    3055 19345  1651    3.97    3.82   193   281   28K    36   40.66   40.61
c rst  luby  svd  vmt   137   37K    3055 19345  1651    3.97    3.82   199   289   29K    36   41.17   41.12
c rst  luby  svd  vmt   138   37K    3055 19345  1651    3.97    3.82   200   294   29K    36   41.19   41.14
c rst  luby  svd  vmt   139   37K    3055 19345  1651    3.97    3.82   201   297   29K    36   41.24   41.19
c rst  luby  svd  vmt   140   37K    3055 19345  1651    3.97    3.82   202   301   29K    37   41.29   41.24
c rst  luby  svd  vmt   141   37K    3055 19345  1651    3.97    3.82   202   303   29K    37   41.35   41.30
c rst  luby  svd  vmt   142   37K    3055 19345  1651    3.97    3.82   205   304   29K    38   41.40   41.35
c rst  luby  svd  vmt   143   38K    3055 19345  1651    3.97    3.82   207   304   29K    39   41.50   41.45
c rst  geom best  vmt   144   38K    3055 19345  1651    3.97    3.82   209   304   29K    39   41.54   41.49
c rst  geom best  vmt   145   38K    3055 19345  1651    3.97    3.82   210   308   30K    39   41.58   41.53
c rst  geom best  vmt   146   38K    3055 19345  1651    3.97    3.82   211   312   30K    39   41.63   41.58
c rst  geom best  vmt   147   38K    3055 19345  1651    3.97    3.82   212   314   30K    39   41.72   41.67
c rst  geom best  vmt   148   38K    3055 19345  1651    3.97    3.82   212   316   30K    39   41.81   41.76
c rst  geom best  vmt   149   38K    3055 19345  1651    3.97    3.82   213   316   30K    39   41.96   41.91
c rst  geom best  vmt   150   39K    3055 19345  1651    3.97    3.82   215   318   30K    39   42.03   41.98
c rst  geom best  vmt   151   39K    3055 19345  1651    3.97    3.82   217   329   31K    40   42.07   42.02
c rst  geom best  vmt   152   39K    3055 19345  1651    3.97    3.82   218   329   31K    41   42.18   42.13
c rst  geom best  vmt   153   39K    3055 19345  1651    3.97    3.82   220   334   31K    41   42.39   42.34
c rst  geom best  vmt   154   40K    3055 19345  1651    3.97    3.82   270   289   31K    41   42.66   42.60
c [full-probe]  bin_only: 0 set: 0 repl: 0 T: 0.01 T-out: N T-r: 97.84%
c [impl-str] lit bin: 0 set-var: 0 T: 0.00 T-out: N T-r: 99.95% w-visit: 6110
c [impl-sub] bin: 20 T: 0.00 T-out: N w-visit: 6110
c rst  geom best  vmt   155   40K    3055 19345  1651    3.97    3.82   273   292   32K    21   42.71   42.68
c rst  geom best  vmt   156   40K    3055 19345  1651    3.97    3.82   276   294   32K    22   42.99   42.96
c rst  geom best  vmt   157   41K    3055 19345  1651    3.97    3.82   280   304   32K    22   43.15   43.13
c rst  geom best  vmt   158   41K    3055 19345  1651    3.97    3.82   287   326   33K    22   43.25   43.22
c rst  geom best  vmt   159   41K    3055 19345  1651    3.97    3.82   289   337   33K    22   43.28   43.25
c rst  geom best  vmt   160   42K    3055 19345  1651    3.97    3.82   291   350   34K    22   43.50   43.48
c [branch] adjusting to: vsid (from: vmtf) var_decay:0.95 descr: VSIDS
c rst  geom best   vs   161   42K    3055 19345  1651    3.97    3.82   291   350   34K    22   43.45   43.42
c rst  geom best   vs   162   42K    3055 19345  1651    3.97    3.82   294   351   34K    22   43.38   43.35
c rst  geom best   vs   163   42K    3055 19345  1651    3.97    3.82   294   351   34K    22   43.41   43.38
c rst  geom best   vs   164   42K    3055 19345  1651    3.97    3.82   294   351   34K    22   43.32   43.29
c rst  geom best   vs   165   43K    3055 19345  1651    3.97    3.82   294   351   34K    22   43.22   43.19
c rst  geom best   vs   166   43K    3055 19345  1651    3.97    3.82   294   351   35K    22   43.10   43.07
c rst  geom best   vs   167   43K    3055 19345  1651    3.97    3.82   294   351   35K    22   42.99   42.96
c rst  geom  stb   vs   168   43K    3055 19345  1651    3.97    3.82   294   351   35K    22   42.94   42.92
c rst  geom  stb   vs   169   43K    3055 19345  1651    3.97    3.82   294   351   35K    22   42.84   42.82
c rst  geom  stb   vs   170   44K    3055 19345  1651    3.97    3.82   294   351   35K    22   42.74   42.72
c [ccnr] tries: 0 steps: 262143 best found: 14
c [ccnr] tries: 0 steps: 524287 best found: 14
c [ccnr] tries: 0 steps: 786431 best found: 14
c [ccnr] saving best assignment phase to stable_polar
c [ccnr] bumping based on clause weights
c [ccnr] Bumped vars: 103 bump type: 6
c [ccnr] time: 0.63
c rst  geom  stb   vs   171   44K    3055 19345  1651    3.97    3.82   294   351   36K    22   42.64   42.61
c rst  geom  stb   vs   172   44K    3055 19345  1651    3.97    3.82   294   351   36K    22   42.47   42.44
c rst  geom  stb   vs   173   45K    3055 19345  1651    3.97    3.82   306   614   30K    22   43.62   43.59
c rst  geom  stb   vs   174   45K    3055 19345  1651    3.97    3.82   306   614   30K    22   43.38   43.36
c rst  geom  stb   vs   175   45K    3055 19345  1651    3.97    3.82   306   614   31K    22   43.16   43.13
c rst  geom  stb   vs   176   46K    3055 19345  1651    3.97    3.82   306   614   31K    22   42.94   42.91
c rst  geom  stb   vs   177   46K    3055 19345  1651    3.97    3.82   306   614   32K    22   42.72   42.69
c rst  geom  stb   vs   178   47K    3055 19345  1651    3.97    3.82   306   614   32K    22   42.46   42.44
c rst  geom  stb   vs   179   48K    3055 19345  1651    3.97    3.82   306   615   33K    22   42.27   42.24
c rst  geom  stb   vs   180   48K    3055 19345  1651    3.97    3.82   306   615   34K    22   42.05   42.02
c rst  geom  stb   vs   181   49K    3055 19345  1651    3.97    3.82   306   615   34K    22   41.99   41.97
c rst  geom ibes   vs   182   50K    3055 19345  1651    3.97    3.82   333   588   35K    22   41.73   41.70
c [gauss] XOR-encoding clauses are not detached, so no need to reattach them.
c [g 0] truth-find prop checks  : 677K
c [g 0] -> of which prop        : 45.68 %
c [g 0] -> of which confl       :  4.09 %
c [g 0] elim called             : 100K
c [g 0] ---> which lead to prop : 16.16 %
c [g 0] ---> which lead to confl:  1.02 %
c [g 0] size: 50    x 765  
c [scc] new: 5 BP 0M T: 0.00
c [vrep] vars 5 lits 11067 rem-bin-cls 20 rem-long-cls 0 BP 0M T: 0.02
c [scc] new: 0 BP 0M T: 0.00
c [vrep] vars 0 lits 0 rem-bin-cls 0 rem-long-cls 0 BP 0M T: 0.01
c [intree] Set 0 vars hyper-added: 731 trans-irred: 0 trans-red: 6 T: 0.01 T-out: N T-r: -0.67%
c [find&init matx] performing matrix init
c [gauss] XOR-encoding clauses are not detached, so no need to reattach them.
c [xor-rem-unconnected] left with 50 xors from 50 non-empty xors T: 0.00
c [xor-together] xored together: 0 orig xors: 50 new xors: 50 T: 0.00
c [xor-rem-unconnected] left with 50 xors from 50 non-empty xors T: 0.00
c [xor-clean-equiv] removed equivalent xors: 0 left with: 50
c [matrix] unused xors from cleaning: 0
c [matrix] Good   matrix 0 50      x762    density:0.1241  xorlen avg: 94.56
c [matrix] Using 1 matrices recovered from 0 xors T: 0.00 T-out: N
c rst  geom ibes vs   183   51  K 3050    19345  1641 3.97    3.82      333   588   36K   747 41.41   40.64  
c [distill-long-red0] cls tried: 137/137 T: 0.01 T-out: N T-r: 99.74%
c [distill-long-red1] cls tried: 25/459 T: 0.02 T-out: Y T-r: -12.94%
c rst  geom ibes vs   184   52  K 3050    19345  1641 3.97    3.82      329   588   37K   751 40.96   40.21  
c [distill] watch-based irred--  cl tried 1425     cl-sh 0     cl-rem 1    lit-rem 0      T: 0.00 T-out: N
c [distill] watch-based red  --  cl tried 657      cl-sh 15    cl-rem 1    lit-rem 23     T: 0.00 T-out: N
c rst  geom ibes vs   185   53  K 3050    19344  1642 3.97    3.82      328   588   38K   750 40.66   39.93  
c [branch] adjusting to: vmtf (from: vsid) var_decay:0.95 descr: VMTF
c [distill-bin] useful: 0/1343/1642 lits-rem: 0 cl-rem: 0 0-depth-assigns: 0 T: 0.01 T-out: Y
c rst  luby ibes vmt  186   53  K 3050    19344  1642 3.97    3.82      328   596   38K   750 40.70   39.97  
c rst  luby ibes vmt  187   53  K 3050    19344  1642 3.97    3.82      329   602   38K   750 40.68   39.96  
c rst  luby ibes vmt  188   53  K 3050    19344  1642 3.97    3.82      329   605   38K   750 40.74   40.02  
c rst  luby ibes vmt  189   53  K 3050    19344  1642 3.97    3.82      329   605   38K   750 40.70   39.98  
c rst  luby ibes vmt  190   53  K 3050    19344  1642 3.97    3.82      330   608   39K   750 40.65   39.94  
c rst  luby ibes vmt  191   53  K 3050    19344  1642 3.97    3.82      330   611   39K   750 40.68   39.97  
c rst  luby ibes vmt  192   54  K 3050    19344  1642 3.97    3.82      330   612   39K   750 40.90   40.19  
c rst  luby ibes vmt  193   54  K 3050    19344  1642 3.97    3.82      331   616   39K   750 40.87   40.17  
c rst  luby ibes vmt  194   54  K 3050    19344  1642 3.97    3.82      332   622   39K   750 40.86   40.16  
c rst  luby ibes vmt  195   54  K 3050    19344  1642 3.97    3.82      332   627   40K   750 40.85   40.15  
c rst  luby ibes vmt  196   54  K 3050    19344  1642 3.97    3.82      332   631   40K   750 40.94   40.24  
c rst  luby ibes vmt  197   54  K 3050    19344  1642 3.97    3.82      333   631   40K   750 40.95   40.26  
c rst  luby ibes vmt  198   55  K 3050    19344  1642 3.97    3.82      335   636   40K   750 41.03   40.34  
c rst  luby svd  vmt  199   55  K 3050    19344  1642 3.97    3.82      336   638   40K   750 41.18   40.49  
c rst  luby svd  vmt  200   56  K 3050    19344  1642 3.97    3.82      341   660   41K   750 41.49   40.80  
c recursive minimization cost OK: 269Kcost/(% lits removed)
c [gauss] XOR-encoding clauses are not detached, so no need to reattach them.
c [g 0] truth-find prop checks  : 99K
c [g 0] -> of which prop        : 47.74 %
c [g 0] -> of which confl       :  4.10 %
c [g 0] elim called             : 13841
c [g 0] ---> which lead to prop :  0.98 %
c [g 0] ---> which lead to confl:  0.09 %
c [g 0] size: 50    x 762  
c --> Executing strategy token: scc-vrepl
c [scc] new: 2 BP 0M T: 0.00
c --> Executing strategy token: sub-impl
c [impl-sub] bin: 4 T: 0.00 T-out: N w-visit: 6110
c --> Executing strategy token: breakid
c --> Executing OCC strategy token(s): 'occ-backw-sub-str,occ-clean-implicit,occ-bve,occ-bva,occ-ternary-res,occ-xor,'
c [occ] mem usage for occur 1      MB
c [occ] Linked in IRRED BIN by default: 1642
c [occ] Linked in RED   BIN by default: 746
c [occ] mem usage for occur 0      MB
c Mem for watch alloc      : 4           MB (18.63     %)
c Mem for watch array      : 0           MB (0.81      %)
c --> Executing OCC strategy token: occ-backw-sub-str
c [occ-backw-sub-str-long-w-bins] subs: 0 str: 0 tried: 2388 0-depth ass: 0 T: 0.00 T-out: N T-r: 99.40%
c [occ-backw-sub-long-w-long] rem cl: 42 tried: 61644/61644 (100.0%) T: 0.02 T-out: N T-r: 96.59%
c [occ-backw-sub-str-long-w-long] sub: 0 str: 3 tried: 184932/61644 (300.0)  T: 0.07 T-out: N T-r: 88.54%
c --> Executing OCC strategy token: occ-clean-implicit
c --> Executing OCC strategy token: occ-bve
c [occ-empty-res] Empty resolvent elimed: 0 T: 0.00 T-out: N
c [occ-bve] iter v-elim 10
c cl_inc_rate=1.0, var_dec_rate=1.0 (grow=0)
c Reduced to 3040 vars, 20979 cls (grow=0)
c [occ-bve] iter v-elim 290
c cl_inc_rate=1.1, var_dec_rate=1.1 (grow=8)
c Reduced to 2750 vars, 22255 cls (grow=8)
c x n vars       : 2750
c #try to eliminate:  6356
c #var-elim        :   300
c #T-o: N
c #T-r: 99.99%
c #T  : 0.09
c [occur] 0.04 is overhead
c [occur] link-in T: 0.04 cleanup T: 0.00
c --> Executing OCC strategy token: occ-bva
c --> Executing OCC strategy token: occ-ternary-res
c [occ-ternary-res] Ternary res-tri: 56 res-bin: 0 sub: 4 str: 0 T: 0.00 T-out: N T-r: 99.35%
c --> Executing OCC strategy token: occ-xor
c [occ-xor] sort occur list T: 0.00
c [xor-clean-equiv] removed equivalent xors: 0 left with: 2176
c [occ-xor] found   2176 avg sz 4.0 min sz  4 max sz  5 T: 0.01 T-out: N T-r: 99.97%
c --> Executing strategy token: card-find
c --> Executing strategy token: cl-consolidate
c [mem] consolidate  old-sz: 10374K new-sz: 5310K new bits offs: 20 T: 0.00
c --> Executing strategy token: scc-vrepl
c [scc] new: 1 BP 0M T: 0.00
c --> Executing strategy token: renumber
c --> Executing strategy token: bosphorus
c --> Executing strategy token: louvain-comms
c [consolidate] mini T: 0.00
c global_timeout_multiplier: 3.3000
c [branch] rebuilding order heap for all branchings. Current branching: vmtf
c [find&init matx] performing matrix init
c [gauss] XOR-encoding clauses are not detached, so no need to reattach them.
c [xor-rem-unconnected] left with 2176 xors from 2176 non-empty xors T: 0.00
c [xor-together] xored together: 2126 orig xors: 2176 new xors: 50 T: 0.00
c [xor-rem-unconnected] left with 50 xors from 50 non-empty xors T: 0.00
c [xor-clean-equiv] removed equivalent xors: 0 left with: 50
c [matrix] unused xors from cleaning: 0
c [matrix] Good   matrix  0     50 x  464  density:0.1923  xorlen avg: 89.22
c [matrix] Using 1 matrices recovered from 0 xors T: 0.00 T-out: N
c rst  luby  svd  vmt   201   56K    2750   21K   878    4.10    4.01    91   153   28K    81   31.88   31.80
c rst  luby  svd  vmt   202   56K    2750   21K   878    4.10    4.01    91   155   28K    81   31.87   31.78
c rst  luby  svd  vmt   203   56K    2750   21K   878    4.10    4.01    91   157   28K    81   31.82   31.74
c rst  luby  svd  vmt   204   56K    2750   21K   878    4.10    4.01    91   158   28K    81   31.72   31.63
c rst  luby  svd  vmt   205   56K    2750   21K   878    4.10    4.01    92   158   28K    81   31.66   31.58
c rst  luby  svd  vmt   206   56K    2750   21K   878    4.10    4.01    92   159   28K    81   31.64   31.55
c [g  <0] Disabling GJ-elim in this round.  Usefulness was: 18.6277%  over 57307 calls
c rst  luby  svd  vmt   207   57K    2750   21K   878    4.10    4.01    93   163   28K    82   31.58   31.50
c rst  luby  svd  vmt   208   57K    2750   21K   878    4.10    4.01    94   165   29K    82   31.43   31.34
c rst  luby  svd  vmt   209   57K    2750   21K   878    4.10    4.01    94   166   29K    82   31.40   31.32
c rst  luby  svd  vmt   210   57K    2750   21K   878    4.10    4.01    95   176   29K    82   31.35   31.27
c rst  luby  svd  vmt   211   57K    2750   21K   878    4.10    4.01    95   179   29K    82   31.28   31.20
c rst  luby  svd  vmt   212   58K    2750   21K   878    4.10    4.01    95   183   29K    82   31.25   31.17
c rst  luby  svd  vmt   213   58K    2750   21K   878    4.10    4.01    95   183   29K    82   31.25   31.17
c rst  luby  svd  vmt   214   58K    2750   21K   878    4.10    4.01    95   185   30K    82   31.16   31.08
c rst  luby  svd  vmt   215   58K    2750   21K   878    4.10    4.01    96   195   30K    82   31.07   30.99
c rst  luby  svd  vmt   216   59K    2750   21K   878    4.10    4.01    96   202   31K    82   30.87   30.79
c rst  luby  svd  vmt   217   61K    2750   21K   878    4.10    4.01   155   315   26K    82   28.64   28.56
c [full-probe]  bin_only: 1 set: 0 repl: 0 T: 0.01 T-out: N T-r: 99.73%
c rst  geom best  vmt   218   61K    2750   21K   878    4.10    4.01   155   323   26K    84   28.62   28.53
c rst  geom best  vmt   219   61K    2750   21K   878    4.10    4.01   156   324   26K    84   28.61   28.53
c rst  geom best  vmt   220   61K    2750   21K   878    4.10    4.01   156   326   27K    84   28.67   28.59
c rst  geom best  vmt   221   61K    2750   21K   878    4.10    4.01   158   331   27K    84   28.59   28.51
c rst  geom best  vmt   222   61K    2750   21K   878    4.10    4.01   159   332   27K    84   28.68   28.60
c rst  geom best  vmt   223   61K    2750   21K   878    4.10    4.01   160   335   27K    84   28.70   28.62
c rst  geom best  vmt   224   62K    2750   21K   878    4.10    4.01   160   341   27K    84   28.73   28.65
c rst  geom best  vmt   225   62K    2750   21K   878    4.10    4.01   160   341   27K    84   28.70   28.62
c rst  geom best  vmt   226   62K    2750   21K   878    4.10    4.01   160   344   28K    84   28.69   28.61
c rst  geom best  vmt   227   62K    2750   21K   878    4.10    4.01   161   347   28K    84   28.60   28.52
c rst  geom best  vmt   228   63K    2750   21K   878    4.10    4.01   163   347   28K    84   28.52   28.44
c [branch] adjusting to: vsid (from: vmtf) var_decay:0.95 descr: VSIDS
c rst  geom best   vs   229   63K    2750   21K   878    4.10    4.01   167   360   28K    84   28.54   28.46
c rst  geom best   vs   230   63K    2750   21K   878    4.10    4.01   169   363   28K    84   28.62   28.54
c rst  geom best   vs   231   63K    2750   21K   878    4.10    4.01   173   372   29K    84   28.64   28.56
c rst  geom best   vs   232   63K    2750   21K   878    4.10    4.01   173   375   29K    84   28.72   28.64
c rst  geom best   vs   233   63K    2750   21K   878    4.10    4.01   175   392   29K    84   28.79   28.71
c rst  geom best   vs   234   64K    2750   21K   878    4.10    4.01   181   413   29K    84   28.88   28.81
c rst  geom best   vs   235   64K    2750   21K   878    4.10    4.01   184   429   29K    84   28.92   28.85
c rst  geom best   vs   236   64K    2750   21K   878    4.10    4.01   186   439   29K    84   29.09   29.01
c rst  geom best   vs   237   64K    2750   21K   878    4.10    4.01   188   443   30K    84   29.30   29.23
c rst  geom best   vs   238   64K    2750   21K   878    4.10    4.01   192   469   30K    84   29.36   29.29
c rst  geom best   vs   239   65K    2750   21K   878    4.10    4.01   194   480   30K    84   29.57   29.50
c rst  geom best   vs   240   65K    2750   21K   878    4.10    4.01   199   490   30K    84   29.64   29.57
c rst  geom best   vs   241   65K    2750   21K   878    4.10    4.01   202   507   31K    84   29.70   29.63
c rst  geom best   vs   242   66K    2750   21K   878    4.10    4.01   202   527   31K    84   29.98   29.91
c [distill-long-red0] cls tried: 123/123 T: 0.01 T-out: N T-r: 99.83%
c [distill-long-red1] cls tried: 50/461 T: 0.01 T-out: Y T-r: -0.92%
c rst  geom best   vs   243   66K    2750   21K   878    4.10    4.01   205   539   31K    85   30.01   29.94
c rst  geom best   vs   244   67K    2750   21K   878    4.10    4.01   206   554   32K    85   30.25   30.18
c rst  geom  stb   vs   245   67K    2750   21K   878    4.10    4.01   208   574   32K    85   30.50   30.43
c rst  geom  stb   vs   246   68K    2750   21K   878    4.10    4.01   210   586   33K    85   30.57   30.50
c rst  geom  stb   vs   247   68K    2750   21K   878    4.10    4.01   213   594   33K    85   30.75   30.68
c rst  geom  stb   vs   248   69K    2750   21K   878    4.10    4.01   217   610   34K    85   30.86   30.79
c rst  geom  stb   vs   249   70K    2750   21K   878    4.10    4.01   475   370   35K    85   30.99   30.92
c rst  geom  stb   vs   250   70K    2750   21K   878    4.10    4.01   477   388   36K    85   30.94   30.88
c rst  geom  stb   vs   251   71K    2750   21K   878    4.10    4.01   480   406   36K    85   30.88   30.81
c rst  geom  stb   vs   252   72K    2750   21K   878    4.10    4.01   483   420   37K    85   31.04   30.98
c rst  geom  stb   vs   253   73K    2750   21K   878    4.10    4.01   485   431   38K    85   30.98   30.92
c [distill-bin] useful: 0/878/878 lits-rem: 0 cl-rem: 0 0-depth-assigns: 0 T: 0.01 T-out: N
c rst  geom ibes   vs   254   74K    2750   21K   878    4.10    4.01   496   448   40K    85   30.89   30.83
c [branch] adjusting to: vmtf (from: vsid) var_decay:0.95 descr: VMTF
c rst  luby ibes  vmt   255   75K    2750   21K   878    4.10    4.01   556   760   31K    86   30.48   30.40
c rst  luby ibes  vmt   256   75K    2750   21K   878    4.10    4.01   556   766   31K    86   30.52   30.44
c rst  luby ibes  vmt   257   75K    2750   21K   878    4.10    4.01   557   769   31K    86   30.54   30.46
c rst  luby ibes  vmt   258   75K    2750   21K   878    4.10    4.01   557   772   31K    86   30.51   30.43
c rst  luby ibes  vmt   259   75K    2750   21K   878    4.10    4.01   557   772   31K    86   30.47   30.39
c rst  luby ibes  vmt   260   75K    2750   21K   878    4.10    4.01   557   772   31K    86   30.39   30.32
c rst  luby ibes  vmt   261   76K    2750   21K   878    4.10    4.01   558   781   32K    86   30.22   30.15
c rst  luby ibes  vmt   262   76K    2750   21K   878    4.10    4.01   558   783   32K    86   30.18   30.11
c rst  luby ibes  vmt   263   76K    2750   21K   878    4.10    4.01   559   784   32K    86   30.14   30.07
c rst  luby ibes  vmt   264   76K    2750   21K   878    4.10    4.01   559   785   32K    86   30.04   29.97
c rst  luby ibes  vmt   265   76K    2750   21K   878    4.10    4.01   559   785   32K    86   30.00   29.92
c rst  luby ibes  vmt   266   76K    2750   21K   878    4.10    4.01   559   785   32K    86   29.95   29.88
c rst  luby ibes  vmt   267   76K    2750   21K   878    4.10    4.01   559   791   32K    86   29.96   29.89
c rst  luby ibes  vmt   268   77K    2750   21K   878    4.10    4.01   560   807   33K    86   29.86   29.79
c [distill] watch-based irred--  cl tried     7642 cl-sh   139 cl-rem  152 lit-rem    145 T: 0.01 T-out: N
c [distill] watch-based   red--  cl tried     1120 cl-sh   163 cl-rem    0 lit-rem    351 T: 0.00 T-out: N
c rst  luby ibes  vmt   269   78K    2750   21K   888    4.09    4.01   562   839   34K    76   29.78   29.73
c rst  luby ibes  vmt   270   78K    2750   21K   888    4.09    4.01   562   841   34K    76   29.75   29.69
c rst  luby ibes  vmt   271   78K    2750   21K   888    4.09    4.01   562   841   34K    76   29.70   29.64
c rst  luby ibes  vmt   272   78K    2750   21K   888    4.09    4.01   563   845   34K    76   29.70   29.64
c rst  luby ibes  vmt   273   78K    2750   21K   888    4.09    4.01   563   845   34K    76   29.67   29.61
c rst  luby ibes  vmt   274   78K    2750   21K   888    4.09    4.01   563   847   34K    76   29.64   29.58
c rst  luby ibes  vmt   275   78K    2750   21K   888    4.09    4.01   563   853   34K    76   29.60   29.54
c rst  luby ibes  vmt   276   79K    2750   21K   888    4.09    4.01   563   855   35K    76   29.47   29.41
c rst  luby ibes  vmt   277   79K    2750   21K   888    4.09    4.01   563   856   35K    76   29.46   29.41
c rst  luby ibes  vmt   278   79K    2750   21K   888    4.09    4.01   563   859   35K    76   29.43   29.37
c rst  luby  svd  vmt   279   79K    2750   21K   888    4.09    4.01   564   860   35K    76   29.39   29.34
c rst  luby  svd  vmt   280   79K    2750   21K   888    4.09    4.01   564   863   35K    76   29.35   29.30
c rst  luby  svd  vmt   281   79K    2750   21K   888    4.09    4.01   565   865   35K    76   29.32   29.26
c rst  luby  svd  vmt   282   80K    2750   21K   888    4.09    4.01   847   585   36K    76   29.35   29.29
c rst  luby  svd  vmt   283   80K    2750   21K   888    4.09    4.01   847   592   36K    76   29.26   29.21
c rst  luby  svd  vmt   284   81K    2750   21K   888    4.09    4.01   848   597   37K    76   29.12   29.07
c [distill-long-red0] cls tried: 649/649 T: 0.03 T-out: N T-r: 99.18%
c [distill-long-red1] cls tried: 65/495 T: 0.01 T-out: Y T-r: -3.71%
c [full-probe]  bin_only: 0 set: 0 repl: 0 T: 0.01 T-out: N T-r: 97.33%
c rst  luby  svd  vmt   285   82K    2750   21K   888    4.09    4.01   847   610   38K    79   28.80   28.75
c rst  luby  svd  vmt   286   83K    2750   21K   888    4.09    4.01   847   610   39K    79   28.78   28.73
c rst  luby  svd  vmt   287   83K    2750   21K   888    4.09    4.01   847   611   39K    79   28.78   28.72
c rst  luby  svd  vmt   288   83K    2750   21K   888    4.09    4.01   848   615   39K    79   28.76   28.71
c rst  luby  svd  vmt   289   83K    2750   21K   888    4.09    4.01   848   615   39K    79   28.74   28.69
c rst  luby  svd  vmt   290   83K    2750   21K   888    4.09    4.01   848   616   39K    79   28.76   28.71
c rst  luby  svd  vmt   291   83K    2750   21K   888    4.09    4.01   848   622   39K    79   28.78   28.72
c rst  luby  svd  vmt   292   84K    2750   21K   888    4.09    4.01   848   623   40K    79   28.71   28.66
c rst  luby  svd  vmt   293   84K    2750   21K   888    4.09    4.01   848   625   40K    79   28.72   28.67
c rst  luby  svd  vmt   294   84K    2750   21K   888    4.09    4.01   848   626   40K    79   28.72   28.66
c rst  luby  svd  vmt   295   84K    2750   21K   888    4.09    4.01   848   628   40K    79   28.71   28.66
c rst  luby  svd  vmt   296   84K    2750   21K   888    4.09    4.01   848   629   40K    79   28.70   28.65
c rst  luby  svd  vmt   297   84K    2750   21K   888    4.09    4.01   848   631   40K    79   28.70   28.65
c rst  luby  svd  vmt   298   85K    2750   21K   888    4.09    4.01   848   634   40K    79   28.68   28.63
c rst  luby  svd  vmt   299   85K    2750   21K   888    4.09    4.01   848   652   41K    79   28.68   28.63
c rst  luby  svd  vmt   300   86K    2750   21K   888    4.09    4.01   849   663   42K    79   28.50   28.46
c rst  geom best  vmt   301   86K    2750   21K   888    4.09    4.01   849   665   42K    79   28.50   28.45
c rst  geom best  vmt   302   86K    2750   21K   888    4.09    4.01   850   671   42K    79   28.49   28.44
c rst  geom best  vmt   303   86K    2750   21K   888    4.09    4.01   851   674   42K    79   28.48   28.43
c rst  geom best  vmt   304   86K    2750   21K   888    4.09    4.01   851   676   42K    79   28.52   28.47
c rst  geom best  vmt   305   86K    2750   21K   888    4.09    4.01   851   679   42K    79   28.52   28.47
c rst  geom best  vmt   306   87K    2750   21K   888    4.09    4.01   851   687   42K    79   28.52   28.48
c rst  geom best  vmt   307   87K    2750   21K   888    4.09    4.01   852   693   43K    79   28.51   28.47
c rst  geom best  vmt   308   87K    2750   21K   888    4.09    4.01   854   699   43K    79   28.53   28.48
c rst  geom best  vmt   309   87K    2750   21K   888    4.09    4.01   854   703   43K    79   28.54   28.49
c [branch] adjusting to: vsid (from: vmtf) var_decay:0.95 descr: VSIDS
c rst  geom best   vs   310   87K    2750   21K   888    4.09    4.01   855   707   43K    79   28.55   28.51
c rst  geom best   vs   311   87K    2750   21K   888    4.09    4.01   857   711   43K    79   28.56   28.51
c rst  geom best   vs   312   88K    2750   21K   888    4.09    4.01   857   716   43K    79   28.63   28.58
c rst  geom best   vs   313   88K    2750   21K   888    4.09    4.01   857   719   44K    79   28.65   28.61
c [ccnr] tries: 0 steps: 262143 best found: 17
c [ccnr] tries: 0 steps: 524287 best found: 13
c [ccnr] tries: 0 steps: 786431 best found: 13
c [ccnr] saving best assignment phase to stable_polar
c [ccnr] bumping based on var unsat frequency: conflict_ct
c [ccnr] Bumped vars: 3055 bump type: 6
c [ccnr] time: 0.58
c rst  geom best   vs   314   88K    2750   21K   888    4.09    4.01   858   720   44K    79   28.80   28.75
c rst  geom best   vs   315   88K    2750   21K   888    4.09    4.01   860   726   44K    79   28.82   28.78
c rst  geom best   vs   316   88K    2750   21K   888    4.09    4.01   860   728   44K    79   28.86   28.81
c rst  geom best   vs   317   88K    2750   21K   888    4.09    4.01   861   738   44K    79   28.89   28.85
c rst  geom best   vs   318   89K    2750   21K   888    4.09    4.01   861   743   44K    79   28.96   28.92
c rst  geom best   vs   319   89K    2750   21K   888    4.09    4.01   862   747   45K    79   29.02   28.98
c rst  geom best   vs   320   89K    2750   21K   888    4.09    4.01   862   749   45K    79   29.10   29.05
c rst  geom best   vs   321   90K    2750   21K   888    4.09    4.01  1133  1060   34K    79   29.78   29.72
c rst  geom best   vs   322   90K    2750   21K   888    4.09    4.01  1133  1063   34K    79   29.81   29.75
c rst  geom best   vs   323   90K    2750   21K   888    4.09    4.01  1134  1066   35K    79   29.81   29.75
c rst  geom best   vs   324   91K    2750   21K   888    4.09    4.01  1137  1080   35K    79   29.99   29.93
c rst  geom best   vs   325   91K    2750   21K   888    4.09    4.01  1139  1088   35K    79   30.28   30.22
c rst  geom best   vs   326   92K    2750   21K   888    4.09    4.01  1141  1096   36K    79   30.52   30.47
c rst  geom  stb   vs   327   92K    2750   21K   888    4.09    4.01  1144  1112   36K    79   30.81   30.75
c rst  geom  stb   vs   328   93K    2750   21K   888    4.09    4.01  1144  1121   37K    79   30.94   30.88
c rst  geom  stb   vs   329   93K    2750   21K   888    4.09    4.01  1146  1127   38K    79   31.01   30.96
c [distill-bin] useful: 0/888/888 lits-rem: 0 cl-rem: 0 0-depth-assigns: 0 T: 0.01 T-out: N
c rst  geom  stb   vs   330   94K    2750   21K   888    4.09    4.01  1150  1139   38K    79   31.16   31.11
c rst  geom  stb   vs   331   95K    2750   21K   888    4.09    4.01  1150  1147   39K    79   31.37   31.31
c rst  geom  stb   vs   332   96K    2750   21K   888    4.09    4.01  1150  1149   40K    79   31.57   31.52
c rst  geom  stb   vs   333   97K    2750   21K   888    4.09    4.01  1152  1157   41K    79   31.71   31.65
c [distill-long-red0] cls tried: 301/301 T: 0.03 T-out: N T-r: 99.14%
c [distill-long-red1] cls tried: 39/994 T: 0.01 T-out: Y T-r: -3.47%
c rst  geom  stb   vs   334   98K    2750   21K   888    4.09    4.01  1155  1172   42K    79   31.90   31.85
c rst  geom ibes   vs   335   99K    2750   21K   888    4.09    4.01  1157  1182   43K    79   32.86   32.80
c rst  geom ibes   vs   336  100K    2750   21K   888    4.09    4.01  1253  1110   44K    79   32.83   32.78
c [impl-str] lit bin: 0 set-var: 0 T: 0.00 T-out: N T-r: 99.95% w-visit: 6110
c [impl-sub] bin: 4 T: 0.00 T-out: N w-visit: 6110
c rst  geom ibes   vs   337  102K    2750   21K   888    4.09    4.01  1254  1119   46K    75   32.89   32.84
c [branch] adjusting to: vmtf (from: vsid) var_decay:0.95 descr: VMTF
c [full-probe]  bin_only: 1 set: 0 repl: 0 T: 0.01 T-out: N T-r: 99.76%
c rst  luby ibes  vmt   338  102K    2750   21K   888    4.09    4.01  1273  1145   46K    75   32.86   32.82
c rst  luby ibes  vmt   339  102K    2750   21K   888    4.09    4.01  1273  1148   46K    75   32.91   32.86
c [distill] watch-based irred--  cl tried     7490 cl-sh     0 cl-rem    0 lit-rem      0 T: 0.01 T-out: N
c [distill] watch-based   red--  cl tried     2546 cl-sh    89 cl-rem    0 lit-rem    162 T: 0.00 T-out: N
c rst  luby ibes  vmt   340  102K    2750   21K   888    4.09    4.01  1273  1149   46K    75   32.97   32.92
c rst  luby ibes  vmt   341  102K    2750   21K   888    4.09    4.01  1274  1152   46K    75   32.97   32.92
c rst  luby ibes  vmt   342  102K    2750   21K   888    4.09    4.01  1274  1152   46K    75   32.97   32.92
c rst  luby ibes  vmt   343  102K    2750   21K   888    4.09    4.01  1277  1164   47K    75   32.97   32.93
c rst  luby ibes  vmt   344  103K    2750   21K   888    4.09    4.01  1278  1170   47K    75   33.06   33.01
c rst  luby ibes  vmt   345  103K    2750   21K   888    4.09    4.01  1279  1177   47K    75   33.09   33.04
c rst  luby ibes  vmt   346  103K    2750   21K   888    4.09    4.01  1279  1181   47K    75   33.13   33.08
c rst  luby ibes  vmt   347  103K    2750   21K   888    4.09    4.01  1280  1181   47K    75   33.13   33.08
c rst  luby ibes  vmt   348  103K    2750   21K   888    4.09    4.01  1280  1182   47K    75   33.15   33.11
c rst  luby ibes  vmt   349  103K    2750   21K   888    4.09    4.01  1280  1182   48K    75   33.15   33.10
c rst  luby ibes  vmt   350  104K    2750   21K   888    4.09    4.01  1281  1183   48K    75   33.19   33.15
c rst  luby ibes  vmt   351  104K    2750   21K   888    4.09    4.01  1283  1191   48K    75   33.21   33.17
c rst  luby  svd  vmt   352  105K    2750   21K   888    4.09    4.01  1325  1505   35K    75   32.75   32.69
c rst  luby  svd  vmt   353  105K    2750   21K   888    4.09    4.01  1325  1510   35K    75   32.78   32.72
c rst  luby  svd  vmt   354  105K    2750   21K   888    4.09    4.01  1325  1515   35K    75   32.77   32.71
c rst  luby  svd  vmt   355  105K    2750   21K   888    4.09    4.01  1326  1519   36K    75   32.79   32.73
c rst  luby  svd  vmt   356  105K    2750   21K   888    4.09    4.01  1327  1526   36K    75   32.80   32.74
c rst  luby  svd  vmt   357  105K    2750   21K   888    4.09    4.01  1329  1527   36K    75   32.80   32.74
c rst  luby  svd  vmt   358  106K    2750   21K   888    4.09    4.01  1329  1529   36K    75   32.93   32.87
c rst  luby  svd  vmt   359  106K    2750   21K   888    4.09    4.01  1329  1538   36K    75   32.96   32.90
c rst  luby  svd  vmt   360  106K    2750   21K   888    4.09    4.01  1329  1539   36K    75   32.96   32.90
c rst  luby  svd  vmt   361  106K    2750   21K   888    4.09    4.01  1329  1540   36K    75   32.97   32.91
c rst  luby  svd  vmt   362  107K    2750   21K   888    4.09    4.01  1331  1545   37K    75   32.98   32.92
c rst  luby  svd  vmt   363  107K    2750   21K   888    4.09    4.01  1331  1546   37K    75   33.00   32.95
c rst  luby  svd  vmt   364  107K    2750   21K   888    4.09    4.01  1332  1549   37K    75   33.00   32.94
c rst  luby  svd  vmt   365  107K    2750   21K   888    4.09    4.01  1332  1553   37K    75   33.02   32.96
c rst  luby  svd  vmt   366  107K    2750   21K   888    4.09    4.01  1334  1558   37K    75   33.01   32.96
c rst  luby  svd  vmt   367  108K    2750   21K   888    4.09    4.01  1341  1578   38K    75   32.95   32.89
c rst  luby  svd  vmt   368  110K    2750   21K   888    4.09    4.01  1504  1423   40K    75   33.02   32.96
c rst  luby  svd  vmt   369  110K    2750   21K   888    4.09    4.01  1504  1427   40K    75   33.01   32.96
c rst  luby  svd  vmt   370  110K    2750   21K   888    4.09    4.01  1504  1437   40K    75   33.01   32.96
c rst  luby  svd  vmt   371  110K    2750   21K   888    4.09    4.01  1505  1449   40K    75   33.03   32.97
c rst  luby  svd  vmt   372  110K    2750   21K   888    4.09    4.01  1505  1452   40K    75   33.05   32.99
c rst  geom best  vmt   373  110K    2750   21K   888    4.09    4.01  1505  1453   40K    75   33.09   33.04
c rst  geom best  vmt   374  110K    2750   21K   888    4.09    4.01  1506  1462   41K    75   33.11   33.06
c rst  geom best  vmt   375  111K    2750   21K   888    4.09    4.01  1506  1468   41K    75   33.17   33.12
c rst  geom best  vmt   376  111K    2750   21K   888    4.09    4.01  1507  1470   41K    75   33.16   33.11
c rst  geom best  vmt   377  111K    2750   21K   888    4.09    4.01  1508  1479   41K    75   33.17   33.11
c rst  geom best  vmt   378  111K    2750   21K   888    4.09    4.01  1508  1481   41K    75   33.18   33.12
c rst  geom best  vmt   379  111K    2750   21K   888    4.09    4.01  1509  1482   41K    75   33.24   33.19
c rst  geom best  vmt   380  111K    2750   21K   888    4.09    4.01  1514  1484   42K    75   33.20   33.15
c rst  geom best  vmt   381  112K    2750   21K   888    4.09    4.01  1515  1486   42K    75   33.30   33.25
c rst  geom best  vmt   382  112K    2750   21K   888    4.09    4.01  1516  1490   42K    75   33.30   33.24
c [distill-long-red0] cls tried: 413/413 T: 0.02 T-out: N T-r: 99.48%
c [distill-long-red1] cls tried: 55/1288 T: 0.01 T-out: Y T-r: -4.32%
c rst  geom best  vmt   383  112K    2750   21K   888    4.09    4.01  1517  1500   42K    75   33.35   33.30
c rst  geom best  vmt   384  113K    2750   21K   888    4.09    4.01  1517  1506   43K    75   33.41   33.36
c rst  geom best  vmt   385  113K    2750   21K   888    4.09    4.01  1517  1510   43K    75   33.40   33.35
c rst  geom best  vmt   386  113K    2750   21K   888    4.09    4.01  1518  1518   43K    75   33.43   33.38
c rst  geom best  vmt   387  114K    2750   21K   888    4.09    4.01  1518  1523   44K    75   33.50   33.45
c [distill-bin] useful: 0/888/888 lits-rem: 0 cl-rem: 0 0-depth-assigns: 0 T: 0.01 T-out: N
c rst  geom best  vmt   388  114K    2750   21K   888    4.09    4.01  1518  1532   44K    75   33.50   33.45
c rst  geom best  vmt   389  115K    2750   21K   888    4.09    4.01  1518  1534   45K    75   33.52   33.47
c rst  geom best  vmt   390  115K    2750   21K   888    4.09    4.01  1519  1547   45K    75   33.49   33.45
c [gauss] XOR-encoding clauses are not detached, so no need to reattach them.
c [g 0] truth-find prop checks  : 40K
c [g 0] -> of which prop        : 18.08 %
c [g 0] -> of which confl       :  0.94 %
c [g 0] elim called             : 9074
c [g 0] ---> which lead to prop : 31.31 %
c [g 0] ---> which lead to confl:  1.65 %
c [g 0] size: 50    x 464  
c [scc] new: 1 BP 0M T: 0.00
c [vrep] vars 1 lits 4673 rem-bin-cls 4 rem-long-cls 0 BP 0M T: 0.01
c [scc] new: 0 BP 0M T: 0.00
c [vrep] vars 0 lits 0 rem-bin-cls 0 rem-long-cls 0 BP 0M T: 0.01
c [intree] Set 0 vars hyper-added: 26 trans-irred: 0 trans-red: 5 T: 0.02 T-out: N T-r: -2.03%
c [find&init matx] performing matrix init
c [gauss] XOR-encoding clauses are not detached, so no need to reattach them.
c [xor-rem-unconnected] left with 2176 xors from 2176 non-empty xors T: 0.00
c [xor-together] xored together: 2124 orig xors: 2176 new xors: 52 T: 0.00
c [xor-rem-unconnected] left with 52 xors from 52 non-empty xors T: 0.00
c [xor-clean-equiv] removed equivalent xors: 0 left with: 52
c [matrix] unused xors from cleaning: 0
c [matrix] Good   matrix 0 52      x465    density:0.1847  xorlen avg: 85.87
c [matrix] Using 1 matrices recovered from 0 xors T: 0.01 T-out: N
c rst  geom best vmt  391   116 K 2749      21K   888 4.09    4.01     1521  1548   46K    94 33.53   33.47  
c rst  geom best vmt  392   116 K 2749      21K   888 4.09    4.01     1521  1548   46K    94 33.44   33.38  
c rst  geom stb  vmt  393   117 K 2749      21K   888 4.09    4.01     1521  1548   47K    94 33.52   33.46  
c [branch] adjusting to: vsid (from: vmtf) var_decay:0.95 descr: VSIDS
c rst  geom stb  vs   394   117 K 2749      21K   888 4.09    4.01     1521  1548   47K    94 33.54   33.48  
c rst  geom stb  vs   395   117 K 2749      21K   888 4.09    4.01     1521  1548   47K    94 33.53   33.47  
c rst  geom stb  vs   396   118 K 2749      21K   888 4.09    4.01     1521  1548   48K    94 33.51   33.45  
c rst  geom stb  vs   397   118 K 2749      21K   888 4.09    4.01     1521  1548   48K    94 33.51   33.46  
c rst  geom stb  vs   398   118 K 2749      21K   888 4.09    4.01     1521  1548   48K    94 33.48   33.43  
c rst  geom stb  vs   399   118 K 2749      21K   888 4.09    4.01     1521  1548   48K    94 33.46   33.40  
c rst  geom stb  vs   400   118 K 2749      21K   888 4.09    4.01     1521  1548   48K    94 33.43   33.37  
c rst  geom stb  vs   401   118 K 2749      21K   888 4.09    4.01     1521  1548   48K    94 33.38   33.32  
c rst  geom stb  vs   402   119 K 2749      21K   888 4.09    4.01     1521  1548   49K    94 33.35   33.30  
c rst  geom stb  vs   403   119 K 2749      21K   888 4.09    4.01     1521  1548   49K    94 33.34   33.28  
c rst  geom stb  vs   404   119 K 2749      21K   888 4.09    4.01     1521  1548   49K    94 33.32   33.26  
c rst  geom stb  vs   405   120 K 2749      21K   888 4.09    4.01     1631  1711   36K    94 35.20   35.12  
c rst  geom stb  vs   406   120 K 2749      21K   888 4.09    4.01     1631  1711   36K    94 35.12   35.04  
c rst  geom stb  vs   407   120 K 2749      21K   888 4.09    4.01     1631  1711   37K    94 35.04   34.97  
c rst  geom stb  vs   408   121 K 2749      21K   888 4.09    4.01     1631  1711   37K    94 35.07   35.00  
c rst  geom stb  vs   409   121 K 2749      21K   888 4.09    4.01     1631  1711   37K    94 35.03   34.96  
c rst  geom stb  vs   410   122 K 2749      21K   888 4.09    4.01     1632  1711   38K    94 35.05   34.98  
c rst  geom stb  vs   411   122 K 2749      21K   888 4.09    4.01     1632  1711   38K    94 35.12   35.05  
c [full-probe]  bin_only: 0 set: 0 repl: 0 T: 0.01 T-out: N T-r: 96.19%
c rst  geom stb  vs   412   123 K 2749      21K   888 4.09    4.01     1632  1711   39K    96 35.16   35.09  
c rst  geom ibes vs   413   123 K 2749      21K   888 4.09    4.01     1632  1711   40K    96 35.29   35.22  
c rst  geom ibes vs   414   124 K 2749      21K   888 4.09    4.01     1632  1711   40K    96 35.13   35.06  
c rst  geom ibes vs   415   125 K 2749      21K   888 4.09    4.01     1632  1711   41K    96 34.84   34.77  
c rst  geom ibes vs   416   126 K 2749      21K   888 4.09    4.01     1632  1711   42K    96 34.58   34.52  
c rst  geom ibes vs   417   127 K 2749      21K   888 4.09    4.01     1632  1711   43K    96 34.77   34.70  
c rst  geom ibes vs   418   128 K 2749      21K   888 4.09    4.01     1632  1711   44K    96 34.52   34.45  
c [distill-long-red0] cls tried: 116/116 T: 0.01 T-out: N T-r: 99.83%
c [distill-long-red1] cls tried: 51/1454 T: 0.01 T-out: Y T-r: -3.74%
c [distill] watch-based irred--  cl tried 7489     cl-sh 0     cl-rem 1    lit-rem 0      T: 0.00 T-out: N
c [distill] watch-based red  --  cl tried 3261     cl-sh 80    cl-rem 3    lit-rem 168    T: 0.00 T-out: N
c rst  geom ibes vs   419   129 K 2749      21K   889 4.09    4.01     1629  1711   45K    95 34.24   34.18  
c rst  geom ibes vs   420   130 K 2749      21K   889 4.09    4.01     1631  1633   47K    95 34.31   34.25  
c rst  geom svd  vs   421   132 K 2749      21K   889 4.09    4.01     1631  1633   48K    95 34.18   34.12  
c rst  geom svd  vs   422   133 K 2749      21K   889 4.09    4.01     1631  1633   50K    95 33.87   33.81  
c [ccnr] tries: 0 steps: 262143 best found: 14
c [ccnr] tries: 0 steps: 524287 best found: 14
c [ccnr] tries: 0 steps: 786431 best found: 13
c [ccnr] saving best assignment phase to stable_polar
c [ccnr] bumping based on var unsat frequency: conflict_ct
c [ccnr] Bumped vars: 3055 bump type: 6
c [ccnr] time: 0.56
c rst  geom svd  vs   423   134 K 2749      21K   889 4.09    4.01     1631  1633   50K    95 33.72   33.66  
c recursive minimization cost OK: 395Kcost/(% lits removed)
c [gauss] XOR-encoding clauses are not detached, so no need to reattach them.
c [g 0] truth-find prop checks  : 389K
c [g 0] -> of which prop        : 75.24 %
c [g 0] -> of which confl       :  2.47 %
c [g 0] elim called             : 9158
c [g 0] ---> which lead to prop : 112.74 %
c [g 0] ---> which lead to confl:  2.17 %
c [g 0] size: 52    x 465  
c --> Executing strategy token: scc-vrepl
c [scc] new: 2 BP 0M T: 0.00
c [vrep] vars 2 lits 26837 rem-bin-cls 10 rem-long-cls 0 BP 0M T: 0.04
c --> Executing strategy token: sub-impl
c [impl-sub] bin: 3 T: 0.00 T-out: N w-visit: 6110
c --> Executing strategy token: breakid
c --> Executing OCC strategy token(s): 'occ-backw-sub-str,occ-clean-implicit,occ-bve,occ-bva,occ-ternary-res,occ-xor,'
c [occ] mem usage for occur 1      MB
c [occ] Linked in IRRED BIN by default: 885
c [occ] Linked in RED   BIN by default: 90
c [occ] mem usage for occur 0      MB
c Mem for watch alloc      : 8           MB (20.99     %)
c Mem for watch array      : 0           MB (0.33      %)
c --> Executing OCC strategy token: occ-backw-sub-str
c [occ-backw-sub-str-long-w-bins] subs: 0 str: 4 tried: 4797 0-depth ass: 0 T: 0.00 T-out: N T-r: 99.64%
c [occ-backw-sub-long-w-long] rem cl: 826 tried: 75337/75337 (100.0%) T: 0.02 T-out: N T-r: 95.09%
c [occ-backw-sub-str-long-w-long] sub: 3 str: 133 tried: 226011/75337 (300.0)  T: 0.09 T-out: N T-r: 86.54%
c --> Executing OCC strategy token: occ-clean-implicit
c --> Executing OCC strategy token: occ-bve
c [occ-empty-res] Empty resolvent elimed: 0 T: 0.00 T-out: N
c [occ-bve] iter v-elim 0
c cl_inc_rate=1.0, var_dec_rate=1.0 (grow=0)
c Reduced to 2747 vars, 21550 cls (grow=0)
c [occ-bve] iter v-elim 7
c cl_inc_rate=1.0, var_dec_rate=1.0 (grow=8)
c Reduced to 2740 vars, 21526 cls (grow=8)
c [occ-bve] iter v-elim 1097
c cl_inc_rate=1.8, var_dec_rate=1.7 (grow=16)
c Reduced to 1643 vars, 38923 cls (grow=16)
c x n vars       : 1643
c #try to eliminate:  9807
c #var-elim        :  1104
c #T-o: N
c #T-r: 99.80%
c #T  : 0.39
c [occur] 0.03 is overhead
c [occur] link-in T: 0.03 cleanup T: 0.00
c --> Executing OCC strategy token: occ-bva
c --> Executing OCC strategy token: occ-ternary-res
c [occ-ternary-res] Ternary res-tri: 0 res-bin: 0 sub: 0 str: 0 T: 0.00 T-out: N T-r: 99.52%
c --> Executing OCC strategy token: occ-xor
c [occ-xor] sort occur list T: 0.00
c [xor-clean-equiv] removed equivalent xors: 0 left with: 1098
c [occ-xor] found   1098 avg sz 5.9 min sz  4 max sz  6 T: 0.01 T-out: N T-r: 99.97%
c --> Executing strategy token: card-find
c --> Executing strategy token: cl-consolidate
c [mem] consolidate  old-sz: 13470K new-sz: 6273K new bits offs: 20 T: 0.00
c --> Executing strategy token: scc-vrepl
c [scc] new: 0 BP 0M T: 0.00
c --> Executing strategy token: renumber
c [gauss] XOR-encoding clauses are not detached, so no need to reattach them.
c [renumber] T: 0.00
c --> Executing strategy token: bosphorus
c --> Executing strategy token: louvain-comms
c [consolidate] mini T: 0.00
c global_timeout_multiplier: 3.6300
c [branch] rebuilding order heap for all branchings. Current branching: vsid
c [find&init matx] performing matrix init
c [gauss] XOR-encoding clauses are not detached, so no need to reattach them.
c [xor-rem-unconnected] left with 1098 xors from 1098 non-empty xors T: 0.00
c [xor-together] xored together: 1041 orig xors: 1098 new xors: 57 T: 0.00
c [xor-rem-unconnected] left with 57 xors from 57 non-empty xors T: 0.00
c [xor-clean-equiv] removed equivalent xors: 0 left with: 57
c [matrix] unused xors from cleaning: 0
c [matrix] Good   matrix  0     57 x  474  density:0.1647  xorlen avg: 78.09
c [matrix] Using 1 matrices recovered from 0 xors T: 0.00 T-out: N
c [distill-bin] useful: 2/789/789 lits-rem: 0 cl-rem: 2 0-depth-assigns: 0 T: 0.01 T-out: N
c rst  geom  svd   vs   424  135K    1643   38K   787    5.86    5.78   523   741   27K    77   28.08   28.01
c [branch] adjusting to: vmtf (from: vsid) var_decay:0.95 descr: VMTF
c rst  luby  svd  vmt   425  135K    1643   38K   787    5.86    5.78   536   757   27K    78   28.06   27.99
c rst  luby  svd  vmt   426  135K    1643   38K   787    5.86    5.78   536   757   27K    78   28.13   28.06
c rst  luby  svd  vmt   427  135K    1643   38K   787    5.86    5.78   536   757   27K    78   28.27   28.20
c rst  luby  svd  vmt   428  135K    1643   38K   787    5.86    5.78   536   757   27K    78   28.28   28.21
c rst  luby  svd  vmt   429  135K    1643   38K   787    5.86    5.78   536   757   27K    78   28.26   28.19
c rst  luby  svd  vmt   430  136K    1643   38K   787    5.86    5.78   536   757   27K    78   28.24   28.17
c rst  luby  svd  vmt   431  136K    1643   38K   787    5.86    5.78   536   759   28K    78   28.23   28.16
c rst  luby  svd  vmt   432  136K    1643   38K   787    5.86    5.78   538   761   28K    78   28.21   28.14
c rst  luby  svd  vmt   433  136K    1643   38K   787    5.86    5.78   538   761   28K    78   28.18   28.11
c rst  luby  svd  vmt   434  136K    1643   38K   787    5.86    5.78   538   761   28K    78   28.13   28.06
c rst  luby  svd  vmt   435  137K    1643   38K   787    5.86    5.78   538   761   28K    78   28.12   28.06
c rst  geom best  vmt   436  137K    1643   38K   787    5.86    5.78   539   761   28K    78   28.13   28.06
c rst  geom best  vmt   437  137K    1643   38K   787    5.86    5.78   539   761   29K    78   28.12   28.06
c rst  geom best  vmt   438  137K    1643   38K   787    5.86    5.78   539   761   29K    78   28.19   28.12
c rst  geom best  vmt   439  137K    1643   38K   787    5.86    5.78   539   761   29K    78   28.19   28.12
c rst  geom best  vmt   440  137K    1643   38K   787    5.86    5.78   539   761   29K    78   28.20   28.14
c rst  geom best  vmt   441  137K    1643   38K   787    5.86    5.78   539   761   29K    78   28.22   28.16
c rst  geom best  vmt   442  138K    1643   38K   787    5.86    5.78   539   761   29K    78   28.17   28.10
c rst  geom best  vmt   443  138K    1643   38K   787    5.86    5.78   539   761   30K    78   28.13   28.06
c rst  geom best  vmt   444  138K    1643   38K   787    5.86    5.78   539   761   30K    78   28.06   28.00
c rst  geom best  vmt   445  138K    1643   38K   787    5.86    5.78   539   761   30K    78   27.98   27.92
c rst  geom best  vmt   446  139K    1643   38K   787    5.86    5.78   539   761   30K    78   27.89   27.83
c rst  geom best  vmt   447  139K    1643   38K   787    5.86    5.78   539   761   31K    78   27.79   27.73
c rst  geom best  vmt   448  139K    1643   38K   787    5.86    5.78   539   761   31K    78   27.67   27.61
c rst  geom best  vmt   449  140K    1643   38K   787    5.86    5.78   553   716   31K    78   27.56   27.50
c rst  geom best  vmt   450  140K    1643   38K   787    5.86    5.78   553   716   32K    78   27.43   27.37
c rst  geom best  vmt   451  140K    1643   38K   787    5.86    5.78   553   716   32K    78   27.28   27.22
c rst  geom best  vmt   452  141K    1643   38K   787    5.86    5.78   553   716   33K    78   27.13   27.07
c rst  geom best  vmt   453  142K    1643   38K   787    5.86    5.78   553   716   33K    78   26.97   26.91
c rst  geom best  vmt   454  142K    1643   38K   787    5.86    5.78   553   716   34K    78   26.78   26.73
c [full-probe]  bin_only: 1 set: 0 repl: 0 T: 0.01 T-out: N T-r: 99.73%
c rst  geom best  vmt   455  143K    1643   38K   787    5.86    5.78   553   716   35K    78   26.59   26.54
c [distill-long-red0] cls tried: 48/48 T: 0.00 T-out: N T-r: 99.94%
c [distill-long-red1] cls tried: 82/598 T: 0.01 T-out: Y T-r: -0.54%
c rst  geom best  vmt   456  144K    1643   38K   787    5.86    5.78   552   716   35K    79   26.37   26.32
c rst  geom  stb  vmt   457  144K    1643   38K   787    5.86    5.78   552   716   36K    79   26.30   26.25
c rst  geom  stb  vmt   458  145K    1643   38K   787    5.86    5.78   552   716   37K    79   26.50   26.45
c rst  geom  stb  vmt   459  146K    1643   38K   787    5.86    5.78   552   716   38K    79   26.50   26.45
c rst  geom  stb  vmt   460  147K    1643   38K   787    5.86    5.78   552   716   39K    79   26.52   26.47
c rst  geom  stb  vmt   461  148K    1643   38K   787    5.86    5.78   552   716   40K    79   26.35   26.30
c rst  geom  stb  vmt   462  150K    1643   38K   787    5.86    5.78   553   648   33K    79   25.65   25.60
c rst  geom  stb  vmt   463  151K    1643   38K   787    5.86    5.78   553   648   34K    79   25.98   25.93
c rst  geom ibes  vmt   464  153K    1643   38K   787    5.86    5.78   554   648   36K    79   26.33   26.28
c rst  geom ibes  vmt   465  154K    1643   38K   787    5.86    5.78   554   648   38K    80   26.61   26.56
c [branch] adjusting to: vsid (from: vmtf) var_decay:0.95 descr: VSIDS
c [distill-bin] useful: 0/787/787 lits-rem: 0 cl-rem: 0 0-depth-assigns: 0 T: 0.01 T-out: N
c [distill] watch-based irred--  cl tried     7388 cl-sh     0 cl-rem    0 lit-rem      0 T: 0.00 T-out: N
c [distill] watch-based   red--  cl tried     1107 cl-sh     0 cl-rem    1 lit-rem      0 T: 0.00 T-out: N
c rst  geom ibes   vs   466  154K    1643   38K   787    5.86    5.78   553   648   38K    80   26.62   26.57
c rst  geom ibes   vs   467  154K    1643   38K   787    5.86    5.78   553   648   38K    80   26.62   26.57
c rst  geom ibes   vs   468  155K    1643   38K   787    5.86    5.78   553   648   38K    80   26.60   26.55
c rst  geom ibes   vs   469  155K    1643   38K   787    5.86    5.78   553   648   38K    80   26.58   26.53
c rst  geom ibes   vs   470  155K    1643   38K   787    5.86    5.78   553   648   38K    80   26.55   26.51
c rst  geom ibes   vs   471  155K    1643   38K   787    5.86    5.78   553   648   38K    80   26.52   26.47
c rst  geom ibes   vs   472  155K    1643   38K   787    5.86    5.78   553   648   39K    80   26.53   26.48
c rst  geom ibes   vs   473  156K    1643   38K   787    5.86    5.78   553   648   39K    80   26.53   26.48
c rst  geom ibes   vs   474  156K    1643   38K   787    5.86    5.78   554   648   39K    80   26.52   26.47
c rst  geom ibes   vs   475  156K    1643   38K   787    5.86    5.78   554   648   39K    80   26.53   26.48
c rst  geom ibes   vs   476  156K    1643   38K   787    5.86    5.78   554   648   40K    80   26.62   26.57
c rst  geom ibes   vs   477  157K    1643   38K   787    5.86    5.78   554   648   40K    80   26.64   26.60
c rst  geom ibes   vs   478  157K    1643   38K   787    5.86    5.78   554   648   40K    80   26.61   26.56
c rst  geom ibes   vs   479  157K    1643   38K   787    5.86    5.78   554   648   41K    80   26.59   26.54
c rst  geom ibes   vs   480  158K    1643   38K   787    5.86    5.78   554   648   41K    80   26.60   26.55
c rst  geom  svd   vs   481  158K    1643   38K   787    5.86    5.78   554   648   42K    80   26.71   26.66
c [distill-long-red0] cls tried: 3/3 T: 0.00 T-out: N T-r: 99.99%
c [distill-long-red1] cls tried: 87/467 T: 0.01 T-out: Y T-r: -2.20%
c rst  geom  svd   vs   482  159K    1643   38K   787    5.86    5.78   554   648   42K    80   26.71   26.66
c rst  geom  svd   vs   483  159K    1643   38K   787    5.86    5.78   554   648   43K    80   26.85   26.80
c rst  geom  svd   vs   484  160K    1643   38K   787    5.86    5.78   554   271   44K    80   26.89   26.85
c rst  geom  svd   vs   485  160K    1643   38K   787    5.86    5.78   554   272   44K    80   27.03   26.98
c [impl-str] lit bin: 0 set-var: 0 T: 0.00 T-out: N T-r: 99.95% w-visit: 3286
c [impl-sub] bin: 1 T: 0.00 T-out: N w-visit: 3286
c rst  geom  svd   vs   486  161K    1643   38K   787    5.86    5.78   554   272   45K    79   26.99   26.95
c rst  geom  svd   vs   487  162K    1643   38K   787    5.86    5.78   554   273   46K    79   27.40   27.36
c rst  geom  svd   vs   488  163K    1643   38K   787    5.86    5.78   554   273   47K    79   27.87   27.83
c [full-probe]  bin_only: 0 set: 1 repl: 0 T: 0.01 T-out: N T-r: 97.38%
c rst  geom  svd   vs   489  164K    1642   38K   787    5.86    5.78   554   273   48K    79   27.92   27.88
c rst  geom  svd   vs   490  165K    1642   38K   787    5.86    5.78   554   276   35K    79   27.31   27.25
c rst  geom best   vs   491  166K    1642   38K   787    5.86    5.78   555   276   36K    79   27.27   27.21
c rst  geom best   vs   492  167K    1642   38K   787    5.86    5.78   555   276   37K    79   27.20   27.15
c rst  geom best   vs   493  169K    1642   38K   787    5.86    5.78   555   276   39K    79   27.10   27.05
c rst  geom best   vs   494  170K    1642   38K   787    5.86    5.78   558   265   40K    79   27.05   27.00
c rst  geom best   vs   495  172K    1642   38K   787    5.86    5.78   558   265   42K    79   26.94   26.90
c rst  geom  stb   vs   496  174K    1642   38K   787    5.86    5.78   558   265   44K    79   27.19   27.14
c [distill-long-red0] cls tried: 4/4 T: 0.00 T-out: N T-r: 99.99%
c [distill-long-red1] cls tried: 87/137 T: 0.01 T-out: Y T-r: -2.21%
c rst  geom  stb   vs   497  176K    1642   38K   787    5.86    5.78   558   265   46K    79   27.43   27.39
c [branch] adjusting to: vmtf (from: vsid) var_decay:0.95 descr: VMTF
c [distill-bin] useful: 0/787/787 lits-rem: 0 cl-rem: 0 0-depth-assigns: 0 T: 0.01 T-out: N
c rst  luby  stb  vmt   498  176K    1642   38K   785    5.86    5.78   558   265   46K    79   27.44   27.39
c rst  luby  stb  vmt   499  176K    1642   38K   785    5.86    5.78   558   265   46K    79   27.43   27.39
c rst  luby  stb  vmt   500  176K    1642   38K   785    5.86    5.78   558   265   46K    79   27.41   27.37
c rst  luby  stb  vmt   501  176K    1642   38K   785    5.86    5.78   558   265   46K    79   27.41   27.37
c rst  luby  stb  vmt   502  176K    1642   38K   785    5.86    5.78   558   265   46K    79   27.44   27.40
c rst  luby  stb  vmt   503  177K    1642   38K   785    5.86    5.78   558   265   47K    79   27.44   27.40
c rst  luby  stb  vmt   504  177K    1642   38K   785    5.86    5.78   558   266   47K    79   27.54   27.49
c rst  luby  stb  vmt   505  177K    1642   38K   785    5.86    5.78   558   266   47K    79   27.53   27.48
c [ccnr] saving best assignment phase to stable_polar
c [ccnr] bumping based on clause weights
c [ccnr] Bumped vars: 101 bump type: 6
c [ccnr] time: 0.40
c rst  luby  stb  vmt   506  177K    1642   38K   785    5.86    5.78   558   268   47K    79   27.52   27.48
c rst  luby  stb  vmt   507  177K    1642   38K   785    5.86    5.78   558   268   47K    79   27.52   27.48
c rst  luby  stb  vmt   508  178K    1642   38K   785    5.86    5.78   558   275   47K    79   27.50   27.46
c rst  luby  stb  vmt   509  178K    1642   38K   785    5.86    5.78   558   276   48K    79   27.49   27.45
c rst  luby  stb  vmt   510  178K    1642   38K   785    5.86    5.78   558   276   48K    79   27.47   27.43
c rst  luby  stb  vmt   511  178K    1642   38K   785    5.86    5.78   558   282   48K    79   27.41   27.37
c rst  luby  stb  vmt   512  179K    1642   38K   785    5.86    5.78   558   293   49K    79   27.31   27.27
c rst  luby ibes  vmt   513  179K    1642   38K   785    5.86    5.78   558   294   49K    79   27.29   27.25
c rst  luby ibes  vmt   514  179K    1642   38K   785    5.86    5.78   558   297   49K    79   27.27   27.23
c [distill] watch-based irred--  cl tried     7386 cl-sh     0 cl-rem    0 lit-rem      0 T: 0.00 T-out: N
c [distill] watch-based   red--  cl tried     1116 cl-sh     2 cl-rem    0 lit-rem      2 T: 0.00 T-out: N
c rst  luby ibes  vmt   515  179K    1642   37K   786    5.86    5.78   558   297   49K    78   27.19   27.16
c rst  luby ibes  vmt   516  180K    1642   37K   786    5.86    5.78   590   290   36K    78   28.40   28.35
c rst  luby ibes  vmt   517  180K    1642   37K   786    5.86    5.78   590   290   36K    78   28.36   28.30
c rst  luby ibes  vmt   518  180K    1642   37K   786    5.86    5.78   590   292   37K    78   28.30   28.24
c rst  luby ibes  vmt   519  180K    1642   37K   786    5.86    5.78   590   296   37K    78   28.18   28.13
c [gauss] XOR-encoding clauses are not detached, so no need to reattach them.
c [g 0] truth-find prop checks  : 1172K
c [g 0] -> of which prop        : 65.70 %
c [g 0] -> of which confl       :  2.00 %
c [g 0] elim called             : 45K
c [g 0] ---> which lead to prop : 55.07 %
c [g 0] ---> which lead to confl:  1.39 %
c [g 0] size: 57    x 474  
c [scc] new: 0 BP 0M T: 0.00
c [vrep] vars 0 lits 0 rem-bin-cls 0 rem-long-cls 0 BP 0M T: 0.01
c [intree] Set 0 vars hyper-added: 7 trans-irred: 0 trans-red: 1 T: 0.01 T-out: N T-r: -1.13%
c [find&init matx] performing matrix init
c [gauss] XOR-encoding clauses are not detached, so no need to reattach them.
c [xor-rem-unconnected] left with 1098 xors from 1098 non-empty xors T: 0.00
c [xor-together] xored together: 1041 orig xors: 1098 new xors: 57 T: 0.00
c [xor-rem-unconnected] left with 57 xors from 57 non-empty xors T: 0.00
c [xor-clean-equiv] removed equivalent xors: 0 left with: 57
c [matrix] unused xors from cleaning: 0
c [matrix] Good   matrix 0 57      x473    density:0.1647  xorlen avg: 77.91
c [matrix] Using 1 matrices recovered from 0 xors T: 0.00 T-out: N
c rst  luby ibes vmt  520   180 K 1642      37K   786 5.86    5.78      590   297   37K    84 28.16   28.10  
c rst  luby ibes vmt  521   181 K 1642      37K   786 5.86    5.78      590   297   37K    84 28.12   28.07  
c rst  luby ibes vmt  522   181 K 1642      37K   786 5.86    5.78      590   300   37K    84 28.08   28.02  
c rst  luby ibes vmt  523   181 K 1642      37K   786 5.86    5.78      590   302   38K    84 28.06   28.00  
c rst  luby ibes vmt  524   181 K 1642      37K   786 5.86    5.78      590   304   38K    84 28.03   27.97  
c rst  luby ibes vmt  525   181 K 1642      37K   786 5.86    5.78      590   305   38K    84 27.96   27.90  
c [g  <0] Disabling GJ-elim in this round.  Usefulness was: 16.1925%  over 86497 calls
c rst  luby ibes vmt  526   182 K 1642      37K   786 5.86    5.78      590   307   38K    84 27.85   27.79  
c rst  luby ibes vmt  527   182 K 1642      37K   786 5.86    5.78      591   317   39K    84 27.62   27.57  
c rst  luby ibes vmt  528   184 K 1642      37K   786 5.86    5.78      591   336   41K    84 27.46   27.41  
c [full-probe]  bin_only: 1 set: 0 repl: 0 T: 0.01 T-out: N T-r: 99.83%
c rst  luby ibes vmt  529   184 K 1642      37K   786 5.86    5.78      592   337   41K    86 27.47   27.42  
c rst  luby ibes vmt  530   184 K 1642      37K   786 5.86    5.78      592   339   41K    86 27.44   27.39  
c rst  luby ibes vmt  531   184 K 1642      37K   786 5.86    5.78      592   340   41K    86 27.40   27.35  
c rst  luby ibes vmt  532   184 K 1642      37K   786 5.86    5.78      592   340   41K    86 27.37   27.32  
c rst  luby ibes vmt  533   185 K 1642      37K   786 5.86    5.78      592   340   41K    86 27.34   27.29  
c rst  luby ibes vmt  534   185 K 1642      37K   786 5.86    5.78      592   346   41K    86 27.28   27.23  
c rst  luby ibes vmt  535   185 K 1642      37K   786 5.86    5.78      592   361   42K    86 27.32   27.27  
c rst  luby ibes vmt  536   185 K 1642      37K   786 5.86    5.78      592   365   42K    86 27.38   27.33  
c rst  luby ibes vmt  537   185 K 1642      37K   786 5.86    5.78      593   370   42K    86 27.41   27.36  
c rst  luby ibes vmt  538   186 K 1642      37K   786 5.86    5.78      594   372   42K    86 27.49   27.44  
c rst  luby ibes vmt  539   186 K 1642      37K   786 5.86    5.78      596   374   42K    86 27.56   27.51  
c rst  luby ibes vmt  540   186 K 1642      37K   786 5.86    5.78      596   379   42K    86 27.59   27.54  
c rst  luby ibes vmt  541   186 K 1642      37K   786 5.86    5.78      596   389   43K    86 27.65   27.61  
c rst  luby svd  vmt  542   186 K 1642      37K   786 5.86    5.78      596   395   43K    86 27.81   27.76  
c rst  luby svd  vmt  543   187 K 1642      37K   786 5.86    5.78      597   426   44K    86 28.17   28.12  
c rst  luby svd  vmt  544   187 K 1642      37K   786 5.86    5.78      597   431   44K    86 28.18   28.13  
c rst  luby svd  vmt  545   187 K 1642      37K   786 5.86    5.78      597   433   44K    86 28.20   28.15  
c rst  luby svd  vmt  546   188 K 1642      37K   786 5.86    5.78      601   442   44K    86 28.19   28.14  
c rst  luby svd  vmt  547   188 K 1642      37K   786 5.86    5.78      602   446   44K    86 28.21   28.16  
c rst  luby svd  vmt  548   188 K 1642      37K   786 5.86    5.78      603   453   44K    86 28.22   28.17  
c rst  luby svd  vmt  549   188 K 1642      37K   786 5.86    5.78      603   461   45K    86 28.24   28.19  
c rst  luby svd  vmt  550   188 K 1642      37K   786 5.86    5.78      603   476   45K    86 28.29   28.25  
c rst  luby svd  vmt  551   188 K 1642      37K   786 5.86    5.78      604   479   45K    86 28.30   28.25  
c rst  luby svd  vmt  552   189 K 1642      37K   786 5.86    5.78      604   483   45K    86 28.32   28.27  
c rst  luby svd  vmt  553   189 K 1642      37K   786 5.86    5.78      604   487   45K    86 28.35   28.30  
c rst  luby svd  vmt  554   189 K 1642      37K   786 5.86    5.78      604   489   45K    86 28.37   28.32  
c [distill-long-red0] cls tried: 47/47 T: 0.01 T-out: N T-r: 99.89%
c [distill-long-red1] cls tried: 93/303 T: 0.01 T-out: Y T-r: -0.73%
c rst  luby svd  vmt  555   189 K 1642      37K   786 5.86    5.78      604   494   46K    86 28.36   28.32  
c rst  luby svd  vmt  556   189 K 1642      37K   786 5.86    5.78      605   500   46K    86 28.36   28.32  
c rst  luby svd  vmt  557   190 K 1642      37K   786 5.86    5.78      807   281   46K    86 28.38   28.33  
c rst  luby svd  vmt  558   190 K 1642      37K   786 5.86    5.78      810   301   47K    86 28.74   28.70  
c rst  luby svd  vmt  559   192 K 1642      37K   786 5.86    5.78      813   343   48K    86 28.73   28.69  
c rst  luby svd  vmt  560   195 K 1642      37K   786 5.86    5.78      908   744   37K    86 29.63   29.57  
c rst  geom best vmt  561   195 K 1642      37K   786 5.86    5.78      908   749   37K    86 29.73   29.67  
c rst  geom best vmt  562   195 K 1642      37K   786 5.86    5.78      908   749   37K    86 29.76   29.70  
c rst  geom best vmt  563   196 K 1642      37K   786 5.86    5.78      908   753   37K    86 29.80   29.74  
c rst  geom best vmt  564   196 K 1642      37K   786 5.86    5.78      908   764   37K    86 29.85   29.79  
c rst  geom best vmt  565   196 K 1642      37K   786 5.86    5.78      908   771   38K    86 29.88   29.82  
c rst  geom best vmt  566   196 K 1642      37K   786 5.86    5.78      909   792   38K    86 29.93   29.87  
c [distill-bin] useful: 0/786/786 lits-rem: 0 cl-rem: 0 0-depth-assigns: 0 T: 0.01 T-out: N
c rst  geom best vmt  567   196 K 1642      37K   786 5.86    5.78      910   808   38K    86 30.01   29.95  
c rst  geom best vmt  568   196 K 1642      37K   786 5.86    5.78      914   813   38K    86 30.03   29.97  
c rst  geom best vmt  569   197 K 1642      37K   786 5.86    5.78      914   817   38K    86 30.07   30.01  
c rst  geom best vmt  570   197 K 1642      37K   786 5.86    5.78      918   838   39K    86 30.08   30.02  
c rst  geom best vmt  571   197 K 1642      37K   786 5.86    5.78      921   846   39K    86 30.08   30.02  
c rst  geom best vmt  572   198 K 1642      37K   786 5.86    5.78      924   870   39K    86 30.16   30.10  
c [branch] adjusting to: vsid (from: vmtf) var_decay:0.95 descr: VSIDS
c rst  geom best vs   573   198 K 1642      37K   786 5.86    5.78      924   872   39K    86 30.21   30.15  
c rst  geom best vs   574   198 K 1642      37K   786 5.86    5.78      924   876   39K    86 30.24   30.18  
c rst  geom best vs   575   198 K 1642      37K   786 5.86    5.78      924   881   40K    86 30.27   30.21  
c rst  geom best vs   576   198 K 1642      37K   786 5.86    5.78      924   882   40K    86 30.32   30.26  
c rst  geom best vs   577   198 K 1642      37K   786 5.86    5.78      924   886   40K    86 30.34   30.28  
c rst  geom best vs   578   198 K 1642      37K   786 5.86    5.78      924   893   40K    86 30.39   30.33  
c rst  geom best vs   579   199 K 1642      37K   786 5.86    5.78      924   895   40K    86 30.40   30.35  
c rst  geom best vs   580   199 K 1642      37K   786 5.86    5.78      924   900   40K    86 30.51   30.45  
c rst  geom best vs   581   199 K 1642      37K   786 5.86    5.78      924   903   41K    86 30.53   30.47  
c rst  geom best vs   582   199 K 1642      37K   786 5.86    5.78      925   906   41K    86 30.52   30.47  
c rst  geom best vs   583   200 K 1642      37K   786 5.86    5.78     1140   698   41K    86 30.59   30.53  
c rst  geom best vs   584   200 K 1642      37K   786 5.86    5.78     1140   703   41K    86 30.63   30.58  
c rst  geom best vs   585   200 K 1642      37K   786 5.86    5.78     1141   711   42K    86 30.76   30.70  
c rst  geom best vs   586   201 K 1642      37K   786 5.86    5.78     1141   719   42K    86 30.89   30.83  
c rst  geom best vs   587   201 K 1642      37K   786 5.86    5.78     1147   724   43K    86 31.02   30.97  
c rst  geom best vs   588   201 K 1642      37K   786 5.86    5.78     1147   730   43K    86 31.03   30.97  
c rst  geom best vs   589   202 K 1642      37K   786 5.86    5.78     1148   733   43K    86 31.24   31.19  
c rst  geom best vs   590   202 K 1642      37K   786 5.86    5.78     1149   742   44K    86 31.35   31.30  
c rst  geom stb  vs   591   203 K 1642      37K   786 5.86    5.78     1149   758   45K    86 31.62   31.56  
c rst  geom stb  vs   592   204 K 1642      37K   786 5.86    5.78     1150   777   45K    86 31.74   31.68  
c rst  geom stb  vs   593   204 K 1642      37K   786 5.86    5.78     1157   804   46K    86 31.80   31.75  
c [distill-long-red0] cls tried: 478/478 T: 0.03 T-out: N T-r: 99.12%
c [distill-long-red1] cls tried: 25/600 T: 0.01 T-out: Y T-r: -1.68%
c [full-probe]  bin_only: 0 set: 0 repl: 0 T: 0.01 T-out: N T-r: 96.73%
c [distill] watch-based irred--  cl tried 7386     cl-sh 0     cl-rem 0    lit-rem 0      T: 0.01 T-out: N
c [distill] watch-based red  --  cl tried 2314     cl-sh 107   cl-rem 0    lit-rem 167    T: 0.00 T-out: N
c rst  geom stb  vs   594   205 K 1642      37K   786 5.86    5.78     1159   818   47K    88 31.95   31.90  
c rst  geom stb  vs   595   206 K 1642      37K   786 5.86    5.78     1159   827   48K    88 32.04   31.98  
c rst  geom stb  vs   596   207 K 1642      37K   786 5.86    5.78     1162   845   49K    88 31.99   31.94  
c rst  geom stb  vs   597   208 K 1642      37K   786 5.86    5.78     1163   861   50K    88 32.02   31.97  
c rst  geom stb  vs   598   209 K 1642      37K   786 5.86    5.78     1164   882   51K    88 32.04   31.99  
c rst  geom stb  vs   599   211 K 1642      37K   786 5.86    5.78     1372  1107   37K    88 32.63   32.57  
c rst  geom ibes vs   600   212 K 1642      37K   786 5.86    5.78     1372  1123   39K    88 33.27   33.20  
c rst  geom ibes vs   601   214 K 1642      37K   786 5.86    5.78     1374  1132   40K    88 33.70   33.64  
c rst  geom ibes vs   602   215 K 1642      37K   786 5.86    5.78     1379  1160   42K    88 34.19   34.13  
c rst  geom ibes vs   603   217 K 1642      37K   786 5.86    5.78     1379  1179   44K    88 34.52   34.46  
c [distill-bin] useful: 0/786/786 lits-rem: 0 cl-rem: 0 0-depth-assigns: 0 T: 0.01 T-out: N
c rst  geom ibes vs   604   219 K 1642      37K   786 5.86    5.78     1381  1199   46K    88 34.91   34.85  
c rst  geom svd  vs   605   221 K 1642      37K   786 5.86    5.78     1510  1086   48K    88 35.74   35.68  
c [distill-long-red0] cls tried: 457/457 T: 0.04 T-out: N T-r: 99.03%
c [distill-long-red1] cls tried: 50/865 T: 0.01 T-out: Y T-r: -3.43%
c [impl-str] lit bin: 0 set-var: 0 T: 0.00 T-out: N T-r: 99.95% w-visit: 3286
c [impl-sub] bin: 4 T: 0.00 T-out: N w-visit: 3286
c [ccnr] saving best assignment phase to stable_polar
c [ccnr] bumping based on var unsat frequency: conflict_ct
c [ccnr] Bumped vars: 1643 bump type: 6
c [ccnr] time: 0.40
c rst  geom svd  vs   606   224 K 1642      37K   786 5.86    5.78     1511  1099   50K    84 35.77   35.72  
c [branch] adjusting to: vmtf (from: vsid) var_decay:0.95 descr: VMTF
c rst  luby svd  vmt  607   224 K 1642      37K   786 5.86    5.78     1534  1136   50K    86 35.73   35.68  
c rst  luby svd  vmt  608   224 K 1642      37K   786 5.86    5.78     1535  1141   51K    86 35.74   35.68  
c rst  luby svd  vmt  609   224 K 1642      37K   786 5.86    5.78     1536  1146   51K    86 35.72   35.67  
c rst  luby svd  vmt  610   224 K 1642      37K   786 5.86    5.78     1536  1147   51K    86 35.73   35.67  
c rst  luby svd  vmt  611   224 K 1642      37K   786 5.86    5.78     1536  1149   51K    86 35.73   35.68  
c [full-probe]  bin_only: 1 set: 0 repl: 0 T: 0.01 T-out: N T-r: 99.62%
c rst  luby svd  vmt  612   225 K 1642      37K   786 5.86    5.78     1559  1457   37K    88 39.06   38.98  
c rst  luby svd  vmt  613   225 K 1642      37K   786 5.86    5.78     1559  1458   37K    88 38.98   38.90  
c rst  luby svd  vmt  614   225 K 1642      37K   786 5.86    5.78     1559  1461   37K    88 38.97   38.89  
c rst  luby svd  vmt  615   225 K 1642      37K   786 5.86    5.78     1559  1462   37K    88 38.95   38.87  
c rst  luby svd  vmt  616   225 K 1642      37K   786 5.86    5.78     1560  1463   38K    88 38.92   38.84  
c rst  luby svd  vmt  617   226 K 1642      37K   786 5.86    5.78     1560  1464   38K    88 38.90   38.82  
c rst  luby svd  vmt  618   226 K 1642      37K   786 5.86    5.78     1560  1464   38K    88 38.88   38.80  
c rst  luby svd  vmt  619   226 K 1642      37K   786 5.86    5.78     1560  1468   38K    88 38.84   38.76  
c rst  luby svd  vmt  620   226 K 1642      37K   786 5.86    5.78     1560  1474   38K    88 38.76   38.68  
c rst  luby svd  vmt  621   227 K 1642      37K   786 5.86    5.78     1560  1476   39K    88 38.52   38.44  
c rst  geom best vmt  622   227 K 1642      37K   786 5.86    5.78     1560  1478   39K    88 38.53   38.46  
c rst  geom best vmt  623   227 K 1642      37K   786 5.86    5.78     1560  1479   40K    88 38.50   38.42  
c rst  geom best vmt  624   227 K 1642      37K   786 5.86    5.78     1560  1482   40K    88 38.49   38.41  
c rst  geom best vmt  625   228 K 1642      37K   786 5.86    5.78     1560  1485   40K    88 38.54   38.46  
c rst  geom best vmt  626   228 K 1642      37K   786 5.86    5.78     1560  1489   40K    88 38.58   38.51  
c rst  geom best vmt  627   228 K 1642      37K   786 5.86    5.78     1560  1491   40K    88 38.59   38.51  
c rst  geom best vmt  628   228 K 1642      37K   786 5.86    5.78     1561  1493   40K    88 38.61   38.53  
c rst  geom best vmt  629   228 K 1642      37K   786 5.86    5.78     1561  1494   41K    88 38.59   38.52  
c rst  geom best vmt  630   229 K 1642      37K   786 5.86    5.78     1561  1497   41K    88 38.66   38.58  
c rst  geom best vmt  631   229 K 1642      37K   786 5.86    5.78     1561  1500   41K    88 38.62   38.55  
c rst  geom best vmt  632   229 K 1642      37K   786 5.86    5.78     1561  1507   41K    88 38.64   38.57  
c rst  geom best vmt  633   229 K 1642      37K   786 5.86    5.78     1561  1508   42K    88 38.71   38.64  
c rst  geom best vmt  634   230 K 1642      37K   786 5.86    5.78     1700  1371   42K    88 38.70   38.63  
c [distill] watch-based irred--  cl tried 7386     cl-sh 0     cl-rem 0    lit-rem 0      T: 0.00 T-out: N
c [distill] watch-based red  --  cl tried 3400     cl-sh 203   cl-rem 0    lit-rem 439    T: 0.00 T-out: N
c rst  geom best vmt  635   230 K 1642      37K   786 5.86    5.78     1701  1372   42K    88 38.67   38.60  
c rst  geom best vmt  636   231 K 1642      37K   786 5.86    5.78     1702  1385   43K    88 38.65   38.58  
c rst  geom best vmt  637   231 K 1642      37K   786 5.86    5.78     1702  1394   43K    88 38.60   38.53  
c rst  geom best vmt  638   231 K 1642      37K   786 5.86    5.78     1703  1409   44K    88 38.56   38.49  
c rst  geom best vmt  639   232 K 1642      37K   786 5.86    5.78     1703  1418   44K    88 38.56   38.49  
c rst  geom best vmt  640   233 K 1642      37K   786 5.86    5.78     1703  1422   45K    88 38.68   38.62  
c rst  geom best vmt  641   233 K 1642      37K   786 5.86    5.78     1703  1439   45K    88 38.74   38.67  
c rst  geom best vmt  642   234 K 1642      37K   786 5.86    5.78     1704  1449   46K    88 38.75   38.68  
c rst  geom best vmt  643   235 K 1642      37K   786 5.86    5.78     1707  1471   47K    88 38.70   38.64  
c rst  geom stb  vmt  644   236 K 1642      37K   786 5.86    5.78     1708  1500   48K    88 38.70   38.63  
c rst  geom stb  vmt  645   237 K 1642      37K   786 5.86    5.78     1708  1524   49K    88 38.87   38.81  
c [distill-long-red0] cls tried: 298/298 T: 0.03 T-out: N T-r: 99.20%
c [distill-long-red1] cls tried: 40/1256 T: 0.02 T-out: Y T-r: -9.23%
c rst  geom stb  vmt  646   238 K 1642      37K   786 5.86    5.78     1709  1546   50K    88 38.80   38.74  
c [distill-bin] useful: 0/786/786 lits-rem: 0 cl-rem: 0 0-depth-assigns: 0 T: 0.01 T-out: N
c rst  geom stb  vmt  647   239 K 1642      37K   786 5.86    5.78     1711  1576   51K    88 38.70   38.64  
c rst  geom stb  vmt  648   240 K 1642      37K   786 5.86    5.78     1917  1917   37K    88 37.59   37.52  
c rst  geom stb  vmt  649   242 K 1642      37K   786 5.86    5.78     1919  1952   38K    88 37.54   37.47  
c rst  geom stb  vmt  650   243 K 1642      37K   786 5.86    5.78     1920  1978   40K    88 37.53   37.46  
c rst  geom ibes vmt  651   244 K 1642      37K   786 5.86    5.78     1920  1983   40K    88 37.71   37.64  
c recursive minimization cost OK: 537Kcost/(% lits removed)
c [gauss] XOR-encoding clauses are not detached, so no need to reattach them.
c [g 0] truth-find prop checks  : 62K
c [g 0] -> of which prop        : 14.05 %
c [g 0] -> of which confl       :  0.78 %
c [g 0] elim called             : 12182
c [g 0] ---> which lead to prop : 37.37 %
c [g 0] ---> which lead to confl:  1.26 %
c [g 0] size: 57    x 473  
c --> Executing strategy token: scc-vrepl
c [scc] new: 1 BP 0M T: 0.00
c [vrep] vars 1 lits 2010 rem-bin-cls 6 rem-long-cls 0 BP 0M T: 0.01
c --> Executing strategy token: sub-impl
c [impl-sub] bin: 3 T: 0.00 T-out: N w-visit: 3286
c --> Executing strategy token: breakid
c --> Executing OCC strategy token(s): 'occ-backw-sub-str,occ-clean-implicit,occ-bve,occ-bva,occ-ternary-res,occ-xor,'
c [occ] mem usage for occur 3      MB
c [occ] Linked in IRRED BIN by default: 785
c [occ] Linked in RED   BIN by default: 82
c [occ] mem usage for occur 0      MB
c Mem for watch alloc      : 11          MB (22.84     %)
c Mem for watch array      : 0           MB (0.15      %)
c --> Executing OCC strategy token: occ-backw-sub-str
c [occ-backw-sub-str-long-w-bins] subs: 0 str: 373 tried: 7650 0-depth ass: 0 T: 0.00 T-out: N T-r: 98.83%
c [occ-backw-sub-long-w-long] rem cl: 263 tried: 82501/82501 (100.0%) T: 0.04 T-out: N T-r: 87.99%
c [occ-backw-sub-str-long-w-long] sub: 9 str: 25 tried: 247503/82501 (300.0)  T: 0.25 T-out: N T-r: 63.90%
c --> Executing OCC strategy token: occ-clean-implicit
c --> Executing OCC strategy token: occ-bve
c [occ-empty-res] Empty resolvent elimed: 0 T: 0.00 T-out: N
c [occ-bve] iter v-elim 0
c cl_inc_rate=1.0, var_dec_rate=1.0 (grow=0)
c Reduced to 1641 vars, 38758 cls (grow=0)
c [occ-bve] iter v-elim 0
c cl_inc_rate=1.0, var_dec_rate=1.0 (grow=8)
c Reduced to 1641 vars, 38758 cls (grow=8)
c [occ-bve] iter v-elim 0
c cl_inc_rate=1.0, var_dec_rate=1.0 (grow=16)
c Reduced to 1641 vars, 38758 cls (grow=16)
c x n vars       : 1641
c #try to eliminate:  4923
c #var-elim        :     0
c #T-o: N
c #T-r: 99.98%
c #T  : 0.41
c [occur] 0.05 is overhead
c [occur] link-in T: 0.05 cleanup T: 0.00
c --> Executing OCC strategy token: occ-bva
c --> Executing OCC strategy token: occ-ternary-res
c [occ-ternary-res] Ternary res-tri: 0 res-bin: 0 sub: 0 str: 0 T: 0.00 T-out: N T-r: 99.77%
c --> Executing OCC strategy token: occ-xor
c [occ-xor] sort occur list T: 0.00
c [xor-clean-equiv] removed equivalent xors: 0 left with: 1089
c [occ-xor] found   1089 avg sz 5.9 min sz  4 max sz  6 T: 0.01 T-out: N T-r: 99.97%
c --> Executing strategy token: card-find
c --> Executing strategy token: cl-consolidate
c Not consolidating memory.
c --> Executing strategy token: scc-vrepl
c [scc] new: 0 BP 0M T: 0.00
c --> Executing strategy token: renumber
c --> Executing strategy token: bosphorus
c --> Executing strategy token: louvain-comms
c [consolidate] mini T: 0.00
c global_timeout_multiplier: 3.9930
c [branch] rebuilding order heap for all branchings. Current branching: vmtf
c [find&init matx] performing matrix init
c [gauss] XOR-encoding clauses are not detached, so no need to reattach them.
c [xor-rem-unconnected] left with 1089 xors from 1089 non-empty xors T: 0.00
c [xor-together] xored together: 1020 orig xors: 1089 new xors: 69 T: 0.00
c [xor-rem-unconnected] left with 69 xors from 69 non-empty xors T: 0.00
c [xor-clean-equiv] removed equivalent xors: 0 left with: 69
c [matrix] unused xors from cleaning: 0
c [matrix] Good   matrix  0     69 x  491  density:0.1307  xorlen avg: 64.19
c [matrix] Using 1 matrices recovered from 0 xors T: 0.00 T-out: N
c rst  geom ibes  vmt   652  245K    1641   37K   785    5.86    5.78  1745  1988   41K    82   37.84   37.78
c [full-probe]  bin_only: 0 set: 0 repl: 0 T: 0.02 T-out: N T-r: 95.48%
c rst  geom ibes  vmt   653  247K    1641   37K   785    5.86    5.78  1745  1992   43K    82   37.47   37.41
c [gauss] XOR-encoding clauses are not detached, so no need to reattach them.
c [g 0] truth-find prop checks  : 79K
c [g 0] -> of which prop        : 67.67 %
c [g 0] -> of which confl       :  1.69 %
c [g 0] elim called             : 3325
c [g 0] ---> which lead to prop : 98.65 %
c [g 0] ---> which lead to confl:  2.68 %
c [g 0] size: 69    x 491  
c [scc] new: 0 BP 0M T: 0.00
c [vrep] vars 0 lits 0 rem-bin-cls 0 rem-long-cls 0 BP 0M T: 0.01
c [intree] Set 0 vars hyper-added: 0 trans-irred: 0 trans-red: 0 T: 0.02 T-out: N T-r: 0.24%
c [find&init matx] performing matrix init
c [gauss] XOR-encoding clauses are not detached, so no need to reattach them.
c [xor-rem-unconnected] left with 1089 xors from 1089 non-empty xors T: 0.00
c [xor-together] xored together: 1020 orig xors: 1089 new xors: 69 T: 0.00
c [xor-rem-unconnected] left with 69 xors from 69 non-empty xors T: 0.00
c [xor-clean-equiv] removed equivalent xors: 0 left with: 69
c [matrix] unused xors from cleaning: 0
c [matrix] Good   matrix 0 69      x491    density:0.1307  xorlen avg: 64.19
c [matrix] Using 1 matrices recovered from 0 xors T: 0.00 T-out: N
c rst  geom ibes vmt  654   249 K 1641      37K   785 5.86    5.78     1745  1996   45K    82 37.39   37.33  
c rst  geom ibes vmt  655   251 K 1641      37K   785 5.86    5.78     1758  1941   47K    82 36.97   36.92  
c [branch] adjusting to: vsid (from: vmtf) var_decay:0.95 descr: VSIDS
c rst  geom svd  vs   656   251 K 1641      37K   785 5.86    5.78     1758  1941   47K    82 36.99   36.93  
c rst  geom svd  vs   657   251 K 1641      37K   785 5.86    5.78     1759  1944   48K    82 36.98   36.92  
c rst  geom svd  vs   658   251 K 1641      37K   785 5.86    5.78     1759  1944   48K    82 36.99   36.94  
c rst  geom svd  vs   659   251 K 1641      37K   785 5.86    5.78     1759  1945   48K    82 37.01   36.96  
c rst  geom svd  vs   660   252 K 1641      37K   785 5.86    5.78     1759  1945   48K    82 37.07   37.01  
c rst  geom svd  vs   661   252 K 1641      37K   785 5.86    5.78     1759  1946   48K    82 37.07   37.02  
c [distill-long-red0] cls tried: 294/294 T: 0.03 T-out: N T-r: 99.26%
c [distill-long-red1] cls tried: 37/1677 T: 0.01 T-out: Y T-r: -3.75%
c rst  geom svd  vs   662   252 K 1641      37K   785 5.86    5.78     1759  1946   48K    82 37.14   37.09  
c rst  geom svd  vs   663   252 K 1641      37K   785 5.86    5.78     1760  1949   49K    82 37.16   37.10  
c rst  geom svd  vs   664   252 K 1641      37K   785 5.86    5.78     1760  1949   49K    82 37.16   37.10  
c rst  geom svd  vs   665   253 K 1641      37K   785 5.86    5.78     1760  1950   49K    82 37.17   37.11  
c rst  geom svd  vs   666   253 K 1641      37K   785 5.86    5.78     1760  1955   49K    82 37.20   37.15  
c rst  geom svd  vs   667   253 K 1641      37K   785 5.86    5.78     1760  1955   50K    82 37.23   37.17  
c rst  geom svd  vs   668   254 K 1641      37K   785 5.86    5.78     1760  1955   50K    82 37.24   37.19  
c rst  geom svd  vs   669   254 K 1641      37K   785 5.86    5.78     1760  1956   50K    82 37.23   37.18  
c rst  geom svd  vs   670   254 K 1641      37K   785 5.86    5.78     1760  1956   51K    82 37.21   37.16  
c rst  geom svd  vs   671   255 K 1641      37K   785 5.86    5.78     1762  2007   37K    82 35.40   35.33  
c [distill] watch-based irred--  cl tried 7962     cl-sh 0     cl-rem 0    lit-rem 0      T: 0.01 T-out: N
c [distill] watch-based red  --  cl tried 3524     cl-sh 43    cl-rem 0    lit-rem 87     T: 0.00 T-out: N
c rst  geom svd  vs   672   255 K 1641      37K   785 5.86    5.78     1762  2007   38K    82 35.46   35.40  
c rst  geom svd  vs   673   256 K 1641      37K   785 5.86    5.78     1762  2009   38K    82 35.39   35.33  
c rst  geom svd  vs   674   256 K 1641      37K   785 5.86    5.78     1762  2015   39K    82 35.26   35.20  
c rst  geom svd  vs   675   257 K 1641      37K   785 5.86    5.78     1762  2016   39K    82 35.29   35.23  
c rst  geom svd  vs   676   258 K 1641      37K   785 5.86    5.78     1762  2018   40K    82 35.28   35.22  
c [distill-bin] useful: 0/785/785 lits-rem: 0 cl-rem: 0 0-depth-assigns: 0 T: 0.01 T-out: N
c rst  geom svd  vs   677   259 K 1641      37K   785 5.86    5.78     1762  2021   41K    82 35.30   35.23  
c rst  geom best vs   678   260 K 1641      37K   785 5.86    5.78     1791  1798   42K    82 35.07   35.01  
c rst  geom best vs   679   261 K 1641      37K   785 5.86    5.78     1791  1800   43K    82 34.85   34.79  
c rst  geom best vs   680   262 K 1641      37K   785 5.86    5.78     1791  1801   44K    82 34.91   34.86  
c rst  geom best vs   681   263 K 1641      37K   785 5.86    5.78     1791  1801   45K    82 34.97   34.91  
c rst  geom best vs   682   264 K 1641      37K   785 5.86    5.78     1791  1801   46K    82 34.94   34.89  
c rst  geom best vs   683   265 K 1641      37K   785 5.86    5.78     1791  1802   48K    82 35.05   35.00  
c [full-probe]  bin_only: 1 set: 0 repl: 0 T: 0.01 T-out: N T-r: 99.65%
c [ccnr] saving best assignment phase to stable_polar
c [ccnr] bumping based on var unsat frequency: conflict_ct
c [ccnr] Bumped vars: 1643 bump type: 6
c [ccnr] time: 0.40
c rst  geom best vs   684   267 K 1641      37K   785 5.86    5.78     1791  1802   49K    82 34.71   34.66  
c [distill-long-red0] cls tried: 74/74 T: 0.01 T-out: N T-r: 99.83%
c [distill-long-red1] cls tried: 46/1556 T: 0.01 T-out: Y T-r: -4.74%
c rst  geom stb  vs   685   269 K 1641      37K   785 5.86    5.78     1791  1802   51K    82 34.61   34.56  
c rst  geom stb  vs   686   270 K 1641      37K   785 5.86    5.78     1801  1747   38K    82 32.68   32.62  
c rst  geom stb  vs   687   273 K 1641      37K   785 5.86    5.78     1801  1748   40K    82 32.87   32.81  
c rst  geom stb  vs   688   275 K 1641      37K   785 5.86    5.78     1801  1748   42K    82 32.63   32.58  
c rst  geom ibes vs   689   277 K 1641      37K   785 5.86    5.78     1801  1751   45K    82 32.55   32.49  
c rst  geom ibes vs   690   280 K 1641      37K   785 5.86    5.78     1814  1694   48K    82 32.01   31.97  
c [distill-bin] useful: 0/785/785 lits-rem: 0 cl-rem: 0 0-depth-assigns: 0 T: 0.02 T-out: N
c [distill] watch-based irred--  cl tried 7962     cl-sh 0     cl-rem 0    lit-rem 0      T: 0.01 T-out: N
c [distill] watch-based red  --  cl tried 3628     cl-sh 14    cl-rem 0    lit-rem 35     T: 0.00 T-out: N
c rst  geom ibes vs   691   283 K 1641      37K   785 5.86    5.78     1814  1695   51K    82 32.00   31.95  
c [branch] adjusting to: vmtf (from: vsid) var_decay:0.95 descr: VMTF
c [distill-long-red0] cls tried: 27/27 T: 0.00 T-out: N T-r: 99.94%
c [distill-long-red1] cls tried: 60/1416 T: 0.01 T-out: Y T-r: -3.36%
c [impl-str] lit bin: 0 set-var: 0 T: 0.00 T-out: N T-r: 99.95% w-visit: 3286
c [impl-sub] bin: 0 T: 0.00 T-out: N w-visit: 3286
c rst  luby svd  vmt  692   283 K 1641      37K   785 5.86    5.78     1819  1704   51K    83 32.02   31.97  
c rst  luby svd  vmt  693   283 K 1641      37K   785 5.86    5.78     1819  1705   51K    83 32.04   32.00  
c rst  luby svd  vmt  694   283 K 1641      37K   785 5.86    5.78     1819  1705   51K    83 32.09   32.05  
c rst  luby svd  vmt  695   284 K 1641      37K   785 5.86    5.78     1819  1705   51K    83 32.10   32.05  
c rst  luby svd  vmt  696   284 K 1641      37K   785 5.86    5.78     1819  1705   51K    83 32.12   32.08  
c rst  luby svd  vmt  697   284 K 1641      37K   785 5.86    5.78     1819  1705   51K    83 32.16   32.11  
c rst  luby svd  vmt  698   284 K 1641      37K   785 5.86    5.78     1819  1708   52K    83 32.18   32.13  
c rst  luby svd  vmt  699   284 K 1641      37K   785 5.86    5.78     1819  1708   52K    83 32.19   32.15  
c rst  luby svd  vmt  700   284 K 1641      37K   785 5.86    5.78     1819  1708   52K    83 32.23   32.19  
c rst  luby svd  vmt  701   285 K 1641      37K   785 5.86    5.78     1820  1737   37K    83 30.37   30.31  
c rst  luby svd  vmt  702   285 K 1641      37K   785 5.86    5.78     1820  1737   38K    83 30.41   30.35  
c rst  luby svd  vmt  703   285 K 1641      37K   785 5.86    5.78     1820  1740   38K    83 30.41   30.36  
c rst  luby svd  vmt  704   285 K 1641      37K   785 5.86    5.78     1820  1740   38K    83 30.49   30.44  
c rst  luby svd  vmt  705   285 K 1641      37K   785 5.86    5.78     1820  1740   38K    83 30.66   30.60  
c [full-probe]  bin_only: 0 set: 0 repl: 0 T: 0.01 T-out: N T-r: 97.92%
c rst  luby svd  vmt  706   286 K 1641      37K   785 5.86    5.78     1820  1743   39K    83 30.84   30.79  
c rst  luby svd  vmt  707   286 K 1641      37K   785 5.86    5.78     1820  1743   39K    83 30.88   30.82  
c rst  luby svd  vmt  708   286 K 1641      37K   785 5.86    5.78     1820  1743   39K    83 30.90   30.85  
c rst  luby svd  vmt  709   287 K 1641      37K   785 5.86    5.78     1820  1743   39K    83 30.95   30.90  
c rst  luby svd  vmt  710   287 K 1641      37K   785 5.86    5.78     1820  1743   40K    83 30.99   30.94  
c rst  luby svd  vmt  711   287 K 1641      37K   785 5.86    5.78     1820  1743   40K    83 30.99   30.94  
c rst  luby svd  vmt  712   287 K 1641      37K   785 5.86    5.78     1820  1743   40K    83 31.06   31.01  
c rst  luby svd  vmt  713   287 K 1641      37K   785 5.86    5.78     1820  1743   40K    83 31.11   31.06  
c rst  luby svd  vmt  714   288 K 1641      37K   785 5.86    5.78     1820  1743   40K    83 31.10   31.05  
c rst  luby svd  vmt  715   288 K 1641      37K   785 5.86    5.78     1820  1743   40K    83 31.09   31.04  
c rst  luby svd  vmt  716   288 K 1641      37K   785 5.86    5.78     1820  1744   41K    83 31.05   31.00  
c rst  luby svd  vmt  717   288 K 1641      37K   785 5.86    5.78     1820  1744   41K    83 31.04   30.98  
c rst  luby svd  vmt  718   288 K 1641      37K   785 5.86    5.78     1820  1744   41K    83 31.02   30.96  
c rst  luby svd  vmt  719   288 K 1641      37K   785 5.86    5.78     1820  1744   41K    83 30.98   30.92  
c rst  luby svd  vmt  720   289 K 1641      37K   785 5.86    5.78     1820  1744   41K    83 30.90   30.84  
c rst  luby svd  vmt  721   289 K 1641      37K   785 5.86    5.78     1820  1744   42K    83 30.75   30.70  
c rst  luby svd  vmt  722   291 K 1641      37K   785 5.86    5.78     1832  1573   44K    83 30.74   30.69  
c rst  geom best vmt  723   291 K 1641      37K   785 5.86    5.78     1832  1573   44K    83 30.72   30.67  
c rst  geom best vmt  724   291 K 1641      37K   785 5.86    5.78     1832  1573   44K    83 30.70   30.65  
c rst  geom best vmt  725   291 K 1641      37K   785 5.86    5.78     1832  1573   44K    83 30.67   30.62  
c rst  geom best vmt  726   292 K 1641      37K   785 5.86    5.78     1832  1573   45K    83 30.63   30.58  
c rst  geom best vmt  727   292 K 1641      37K   785 5.86    5.78     1832  1573   45K    83 30.59   30.54  
c rst  geom best vmt  728   292 K 1641      37K   785 5.86    5.78     1832  1573   45K    83 30.55   30.50  
c rst  geom best vmt  729   292 K 1641      37K   785 5.86    5.78     1832  1574   45K    83 30.55   30.50  
c rst  geom best vmt  730   292 K 1641      37K   785 5.86    5.78     1832  1577   45K    83 30.57   30.52  
c rst  geom best vmt  731   293 K 1641      37K   785 5.86    5.78     1832  1577   46K    83 30.62   30.57  
c rst  geom best vmt  732   293 K 1641      37K   785 5.86    5.78     1834  1578   46K    83 30.63   30.58  
c rst  geom best vmt  733   293 K 1641      37K   785 5.86    5.78     1834  1578   46K    83 30.64   30.59  
c rst  geom best vmt  734   293 K 1641      37K   785 5.86    5.78     1834  1578   46K    83 30.67   30.62  
c rst  geom best vmt  735   294 K 1641      37K   785 5.86    5.78     1834  1578   47K    83 30.67   30.62  
c rst  geom best vmt  736   294 K 1641      37K   785 5.86    5.78     1834  1578   47K    83 30.63   30.58  
c rst  geom best vmt  737   295 K 1641      37K   785 5.86    5.78     1834  1578   48K    83 30.56   30.51  
c rst  geom best vmt  738   295 K 1641      37K   785 5.86    5.78     1834  1578   48K    83 30.60   30.55  
c rst  geom best vmt  739   295 K 1641      37K   785 5.86    5.78     1834  1578   48K    83 30.71   30.66  
c rst  geom best vmt  740   296 K 1641      37K   785 5.86    5.78     1834  1580   49K    83 30.67   30.63  
c rst  geom best vmt  741   297 K 1641      37K   785 5.86    5.78     1834  1580   50K    83 30.73   30.69  
c rst  geom best vmt  742   297 K 1641      37K   785 5.86    5.78     1834  1582   50K    83 30.81   30.77  
c rst  geom best vmt  743   298 K 1641      37K   785 5.86    5.78     1835  1583   51K    83 30.98   30.93  
c rst  geom best vmt  744   299 K 1641      37K   785 5.86    5.78     1835  1583   52K    83 31.11   31.07  
c [distill-long-red0] cls tried: 20/20 T: 0.00 T-out: N T-r: 99.96%
c [distill-long-red1] cls tried: 67/1288 T: 0.02 T-out: Y T-r: -1.66%
c rst  geom best vmt  745   300 K 1641      37K   785 5.86    5.78     1870  1379   37K    83 29.74   29.69  
c rst  geom stb  vmt  746   301 K 1641      37K   785 5.86    5.78     1870  1379   38K    83 29.78   29.72  
c [distill-bin] useful: 0/785/785 lits-rem: 0 cl-rem: 0 0-depth-assigns: 0 T: 0.01 T-out: N
c rst  geom stb  vmt  747   302 K 1641      37K   785 5.86    5.78     1870  1379   39K    83 29.82   29.77  
c rst  geom stb  vmt  748   303 K 1641      37K   785 5.86    5.78     1870  1381   40K    83 29.85   29.79  
c rst  geom stb  vmt  749   304 K 1641      37K   785 5.86    5.78     1871  1390   41K    83 30.22   30.16  
c rst  geom stb  vmt  750   306 K 1641      37K   785 5.86    5.78     1871  1395   42K    83 30.29   30.24  
c [full-probe]  bin_only: 1 set: 0 repl: 0 T: 0.01 T-out: N T-r: 99.82%
c [distill] watch-based irred--  cl tried 7962     cl-sh 0     cl-rem 0    lit-rem 0      T: 0.01 T-out: N
c [distill] watch-based red  --  cl tried 3742     cl-sh 9     cl-rem 0    lit-rem 16     T: 0.00 T-out: N
c rst  geom stb  vmt  751   307 K 1641      37K   785 5.86    5.78     1871  1396   44K    83 30.31   30.26  
c rst  geom stb  vmt  752   309 K 1641      37K   785 5.86    5.78     1871  1396   46K    83 30.22   30.17  
c rst  geom ibes vmt  753   311 K 1641      37K   785 5.86    5.78     1878   989   48K    83 29.90   29.85  
c [ccnr] saving best assignment phase to stable_polar
c [ccnr] bumping based on clause weights
c [ccnr] Bumped vars: 101 bump type: 6
c [ccnr] time: 0.42
c rst  geom ibes vmt  754   313 K 1641      37K   785 5.86    5.78     1880  1012   50K    83 29.75   29.71  
c [gauss] XOR-encoding clauses are not detached, so no need to reattach them.
c [g 0] truth-find prop checks  : 1786K
c [g 0] -> of which prop        : 69.83 %
c [g 0] -> of which confl       :  2.01 %
c [g 0] elim called             : 45K
c [g 0] ---> which lead to prop : 95.25 %
c [g 0] ---> which lead to confl:  2.32 %
c [g 0] size: 69    x 491  
c [scc] new: 0 BP 0M T: 0.00
c [vrep] vars 0 lits 0 rem-bin-cls 0 rem-long-cls 0 BP 0M T: 0.01
c [intree] Set 0 vars hyper-added: 2 trans-irred: 0 trans-red: 0 T: 0.01 T-out: N T-r: -1.84%
c [find&init matx] performing matrix init
c [gauss] XOR-encoding clauses are not detached, so no need to reattach them.
c [xor-rem-unconnected] left with 1089 xors from 1089 non-empty xors T: 0.00
c [xor-together] xored together: 1020 orig xors: 1089 new xors: 69 T: 0.00
c [xor-rem-unconnected] left with 69 xors from 69 non-empty xors T: 0.00
c [xor-clean-equiv] removed equivalent xors: 0 left with: 69
c [matrix] unused xors from cleaning: 0
c [matrix] Good   matrix 0 69      x491    density:0.1307  xorlen avg: 64.19
c [matrix] Using 1 matrices recovered from 0 xors T: 0.00 T-out: N
c [g  <0] Disabling GJ-elim in this round.  Usefulness was: 19.8600%  over 166324 calls
c rst  geom ibes vmt  755   315 K 1641      37K   785 5.86    5.78     1889  1162   38K    85 28.69   28.63  
c [branch] adjusting to: vsid (from: vmtf) var_decay:0.95 descr: VSIDS
c [distill-long-red0] cls tried: 54/54 T: 0.00 T-out: N T-r: 99.91%
c [distill-long-red1] cls tried: 118/962 T: 0.01 T-out: Y T-r: -1.77%
c rst  geom ibes vs   756   315 K 1641      37K   785 5.86    5.78     1890  1164   38K    85 28.76   28.70  
c rst  geom ibes vs   757   315 K 1641      37K   785 5.86    5.78     1890  1164   38K    85 28.82   28.76  
c rst  geom ibes vs   758   315 K 1641      37K   785 5.86    5.78     1890  1164   39K    85 28.83   28.77  
c rst  geom ibes vs   759   315 K 1641      37K   785 5.86    5.78     1890  1164   39K    85 28.87   28.81  
c rst  geom ibes vs   760   316 K 1641      37K   785 5.86    5.78     1890  1165   39K    85 28.87   28.82  
c rst  geom ibes vs   761   316 K 1641      37K   785 5.86    5.78     1890  1165   39K    85 28.94   28.88  
c rst  geom ibes vs   762   316 K 1641      37K   785 5.86    5.78     1890  1165   39K    85 28.98   28.93  
c rst  geom ibes vs   763   316 K 1641      37K   785 5.86    5.78     1890  1166   39K    85 29.07   29.02  
c rst  geom ibes vs   764   316 K 1641      37K   785 5.86    5.78     1890  1167   40K    85 29.08   29.03  
c rst  geom ibes vs   765   317 K 1641      37K   785 5.86    5.78     1890  1169   40K    85 29.15   29.10  
c rst  geom ibes vs   766   317 K 1641      37K   785 5.86    5.78     1890  1169   40K    85 29.18   29.13  
c rst  geom svd  vs   767   317 K 1641      37K   785 5.86    5.78     1891  1172   41K    85 29.37   29.31  
c rst  geom svd  vs   768   318 K 1641      37K   785 5.86    5.78     1891  1172   41K    85 29.42   29.37  
c rst  geom svd  vs   769   318 K 1641      37K   785 5.86    5.78     1891  1184   41K    85 29.44   29.39  
c rst  geom svd  vs   770   318 K 1641      37K   785 5.86    5.78     1892  1190   42K    85 29.53   29.48  
c rst  geom svd  vs   771   319 K 1641      37K   785 5.86    5.78     1893  1194   42K    85 29.60   29.55  
c rst  geom svd  vs   772   319 K 1641      37K   785 5.86    5.78     1893  1198   43K    85 29.62   29.57  
c rst  geom svd  vs   773   320 K 1641      37K   785 5.86    5.78     2007   882   43K    85 29.68   29.63  
c rst  geom svd  vs   774   320 K 1641      37K   785 5.86    5.78     2007   889   44K    85 29.66   29.61  
c rst  geom svd  vs   775   321 K 1641      37K   785 5.86    5.78     2007   892   45K    86 29.64   29.59  
c [distill-bin] useful: 0/785/785 lits-rem: 0 cl-rem: 0 0-depth-assigns: 0 T: 0.01 T-out: N
c rst  geom svd  vs   776   322 K 1641      37K   785 5.86    5.78     2007   897   45K    86 29.69   29.64  
c rst  geom svd  vs   777   323 K 1641      37K   785 5.86    5.78     2007   902   46K    86 29.77   29.72  
c rst  geom svd  vs   778   324 K 1641      37K   785 5.86    5.78     2009   911   47K    86 29.73   29.68  
c rst  geom svd  vs   779   324 K 1641      37K   785 5.86    5.78     2011   916   48K    86 29.64   29.59  
c rst  geom svd  vs   780   326 K 1641      37K   785 5.86    5.78     2013   924   49K    86 29.55   29.50  
c [full-probe]  bin_only: 0 set: 1 repl: 0 T: 0.01 T-out: N T-r: 96.89%
c rst  geom best vs   781   327 K 1640      37K   785 5.86    5.78     2014   929   50K    86 29.90   29.85  
c rst  geom best vs   782   328 K 1640      37K   785 5.86    5.78     2015   945   51K    86 30.05   30.00  
c rst  geom best vs   783   329 K 1640      37K   785 5.86    5.78     2016   963   53K    86 30.23   30.19  
c rst  geom best vs   784   331 K 1640      37K   785 5.86    5.78     2201  1127   39K    86 30.21   30.15  
c [distill-long-red0] cls tried: 274/274 T: 0.02 T-out: N T-r: 99.42%
c [distill-long-red1] cls tried: 71/878 T: 0.01 T-out: Y T-r: -1.82%
c [distill] watch-based irred--  cl tried 7960     cl-sh 0     cl-rem 0    lit-rem 0      T: 0.01 T-out: N
c [distill] watch-based red  --  cl tried 4401     cl-sh 61    cl-rem 1    lit-rem 114    T: 0.00 T-out: N
c rst  geom best vs   785   333 K 1640      37K   784 5.85    5.78     2202  1139   39K    86 30.22   30.16  
c rst  geom best vs   786   334 K 1640      37K   784 5.85    5.78     2202  1157   41K    86 30.42   30.36  
c rst  geom stb  vs   787   337 K 1640      37K   784 5.85    5.78     2202  1170   43K    86 31.22   31.17  
c rst  geom stb  vs   788   339 K 1640      37K   784 5.85    5.78     2202  1184   45K    86 31.52   31.47  
c rst  geom stb  vs   789   341 K 1640      37K   784 5.85    5.78     2273  1134   48K    86 31.77   31.72  
c [distill-bin] useful: 0/784/784 lits-rem: 0 cl-rem: 0 0-depth-assigns: 0 T: 0.01 T-out: N
c rst  geom stb  vs   790   344 K 1640      37K   784 5.85    5.78     2277  1165   51K    86 32.19   32.14  
c [impl-str] lit bin: 0 set-var: 0 T: 0.00 T-out: N T-r: 99.95% w-visit: 3286
c [impl-sub] bin: 2 T: 0.00 T-out: N w-visit: 3286
c rst  geom ibes vs   791   347 K 1640      37K   784 5.85    5.78     2330  1481   39K    84 33.33   33.27  
c [distill-long-red0] cls tried: 179/179 T: 0.02 T-out: N T-r: 99.58%
c [distill-long-red1] cls tried: 54/1162 T: 0.01 T-out: Y T-r: -0.87%
c [full-probe]  bin_only: 1 set: 0 repl: 0 T: 0.01 T-out: N T-r: 99.71%
c rst  geom ibes vs   792   350 K 1640      37K   784 5.85    5.78     2445  1411   43K    84 33.68   33.62  
c rst  geom ibes vs   793   354 K 1640      37K   784 5.85    5.78     2445  1430   46K    84 34.36   34.31  
c [branch] adjusting to: vmtf (from: vsid) var_decay:0.95 descr: VMTF
c rst  luby svd  vmt  794   354 K 1640      37K   784 5.85    5.78     2445  1433   46K    84 34.34   34.29  
c rst  luby svd  vmt  795   354 K 1640      37K   784 5.85    5.78     2446  1435   47K    84 34.32   34.27  
c rst  luby svd  vmt  796   354 K 1640      37K   784 5.85    5.78     2446  1438   47K    84 34.27   34.22  
c rst  luby svd  vmt  797   354 K 1640      37K   784 5.85    5.78     2446  1440   47K    84 34.25   34.20  
c rst  luby svd  vmt  798   355 K 1640      37K   784 5.85    5.78     2446  1440   47K    84 34.22   34.17  
c rst  luby svd  vmt  799   355 K 1640      37K   784 5.85    5.78     2446  1443   47K    84 34.16   34.11  
c [ccnr] saving best assignment phase to stable_polar
c [ccnr] bumping based on var unsat frequency: conflict_ct
c [ccnr] Bumped vars: 1643 bump type: 6
c [ccnr] time: 0.42
c rst  luby svd  vmt  800   355 K 1640      37K   784 5.85    5.78     2465  1638   47K    85 34.17   34.12  
c rst  luby svd  vmt  801   355 K 1640      37K   784 5.85    5.78     2465  1646   47K    85 34.18   34.13  
c rst  luby svd  vmt  802   355 K 1640      37K   784 5.85    5.78     2465  1651   48K    85 34.20   34.15  
c rst  luby svd  vmt  803   356 K 1640      37K   784 5.85    5.78     2465  1657   48K    85 34.20   34.15  
c rst  luby svd  vmt  804   356 K 1640      37K   784 5.85    5.78     2465  1658   48K    85 34.20   34.15  
c rst  luby svd  vmt  805   356 K 1640      37K   784 5.85    5.78     2466  1659   48K    85 34.20   34.15  
c rst  luby svd  vmt  806   356 K 1640      37K   784 5.85    5.78     2466  1661   48K    85 34.17   34.12  
c [distill] watch-based irred--  cl tried 7960     cl-sh 1     cl-rem 0    lit-rem 1      T: 0.01 T-out: N
c [distill] watch-based red  --  cl tried 4931     cl-sh 77    cl-rem 2    lit-rem 151    T: 0.01 T-out: N
c rst  luby svd  vmt  807   356 K 1640      37K   785 5.85    5.78     2464  1664   49K    85 34.20   34.15  
c rst  luby svd  vmt  808   357 K 1640      37K   785 5.85    5.78     2464  1677   49K    85 34.17   34.12  
c rst  luby svd  vmt  809   357 K 1640      37K   785 5.85    5.78     2464  1681   49K    85 34.16   34.11  
c rst  luby svd  vmt  810   357 K 1640      37K   785 5.85    5.78     2464  1685   50K    85 34.16   34.11  
c rst  luby svd  vmt  811   358 K 1640      37K   785 5.85    5.78     2464  1688   50K    85 34.14   34.09  
c rst  luby svd  vmt  812   358 K 1640      37K   785 5.85    5.78     2464  1690   50K    85 34.12   34.07  
c rst  luby svd  vmt  813   358 K 1640      37K   785 5.85    5.78     2464  1691   50K    85 34.11   34.06  
c rst  luby svd  vmt  814   358 K 1640      37K   785 5.85    5.78     2465  1693   50K    85 34.09   34.04  
c rst  luby svd  vmt  815   358 K 1640      37K   785 5.85    5.78     2466  1701   50K    85 34.08   34.03  
c rst  luby svd  vmt  816   358 K 1640      37K   785 5.85    5.78     2466  1702   51K    85 34.07   34.02  
c rst  luby svd  vmt  817   359 K 1640      37K   785 5.85    5.78     2466  1702   51K    85 34.06   34.01  
c rst  luby svd  vmt  818   359 K 1640      37K   785 5.85    5.78     2466  1702   51K    85 34.06   34.01  
c rst  luby svd  vmt  819   359 K 1640      37K   785 5.85    5.78     2466  1702   51K    85 34.05   34.00  
c rst  luby svd  vmt  820   359 K 1640      37K   785 5.85    5.78     2466  1703   51K    85 34.04   33.99  
c rst  luby svd  vmt  821   359 K 1640      37K   785 5.85    5.78     2466  1708   51K    85 34.01   33.97  
c rst  luby svd  vmt  822   360 K 1640      37K   785 5.85    5.78     2807  1859   37K    85 35.17   35.11  
c rst  luby svd  vmt  823   360 K 1640      37K   785 5.85    5.78     2818  2014   37K    85 34.88   34.82  
c rst  luby svd  vmt  824   362 K 1640      37K   785 5.85    5.78     2818  2024   39K    85 34.35   34.29  
c [distill-bin] useful: 0/785/785 lits-rem: 0 cl-rem: 0 0-depth-assigns: 0 T: 0.01 T-out: N
c rst  luby svd  vmt  825   362 K 1640      37K   785 5.85    5.78     2818  2028   39K    85 34.35   34.29  
c [distill-long-red0] cls tried: 493/493 T: 0.06 T-out: N T-r: 98.63%
c [distill-long-red1] cls tried: 141/1674 T: 0.02 T-out: Y T-r: -0.68%
c rst  luby svd  vmt  826   362 K 1640      37K   785 5.85    5.78     2818  2032   39K    85 34.27   34.21  
c rst  luby svd  vmt  827   362 K 1640      37K   785 5.85    5.78     2818  2036   39K    85 34.19   34.13  
c rst  luby svd  vmt  828   362 K 1640      37K   785 5.85    5.78     2818  2038   40K    85 34.17   34.11  
c rst  luby svd  vmt  829   363 K 1640      37K   785 5.85    5.78     2818  2039   40K    85 34.15   34.09  
c rst  geom best vmt  830   363 K 1640      37K   785 5.85    5.78     2818  2040   40K    85 34.11   34.05  
c rst  geom best vmt  831   363 K 1640      37K   785 5.85    5.78     2818  2041   40K    85 34.06   34.00  
c rst  geom best vmt  832   363 K 1640      37K   785 5.85    5.78     2818  2045   40K    85 34.02   33.96  
c rst  geom best vmt  833   363 K 1640      37K   785 5.85    5.78     2818  2047   40K    85 33.98   33.92  
c rst  geom best vmt  834   363 K 1640      37K   785 5.85    5.78     2818  2048   40K    85 33.91   33.85  
c rst  geom best vmt  835   363 K 1640      37K   785 5.85    5.78     2818  2049   41K    85 33.84   33.79  
c rst  geom best vmt  836   364 K 1640      37K   785 5.85    5.78     2818  2049   41K    85 33.78   33.72  
c rst  geom best vmt  837   364 K 1640      37K   785 5.85    5.78     2818  2049   41K    85 33.70   33.64  
c rst  geom best vmt  838   364 K 1640      37K   785 5.85    5.78     2818  2049   41K    85 33.63   33.57  
c rst  geom best vmt  839   364 K 1640      37K   785 5.85    5.78     2818  2049   41K    85 33.53   33.48  
c rst  geom best vmt  840   365 K 1640      37K   785 5.85    5.78     2818  2052   42K    85 33.46   33.40  
c rst  geom best vmt  841   365 K 1640      37K   785 5.85    5.78     2818  2052   42K    85 33.33   33.28  
c rst  geom best vmt  842   365 K 1640      37K   785 5.85    5.78     2818  2052   42K    85 33.19   33.13  
c rst  geom best vmt  843   366 K 1640      37K   785 5.85    5.78     2819  2056   43K    85 33.07   33.02  
c rst  geom best vmt  844   366 K 1640      37K   785 5.85    5.78     2819  2056   43K    85 32.90   32.85  
c rst  geom best vmt  845   366 K 1640      37K   785 5.85    5.78     2819  2059   44K    85 32.73   32.68  
c rst  geom best vmt  846   367 K 1640      37K   785 5.85    5.78     2819  2061   44K    85 32.54   32.49  
c rst  geom best vmt  847   368 K 1640      37K   785 5.85    5.78     2822  2075   45K    85 32.37   32.31  
c [full-probe]  bin_only: 0 set: 0 repl: 0 T: 0.02 T-out: N T-r: 95.46%
c rst  geom best vmt  848   368 K 1640      37K   785 5.85    5.78     2822  2079   45K    87 32.16   32.11  
c rst  geom best vmt  849   369 K 1640      37K   785 5.85    5.78     2822  2081   46K    87 31.91   31.86  
c rst  geom best vmt  850   369 K 1640      37K   785 5.85    5.78     2822  2088   47K    87 31.67   31.62  
c rst  geom best vmt  851   370 K 1640      37K   785 5.85    5.78     3603  1298   47K    87 31.38   31.33  
c rst  geom best vmt  852   371 K 1640      37K   785 5.85    5.78     3603  1302   48K    87 31.08   31.03  
c rst  geom best vmt  853   372 K 1640      37K   785 5.85    5.78     3603  1307   49K    87 30.78   30.73  
c rst  geom stb  vmt  854   373 K 1640      37K   785 5.85    5.78     3606  1331   50K    87 30.59   30.54  
c rst  geom stb  vmt  855   374 K 1640      37K   785 5.85    5.78     3606  1348   51K    87 30.48   30.43  
c rst  geom stb  vmt  856   376 K 1640      37K   785 5.85    5.78     4289  1845   38K    87 28.00   27.95  
c rst  geom stb  vmt  857   377 K 1640      37K   785 5.85    5.78     4294  1884   39K    87 27.81   27.77  
c rst  geom stb  vmt  858   379 K 1640      37K   785 5.85    5.78     4298  1941   41K    87 27.94   27.89  
c [distill-long-red0] cls tried: 1335/1335 T: 0.16 T-out: N T-r: 95.98%
c [distill-long-red1] cls tried: 36/1543 T: 0.02 T-out: Y T-r: -2.57%
c [gauss] XOR-encoding clauses are not detached, so no need to reattach them.
c [g 0] truth-find prop checks  : 125K
c [g 0] -> of which prop        : 20.55 %
c [g 0] -> of which confl       :  0.85 %
c [g 0] elim called             : 15108
c [g 0] ---> which lead to prop : 40.43 %
c [g 0] ---> which lead to confl:  1.15 %
c [g 0] size: 69    x 491  
c [scc] new: 1 BP 0M T: 0.00
c [vrep] vars 1 lits 5019 rem-bin-cls 6 rem-long-cls 0 BP 0M T: 0.01
c [scc] new: 0 BP 0M T: 0.00
c [vrep] vars 0 lits 0 rem-bin-cls 0 rem-long-cls 0 BP 0M T: 0.01
c [intree] Set 0 vars hyper-added: 22 trans-irred: 0 trans-red: 0 T: 0.01 T-out: N T-r: -3.15%
c [find&init matx] performing matrix init
c [gauss] XOR-encoding clauses are not detached, so no need to reattach them.
c [xor-rem-unconnected] left with 1089 xors from 1089 non-empty xors T: 0.00
c [xor-together] xored together: 1020 orig xors: 1089 new xors: 69 T: 0.00
c [xor-rem-unconnected] left with 69 xors from 69 non-empty xors T: 0.00
c [xor-clean-equiv] removed equivalent xors: 0 left with: 69
c [matrix] unused xors from cleaning: 0
c [matrix] Good   matrix 0 69      x489    density:0.1310  xorlen avg: 64.07
c [matrix] Using 1 matrices recovered from 0 xors T: 0.00 T-out: N
c [g  <0] Disabling GJ-elim in this round.  Usefulness was: 12.2419%  over 18788 calls
c rst  geom stb  vmt  859   380 K 1639      37K   783 5.85    5.78     4618  1858   42K   107 27.55   27.50  
c rst  geom stb  vmt  860   382 K 1639      37K   783 5.85    5.78     4619  1881   44K   107 27.12   27.07  
c [distill-bin] useful: 0/783/783 lits-rem: 0 cl-rem: 0 0-depth-assigns: 0 T: 0.01 T-out: N
c [distill] watch-based irred--  cl tried 7958     cl-sh 0     cl-rem 0    lit-rem 0      T: 0.01 T-out: N
c [distill] watch-based red  --  cl tried 9237     cl-sh 165   cl-rem 1    lit-rem 282    T: 0.02 T-out: N
c rst  geom ibes vmt  861   384 K 1639      37K   783 5.85    5.78     4619  1888   46K   107 26.67   26.62  
c rst  geom ibes vmt  862   386 K 1639      37K   783 5.85    5.78     4621  1909   48K   107 26.31   26.26  
c rst  geom ibes vmt  863   389 K 1639      37K   783 5.85    5.78     4621  1931   51K   107 25.92   25.88  
c [full-probe]  bin_only: 1 set: 0 repl: 0 T: 0.02 T-out: N T-r: 99.59%
c rst  geom ibes vmt  864   392 K 1639      37K   783 5.85    5.78     4882  2404   39K   107 20.06   20.02  
c rst  geom svd  vmt  865   395 K 1639      37K   783 5.85    5.78     4885  2429   41K   107 19.94   19.90  
c [branch] adjusting to: vsid (from: vmtf) var_decay:0.95 descr: VSIDS
c [distill-long-red0] cls tried: 675/675 T: 0.09 T-out: N T-r: 97.48%
c [distill-long-red1] cls tried: 26/2081 T: 0.02 T-out: Y T-r: -10.01%
c rst  geom svd  vs   866   395 K 1639      37K   783 5.85    5.78     4885  2432   42K   107 20.01   19.97  
c rst  geom svd  vs   867   395 K 1639      37K   783 5.85    5.78     4885  2434   42K   107 20.09   20.05  
c rst  geom svd  vs   868   395 K 1639      37K   783 5.85    5.78     4885  2438   42K   107 20.14   20.10  
c rst  geom svd  vs   869   395 K 1639      37K   783 5.85    5.78     4886  2442   42K   107 20.20   20.17  
c rst  geom svd  vs   870   395 K 1639      37K   783 5.85    5.78     4886  2446   42K   107 20.27   20.23  
c rst  geom svd  vs   871   395 K 1639      37K   783 5.85    5.78     4886  2448   42K   107 20.36   20.32  
c rst  geom svd  vs   872   396 K 1639      37K   783 5.85    5.78     4886  2448   43K   107 20.40   20.36  
c rst  geom svd  vs   873   396 K 1639      37K   783 5.85    5.78     4886  2450   43K   107 20.43   20.39  
c rst  geom svd  vs   874   396 K 1639      37K   783 5.85    5.78     4886  2451   43K   107 20.46   20.43  
c rst  geom svd  vs   875   396 K 1639      37K   783 5.85    5.78     4887  2451   43K   107 20.49   20.46  
c rst  geom svd  vs   876   397 K 1639      37K   783 5.85    5.78     4888  2451   43K   107 20.51   20.48  
c rst  geom svd  vs   877   397 K 1639      37K   783 5.85    5.78     4888  2455   44K   107 20.54   20.50  
c rst  geom svd  vs   878   397 K 1639      37K   783 5.85    5.78     4889  2457   44K   107 20.55   20.51  
c rst  geom svd  vs   879   397 K 1639      37K   783 5.85    5.78     4889  2458   44K   107 20.55   20.51  
c recursive minimization cost OK: 763Kcost/(% lits removed)
c [gauss] XOR-encoding clauses are not detached, so no need to reattach them.
c [g 0] truth-find prop checks  : 13625
c [g 0] -> of which prop        : 14.42 %
c [g 0] -> of which confl       :  0.73 %
c [g 0] elim called             : 1236
c [g 0] ---> which lead to prop : 18.28 %
c [g 0] ---> which lead to confl:  0.81 %
c [g 0] size: 69    x 489  
c --> Executing strategy token: scc-vrepl
c [scc] new: 0 BP 0M T: 0.00
c --> Executing strategy token: sub-impl
c [impl-sub] bin: 6 T: 0.00 T-out: N w-visit: 3286
c --> Executing strategy token: breakid
c --> Executing OCC strategy token(s): 'occ-backw-sub-str,occ-clean-implicit,occ-bve,occ-bva,occ-ternary-res,occ-xor,'
c [occ] mem usage for occur 3      MB
c [occ] Linked in IRRED BIN by default: 783
c [occ] Linked in RED   BIN by default: 101
c [occ] mem usage for occur 0      MB
c Mem for watch alloc      : 14          MB (33.92     %)
c Mem for watch array      : 0           MB (0.18      %)
c --> Executing OCC strategy token: occ-backw-sub-str
c [occ-backw-sub-str-long-w-bins] subs: 0 str: 18 tried: 8534 0-depth ass: 0 T: 0.00 T-out: N T-r: 98.87%
c [occ-backw-sub-long-w-long] rem cl: 209 tried: 89843/89843 (100.0%) T: 0.05 T-out: N T-r: 77.48%
c [occ-backw-sub-str-long-w-long] sub: 2 str: 55 tried: 269529/89843 (300.0)  T: 0.30 T-out: N T-r: 53.01%
c --> Executing OCC strategy token: occ-clean-implicit
c --> Executing OCC strategy token: occ-bve
c [occ-empty-res] Empty resolvent elimed: 0 T: 0.00 T-out: N
c [occ-bve] iter v-elim 0
c cl_inc_rate=1.0, var_dec_rate=1.0 (grow=0)
c Reduced to 1639 vars, 38621 cls (grow=0)
c [occ-bve] iter v-elim 0
c cl_inc_rate=1.0, var_dec_rate=1.0 (grow=8)
c Reduced to 1639 vars, 38621 cls (grow=8)
c [occ-bve] iter v-elim 0
c cl_inc_rate=1.0, var_dec_rate=1.0 (grow=16)
c Reduced to 1639 vars, 38621 cls (grow=16)
c x n vars       : 1639
c #try to eliminate:  4917
c #var-elim        :     0
c #T-o: N
c #T-r: 99.98%
c #T  : 0.59
c [occur] 0.03 is overhead
c [occur] link-in T: 0.03 cleanup T: 0.00
c --> Executing OCC strategy token: occ-bva
c --> Executing OCC strategy token: occ-ternary-res
c [occ-ternary-res] Ternary res-tri: 0 res-bin: 0 sub: 0 str: 0 T: 0.00 T-out: N T-r: 99.77%
c --> Executing OCC strategy token: occ-xor
c [occ-xor] sort occur list T: 0.00
c [xor-clean-equiv] removed equivalent xors: 0 left with: 1074
c [occ-xor] found   1074 avg sz 5.9 min sz  4 max sz  6 T: 0.01 T-out: N T-r: 99.97%
c --> Executing strategy token: card-find
c --> Executing strategy token: cl-consolidate
c Not consolidating memory.
c --> Executing strategy token: scc-vrepl
c [scc] new: 0 BP 0M T: 0.00
c --> Executing strategy token: renumber
c --> Executing strategy token: bosphorus
c --> Executing strategy token: louvain-comms
c [consolidate] mini T: 0.00
c global_timeout_multiplier: 4.3923
c [branch] rebuilding order heap for all branchings. Current branching: vsid
c [find&init matx] performing matrix init
c [gauss] XOR-encoding clauses are not detached, so no need to reattach them.
c [xor-rem-unconnected] left with 1074 xors from 1074 non-empty xors T: 0.00
c [xor-together] xored together: 996 orig xors: 1074 new xors: 78 T: 0.00
c [xor-rem-unconnected] left with 78 xors from 78 non-empty xors T: 0.00
c [xor-clean-equiv] removed equivalent xors: 0 left with: 78
c [matrix] unused xors from cleaning: 0
c [matrix] Good   matrix  0     78 x  510  density:0.1101  xorlen avg: 56.17
c [matrix] Using 1 matrices recovered from 0 xors T: 0.00 T-out: N
c rst  geom  svd   vs   880  398K    1639   37K   783    5.85    5.78  4824  2467   44K   101   20.67   20.64
c rst  geom  svd   vs   881  398K    1639   37K   783    5.85    5.78  4824  2475   45K   101   20.76   20.73
c rst  geom  svd   vs   882  399K    1639   37K   783    5.85    5.78  4824  2477   45K   101   20.86   20.82
c rst  geom  svd   vs   883  399K    1639   37K   783    5.85    5.78  4824  2477   46K   101   20.87   20.83
c [ccnr] saving best assignment phase to stable_polar
c [ccnr] bumping based on var unsat frequency: conflict_ct
c [ccnr] Bumped vars: 1643 bump type: 6
c [ccnr] time: 0.40
c rst  geom  svd   vs   884  400K    1639   37K   783    5.85    5.78  4831  2450   46K   101   21.02   20.98
c rst  geom  svd   vs   885  400K    1639   37K   783    5.85    5.78  4831  2454   47K   101   21.19   21.16
c rst  geom  svd   vs   886  401K    1639   37K   783    5.85    5.78  4831  2454   48K   101   21.34   21.30
c rst  geom best   vs   887  402K    1639   37K   783    5.85    5.78  4831  2455   48K   101   21.50   21.47
c rst  geom best   vs   888  402K    1639   37K   783    5.85    5.78  4831  2461   49K   101   21.74   21.70
c [distill-bin] useful: 0/783/783 lits-rem: 0 cl-rem: 0 0-depth-assigns: 0 T: 0.01 T-out: N
c rst  geom best   vs   889  403K    1639   37K   783    5.85    5.78  4831  2461   50K   101   22.06   22.03
c rst  geom best   vs   890  404K    1639   37K   783    5.85    5.78  4831  2465   51K   101   22.21   22.17
c [impl-str] lit bin: 0 set-var: 0 T: 0.00 T-out: N T-r: 99.95% w-visit: 3286
c [impl-sub] bin: 0 T: 0.00 T-out: N w-visit: 3286
c rst  geom best   vs   891  405K    1639   37K   783    5.85    5.78  4833  2503   38K   101   20.45   20.41
c rst  geom best   vs   892  406K    1639   37K   783    5.85    5.78  4833  2504   39K   101   20.47   20.43
c rst  geom best   vs   893  408K    1639   37K   783    5.85    5.78  4834  2517   40K   101   20.99   20.95
c [distill] watch-based irred--  cl tried     8852 cl-sh    16 cl-rem    8 lit-rem     16 T: 0.02 T-out: N
c [distill] watch-based   red--  cl tried     9667 cl-sh    30 cl-rem    1 lit-rem     62 T: 0.01 T-out: N
c rst  geom best   vs   894  409K    1639   37K   783    5.85    5.77  4836  2517   42K   101   21.30   21.26
c [full-probe]  bin_only: 0 set: 0 repl: 0 T: 0.01 T-out: N T-r: 97.76%
c rst  geom best   vs   895  411K    1639   37K   783    5.85    5.77  4858  2463   43K   101   21.88   21.84
c [distill-long-red0] cls tried: 176/176 T: 0.02 T-out: N T-r: 99.45%
c [distill-long-red1] cls tried: 55/2109 T: 0.02 T-out: Y T-r: -4.39%
c rst  geom  stb   vs   896  412K    1639   37K   783    5.85    5.77  4860  2470   45K   101   22.44   22.41
c rst  geom  stb   vs   897  414K    1639   37K   783    5.85    5.77  4860  2472   47K   101   23.11   23.07
c rst  geom  stb   vs   898  416K    1639   37K   783    5.85    5.77  4860  2475   49K   101   23.67   23.63
c rst  geom  stb   vs   899  418K    1639   37K   783    5.85    5.77  4862  2482   51K   101   24.45   24.41
c rst  geom  stb   vs   900  421K    1639   37K   783    5.85    5.77  4882  2465   39K   101   26.69   26.64
c rst  geom ibes   vs   901  424K    1639   37K   783    5.85    5.77  4882  2468   42K   101   26.98   26.93
c [distill-bin] useful: 0/783/783 lits-rem: 0 cl-rem: 0 0-depth-assigns: 0 T: 0.01 T-out: N
c rst  geom ibes   vs   902  427K    1639   37K   783    5.85    5.77  4882  2481   45K   101   27.43   27.38
c [distill-long-red0] cls tried: 23/23 T: 0.00 T-out: N T-r: 99.96%
c [distill-long-red1] cls tried: 31/2088 T: 0.02 T-out: Y T-r: -8.17%
c rst  geom ibes   vs   903  430K    1639   37K   783    5.85    5.77  4895  2152   48K   101   28.16   28.11
c [full-probe]  bin_only: 1 set: 0 repl: 0 T: 0.01 T-out: N T-r: 99.78%
c rst  geom ibes   vs   904  434K    1639   37K   783    5.85    5.77  4896  2160   52K   101   28.64   28.59
c [distill] watch-based irred--  cl tried     8844 cl-sh     0 cl-rem    0 lit-rem      0 T: 0.01 T-out: N
c [distill] watch-based   red--  cl tried     9792 cl-sh     3 cl-rem    0 lit-rem      3 T: 0.01 T-out: N
c rst  geom  svd   vs   905  438K    1639   37K   783    5.85    5.77  4897  2238   41K   101   31.28   31.22
c [branch] adjusting to: vmtf (from: vsid) var_decay:0.95 descr: VMTF
c rst  luby  svd  vmt   906  438K    1639   37K   783    5.85    5.77  4902  2263   41K   101   31.27   31.21
c rst  luby  svd  vmt   907  438K    1639   37K   783    5.85    5.77  4902  2272   41K   101   31.28   31.22
c rst  luby  svd  vmt   908  438K    1639   37K   783    5.85    5.77  4902  2273   42K   101   31.29   31.23
c rst  luby  svd  vmt   909  438K    1639   37K   783    5.85    5.77  4902  2273   42K   101   31.35   31.29
c rst  luby  svd  vmt   910  438K    1639   37K   783    5.85    5.77  4902  2273   42K   101   31.34   31.28
c rst  luby  svd  vmt   911  438K    1639   37K   783    5.85    5.77  4902  2274   42K   101   31.35   31.29
c rst  luby  svd  vmt   912  439K    1639   37K   783    5.85    5.77  4902  2277   42K   102   31.42   31.36
c rst  luby  svd  vmt   913  439K    1639   37K   783    5.85    5.77  4902  2277   43K   102   31.46   31.40
c rst  luby  svd  vmt   914  439K    1639   37K   783    5.85    5.77  4902  2277   43K   102   31.47   31.41
c rst  luby  svd  vmt   915  439K    1639   37K   783    5.85    5.77  4902  2278   43K   102   31.49   31.43
c rst  luby  svd  vmt   916  439K    1639   37K   783    5.85    5.77  4902  2280   43K   102   31.50   31.44
c rst  luby  svd  vmt   917  439K    1639   37K   783    5.85    5.77  4902  2282   43K   102   31.52   31.46
c rst  luby  svd  vmt   918  440K    1639   37K   783    5.85    5.77  4938  2000   44K   102   31.54   31.48
c rst  luby  svd  vmt   919  440K    1639   37K   783    5.85    5.77  4938  2000   44K   102   31.57   31.51
c rst  luby  svd  vmt   920  441K    1639   37K   783    5.85    5.77  4938  2001   45K   102   31.71   31.65
c rst  luby  svd  vmt   921  441K    1639   37K   783    5.85    5.77  4938  2001   45K   102   31.73   31.67
c rst  luby  svd  vmt   922  441K    1639   37K   783    5.85    5.77  4938  2001   45K   102   31.73   31.68
c rst  luby  svd  vmt   923  441K    1639   37K   783    5.85    5.77  4938  2003   45K   102   31.76   31.70
c rst  luby  svd  vmt   924  441K    1639   37K   783    5.85    5.77  4938  2003   45K   102   31.77   31.71
c rst  luby  svd  vmt   925  441K    1639   37K   783    5.85    5.77  4938  2005   45K   102   31.77   31.72
c rst  luby  svd  vmt   926  442K    1639   37K   783    5.85    5.77  4938  2005   46K   102   31.78   31.72
c rst  luby  svd  vmt   927  442K    1639   37K   783    5.85    5.77  4938  2007   46K   102   31.86   31.80
c [distill-long-red0] cls tried: 57/57 T: 0.01 T-out: N T-r: 99.87%
c [distill-long-red1] cls tried: 48/1815 T: 0.02 T-out: Y T-r: -2.49%
c rst  luby  svd  vmt   928  442K    1639   37K   783    5.85    5.77  4938  2007   46K   102   31.87   31.81
c rst  luby  svd  vmt   929  442K    1639   37K   783    5.85    5.77  4938  2007   46K   102   31.86   31.81
c rst  luby  svd  vmt   930  442K    1639   37K   783    5.85    5.77  4938  2007   46K   102   31.87   31.81
c rst  luby  svd  vmt   931  443K    1639   37K   783    5.85    5.77  4938  2007   46K   102   31.87   31.82
c rst  luby  svd  vmt   932  443K    1639   37K   783    5.85    5.77  4938  2007   47K   102   31.87   31.81
c rst  luby  svd  vmt   933  443K    1639   37K   783    5.85    5.77  4938  2008   47K   102   31.88   31.83
c rst  luby  svd  vmt   934  443K    1639   37K   783    5.85    5.77  4938  2009   47K   102   31.93   31.88
c [ccnr] saving best assignment phase to stable_polar
c [ccnr] bumping based on clause weights
c [ccnr] Bumped vars: 101 bump type: 6
c [ccnr] time: 0.40
c rst  geom best  vmt   935  443K    1639   37K   783    5.85    5.77  4938  2011   47K   102   31.94   31.88
c rst  geom best  vmt   936  443K    1639   37K   783    5.85    5.77  4938  2014   47K   102   31.92   31.86
c rst  geom best  vmt   937  444K    1639   37K   783    5.85    5.77  4938  2017   47K   102   31.91   31.86
c [gauss] XOR-encoding clauses are not detached, so no need to reattach them.
c [g 0] truth-find prop checks  : 1795K
c [g 0] -> of which prop        : 64.68 %
c [g 0] -> of which confl       :  1.32 %
c [g 0] elim called             : 66K
c [g 0] ---> which lead to prop : 117.12 %
c [g 0] ---> which lead to confl:  3.33 %
c [g 0] size: 78    x 510  
c [scc] new: 0 BP 0M T: 0.00
c [vrep] vars 0 lits 0 rem-bin-cls 0 rem-long-cls 0 BP 0M T: 0.01
c [intree] Set 0 vars hyper-added: 2 trans-irred: 0 trans-red: 1 T: 0.01 T-out: N T-r: -0.65%
c [find&init matx] performing matrix init
c [gauss] XOR-encoding clauses are not detached, so no need to reattach them.
c [xor-rem-unconnected] left with 1074 xors from 1074 non-empty xors T: 0.00
c [xor-together] xored together: 996 orig xors: 1074 new xors: 78 T: 0.00
c [xor-rem-unconnected] left with 78 xors from 78 non-empty xors T: 0.00
c [xor-clean-equiv] removed equivalent xors: 0 left with: 78
c [matrix] unused xors from cleaning: 0
c [matrix] Good   matrix 0 78      x510    density:0.1101  xorlen avg: 56.17
c [matrix] Using 1 matrices recovered from 0 xors T: 0.00 T-out: N
c rst  geom best vmt  938   444 K 1639      37K   783 5.85    5.77     4939  2022   48K   103 31.88   31.82  
c [distill-bin] useful: 0/783/783 lits-rem: 0 cl-rem: 0 0-depth-assigns: 0 T: 0.01 T-out: N
c rst  geom best vmt  939   444 K 1639      37K   783 5.85    5.77     4940  2025   48K   103 31.84   31.79  
c rst  geom best vmt  940   444 K 1639      37K   783 5.85    5.77     4940  2030   48K   103 31.84   31.78  
c rst  geom best vmt  941   444 K 1639      37K   783 5.85    5.77     4940  2031   48K   103 31.79   31.74  
c rst  geom best vmt  942   444 K 1639      37K   783 5.85    5.77     4940  2036   48K   103 31.79   31.73  
c rst  geom best vmt  943   445 K 1639      37K   783 5.85    5.77     4940  2040   49K   103 31.77   31.72  
c rst  geom best vmt  944   445 K 1639      37K   783 5.85    5.77     4940  2045   49K   103 31.76   31.70  
c rst  geom best vmt  945   445 K 1639      37K   783 5.85    5.77     4940  2047   49K   103 31.70   31.65  
c rst  geom best vmt  946   446 K 1639      37K   783 5.85    5.77     4941  2051   49K   103 31.68   31.63  
c rst  geom best vmt  947   446 K 1639      37K   783 5.85    5.77     4941  2060   50K   103 31.65   31.60  
c rst  geom best vmt  948   446 K 1639      37K   783 5.85    5.77     4941  2067   50K   103 31.61   31.56  
c rst  geom best vmt  949   447 K 1639      37K   783 5.85    5.77     4941  2069   51K   103 31.57   31.52  
c rst  geom best vmt  950   447 K 1639      37K   783 5.85    5.77     4941  2080   51K   103 31.50   31.45  
c rst  geom best vmt  951   448 K 1639      37K   783 5.85    5.77     4941  2090   51K   103 31.41   31.36  
c rst  geom best vmt  952   448 K 1639      37K   783 5.85    5.77     4941  2100   52K   103 31.29   31.24  
c rst  geom best vmt  953   449 K 1639      37K   783 5.85    5.77     4941  2105   53K   103 31.21   31.16  
c rst  geom best vmt  954   449 K 1639      37K   783 5.85    5.77     4941  2113   53K   103 31.14   31.09  
c rst  geom best vmt  955   450 K 1639      37K   783 5.85    5.77     5082  1778   39K   103 30.59   30.52  
c [full-probe]  bin_only: 0 set: 0 repl: 0 T: 0.01 T-out: N T-r: 98.05%
c rst  geom best vmt  956   451 K 1639      37K   783 5.85    5.77     5082  1781   39K   103 30.65   30.58  
c rst  geom best vmt  957   452 K 1639      37K   783 5.85    5.77     5082  1782   40K   103 30.67   30.61  
c rst  geom best vmt  958   453 K 1639      37K   783 5.85    5.77     5082  1792   41K   103 30.87   30.81  
c rst  geom stb  vmt  959   454 K 1639      37K   783 5.85    5.77     5082  1793   42K   103 31.00   30.94  
c rst  geom stb  vmt  960   455 K 1639      37K   783 5.85    5.77     5084  1793   43K   103 31.15   31.09  
c rst  geom stb  vmt  961   456 K 1639      37K   783 5.85    5.77     5084  1794   45K   103 31.31   31.25  
c rst  geom stb  vmt  962   458 K 1639      37K   783 5.85    5.77     5084  1797   46K   103 31.46   31.40  
c [distill-long-red0] cls tried: 146/146 T: 0.02 T-out: N T-r: 99.70%
c [distill-long-red1] cls tried: 41/1638 T: 0.02 T-out: Y T-r: -1.53%
c rst  geom stb  vmt  963   459 K 1639      37K   783 5.85    5.77     5084  1804   48K   103 31.60   31.55  
c [distill] watch-based irred--  cl tried 8844     cl-sh 0     cl-rem 0    lit-rem 0      T: 0.01 T-out: N
c [distill] watch-based red  --  cl tried 10168    cl-sh 11    cl-rem 0    lit-rem 23     T: 0.01 T-out: N
c rst  geom stb  vmt  964   461 K 1639      37K   783 5.85    5.77     5096  1269   50K   103 31.71   31.66  
c rst  geom stb  vmt  965   463 K 1639      37K   783 5.85    5.77     5096  1280   52K   103 31.84   31.78  
c rst  geom ibes vmt  966   465 K 1639      37K   783 5.85    5.77     5099  1318   39K   103 30.20   30.14  
c [distill-bin] useful: 0/783/783 lits-rem: 0 cl-rem: 0 0-depth-assigns: 0 T: 0.01 T-out: N
c [impl-str] lit bin: 0 set-var: 0 T: 0.00 T-out: N T-r: 99.96% w-visit: 3286
c [impl-sub] bin: 0 T: 0.00 T-out: N w-visit: 3286
c rst  geom ibes vmt  967   467 K 1639      37K   783 5.85    5.77     5099  1321   41K   103 30.56   30.50  
c rst  geom ibes vmt  968   470 K 1639      37K   783 5.85    5.77     5117   996   44K   103 30.62   30.56  
c rst  geom ibes vmt  969   472 K 1639      37K   783 5.85    5.77     5117  1004   47K   103 30.84   30.78  
c [full-probe]  bin_only: 1 set: 0 repl: 0 T: 0.01 T-out: N T-r: 99.79%
c rst  geom ibes vmt  970   475 K 1639      37K   783 5.85    5.77     5117  1008   50K   103 31.35   31.30  
c [distill-long-red0] cls tried: 44/44 T: 0.01 T-out: N T-r: 99.87%
c [distill-long-red1] cls tried: 59/885 T: 0.01 T-out: Y T-r: -2.11%
c rst  geom svd  vmt  971   479 K 1639      37K   783 5.85    5.77     5117  1020   53K   103 32.27   32.22  
c rst  geom svd  vmt  972   482 K 1639      37K   783 5.85    5.77     5147  1016   41K   103 32.64   32.57  
c rst  geom svd  vmt  973   486 K 1639      37K   783 5.85    5.77     5147  1029   45K   103 34.48   34.42  
c [branch] adjusting to: vsid (from: vmtf) var_decay:0.95 descr: VSIDS
c [distill-bin] useful: 0/783/783 lits-rem: 0 cl-rem: 0 0-depth-assigns: 0 T: 0.01 T-out: N
c [distill] watch-based irred--  cl tried 8844     cl-sh 0     cl-rem 0    lit-rem 0      T: 0.01 T-out: N
c [distill] watch-based red  --  cl tried 10294    cl-sh 9     cl-rem 0    lit-rem 14     T: 0.01 T-out: N
c rst  geom best vs   974   486 K 1639      37K   783 5.85    5.77     5147  1030   46K   103 34.49   34.43  
c rst  geom best vs   975   486 K 1639      37K   783 5.85    5.77     5147  1032   46K   103 34.53   34.47  
c rst  geom best vs   976   487 K 1639      37K   783 5.85    5.77     5147  1032   46K   103 34.57   34.51  
c rst  geom best vs   977   487 K 1639      37K   783 5.85    5.77     5147  1034   46K   103 34.55   34.49  
c rst  geom best vs   978   487 K 1639      37K   783 5.85    5.77     5147  1036   46K   103 34.55   34.49  
c rst  geom best vs   979   487 K 1639      37K   783 5.85    5.77     5147  1036   46K   103 34.55   34.48  
c rst  geom best vs   980   487 K 1639      37K   783 5.85    5.77     5147  1036   47K   103 34.57   34.51  
c [ccnr] saving best assignment phase to stable_polar
c [ccnr] bumping based on var unsat frequency: conflict_ct
c [ccnr] Bumped vars: 1643 bump type: 6
c [ccnr] time: 0.39
c rst  geom best vs   981   488 K 1639      37K   783 5.85    5.77     5147  1036   47K   103 34.70   34.64  
c rst  geom best vs   982   488 K 1639      37K   783 5.85    5.77     5147  1036   47K   103 34.74   34.68  
c rst  geom best vs   983   488 K 1639      37K   783 5.85    5.77     5147  1036   47K   103 34.75   34.69  
c rst  geom best vs   984   488 K 1639      37K   783 5.85    5.77     5147  1038   48K   103 34.80   34.74  
c rst  geom best vs   985   489 K 1639      37K   783 5.85    5.77     5147  1038   48K   103 34.79   34.73  
c rst  geom best vs   986   489 K 1639      37K   783 5.85    5.77     5147  1038   48K   103 34.76   34.70  
c rst  geom best vs   987   490 K 1639      37K   783 5.85    5.77     5162   976   49K   103 34.82   34.76  
c rst  geom best vs   988   490 K 1639      37K   783 5.85    5.77     5162   977   49K   103 34.87   34.81  
c rst  geom best vs   989   491 K 1639      37K   783 5.85    5.77     5162   978   50K   103 34.86   34.80  
c [distill-long-red0] cls tried: 48/48 T: 0.01 T-out: N T-r: 99.88%
c [distill-long-red1] cls tried: 61/817 T: 0.01 T-out: Y T-r: -1.85%
c rst  geom best vs   990   491 K 1639      37K   783 5.85    5.77     5162   978   50K   103 34.80   34.74  
c rst  geom best vs   991   492 K 1639      37K   783 5.85    5.77     5162   978   51K   103 34.78   34.72  
c rst  geom best vs   992   492 K 1639      37K   783 5.85    5.77     5162   978   52K   103 34.64   34.58  
c [full-probe]  bin_only: 0 set: 0 repl: 0 T: 0.01 T-out: N T-r: 97.52%
c rst  geom best vs   993   493 K 1639      37K   783 5.85    5.77     5162   978   52K   103 34.51   34.45  
c rst  geom best vs   994   494 K 1639      37K   783 5.85    5.77     5162   978   53K   103 34.51   34.46  
c rst  geom best vs   995   495 K 1639      37K   783 5.85    5.77     5164  1055   38K   103 35.15   35.08  
c rst  geom best vs   996   496 K 1639      37K   783 5.85    5.77     5166  1059   39K   103 35.15   35.08  
c rst  geom best vs   997   497 K 1639      37K   783 5.85    5.77     5166  1060   40K   103 35.37   35.30  
c rst  geom stb  vs   998   498 K 1639      37K   783 5.85    5.77     5166  1062   42K   103 35.52   35.45  
c rst  geom stb  vs   999   499 K 1639      37K   783 5.85    5.77     5166  1064   43K   103 35.51   35.44  
c rst  geom stb  vs   1000  501 K 1639      37K   783 5.85    5.77     5179  1007   44K   103 35.68   35.62  
c rst  geom stb  vs   1001  502 K 1639      37K   783 5.85    5.77     5179  1010   46K   103 35.43   35.36  
c rst  geom stb  vs   1002  504 K 1639      37K   783 5.85    5.77     5179  1011   48K   103 35.13   35.07  
c rst  geom stb  vs   1003  506 K 1639      37K   783 5.85    5.77     5179  1013   49K   103 35.18   35.12  
c [distill-long-red0] cls tried: 17/17 T: 0.00 T-out: N T-r: 99.96%
c [distill-long-red1] cls tried: 77/805 T: 0.01 T-out: Y T-r: -0.82%
c rst  geom stb  vs   1004  508 K 1639      37K   783 5.85    5.77     5182  1019   51K   103 34.97   34.92  
c [distill-bin] useful: 0/783/783 lits-rem: 0 cl-rem: 0 0-depth-assigns: 0 T: 0.01 T-out: N
c rst  geom ibes vs   1005  510 K 1639      37K   783 5.85    5.77     5201  1008   39K   103 34.81   34.73  
c [gauss] XOR-encoding clauses are not detached, so no need to reattach them.
c [g 0] truth-find prop checks  : 2469K
c [g 0] -> of which prop        : 59.73 %
c [g 0] -> of which confl       :  1.29 %
c [g 0] elim called             : 103K
c [g 0] ---> which lead to prop : 96.88 %
c [g 0] ---> which lead to confl:  2.01 %
c [g 0] size: 78    x 510  
c [scc] new: 0 BP 0M T: 0.00
c [vrep] vars 0 lits 0 rem-bin-cls 0 rem-long-cls 0 BP 0M T: 0.01
c [intree] Set 0 vars hyper-added: 0 trans-irred: 0 trans-red: 0 T: 0.01 T-out: N T-r: -1.39%
c [find&init matx] performing matrix init
c [gauss] XOR-encoding clauses are not detached, so no need to reattach them.
c [xor-rem-unconnected] left with 1074 xors from 1074 non-empty xors T: 0.00
c [xor-together] xored together: 996 orig xors: 1074 new xors: 78 T: 0.00
c [xor-rem-unconnected] left with 78 xors from 78 non-empty xors T: 0.00
c [xor-clean-equiv] removed equivalent xors: 0 left with: 78
c [matrix] unused xors from cleaning: 0
c [matrix] Good   matrix 0 78      x510    density:0.1101  xorlen avg: 56.17
c [matrix] Using 1 matrices recovered from 0 xors T: 0.00 T-out: N
c rst  geom ibes vs   1006  512 K 1639      37K   783 5.85    5.77     5202  1013   41K   103 34.44   34.37  
c [full-probe]  bin_only: 1 set: 0 repl: 0 T: 0.01 T-out: N T-r: 99.80%
c [distill] watch-based irred--  cl tried 8844     cl-sh 0     cl-rem 0    lit-rem 0      T: 0.00 T-out: N
c [distill] watch-based red  --  cl tried 10404    cl-sh 2     cl-rem 0    lit-rem 4      T: 0.01 T-out: N
c rst  geom ibes vs   1007  515 K 1639      37K   783 5.85    5.77     5202  1016   44K   103 34.36   34.29  
c rst  geom ibes vs   1008  518 K 1639      37K   783 5.85    5.77     5203  1020   47K   103 34.45   34.38  
c rst  geom svd  vs   1009  521 K 1639      37K   783 5.85    5.77     5216   593   51K   103 34.82   34.77  
c [distill-long-red0] cls tried: 38/38 T: 0.01 T-out: N T-r: 99.89%
c [distill-long-red1] cls tried: 48/436 T: 0.01 T-out: Y T-r: -3.86%
c rst  geom svd  vs   1010  525 K 1639      37K   783 5.85    5.77     5223   686   39K   103 30.98   30.91  
c [impl-str] lit bin: 0 set-var: 0 T: 0.00 T-out: N T-r: 99.96% w-visit: 3286
c [impl-sub] bin: 0 T: 0.00 T-out: N w-visit: 3286
c rst  geom svd  vs   1011  529 K 1639      37K   783 5.85    5.77     5223   707   43K   103 31.47   31.41  
c [distill-bin] useful: 0/783/783 lits-rem: 0 cl-rem: 0 0-depth-assigns: 0 T: 0.01 T-out: N
c rst  geom best vs   1012  533 K 1639      37K   783 5.85    5.77     5258   668   48K   103 31.74   31.68  
c [full-probe]  bin_only: 0 set: 0 repl: 0 T: 0.01 T-out: N T-r: 97.19%
c [ccnr] saving best assignment phase to stable_polar
c [ccnr] bumping based on var unsat frequency: conflict_ct
c [ccnr] Bumped vars: 1643 bump type: 6
c [ccnr] time: 0.39
c rst  geom best vs   1013  538 K 1639      37K   783 5.85    5.77     5261   704   52K   103 32.21   32.16  
c [distill-long-red0] cls tried: 45/45 T: 0.01 T-out: N T-r: 99.90%
c [distill-long-red1] cls tried: 57/501 T: 0.02 T-out: Y T-r: -1.84%
c [distill] watch-based irred--  cl tried 8844     cl-sh 0     cl-rem 0    lit-rem 0      T: 0.00 T-out: N
c [distill] watch-based red  --  cl tried 10522    cl-sh 5     cl-rem 0    lit-rem 6      T: 0.01 T-out: N
c rst  geom best vs   1014  544 K 1639      37K   783 5.85    5.77     5296   779   42K   103 30.71   30.64  
c [branch] adjusting to: vmtf (from: vsid) var_decay:0.95 descr: VMTF
c rst  luby stb  vmt  1015  544 K 1639      37K   783 5.85    5.77     5301   793   42K   103 30.69   30.63  
c rst  luby stb  vmt  1016  544 K 1639      37K   783 5.85    5.77     5302   798   42K   103 30.71   30.65  
c rst  luby stb  vmt  1017  544 K 1639      37K   783 5.85    5.77     5302   800   43K   103 30.74   30.68  
c rst  luby stb  vmt  1018  544 K 1639      37K   783 5.85    5.77     5302   801   43K   103 30.77   30.71  
c rst  luby stb  vmt  1019  544 K 1639      37K   783 5.85    5.77     5302   801   43K   103 30.81   30.75  
c rst  luby stb  vmt  1020  544 K 1639      37K   783 5.85    5.77     5302   801   43K   103 30.85   30.79  
c rst  luby stb  vmt  1021  545 K 1639      37K   783 5.85    5.77     5302   802   43K   103 30.94   30.88  
c rst  luby stb  vmt  1022  545 K 1639      37K   783 5.85    5.77     5302   802   44K   103 30.97   30.91  
c rst  luby stb  vmt  1023  545 K 1639      37K   783 5.85    5.77     5302   803   44K   103 30.99   30.93  
c rst  luby stb  vmt  1024  545 K 1639      37K   783 5.85    5.77     5302   804   44K   103 30.99   30.93  
c rst  luby stb  vmt  1025  545 K 1639      37K   783 5.85    5.77     5302   804   44K   103 30.99   30.94  
c rst  luby stb  vmt  1026  545 K 1639      37K   783 5.85    5.77     5302   804   44K   103 30.98   30.92  
c rst  luby stb  vmt  1027  546 K 1639      37K   783 5.85    5.77     5302   806   44K   103 30.98   30.92  
c rst  luby stb  vmt  1028  546 K 1639      37K   783 5.85    5.77     5302   806   45K   103 31.00   30.94  
c rst  luby stb  vmt  1029  547 K 1639      37K   783 5.85    5.77     5302   806   45K   103 30.99   30.93  
c rst  luby stb  vmt  1030  547 K 1639      37K   783 5.85    5.77     5302   807   46K   103 30.99   30.93  
c rst  luby stb  vmt  1031  547 K 1639      37K   783 5.85    5.77     5302   808   46K   103 31.00   30.94  
c rst  luby stb  vmt  1032  547 K 1639      37K   783 5.85    5.77     5302   808   46K   103 30.96   30.90  
c rst  luby stb  vmt  1033  547 K 1639      37K   783 5.85    5.77     5302   808   46K   103 30.95   30.90  
c rst  luby stb  vmt  1034  547 K 1639      37K   783 5.85    5.77     5302   808   46K   103 30.94   30.88  
c rst  luby stb  vmt  1035  548 K 1639      37K   783 5.85    5.77     5302   809   46K   103 30.95   30.90  
c rst  luby stb  vmt  1036  548 K 1639      37K   783 5.85    5.77     5302   815   47K   103 31.02   30.96  
c rst  luby stb  vmt  1037  548 K 1639      37K   783 5.85    5.77     5302   815   47K   103 31.05   30.99  
c rst  luby stb  vmt  1038  548 K 1639      37K   783 5.85    5.77     5302   816   47K   103 31.07   31.02  
c rst  luby stb  vmt  1039  548 K 1639      37K   783 5.85    5.77     5302   816   47K   103 31.11   31.05  
c rst  luby stb  vmt  1040  549 K 1639      37K   783 5.85    5.77     5302   816   47K   103 31.10   31.05  
c rst  luby stb  vmt  1041  549 K 1639      37K   783 5.85    5.77     5302   816   47K   103 31.11   31.05  
c rst  luby stb  vmt  1042  549 K 1639      37K   783 5.85    5.77     5302   816   47K   103 31.13   31.08  
c rst  luby stb  vmt  1043  549 K 1639      37K   783 5.85    5.77     5302   817   48K   103 31.14   31.08  
c [distill-bin] useful: 0/783/783 lits-rem: 0 cl-rem: 0 0-depth-assigns: 0 T: 0.01 T-out: N
c rst  luby stb  vmt  1044  550 K 1639      37K   783 5.85    5.77     5339   751   49K   103 31.37   31.32  
c rst  luby stb  vmt  1045  552 K 1639      37K   783 5.85    5.77     5339   756   50K   103 31.44   31.39  
c rst  luby stb  vmt  1046  552 K 1639      37K   783 5.85    5.77     5339   757   50K   103 31.45   31.39  
c rst  luby stb  vmt  1047  552 K 1639      37K   783 5.85    5.77     5339   757   50K   103 31.45   31.40  
c rst  luby stb  vmt  1048  552 K 1639      37K   783 5.85    5.77     5339   760   51K   103 31.47   31.41  
c rst  luby stb  vmt  1049  552 K 1639      37K   783 5.85    5.77     5339   760   51K   103 31.48   31.43  
c rst  luby stb  vmt  1050  552 K 1639      37K   783 5.85    5.77     5339   760   51K   103 31.50   31.45  
c rst  luby stb  vmt  1051  552 K 1639      37K   783 5.85    5.77     5339   760   51K   103 31.52   31.47  
c rst  luby stb  vmt  1052  553 K 1639      37K   783 5.85    5.77     5339   761   51K   103 31.47   31.42  
c rst  luby stb  vmt  1053  553 K 1639      37K   783 5.85    5.77     5339   761   52K   103 31.47   31.42  
c rst  luby stb  vmt  1054  553 K 1639      37K   783 5.85    5.77     5339   761   52K   103 31.49   31.44  
c rst  luby stb  vmt  1055  553 K 1639      37K   783 5.85    5.77     5339   762   52K   103 31.50   31.45  
c rst  luby stb  vmt  1056  553 K 1639      37K   783 5.85    5.77     5339   762   52K   103 31.51   31.46  
c [distill-long-red0] cls tried: 81/81 T: 0.01 T-out: N T-r: 99.75%
c [distill-long-red1] cls tried: 60/522 T: 0.01 T-out: Y T-r: -2.58%
c rst  luby stb  vmt  1057  553 K 1639      37K   783 5.85    5.77     5339   762   52K   103 31.52   31.47  
c rst  luby stb  vmt  1058  554 K 1639      37K   783 5.85    5.77     5339   762   52K   103 31.53   31.48  
c [full-probe]  bin_only: 1 set: 0 repl: 0 T: 0.01 T-out: N T-r: 99.76%
c rst  luby stb  vmt  1059  554 K 1639      37K   783 5.85    5.77     5339   764   53K   103 31.55   31.50  
c rst  luby stb  vmt  1060  555 K 1639      37K   783 5.85    5.77     5343   883   38K   103 32.06   31.99  
c rst  luby ibes vmt  1061  555 K 1639      37K   783 5.85    5.77     5343   883   38K   103 32.06   31.99  
c rst  luby ibes vmt  1062  555 K 1639      37K   783 5.85    5.77     5343   883   38K   103 32.06   31.99  
c rst  luby ibes vmt  1063  555 K 1639      37K   783 5.85    5.77     5343   884   39K   103 32.07   32.00  
c rst  luby ibes vmt  1064  555 K 1639      37K   783 5.85    5.77     5343   884   39K   103 32.11   32.04  
c rst  luby ibes vmt  1065  555 K 1639      37K   783 5.85    5.77     5343   884   39K   103 32.11   32.04  
c rst  luby ibes vmt  1066  556 K 1639      37K   783 5.85    5.77     5343   886   39K   103 32.10   32.03  
c rst  luby ibes vmt  1067  556 K 1639      37K   783 5.85    5.77     5343   886   39K   103 32.06   31.99  
c rst  luby ibes vmt  1068  556 K 1639      37K   783 5.85    5.77     5343   886   39K   103 32.05   31.98  
c rst  luby ibes vmt  1069  556 K 1639      37K   783 5.85    5.77     5343   886   40K   103 32.06   32.00  
c rst  luby ibes vmt  1070  556 K 1639      37K   783 5.85    5.77     5343   886   40K   103 32.16   32.09  
c rst  luby ibes vmt  1071  557 K 1639      37K   783 5.85    5.77     5343   886   40K   103 32.16   32.09  
c rst  luby ibes vmt  1072  557 K 1639      37K   783 5.85    5.77     5343   887   40K   103 32.17   32.10  
c rst  luby ibes vmt  1073  557 K 1639      37K   783 5.85    5.77     5343   887   40K   103 32.17   32.10  
c rst  luby ibes vmt  1074  557 K 1639      37K   783 5.85    5.77     5343   887   41K   103 32.18   32.11  
c rst  luby ibes vmt  1075  558 K 1639      37K   783 5.85    5.77     5343   891   41K   103 32.16   32.09  
c rst  luby ibes vmt  1076  560 K 1639      37K   783 5.85    5.77     5361   841   43K   103 32.26   32.20  
c rst  luby ibes vmt  1077  563 K 1639      37K   783 5.85    5.77     5364   848   46K   103 32.54   32.49  
c rst  luby ibes vmt  1078  563 K 1639      37K   783 5.85    5.77     5364   848   46K   103 32.55   32.49  
c rst  luby ibes vmt  1079  563 K 1639      37K   783 5.85    5.77     5364   848   46K   103 32.60   32.54  
c rst  luby ibes vmt  1080  563 K 1639      37K   783 5.85    5.77     5364   848   47K   103 32.57   32.51  
c rst  luby ibes vmt  1081  563 K 1639      37K   783 5.85    5.77     5364   848   47K   103 32.57   32.52  
c [distill] watch-based irred--  cl tried 8844     cl-sh 0     cl-rem 0    lit-rem 0      T: 0.01 T-out: N
c [distill] watch-based red  --  cl tried 10728    cl-sh 5     cl-rem 0    lit-rem 8      T: 0.01 T-out: N
c rst  luby ibes vmt  1082  563 K 1639      37K   783 5.85    5.77     5364   848   47K   103 32.57   32.51  
c rst  luby ibes vmt  1083  564 K 1639      37K   783 5.85    5.77     5364   848   47K   103 32.61   32.55  
c rst  luby ibes vmt  1084  564 K 1639      37K   783 5.85    5.77     5364   849   47K   103 32.72   32.67  
c rst  luby ibes vmt  1085  564 K 1639      37K   783 5.85    5.77     5364   849   48K   103 32.72   32.66  
c rst  luby ibes vmt  1086  564 K 1639      37K   783 5.85    5.77     5364   850   48K   103 32.72   32.66  
c rst  luby ibes vmt  1087  565 K 1639      37K   783 5.85    5.77     5364   850   48K   103 32.72   32.66  
c rst  luby ibes vmt  1088  565 K 1639      37K   783 5.85    5.77     5364   850   48K   103 32.72   32.67  
c rst  luby ibes vmt  1089  565 K 1639      37K   783 5.85    5.77     5364   850   48K   103 32.72   32.67  
c rst  luby ibes vmt  1090  565 K 1639      37K   783 5.85    5.77     5364   850   48K   103 32.78   32.72  
c rst  luby ibes vmt  1091  565 K 1639      37K   783 5.85    5.77     5364   852   49K   103 32.76   32.70  
c rst  luby ibes vmt  1092  566 K 1639      37K   783 5.85    5.77     5366   858   49K   103 32.86   32.81  
c rst  luby svd  vmt  1093  566 K 1639      37K   783 5.85    5.77     5366   858   50K   103 32.87   32.81  
c rst  luby svd  vmt  1094  566 K 1639      37K   783 5.85    5.77     5366   858   50K   103 32.87   32.81  
c rst  luby svd  vmt  1095  567 K 1639      37K   783 5.85    5.77     5366   859   50K   103 32.91   32.85  
c rst  luby svd  vmt  1096  567 K 1639      37K   783 5.85    5.77     5366   859   50K   103 32.90   32.85  
c rst  luby svd  vmt  1097  567 K 1639      37K   783 5.85    5.77     5366   859   50K   103 32.92   32.86  
c rst  luby svd  vmt  1098  567 K 1639      37K   783 5.85    5.77     5366   859   50K   103 32.96   32.91  
c rst  luby svd  vmt  1099  567 K 1639      37K   783 5.85    5.77     5366   859   51K   103 32.95   32.90  
c rst  luby svd  vmt  1100  567 K 1639      37K   783 5.85    5.77     5366   859   51K   103 32.96   32.90  
c rst  luby svd  vmt  1101  568 K 1639      37K   783 5.85    5.77     5366   859   51K   103 32.97   32.92  
c rst  luby svd  vmt  1102  568 K 1639      37K   783 5.85    5.77     5366   859   51K   103 33.01   32.95  
c rst  luby svd  vmt  1103  568 K 1639      37K   783 5.85    5.77     5366   859   51K   103 33.04   32.98  
c rst  luby svd  vmt  1104  568 K 1639      37K   783 5.85    5.77     5366   859   51K   103 33.03   32.97  
c rst  luby svd  vmt  1105  568 K 1639      37K   783 5.85    5.77     5366   859   51K   103 33.00   32.95  
c rst  luby svd  vmt  1106  569 K 1639      37K   783 5.85    5.77     5366   859   52K   103 32.98   32.93  
c [distill-long-red0] cls tried: 30/30 T: 0.01 T-out: N T-r: 99.92%
c [distill-long-red1] cls tried: 46/572 T: 0.01 T-out: Y T-r: -5.28%
c rst  luby svd  vmt  1107  569 K 1639      37K   783 5.85    5.77     5366   861   53K   103 33.09   33.03  
c [distill-bin] useful: 0/783/783 lits-rem: 0 cl-rem: 0 0-depth-assigns: 0 T: 0.01 T-out: N
c rst  luby svd  vmt  1108  571 K 1639      37K   783 5.85    5.77     5394   873   39K   103 31.91   31.84  
c rst  luby svd  vmt  1109  571 K 1639      37K   783 5.85    5.77     5394   873   39K   103 31.93   31.86  
c rst  luby svd  vmt  1110  571 K 1639      37K   783 5.85    5.77     5394   873   39K   103 31.99   31.92  
c rst  luby svd  vmt  1111  571 K 1639      37K   783 5.85    5.77     5394   874   40K   103 32.05   31.98  
c rst  luby svd  vmt  1112  571 K 1639      37K   783 5.85    5.77     5394   874   40K   103 32.09   32.02  
c rst  luby svd  vmt  1113  572 K 1639      37K   783 5.85    5.77     5394   874   40K   103 32.09   32.03  
c rst  luby svd  vmt  1114  572 K 1639      37K   783 5.85    5.77     5394   880   40K   103 32.15   32.09  
c rst  luby svd  vmt  1115  572 K 1639      37K   783 5.85    5.77     5394   883   40K   103 32.36   32.29  
c rst  luby svd  vmt  1116  572 K 1639      37K   783 5.85    5.77     5394   883   40K   103 32.38   32.31  
c rst  luby svd  vmt  1117  572 K 1639      37K   783 5.85    5.77     5394   883   41K   103 32.40   32.33  
c rst  luby svd  vmt  1118  573 K 1639      37K   783 5.85    5.77     5394   883   41K   103 32.41   32.34  
c rst  luby svd  vmt  1119  573 K 1639      37K   783 5.85    5.77     5394   883   41K   103 32.44   32.38  
c rst  luby svd  vmt  1120  573 K 1639      37K   783 5.85    5.77     5394   883   41K   103 32.47   32.40  
c rst  luby svd  vmt  1121  573 K 1639      37K   783 5.85    5.77     5394   884   41K   103 32.54   32.47  
c rst  luby svd  vmt  1122  573 K 1639      37K   783 5.85    5.77     5394   889   42K   103 32.65   32.58  
c rst  luby svd  vmt  1123  574 K 1639      37K   783 5.85    5.77     5394   895   42K   103 32.80   32.73  
c [full-probe]  bin_only: 0 set: 0 repl: 0 T: 0.01 T-out: N T-r: 97.52%
c rst  luby svd  vmt  1124  574 K 1639      37K   783 5.85    5.77     5394   895   42K   103 32.81   32.75  
c rst  luby svd  vmt  1125  574 K 1639      37K   783 5.85    5.77     5394   895   43K   103 32.84   32.78  
c rst  luby svd  vmt  1126  575 K 1639      37K   783 5.85    5.77     5394   895   43K   103 32.85   32.79  
c rst  luby svd  vmt  1127  575 K 1639      37K   783 5.85    5.77     5394   895   43K   103 32.87   32.81  
c rst  luby svd  vmt  1128  575 K 1639      37K   783 5.85    5.77     5394   895   43K   103 32.90   32.83  
c rst  luby svd  vmt  1129  575 K 1639      37K   783 5.85    5.77     5394   896   43K   103 32.95   32.89  
c [gauss] XOR-encoding clauses are not detached, so no need to reattach them.
c [g 0] truth-find prop checks  : 2399K
c [g 0] -> of which prop        : 61.30 %
c [g 0] -> of which confl       :  1.37 %
c [g 0] elim called             : 100K
c [g 0] ---> which lead to prop : 116.71 %
c [g 0] ---> which lead to confl:  3.19 %
c [g 0] size: 78    x 510  
c [scc] new: 0 BP 0M T: 0.00
c [vrep] vars 0 lits 0 rem-bin-cls 0 rem-long-cls 0 BP 0M T: 0.01
c [intree] Set 0 vars hyper-added: 2 trans-irred: 0 trans-red: 0 T: 0.01 T-out: N T-r: -1.39%
c [find&init matx] performing matrix init
c [gauss] XOR-encoding clauses are not detached, so no need to reattach them.
c [xor-rem-unconnected] left with 1074 xors from 1074 non-empty xors T: 0.00
c [xor-together] xored together: 996 orig xors: 1074 new xors: 78 T: 0.00
c [xor-rem-unconnected] left with 78 xors from 78 non-empty xors T: 0.00
c [xor-clean-equiv] removed equivalent xors: 0 left with: 78
c [matrix] unused xors from cleaning: 0
c [matrix] Good   matrix 0 78      x510    density:0.1101  xorlen avg: 56.17
c [matrix] Using 1 matrices recovered from 0 xors T: 0.00 T-out: N
c rst  luby svd  vmt  1130  575 K 1639      37K   783 5.85    5.77     5394   898   44K   105 33.06   32.99  
c rst  luby svd  vmt  1131  575 K 1639      37K   783 5.85    5.77     5394   898   44K   105 33.06   33.00  
c rst  luby svd  vmt  1132  576 K 1639      37K   783 5.85    5.77     5394   898   44K   105 33.09   33.02  
c rst  luby svd  vmt  1133  576 K 1639      37K   783 5.85    5.77     5394   898   44K   105 33.12   33.06  
c rst  luby svd  vmt  1134  576 K 1639      37K   783 5.85    5.77     5394   898   44K   105 33.15   33.08  
c rst  luby svd  vmt  1135  576 K 1639      37K   783 5.85    5.77     5394   898   44K   105 33.16   33.10  
c rst  luby svd  vmt  1136  576 K 1639      37K   783 5.85    5.77     5395   898   44K   105 33.18   33.12  
c rst  luby svd  vmt  1137  577 K 1639      37K   783 5.85    5.77     5395   899   45K   105 33.21   33.14  
c rst  luby svd  vmt  1138  577 K 1639      37K   783 5.85    5.77     5395   901   46K   105 33.32   33.25  
c rst  geom best vmt  1139  577 K 1639      37K   783 5.85    5.77     5395   901   46K   105 33.33   33.26  
c [ccnr] saving best assignment phase to stable_polar
c [ccnr] bumping based on clause weights
c [ccnr] Bumped vars: 102 bump type: 6
c [ccnr] time: 0.40
c rst  geom best vmt  1140  578 K 1639      37K   783 5.85    5.77     5395   906   46K   105 33.33   33.27  
c rst  geom best vmt  1141  578 K 1639      37K   783 5.85    5.77     5395   908   46K   105 33.32   33.25  
c rst  geom best vmt  1142  578 K 1639      37K   783 5.85    5.77     5395   909   46K   105 33.29   33.23  
c rst  geom best vmt  1143  578 K 1639      37K   783 5.85    5.77     5395   910   46K   105 33.25   33.18  
c rst  geom best vmt  1144  578 K 1639      37K   783 5.85    5.77     5395   913   46K   105 33.24   33.18  
c rst  geom best vmt  1145  578 K 1639      37K   783 5.85    5.77     5396   914   47K   105 33.21   33.15  
c rst  geom best vmt  1146  579 K 1639      37K   783 5.85    5.77     5396   919   47K   105 33.26   33.20  
c rst  geom best vmt  1147  579 K 1639      37K   783 5.85    5.77     5396   920   47K   105 33.23   33.17  
c rst  geom best vmt  1148  579 K 1639      37K   783 5.85    5.77     5396   932   47K   105 33.18   33.12  
c rst  geom best vmt  1149  579 K 1639      37K   783 5.85    5.77     5397   940   48K   105 33.15   33.09  
c rst  geom best vmt  1150  580 K 1639      37K   783 5.85    5.77     5429   886   48K   105 33.06   33.01  
c rst  geom best vmt  1151  580 K 1639      37K   783 5.85    5.77     5429   888   48K   105 33.01   32.95  
c rst  geom best vmt  1152  580 K 1639      37K   783 5.85    5.77     5429   889   49K   105 32.93   32.88  
c rst  geom best vmt  1153  581 K 1639      37K   783 5.85    5.77     5429   895   49K   105 32.88   32.83  
c rst  geom best vmt  1154  581 K 1639      37K   783 5.85    5.77     5429   900   49K   105 32.79   32.73  
c rst  geom best vmt  1155  582 K 1639      37K   783 5.85    5.77     5429   901   50K   105 32.68   32.62  
c rst  geom best vmt  1156  582 K 1639      37K   783 5.85    5.77     5429   913   51K   105 32.59   32.54  
c rst  geom best vmt  1157  583 K 1639      37K   783 5.85    5.77     5429   920   51K   105 32.48   32.43  
c rst  geom best vmt  1158  584 K 1639      37K   783 5.85    5.77     5431   929   52K   105 32.35   32.30  
c [distill-long-red0] cls tried: 63/63 T: 0.01 T-out: N T-r: 99.87%
c [distill-long-red1] cls tried: 55/629 T: 0.02 T-out: Y T-r: -2.12%
c rst  geom best vmt  1159  584 K 1639      37K   783 5.85    5.77     5432   937   52K   105 32.17   32.12  
c rst  geom best vmt  1160  585 K 1639      37K   783 5.85    5.77     5450  1162   37K   105 30.82   30.75  
c [impl-str] lit bin: 0 set-var: 0 T: 0.00 T-out: N T-r: 99.96% w-visit: 3286
c [impl-sub] bin: 0 T: 0.00 T-out: N w-visit: 3286
c rst  geom best vmt  1161  586 K 1639      37K   783 5.85    5.77     5450  1167   38K   105 30.55   30.49  
c rst  geom best vmt  1162  587 K 1639      37K   783 5.85    5.77     5450  1176   39K   105 30.38   30.32  
c rst  geom best vmt  1163  588 K 1639      37K   783 5.85    5.77     5453  1206   40K   105 30.09   30.02  
c rst  geom best vmt  1164  589 K 1639      37K   783 5.85    5.77     5454  1233   41K   105 29.81   29.75  
c [distill] watch-based irred--  cl tried 8844     cl-sh 0     cl-rem 0    lit-rem 0      T: 0.01 T-out: N
c [distill] watch-based red  --  cl tried 10908    cl-sh 7     cl-rem 0    lit-rem 13     T: 0.01 T-out: N
c rst  geom stb  vmt  1165  590 K 1639      37K   783 5.85    5.77     5520  1156   42K   105 29.53   29.47  
c [distill-bin] useful: 0/783/783 lits-rem: 0 cl-rem: 0 0-depth-assigns: 0 T: 0.01 T-out: N
c rst  geom stb  vmt  1166  592 K 1639      37K   783 5.85    5.77     5520  1169   43K   105 29.35   29.29  
c rst  geom stb  vmt  1167  593 K 1639      37K   783 5.85    5.77     5520  1192   45K   105 29.07   29.01  
c rst  geom stb  vmt  1168  595 K 1639      37K   783 5.85    5.77     5521  1217   47K   105 28.84   28.79  
c [full-probe]  bin_only: 1 set: 0 repl: 0 T: 0.01 T-out: N T-r: 99.76%
c rst  geom stb  vmt  1169  597 K 1639      37K   783 5.85    5.77     5522  1237   48K   105 28.65   28.60  
c rst  geom stb  vmt  1170  599 K 1639      37K   783 5.85    5.77     5524  1278   50K   105 28.40   28.35  
c [distill-long-red0] cls tried: 96/96 T: 0.01 T-out: N T-r: 99.75%
c [distill-long-red1] cls tried: 31/934 T: 0.02 T-out: Y T-r: -5.56%
c rst  geom stb  vmt  1171  601 K 1639      37K   783 5.85    5.77     5648  1585   38K   105 25.85   25.79  
c [branch] adjusting to: vsid (from: vmtf) var_decay:0.95 descr: VSIDS
c rst  geom ibes vs   1172  601 K 1639      37K   783 5.85    5.77     5648  1585   39K   105 25.85   25.80  
c rst  geom ibes vs   1173  601 K 1639      37K   783 5.85    5.77     5649  1585   39K   105 25.91   25.86  
c rst  geom ibes vs   1174  602 K 1639      37K   783 5.85    5.77     5649  1589   39K   105 25.94   25.88  
c rst  geom ibes vs   1175  602 K 1639      37K   783 5.85    5.77     5649  1589   39K   105 25.94   25.89  
c rst  geom ibes vs   1176  602 K 1639      37K   783 5.85    5.77     5649  1589   39K   105 26.02   25.96  
c rst  geom ibes vs   1177  602 K 1639      37K   783 5.85    5.77     5649  1589   39K   105 26.03   25.97  
c rst  geom ibes vs   1178  602 K 1639      37K   783 5.85    5.77     5649  1589   39K   105 26.00   25.95  
c rst  geom ibes vs   1179  603 K 1639      37K   783 5.85    5.77     5649  1589   40K   105 26.05   26.00  
c rst  geom ibes vs   1180  603 K 1639      37K   783 5.85    5.77     5649  1589   40K   105 26.10   26.05  
c rst  geom ibes vs   1181  603 K 1639      37K   783 5.85    5.77     5649  1589   40K   105 26.14   26.09  
c rst  geom ibes vs   1182  603 K 1639      37K   783 5.85    5.77     5649  1589   40K   105 26.14   26.09  
c rst  geom ibes vs   1183  604 K 1639      37K   783 5.85    5.77     5649  1590   41K   105 26.16   26.11  
c rst  geom ibes vs   1184  604 K 1639      37K   783 5.85    5.77     5649  1590   41K   105 26.29   26.23  
c rst  geom ibes vs   1185  604 K 1639      37K   783 5.85    5.77     5649  1590   41K   105 26.25   26.20  
c rst  geom ibes vs   1186  605 K 1639      37K   783 5.85    5.77     5649  1590   42K   105 26.30   26.25  
c rst  geom ibes vs   1187  605 K 1639      37K   783 5.85    5.77     5649  1590   42K   105 26.44   26.39  
c rst  geom ibes vs   1188  606 K 1639      37K   783 5.85    5.77     5649  1590   43K   105 26.53   26.48  
c rst  geom ibes vs   1189  606 K 1639      37K   783 5.85    5.77     5649  1591   43K   105 26.65   26.60  
c rst  geom ibes vs   1190  607 K 1639      37K   783 5.85    5.77     5649  1592   44K   105 26.78   26.73  
c rst  geom ibes vs   1191  607 K 1639      37K   783 5.85    5.77     5649  1592   45K   105 26.88   26.83  
c rst  geom ibes vs   1192  608 K 1639      37K   783 5.85    5.77     5649  1596   45K   105 26.92   26.88  
c rst  geom ibes vs   1193  609 K 1639      37K   783 5.85    5.77     5649  1597   46K   105 27.02   26.97  
c rst  geom ibes vs   1194  610 K 1639      37K   783 5.85    5.77     5680  1531   47K   105 27.12   27.07  
c rst  geom ibes vs   1195  611 K 1639      37K   783 5.85    5.77     5680  1534   48K   105 27.44   27.40  
c [distill-bin] useful: 0/783/783 lits-rem: 0 cl-rem: 0 0-depth-assigns: 0 T: 0.01 T-out: N
c rst  geom ibes vs   1196  612 K 1639      37K   783 5.85    5.77     5680  1536   49K   105 27.61   27.57  
c rst  geom ibes vs   1197  612 K 1639      37K   783 5.85    5.77     5680  1539   50K   105 27.69   27.64  
c recursive minimization cost OK: 1349Kcost/(% lits removed)
c [gauss] XOR-encoding clauses are not detached, so no need to reattach them.
c [g 0] truth-find prop checks  : 2065K
c [g 0] -> of which prop        : 35.58 %
c [g 0] -> of which confl       :  1.00 %
c [g 0] elim called             : 151K
c [g 0] ---> which lead to prop : 50.52 %
c [g 0] ---> which lead to confl:  1.13 %
c [g 0] size: 78    x 510  
c --> Executing strategy token: scc-vrepl
c [scc] new: 0 BP 0M T: 0.00
c --> Executing strategy token: sub-impl
c [impl-sub] bin: 0 T: 0.00 T-out: N w-visit: 3286
c --> Executing strategy token: breakid
c --> Executing OCC strategy token(s): 'occ-backw-sub-str,occ-clean-implicit,occ-bve,occ-bva,occ-ternary-res,occ-xor,'
c [occ] mem usage for occur 3      MB
c [occ] Linked in IRRED BIN by default: 783
c [occ] Linked in RED   BIN by default: 105
c [occ] mem usage for occur 0      MB
c Mem for watch alloc      : 16          MB (28.79     %)
c Mem for watch array      : 0           MB (0.13      %)
c --> Executing OCC strategy token: occ-backw-sub-str
c [occ-backw-sub-str-long-w-bins] subs: 0 str: 33 tried: 9422 0-depth ass: 0 T: 0.00 T-out: N T-r: 98.93%
c [occ-backw-sub-long-w-long] rem cl: 60 tried: 95173/95173 (100.0%) T: 0.05 T-out: N T-r: 82.61%
c [occ-backw-sub-str-long-w-long] sub: 1 str: 26 tried: 285519/95173 (300.0)  T: 0.29 T-out: N T-r: 59.65%
c --> Executing OCC strategy token: occ-clean-implicit
c --> Executing OCC strategy token: occ-bve
c [occ-empty-res] Empty resolvent elimed: 0 T: 0.00 T-out: N
c [occ-bve] iter v-elim 0
c cl_inc_rate=1.0, var_dec_rate=1.0 (grow=0)
c Reduced to 1639 vars, 38612 cls (grow=0)
c [occ-bve] iter v-elim 0
c cl_inc_rate=1.0, var_dec_rate=1.0 (grow=8)
c Reduced to 1639 vars, 38612 cls (grow=8)
c [occ-bve] iter v-elim 0
c cl_inc_rate=1.0, var_dec_rate=1.0 (grow=16)
c Reduced to 1639 vars, 38612 cls (grow=16)
c x n vars       : 1639
c #try to eliminate:  4917
c #var-elim        :     0
c #T-o: N
c #T-r: 99.98%
c #T  : 0.57
c [occur] 0.05 is overhead
c [occur] link-in T: 0.05 cleanup T: 0.00
c --> Executing OCC strategy token: occ-bva
c --> Executing OCC strategy token: occ-ternary-res
c [occ-ternary-res] Ternary res-tri: 0 res-bin: 0 sub: 0 str: 0 T: 0.00 T-out: N T-r: 99.78%
c --> Executing OCC strategy token: occ-xor
c [occ-xor] sort occur list T: 0.01
c [xor-clean-equiv] removed equivalent xors: 0 left with: 1066
c [occ-xor] found   1066 avg sz 5.9 min sz  4 max sz  6 T: 0.01 T-out: N T-r: 99.97%
c --> Executing strategy token: card-find
c --> Executing strategy token: cl-consolidate
c Not consolidating memory.
c --> Executing strategy token: scc-vrepl
c [scc] new: 0 BP 0M T: 0.00
c --> Executing strategy token: renumber
c --> Executing strategy token: bosphorus
c --> Executing strategy token: louvain-comms
c [consolidate] mini T: 0.00
c global_timeout_multiplier: 4.8315
c [branch] rebuilding order heap for all branchings. Current branching: vsid
c [find&init matx] performing matrix init
c [gauss] XOR-encoding clauses are not detached, so no need to reattach them.
c [xor-rem-unconnected] left with 1066 xors from 1066 non-empty xors T: 0.00
c [xor-together] xored together: 983 orig xors: 1066 new xors: 83 T: 0.00
c [xor-rem-unconnected] left with 83 xors from 83 non-empty xors T: 0.00
c [xor-clean-equiv] removed equivalent xors: 0 left with: 83
c [matrix] unused xors from cleaning: 0
c [matrix] Good   matrix  0     83 x  521  density:0.1008  xorlen avg: 52.52
c [matrix] Using 1 matrices recovered from 0 xors T: 0.00 T-out: N
c rst  geom  svd   vs  1198  613K    1639   37K   783    5.85    5.77  5629  1651   50K   105   27.73   27.69
c rst  geom  svd   vs  1199  614K    1639   37K   783    5.85    5.77  5630  1654   51K   105   28.15   28.10
c [distill-long-red0] cls tried: 160/160 T: 0.03 T-out: N T-r: 99.36%
c [distill-long-red1] cls tried: 19/1326 T: 0.02 T-out: Y T-r: -8.77%
c [distill] watch-based irred--  cl tried     9354 cl-sh     0 cl-rem    0 lit-rem      0 T: 0.02 T-out: N
c [distill] watch-based   red--  cl tried    10803 cl-sh     2 cl-rem    0 lit-rem      3 T: 0.02 T-out: Y
c rst  geom  svd   vs  1200  616K    1639   37K   783    5.85    5.77  5630  1670   38K   105   24.95   24.90
c [full-probe]  bin_only: 0 set: 0 repl: 0 T: 0.01 T-out: N T-r: 97.61%
c rst  geom  svd   vs  1201  617K    1639   37K   783    5.85    5.77  5630  1673   40K   105   25.54   25.49
c rst  geom  svd   vs  1202  619K    1639   37K   783    5.85    5.77  5630  1682   42K   105   26.11   26.06
c rst  geom  svd   vs  1203  621K    1639   37K   783    5.85    5.77  5644  1635   44K   106   26.46   26.41
c rst  geom  svd   vs  1204  623K    1639   37K   783    5.85    5.77  5644  1639   46K   106   26.50   26.45
c [ccnr] saving best assignment phase to stable_polar
c [ccnr] bumping based on var unsat frequency: conflict_ct
c [ccnr] Bumped vars: 1643 bump type: 6
c [ccnr] time: 0.40
c rst  geom  svd   vs  1205  625K    1639   37K   783    5.85    5.77  5645  1654   48K   106   26.97   26.93
c rst  geom best   vs  1206  628K    1639   37K   783    5.85    5.77  5645  1661   50K   106   27.61   27.56
c rst  geom best   vs  1207  630K    1639   37K   783    5.85    5.77  5674  1670   38K   106   30.40   30.34
c [distill-long-red0] cls tried: 45/45 T: 0.01 T-out: N T-r: 99.92%
c [distill-long-red1] cls tried: 27/1356 T: 0.02 T-out: Y T-r: -6.03%
c rst  geom best   vs  1208  633K    1639   37K   783    5.85    5.77  5674  1682   41K   106   30.77   30.71
c [distill-bin] useful: 0/783/783 lits-rem: 0 cl-rem: 0 0-depth-assigns: 0 T: 0.01 T-out: N
c rst  geom best   vs  1209  637K    1639   37K   783    5.85    5.77  5675  1692   45K   106   31.08   31.02
c [full-probe]  bin_only: 1 set: 0 repl: 0 T: 0.01 T-out: N T-r: 99.80%
c rst  geom  stb   vs  1210  640K    1639   37K   783    5.85    5.77  5701  1617   48K   106   31.72   31.67
c [distill] watch-based irred--  cl tried     9354 cl-sh     0 cl-rem    0 lit-rem      0 T: 0.01 T-out: N
c [distill] watch-based   red--  cl tried    11401 cl-sh    16 cl-rem    1 lit-rem     21 T: 0.02 T-out: N
c [gauss] XOR-encoding clauses are not detached, so no need to reattach them.
c [g 0] truth-find prop checks  : 1099K
c [g 0] -> of which prop        : 62.50 %
c [g 0] -> of which confl       :  1.18 %
c [g 0] elim called             : 46K
c [g 0] ---> which lead to prop : 112.48 %
c [g 0] ---> which lead to confl:  3.35 %
c [g 0] size: 83    x 521  
c [scc] new: 0 BP 0M T: 0.00
c [vrep] vars 0 lits 0 rem-bin-cls 0 rem-long-cls 0 BP 0M T: 0.01
c [intree] Set 0 vars hyper-added: 1 trans-irred: 0 trans-red: 1 T: 0.02 T-out: N T-r: -0.38%
c [find&init matx] performing matrix init
c [gauss] XOR-encoding clauses are not detached, so no need to reattach them.
c [xor-rem-unconnected] left with 1066 xors from 1066 non-empty xors T: 0.00
c [xor-together] xored together: 983 orig xors: 1066 new xors: 83 T: 0.00
c [xor-rem-unconnected] left with 83 xors from 83 non-empty xors T: 0.00
c [xor-clean-equiv] removed equivalent xors: 0 left with: 83
c [matrix] unused xors from cleaning: 0
c [matrix] Good   matrix 0 83      x521    density:0.1008  xorlen avg: 52.52
c [matrix] Using 1 matrices recovered from 0 xors T: 0.00 T-out: N
c rst  geom stb  vs   1211  644 K 1639      37K   783 5.85    5.77     5700  1619   52K   106 32.40   32.35  
c rst  geom stb  vs   1212  649 K 1639      37K   783 5.85    5.77     5705  1706   42K   106 34.69   34.62  
c [distill-long-red0] cls tried: 41/41 T: 0.01 T-out: N T-r: 99.92%
c [distill-long-red1] cls tried: 97/1396 T: 0.02 T-out: Y T-r: -2.33%
c [impl-str] lit bin: 0 set-var: 0 T: 0.00 T-out: N T-r: 99.96% w-visit: 3286
c [impl-sub] bin: 0 T: 0.00 T-out: N w-visit: 3286
c rst  geom ibes vs   1213  653 K 1639      37K   783 5.85    5.77     5717  1637   47K   106 34.00   33.94  
c [distill-bin] useful: 0/783/783 lits-rem: 0 cl-rem: 0 0-depth-assigns: 0 T: 0.01 T-out: N
c rst  geom ibes vs   1214  659 K 1639      37K   783 5.85    5.77     5717  1637   52K   106 32.91   32.86  
c [full-probe]  bin_only: 0 set: 0 repl: 0 T: 0.01 T-out: N T-r: 97.56%
c rst  geom ibes vs   1215  665 K 1639      37K   783 5.85    5.77     5725  1337   44K   108 31.41   31.34  
c [distill-long-red0] cls tried: 20/20 T: 0.00 T-out: N T-r: 99.95%
c [distill-long-red1] cls tried: 116/1011 T: 0.01 T-out: Y T-r: -2.18%
c rst  geom svd  vs   1216  671 K 1639      37K   783 5.85    5.77     5744  1053   50K   108 32.96   32.90  
c [branch] adjusting to: vmtf (from: vsid) var_decay:0.95 descr: VMTF
c [distill] watch-based irred--  cl tried 9354     cl-sh 0     cl-rem 0    lit-rem 0      T: 0.01 T-out: N
c [distill] watch-based red  --  cl tried 11488    cl-sh 4     cl-rem 0    lit-rem 7      T: 0.01 T-out: N
c [ccnr] saving best assignment phase to stable_polar
c [ccnr] bumping based on var unsat frequency: conflict_ct
c [ccnr] Bumped vars: 1643 bump type: 6
c [ccnr] time: 0.40
c rst  luby svd  vmt  1217  671 K 1639      37K   783 5.85    5.77     5747  1064   50K   108 32.94   32.88  
c rst  luby svd  vmt  1218  671 K 1639      37K   783 5.85    5.77     5747  1064   50K   108 32.94   32.88  
c rst  luby svd  vmt  1219  671 K 1639      37K   783 5.85    5.77     5747  1066   51K   108 33.03   32.98  
c rst  luby svd  vmt  1220  672 K 1639      37K   783 5.85    5.77     5747  1066   51K   108 33.06   33.00  
c rst  luby svd  vmt  1221  672 K 1639      37K   783 5.85    5.77     5747  1066   51K   108 33.09   33.03  
c rst  luby svd  vmt  1222  672 K 1639      37K   783 5.85    5.77     5747  1067   51K   108 33.17   33.11  
c rst  luby svd  vmt  1223  672 K 1639      37K   783 5.85    5.77     5747  1070   51K   108 33.21   33.15  
c rst  luby svd  vmt  1224  672 K 1639      37K   783 5.85    5.77     5747  1071   51K   108 33.22   33.16  
c rst  luby svd  vmt  1225  672 K 1639      37K   783 5.85    5.77     5747  1071   52K   108 33.23   33.17  
c rst  luby svd  vmt  1226  673 K 1639      37K   783 5.85    5.77     5747  1074   52K   108 33.24   33.18  
c rst  luby svd  vmt  1227  673 K 1639      37K   783 5.85    5.77     5747  1074   52K   108 33.26   33.20  
c rst  luby svd  vmt  1228  673 K 1639      37K   783 5.85    5.77     5747  1074   52K   108 33.29   33.24  
c rst  luby svd  vmt  1229  673 K 1639      37K   783 5.85    5.77     5747  1075   52K   108 33.30   33.24  
c rst  luby svd  vmt  1230  673 K 1639      37K   783 5.85    5.77     5747  1076   53K   108 33.36   33.31  
c rst  luby svd  vmt  1231  674 K 1639      37K   783 5.85    5.77     5747  1077   53K   108 33.47   33.42  
c [distill-bin] useful: 0/783/783 lits-rem: 0 cl-rem: 0 0-depth-assigns: 0 T: 0.01 T-out: N
c rst  luby svd  vmt  1232  674 K 1639      37K   783 5.85    5.77     5747  1077   53K   108 33.49   33.44  
c rst  luby svd  vmt  1233  674 K 1639      37K   783 5.85    5.77     5747  1077   54K   108 33.50   33.44  
c rst  luby svd  vmt  1234  675 K 1639      37K   783 5.85    5.77     5751  1169   38K   108 31.36   31.29  
c rst  luby svd  vmt  1235  675 K 1639      37K   783 5.85    5.77     5751  1169   38K   108 31.34   31.27  
c rst  luby svd  vmt  1236  675 K 1639      37K   783 5.85    5.77     5751  1169   38K   108 31.34   31.27  
c rst  luby svd  vmt  1237  675 K 1639      37K   783 5.85    5.77     5751  1170   39K   108 31.30   31.23  
c rst  luby svd  vmt  1238  675 K 1639      37K   783 5.85    5.77     5751  1171   39K   108 31.32   31.26  
c rst  luby svd  vmt  1239  676 K 1639      37K   783 5.85    5.77     5751  1172   39K   108 31.35   31.29  
c rst  luby svd  vmt  1240  676 K 1639      37K   783 5.85    5.77     5751  1174   39K   108 31.37   31.30  
c rst  luby svd  vmt  1241  676 K 1639      37K   783 5.85    5.77     5751  1177   39K   108 31.39   31.33  
c rst  luby svd  vmt  1242  676 K 1639      37K   783 5.85    5.77     5751  1178   39K   108 31.40   31.34  
c rst  luby svd  vmt  1243  676 K 1639      37K   783 5.85    5.77     5751  1178   40K   108 31.43   31.36  
c rst  luby svd  vmt  1244  676 K 1639      37K   783 5.85    5.77     5751  1179   40K   108 31.48   31.41  
c rst  luby svd  vmt  1245  677 K 1639      37K   783 5.85    5.77     5751  1179   40K   108 31.53   31.46  
c rst  geom best vmt  1246  677 K 1639      37K   783 5.85    5.77     5751  1179   40K   108 31.56   31.49  
c rst  geom best vmt  1247  677 K 1639      37K   783 5.85    5.77     5751  1179   40K   108 31.59   31.52  
c rst  geom best vmt  1248  677 K 1639      37K   783 5.85    5.77     5751  1179   41K   108 31.60   31.54  
c rst  geom best vmt  1249  677 K 1639      37K   783 5.85    5.77     5751  1179   41K   108 31.68   31.62  
c rst  geom best vmt  1250  677 K 1639      37K   783 5.85    5.77     5751  1179   41K   108 31.67   31.61  
c rst  geom best vmt  1251  677 K 1639      37K   783 5.85    5.77     5751  1179   41K   108 31.66   31.60  
c rst  geom best vmt  1252  678 K 1639      37K   783 5.85    5.77     5751  1180   41K   108 31.66   31.59  
c rst  geom best vmt  1253  678 K 1639      37K   783 5.85    5.77     5751  1181   41K   108 31.67   31.61  
c rst  geom best vmt  1254  678 K 1639      37K   783 5.85    5.77     5751  1181   42K   108 31.71   31.65  
c rst  geom best vmt  1255  678 K 1639      37K   783 5.85    5.77     5751  1181   42K   108 31.78   31.71  
c rst  geom best vmt  1256  679 K 1639      37K   783 5.85    5.77     5751  1182   42K   108 31.81   31.74  
c rst  geom best vmt  1257  679 K 1639      37K   783 5.85    5.77     5751  1183   43K   108 31.89   31.83  
c [full-probe]  bin_only: 1 set: 0 repl: 0 T: 0.01 T-out: N T-r: 99.81%
c rst  geom best vmt  1258  679 K 1639      37K   783 5.85    5.77     5751  1185   43K   110 31.92   31.85  
c rst  geom best vmt  1259  680 K 1639      37K   783 5.85    5.77     5780   960   43K   110 31.96   31.90  
c [distill-long-red0] cls tried: 55/55 T: 0.01 T-out: N T-r: 99.88%
c [distill-long-red1] cls tried: 71/673 T: 0.01 T-out: Y T-r: -3.75%
c rst  geom best vmt  1260  680 K 1639      37K   783 5.85    5.77     5780   961   44K   110 31.96   31.89  
c rst  geom best vmt  1261  681 K 1639      37K   783 5.85    5.77     5780   962   44K   110 31.98   31.92  
c rst  geom best vmt  1262  681 K 1639      37K   783 5.85    5.77     5780   964   45K   110 32.07   32.00  
c rst  geom best vmt  1263  682 K 1639      37K   783 5.85    5.77     5780   967   45K   110 32.05   31.99  
c rst  geom best vmt  1264  682 K 1639      37K   783 5.85    5.77     5780   968   46K   110 32.12   32.05  
c rst  geom best vmt  1265  683 K 1639      37K   783 5.85    5.77     5780   969   47K   110 32.14   32.08  
c rst  geom best vmt  1266  684 K 1639      37K   783 5.85    5.77     5780   971   47K   110 32.03   31.97  
c rst  geom best vmt  1267  684 K 1639      37K   783 5.85    5.77     5780   971   48K   110 32.09   32.03  
c rst  geom best vmt  1268  685 K 1639      37K   783 5.85    5.77     5780   978   49K   110 32.14   32.08  
c rst  geom best vmt  1269  686 K 1639      37K   783 5.85    5.77     5780   991   50K   110 32.26   32.20  
c rst  geom best vmt  1270  687 K 1639      37K   783 5.85    5.77     5780   992   51K   110 32.46   32.41  
c rst  geom best vmt  1271  688 K 1639      37K   783 5.85    5.77     5780   993   52K   110 32.70   32.65  
c rst  geom best vmt  1272  690 K 1639      37K   783 5.85    5.77     5805  1019   38K   110 32.02   31.95  
c rst  geom stb  vmt  1273  691 K 1639      37K   783 5.85    5.77     5805  1020   40K   110 32.20   32.13  
c rst  geom stb  vmt  1274  693 K 1639      37K   783 5.85    5.77     5807  1023   41K   110 32.23   32.16  
c rst  geom stb  vmt  1275  694 K 1639      37K   783 5.85    5.77     5807  1034   43K   110 32.44   32.37  
c [distill-bin] useful: 0/783/783 lits-rem: 0 cl-rem: 0 0-depth-assigns: 0 T: 0.01 T-out: N
c rst  geom stb  vmt  1276  696 K 1639      37K   783 5.85    5.77     5807  1052   45K   110 32.75   32.69  
c [distill-long-red0] cls tried: 25/25 T: 0.00 T-out: N T-r: 99.94%
c [distill-long-red1] cls tried: 75/707 T: 0.02 T-out: Y T-r: -1.48%
c [distill] watch-based irred--  cl tried 9354     cl-sh 0     cl-rem 0    lit-rem 0      T: 0.00 T-out: N
c [distill] watch-based red  --  cl tried 11614    cl-sh 5     cl-rem 0    lit-rem 7      T: 0.01 T-out: N
c rst  geom stb  vmt  1277  698 K 1639      37K   783 5.85    5.77     5808  1055   47K   110 33.18   33.11  
c rst  geom stb  vmt  1278  700 K 1639      37K   783 5.85    5.77     5846   971   49K   110 33.72   33.66  
c [full-probe]  bin_only: 0 set: 0 repl: 0 T: 0.01 T-out: N T-r: 97.76%
c rst  geom stb  vmt  1279  703 K 1639      37K   783 5.85    5.77     5846   978   52K   112 34.08   34.02  
c rst  geom ibes vmt  1280  706 K 1639      37K   783 5.85    5.77     5852  1090   39K   112 35.56   35.48  
c [gauss] XOR-encoding clauses are not detached, so no need to reattach them.
c [g 0] truth-find prop checks  : 2483K
c [g 0] -> of which prop        : 63.56 %
c [g 0] -> of which confl       :  1.17 %
c [g 0] elim called             : 88K
c [g 0] ---> which lead to prop : 117.92 %
c [g 0] ---> which lead to confl:  2.89 %
c [g 0] size: 83    x 521  
c [scc] new: 1 BP 0M T: 0.00
c [vrep] vars 1 lits 2628 rem-bin-cls 10 rem-long-cls 0 BP 0M T: 0.01
c [scc] new: 0 BP 0M T: 0.00
c [vrep] vars 0 lits 0 rem-bin-cls 0 rem-long-cls 0 BP 0M T: 0.01
c [intree] Set 0 vars hyper-added: 0 trans-irred: 0 trans-red: 0 T: 0.01 T-out: N T-r: -1.10%
c [find&init matx] performing matrix init
c [gauss] XOR-encoding clauses are not detached, so no need to reattach them.
c [xor-rem-unconnected] left with 1066 xors from 1066 non-empty xors T: 0.00
c [xor-together] xored together: 979 orig xors: 1066 new xors: 87 T: 0.00
c [xor-rem-unconnected] left with 87 xors from 87 non-empty xors T: 0.00
c [xor-clean-equiv] removed equivalent xors: 0 left with: 87
c [matrix] unused xors from cleaning: 0
c [matrix] Good   matrix 0 87      x524    density:0.0958  xorlen avg: 50.20
c [matrix] Using 1 matrices recovered from 0 xors T: 0.00 T-out: N
c rst  geom ibes vmt  1281  709 K 1638      37K   783 5.85    5.77     5852  1103   42K   104 35.55   35.48  
c [impl-str] lit bin: 0 set-var: 0 T: 0.00 T-out: N T-r: 99.96% w-visit: 3286
c [impl-sub] bin: 1 T: 0.00 T-out: N w-visit: 3286
c rst  geom ibes vmt  1282  712 K 1638      37K   782 5.85    5.77     5872  1052   45K   104 35.30   35.23  
c [distill-long-red0] cls tried: 66/66 T: 0.01 T-out: N T-r: 99.84%
c [distill-long-red1] cls tried: 66/681 T: 0.02 T-out: Y T-r: -2.44%
c rst  geom ibes vmt  1283  716 K 1638      37K   782 5.85    5.77     5873  1069   49K   104 35.35   35.28  
c [distill-bin] useful: 0/782/782 lits-rem: 0 cl-rem: 0 0-depth-assigns: 0 T: 0.01 T-out: N
c [ccnr] saving best assignment phase to stable_polar
c [ccnr] bumping based on clause weights
c [ccnr] Bumped vars: 104 bump type: 6
c [ccnr] time: 0.39
c rst  geom svd  vmt  1284  720 K 1638      37K   782 5.85    5.77     6027  1315   38K   104 33.28   33.21  
c rst  geom svd  vmt  1285  724 K 1638      37K   782 5.85    5.77     6029  1382   42K   104 32.27   32.21  
c [full-probe]  bin_only: 1 set: 0 repl: 0 T: 0.01 T-out: N T-r: 99.81%
c [distill] watch-based irred--  cl tried 9354     cl-sh 0     cl-rem 0    lit-rem 0      T: 0.01 T-out: N
c [distill] watch-based red  --  cl tried 12058    cl-sh 12    cl-rem 0    lit-rem 42     T: 0.01 T-out: N
c rst  geom svd  vmt  1286  729 K 1638      37K   782 5.85    5.77     6033  1422   47K   104 30.97   30.92  
c [distill-long-red0] cls tried: 161/161 T: 0.01 T-out: N T-r: 99.70%
c [distill-long-red1] cls tried: 42/1003 T: 0.02 T-out: Y T-r: -3.01%
c rst  geom best vmt  1287  734 K 1638      37K   782 5.85    5.77     6122  1333   52K   104 29.53   29.48  
c rst  geom best vmt  1288  740 K 1638      37K   782 5.85    5.77     6220  1688   43K   104 25.32   25.28  
c [branch] adjusting to: vsid (from: vmtf) var_decay:0.95 descr: VSIDS
c [distill-bin] useful: 0/782/782 lits-rem: 0 cl-rem: 0 0-depth-assigns: 0 T: 0.01 T-out: N
c rst  geom best vs   1289  740 K 1638      37K   782 5.85    5.77     6220  1690   43K   104 25.38   25.33  
c rst  geom best vs   1290  740 K 1638      37K   782 5.85    5.77     6220  1690   43K   104 25.42   25.38  
c rst  geom best vs   1291  740 K 1638      37K   782 5.85    5.77     6220  1693   43K   104 25.47   25.43  
c rst  geom best vs   1292  740 K 1638      37K   782 5.85    5.77     6220  1693   43K   104 25.51   25.47  
c rst  geom best vs   1293  741 K 1638      37K   782 5.85    5.77     6220  1693   43K   104 25.56   25.52  
c rst  geom best vs   1294  741 K 1638      37K   782 5.85    5.77     6220  1693   44K   104 25.66   25.62  
c rst  geom best vs   1295  741 K 1638      37K   782 5.85    5.77     6220  1696   44K   104 25.70   25.66  
c rst  geom best vs   1296  741 K 1638      37K   782 5.85    5.77     6220  1697   44K   104 25.73   25.69  
c rst  geom stb  vs   1297  741 K 1638      37K   782 5.85    5.77     6220  1697   44K   104 25.81   25.76  
c rst  geom stb  vs   1298  742 K 1638      37K   782 5.85    5.77     6220  1697   44K   104 25.88   25.83  
c rst  geom stb  vs   1299  742 K 1638      37K   782 5.85    5.77     6220  1698   45K   104 25.98   25.93  
c rst  geom stb  vs   1300  742 K 1638      37K   782 5.85    5.77     6220  1698   45K   104 26.06   26.02  
c rst  geom stb  vs   1301  743 K 1638      37K   782 5.85    5.77     6220  1699   45K   104 26.17   26.12  
c rst  geom stb  vs   1302  743 K 1638      37K   782 5.85    5.77     6220  1700   46K   104 26.22   26.17  
c rst  geom stb  vs   1303  743 K 1638      37K   782 5.85    5.77     6220  1700   46K   104 26.28   26.23  
c rst  geom stb  vs   1304  744 K 1638      37K   782 5.85    5.77     6220  1700   47K   104 26.28   26.24  
c [distill-long-red0] cls tried: 177/177 T: 0.02 T-out: N T-r: 99.49%
c [distill-long-red1] cls tried: 39/1279 T: 0.02 T-out: Y T-r: -4.90%
c rst  geom stb  vs   1305  744 K 1638      37K   782 5.85    5.77     6220  1701   47K   104 26.34   26.30  
c [full-probe]  bin_only: 0 set: 0 repl: 0 T: 0.01 T-out: N T-r: 97.90%
c rst  geom stb  vs   1306  745 K 1638      37K   782 5.85    5.77     6220  1701   48K   104 26.50   26.46  
c rst  geom stb  vs   1307  746 K 1638      37K   782 5.85    5.77     6220  1702   48K   104 26.68   26.63  
c rst  geom stb  vs   1308  746 K 1638      37K   782 5.85    5.77     6220  1703   49K   104 26.84   26.79  
c rst  geom stb  vs   1309  747 K 1638      37K   782 5.85    5.77     6220  1703   50K   104 26.97   26.93  
c rst  geom stb  vs   1310  748 K 1638      37K   782 5.85    5.77     6220  1703   50K   104 26.92   26.88  
c rst  geom stb  vs   1311  749 K 1638      37K   782 5.85    5.77     6220  1704   51K   104 27.03   26.99  
c rst  geom stb  vs   1312  750 K 1638      37K   782 5.85    5.77     6225  1876   37K   104 22.78   22.73  
c [distill] watch-based irred--  cl tried 9354     cl-sh 0     cl-rem 0    lit-rem 0      T: 0.02 T-out: N
c [distill] watch-based red  --  cl tried 12450    cl-sh 4     cl-rem 0    lit-rem 7      T: 0.02 T-out: N
c rst  geom stb  vs   1313  751 K 1638      37K   782 5.85    5.77     6242  1782   39K   104 22.88   22.84  
c rst  geom stb  vs   1314  752 K 1638      37K   782 5.85    5.77     6242  1784   40K   104 23.27   23.23  
c rst  geom stb  vs   1315  753 K 1638      37K   782 5.85    5.77     6242  1786   41K   104 24.01   23.96  
c rst  geom stb  vs   1316  754 K 1638      37K   782 5.85    5.77     6242  1791   42K   104 24.57   24.52  
c rst  geom ibes vs   1317  756 K 1638      37K   782 5.85    5.77     6242  1793   44K   104 24.96   24.91  
c rst  geom ibes vs   1318  758 K 1638      37K   782 5.85    5.77     6242  1796   46K   104 25.10   25.05  
c rst  geom ibes vs   1319  760 K 1638      37K   782 5.85    5.77     6242  1797   47K   104 25.57   25.52  
c [distill-long-red0] cls tried: 22/22 T: 0.00 T-out: N T-r: 99.95%
c [distill-long-red1] cls tried: 38/1372 T: 0.01 T-out: Y T-r: -5.06%
c rst  geom ibes vs   1320  762 K 1638      37K   782 5.85    5.77     6257  1709   50K   104 25.96   25.92  
c [distill-bin] useful: 0/782/782 lits-rem: 0 cl-rem: 0 0-depth-assigns: 0 T: 0.01 T-out: N
c [ccnr] saving best assignment phase to stable_polar
c [ccnr] bumping based on var unsat frequency: conflict_ct
c [ccnr] Bumped vars: 1643 bump type: 6
c [ccnr] time: 0.38
c rst  geom ibes vs   1321  764 K 1638      37K   782 5.85    5.77     6257  1710   52K   104 26.07   26.03  
c rst  geom ibes vs   1322  766 K 1638      37K   782 5.85    5.77     6259  1787   40K   104 25.92   25.86  
c [full-probe]  bin_only: 1 set: 0 repl: 0 T: 0.01 T-out: N T-r: 99.82%
c rst  geom ibes vs   1323  769 K 1638      37K   782 5.85    5.77     6259  1789   43K   104 26.40   26.35  
c [impl-str] lit bin: 0 set-var: 0 T: 0.00 T-out: N T-r: 99.96% w-visit: 3286
c [impl-sub] bin: 0 T: 0.00 T-out: N w-visit: 3286
c rst  geom svd  vs   1324  772 K 1638      37K   782 5.85    5.77     6281  1681   46K   104 27.32   27.27  
c [gauss] XOR-encoding clauses are not detached, so no need to reattach them.
c [g 0] truth-find prop checks  : 3352K
c [g 0] -> of which prop        : 49.82 %
c [g 0] -> of which confl       :  1.05 %
c [g 0] elim called             : 163K
c [g 0] ---> which lead to prop : 71.76 %
c [g 0] ---> which lead to confl:  1.34 %
c [g 0] size: 87    x 524  
c [scc] new: 0 BP 0M T: 0.00
c [vrep] vars 0 lits 0 rem-bin-cls 0 rem-long-cls 0 BP 0M T: 0.01
c [intree] Set 0 vars hyper-added: 0 trans-irred: 0 trans-red: 0 T: 0.01 T-out: N T-r: -1.04%
c [find&init matx] performing matrix init
c [gauss] XOR-encoding clauses are not detached, so no need to reattach them.
c [xor-rem-unconnected] left with 1066 xors from 1066 non-empty xors T: 0.00
c [xor-together] xored together: 979 orig xors: 1066 new xors: 87 T: 0.00
c [xor-rem-unconnected] left with 87 xors from 87 non-empty xors T: 0.00
c [xor-clean-equiv] removed equivalent xors: 0 left with: 87
c [matrix] unused xors from cleaning: 0
c [matrix] Good   matrix 0 87      x524    density:0.0958  xorlen avg: 50.20
c [matrix] Using 1 matrices recovered from 0 xors T: 0.00 T-out: N
c rst  geom svd  vs   1325  775 K 1638      37K   782 5.85    5.77     6281  1682   49K   104 27.99   27.94  
c [distill-long-red0] cls tried: 37/37 T: 0.01 T-out: N T-r: 99.91%
c [distill-long-red1] cls tried: 59/1289 T: 0.01 T-out: Y T-r: -3.77%
c [distill] watch-based irred--  cl tried 9354     cl-sh 0     cl-rem 0    lit-rem 0      T: 0.01 T-out: N
c [distill] watch-based red  --  cl tried 12562    cl-sh 4     cl-rem 0    lit-rem 5      T: 0.02 T-out: N
c rst  geom svd  vs   1326  779 K 1638      37K   782 5.85    5.77     6281  1689   53K   104 28.80   28.75  
c rst  geom svd  vs   1327  783 K 1638      37K   782 5.85    5.77     6287  1634   39K   104 33.05   32.98  
c [distill-bin] useful: 0/782/782 lits-rem: 0 cl-rem: 0 0-depth-assigns: 0 T: 0.01 T-out: N
c rst  geom best vs   1328  787 K 1638      37K   782 5.85    5.77     6287  1638   44K   104 33.19   33.13  
c [full-probe]  bin_only: 0 set: 0 repl: 0 T: 0.01 T-out: N T-r: 97.32%
c rst  geom best vs   1329  792 K 1638      37K   782 5.85    5.77     6438  1921   48K   104 32.46   32.40  
c [distill-long-red0] cls tried: 161/161 T: 0.02 T-out: N T-r: 99.70%
c [distill-long-red1] cls tried: 47/1556 T: 0.02 T-out: Y T-r: -2.10%
c rst  geom best vs   1330  797 K 1638      37K   782 5.85    5.77     6478  2505   38K   104 29.66   29.60  
c rst  geom stb  vs   1331  803 K 1638      37K   782 5.85    5.77     6730  2118   44K   104 28.81   28.76  
c [distill-bin] useful: 0/782/782 lits-rem: 0 cl-rem: 0 0-depth-assigns: 0 T: 0.01 T-out: N
c [distill] watch-based irred--  cl tried 9354     cl-sh 0     cl-rem 0    lit-rem 0      T: 0.01 T-out: N
c [distill] watch-based red  --  cl tried 13460    cl-sh 16    cl-rem 0    lit-rem 30     T: 0.02 T-out: N
c rst  geom stb  vs   1332  810 K 1638      37K   782 5.85    5.77     6838  2475   37K   104 25.55   25.50  
c [distill-long-red0] cls tried: 388/388 T: 0.05 T-out: N T-r: 98.78%
c [distill-long-red1] cls tried: 34/2146 T: 0.02 T-out: Y T-r: -1.75%
c [full-probe]  bin_only: 1 set: 0 repl: 0 T: 0.01 T-out: N T-r: 99.79%
c [ccnr] saving best assignment phase to stable_polar
c [ccnr] bumping based on var unsat frequency: conflict_ct
c [ccnr] Bumped vars: 1643 bump type: 6
c [ccnr] time: 0.38
c rst  geom stb  vs   1333  817 K 1638      37K   782 5.85    5.77     6838  2552   44K   104 24.56   24.52  
c rst  geom ibes vs   1334  825 K 1638      37K   782 5.85    5.77     6947  2940   37K   104 18.67   18.63  
c [branch] adjusting to: vmtf (from: vsid) var_decay:0.95 descr: VMTF
c [distill-bin] useful: 0/782/782 lits-rem: 0 cl-rem: 0 0-depth-assigns: 0 T: 0.01 T-out: N
c rst  luby ibes vmt  1335  825 K 1638      37K   782 5.85    5.77     6951  2962   37K   106 18.66   18.62  
c rst  luby ibes vmt  1336  825 K 1638      37K   782 5.85    5.77     6951  2963   37K   106 18.76   18.72  
c [distill-long-red0] cls tried: 110/110 T: 0.02 T-out: N T-r: 99.56%
c [distill-long-red1] cls tried: 23/2644 T: 0.02 T-out: Y T-r: -3.65%
c rst  luby ibes vmt  1337  825 K 1638      37K   782 5.85    5.77     6951  2966   37K   106 18.87   18.84  
c rst  luby ibes vmt  1338  825 K 1638      37K   782 5.85    5.77     6951  2966   38K   106 18.91   18.87  
c rst  luby ibes vmt  1339  825 K 1638      37K   782 5.85    5.77     6951  2967   38K   106 18.97   18.94  
c rst  luby ibes vmt  1340  825 K 1638      37K   782 5.85    5.77     6951  2967   38K   106 19.08   19.04  
c rst  luby ibes vmt  1341  826 K 1638      37K   782 5.85    5.77     6951  2969   38K   106 19.27   19.23  
c rst  luby ibes vmt  1342  826 K 1638      37K   782 5.85    5.77     6951  2969   38K   106 19.31   19.27  
c rst  luby ibes vmt  1343  826 K 1638      37K   782 5.85    5.77     6951  2969   39K   106 19.34   19.30  
c rst  luby ibes vmt  1344  826 K 1638      37K   782 5.85    5.77     6951  2969   39K   106 19.41   19.37  
c rst  luby ibes vmt  1345  826 K 1638      37K   782 5.85    5.77     6951  2969   39K   106 19.42   19.39  
c rst  luby ibes vmt  1346  826 K 1638      37K   782 5.85    5.77     6951  2969   39K   106 19.46   19.43  
c rst  luby ibes vmt  1347  827 K 1638      37K   782 5.85    5.77     6951  2969   39K   106 19.56   19.52  
c rst  luby ibes vmt  1348  827 K 1638      37K   782 5.85    5.77     6951  2969   40K   106 19.65   19.61  
c rst  luby ibes vmt  1349  828 K 1638      37K   782 5.85    5.77     6951  2970   40K   106 19.94   19.91  
c rst  luby ibes vmt  1350  828 K 1638      37K   782 5.85    5.77     6951  2970   40K   106 19.98   19.94  
c rst  luby ibes vmt  1351  828 K 1638      37K   782 5.85    5.77     6951  2972   41K   106 20.03   19.99  
c rst  luby ibes vmt  1352  828 K 1638      37K   782 5.85    5.77     6951  2972   41K   106 20.14   20.10  
c rst  luby ibes vmt  1353  828 K 1638      37K   782 5.85    5.77     6951  2972   41K   106 20.18   20.15  
c rst  luby ibes vmt  1354  828 K 1638      37K   782 5.85    5.77     6951  2972   41K   106 20.22   20.19  
c [distill] watch-based irred--  cl tried 9354     cl-sh 0     cl-rem 0    lit-rem 0      T: 0.02 T-out: N
c [distill] watch-based red  --  cl tried 13040    cl-sh 5     cl-rem 0    lit-rem 6      T: 0.03 T-out: Y
c rst  luby ibes vmt  1355  829 K 1638      37K   782 5.85    5.77     6951  2972   41K   106 20.27   20.24  
c rst  luby ibes vmt  1356  829 K 1638      37K   782 5.85    5.77     6951  2972   42K   106 20.41   20.38  
c rst  luby ibes vmt  1357  829 K 1638      37K   782 5.85    5.77     6951  2973   42K   106 20.45   20.41  
c [impl-str] lit bin: 0 set-var: 0 T: 0.00 T-out: N T-r: 99.96% w-visit: 3286
c [impl-sub] bin: 2 T: 0.00 T-out: N w-visit: 3286
c rst  luby ibes vmt  1358  829 K 1638      37K   782 5.85    5.77     6951  2973   42K   104 20.51   20.48  
c rst  luby ibes vmt  1359  829 K 1638      37K   782 5.85    5.77     6951  2975   42K   104 20.55   20.51  
c rst  luby ibes vmt  1360  829 K 1638      37K   782 5.85    5.77     6951  2975   42K   104 20.58   20.54  
c rst  luby ibes vmt  1361  830 K 1638      37K   782 5.85    5.77     7006  2847   42K   104 20.59   20.56  
c rst  luby ibes vmt  1362  830 K 1638      37K   782 5.85    5.77     7006  2847   42K   104 20.71   20.67  
c [full-probe]  bin_only: 0 set: 0 repl: 0 T: 0.01 T-out: N T-r: 98.32%
c rst  luby ibes vmt  1363  830 K 1638      37K   782 5.85    5.77     7006  2848   43K   104 20.82   20.78  
c rst  luby svd  vmt  1364  831 K 1638      37K   782 5.85    5.77     7006  2852   44K   104 21.11   21.07  
c rst  luby svd  vmt  1365  833 K 1638      37K   782 5.85    5.77     7007  2860   45K   104 21.58   21.55  
c rst  luby svd  vmt  1366  833 K 1638      37K   782 5.85    5.77     7007  2862   45K   104 21.63   21.60  
c rst  luby svd  vmt  1367  833 K 1638      37K   782 5.85    5.77     7007  2862   45K   104 21.67   21.63  
c rst  luby svd  vmt  1368  833 K 1638      37K   782 5.85    5.77     7007  2862   46K   104 21.72   21.68  
c rst  luby svd  vmt  1369  833 K 1638      37K   782 5.85    5.77     7007  2864   46K   104 21.74   21.70  
c rst  luby svd  vmt  1370  833 K 1638      37K   782 5.85    5.77     7007  2865   46K   104 21.77   21.73  
c rst  luby svd  vmt  1371  833 K 1638      37K   782 5.85    5.77     7007  2865   46K   104 21.84   21.81  
c rst  luby svd  vmt  1372  834 K 1638      37K   782 5.85    5.77     7007  2866   46K   104 21.94   21.91  
c rst  luby svd  vmt  1373  834 K 1638      37K   782 5.85    5.77     7007  2867   46K   104 21.98   21.94  
c rst  luby svd  vmt  1374  834 K 1638      37K   782 5.85    5.77     7007  2867   47K   104 22.01   21.97  
c rst  luby svd  vmt  1375  834 K 1638      37K   782 5.85    5.77     7007  2867   47K   104 22.05   22.02  
c rst  luby svd  vmt  1376  834 K 1638      37K   782 5.85    5.77     7007  2868   47K   104 22.07   22.03  
c rst  luby svd  vmt  1377  834 K 1638      37K   782 5.85    5.77     7007  2868   47K   104 22.08   22.04  
c rst  luby svd  vmt  1378  835 K 1638      37K   782 5.85    5.77     7007  2868   47K   104 22.15   22.11  
c rst  luby svd  vmt  1379  835 K 1638      37K   782 5.85    5.77     7007  2868   48K   104 22.20   22.17  
c rst  luby svd  vmt  1380  836 K 1638      37K   782 5.85    5.77     7007  2868   48K   104 22.31   22.27  
c rst  luby svd  vmt  1381  836 K 1638      37K   782 5.85    5.77     7007  2868   49K   104 22.33   22.29  
c rst  luby svd  vmt  1382  836 K 1638      37K   782 5.85    5.77     7007  2868   49K   104 22.35   22.32  
c rst  luby svd  vmt  1383  836 K 1638      37K   782 5.85    5.77     7007  2870   49K   104 22.39   22.36  
c rst  luby svd  vmt  1384  836 K 1638      37K   782 5.85    5.77     7007  2870   49K   104 22.43   22.39  
c rst  luby svd  vmt  1385  836 K 1638      37K   782 5.85    5.77     7007  2871   49K   104 22.45   22.41  
c rst  luby svd  vmt  1386  837 K 1638      37K   782 5.85    5.77     7007  2871   49K   104 22.48   22.45  
c rst  luby svd  vmt  1387  837 K 1638      37K   782 5.85    5.77     7007  2872   50K   104 22.57   22.54  
c rst  luby svd  vmt  1388  837 K 1638      37K   782 5.85    5.77     7007  2872   50K   104 22.60   22.56  
c [gauss] XOR-encoding clauses are not detached, so no need to reattach them.
c [g 0] truth-find prop checks  : 3575K
c [g 0] -> of which prop        : 40.43 %
c [g 0] -> of which confl       :  0.96 %
c [g 0] elim called             : 217K
c [g 0] ---> which lead to prop : 65.56 %
c [g 0] ---> which lead to confl:  1.15 %
c [g 0] size: 87    x 524  
c [scc] new: 0 BP 0M T: 0.00
c [vrep] vars 0 lits 0 rem-bin-cls 0 rem-long-cls 0 BP 0M T: 0.01
c [intree] Set 0 vars hyper-added: 0 trans-irred: 0 trans-red: 0 T: 0.01 T-out: N T-r: -1.20%
c [find&init matx] performing matrix init
c [gauss] XOR-encoding clauses are not detached, so no need to reattach them.
c [xor-rem-unconnected] left with 1066 xors from 1066 non-empty xors T: 0.00
c [xor-together] xored together: 979 orig xors: 1066 new xors: 87 T: 0.00
c [xor-rem-unconnected] left with 87 xors from 87 non-empty xors T: 0.00
c [xor-clean-equiv] removed equivalent xors: 0 left with: 87
c [matrix] unused xors from cleaning: 0
c [matrix] Good   matrix 0 87      x524    density:0.0958  xorlen avg: 50.20
c [matrix] Using 1 matrices recovered from 0 xors T: 0.00 T-out: N
c rst  luby svd  vmt  1389  837 K 1638      37K   782 5.85    5.77     7007  2872   50K   104 22.62   22.58  
c rst  luby svd  vmt  1390  837 K 1638      37K   782 5.85    5.77     7007  2873   50K   104 22.69   22.65  
c rst  luby svd  vmt  1391  838 K 1638      37K   782 5.85    5.77     7007  2874   50K   104 22.72   22.69  
c rst  luby svd  vmt  1392  838 K 1638      37K   782 5.85    5.77     7007  2874   50K   104 22.75   22.71  
c rst  luby svd  vmt  1393  838 K 1638      37K   782 5.85    5.77     7007  2874   50K   104 22.78   22.74  
c rst  luby svd  vmt  1394  838 K 1638      37K   782 5.85    5.77     7007  2874   51K   104 22.88   22.85  
c rst  luby svd  vmt  1395  839 K 1638      37K   782 5.85    5.77     7007  2876   52K   104 22.98   22.95  
c rst  luby svd  vmt  1396  841 K 1638      37K   782 5.85    5.77     7023  2874   38K   104 23.33   23.28  
c [distill-long-red0] cls tried: 77/77 T: 0.01 T-out: N T-r: 99.80%
c [distill-long-red1] cls tried: 36/2577 T: 0.02 T-out: Y T-r: -2.06%
c rst  luby svd  vmt  1397  844 K 1638      37K   782 5.85    5.77     7023  2887   41K   104 24.56   24.51  
c rst  geom best vmt  1398  844 K 1638      37K   782 5.85    5.77     7023  2887   41K   104 24.61   24.56  
c rst  geom best vmt  1399  844 K 1638      37K   782 5.85    5.77     7023  2887   42K   104 24.65   24.60  
c rst  geom best vmt  1400  844 K 1638      37K   782 5.85    5.77     7023  2888   42K   104 24.72   24.67  
c rst  geom best vmt  1401  844 K 1638      37K   782 5.85    5.77     7023  2888   42K   104 24.73   24.69  
c rst  geom best vmt  1402  845 K 1638      37K   782 5.85    5.77     7023  2888   42K   104 24.76   24.71  
c rst  geom best vmt  1403  845 K 1638      37K   782 5.85    5.77     7023  2889   42K   104 24.80   24.75  
c [distill-bin] useful: 0/782/782 lits-rem: 0 cl-rem: 0 0-depth-assigns: 0 T: 0.01 T-out: N
c rst  geom best vmt  1404  845 K 1638      37K   782 5.85    5.77     7023  2890   42K   104 24.84   24.80  
c rst  geom best vmt  1405  845 K 1638      37K   782 5.85    5.77     7023  2890   43K   104 24.87   24.83  
c rst  geom best vmt  1406  845 K 1638      37K   782 5.85    5.77     7023  2891   43K   104 24.95   24.91  
c rst  geom best vmt  1407  846 K 1638      37K   782 5.85    5.77     7023  2891   43K   104 25.03   24.98  
c rst  geom best vmt  1408  846 K 1638      37K   782 5.85    5.77     7023  2891   43K   104 25.08   25.03  
c rst  geom best vmt  1409  846 K 1638      37K   782 5.85    5.77     7023  2892   44K   104 25.12   25.07  
c rst  geom best vmt  1410  847 K 1638      37K   782 5.85    5.77     7023  2892   44K   104 25.07   25.02  
c rst  geom best vmt  1411  847 K 1638      37K   782 5.85    5.77     7023  2892   44K   104 25.13   25.08  
c rst  geom best vmt  1412  847 K 1638      37K   782 5.85    5.77     7023  2895   45K   104 25.19   25.15  
c rst  geom best vmt  1413  848 K 1638      37K   782 5.85    5.77     7023  2899   45K   104 25.30   25.26  
c rst  geom best vmt  1414  848 K 1638      37K   782 5.85    5.77     7023  2899   46K   104 25.38   25.33  
c rst  geom best vmt  1415  849 K 1638      37K   782 5.85    5.77     7023  2901   46K   104 25.56   25.52  
c rst  geom best vmt  1416  849 K 1638      37K   782 5.85    5.77     7023  2901   47K   104 25.77   25.73  
c rst  geom best vmt  1417  850 K 1638      37K   782 5.85    5.77     7042  2878   48K   104 25.87   25.82  
c [full-probe]  bin_only: 1 set: 0 repl: 0 T: 0.01 T-out: N T-r: 99.84%
c rst  geom best vmt  1418  851 K 1638      37K   782 5.85    5.77     7042  2878   48K   104 25.85   25.81  
c rst  geom best vmt  1419  852 K 1638      37K   782 5.85    5.77     7042  2878   49K   104 25.93   25.89  
c rst  geom best vmt  1420  852 K 1638      37K   782 5.85    5.77     7042  2884   50K   104 26.04   26.00  
c rst  geom best vmt  1421  853 K 1638      37K   782 5.85    5.77     7042  2892   51K   104 26.34   26.30  
c [distill] watch-based irred--  cl tried 9354     cl-sh 0     cl-rem 0    lit-rem 0      T: 0.02 T-out: N
c [distill] watch-based red  --  cl tried 13748    cl-sh 3     cl-rem 0    lit-rem 3      T: 0.02 T-out: Y
c rst  geom best vmt  1422  854 K 1638      37K   782 5.85    5.77     7042  2901   52K   104 26.57   26.53  
c [ccnr] saving best assignment phase to stable_polar
c [ccnr] bumping based on clause weights
c [ccnr] Bumped vars: 104 bump type: 6
c [ccnr] time: 0.39
c rst  geom best vmt  1423  856 K 1638      37K   782 5.85    5.77     7048  3038   38K   104 28.49   28.44  
c rst  geom best vmt  1424  857 K 1638      37K   782 5.85    5.77     7048  3052   40K   104 28.32   28.27  
c [distill-long-red0] cls tried: 26/26 T: 0.00 T-out: N T-r: 99.97%
c [distill-long-red1] cls tried: 40/2718 T: 0.02 T-out: Y T-r: -7.30%
c rst  geom best vmt  1425  858 K 1638      37K   782 5.85    5.77     7048  3058   41K   104 27.96   27.91  
c rst  geom stb  vmt  1426  860 K 1638      37K   782 5.85    5.77     7141  2823   43K   104 27.66   27.61  
c rst  geom stb  vmt  1427  862 K 1638      37K   782 5.85    5.77     7141  2834   44K   104 27.29   27.24  
c rst  geom stb  vmt  1428  863 K 1638      37K   782 5.85    5.77     7143  2861   46K   104 27.01   26.96  
c rst  geom stb  vmt  1429  865 K 1638      37K   782 5.85    5.77     7143  2884   48K   104 26.71   26.67  
c [distill-bin] useful: 0/782/782 lits-rem: 0 cl-rem: 0 0-depth-assigns: 0 T: 0.01 T-out: N
c rst  geom stb  vmt  1430  868 K 1638      37K   782 5.85    5.77     7143  2922   51K   104 26.60   26.56  
c rst  geom stb  vmt  1431  870 K 1638      37K   782 5.85    5.77     7272  2920   38K   104 26.63   26.58  
c [full-probe]  bin_only: 0 set: 0 repl: 0 T: 0.01 T-out: N T-r: 98.20%
c rst  geom stb  vmt  1432  873 K 1638      37K   782 5.85    5.77     7272  2970   41K   104 26.44   26.39  
c [distill-long-red0] cls tried: 219/219 T: 0.03 T-out: N T-r: 99.42%
c [distill-long-red1] cls tried: 40/2719 T: 0.02 T-out: Y T-r: -8.42%
c rst  geom ibes vmt  1433  876 K 1638      37K   782 5.85    5.77     7272  3005   44K   104 25.89   25.85  
c rst  geom ibes vmt  1434  879 K 1638      37K   782 5.85    5.77     7272  3065   47K   104 25.60   25.56  
c [distill] watch-based irred--  cl tried 9354     cl-sh 0     cl-rem 0    lit-rem 0      T: 0.01 T-out: N
c [distill] watch-based red  --  cl tried 14197    cl-sh 3     cl-rem 0    lit-rem 6      T: 0.03 T-out: Y
c rst  geom ibes vmt  1435  883 K 1638      37K   782 5.85    5.77     7418  2704   51K   104 25.09   25.05  
c rst  geom ibes vmt  1436  887 K 1638      37K   782 5.85    5.77     7455  3414   40K   104 20.87   20.83  
c [distill-bin] useful: 0/782/782 lits-rem: 0 cl-rem: 0 0-depth-assigns: 0 T: 0.01 T-out: N
c rst  geom svd  vmt  1437  891 K 1638      37K   782 5.85    5.77     7596  3111   45K   104 20.32   20.28  
c [distill-long-red0] cls tried: 321/321 T: 0.06 T-out: N T-r: 98.36%
c [distill-long-red1] cls tried: 24/2887 T: 0.02 T-out: Y T-r: -8.23%
c [full-probe]  bin_only: 1 set: 0 repl: 0 T: 0.01 T-out: N T-r: 99.74%
c [impl-str] lit bin: 0 set-var: 0 T: 0.00 T-out: N T-r: 99.96% w-visit: 3286
c [impl-sub] bin: 0 T: 0.00 T-out: N w-visit: 3286
c rst  geom svd  vmt  1438  896 K 1638      37K   782 5.85    5.77     7596  3178   49K   104 20.71   20.67  
c rst  geom svd  vmt  1439  901 K 1638      37K   782 5.85    5.77     7738  3451   40K   104 17.75   17.72  
c [ccnr] saving best assignment phase to stable_polar
c [ccnr] bumping based on var unsat frequency: conflict_ct
c [ccnr] Bumped vars: 1643 bump type: 6
c [ccnr] time: 0.38
c rst  geom best vmt  1440  907 K 1638      37K   782 5.85    5.77     7744  3547   45K   104 20.63   20.60  
c [branch] adjusting to: vsid (from: vmtf) var_decay:0.95 descr: VSIDS
c [distill-long-red0] cls tried: 144/144 T: 0.03 T-out: N T-r: 99.18%
c [distill-long-red1] cls tried: 25/3335 T: 0.02 T-out: Y T-r: -5.32%
c [distill-bin] useful: 0/782/782 lits-rem: 0 cl-rem: 0 0-depth-assigns: 0 T: 0.01 T-out: N
c [distill] watch-based irred--  cl tried 9354     cl-sh 0     cl-rem 0    lit-rem 0      T: 0.02 T-out: N
c [distill] watch-based red  --  cl tried 13012    cl-sh 0     cl-rem 0    lit-rem 0      T: 0.03 T-out: Y
c [gauss] XOR-encoding clauses are not detached, so no need to reattach them.
c [g 0] truth-find prop checks  : 4281K
c [g 0] -> of which prop        : 38.42 %
c [g 0] -> of which confl       :  0.98 %
c [g 0] elim called             : 265K
c [g 0] ---> which lead to prop : 53.24 %
c [g 0] ---> which lead to confl:  0.97 %
c [g 0] size: 87    x 524  
c [scc] new: 0 BP 0M T: 0.00
c [vrep] vars 0 lits 0 rem-bin-cls 0 rem-long-cls 0 BP 0M T: 0.01
c [intree] Set 0 vars hyper-added: 0 trans-irred: 0 trans-red: 0 T: 0.01 T-out: N T-r: -1.52%
c [find&init matx] performing matrix init
c [gauss] XOR-encoding clauses are not detached, so no need to reattach them.
c [xor-rem-unconnected] left with 1066 xors from 1066 non-empty xors T: 0.00
c [xor-together] xored together: 979 orig xors: 1066 new xors: 87 T: 0.00
c [xor-rem-unconnected] left with 87 xors from 87 non-empty xors T: 0.00
c [xor-clean-equiv] removed equivalent xors: 0 left with: 87
c [matrix] unused xors from cleaning: 0
c [matrix] Good   matrix 0 87      x524    density:0.0958  xorlen avg: 50.20
c [matrix] Using 1 matrices recovered from 0 xors T: 0.00 T-out: N
c rst  geom best vs   1441  907 K 1638      37K   782 5.85    5.77     7744  3547   45K   104 20.60   20.56  
c rst  geom best vs   1442  907 K 1638      37K   782 5.85    5.77     7744  3547   45K   104 20.59   20.55  
c rst  geom best vs   1443  908 K 1638      37K   782 5.85    5.77     7744  3547   46K   104 20.57   20.54  
c rst  geom best vs   1444  908 K 1638      37K   782 5.85    5.77     7744  3548   46K   104 20.56   20.52  
c rst  geom best vs   1445  908 K 1638      37K   782 5.85    5.77     7744  3548   46K   104 20.55   20.51  
c rst  geom best vs   1446  908 K 1638      37K   782 5.85    5.77     7744  3548   46K   104 20.54   20.50  
c rst  geom best vs   1447  908 K 1638      37K   782 5.85    5.77     7744  3548   46K   104 20.51   20.48  
c rst  geom best vs   1448  908 K 1638      37K   782 5.85    5.77     7744  3548   47K   104 20.50   20.47  
c rst  geom best vs   1449  909 K 1638      37K   782 5.85    5.77     7744  3548   47K   104 20.47   20.44  
c rst  geom best vs   1450  909 K 1638      37K   782 5.85    5.77     7744  3548   47K   104 20.44   20.41  
c rst  geom best vs   1451  909 K 1638      37K   782 5.85    5.77     7744  3550   47K   104 20.42   20.38  
c rst  geom best vs   1452  910 K 1638      37K   782 5.85    5.77     7745  3552   48K   104 20.40   20.36  
c rst  geom best vs   1453  910 K 1638      37K   782 5.85    5.77     7833  3349   48K   104 20.44   20.41  
c rst  geom best vs   1454  910 K 1638      37K   782 5.85    5.77     7833  3351   48K   104 20.42   20.39  
c rst  geom best vs   1455  911 K 1638      37K   782 5.85    5.77     7833  3352   49K   104 20.40   20.37  
c rst  geom best vs   1456  911 K 1638      37K   782 5.85    5.77     7833  3354   49K   104 20.36   20.33  
c rst  geom best vs   1457  912 K 1638      37K   782 5.85    5.77     7833  3354   50K   104 20.31   20.27  
c [full-probe]  bin_only: 0 set: 0 repl: 0 T: 0.01 T-out: N T-r: 98.37%
c rst  geom best vs   1458  912 K 1638      37K   782 5.85    5.77     7833  3357   50K   104 20.26   20.23  
c rst  geom best vs   1459  913 K 1638      37K   782 5.85    5.77     7833  3357   51K   104 20.25   20.22  
c rst  geom best vs   1460  913 K 1638      37K   782 5.85    5.77     7833  3358   52K   104 20.17   20.14  
c rst  geom best vs   1461  914 K 1638      37K   782 5.85    5.77     7833  3358   52K   104 20.14   20.11  
c recursive minimization cost OK: 1751Kcost/(% lits removed)
c [gauss] XOR-encoding clauses are not detached, so no need to reattach them.
c [g 0] truth-find prop checks  : 548K
c [g 0] -> of which prop        : 30.54 %
c [g 0] -> of which confl       :  0.91 %
c [g 0] elim called             : 39K
c [g 0] ---> which lead to prop : 26.60 %
c [g 0] ---> which lead to confl:  0.48 %
c [g 0] size: 87    x 524  
c --> Executing strategy token: scc-vrepl
c [scc] new: 0 BP 0M T: 0.00
c --> Executing strategy token: sub-impl
c [impl-sub] bin: 0 T: 0.00 T-out: N w-visit: 3286
c --> Executing strategy token: breakid
c --> Executing OCC strategy token(s): 'occ-backw-sub-str,occ-clean-implicit,occ-bve,occ-bva,occ-ternary-res,occ-xor,'
c [occ] mem usage for occur 3      MB
c [occ] Linked in IRRED BIN by default: 782
c [occ] Linked in RED   BIN by default: 104
c [occ] mem usage for occur 1      MB
c Mem for watch alloc      : 18          MB (29.98     %)
c Mem for watch array      : 0           MB (0.12      %)
c --> Executing OCC strategy token: occ-backw-sub-str
c [occ-backw-sub-str-long-w-bins] subs: 0 str: 23 tried: 10308 0-depth ass: 0 T: 0.00 T-out: N T-r: 98.99%
c [occ-backw-sub-long-w-long] rem cl: 163 tried: 101333/101333 (100.0%) T: 0.06 T-out: N T-r: 70.24%
c [occ-backw-sub-str-long-w-long] sub: 0 str: 106 tried: 303999/101333 (300.0)  T: 0.37 T-out: N T-r: 43.59%
c --> Executing OCC strategy token: occ-clean-implicit
c --> Executing OCC strategy token: occ-bve
c [occ-empty-res] Empty resolvent elimed: 0 T: 0.00 T-out: N
c [occ-bve] iter v-elim 0
c cl_inc_rate=1.0, var_dec_rate=1.0 (grow=0)
c Reduced to 1638 vars, 38611 cls (grow=0)
c [occ-bve] iter v-elim 0
c cl_inc_rate=1.0, var_dec_rate=1.0 (grow=8)
c Reduced to 1638 vars, 38611 cls (grow=8)
c [occ-bve] iter v-elim 0
c cl_inc_rate=1.0, var_dec_rate=1.0 (grow=16)
c Reduced to 1638 vars, 38611 cls (grow=16)
c x n vars       : 1638
c #try to eliminate:  4914
c #var-elim        :     0
c #T-o: N
c #T-r: 99.99%
c #T  : 0.64
c [occur] 0.04 is overhead
c [occur] link-in T: 0.04 cleanup T: 0.00
c --> Executing OCC strategy token: occ-bva
c --> Executing OCC strategy token: occ-ternary-res
c [occ-ternary-res] Ternary res-tri: 0 res-bin: 0 sub: 0 str: 0 T: 0.00 T-out: N T-r: 99.79%
c --> Executing OCC strategy token: occ-xor
c [occ-xor] sort occur list T: 0.01
c [xor-clean-equiv] removed equivalent xors: 0 left with: 1060
c [occ-xor] found   1060 avg sz 5.9 min sz  4 max sz  6 T: 0.01 T-out: N T-r: 99.97%
c --> Executing strategy token: card-find
c --> Executing strategy token: cl-consolidate
c Not consolidating memory.
c --> Executing strategy token: scc-vrepl
c [scc] new: 0 BP 0M T: 0.00
c --> Executing strategy token: renumber
c --> Executing strategy token: bosphorus
c --> Executing strategy token: louvain-comms
c [consolidate] mini T: 0.00
c global_timeout_multiplier: 5.3147
c [branch] rebuilding order heap for all branchings. Current branching: vsid
c [find&init matx] performing matrix init
c [gauss] XOR-encoding clauses are not detached, so no need to reattach them.
c [xor-rem-unconnected] left with 1059 xors from 1060 non-empty xors T: 0.00
c [xor-together] xored together: 972 orig xors: 1059 new xors: 87 T: 0.00
c [xor-rem-unconnected] left with 87 xors from 87 non-empty xors T: 0.00
c [xor-clean-equiv] removed equivalent xors: 0 left with: 87
c [matrix] unused xors from cleaning: 1
c [matrix] Good   matrix  0     87 x  524  density:0.0952  xorlen avg: 49.90
c [matrix] Using 1 matrices recovered from 0 xors T: 0.00 T-out: N
c rst  geom best   vs  1462  914K    1638   37K   782    5.85    5.77  7717  3651   52K   104   20.13   20.10
c rst  geom best   vs  1463  915K    1638   37K   782    5.85    5.77  7720  3678   38K   104   19.41   19.38
c rst  geom best   vs  1464  916K    1638   37K   782    5.85    5.77  7720  3688   39K   104   19.34   19.31
c rst  geom  stb   vs  1465  917K    1638   37K   782    5.85    5.77  7720  3688   40K   104   19.24   19.21
c rst  geom  stb   vs  1466  918K    1638   37K   782    5.85    5.77  7720  3692   41K   104   19.29   19.26
c rst  geom  stb   vs  1467  919K    1638   37K   782    5.85    5.77  7720  3706   42K   104   19.51   19.48
c rst  geom  stb   vs  1468  920K    1638   37K   782    5.85    5.77  7777  3484   44K   104   19.55   19.52
c rst  geom  stb   vs  1469  922K    1638   37K   782    5.85    5.77  7777  3494   45K   104   19.63   19.59
c rst  geom  stb   vs  1470  923K    1638   37K   782    5.85    5.77  7778  3510   47K   104   19.70   19.67
c [distill-long-red0] cls tried: 188/188 T: 0.04 T-out: N T-r: 98.98%
c [distill-long-red1] cls tried: 32/3332 T: 0.02 T-out: Y T-r: -11.16%
c rst  geom  stb   vs  1471  925K    1638   37K   782    5.85    5.77  7778  3533   48K   104   19.61   19.58
c rst  geom  stb   vs  1472  927K    1638   37K   782    5.85    5.77  7778  3544   50K   104   19.71   19.68
c rst  geom  stb   vs  1473  929K    1638   37K   782    5.85    5.77  7778  3554   52K   104   19.71   19.68
c [distill-bin] useful: 0/782/782 lits-rem: 0 cl-rem: 0 0-depth-assigns: 0 T: 0.01 T-out: N
c rst  geom  stb   vs  1474  931K    1638   37K   782    5.85    5.77  7904  3657   39K   104   20.30   20.26
c rst  geom ibes   vs  1475  934K    1638   37K   782    5.85    5.77  7904  3670   42K   104   20.00   19.96
c [full-probe]  bin_only: 1 set: 0 repl: 0 T: 0.01 T-out: N T-r: 99.81%
c [distill] watch-based irred--  cl tried     9738 cl-sh     0 cl-rem    0 lit-rem      0 T: 0.02 T-out: N
c [distill] watch-based   red--  cl tried    13208 cl-sh     4 cl-rem    0 lit-rem      5 T: 0.03 T-out: Y
c rst  geom ibes   vs  1476  936K    1638   37K   782    5.85    5.77  7904  3694   45K   104   20.02   19.98
c rst  geom ibes   vs  1477  939K    1638   37K   782    5.85    5.77  7904  3737   48K   104   19.80   19.76
c [distill-long-red0] cls tried: 125/125 T: 0.03 T-out: N T-r: 99.25%
c [distill-long-red1] cls tried: 24/3556 T: 0.02 T-out: Y T-r: -8.29%
c rst  geom ibes   vs  1478  943K    1638   37K   782    5.85    5.77  8029  3487   51K   104   19.40   19.37
c rst  geom ibes   vs  1479  946K    1638   37K   782    5.85    5.77  8065  4098   40K   104   16.32   16.29
c [ccnr] saving best assignment phase to stable_polar
c [ccnr] bumping based on var unsat frequency: conflict_ct
c [ccnr] Bumped vars: 1643 bump type: 6
c [ccnr] time: 0.38
c rst  geom  svd   vs  1480  950K    1638   37K   782    5.85    5.77  8172  3785   44K   104   16.44   16.42
c [distill-bin] useful: 0/782/782 lits-rem: 0 cl-rem: 0 0-depth-assigns: 0 T: 0.01 T-out: N
c rst  geom  svd   vs  1481  955K    1638   37K   782    5.85    5.77  8173  3839   48K   104   16.68   16.65
c [distill-long-red0] cls tried: 266/266 T: 0.08 T-out: N T-r: 98.14%
c [distill-long-red1] cls tried: 24/3677 T: 0.02 T-out: Y T-r: -10.83%
c [full-probe]  bin_only: 0 set: 0 repl: 0 T: 0.01 T-out: N T-r: 98.21%
c [impl-str] lit bin: 0 set-var: 0 T: 0.00 T-out: N T-r: 99.96% w-visit: 3286
c [impl-sub] bin: 0 T: 0.00 T-out: N w-visit: 3286
c rst  geom  svd   vs  1482  959K    1638   37K   782    5.85    5.77  8173  3918   53K   104   16.65   16.63
c [distill] watch-based irred--  cl tried     9363 cl-sh     0 cl-rem    0 lit-rem      0 T: 0.03 T-out: Y
c [distill] watch-based   red--  cl tried    12357 cl-sh     1 cl-rem    0 lit-rem     16 T: 0.04 T-out: Y
c rst  geom  svd   vs  1483  965K    1638   37K   782    5.85    5.77  8305  4527   43K   104   15.92   15.90
c rst  geom best   vs  1484  970K    1638   37K   782    5.85    5.77  8416  4327   49K   104   15.62   15.60
c [distill-long-red0] cls tried: 244/244 T: 0.08 T-out: N T-r: 98.25%
c [distill-long-red1] cls tried: 23/4175 T: 0.02 T-out: Y T-r: -11.21%
c [distill-bin] useful: 0/782/782 lits-rem: 0 cl-rem: 0 0-depth-assigns: 0 T: 0.01 T-out: N
c rst  geom best   vs  1485  977K    1638   37K   782    5.85    5.77  8442  5098   40K   104   14.36   14.34
c [full-probe]  bin_only: 1 set: 0 repl: 0 T: 0.01 T-out: N T-r: 99.80%
c [gauss] XOR-encoding clauses are not detached, so no need to reattach them.
c [g 0] truth-find prop checks  : 4629K
c [g 0] -> of which prop        : 30.63 %
c [g 0] -> of which confl       :  0.94 %
c [g 0] elim called             : 328K
c [g 0] ---> which lead to prop : 39.59 %
c [g 0] ---> which lead to confl:  0.69 %
c [g 0] size: 87    x 524  
c [scc] new: 0 BP 0M T: 0.00
c [vrep] vars 0 lits 0 rem-bin-cls 0 rem-long-cls 0 BP 0M T: 0.00
c [intree] Set 0 vars hyper-added: 0 trans-irred: 0 trans-red: 0 T: 0.01 T-out: N T-r: -1.64%
c [find&init matx] performing matrix init
c [gauss] XOR-encoding clauses are not detached, so no need to reattach them.
c [xor-rem-unconnected] left with 1059 xors from 1060 non-empty xors T: 0.00
c [xor-together] xored together: 972 orig xors: 1059 new xors: 87 T: 0.00
c [xor-rem-unconnected] left with 87 xors from 87 non-empty xors T: 0.00
c [xor-clean-equiv] removed equivalent xors: 0 left with: 87
c [matrix] unused xors from cleaning: 1
c [matrix] Good   matrix 0 87      x524    density:0.0952  xorlen avg: 49.90
c [matrix] Using 1 matrices recovered from 0 xors T: 0.00 T-out: N
c rst  geom best vs   1486  984 K 1638      37K   782 5.85    5.77     8544  5194   47K   104 14.41   14.39  
c rst  geom stb  vs   1487  992 K 1638      37K   782 5.85    5.77     8677  6323   39K   104 14.61   14.58  
c [distill-long-red0] cls tried: 259/259 T: 0.06 T-out: N T-r: 98.49%
c [distill-long-red1] cls tried: 29/6189 T: 0.02 T-out: Y T-r: -11.39%
c [distill-bin] useful: 0/782/782 lits-rem: 0 cl-rem: 0 0-depth-assigns: 0 T: 0.01 T-out: N
c [distill] watch-based irred--  cl tried 9738     cl-sh 0     cl-rem 0    lit-rem 0      T: 0.02 T-out: N
c [distill] watch-based red  --  cl tried 12131    cl-sh 6     cl-rem 0    lit-rem 32     T: 0.04 T-out: Y
c [ccnr] saving best assignment phase to stable_polar
c [ccnr] bumping based on clause weights
c [ccnr] Bumped vars: 101 bump type: 6
c [ccnr] time: 0.38
c rst  geom stb  vs   1488  1000K 1638      37K   782 5.85    5.77     8858  6188   47K   104 14.36   14.34  
c [branch] adjusting to: vmtf (from: vsid) var_decay:0.95 descr: VMTF
c [full-probe]  bin_only: 0 set: 0 repl: 0 T: 0.01 T-out: N T-r: 98.26%
c rst  luby ibes vmt  1489  1000K 1638      37K   782 5.85    5.77     8858  6203   47K   104 14.36   14.34  
c rst  luby ibes vmt  1490  1000K 1638      37K   782 5.85    5.77     8858  6203   47K   104 14.36   14.34  
c rst  luby ibes vmt  1491  1001K 1638      37K   782 5.85    5.77     8858  6206   48K   104 14.35   14.33  
c rst  luby ibes vmt  1492  1001K 1638      37K   782 5.85    5.77     8858  6210   48K   104 14.36   14.34  
c rst  luby ibes vmt  1493  1001K 1638      37K   782 5.85    5.77     8858  6221   48K   104 14.37   14.35  
c rst  luby ibes vmt  1494  1001K 1638      37K   782 5.85    5.77     8858  6228   48K   104 14.37   14.35  
c rst  luby ibes vmt  1495  1001K 1638      37K   782 5.85    5.77     8858  6234   48K   104 14.36   14.34  
c rst  luby ibes vmt  1496  1002K 1638      37K   782 5.85    5.77     8858  6236   48K   104 14.36   14.34  
c rst  luby ibes vmt  1497  1002K 1638      37K   782 5.85    5.77     8858  6238   49K   104 14.36   14.34  
c rst  luby ibes vmt  1498  1002K 1638      37K   782 5.85    5.77     8858  6241   49K   104 14.36   14.34  
c rst  luby ibes vmt  1499  1002K 1638      37K   782 5.85    5.77     8858  6242   49K   104 14.36   14.34  
c rst  luby ibes vmt  1500  1002K 1638      37K   782 5.85    5.77     8858  6242   49K   104 14.36   14.34  
c rst  luby ibes vmt  1501  1002K 1638      37K   782 5.85    5.77     8858  6244   49K   104 14.37   14.35  
c rst  luby ibes vmt  1502  1003K 1638      37K   782 5.85    5.77     8859  6258   49K   104 14.42   14.40  
c rst  luby ibes vmt  1503  1004K 1638      37K   782 5.85    5.77     8859  6262   50K   104 14.43   14.41  
c rst  luby ibes vmt  1504  1004K 1638      37K   782 5.85    5.77     8859  6262   50K   104 14.43   14.41  
c rst  luby ibes vmt  1505  1004K 1638      37K   782 5.85    5.77     8859  6263   50K   104 14.44   14.42  
c rst  luby ibes vmt  1506  1004K 1638      37K   782 5.85    5.77     8859  6265   51K   104 14.43   14.42  
c rst  luby ibes vmt  1507  1004K 1638      37K   782 5.85    5.77     8859  6267   51K   104 14.45   14.43  
c rst  luby ibes vmt  1508  1004K 1638      37K   782 5.85    5.77     8859  6270   51K   104 14.46   14.44  
c rst  luby ibes vmt  1509  1004K 1638      37K   782 5.85    5.77     8859  6270   51K   104 14.47   14.45  
c rst  luby ibes vmt  1510  1005K 1638      37K   782 5.85    5.77     8898  7179   37K   104 13.38   13.36  
c rst  luby ibes vmt  1511  1005K 1638      37K   782 5.85    5.77     8898  7179   37K   104 13.39   13.36  
c rst  luby ibes vmt  1512  1005K 1638      37K   782 5.85    5.77     8898  7180   37K   104 13.38   13.36  
c rst  luby ibes vmt  1513  1005K 1638      37K   782 5.85    5.77     8898  7181   37K   104 13.39   13.37  
c rst  luby ibes vmt  1514  1005K 1638      37K   782 5.85    5.77     8898  7183   37K   104 13.39   13.37  
c rst  luby ibes vmt  1515  1005K 1638      37K   782 5.85    5.77     8898  7184   37K   104 13.40   13.38  
c rst  luby ibes vmt  1516  1006K 1638      37K   782 5.85    5.77     8898  7189   37K   104 13.39   13.37  
c rst  luby ibes vmt  1517  1006K 1638      37K   782 5.85    5.77     8899  7193   38K   104 13.38   13.36  
c rst  luby ibes vmt  1518  1007K 1638      37K   782 5.85    5.77     8899  7260   39K   104 13.41   13.39  
c rst  luby ibes vmt  1519  1008K 1638      37K   782 5.85    5.77     8900  7283   40K   104 13.44   13.42  
c [distill-long-red0] cls tried: 229/229 T: 0.08 T-out: N T-r: 98.16%
c [distill-long-red1] cls tried: 24/7141 T: 0.02 T-out: Y T-r: -2.78%
c rst  luby ibes vmt  1520  1008K 1638      37K   782 5.85    5.77     8900  7283   40K   104 13.42   13.40  
c rst  luby ibes vmt  1521  1009K 1638      37K   782 5.85    5.77     8900  7283   40K   104 13.42   13.40  
c rst  luby ibes vmt  1522  1009K 1638      37K   782 5.85    5.77     8900  7288   41K   104 13.43   13.40  
c rst  luby ibes vmt  1523  1009K 1638      37K   782 5.85    5.77     8900  7289   41K   104 13.43   13.41  
c rst  luby ibes vmt  1524  1009K 1638      37K   782 5.85    5.77     8900  7291   41K   104 13.43   13.41  
c rst  luby ibes vmt  1525  1009K 1638      37K   782 5.85    5.77     8900  7293   41K   104 13.44   13.42  
c rst  luby ibes vmt  1526  1010K 1638      37K   782 5.85    5.77     8900  7296   41K   104 13.45   13.43  
c rst  luby ibes vmt  1527  1010K 1638      37K   782 5.85    5.77     9128  6884   42K   104 13.47   13.45  
c rst  luby ibes vmt  1528  1010K 1638      37K   782 5.85    5.77     9128  6886   42K   104 13.47   13.45  
c rst  luby ibes vmt  1529  1010K 1638      37K   782 5.85    5.77     9129  6888   42K   104 13.48   13.46  
c rst  luby ibes vmt  1530  1010K 1638      37K   782 5.85    5.77     9129  6888   42K   104 13.50   13.48  
c rst  luby ibes vmt  1531  1010K 1638      37K   782 5.85    5.77     9130  6889   42K   104 13.50   13.48  
c rst  luby ibes vmt  1532  1010K 1638      37K   782 5.85    5.77     9130  6893   42K   104 13.49   13.47  
c rst  luby ibes vmt  1533  1011K 1638      37K   782 5.85    5.77     9130  6894   43K   104 13.49   13.47  
c rst  luby ibes vmt  1534  1012K 1638      37K   782 5.85    5.77     9131  6921   44K   104 13.49   13.47  
c rst  luby ibes vmt  1535  1012K 1638      37K   782 5.85    5.77     9131  6922   44K   104 13.52   13.50  
c rst  luby ibes vmt  1536  1012K 1638      37K   782 5.85    5.77     9131  6924   44K   104 13.52   13.50  
c [distill-bin] useful: 0/782/782 lits-rem: 0 cl-rem: 0 0-depth-assigns: 0 T: 0.01 T-out: N
c rst  luby ibes vmt  1537  1012K 1638      37K   782 5.85    5.77     9131  6930   44K   104 13.52   13.50  
c rst  luby ibes vmt  1538  1012K 1638      37K   782 5.85    5.77     9131  6931   44K   104 13.53   13.51  
c rst  luby ibes vmt  1539  1012K 1638      37K   782 5.85    5.77     9131  6934   44K   104 13.52   13.50  
c rst  luby ibes vmt  1540  1012K 1638      37K   782 5.85    5.77     9131  6935   44K   104 13.52   13.50  
c rst  luby ibes vmt  1541  1013K 1638      37K   782 5.85    5.77     9131  6939   45K   104 13.53   13.51  
c rst  luby ibes vmt  1542  1013K 1638      37K   782 5.85    5.77     9131  6940   45K   104 13.53   13.51  
c rst  luby ibes vmt  1543  1013K 1638      37K   782 5.85    5.77     9131  6940   45K   104 13.53   13.52  
c rst  luby ibes vmt  1544  1013K 1638      37K   782 5.85    5.77     9131  6943   45K   104 13.55   13.53  
c rst  luby ibes vmt  1545  1013K 1638      37K   782 5.85    5.77     9131  6947   45K   104 13.55   13.53  
c rst  luby ibes vmt  1546  1013K 1638      37K   782 5.85    5.77     9131  6948   45K   104 13.54   13.52  
c rst  luby ibes vmt  1547  1014K 1638      37K   782 5.85    5.77     9131  6948   46K   104 13.55   13.53  
c rst  luby ibes vmt  1548  1014K 1638      37K   782 5.85    5.77     9131  6952   46K   104 13.54   13.52  
c rst  luby ibes vmt  1549  1015K 1638      37K   782 5.85    5.77     9131  6962   47K   104 13.54   13.52  
c [impl-str] lit bin: 0 set-var: 0 T: 0.00 T-out: N T-r: 99.96% w-visit: 3286
c [impl-sub] bin: 0 T: 0.00 T-out: N w-visit: 3286
c rst  luby ibes vmt  1550  1016K 1638      37K   782 5.85    5.77     9133  7015   48K   104 13.65   13.63  
c rst  luby svd  vmt  1551  1020K 1638      37K   782 5.85    5.77     9389  7529   37K   104 13.98   13.95  
c [distill] watch-based irred--  cl tried 9738     cl-sh 0     cl-rem 0    lit-rem 0      T: 0.02 T-out: N
c [distill] watch-based red  --  cl tried 11622    cl-sh 8     cl-rem 0    lit-rem 15     T: 0.04 T-out: Y
c rst  luby svd  vmt  1552  1020K 1638      37K   782 5.85    5.77     9389  7532   37K   104 13.99   13.97  
c rst  luby svd  vmt  1553  1020K 1638      37K   782 5.85    5.77     9389  7532   37K   104 14.00   13.97  
c rst  luby svd  vmt  1554  1020K 1638      37K   782 5.85    5.77     9389  7532   37K   104 14.01   13.99  
c rst  luby svd  vmt  1555  1020K 1638      37K   782 5.85    5.77     9389  7533   37K   104 14.01   13.99  
c rst  luby svd  vmt  1556  1020K 1638      37K   782 5.85    5.77     9389  7533   37K   104 14.02   13.99  
c rst  luby svd  vmt  1557  1020K 1638      37K   782 5.85    5.77     9389  7533   37K   104 14.02   14.00  
c [full-probe]  bin_only: 1 set: 0 repl: 0 T: 0.01 T-out: N T-r: 99.79%
c rst  luby svd  vmt  1558  1021K 1638      37K   782 5.85    5.77     9389  7536   38K   104 14.03   14.00  
c rst  luby svd  vmt  1559  1021K 1638      37K   782 5.85    5.77     9389  7541   38K   104 14.03   14.01  
c rst  luby svd  vmt  1560  1021K 1638      37K   782 5.85    5.77     9389  7541   38K   104 14.04   14.01  
c rst  luby svd  vmt  1561  1021K 1638      37K   782 5.85    5.77     9389  7542   38K   104 14.07   14.05  
c rst  luby svd  vmt  1562  1021K 1638      37K   782 5.85    5.77     9389  7547   38K   104 14.08   14.06  
c rst  luby svd  vmt  1563  1021K 1638      37K   782 5.85    5.77     9389  7547   38K   104 14.09   14.07  
c rst  luby svd  vmt  1564  1022K 1638      37K   782 5.85    5.77     9389  7547   39K   104 14.10   14.07  
c rst  luby svd  vmt  1565  1022K 1638      37K   782 5.85    5.77     9389  7549   39K   104 14.12   14.10  
c rst  luby svd  vmt  1566  1023K 1638      37K   782 5.85    5.77     9389  7554   40K   104 14.15   14.13  
c rst  luby svd  vmt  1567  1023K 1638      37K   782 5.85    5.77     9389  7554   40K   104 14.18   14.16  
c rst  luby svd  vmt  1568  1023K 1638      37K   782 5.85    5.77     9389  7556   40K   104 14.18   14.16  
c rst  luby svd  vmt  1569  1023K 1638      37K   782 5.85    5.77     9389  7558   40K   104 14.21   14.18  
c rst  luby svd  vmt  1570  1023K 1638      37K   782 5.85    5.77     9389  7558   40K   104 14.21   14.19  
c rst  luby svd  vmt  1571  1023K 1638      37K   782 5.85    5.77     9389  7559   40K   104 14.22   14.20  
c [distill-long-red0] cls tried: 492/492 T: 0.16 T-out: N T-r: 96.05%
c [distill-long-red1] cls tried: 20/7414 T: 0.02 T-out: Y T-r: -5.99%
c rst  luby svd  vmt  1572  1024K 1638      37K   782 5.85    5.77     9389  7560   41K   104 14.20   14.18  
c rst  luby svd  vmt  1573  1024K 1638      37K   782 5.85    5.77     9390  7565   41K   104 14.25   14.23  
c rst  luby svd  vmt  1574  1024K 1638      37K   782 5.85    5.77     9390  7565   41K   104 14.25   14.23  
c rst  luby svd  vmt  1575  1024K 1638      37K   782 5.85    5.77     9390  7567   41K   104 14.26   14.23  
c rst  luby svd  vmt  1576  1024K 1638      37K   782 5.85    5.77     9390  7569   41K   104 14.28   14.25  
c rst  luby svd  vmt  1577  1025K 1638      37K   782 5.85    5.77     9390  7570   42K   104 14.28   14.26  
c rst  luby svd  vmt  1578  1025K 1638      37K   782 5.85    5.77     9390  7570   42K   104 14.29   14.26  
c rst  luby svd  vmt  1579  1025K 1638      37K   782 5.85    5.77     9390  7575   42K   104 14.32   14.30  
c rst  luby svd  vmt  1580  1025K 1638      37K   782 5.85    5.77     9390  7580   42K   104 14.35   14.33  
c rst  luby svd  vmt  1581  1026K 1638      37K   782 5.85    5.77     9390  7583   43K   104 14.39   14.36  
c rst  luby svd  vmt  1582  1028K 1638      37K   782 5.85    5.77     9390  7599   45K   104 14.42   14.40  
c rst  luby svd  vmt  1583  1028K 1638      37K   782 5.85    5.77     9390  7599   45K   104 14.42   14.40  
c rst  luby svd  vmt  1584  1028K 1638      37K   782 5.85    5.77     9390  7601   45K   104 14.44   14.42  
c rst  luby svd  vmt  1585  1028K 1638      37K   782 5.85    5.77     9390  7601   45K   104 14.44   14.42  
c rst  luby svd  vmt  1586  1028K 1638      37K   782 5.85    5.77     9390  7601   45K   104 14.44   14.42  
c rst  luby svd  vmt  1587  1028K 1638      37K   782 5.85    5.77     9390  7601   45K   104 14.44   14.42  
c rst  luby svd  vmt  1588  1028K 1638      37K   782 5.85    5.77     9391  7601   45K   104 14.46   14.44  
c rst  luby svd  vmt  1589  1029K 1638      37K   782 5.85    5.77     9391  7608   46K   104 14.52   14.50  
c rst  luby svd  vmt  1590  1029K 1638      37K   782 5.85    5.77     9391  7608   46K   104 14.53   14.51  
c rst  luby svd  vmt  1591  1029K 1638      37K   782 5.85    5.77     9391  7608   46K   104 14.55   14.52  
c rst  luby svd  vmt  1592  1029K 1638      37K   782 5.85    5.77     9391  7609   46K   104 14.55   14.53  
c rst  luby svd  vmt  1593  1029K 1638      37K   782 5.85    5.77     9391  7610   46K   104 14.57   14.55  
c rst  luby svd  vmt  1594  1029K 1638      37K   782 5.85    5.77     9391  7610   46K   104 14.58   14.56  
c rst  luby svd  vmt  1595  1030K 1638      37K   782 5.85    5.77     9524  6940   47K   104 14.60   14.58  
c rst  luby svd  vmt  1596  1030K 1638      37K   782 5.85    5.77     9524  6946   48K   104 14.64   14.62  
c rst  luby svd  vmt  1597  1031K 1638      37K   782 5.85    5.77     9524  6954   48K   104 14.65   14.63  
c rst  luby svd  vmt  1598  1031K 1638      37K   782 5.85    5.77     9524  6955   48K   104 14.66   14.64  
c rst  luby svd  vmt  1599  1031K 1638      37K   782 5.85    5.77     9524  6956   49K   104 14.66   14.64  
c rst  luby svd  vmt  1600  1031K 1638      37K   782 5.85    5.77     9524  6958   49K   104 14.67   14.65  
c rst  luby svd  vmt  1601  1031K 1638      37K   782 5.85    5.77     9524  6958   49K   104 14.68   14.66  
c rst  luby svd  vmt  1602  1031K 1638      37K   782 5.85    5.77     9524  6961   49K   104 14.70   14.68  
c rst  luby svd  vmt  1603  1032K 1638      37K   782 5.85    5.77     9524  6961   49K   104 14.73   14.71  
c rst  geom best vmt  1604  1032K 1638      37K   782 5.85    5.77     9524  6962   49K   104 14.73   14.71  
c [distill-bin] useful: 0/782/782 lits-rem: 0 cl-rem: 0 0-depth-assigns: 0 T: 0.01 T-out: N
c rst  geom best vmt  1605  1032K 1638      37K   782 5.85    5.77     9524  6962   49K   104 14.76   14.74  
c rst  geom best vmt  1606  1032K 1638      37K   782 5.85    5.77     9524  6963   50K   104 14.77   14.75  
c rst  geom best vmt  1607  1032K 1638      37K   782 5.85    5.77     9525  6965   50K   104 14.79   14.77  
c rst  geom best vmt  1608  1032K 1638      37K   782 5.85    5.77     9525  6967   50K   104 14.78   14.76  
c rst  geom best vmt  1609  1033K 1638      37K   782 5.85    5.77     9525  6969   50K   104 14.79   14.77  
c rst  geom best vmt  1610  1033K 1638      37K   782 5.85    5.77     9525  6970   50K   104 14.80   14.78  
c rst  geom best vmt  1611  1033K 1638      37K   782 5.85    5.77     9525  6972   50K   104 14.80   14.78  
c rst  geom best vmt  1612  1033K 1638      37K   782 5.85    5.77     9525  6974   51K   104 14.81   14.79  
c rst  geom best vmt  1613  1033K 1638      37K   782 5.85    5.77     9526  6979   51K   104 14.83   14.81  
c rst  geom best vmt  1614  1034K 1638      37K   782 5.85    5.77     9526  6981   51K   104 14.84   14.82  
c rst  geom best vmt  1615  1034K 1638      37K   782 5.85    5.77     9526  6986   52K   104 14.85   14.83  
c rst  geom best vmt  1616  1034K 1638      37K   782 5.85    5.77     9526  6993   52K   104 14.90   14.88  
c rst  geom best vmt  1617  1035K 1638      37K   782 5.85    5.77     9564  7757   38K   104 14.52   14.49  
c rst  geom best vmt  1618  1035K 1638      37K   782 5.85    5.77     9564  7767   38K   104 14.55   14.53  
c rst  geom best vmt  1619  1036K 1638      37K   782 5.85    5.77     9564  7785   39K   104 14.59   14.57  
c rst  geom best vmt  1620  1036K 1638      37K   782 5.85    5.77     9564  7790   39K   104 14.60   14.58  
c [ccnr] saving best assignment phase to stable_polar
c [ccnr] bumping based on var unsat frequency: conflict_ct
c [ccnr] Bumped vars: 1643 bump type: 6
c [ccnr] time: 0.38
c rst  geom best vmt  1621  1037K 1638      37K   782 5.85    5.77     9567  7831   40K   104 14.85   14.83  
c rst  geom best vmt  1622  1037K 1638      37K   782 5.85    5.77     9567  7831   40K   104 15.03   15.01  
c rst  geom best vmt  1623  1038K 1638      37K   782 5.85    5.77     9567  7832   41K   104 15.28   15.26  
c rst  geom best vmt  1624  1039K 1638      37K   782 5.85    5.77     9567  7840   42K   104 15.76   15.73  
c [distill-long-red0] cls tried: 178/178 T: 0.06 T-out: N T-r: 98.71%
c [distill-long-red1] cls tried: 23/7713 T: 0.02 T-out: Y T-r: -6.41%
c rst  geom best vmt  1625  1039K 1638      37K   782 5.85    5.77     9567  7840   42K   104 15.95   15.92  
c rst  geom best vmt  1626  1040K 1638      37K   782 5.85    5.77     9707  7399   44K   104 16.34   16.32  
c rst  geom best vmt  1627  1041K 1638      37K   782 5.85    5.77     9707  7405   45K   104 16.76   16.74  
c [full-probe]  bin_only: 0 set: 0 repl: 0 T: 0.01 T-out: N T-r: 98.24%
c rst  geom best vmt  1628  1042K 1638      37K   782 5.85    5.77     9708  7411   46K   104 17.11   17.09  
c [gauss] XOR-encoding clauses are not detached, so no need to reattach them.
c [g 0] truth-find prop checks  : 4509K
c [g 0] -> of which prop        : 33.01 %
c [g 0] -> of which confl       :  0.93 %
c [g 0] elim called             : 308K
c [g 0] ---> which lead to prop : 42.17 %
c [g 0] ---> which lead to confl:  0.76 %
c [g 0] size: 87    x 524  
c [scc] new: 0 BP 0M T: 0.00
c [vrep] vars 0 lits 0 rem-bin-cls 0 rem-long-cls 0 BP 0M T: 0.01
c [intree] Set 0 vars hyper-added: 0 trans-irred: 0 trans-red: 0 T: 0.01 T-out: N T-r: -2.44%
c [find&init matx] performing matrix init
c [gauss] XOR-encoding clauses are not detached, so no need to reattach them.
c [xor-rem-unconnected] left with 1059 xors from 1060 non-empty xors T: 0.00
c [xor-together] xored together: 972 orig xors: 1059 new xors: 87 T: 0.00
c [xor-rem-unconnected] left with 87 xors from 87 non-empty xors T: 0.00
c [xor-clean-equiv] removed equivalent xors: 0 left with: 87
c [matrix] unused xors from cleaning: 1
c [matrix] Good   matrix 0 87      x524    density:0.0952  xorlen avg: 49.90
c [matrix] Using 1 matrices recovered from 0 xors T: 0.00 T-out: N
c rst  geom best vmt  1629  1043K 1638      37K   782 5.85    5.77     9708  7415   47K   104 17.47   17.44  
c rst  geom best vmt  1630  1045K 1638      37K   782 5.85    5.77     9708  7415   48K   104 17.74   17.72  
c [distill] watch-based irred--  cl tried 9390     cl-sh 0     cl-rem 0    lit-rem 0      T: 0.02 T-out: Y
c [distill] watch-based red  --  cl tried 9870     cl-sh 9     cl-rem 0    lit-rem 29     T: 0.04 T-out: Y
c rst  geom best vmt  1631  1046K 1638      37K   782 5.85    5.77     9709  7415   49K   104 18.12   18.09  
c rst  geom best vmt  1632  1048K 1638      37K   782 5.85    5.77     9709  7416   51K   104 18.51   18.48  
c rst  geom stb  vmt  1633  1049K 1638      37K   782 5.85    5.77     9709  7421   53K   104 19.00   18.98  
c rst  geom stb  vmt  1634  1051K 1638      37K   782 5.85    5.77     9729  6924   40K   104 20.69   20.66  
c rst  geom stb  vmt  1635  1053K 1638      37K   782 5.85    5.77     9729  6926   42K   104 21.55   21.52  
c [distill-bin] useful: 0/782/782 lits-rem: 0 cl-rem: 0 0-depth-assigns: 0 T: 0.01 T-out: N
c rst  geom stb  vmt  1636  1056K 1638      37K   782 5.85    5.77     9729  6929   45K   104 22.03   21.99  
c [distill-long-red0] cls tried: 164/164 T: 0.05 T-out: N T-r: 99.09%
c [distill-long-red1] cls tried: 24/6816 T: 0.02 T-out: Y T-r: -5.29%
c rst  geom stb  vmt  1637  1058K 1638      37K   782 5.85    5.77     9732  6937   47K   104 22.88   22.85  
c rst  geom stb  vmt  1638  1061K 1638      37K   782 5.85    5.77     9747  5722   51K   104 23.53   23.50  
c rst  geom stb  vmt  1639  1064K 1638      37K   782 5.85    5.77     9747  5724   54K   104 24.05   24.01  
c [full-probe]  bin_only: 1 set: 0 repl: 0 T: 0.01 T-out: N T-r: 99.79%
c rst  geom ibes vmt  1640  1067K 1638      37K   782 5.85    5.77     9748  5858   43K   104 26.25   26.21  
c rst  geom ibes vmt  1641  1071K 1638      37K   782 5.85    5.77     9854  4983   47K   104 25.55   25.52  
c [distill-long-red0] cls tried: 125/125 T: 0.02 T-out: N T-r: 99.62%
c [distill-long-red1] cls tried: 28/4880 T: 0.02 T-out: Y T-r: -5.11%
c [distill] watch-based irred--  cl tried 9738     cl-sh 0     cl-rem 0    lit-rem 0      T: 0.01 T-out: N
c [distill] watch-based red  --  cl tried 15809    cl-sh 2     cl-rem 0    lit-rem 17     T: 0.04 T-out: Y
c rst  geom ibes vmt  1642  1075K 1638      37K   782 5.85    5.77     9855  5183   51K   104 24.85   24.81  
c [distill-bin] useful: 0/782/782 lits-rem: 0 cl-rem: 0 0-depth-assigns: 0 T: 0.01 T-out: N
c rst  geom ibes vmt  1643  1079K 1638      37K   782 5.85    5.77     9856  5433   56K   104 24.19   24.16  
c [impl-str] lit bin: 0 set-var: 0 T: 0.00 T-out: N T-r: 99.96% w-visit: 3286
c [impl-sub] bin: 0 T: 0.00 T-out: N w-visit: 3286
c rst  geom ibes vmt  1644  1084K 1638      37K   782 5.85    5.77    10135  6567   43K   104 22.62   22.58  
c [full-probe]  bin_only: 0 set: 0 repl: 0 T: 0.01 T-out: N T-r: 98.24%
c [ccnr] saving best assignment phase to stable_polar
c [ccnr] bumping based on var unsat frequency: conflict_ct
c [ccnr] Bumped vars: 1643 bump type: 6
c [ccnr] time: 0.37
c rst  geom svd  vmt  1645  1089K 1638      37K   782 5.85    5.77    10139  6605   48K   104 23.73   23.69  
c [distill-long-red0] cls tried: 286/286 T: 0.06 T-out: N T-r: 98.69%
c [distill-long-red1] cls tried: 31/6487 T: 0.02 T-out: Y T-r: -8.58%
c rst  geom svd  vmt  1646  1095K 1638      37K   782 5.85    5.77    10256  6909   39K   104 22.49   22.46  
c [distill-bin] useful: 0/782/782 lits-rem: 0 cl-rem: 0 0-depth-assigns: 0 T: 0.01 T-out: N
c rst  geom svd  vmt  1647  1101K 1638      37K   782 5.85    5.77    10646  6552   45K   104 23.23   23.20  
c [distill] watch-based irred--  cl tried 9738     cl-sh 0     cl-rem 0    lit-rem 0      T: 0.02 T-out: N
c [distill] watch-based red  --  cl tried 14457    cl-sh 12    cl-rem 0    lit-rem 25     T: 0.04 T-out: Y
c rst  geom best vmt  1648  1108K 1638      37K   782 5.85    5.77    10652  7096   52K   104 22.44   22.41  
c [branch] adjusting to: vsid (from: vmtf) var_decay:0.95 descr: VSIDS
c [distill-long-red0] cls tried: 517/517 T: 0.14 T-out: N T-r: 96.89%
c [distill-long-red1] cls tried: 39/6986 T: 0.02 T-out: Y T-r: -5.15%
c [full-probe]  bin_only: 1 set: 0 repl: 0 T: 0.01 T-out: N T-r: 99.71%
c [gauss] XOR-encoding clauses are not detached, so no need to reattach them.
c [g 0] truth-find prop checks  : 3387K
c [g 0] -> of which prop        : 46.83 %
c [g 0] -> of which confl       :  1.01 %
c [g 0] elim called             : 186K
c [g 0] ---> which lead to prop : 65.67 %
c [g 0] ---> which lead to confl:  1.49 %
c [g 0] size: 87    x 524  
c [scc] new: 0 BP 0M T: 0.00
c [vrep] vars 0 lits 0 rem-bin-cls 0 rem-long-cls 0 BP 0M T: 0.01
c [intree] Set 0 vars hyper-added: 3 trans-irred: 0 trans-red: 0 T: 0.01 T-out: N T-r: -1.78%
c [find&init matx] performing matrix init
c [gauss] XOR-encoding clauses are not detached, so no need to reattach them.
c [xor-rem-unconnected] left with 1059 xors from 1060 non-empty xors T: 0.00
c [xor-together] xored together: 972 orig xors: 1059 new xors: 87 T: 0.00
c [xor-rem-unconnected] left with 87 xors from 87 non-empty xors T: 0.00
c [xor-clean-equiv] removed equivalent xors: 0 left with: 87
c [matrix] unused xors from cleaning: 1
c [matrix] Good   matrix 0 87      x524    density:0.0952  xorlen avg: 49.90
c [matrix] Using 1 matrices recovered from 0 xors T: 0.00 T-out: N
c rst  geom best vs   1649  1109K 1638      37K   782 5.85    5.77    10652  7107   52K   107 22.38   22.35  
c rst  geom best vs   1650  1109K 1638      37K   782 5.85    5.77    10652  7109   52K   107 22.38   22.35  
c rst  geom best vs   1651  1109K 1638      37K   782 5.85    5.77    10652  7110   52K   107 22.37   22.34  
c rst  geom best vs   1652  1109K 1638      37K   782 5.85    5.77    10652  7130   52K   107 22.37   22.34  
c rst  geom best vs   1653  1109K 1638      37K   782 5.85    5.77    10652  7130   52K   107 22.35   22.31  
c rst  geom best vs   1654  1109K 1638      37K   782 5.85    5.77    10652  7156   52K   107 22.32   22.29  
c rst  geom best vs   1655  1110K 1638      37K   782 5.85    5.77    10885  8695   36K   107 19.83   19.80  
c rst  geom best vs   1656  1110K 1638      37K   782 5.85    5.77    11395  7632   37K   107 19.80   19.77  
c rst  geom best vs   1657  1110K 1638      37K   782 5.85    5.77    11395  7634   37K   107 19.80   19.77  
c rst  geom best vs   1658  1110K 1638      37K   782 5.85    5.77    11395  7658   37K   107 19.78   19.74  
c rst  geom best vs   1659  1111K 1638      37K   782 5.85    5.77    11395  7707   37K   107 19.74   19.71  
c rst  geom best vs   1660  1111K 1638      37K   782 5.85    5.77    11395  7748   38K   107 19.72   19.68  
c rst  geom best vs   1661  1111K 1638      37K   782 5.85    5.77    11395  7764   38K   107 19.70   19.66  
c rst  geom best vs   1662  1112K 1638      37K   782 5.85    5.77    11396  7790   38K   107 19.67   19.64  
c rst  geom best vs   1663  1112K 1638      37K   782 5.85    5.77    11396  7944   39K   107 19.63   19.60  
c rst  geom best vs   1664  1112K 1638      37K   782 5.85    5.77    11396  7964   39K   107 19.61   19.57  
c rst  geom best vs   1665  1113K 1638      37K   782 5.85    5.77    11396  8022   39K   107 19.58   19.55  
c rst  geom best vs   1666  1113K 1638      37K   782 5.85    5.77    11397  8027   40K   107 19.53   19.50  
c rst  geom best vs   1667  1114K 1638      37K   782 5.85    5.77    11397  8044   41K   107 19.50   19.47  
c rst  geom best vs   1668  1115K 1638      37K   782 5.85    5.77    11397  8077   41K   107 19.44   19.41  
c rst  geom best vs   1669  1115K 1638      37K   782 5.85    5.77    11397  8103   42K   107 19.38   19.35  
c [distill-bin] useful: 0/782/782 lits-rem: 0 cl-rem: 0 0-depth-assigns: 0 T: 0.01 T-out: N
c rst  geom best vs   1670  1116K 1638      37K   782 5.85    5.77    11398  8150   43K   107 19.28   19.25  
c rst  geom best vs   1671  1117K 1638      37K   782 5.85    5.77    11398  8167   44K   107 19.21   19.18  
c rst  geom best vs   1672  1118K 1638      37K   782 5.85    5.77    11409  8516   44K   108 19.13   19.10  
c rst  geom stb  vs   1673  1119K 1638      37K   782 5.85    5.77    11409  8527   45K   108 19.10   19.07  
c rst  geom stb  vs   1674  1120K 1638      37K   782 5.85    5.77    11668  8317   46K   108 19.03   19.01  
c rst  geom stb  vs   1675  1122K 1638      37K   782 5.85    5.77    11670  8347   48K   108 18.93   18.90  
c rst  geom stb  vs   1676  1123K 1638      37K   782 5.85    5.77    11671  8447   49K   108 18.81   18.78  
c rst  geom stb  vs   1677  1124K 1638      37K   782 5.85    5.77    11671  8633   50K   108 18.71   18.68  
c [distill-long-red0] cls tried: 1013/1013 T: 0.26 T-out: N T-r: 93.93%
c [distill-long-red1] cls tried: 33/8513 T: 0.02 T-out: Y T-r: -7.19%
c rst  geom stb  vs   1678  1126K 1638      37K   782 5.85    5.77    11607 11152   36K   268 18.66   18.58  
c rst  geom stb  vs   1679  1128K 1638      37K   782 5.85    5.77    11612 11678   37K   268 18.43   18.36  
c [distill] watch-based irred--  cl tried 9676     cl-sh 124   cl-rem 62   lit-rem 124    T: 0.02 T-out: N
c [distill] watch-based red  --  cl tried 10724    cl-sh 186   cl-rem 281  lit-rem 192    T: 0.04 T-out: Y
c [ccnr] saving best assignment phase to stable_polar
c [ccnr] bumping based on clause weights
c [ccnr] Bumped vars: 101 bump type: 6
c [ccnr] time: 0.37
c rst  geom stb  vs   1680  1130K 1638      37K   783 5.85    5.77    11629 11485   39K   267 18.31   18.24  
c [full-probe]  bin_only: 0 set: 0 repl: 0 T: 0.01 T-out: N T-r: 98.41%
c rst  geom stb  vs   1681  1132K 1638      37K   783 5.85    5.77    11630 11710   41K   267 18.13   18.06  
c rst  geom stb  vs   1682  1135K 1638      37K   783 5.85    5.77    11638 12095   43K   268 17.91   17.85  
c rst  geom ibes vs   1683  1138K 1638      37K   783 5.85    5.77    11649 12676   45K   270 17.70   17.64  
c [distill-bin] useful: 0/783/783 lits-rem: 0 cl-rem: 0 0-depth-assigns: 0 T: 0.01 T-out: N
c rst  geom ibes vs   1684  1141K 1638      37K   783 5.85    5.77    12127 15744   31K   271 12.43   12.38  
c [distill-long-red0] cls tried: 1071/1071 T: 0.10 T-out: N T-r: 98.26%
c [distill-long-red1] cls tried: 82/8553 T: 0.02 T-out: Y T-r: -2.92%
c [impl-str] lit bin: 0 set-var: 0 T: 0.00 T-out: N T-r: 99.96% w-visit: 3286
c [impl-sub] bin: 333 T: 0.00 T-out: N w-visit: 3286
c rst  geom ibes vs   1685  1144K 1633      37K   783 5.85    5.77    11667 17345   33K   138 12.28   12.26  
c rst  geom ibes vs   1686  1144K 933       22K  1498 5.66    5.43     3379   138    58   220 6.89    6.61   
c ------- FINAL TOTAL SEARCH STATS ---------
c UIP search time          : 176.88      (97.35     % time)
c All times are for this thread only except if explicitly specified
c restarts                 : 1686        (679.03    confls per restart)
c blocked restarts         : 0           (0.00      per normal restart)
c time                     : 176.88      
c decisions                : 1213134     (0.00      % random)
c propagations             : 68M         (389K      props/s)
c decisions/conflicts      : 1.06        
c conflicts                : 1144852     
c LEARNT stats
c units learnt             : 9           (0.00      % of conflicts)
c bins learnt              : 105         (0.01      % of conflicts)
c long learnt              : 1146878     (100.18    % of conflicts)
c red which0               : 1137        (0.10      % of confl)
c SEAMLESS HYPERBIN&TRANS-RED stats
c advProp called           : 0           
c hyper-bin add bin        : 0           (0.00      bin/call)
c trans-red rem irred bin  : 0           (0.00      bin/call)
c trans-red rem red bin    : 0           (0.00      bin/call)
c CONFL LITS stats
c orig                     : 230425846   (201.27    lit/confl)
c recurs-min effective     : 1092831     (95.46     % attempt successful)
c recurs-min lits          : 195539346   (84.86     % less overall)
c permDiff call%           : 1.63        (0.00      % attempt successful)
c permDiff lits-rem        : 0           (0.00      less lits/cl on attempts)
c further-min call%        : 0.03        (25.54     % attempt successful)
c bintri-min lits          : 226         (0.00      % less overall)
c final avg                : 30.47       
c all-threads sum CPU time : 176.88       s
c PROP stats
c Mbogo-props              : 267.97      (1.51      / sec)
c MHyper-props             : 0.06        (0.00      / sec)
c Mprops                   : 68.96       (0.39      / sec)
c -------- OccSimplifier STATS ----------
c time                     : 4.68        (0.00      % var-elim)
c called                   : 6           (0.78      s per call)
c 0-depth assigns          : 0           (0.00      % vars)
c -------- OccSimplifier STATS END ----------
c -------- SubsumeStrengthen STATS ----------
c cl-subs                  : 6578         Clauses
c cl-str rem lit           : 2901         Lits
c cl-sub T                 : 0.64         s
c cl-str T                 : 3.65         s
c -------- SubsumeStrengthen STATS END ----------
c ----- SCC STATS --------
c time                     : 0.01        (0.00      per call)
c called                   : 33          (0.42      new found per call)
c found                    : 14          (50.00     % of all found)
c bogoprops                : 1493714     % of all found
c ----- SCC STATS END --------
c --------- VAR REPLACE STATS ----------
c time                     : 0.23        (0.01      per call)
c trees' crown             : 11          (0.36      % of vars)
c 0-depth assigns          : 0           (0.00      % vars)
c lits replaced            : 52234       
c bin cls removed          : 56          
c long cls removed         : 0           
c long lits removed        : 2329        
c bogoprops                : 6473460     
c --------- VAR REPLACE STATS END ----------
c vrep replace time        : 0.23        (0.13      % time)
c vrep tree roots          : 6           
c vrep trees' crown        : 11          (1.83      leafs/tree)
c -------- DISTILL-BIN STATS --------
c time                     : 0.56        (0.01      per call)
c timed out                : 1           (1.82      % of calls)
c distill/checked/potential: 0          /45681/45980
c lits-rem                 : 0           
c 0-depth-assigns          : 0           (0.00      % of vars)
c -------- DISTILL STATS END --------
c -------- STRENGTHEN STATS --------
c --> watch-based on irred cls
c time                     : 0.49        (0.01      s/call)
c shrinked/tried/total     : 280        /362912/3082275
c subsumed/tried/total     : 227        /362912/3082275
c lits-rem                 : 286         (0.02      % of lits tried)
c called                   : 86          (6590.70   % ran out of time)
c --> watch-based on red cls
c time                     : 0.70        (0.01      s/call)
c shrinked/tried/total     : 1407       /377714/433702
c subsumed/tried/total     : 292        /377714/433702
c lits-rem                 : 2606        (0.09      % of lits tried)
c called                   : 86          (65102.33  % ran out of time)
c -------- STRENGTHEN STATS END --------
c -------- IMPLICIT SUB  STATS --------
c time                     : 0.05        (0.00      per call)
c timed out                : 0           (0.00      % of calls)
c rem bins                 : 383         
c -------- IMPLICIT SUB STATS END --------
c Mem used                 : 62          MB
c Mem for longclauses      : 1           MB (3.03      %)
c Mem for watch alloc      : 20          MB (33.43     %)
c Mem for watch array      : 0           MB (0.12      %)
c Mem for assings&vardata  : 0           MB (0.12      %)
c Mem for search&solve     : 0           MB (0.31      %)
c Mem for renumberer       : 0           MB (0.04      %)
c Mem for occsimplifier    : 1           MB (2.03      %)
c Mem for varReplacer&SCC  : 0           MB (0.10      %)
c Mem for impl subsume     : 0           MB (0.00      %)
c Mem for 3 distills       : 0           MB (0.00      %)
c Accounted for mem (rss)  : 39.18       %
c Accounted for mem (vm)   : 37.37       %
c restarts                 : 1686        (679.03    confls per restart)
c blocked restarts         : 0           (0.00      per normal restart)
c time                     : 176.88      
c decisions                : 1213134     (0.00      % random)
c propagations             : 68M         (389K      props/s)
c decisions/conflicts      : 1.06        
c conflicts                : 1144852     
c conf lits non-minim      : 230425846   (201.27    lit/confl)
c conf lits final          : 30.47       
c red which0               : 1137        (0.10      % of confl)
c props/decision           : 0.00        
c props/conflict           : 0.00        
c 0-depth assigns          : 707         (43.03     % vars)
c 0-depth assigns by CNF   : 0           (0.00      % vars)
c reduceDB time            : 0.44        (0.24      % time)
c OccSimplifier time       : 4.68        (2.58      % time)
c [occur] 0.32 is overhead
c [occur] link-in T: 0.25 cleanup T: 0.07
c [occ-substr] long subBySub: 6344 subByStr: 234 lits-rem-str: 2901 T: 4.29
c SCC time                 : 0.01        (0.01      % time)
c [scc] new: 14 BP 1M  T: 0.01
c vrep replace time        : 0.23        (0.13      % time)
c vrep tree roots          : 6           
c vrep trees' crown        : 11          (1.83      leafs/tree)
c distill long time        : 3.46        (1.91      % time)
c distill bin time         : 0.56        (0.31      % time)
c strength cache-irred time: 0.49        (0.27      % time)
c strength cache-red time  : 0.70        (0.38      % time)
c avg cls in red 0         : 5066.15     
c avg cls in red 1         : 2471.84     
c avg cls in red 2         : 43517.10    
c Conflicts in UIP         : 1144852     (6300.79   confl/time_this_thread)
c Max Memory (rss) used    : 74704 kB    
c Total time (this thread) : 181.70      
s UNSATISFIABLE
c [g 0] truth-find prop checks  : 2673K
c [g 0] -> of which prop        : 30.78 %
c [g 0] -> of which confl       :  0.87 %
c [g 0] elim called             : 190K
c [g 0] ---> which lead to prop : 44.92 %
c [g 0] ---> which lead to confl:  0.80 %
c [g 0] size: 87    x 524  

real	3m3.312s
user	3m1.701s
sys	0m0.106s
