c BreakID not compiled in, disabling
c CryptoMiniSat version 5.11.19
c CMS Copyright (C) 2009-2020 Authors of CryptoMiniSat, see AUTHORS file
c CMS SHA revision b80e09ebd7703fc13b987401d693d7d406a50441
c Using VMTF code by Armin Biere from CaDiCaL
c Using Yalsat by Armin Biere, see Balint et al. Improving implementation of SLS solvers [...], SAT'14
c Using WalkSAT by Henry Kautz, see Kautz and Selman Pushing the envelope: planning, propositional logic, and stochastic search, AAAI'96,
c CMS is MIT licensed
c Using code from 'When Boolean Satisfiability Meets Gauss-E. in a Simplex Way'
c       by C.-S. Han and J.-H. Roland Jiang in CAV 2012. Fixes by M. Soos
c Using CCAnr from 'CCAnr: A Conf. Checking Based Local Search Solver [...]'
c       by Shaowei Cai, Chuan Luo, and Kaile Su, SAT 2015
c CMS compilation env CMAKE_CXX_COMPILER = /usr/bin/c++ | CMAKE_CXX_FLAGS =  -fvisibility=hidden -Wall -Wextra -Wunused -Wsign-compare -fno-omit-frame-pointer -Wtype-limits -Wuninitialized -Wno-deprecated -Wstrict-aliasing -Wpointer-arith -Wpointer-arith -Wformat-nonliteral -Winit-self -Wparentheses -Wunreachable-code -g -Wno-class-memaccess -mpopcnt -msse4.2 -ggdb3 -Wlogical-op -Wrestrict -Wnull-dereference -Wdouble-promotion -Wshadow -Wformat=2 -Wextra-semi -pedantic | COMPILE_DEFINES =  -DRDB0_ONLY_FEATURES -DUSE_ZLIB -DYALSAT_FPU | STATICCOMPILE = OFF | ONLY_SIMPLE =  | STATS = OFF | SQLITE3_FOUND =  | ZLIB_FOUND = TRUE | VALGRIND_FOUND =  | ENABLE_TESTING = OFF | SLOW_DEBUG = OFF | ENABLE_ASSERTIONS = ON | PYTHON_EXECUTABLE =  | PYTHON_LIBRARY =  | PYTHON_INCLUDE_DIRS =  | MY_TARGETS =  | LARGEMEM = OFF | LIMITMEM = OFF | BREAKID_LIBRARIES =  | BREAKID-VER = . | BOSPHORUS_LIBRARIES =  | BOSPH-VER = . | compilation date time = Jul 13 2026 14:05:03
c CMS compiled with gcc version 11.5.0 20240719 (Red Hat 11.5.0-5)
c Executed with command line: ./cryptominisat5 ./instances/IC_S4/Xn19l6-16-U.dimacs
c Reading file './instances/IC_S4/Xn19l6-16-U.dimacs'
c -- header says num vars:            767
c -- header says num clauses:        2416
c -- clauses added: 2364
c -- xor clauses added: 52
c -- vars added 767
c Parsing time: 0.00 s
c [find&init matx] performing matrix init
c [gauss] XOR-encoding clauses are not detached, so no need to reattach them.
c [xor-rem-unconnected] left with 50 xors from 50 non-empty xors T: 0.00
c [xor-together] xored together: 0 orig xors: 50 new xors: 50 T: 0.00
c [xor-rem-unconnected] left with 50 xors from 50 non-empty xors T: 0.00
c [xor-clean-equiv] removed equivalent xors: 0 left with: 50
c [matrix] unused xors from cleaning: 0
c [matrix] Good   matrix  0     50 x  765  density:0.0998  xorlen avg: 76.34
c [matrix] Using 1 matrices recovered from 0 xors T: 0.00 T-out: N
c [branch] adjusting to: vsid (from: vsid) var_decay:0.95 descr: VSIDS
c rst  geom  stb   vs     1   112    2583 15584  1652    3.96    3.78     2    19    83     8  121.67  113.12
c rst  geom  stb   vs     2   235    2583 15584  1652    3.96    3.78     2    27   198     8   93.07   89.97
c  res  pol bran  nres  conf freevar  IrrL  IrrB l/longC  l/allC RedL0 RedL1 RedL2  RedB l/longC  l/allC
c rst  geom  stb   vs     3   370    2583 15584  1652    3.96    3.78     2    27   333     8   80.73   79.03
c rst  geom  stb   vs     4   518    2583 15584  1652    3.96    3.78     2    27   481     8   84.37   83.10
c rst  geom  stb   vs     5   679    2583 15584  1652    3.96    3.78     2    27   642     8   83.59   82.63
c rst  geom  stb   vs     6   856    2583 15584  1652    3.96    3.78     2    27   819     8   84.96   84.18
c rst  geom  stb   vs     7  1050    2583 15584  1652    3.96    3.78     2    27  1010    11   79.31   78.50
c rst  geom  stb   vs     8  1263    2583 15584  1652    3.96    3.78     2    27  1221    13   83.78   82.94
c rst  geom  stb   vs     9  1498    2583 15584  1652    3.96    3.78     2    27  1456    13   80.41   79.73
c rst  geom  stb   vs    10  1756    2583 15584  1652    3.96    3.78     6    28  1709    13   81.47   80.88
c rst  geom  stb   vs    11  2038    2583 15584  1652    3.96    3.78     6    28  1991    13   79.50   79.01
c rst  geom  stb   vs    12  2350    2583 15584  1652    3.96    3.78     6    28  2303    13   79.13   78.71
c rst  geom  stb   vs    13  2690    2583 15584  1652    3.96    3.78     6    28  2642    14   76.52   76.13
c rst  geom  stb   vs    14  3064    2583 15584  1652    3.96    3.78     7    28  3015    14   72.61   72.29
c rst  geom  stb   vs    15  3474    2583 15584  1652    3.96    3.78     8    28  3421    17   73.62   73.27
c rst  geom  stb   vs    16  3924    2583 15584  1652    3.96    3.78     8    28  3871    17   72.84   72.53
c rst  geom  stb   vs    17  4422    2583 15584  1652    3.96    3.78     8    29  4368    17   71.11   70.85
c rst  geom  stb   vs    18  4965    2583 15584  1652    3.96    3.78     8    29  4911    17   69.78   69.55
c rst  geom  stb   vs    19  5562    2583 15584  1652    3.96    3.78     8    30  5507    17   67.79   67.59
c [branch] adjusting to: vmtf (from: vsid) var_decay:0.95 descr: VMTF
c [distill-long-red0] cls tried: 8/8 T: 0.00 T-out: N T-r: 100.00%
c [distill-long-red1] cls tried: 30/30 T: 0.00 T-out: N T-r: 98.40%
c rst  luby ibes  vmt    20  5663    2583 15584  1652    3.96    3.78    18    49  5578    18   67.35   67.14
c rst  luby ibes  vmt    21  5764    2583 15584  1652    3.96    3.78    18    49  5679    18   66.61   66.41
c rst  luby ibes  vmt    22  5966    2583 15584  1652    3.96    3.78    18    49  5881    18   65.12   64.93
c rst  luby ibes  vmt    23  6068    2583 15584  1652    3.96    3.78    18    49  5983    18   64.34   64.16
c rst  luby ibes  vmt    24  6170    2583 15584  1652    3.96    3.78    18    49  6085    18   63.58   63.40
c rst  luby ibes  vmt    25  6372    2583 15584  1652    3.96    3.78    18    49  6287    18   62.13   61.96
c rst  luby ibes  vmt    26  6774    2583 15584  1652    3.96    3.78    18    49  6689    18   59.48   59.33
c rst  luby ibes  vmt    27  6876    2583 15584  1652    3.96    3.78    18    49  6791    18   58.84   58.69
c rst  luby ibes  vmt    28  6978    2583 15584  1652    3.96    3.78    18    49  6893    18   58.24   58.10
c rst  luby ibes  vmt    29  7180    2583 15584  1652    3.96    3.78    18    49  7095    18   57.09   56.96
c rst  luby ibes  vmt    30  7282    2583 15584  1652    3.96    3.78    18    49  7197    18   56.53   56.39
c rst  luby ibes  vmt    31  7384    2583 15584  1652    3.96    3.78    18    49  7299    18   55.98   55.85
c rst  luby ibes  vmt    32  7586    2583 15584  1652    3.96    3.78    18    49  7501    18   54.93   54.81
c rst  luby ibes  vmt    33  7988    2583 15584  1652    3.96    3.78    18    49  7903    18   53.01   52.90
c rst  luby ibes  vmt    34  8790    2583 15584  1652    3.96    3.78    18    49  8705    18   49.71   49.62
c rst  luby ibes  vmt    35  8892    2583 15584  1652    3.96    3.78    18    49  8807    18   49.33   49.23
c rst  luby ibes  vmt    36  8994    2583 15584  1652    3.96    3.78    18    49  8909    18   48.96   48.87
c rst  luby ibes  vmt    37  9196    2583 15584  1652    3.96    3.78    18    49  9111    18   48.25   48.16
c rst  luby ibes  vmt    38  9298    2583 15584  1652    3.96    3.78    18    49  9213    18   47.90   47.81
c rst  luby ibes  vmt    39  9400    2583 15584  1652    3.96    3.78    18    49  9315    18   47.55   47.46
c rst  luby ibes  vmt    40  9602    2583 15584  1652    3.96    3.78    18    49  9517    18   46.88   46.80
c rst  luby ibes  vmt    41 10004    2583 15584  1652    3.96    3.78    38    29  9919    18   45.67   45.59
c rst  luby ibes  vmt    42 10106    2583 15584  1652    3.96    3.78    38    29 10021    18   45.45   45.37
c rst  luby ibes  vmt    43 10208    2583 15584  1652    3.96    3.78    38    29 10123    18   45.18   45.11
c rst  luby ibes  vmt    44 10410    2583 15584  1652    3.96    3.78    38    29 10325    18   44.63   44.56
c rst  luby ibes  vmt    45 10512    2583 15584  1652    3.96    3.78    38    29 10427    18   44.40   44.33
c rst  luby ibes  vmt    46 10614    2583 15584  1652    3.96    3.78    38    29 10529    18   44.22   44.14
c rst  luby ibes  vmt    47 10816    2583 15584  1652    3.96    3.78    38    29 10731    18   43.78   43.72
c rst  luby  svd  vmt    48 11217    2583 15584  1652    3.96    3.78    39    29 11131    18   44.88   44.81
c rst  luby  svd  vmt    49 12018    2583 15584  1652    3.96    3.78    39    29 11932    18   44.55   44.49
c [branch] adjusting to: vsid (from: vmtf) var_decay:0.95 descr: VSIDS
c [distill-bin] useful: 4/1652/1652 lits-rem: 0 cl-rem: 4 0-depth-assigns: 0 T: 0.01 T-out: N
c rst  geom  svd   vs    50 12130    2583 15584  1648    3.96    3.78    39    29 12044    18   44.67   44.61
c rst  geom  svd   vs    51 12252    2583 15584  1648    3.96    3.78    39    29 12166    18   44.89   44.83
c rst  geom  svd   vs    52 12387    2583 15584  1648    3.96    3.78    39    29 12301    18   45.07   45.01
c rst  geom  svd   vs    53 12536    2583 15584  1648    3.96    3.78    39    29 12449    19   45.31   45.25
c rst  geom  svd   vs    54 12697    2583 15584  1648    3.96    3.78    39    29 12610    19   45.52   45.45
c rst  geom  svd   vs    55 12874    2583 15584  1648    3.96    3.78    39    29 12787    19   45.37   45.30
c rst  geom  svd   vs    56 13068    2583 15584  1648    3.96    3.78    39    29 12981    19   45.28   45.22
c rst  geom  svd   vs    57 13281    2583 15584  1648    3.96    3.78    39    29 13194    19   45.39   45.33
c rst  geom  svd   vs    58 13515    2583 15584  1648    3.96    3.78    39    29 13428    19   45.47   45.41
c rst  geom  svd   vs    59 13773    2583 15584  1648    3.96    3.78    39    29 13686    19   45.19   45.13
c rst  geom  svd   vs    60 14055    2583 15584  1648    3.96    3.78    39    29 13968    19   44.97   44.91
c rst  geom  svd   vs    61 14366    2583 15584  1648    3.96    3.78    39    29 14279    19   44.94   44.89
c rst  geom  svd   vs    62 14706    2583 15584  1648    3.96    3.78    39    29 14619    19   44.72   44.67
c rst  geom  svd   vs    63 15080    2583 15584  1648    3.96    3.78    39    34 13990    19   41.40   41.34
c rst  geom  svd   vs    64 15491    2583 15584  1648    3.96    3.78    39    34 14401    19   41.06   41.01
c rst  geom  svd   vs    65 15941    2583 15584  1648    3.96    3.78    39    34 14851    19   40.66   40.61
c rst  geom  svd   vs    66 16435    2583 15584  1648    3.96    3.78    39    34 15345    19   40.39   40.34
c rst  geom best   vs    67 16979    2583 15584  1648    3.96    3.78    39    34 15889    19   41.21   41.17
c rst  geom best   vs    68 17577    2583 15584  1648    3.96    3.78    39    34 16487    19   41.63   41.58
c rst  geom best   vs    69 18234    2583 15584  1648    3.96    3.78    39    34 17144    19   41.82   41.78
c [branch] adjusting to: vmtf (from: vsid) var_decay:0.95 descr: VMTF
c rst  luby best  vmt    70 18336    2583 15584  1648    3.96    3.78    39    34 17246    19   41.84   41.80
c rst  luby best  vmt    71 18438    2583 15584  1648    3.96    3.78    39    34 17348    19   41.80   41.76
c rst  luby best  vmt    72 18640    2583 15584  1648    3.96    3.78    39    34 17550    19   41.82   41.78
c rst  luby best  vmt    73 18741    2583 15584  1648    3.96    3.78    39    34 17651    19   41.83   41.79
c rst  luby best  vmt    74 18843    2583 15584  1648    3.96    3.78    39    34 17753    19   41.77   41.73
c rst  luby best  vmt    75 19044    2583 15584  1648    3.96    3.78    39    34 17954    19   41.73   41.69
c rst  luby best  vmt    76 19446    2583 15584  1648    3.96    3.78    39    34 18356    19   41.57   41.53
c rst  luby best  vmt    77 19548    2583 15584  1648    3.96    3.78    39    34 18458    19   41.53   41.49
c rst  luby best  vmt    78 19649    2583 15584  1648    3.96    3.78    39    34 18559    19   41.45   41.40
c rst  luby best  vmt    79 19851    2583 15584  1648    3.96    3.78    39    34 18761    19   41.36   41.32
c rst  luby best  vmt    80 19953    2583 15584  1648    3.96    3.78    39    34 18863    19   41.45   41.41
c rst  luby best  vmt    81   20K    2583 15584  1648    3.96    3.78    39    34 18964    19   41.40   41.36
c [full-probe]  bin_only: 1 set: 0 repl: 0 T: 0.00 T-out: N T-r: 99.86%
c rst  luby best  vmt    82   20K    2583 15584  1648    3.96    3.78    39    34 19166    31   41.30   41.24
c rst  luby best  vmt    83   20K    2583 15584  1648    3.96    3.78    39    34 19568    31   41.35   41.29
c [distill-long-red0] cls tried: 12/12 T: 0.00 T-out: N T-r: 99.99%
c [distill-long-red1] cls tried: 23/23 T: 0.00 T-out: N T-r: 92.49%
c rst  luby best  vmt    84   21K    2583 15584  1648    3.96    3.78    38    34   20K    32   41.42   41.36
c rst  luby best  vmt    85   21K    2583 15584  1648    3.96    3.78    38    34   20K    32   41.38   41.32
c rst  luby best  vmt    86   21K    2583 15584  1648    3.96    3.78    38    34   20K    32   41.37   41.31
c rst  luby  stb  vmt    87   21K    2583 15584  1648    3.96    3.78    38    34   20K    32   41.66   41.60
c rst  luby  stb  vmt    88   21K    2583 15584  1648    3.96    3.78    38    34   20K    32   41.73   41.67
c rst  luby  stb  vmt    89   22K    2583 15584  1648    3.96    3.78    38    34   20K    32   41.88   41.82
c rst  luby  stb  vmt    90   22K    2583 15584  1648    3.96    3.78    38    34   21K    32   41.91   41.85
c rst  luby  stb  vmt    91   22K    2583 15584  1648    3.96    3.78    38    34   21K    32   41.87   41.81
c rst  luby  stb  vmt    92   22K    2583 15584  1648    3.96    3.78    38    34   21K    32   41.84   41.79
c rst  luby  stb  vmt    93   22K    2583 15584  1648    3.96    3.78    38    34   21K    32   41.77   41.71
c rst  luby  stb  vmt    94   23K    2583 15584  1648    3.96    3.78    38    34   21K    32   41.70   41.64
c rst  luby  stb  vmt    95   23K    2583 15584  1648    3.96    3.78    38    34   22K    32   41.64   41.59
c rst  luby  stb  vmt    96   23K    2583 15584  1648    3.96    3.78    38    34   22K    32   41.60   41.55
c rst  luby  stb  vmt    97   23K    2583 15584  1648    3.96    3.78    38    34   22K    32   41.61   41.56
c rst  luby  stb  vmt    98   23K    2583 15584  1648    3.96    3.78    38    34   22K    32   41.40   41.35
c rst  luby  stb  vmt    99   24K    2583 15584  1648    3.96    3.78    38    34   23K    32   41.70   41.64
c rst  luby  stb  vmt   100   26K    2583 15584  1648    3.96    3.78    38    34   25K    32   41.13   41.08
c [branch] adjusting to: vsid (from: vmtf) var_decay:0.95 descr: VSIDS
c [distill] watch-based irred--  cl tried     1428 cl-sh     0 cl-rem    4 lit-rem      0 T: 0.00 T-out: N
c [distill] watch-based   red--  cl tried       76 cl-sh     0 cl-rem    0 lit-rem      0 T: 0.00 T-out: N
c rst  geom  stb   vs   101   26K    2583 15580  1652    3.96    3.78    38    34   25K    28   41.12   41.08
c rst  geom  stb   vs   102   26K    2583 15580  1652    3.96    3.78    38    34   25K    28   41.07   41.03
c rst  geom  stb   vs   103   26K    2583 15580  1652    3.96    3.78    38    34   25K    28   41.01   40.97
c rst  geom  stb   vs   104   26K    2583 15580  1652    3.96    3.78    38    34   25K    28   40.97   40.92
c rst  geom  stb   vs   105   26K    2583 15580  1652    3.96    3.78    38    34   25K    28   40.93   40.89
c rst  geom ibes   vs   106   27K    2583 15580  1652    3.96    3.78    38    34   26K    28   40.82   40.78
c rst  geom ibes   vs   107   27K    2583 15580  1652    3.96    3.78    38    34   26K    28   40.66   40.61
c rst  geom ibes   vs   108   27K    2583 15580  1652    3.96    3.78    38    34   26K    28   40.50   40.46
c rst  geom ibes   vs   109   27K    2583 15580  1652    3.96    3.78    38    34   26K    28   40.32   40.28
c rst  geom ibes   vs   110   28K    2583 15580  1652    3.96    3.78    38    34   26K    28   40.13   40.09
c rst  geom ibes   vs   111   28K    2583 15580  1652    3.96    3.78    38    34   27K    28   39.91   39.87
c rst  geom ibes   vs   112   28K    2583 15580  1652    3.96    3.78    38    34   27K    28   39.76   39.73
c rst  geom ibes   vs   113   28K    2583 15580  1652    3.96    3.78    38    34   27K    28   39.60   39.56
c rst  geom ibes   vs   114   29K    2583 15580  1652    3.96    3.78    38    34   28K    28   39.33   39.30
c rst  geom ibes   vs   115   29K    2583 15580  1652    3.96    3.78    38    34   28K    28   39.16   39.12
c rst  geom ibes   vs   116   30K    2583 15580  1652    3.96    3.78    38    34   22K    28   35.84   35.80
c rst  geom ibes   vs   117   30K    2583 15580  1652    3.96    3.78    38    34   22K    28   35.45   35.41
c rst  geom ibes   vs   118   31K    2583 15580  1652    3.96    3.78    38    34   23K    28   35.06   35.02
c rst  geom ibes   vs   119   31K    2583 15580  1652    3.96    3.78    38    34   24K    28   34.65   34.61
c rst  geom ibes   vs   120   32K    2583 15580  1652    3.96    3.78    38    34   24K    28   34.36   34.33
c [distill-bin] useful: 0/1652/1652 lits-rem: 0 cl-rem: 0 0-depth-assigns: 0 T: 0.01 T-out: N
c rst  geom  svd   vs   121   33K    2583 15580  1652    3.96    3.78    38    34   25K    28   34.86   34.82
c rst  geom  svd   vs   122   34K    2583 15580  1652    3.96    3.78    38    34   26K    28   34.76   34.72
c [branch] adjusting to: vmtf (from: vsid) var_decay:0.95 descr: VMTF
c rst  luby  svd  vmt   123   34K    2583 15580  1652    3.96    3.78    38    34   26K    28   34.78   34.75
c rst  luby  svd  vmt   124   34K    2583 15580  1652    3.96    3.78    38    34   26K    28   34.77   34.74
c rst  luby  svd  vmt   125   34K    2583 15580  1652    3.96    3.78    38    34   26K    28   34.73   34.70
c rst  luby  svd  vmt   126   34K    2583 15580  1652    3.96    3.78    38    34   26K    29   34.77   34.73
c rst  luby  svd  vmt   127   34K    2583 15580  1652    3.96    3.78    38    34   26K    29   34.77   34.73
c rst  luby  svd  vmt   128   34K    2583 15580  1652    3.96    3.78    38    34   27K    29   34.71   34.67
c rst  luby  svd  vmt   129   35K    2583 15580  1652    3.96    3.78    38    34   27K    29   34.56   34.53
c rst  luby  svd  vmt   130   35K    2583 15580  1652    3.96    3.78    38    34   27K    29   34.52   34.49
c rst  luby  svd  vmt   131   35K    2583 15580  1652    3.96    3.78    38    34   27K    29   34.49   34.45
c rst  luby  svd  vmt   132   35K    2583 15580  1652    3.96    3.78    38    34   27K    29   34.40   34.37
c rst  luby  svd  vmt   133   35K    2583 15580  1652    3.96    3.78    38    34   27K    29   34.36   34.33
c [distill-long-red0] cls tried: 0/0 T: 0.00 T-out: N T-r: 100.00%
c [distill-long-red1] cls tried: 0/0 T: 0.00 T-out: N T-r: 100.00%
c rst  luby  svd  vmt   134   35K    2583 15580  1652    3.96    3.78    38    34   28K    29   34.33   34.29
c rst  luby  svd  vmt   135   36K    2583 15580  1652    3.96    3.78    38    34   28K    29   34.24   34.21
c rst  luby  svd  vmt   136   36K    2583 15580  1652    3.96    3.78    38    34   28K    29   34.06   34.03
c rst  luby  svd  vmt   137   37K    2583 15580  1652    3.96    3.78    38    34   29K    29   33.70   33.67
c rst  luby  svd  vmt   138   37K    2583 15580  1652    3.96    3.78    38    34   29K    29   33.65   33.62
c rst  luby  svd  vmt   139   37K    2583 15580  1652    3.96    3.78    38    34   29K    29   33.61   33.57
c rst  luby  svd  vmt   140   37K    2583 15580  1652    3.96    3.78    38    34   29K    29   33.52   33.49
c rst  luby  svd  vmt   141   37K    2583 15580  1652    3.96    3.78    38    34   29K    29   33.47   33.44
c rst  luby  svd  vmt   142   37K    2583 15580  1652    3.96    3.78    38    34   30K    29   33.43   33.40
c rst  luby  svd  vmt   143   38K    2583 15580  1652    3.96    3.78    38    34   30K    29   33.35   33.32
c rst  geom best  vmt   144   38K    2583 15580  1652    3.96    3.78    38    34   30K    29   33.32   33.29
c rst  geom best  vmt   145   38K    2583 15580  1652    3.96    3.78    38    34   30K    29   33.29   33.26
c rst  geom best  vmt   146   38K    2583 15580  1652    3.96    3.78    38    34   30K    29   33.31   33.28
c rst  geom best  vmt   147   38K    2583 15580  1652    3.96    3.78    38    34   30K    29   33.27   33.24
c rst  geom best  vmt   148   38K    2583 15580  1652    3.96    3.78    38    34   30K    29   33.30   33.27
c rst  geom best  vmt   149   38K    2583 15580  1652    3.96    3.78    38    34   31K    29   33.24   33.21
c rst  geom best  vmt   150   39K    2583 15580  1652    3.96    3.78    38    34   31K    29   33.19   33.16
c rst  geom best  vmt   151   39K    2583 15580  1652    3.96    3.78    38    34   31K    29   33.16   33.13
c rst  geom best  vmt   152   39K    2583 15580  1652    3.96    3.78    38    34   31K    29   33.11   33.08
c rst  geom best  vmt   153   39K    2583 15580  1652    3.96    3.78    38    34   32K    29   33.06   33.04
c rst  geom best  vmt   154   40K    2583 15580  1652    3.96    3.78    38    34   32K    29   32.99   32.96
c [full-probe]  bin_only: 0 set: 0 repl: 0 T: 0.01 T-out: N T-r: 98.19%
c [impl-str] lit bin: 0 set-var: 0 T: 0.00 T-out: N T-r: 99.96% w-visit: 5166
c [impl-sub] bin: 16 T: 0.00 T-out: N w-visit: 5166
c rst  geom best  vmt   155   40K    2583 15580  1652    3.96    3.78    38    34   32K    19   32.87   32.86
c rst  geom best  vmt   156   40K    2583 15580  1652    3.96    3.78    38    34   32K    19   32.75   32.73
c rst  geom best  vmt   157   41K    2583 15580  1652    3.96    3.78    38    34   33K    19   32.66   32.64
c rst  geom best  vmt   158   41K    2583 15580  1652    3.96    3.78    38    34   33K    19   32.67   32.66
c rst  geom best  vmt   159   41K    2583 15580  1652    3.96    3.78    38    34   34K    19   32.63   32.62
c rst  geom best  vmt   160   42K    2583 15580  1652    3.96    3.78    38    34   34K    19   32.53   32.51
c [branch] adjusting to: vsid (from: vmtf) var_decay:0.95 descr: VSIDS
c rst  geom best   vs   161   42K    2583 15580  1652    3.96    3.78    38    34   34K    19   32.53   32.51
c rst  geom best   vs   162   42K    2583 15580  1652    3.96    3.78    38    34   34K    19   32.51   32.49
c rst  geom best   vs   163   42K    2583 15580  1652    3.96    3.78    38    34   35K    19   32.48   32.46
c rst  geom best   vs   164   42K    2583 15580  1652    3.96    3.78    38    34   35K    19   32.45   32.43
c rst  geom best   vs   165   43K    2583 15580  1652    3.96    3.78    38    34   35K    19   32.45   32.43
c rst  geom best   vs   166   43K    2583 15580  1652    3.96    3.78    38    34   35K    19   32.41   32.39
c rst  geom best   vs   167   43K    2583 15580  1652    3.96    3.78    38    34   35K    19   32.37   32.35
c rst  geom  stb   vs   168   43K    2583 15580  1652    3.96    3.78    38    34   35K    19   32.37   32.35
c rst  geom  stb   vs   169   43K    2583 15580  1652    3.96    3.78    38    34   36K    19   32.39   32.37
c rst  geom  stb   vs   170   44K    2583 15580  1652    3.96    3.78    38    34   36K    19   32.32   32.30
c [ccnr] tries: 0 steps: 262143 best found: 15
c [ccnr] tries: 0 steps: 524287 best found: 11
c [ccnr] tries: 0 steps: 786431 best found: 11
c [ccnr] saving best assignment phase to stable_polar
c [ccnr] bumping based on clause weights
c [ccnr] Bumped vars: 101 bump type: 6
c [ccnr] time: 0.60
c rst  geom  stb   vs   171   44K    2583 15580  1652    3.96    3.78    38    34   36K    19   32.30   32.28
c rst  geom  stb   vs   172   44K    2583 15580  1652    3.96    3.78    38    34   37K    19   32.26   32.24
c rst  geom  stb   vs   173   45K    2583 15580  1652    3.96    3.78    38    35   30K    19   31.83   31.81
c rst  geom  stb   vs   174   45K    2583 15580  1652    3.96    3.78    38    35   31K    19   31.86   31.84
c rst  geom  stb   vs   175   45K    2583 15580  1652    3.96    3.78    38    35   31K    19   31.84   31.82
c rst  geom  stb   vs   176   46K    2583 15580  1652    3.96    3.78    38    35   32K    19   31.99   31.98
c rst  geom  stb   vs   177   46K    2583 15580  1652    3.96    3.78    38    35   32K    19   31.96   31.95
c rst  geom  stb   vs   178   47K    2583 15580  1652    3.96    3.78    38    35   33K    19   32.08   32.06
c rst  geom  stb   vs   179   48K    2583 15580  1652    3.96    3.78    38    35   33K    19   32.18   32.16
c rst  geom  stb   vs   180   48K    2583 15580  1652    3.96    3.78    38    35   34K    19   32.19   32.17
c rst  geom  stb   vs   181   49K    2583 15580  1652    3.96    3.78    38    35   35K    19   32.08   32.06
c rst  geom ibes   vs   182   50K    2583 15580  1652    3.96    3.78    38    35   35K    19   32.14   32.12
c [gauss] XOR-encoding clauses are not detached, so no need to reattach them.
c [g 0] truth-find prop checks  : 445K
c [g 0] -> of which prop        : 57.66 %
c [g 0] -> of which confl       :  5.29 %
c [g 0] elim called             : 48K
c [g 0] ---> which lead to prop : 30.68 %
c [g 0] ---> which lead to confl:  1.77 %
c [g 0] size: 50    x 765  
c [scc] new: 6 BP 0M T: 0.00
c [vrep] vars 6 lits 14702 rem-bin-cls 34 rem-long-cls 0 BP 0M T: 0.02
c [scc] new: 0 BP 0M T: 0.00
c [vrep] vars 0 lits 0 rem-bin-cls 0 rem-long-cls 0 BP 0M T: 0.00
c [intree] Set 0 vars hyper-added: 735 trans-irred: 0 trans-red: 2 T: 0.01 T-out: N T-r: -0.48%
c [find&init matx] performing matrix init
c [gauss] XOR-encoding clauses are not detached, so no need to reattach them.
c [xor-rem-unconnected] left with 50 xors from 50 non-empty xors T: 0.00
c [xor-together] xored together: 0 orig xors: 50 new xors: 50 T: 0.00
c [xor-rem-unconnected] left with 50 xors from 50 non-empty xors T: 0.00
c [xor-clean-equiv] removed equivalent xors: 0 left with: 50
c [matrix] unused xors from cleaning: 0
c [matrix] Good   matrix 0 50      x761    density:0.0994  xorlen avg: 75.62
c [matrix] Using 1 matrices recovered from 0 xors T: 0.00 T-out: N
c rst  geom ibes vs   183   51  K 2577    15580  1640 3.96    3.78       38    35   36K   742 31.98   31.39  
c [distill-long-red0] cls tried: 0/0 T: 0.00 T-out: N T-r: 100.00%
c [distill-long-red1] cls tried: 1/1 T: 0.00 T-out: N T-r: 91.32%
c rst  geom ibes vs   184   52  K 2577    15580  1640 3.96    3.78       38    35   37K   742 31.77   31.19  
c [distill] watch-based irred--  cl tried 1424     cl-sh 0     cl-rem 0    lit-rem 0      T: 0.00 T-out: N
c [distill] watch-based red  --  cl tried 76       cl-sh 1     cl-rem 0    lit-rem 1      T: 0.00 T-out: N
c rst  geom ibes vs   185   53  K 2577    15580  1640 3.96    3.78       38    35   38K   742 31.61   31.05  
c [branch] adjusting to: vmtf (from: vsid) var_decay:0.95 descr: VMTF
c [distill-bin] useful: 0/1433/1640 lits-rem: 0 cl-rem: 0 0-depth-assigns: 0 T: 0.02 T-out: Y
c rst  luby ibes vmt  186   53  K 2577    15580  1640 3.96    3.78       38    37   38K   742 31.66   31.11  
c rst  luby ibes vmt  187   53  K 2577    15580  1640 3.96    3.78       38    46   39K   742 31.82   31.26  
c rst  luby ibes vmt  188   53  K 2577    15580  1640 3.96    3.78       38    67   39K   742 32.05   31.49  
c rst  luby ibes vmt  189   53  K 2577    15580  1640 3.96    3.78       38    68   39K   742 32.07   31.51  
c rst  luby ibes vmt  190   53  K 2577    15580  1640 3.96    3.78       38    70   39K   742 32.09   31.53  
c rst  luby ibes vmt  191   53  K 2577    15580  1640 3.96    3.78       39    86   39K   742 32.21   31.66  
c rst  luby ibes vmt  192   54  K 2577    15580  1640 3.96    3.78       41    87   40K   742 32.58   32.03  
c rst  luby ibes vmt  193   54  K 2577    15580  1640 3.96    3.78       41    94   40K   742 32.60   32.05  
c rst  luby ibes vmt  194   54  K 2577    15580  1640 3.96    3.78       41    96   40K   742 32.71   32.15  
c rst  luby ibes vmt  195   54  K 2577    15580  1640 3.96    3.78       41    97   40K   742 32.76   32.20  
c rst  luby ibes vmt  196   54  K 2577    15580  1640 3.96    3.78       43    97   40K   742 32.81   32.26  
c rst  luby ibes vmt  197   54  K 2577    15580  1640 3.96    3.78       44    97   40K   742 32.84   32.29  
c rst  luby ibes vmt  198   55  K 2577    15580  1640 3.96    3.78       44   107   40K   742 32.83   32.28  
c rst  luby svd  vmt  199   55  K 2577    15580  1640 3.96    3.78       46   109   41K   743 33.53   32.97  
c rst  luby svd  vmt  200   56  K 2577    15580  1640 3.96    3.78       54   125   41K   743 34.22   33.66  
c recursive minimization cost OK: 257Kcost/(% lits removed)
c [gauss] XOR-encoding clauses are not detached, so no need to reattach them.
c [g 0] truth-find prop checks  : 100K
c [g 0] -> of which prop        : 47.39 %
c [g 0] -> of which confl       :  3.99 %
c [g 0] elim called             : 12305
c [g 0] ---> which lead to prop :  1.14 %
c [g 0] ---> which lead to confl:  0.11 %
c [g 0] size: 50    x 761  
c --> Executing strategy token: scc-vrepl
c [scc] new: 0 BP 0M T: 0.00
c --> Executing strategy token: sub-impl
c [impl-sub] bin: 1 T: 0.00 T-out: N w-visit: 5166
c --> Executing strategy token: breakid
c --> Executing OCC strategy token(s): 'occ-backw-sub-str,occ-clean-implicit,occ-bve,occ-bva,occ-ternary-res,occ-xor,'
c [occ] mem usage for occur 1      MB
c [occ] Linked in IRRED BIN by default: 1640
c [occ] Linked in RED   BIN by default: 742
c [occ] mem usage for occur 0      MB
c Mem for watch alloc      : 4           MB (19.78     %)
c Mem for watch array      : 0           MB (0.92      %)
c --> Executing OCC strategy token: occ-backw-sub-str
c [occ-backw-sub-str-long-w-bins] subs: 0 str: 0 tried: 2382 0-depth ass: 0 T: 0.00 T-out: N T-r: 99.50%
c [occ-backw-sub-long-w-long] rem cl: 10 tried: 57445/57445 (100.0%) T: 0.01 T-out: N T-r: 96.33%
c [occ-backw-sub-str-long-w-long] sub: 0 str: 0 tried: 172335/57445 (300.0)  T: 0.05 T-out: N T-r: 89.19%
c --> Executing OCC strategy token: occ-clean-implicit
c --> Executing OCC strategy token: occ-bve
c [occ-empty-res] Empty resolvent elimed: 0 T: 0.00 T-out: N
c [occ-bve] iter v-elim 9
c cl_inc_rate=1.0, var_dec_rate=1.0 (grow=0)
c Reduced to 2568 vars, 17215 cls (grow=0)
c [occ-bve] iter v-elim 287
c cl_inc_rate=1.1, var_dec_rate=1.1 (grow=8)
c Reduced to 2281 vars, 18479 cls (grow=8)
c x n vars       : 2281
c #try to eliminate:  5382
c #var-elim        :   296
c #T-o: N
c #T-r: 99.99%
c #T  : 0.08
c [occur] 0.03 is overhead
c [occur] link-in T: 0.03 cleanup T: 0.00
c --> Executing OCC strategy token: occ-bva
c --> Executing OCC strategy token: occ-ternary-res
c [occ-ternary-res] Ternary res-tri: 56 res-bin: 0 sub: 0 str: 0 T: 0.00 T-out: N T-r: 99.41%
c --> Executing OCC strategy token: occ-xor
c [occ-xor] sort occur list T: 0.00
c [xor-clean-equiv] removed equivalent xors: 0 left with: 1707
c [occ-xor] found   1707 avg sz 4.0 min sz  4 max sz  5 T: 0.00 T-out: N T-r: 99.98%
c --> Executing strategy token: card-find
c --> Executing strategy token: cl-consolidate
c [mem] consolidate  old-sz: 8923K new-sz: 6801K new bits offs: 20 T: 0.00
c --> Executing strategy token: scc-vrepl
c [scc] new: 0 BP 0M T: 0.00
c --> Executing strategy token: renumber
c --> Executing strategy token: bosphorus
c --> Executing strategy token: louvain-comms
c [consolidate] mini T: 0.00
c global_timeout_multiplier: 3.3000
c [branch] rebuilding order heap for all branchings. Current branching: vmtf
c [find&init matx] performing matrix init
c [gauss] XOR-encoding clauses are not detached, so no need to reattach them.
c [xor-rem-unconnected] left with 1707 xors from 1707 non-empty xors T: 0.00
c [xor-together] xored together: 1661 orig xors: 1707 new xors: 46 T: 0.00
c [xor-rem-unconnected] left with 46 xors from 46 non-empty xors T: 0.00
c [xor-clean-equiv] removed equivalent xors: 0 left with: 46
c [matrix] unused xors from cleaning: 0
c [matrix] Good   matrix  0     46 x  460  density:0.1660  xorlen avg: 76.35
c [matrix] Using 1 matrices recovered from 0 xors T: 0.00 T-out: N
c rst  luby  svd  vmt   201   56K    2281 17601   878    4.12    4.02    29   107   39K    79   31.47   31.41
c rst  luby  svd  vmt   202   56K    2281 17601   878    4.12    4.02    29   107   39K    79   31.47   31.41
c rst  luby  svd  vmt   203   56K    2281 17601   878    4.12    4.02    32   112   39K    80   31.47   31.41
c rst  luby  svd  vmt   204   56K    2281 17601   878    4.12    4.02    35   113   39K    80   31.45   31.40
c rst  luby  svd  vmt   205   56K    2281 17601   878    4.12    4.02    35   114   39K    80   31.43   31.37
c rst  luby  svd  vmt   206   56K    2281 17601   878    4.12    4.02    36   121   39K    80   31.42   31.36
c [g  <0] Disabling GJ-elim in this round.  Usefulness was: 19.2050%  over 38115 calls
c rst  luby  svd  vmt   207   57K    2281 17601   878    4.12    4.02    38   131   39K    80   31.55   31.49
c rst  luby  svd  vmt   208   57K    2281 17601   878    4.12    4.02    40   187   40K    80   31.69   31.64
c rst  luby  svd  vmt   209   57K    2281 17601   878    4.12    4.02    40   196   40K    80   31.72   31.67
c rst  luby  svd  vmt   210   57K    2281 17601   878    4.12    4.02    40   213   40K    80   31.73   31.68
c rst  luby  svd  vmt   211   57K    2281 17601   878    4.12    4.02    46   230   40K    80   31.79   31.74
c rst  luby  svd  vmt   212   58K    2281 17601   878    4.12    4.02    47   249   40K    80   31.82   31.76
c rst  luby  svd  vmt   213   58K    2281 17601   878    4.12    4.02    48   257   40K    80   31.85   31.79
c rst  luby  svd  vmt   214   58K    2281 17601   878    4.12    4.02    53   287   41K    80   31.88   31.82
c rst  luby  svd  vmt   215   58K    2281 17601   878    4.12    4.02    61   327   41K    80   31.87   31.81
c rst  luby  svd  vmt   216   59K    2281 17601   878    4.12    4.02    61   341   42K    80   31.62   31.57
c rst  luby  svd  vmt   217   61K    2281 17601   878    4.12    4.02   303   252   31K    80   27.39   27.32
c [full-probe]  bin_only: 1 set: 0 repl: 0 T: 0.01 T-out: N T-r: 99.75%
c rst  geom best  vmt   218   61K    2281 17601   878    4.12    4.02   303   252   31K    82   27.38   27.32
c rst  geom best  vmt   219   61K    2281 17601   878    4.12    4.02   303   252   31K    82   27.34   27.28
c rst  geom best  vmt   220   61K    2281 17601   878    4.12    4.02   303   255   31K    82   27.31   27.25
c rst  geom best  vmt   221   61K    2281 17601   878    4.12    4.02   303   258   31K    82   27.27   27.21
c rst  geom best  vmt   222   61K    2281 17601   878    4.12    4.02   303   260   31K    82   27.26   27.19
c rst  geom best  vmt   223   61K    2281 17601   878    4.12    4.02   305   267   31K    82   27.26   27.20
c rst  geom best  vmt   224   62K    2281 17601   878    4.12    4.02   314   297   32K    82   27.24   27.17
c rst  geom best  vmt   225   62K    2281 17601   878    4.12    4.02   316   301   32K    82   27.27   27.20
c rst  geom best  vmt   226   62K    2281 17601   878    4.12    4.02   316   305   32K    82   27.28   27.22
c rst  geom best  vmt   227   62K    2281 17601   878    4.12    4.02   319   313   32K    82   27.30   27.24
c rst  geom best  vmt   228   63K    2281 17601   878    4.12    4.02   322   318   33K    82   27.26   27.20
c [branch] adjusting to: vsid (from: vmtf) var_decay:0.95 descr: VSIDS
c rst  geom best   vs   229   63K    2281 17601   878    4.12    4.02   323   322   33K    82   27.35   27.29
c rst  geom best   vs   230   63K    2281 17601   878    4.12    4.02   323   326   33K    82   27.43   27.37
c rst  geom best   vs   231   63K    2281 17601   878    4.12    4.02   323   328   33K    82   27.51   27.45
c rst  geom best   vs   232   63K    2281 17601   878    4.12    4.02   323   338   33K    82   27.58   27.52
c rst  geom best   vs   233   63K    2281 17601   878    4.12    4.02   323   342   33K    82   27.68   27.62
c rst  geom best   vs   234   64K    2281 17601   878    4.12    4.02   325   352   33K    82   27.79   27.73
c rst  geom best   vs   235   64K    2281 17601   878    4.12    4.02   327   358   34K    82   27.93   27.87
c rst  geom best   vs   236   64K    2281 17601   878    4.12    4.02   331   369   34K    82   28.04   27.98
c rst  geom best   vs   237   64K    2281 17601   878    4.12    4.02   332   386   34K    82   28.20   28.14
c rst  geom best   vs   238   64K    2281 17601   878    4.12    4.02   337   395   34K    82   28.35   28.29
c rst  geom best   vs   239   65K    2281 17601   878    4.12    4.02   337   404   34K    82   28.49   28.43
c rst  geom best   vs   240   65K    2281 17601   878    4.12    4.02   337   415   35K    82   28.71   28.65
c rst  geom best   vs   241   65K    2281 17601   878    4.12    4.02   341   422   35K    82   28.89   28.83
c rst  geom best   vs   242   66K    2281 17601   878    4.12    4.02   343   432   35K    83   29.04   28.97
c [distill-long-red0] cls tried: 310/310 T: 0.01 T-out: N T-r: 99.74%
c [distill-long-red1] cls tried: 124/363 T: 0.01 T-out: Y T-r: -1.16%
c rst  geom best   vs   243   66K    2281 17601   878    4.12    4.02   342   443   36K    84   29.26   29.20
c rst  geom best   vs   244   67K    2281 17601   878    4.12    4.02   342   447   36K    84   29.61   29.55
c rst  geom  stb   vs   245   67K    2281 17601   878    4.12    4.02   348   467   37K    84   29.88   29.82
c rst  geom  stb   vs   246   68K    2281 17601   878    4.12    4.02   358   511   37K    84   29.95   29.89
c rst  geom  stb   vs   247   68K    2281 17601   878    4.12    4.02   367   539   38K    84   29.96   29.90
c rst  geom  stb   vs   248   69K    2281 17601   878    4.12    4.02   374   560   38K    84   29.96   29.90
c rst  geom  stb   vs   249   70K    2281 17601   878    4.12    4.02   573   379   39K    84   29.96   29.91
c rst  geom  stb   vs   250   70K    2281 17601   878    4.12    4.02   574   388   40K    84   29.95   29.89
c rst  geom  stb   vs   251   71K    2281 17601   878    4.12    4.02   575   406   41K    84   29.88   29.82
c rst  geom  stb   vs   252   72K    2281 17601   878    4.12    4.02   581   433   42K    84   29.83   29.78
c rst  geom  stb   vs   253   73K    2281 17601   878    4.12    4.02   591   443   43K    84   29.86   29.80
c [distill-bin] useful: 0/878/878 lits-rem: 0 cl-rem: 0 0-depth-assigns: 0 T: 0.01 T-out: N
c rst  geom ibes   vs   254   74K    2281 17601   878    4.12    4.02   618   518   44K    84   29.94   29.89
c [branch] adjusting to: vmtf (from: vsid) var_decay:0.95 descr: VMTF
c rst  luby ibes  vmt   255   75K    2281 17601   878    4.12    4.02   652   833   30K    84   31.60   31.52
c rst  luby ibes  vmt   256   75K    2281 17601   878    4.12    4.02   653   834   31K    84   31.56   31.49
c rst  luby ibes  vmt   257   75K    2281 17601   878    4.12    4.02   653   834   31K    84   31.53   31.45
c rst  luby ibes  vmt   258   75K    2281 17601   878    4.12    4.02   653   836   31K    84   31.49   31.41
c rst  luby ibes  vmt   259   75K    2281 17601   878    4.12    4.02   653   837   31K    84   31.44   31.37
c rst  luby ibes  vmt   260   75K    2281 17601   878    4.12    4.02   653   837   31K    84   31.35   31.27
c rst  luby ibes  vmt   261   76K    2281 17601   878    4.12    4.02   653   840   32K    84   31.17   31.10
c rst  luby ibes  vmt   262   76K    2281 17601   878    4.12    4.02   653   842   32K    84   31.14   31.07
c rst  luby ibes  vmt   263   76K    2281 17601   878    4.12    4.02   653   843   32K    84   31.13   31.06
c rst  luby ibes  vmt   264   76K    2281 17601   878    4.12    4.02   655   846   32K    84   31.08   31.01
c rst  luby ibes  vmt   265   76K    2281 17601   878    4.12    4.02   655   847   32K    84   31.05   30.98
c rst  luby ibes  vmt   266   76K    2281 17601   878    4.12    4.02   656   857   32K    84   31.19   31.12
c rst  luby ibes  vmt   267   76K    2281 17601   878    4.12    4.02   656   870   32K    84   31.22   31.15
c rst  luby ibes  vmt   268   77K    2281 17601   878    4.12    4.02   657   893   33K    84   31.31   31.24
c [distill] watch-based irred--  cl tried     7641 cl-sh   139 cl-rem  153 lit-rem    145 T: 0.01 T-out: N
c [distill] watch-based   red--  cl tried     1314 cl-sh    97 cl-rem    0 lit-rem    145 T: 0.00 T-out: N
c rst  luby ibes  vmt   269   78K    2281 17448   889    4.11    4.01   665   926   33K    73   31.39   31.33
c rst  luby ibes  vmt   270   78K    2281 17448   889    4.11    4.01   666   935   34K    73   31.39   31.33
c rst  luby ibes  vmt   271   78K    2281 17448   889    4.11    4.01   667   951   34K    73   31.38   31.32
c rst  luby ibes  vmt   272   78K    2281 17448   889    4.11    4.01   667   966   34K    73   31.39   31.33
c rst  luby ibes  vmt   273   78K    2281 17448   889    4.11    4.01   667   971   34K    73   31.39   31.33
c rst  luby ibes  vmt   274   78K    2281 17448   889    4.11    4.01   669   981   34K    73   31.41   31.35
c rst  luby ibes  vmt   275   78K    2281 17448   889    4.11    4.01   670   986   34K    73   31.43   31.37
c rst  luby ibes  vmt   276   79K    2281 17448   889    4.11    4.01   673  1011   35K    73   31.43   31.37
c rst  luby ibes  vmt   277   79K    2281 17448   889    4.11    4.01   674  1015   35K    73   31.45   31.39
c rst  luby ibes  vmt   278   79K    2281 17448   889    4.11    4.01   675  1023   35K    73   31.44   31.38
c rst  luby  svd  vmt   279   79K    2281 17448   889    4.11    4.01   676  1050   35K    73   31.47   31.42
c rst  luby  svd  vmt   280   79K    2281 17448   889    4.11    4.01   678  1063   35K    73   31.46   31.41
c rst  luby  svd  vmt   281   80K    2281 17448   889    4.11    4.01   678  1077   35K    73   31.49   31.43
c rst  luby  svd  vmt   282   80K    2281 17448   889    4.11    4.01  1085   700   35K    73   31.48   31.42
c rst  luby  svd  vmt   283   80K    2281 17448   889    4.11    4.01  1089   721   36K    73   31.51   31.45
c rst  luby  svd  vmt   284   81K    2281 17448   889    4.11    4.01  1093   748   36K    73   31.54   31.49
c [distill-long-red0] cls tried: 747/747 T: 0.03 T-out: N T-r: 99.02%
c [distill-long-red1] cls tried: 70/591 T: 0.01 T-out: Y T-r: -1.26%
c [full-probe]  bin_only: 0 set: 0 repl: 0 T: 0.01 T-out: N T-r: 97.33%
c rst  luby  svd  vmt   285   83K    2281 17448   889    4.11    4.01  1102   793   38K    75   31.42   31.36
c rst  luby  svd  vmt   286   83K    2281 17448   889    4.11    4.01  1103   797   38K    75   31.40   31.35
c rst  luby  svd  vmt   287   83K    2281 17448   889    4.11    4.01  1103   799   38K    75   31.39   31.34
c rst  luby  svd  vmt   288   83K    2281 17448   889    4.11    4.01  1105   806   38K    75   31.38   31.33
c rst  luby  svd  vmt   289   83K    2281 17448   889    4.11    4.01  1105   806   38K    75   31.38   31.33
c rst  luby  svd  vmt   290   83K    2281 17448   889    4.11    4.01  1105   806   39K    75   31.37   31.32
c rst  luby  svd  vmt   291   83K    2281 17448   889    4.11    4.01  1106   811   39K    75   31.35   31.30
c rst  luby  svd  vmt   292   84K    2281 17448   889    4.11    4.01  1108   820   39K    75   31.32   31.26
c rst  luby  svd  vmt   293   84K    2281 17448   889    4.11    4.01  1108   821   39K    75   31.31   31.26
c rst  luby  svd  vmt   294   84K    2281 17448   889    4.11    4.01  1109   822   39K    75   31.31   31.26
c rst  luby  svd  vmt   295   84K    2281 17448   889    4.11    4.01  1110   830   40K    75   31.31   31.26
c rst  luby  svd  vmt   296   84K    2281 17448   889    4.11    4.01  1115   835   40K    75   31.30   31.25
c rst  luby  svd  vmt   297   84K    2281 17448   889    4.11    4.01  1116   843   40K    75   31.29   31.24
c rst  luby  svd  vmt   298   85K    2281 17448   889    4.11    4.01  1118   856   40K    75   31.29   31.23
c rst  luby  svd  vmt   299   85K    2281 17448   889    4.11    4.01  1119   870   40K    75   31.28   31.23
c rst  luby  svd  vmt   300   86K    2281 17448   889    4.11    4.01  1122   880   41K    75   31.26   31.21
c rst  geom best  vmt   301   86K    2281 17448   889    4.11    4.01  1123   889   41K    75   31.26   31.21
c rst  geom best  vmt   302   86K    2281 17448   889    4.11    4.01  1124   902   41K    75   31.27   31.22
c rst  geom best  vmt   303   86K    2281 17448   889    4.11    4.01  1125   922   41K    75   31.25   31.20
c rst  geom best  vmt   304   86K    2281 17448   889    4.11    4.01  1128   935   42K    75   31.27   31.22
c rst  geom best  vmt   305   86K    2281 17448   889    4.11    4.01  1130   948   42K    75   31.26   31.21
c rst  geom best  vmt   306   87K    2281 17448   889    4.11    4.01  1131   965   42K    75   31.27   31.22
c rst  geom best  vmt   307   87K    2281 17448   889    4.11    4.01  1133   982   42K    75   31.29   31.24
c rst  geom best  vmt   308   87K    2281 17448   889    4.11    4.01  1135   994   42K    75   31.29   31.24
c rst  geom best  vmt   309   87K    2281 17448   889    4.11    4.01  1138  1004   42K    75   31.31   31.26
c [branch] adjusting to: vsid (from: vmtf) var_decay:0.95 descr: VSIDS
c rst  geom best   vs   310   87K    2281 17448   889    4.11    4.01  1138  1007   43K    75   31.35   31.30
c rst  geom best   vs   311   87K    2281 17448   889    4.11    4.01  1139  1011   43K    75   31.35   31.31
c rst  geom best   vs   312   88K    2281 17448   889    4.11    4.01  1139  1014   43K    75   31.37   31.32
c rst  geom best   vs   313   88K    2281 17448   889    4.11    4.01  1140  1017   43K    75   31.38   31.34
c [ccnr] tries: 0 steps: 262143 best found: 11
c [ccnr] tries: 0 steps: 524287 best found: 11
c [ccnr] tries: 0 steps: 786431 best found: 11
c [ccnr] saving best assignment phase to stable_polar
c [ccnr] bumping based on var unsat frequency: conflict_ct
c [ccnr] Bumped vars: 2583 bump type: 6
c [ccnr] time: 0.54
c rst  geom best   vs   314   88K    2281 17448   889    4.11    4.01  1140  1024   43K    75   31.40   31.35
c rst  geom best   vs   315   88K    2281 17448   889    4.11    4.01  1140  1025   43K    75   31.49   31.44
c rst  geom best   vs   316   88K    2281 17448   889    4.11    4.01  1142  1031   43K    75   31.49   31.44
c rst  geom best   vs   317   88K    2281 17448   889    4.11    4.01  1142  1039   44K    75   31.52   31.47
c rst  geom best   vs   318   89K    2281 17448   889    4.11    4.01  1144  1046   44K    75   31.52   31.48
c rst  geom best   vs   319   89K    2281 17448   889    4.11    4.01  1145  1050   44K    75   31.59   31.54
c rst  geom best   vs   320   89K    2281 17448   889    4.11    4.01  1147  1053   44K    75   31.61   31.56
c rst  geom best   vs   321   90K    2281 17448   889    4.11    4.01  1498  1339   33K    75   32.01   31.94
c rst  geom best   vs   322   90K    2281 17448   889    4.11    4.01  1504  1345   33K    75   32.02   31.95
c rst  geom best   vs   323   90K    2281 17448   889    4.11    4.01  1506  1349   34K    75   32.07   32.01
c rst  geom best   vs   324   91K    2281 17448   889    4.11    4.01  1506  1354   34K    75   32.10   32.04
c rst  geom best   vs   325   91K    2281 17448   889    4.11    4.01  1506  1361   34K    75   32.17   32.11
c rst  geom best   vs   326   92K    2281 17448   889    4.11    4.01  1506  1377   35K    75   32.22   32.16
c rst  geom  stb   vs   327   92K    2281 17448   889    4.11    4.01  1511  1387   35K    75   32.33   32.27
c rst  geom  stb   vs   328   93K    2281 17448   889    4.11    4.01  1515  1415   36K    75   32.37   32.31
c rst  geom  stb   vs   329   93K    2281 17448   889    4.11    4.01  1518  1432   37K    75   32.44   32.38
c [distill-bin] useful: 0/889/889 lits-rem: 0 cl-rem: 0 0-depth-assigns: 0 T: 0.01 T-out: N
c rst  geom  stb   vs   330   94K    2281 17448   889    4.11    4.01  1525  1450   37K    75   32.44   32.39
c rst  geom  stb   vs   331   95K    2281 17448   889    4.11    4.01  1527  1457   38K    75   32.50   32.44
c rst  geom  stb   vs   332   96K    2281 17448   889    4.11    4.01  1527  1459   39K    75   32.61   32.55
c rst  geom  stb   vs   333   97K    2281 17448   889    4.11    4.01  1528  1466   40K    75   32.63   32.58
c [distill-long-red0] cls tried: 435/435 T: 0.02 T-out: N T-r: 99.28%
c [distill-long-red1] cls tried: 44/1239 T: 0.01 T-out: Y T-r: -1.59%
c rst  geom  stb   vs   334   98K    2281 17448   889    4.11    4.01  1530  1480   41K    75   32.93   32.88
c rst  geom ibes   vs   335   99K    2281 17448   889    4.11    4.01  1532  1493   42K    75   33.00   32.95
c rst  geom ibes   vs   336  100K    2281 17448   889    4.11    4.01  1656  1405   43K    75   33.04   32.99
c [impl-str] lit bin: 0 set-var: 0 T: 0.00 T-out: N T-r: 99.95% w-visit: 5166
c [impl-sub] bin: 4 T: 0.00 T-out: N w-visit: 5166
c rst  geom ibes   vs   337  102K    2281 17448   889    4.11    4.01  1660  1422   45K    71   33.24   33.20
c [branch] adjusting to: vmtf (from: vsid) var_decay:0.95 descr: VMTF
c [full-probe]  bin_only: 1 set: 0 repl: 0 T: 0.01 T-out: N T-r: 99.65%
c rst  luby ibes  vmt   338  102K    2281 17448   889    4.11    4.01  1663  1464   45K    73   33.23   33.19
c rst  luby ibes  vmt   339  102K    2281 17448   889    4.11    4.01  1663  1465   45K    73   33.23   33.18
c rst  luby ibes  vmt   340  102K    2281 17448   889    4.11    4.01  1665  1470   45K    73   33.22   33.17
c [distill] watch-based irred--  cl tried     7488 cl-sh     0 cl-rem    0 lit-rem      0 T: 0.01 T-out: N
c [distill] watch-based   red--  cl tried     3330 cl-sh   153 cl-rem    0 lit-rem    217 T: 0.00 T-out: N
c rst  luby ibes  vmt   341  102K    2281 17448   889    4.11    4.01  1665  1470   45K    73   33.21   33.16
c rst  luby ibes  vmt   342  102K    2281 17448   889    4.11    4.01  1665  1481   45K    73   33.19   33.15
c rst  luby ibes  vmt   343  102K    2281 17448   889    4.11    4.01  1666  1488   46K    73   33.22   33.18
c rst  luby ibes  vmt   344  103K    2281 17448   889    4.11    4.01  1668  1497   46K    73   33.21   33.16
c rst  luby ibes  vmt   345  103K    2281 17448   889    4.11    4.01  1669  1500   46K    73   33.20   33.15
c rst  luby ibes  vmt   346  103K    2281 17448   889    4.11    4.01  1669  1500   46K    73   33.20   33.15
c rst  luby ibes  vmt   347  103K    2281 17448   889    4.11    4.01  1670  1501   46K    73   33.20   33.16
c rst  luby ibes  vmt   348  103K    2281 17448   889    4.11    4.01  1670  1504   46K    73   33.20   33.16
c rst  luby ibes  vmt   349  103K    2281 17448   889    4.11    4.01  1670  1511   47K    73   33.19   33.15
c rst  luby ibes  vmt   350  104K    2281 17448   889    4.11    4.01  1670  1512   47K    73   33.22   33.18
c rst  luby ibes  vmt   351  104K    2281 17448   889    4.11    4.01  1670  1526   47K    73   33.18   33.14
c rst  luby  svd  vmt   352  105K    2281 17448   889    4.11    4.01  1695  1990   35K    73   32.52   32.46
c rst  luby  svd  vmt   353  105K    2281 17448   889    4.11    4.01  1695  1993   35K    73   32.53   32.47
c rst  luby  svd  vmt   354  105K    2281 17448   889    4.11    4.01  1696  1997   35K    73   32.54   32.48
c rst  luby  svd  vmt   355  105K    2281 17448   889    4.11    4.01  1696  2002   35K    73   32.55   32.50
c rst  luby  svd  vmt   356  105K    2281 17448   889    4.11    4.01  1696  2011   35K    73   32.56   32.51
c rst  luby  svd  vmt   357  106K    2281 17448   889    4.11    4.01  1696  2014   36K    73   32.60   32.54
c rst  luby  svd  vmt   358  106K    2281 17448   889    4.11    4.01  1699  2024   36K    73   32.61   32.55
c rst  luby  svd  vmt   359  106K    2281 17448   889    4.11    4.01  1699  2040   36K    73   32.66   32.60
c rst  luby  svd  vmt   360  106K    2281 17448   889    4.11    4.01  1699  2045   36K    73   32.66   32.60
c rst  luby  svd  vmt   361  106K    2281 17448   889    4.11    4.01  1701  2053   36K    73   32.66   32.60
c rst  luby  svd  vmt   362  107K    2281 17448   889    4.11    4.01  1701  2058   37K    73   32.69   32.64
c rst  luby  svd  vmt   363  107K    2281 17448   889    4.11    4.01  1701  2064   37K    73   32.70   32.65
c rst  luby  svd  vmt   364  107K    2281 17448   889    4.11    4.01  1701  2065   37K    73   32.72   32.66
c rst  luby  svd  vmt   365  107K    2281 17448   889    4.11    4.01  1703  2072   37K    73   32.73   32.68
c rst  luby  svd  vmt   366  107K    2281 17448   889    4.11    4.01  1704  2087   37K    73   32.71   32.65
c rst  luby  svd  vmt   367  108K    2281 17448   889    4.11    4.01  1707  2103   38K    73   32.72   32.66
c rst  luby  svd  vmt   368  110K    2281 17448   889    4.11    4.01  1942  1886   40K    73   32.51   32.46
c rst  luby  svd  vmt   369  110K    2281 17448   889    4.11    4.01  1942  1887   40K    73   32.49   32.44
c rst  luby  svd  vmt   370  110K    2281 17448   889    4.11    4.01  1942  1887   40K    73   32.48   32.43
c rst  luby  svd  vmt   371  110K    2281 17448   889    4.11    4.01  1942  1888   40K    73   32.44   32.39
c rst  luby  svd  vmt   372  110K    2281 17448   889    4.11    4.01  1942  1888   40K    73   32.44   32.39
c rst  geom best  vmt   373  110K    2281 17448   889    4.11    4.01  1944  1890   40K    73   32.45   32.40
c rst  geom best  vmt   374  110K    2281 17448   889    4.11    4.01  1944  1893   40K    73   32.45   32.40
c rst  geom best  vmt   375  111K    2281 17448   889    4.11    4.01  1944  1898   41K    73   32.44   32.39
c rst  geom best  vmt   376  111K    2281 17448   889    4.11    4.01  1944  1905   41K    73   32.44   32.39
c rst  geom best  vmt   377  111K    2281 17448   889    4.11    4.01  1944  1905   41K    73   32.45   32.40
c rst  geom best  vmt   378  111K    2281 17448   889    4.11    4.01  1944  1907   41K    73   32.46   32.41
c rst  geom best  vmt   379  111K    2281 17448   889    4.11    4.01  1944  1917   41K    73   32.45   32.40
c rst  geom best  vmt   380  111K    2281 17448   889    4.11    4.01  1945  1926   41K    73   32.45   32.40
c rst  geom best  vmt   381  112K    2281 17448   889    4.11    4.01  1946  1935   42K    73   32.44   32.39
c rst  geom best  vmt   382  112K    2281 17448   889    4.11    4.01  1946  1943   42K    73   32.47   32.42
c [distill-long-red0] cls tried: 531/531 T: 0.04 T-out: N T-r: 98.87%
c [distill-long-red1] cls tried: 53/1676 T: 0.01 T-out: Y T-r: -4.93%
c rst  geom best  vmt   383  112K    2281 17448   889    4.11    4.01  1946  1948   42K    73   32.45   32.40
c rst  geom best  vmt   384  113K    2281 17448   889    4.11    4.01  1947  1958   42K    73   32.51   32.46
c rst  geom best  vmt   385  113K    2281 17448   889    4.11    4.01  1947  1977   43K    73   32.51   32.46
c rst  geom best  vmt   386  113K    2281 17448   889    4.11    4.01  1947  1990   43K    73   32.50   32.45
c rst  geom best  vmt   387  114K    2281 17448   889    4.11    4.01  1948  2006   44K    73   32.52   32.48
c [distill-bin] useful: 0/889/889 lits-rem: 0 cl-rem: 0 0-depth-assigns: 0 T: 0.01 T-out: N
c rst  geom best  vmt   388  114K    2281 17448   889    4.11    4.01  1949  2016   44K    73   32.56   32.51
c rst  geom best  vmt   389  115K    2281 17448   889    4.11    4.01  1950  2023   44K    73   32.63   32.58
c rst  geom best  vmt   390  115K    2281 17448   889    4.11    4.01  1951  2038   45K    73   32.60   32.56
c [gauss] XOR-encoding clauses are not detached, so no need to reattach them.
c [g 0] truth-find prop checks  : 27K
c [g 0] -> of which prop        : 18.34 %
c [g 0] -> of which confl       :  1.10 %
c [g 0] elim called             : 6659
c [g 0] ---> which lead to prop : 27.74 %
c [g 0] ---> which lead to confl:  1.83 %
c [g 0] size: 46    x 460  
c [scc] new: 1 BP 0M T: 0.00
c [vrep] vars 1 lits 30113 rem-bin-cls 4 rem-long-cls 0 BP 0M T: 0.04
c [scc] new: 0 BP 0M T: 0.00
c [vrep] vars 0 lits 0 rem-bin-cls 0 rem-long-cls 0 BP 0M T: 0.01
c [intree] Set 0 vars hyper-added: 33 trans-irred: 0 trans-red: 1 T: 0.01 T-out: N T-r: -2.42%
c [find&init matx] performing matrix init
c [gauss] XOR-encoding clauses are not detached, so no need to reattach them.
c [xor-rem-unconnected] left with 1707 xors from 1707 non-empty xors T: 0.00
c [xor-together] xored together: 1660 orig xors: 1707 new xors: 47 T: 0.00
c [xor-rem-unconnected] left with 47 xors from 47 non-empty xors T: 0.00
c [xor-clean-equiv] removed equivalent xors: 0 left with: 47
c [matrix] unused xors from cleaning: 0
c [matrix] Good   matrix 0 47      x460    density:0.1625  xorlen avg: 74.77
c [matrix] Using 1 matrices recovered from 0 xors T: 0.00 T-out: N
c rst  geom best vmt  391   116 K 2280    17448   887 4.11    4.01     1951  2038   46K   105 32.67   32.60  
c rst  geom best vmt  392   116 K 2280    17448   887 4.11    4.01     1953  2038   46K   105 32.53   32.47  
c rst  geom stb  vmt  393   117 K 2280    17448   887 4.11    4.01     1953  2038   47K   106 32.66   32.60  
c [branch] adjusting to: vsid (from: vmtf) var_decay:0.95 descr: VSIDS
c rst  geom stb  vs   394   117 K 2280    17448   887 4.11    4.01     1953  2038   47K   106 32.65   32.59  
c rst  geom stb  vs   395   117 K 2280    17448   887 4.11    4.01     1954  2038   47K   106 32.66   32.60  
c rst  geom stb  vs   396   118 K 2280    17448   887 4.11    4.01     1954  2039   47K   106 32.66   32.59  
c rst  geom stb  vs   397   118 K 2280    17448   887 4.11    4.01     1954  2040   47K   106 32.65   32.59  
c rst  geom stb  vs   398   118 K 2280    17448   887 4.11    4.01     1954  2041   48K   106 32.62   32.56  
c rst  geom stb  vs   399   118 K 2280    17448   887 4.11    4.01     1954  2041   48K   106 32.61   32.55  
c rst  geom stb  vs   400   118 K 2280    17448   887 4.11    4.01     1954  2041   48K   106 32.61   32.55  
c rst  geom stb  vs   401   118 K 2280    17448   887 4.11    4.01     1954  2041   48K   106 32.61   32.55  
c rst  geom stb  vs   402   119 K 2280    17448   887 4.11    4.01     1955  2042   48K   106 32.65   32.59  
c rst  geom stb  vs   403   119 K 2280    17448   887 4.11    4.01     1955  2042   49K   106 32.63   32.57  
c rst  geom stb  vs   404   119 K 2280    17448   887 4.11    4.01     1955  2042   49K   106 32.62   32.56  
c rst  geom stb  vs   405   120 K 2280    17448   887 4.11    4.01     2071  2374   36K   106 32.31   32.23  
c rst  geom stb  vs   406   120 K 2280    17448   887 4.11    4.01     2071  2374   36K   106 32.30   32.22  
c rst  geom stb  vs   407   120 K 2280    17448   887 4.11    4.01     2071  2374   36K   106 32.30   32.22  
c rst  geom stb  vs   408   121 K 2280    17448   887 4.11    4.01     2071  2374   37K   106 32.27   32.19  
c rst  geom stb  vs   409   121 K 2280    17448   887 4.11    4.01     2071  2374   37K   106 32.31   32.23  
c rst  geom stb  vs   410   122 K 2280    17448   887 4.11    4.01     2071  2374   38K   106 32.32   32.25  
c rst  geom stb  vs   411   122 K 2280    17448   887 4.11    4.01     2071  2375   38K   106 32.44   32.37  
c [full-probe]  bin_only: 0 set: 0 repl: 0 T: 0.01 T-out: N T-r: 95.31%
c rst  geom stb  vs   412   123 K 2280    17448   887 4.11    4.01     2071  2375   39K   110 32.46   32.39  
c rst  geom ibes vs   413   123 K 2280    17448   887 4.11    4.01     2071  2375   39K   110 32.33   32.26  
c rst  geom ibes vs   414   124 K 2280    17448   887 4.11    4.01     2071  2375   40K   110 32.15   32.08  
c rst  geom ibes vs   415   125 K 2280    17448   887 4.11    4.01     2071  2375   41K   110 31.97   31.90  
c rst  geom ibes vs   416   126 K 2280    17448   887 4.11    4.01     2071  2375   42K   110 31.78   31.71  
c rst  geom ibes vs   417   127 K 2280    17448   887 4.11    4.01     2072  2375   43K   110 31.60   31.53  
c rst  geom ibes vs   418   128 K 2280    17448   887 4.11    4.01     2072  2376   44K   110 31.42   31.35  
c [distill-long-red0] cls tried: 126/126 T: 0.01 T-out: N T-r: 99.69%
c [distill-long-red1] cls tried: 45/2057 T: 0.01 T-out: Y T-r: -4.54%
c [distill] watch-based irred--  cl tried 7488     cl-sh 1     cl-rem 0    lit-rem 1      T: 0.00 T-out: N
c [distill] watch-based red  --  cl tried 4142     cl-sh 47    cl-rem 3    lit-rem 75     T: 0.00 T-out: N
c rst  geom ibes vs   419   129 K 2280    17447   888 4.11    4.01     2069  2376   45K   111 31.14   31.08  
c rst  geom ibes vs   420   130 K 2280    17447   888 4.11    4.01     2081  2310   46K   111 30.97   30.91  
c rst  geom svd  vs   421   132 K 2280    17447   888 4.11    4.01     2081  2310   48K   111 31.01   30.95  
c rst  geom svd  vs   422   133 K 2280    17447   888 4.11    4.01     2081  2310   49K   111 30.91   30.86  
c [ccnr] tries: 0 steps: 262143 best found: 11
c [ccnr] tries: 0 steps: 524287 best found: 11
c [ccnr] saving best assignment phase to stable_polar
c [ccnr] bumping based on var unsat frequency: conflict_ct
c [ccnr] Bumped vars: 2583 bump type: 6
c [ccnr] time: 0.53
c rst  geom svd  vs   423   134 K 2280    17447   888 4.11    4.01     2081  2310   50K   111 30.90   30.84  
c recursive minimization cost OK: 421Kcost/(% lits removed)
c [gauss] XOR-encoding clauses are not detached, so no need to reattach them.
c [g 0] truth-find prop checks  : 314K
c [g 0] -> of which prop        : 72.54 %
c [g 0] -> of which confl       :  3.01 %
c [g 0] elim called             : 10921
c [g 0] ---> which lead to prop : 72.85 %
c [g 0] ---> which lead to confl:  1.64 %
c [g 0] size: 47    x 460  
c --> Executing strategy token: scc-vrepl
c [scc] new: 3 BP 0M T: 0.00
c [vrep] vars 3 lits 38300 rem-bin-cls 15 rem-long-cls 433 BP 0M T: 0.03
c --> Executing strategy token: sub-impl
c [impl-sub] bin: 8 T: 0.00 T-out: N w-visit: 5166
c --> Executing strategy token: breakid
c --> Executing OCC strategy token(s): 'occ-backw-sub-str,occ-clean-implicit,occ-bve,occ-bva,occ-ternary-res,occ-xor,'
c [occ] mem usage for occur 1      MB
c [occ] Linked in IRRED BIN by default: 884
c [occ] Linked in RED   BIN by default: 98
c [occ] mem usage for occur 0      MB
c Mem for watch alloc      : 8           MB (21.44     %)
c Mem for watch array      : 0           MB (0.29      %)
c --> Executing OCC strategy token: occ-backw-sub-str
c [occ-backw-sub-str-long-w-bins] subs: 0 str: 3 tried: 4738 0-depth ass: 0 T: 0.00 T-out: N T-r: 99.69%
c [occ-backw-sub-long-w-long] rem cl: 824 tried: 71889/71889 (100.0%) T: 0.02 T-out: N T-r: 96.04%
c [occ-backw-sub-str-long-w-long] sub: 0 str: 156 tried: 215667/71889 (300.0)  T: 0.07 T-out: N T-r: 88.29%
c --> Executing OCC strategy token: occ-clean-implicit
c --> Executing OCC strategy token: occ-bve
c [occ-empty-res] Empty resolvent elimed: 0 T: 0.00 T-out: N
c [occ-bve] iter v-elim 0
c cl_inc_rate=1.0, var_dec_rate=1.0 (grow=0)
c Reduced to 2277 vars, 17770 cls (grow=0)
c [occ-bve] iter v-elim 7
c cl_inc_rate=1.0, var_dec_rate=1.0 (grow=8)
c Reduced to 2270 vars, 17748 cls (grow=8)
c [occ-bve] iter v-elim 866
c cl_inc_rate=1.8, var_dec_rate=1.6 (grow=16)
c Reduced to 1404 vars, 31449 cls (grow=16)
c x n vars       : 1404
c #try to eliminate:  8161
c #var-elim        :   873
c #T-o: N
c #T-r: 99.84%
c #T  : 0.32
c [occur] 0.03 is overhead
c [occur] link-in T: 0.03 cleanup T: 0.00
c --> Executing OCC strategy token: occ-bva
c --> Executing OCC strategy token: occ-ternary-res
c [occ-ternary-res] Ternary res-tri: 0 res-bin: 0 sub: 0 str: 0 T: 0.00 T-out: N T-r: 99.56%
c --> Executing OCC strategy token: occ-xor
c [occ-xor] sort occur list T: 0.00
c [xor-clean-equiv] removed equivalent xors: 0 left with: 842
c [occ-xor] found    842 avg sz 6.0 min sz  4 max sz  6 T: 0.01 T-out: N T-r: 99.97%
c --> Executing strategy token: card-find
c --> Executing strategy token: cl-consolidate
c [mem] consolidate  old-sz: 10550K new-sz: 5374K new bits offs: 20 T: 0.00
c --> Executing strategy token: scc-vrepl
c [scc] new: 0 BP 0M T: 0.00
c --> Executing strategy token: renumber
c [gauss] XOR-encoding clauses are not detached, so no need to reattach them.
c [renumber] T: 0.00
c --> Executing strategy token: bosphorus
c --> Executing strategy token: louvain-comms
c [consolidate] mini T: 0.00
c global_timeout_multiplier: 3.6300
c [branch] rebuilding order heap for all branchings. Current branching: vsid
c [find&init matx] performing matrix init
c [gauss] XOR-encoding clauses are not detached, so no need to reattach them.
c [xor-rem-unconnected] left with 842 xors from 842 non-empty xors T: 0.00
c [xor-together] xored together: 783 orig xors: 842 new xors: 59 T: 0.00
c [xor-rem-unconnected] left with 59 xors from 59 non-empty xors T: 0.00
c [xor-clean-equiv] removed equivalent xors: 0 left with: 59
c [matrix] unused xors from cleaning: 0
c [matrix] Good   matrix  0     59 x  485  density:0.1204  xorlen avg: 58.37
c [matrix] Using 1 matrices recovered from 0 xors T: 0.00 T-out: N
c [distill-bin] useful: 2/788/788 lits-rem: 0 cl-rem: 2 0-depth-assigns: 0 T: 0.01 T-out: N
c rst  geom  svd   vs   424  135K    1404   30K   786    5.83    5.74   571   591   26K    84   27.24   27.16
c [branch] adjusting to: vmtf (from: vsid) var_decay:0.95 descr: VMTF
c rst  luby  svd  vmt   425  135K    1404   30K   786    5.83    5.74   578   617   26K    84   27.19   27.11
c rst  luby  svd  vmt   426  135K    1404   30K   786    5.83    5.74   578   621   26K    84   27.32   27.25
c rst  luby  svd  vmt   427  135K    1404   30K   786    5.83    5.74   578   621   27K    84   27.44   27.37
c rst  luby  svd  vmt   428  135K    1404   30K   786    5.83    5.74   578   621   27K    84   27.50   27.43
c rst  luby  svd  vmt   429  135K    1404   30K   786    5.83    5.74   578   621   27K    84   27.53   27.46
c rst  luby  svd  vmt   430  136K    1404   30K   786    5.83    5.74   578   621   27K    84   27.63   27.56
c rst  luby  svd  vmt   431  136K    1404   30K   786    5.83    5.74   578   621   27K    84   27.94   27.86
c rst  luby  svd  vmt   432  136K    1404   30K   786    5.83    5.74   578   622   28K    84   28.01   27.94
c rst  luby  svd  vmt   433  136K    1404   30K   786    5.83    5.74   578   622   28K    84   28.05   27.97
c rst  luby  svd  vmt   434  136K    1404   30K   786    5.83    5.74   578   624   28K    84   28.13   28.06
c rst  luby  svd  vmt   435  137K    1404   30K   786    5.83    5.74   578   624   28K    84   28.17   28.09
c rst  geom best  vmt   436  137K    1404   30K   786    5.83    5.74   578   624   28K    84   28.20   28.13
c rst  geom best  vmt   437  137K    1404   30K   786    5.83    5.74   578   626   28K    84   28.29   28.22
c rst  geom best  vmt   438  137K    1404   30K   786    5.83    5.74   578   631   28K    84   28.31   28.24
c rst  geom best  vmt   439  137K    1404   30K   786    5.83    5.74   578   633   28K    84   28.31   28.24
c rst  geom best  vmt   440  137K    1404   30K   786    5.83    5.74   578   636   29K    84   28.37   28.30
c rst  geom best  vmt   441  137K    1404   30K   786    5.83    5.74   578   636   29K    84   28.46   28.39
c rst  geom best  vmt   442  138K    1404   30K   786    5.83    5.74   578   638   29K    84   28.48   28.41
c rst  geom best  vmt   443  138K    1404   30K   786    5.83    5.74   578   638   29K    84   28.50   28.43
c rst  geom best  vmt   444  138K    1404   30K   786    5.83    5.74   578   638   29K    84   28.55   28.48
c rst  geom best  vmt   445  138K    1404   30K   786    5.83    5.74   579   647   30K    84   28.82   28.75
c rst  geom best  vmt   446  139K    1404   30K   786    5.83    5.74   580   651   30K    84   28.89   28.82
c rst  geom best  vmt   447  139K    1404   30K   786    5.83    5.74   580   651   30K    84   28.98   28.91
c rst  geom best  vmt   448  139K    1404   30K   786    5.83    5.74   580   655   31K    84   29.10   29.03
c rst  geom best  vmt   449  140K    1404   30K   786    5.83    5.74   613   566   31K    84   29.24   29.17
c rst  geom best  vmt   450  140K    1404   30K   786    5.83    5.74   614   571   31K    84   29.48   29.41
c rst  geom best  vmt   451  141K    1404   30K   786    5.83    5.74   614   579   32K    84   29.73   29.66
c rst  geom best  vmt   452  141K    1404   30K   786    5.83    5.74   614   581   32K    84   30.00   29.93
c rst  geom best  vmt   453  142K    1404   30K   786    5.83    5.74   614   582   33K    84   30.08   30.01
c rst  geom best  vmt   454  142K    1404   30K   786    5.83    5.74   614   589   34K    84   30.29   30.22
c [full-probe]  bin_only: 1 set: 0 repl: 0 T: 0.01 T-out: N T-r: 99.78%
c rst  geom best  vmt   455  143K    1404   30K   786    5.83    5.74   614   598   34K    84   30.46   30.40
c [distill-long-red0] cls tried: 59/59 T: 0.00 T-out: N T-r: 99.91%
c [distill-long-red1] cls tried: 77/498 T: 0.01 T-out: Y T-r: -0.57%
c rst  geom best  vmt   456  144K    1404   30K   786    5.83    5.74   614   604   35K    84   30.69   30.63
c rst  geom  stb  vmt   457  144K    1404   30K   786    5.83    5.74   614   616   36K    84   31.07   31.00
c rst  geom  stb  vmt   458  145K    1404   30K   786    5.83    5.74   615   636   37K    84   31.21   31.14
c rst  geom  stb  vmt   459  146K    1404   30K   786    5.83    5.74   616   647   37K    84   31.63   31.57
c rst  geom  stb  vmt   460  147K    1404   30K   786    5.83    5.74   618   661   39K    84   32.01   31.95
c rst  geom  stb  vmt   461  148K    1404   30K   786    5.83    5.74   619   665   40K    84   32.36   32.30
c rst  geom  stb  vmt   462  150K    1404   30K   786    5.83    5.74   702   570   32K    84   34.37   34.29
c rst  geom  stb  vmt   463  151K    1404   30K   786    5.83    5.74   704   574   34K    84   34.19   34.11
c rst  geom ibes  vmt   464  153K    1404   30K   786    5.83    5.74   705   577   35K    84   34.33   34.26
c rst  geom ibes  vmt   465  154K    1404   30K   786    5.83    5.74   707   593   37K    84   34.56   34.49
c [branch] adjusting to: vsid (from: vmtf) var_decay:0.95 descr: VSIDS
c [distill-bin] useful: 0/786/786 lits-rem: 0 cl-rem: 0 0-depth-assigns: 0 T: 0.01 T-out: N
c [distill] watch-based irred--  cl tried     8490 cl-sh     0 cl-rem    0 lit-rem      0 T: 0.00 T-out: N
c [distill] watch-based   red--  cl tried     1414 cl-sh    30 cl-rem    0 lit-rem     45 T: 0.00 T-out: N
c rst  geom ibes   vs   466  154K    1404   30K   786    5.83    5.74   707   593   37K    84   34.51   34.44
c rst  geom ibes   vs   467  155K    1404   30K   786    5.83    5.74   707   593   37K    84   34.49   34.42
c rst  geom ibes   vs   468  155K    1404   30K   786    5.83    5.74   707   593   37K    84   34.48   34.41
c rst  geom ibes   vs   469  155K    1404   30K   786    5.83    5.74   707   593   37K    84   34.47   34.40
c rst  geom ibes   vs   470  155K    1404   30K   786    5.83    5.74   707   596   38K    84   34.42   34.35
c rst  geom ibes   vs   471  155K    1404   30K   786    5.83    5.74   707   596   38K    84   34.42   34.35
c rst  geom ibes   vs   472  155K    1404   30K   786    5.83    5.74   707   596   38K    84   34.40   34.34
c rst  geom ibes   vs   473  156K    1404   30K   786    5.83    5.74   707   596   38K    84   34.46   34.40
c rst  geom ibes   vs   474  156K    1404   30K   786    5.83    5.74   707   596   38K    84   34.49   34.42
c rst  geom ibes   vs   475  156K    1404   30K   786    5.83    5.74   707   596   39K    84   34.46   34.39
c rst  geom ibes   vs   476  156K    1404   30K   786    5.83    5.74   707   598   39K    84   34.42   34.36
c rst  geom ibes   vs   477  157K    1404   30K   786    5.83    5.74   707   601   39K    84   34.46   34.40
c rst  geom ibes   vs   478  157K    1404   30K   786    5.83    5.74   707   603   40K    84   34.56   34.49
c rst  geom ibes   vs   479  157K    1404   30K   786    5.83    5.74   707   608   40K    84   34.62   34.55
c rst  geom ibes   vs   480  158K    1404   30K   786    5.83    5.74   708   610   40K    84   34.62   34.56
c rst  geom  svd   vs   481  158K    1404   30K   786    5.83    5.74   708   615   41K    84   34.69   34.62
c [distill-long-red0] cls tried: 97/97 T: 0.01 T-out: N T-r: 99.82%
c [distill-long-red1] cls tried: 71/478 T: 0.01 T-out: Y T-r: -2.25%
c rst  geom  svd   vs   482  159K    1404   30K   786    5.83    5.74   708   624   41K    84   34.72   34.66
c rst  geom  svd   vs   483  159K    1404   30K   786    5.83    5.74   708   626   42K    84   34.77   34.71
c rst  geom  svd   vs   484  160K    1404   30K   786    5.83    5.74   753   571   42K    84   34.83   34.77
c rst  geom  svd   vs   485  160K    1404   30K   786    5.83    5.74   753   573   43K    84   34.83   34.77
c [impl-str] lit bin: 0 set-var: 0 T: 0.00 T-out: N T-r: 99.95% w-visit: 2808
c [impl-sub] bin: 0 T: 0.00 T-out: N w-visit: 2808
c rst  geom  svd   vs   486  161K    1404   30K   786    5.83    5.74   753   574   44K    84   34.81   34.75
c rst  geom  svd   vs   487  162K    1404   30K   786    5.83    5.74   753   576   45K    84   34.99   34.93
c rst  geom  svd   vs   488  163K    1404   30K   786    5.83    5.74   753   580   46K    84   35.19   35.14
c [full-probe]  bin_only: 0 set: 0 repl: 0 T: 0.01 T-out: N T-r: 97.58%
c rst  geom  svd   vs   489  164K    1404   30K   786    5.83    5.74   753   585   46K    84   35.27   35.21
c rst  geom  svd   vs   490  165K    1404   30K   786    5.83    5.74   756   674   36K    84   37.83   37.75
c rst  geom best   vs   491  166K    1404   30K   786    5.83    5.74   758   682   37K    84   37.89   37.82
c rst  geom best   vs   492  167K    1404   30K   786    5.83    5.74   758   683   38K    84   38.15   38.07
c rst  geom best   vs   493  169K    1404   30K   786    5.83    5.74   759   691   40K    84   38.15   38.08
c rst  geom best   vs   494  170K    1404   30K   786    5.83    5.74   802   648   41K    84   38.21   38.14
c rst  geom best   vs   495  172K    1404   30K   786    5.83    5.74   805   659   43K    84   38.21   38.15
c rst  geom  stb   vs   496  174K    1404   30K   786    5.83    5.74   805   666   45K    84   38.29   38.22
c [distill-long-red0] cls tried: 96/96 T: 0.01 T-out: N T-r: 99.80%
c [distill-long-red1] cls tried: 61/466 T: 0.01 T-out: Y T-r: -1.65%
c rst  geom  stb   vs   497  176K    1404   30K   786    5.83    5.74   805   669   47K    84   38.14   38.08
c [branch] adjusting to: vmtf (from: vsid) var_decay:0.95 descr: VMTF
c [distill-bin] useful: 0/786/786 lits-rem: 0 cl-rem: 0 0-depth-assigns: 0 T: 0.01 T-out: N
c rst  luby  stb  vmt   498  176K    1404   30K   786    5.83    5.74   805   669   47K    84   38.14   38.08
c rst  luby  stb  vmt   499  176K    1404   30K   786    5.83    5.74   805   670   47K    84   38.14   38.08
c rst  luby  stb  vmt   500  176K    1404   30K   786    5.83    5.74   805   672   47K    84   38.15   38.09
c rst  luby  stb  vmt   501  176K    1404   30K   786    5.83    5.74   805   674   47K    84   38.17   38.10
c rst  luby  stb  vmt   502  176K    1404   30K   786    5.83    5.74   805   674   47K    84   38.18   38.12
c rst  luby  stb  vmt   503  177K    1404   30K   786    5.83    5.74   805   674   47K    84   38.17   38.11
c rst  luby  stb  vmt   504  177K    1404   30K   786    5.83    5.74   805   674   48K    84   38.17   38.11
c rst  luby  stb  vmt   505  177K    1404   30K   786    5.83    5.74   805   675   48K    84   38.18   38.12
c [ccnr] saving best assignment phase to stable_polar
c [ccnr] bumping based on clause weights
c [ccnr] Bumped vars: 101 bump type: 6
c [ccnr] time: 0.38
c rst  luby  stb  vmt   506  177K    1404   30K   786    5.83    5.74   805   678   48K    84   38.17   38.11
c rst  luby  stb  vmt   507  177K    1404   30K   786    5.83    5.74   805   681   48K    84   38.11   38.05
c rst  luby  stb  vmt   508  178K    1404   30K   786    5.83    5.74   805   683   48K    84   38.07   38.01
c rst  luby  stb  vmt   509  178K    1404   30K   786    5.83    5.74   805   684   48K    84   38.04   37.98
c rst  luby  stb  vmt   510  178K    1404   30K   786    5.83    5.74   805   689   49K    84   38.03   37.97
c rst  luby  stb  vmt   511  178K    1404   30K   786    5.83    5.74   806   694   49K    84   37.92   37.86
c rst  luby  stb  vmt   512  179K    1404   30K   786    5.83    5.74   807   702   50K    84   37.61   37.55
c rst  luby ibes  vmt   513  179K    1404   30K   786    5.83    5.74   807   703   50K    84   37.57   37.51
c rst  luby ibes  vmt   514  179K    1404   30K   786    5.83    5.74   807   704   50K    84   37.53   37.47
c [distill] watch-based irred--  cl tried     8490 cl-sh     0 cl-rem    0 lit-rem      0 T: 0.00 T-out: N
c [distill] watch-based   red--  cl tried     1614 cl-sh    11 cl-rem    0 lit-rem     13 T: 0.00 T-out: N
c rst  luby ibes  vmt   515  179K    1404   30K   786    5.83    5.74   808   707   50K    84   37.46   37.40
c rst  luby ibes  vmt   516  180K    1404   30K   786    5.83    5.74   877   719   36K    84   37.69   37.61
c rst  luby ibes  vmt   517  180K    1404   30K   786    5.83    5.74   877   720   37K    84   37.63   37.55
c rst  luby ibes  vmt   518  180K    1404   30K   786    5.83    5.74   877   721   37K    84   37.51   37.43
c rst  luby ibes  vmt   519  180K    1404   30K   786    5.83    5.74   877   721   37K    84   37.29   37.22
c [gauss] XOR-encoding clauses are not detached, so no need to reattach them.
c [g 0] truth-find prop checks  : 1074K
c [g 0] -> of which prop        : 62.81 %
c [g 0] -> of which confl       :  2.36 %
c [g 0] elim called             : 44K
c [g 0] ---> which lead to prop : 55.54 %
c [g 0] ---> which lead to confl:  1.96 %
c [g 0] size: 59    x 485  
c [scc] new: 0 BP 0M T: 0.00
c [vrep] vars 0 lits 0 rem-bin-cls 0 rem-long-cls 0 BP 0M T: 0.01
c [intree] Set 0 vars hyper-added: 14 trans-irred: 0 trans-red: 0 T: 0.01 T-out: N T-r: -1.32%
c [find&init matx] performing matrix init
c [gauss] XOR-encoding clauses are not detached, so no need to reattach them.
c [xor-rem-unconnected] left with 842 xors from 842 non-empty xors T: 0.00
c [xor-together] xored together: 783 orig xors: 842 new xors: 59 T: 0.00
c [xor-rem-unconnected] left with 59 xors from 59 non-empty xors T: 0.00
c [xor-clean-equiv] removed equivalent xors: 0 left with: 59
c [matrix] unused xors from cleaning: 0
c [matrix] Good   matrix 0 59      x485    density:0.1204  xorlen avg: 58.37
c [matrix] Using 1 matrices recovered from 0 xors T: 0.00 T-out: N
c rst  luby ibes vmt  520   180 K 1404      30K   786 5.83    5.74      877   724   37K    98 37.27   37.18  
c rst  luby ibes vmt  521   181 K 1404      30K   786 5.83    5.74      877   725   37K    98 37.22   37.13  
c rst  luby ibes vmt  522   181 K 1404      30K   786 5.83    5.74      877   732   38K    98 37.16   37.07  
c rst  luby ibes vmt  523   181 K 1404      30K   786 5.83    5.74      877   732   38K    98 37.10   37.01  
c rst  luby ibes vmt  524   181 K 1404      30K   786 5.83    5.74      878   734   38K    98 37.07   36.98  
c rst  luby ibes vmt  525   181 K 1404      30K   786 5.83    5.74      881   738   38K    98 36.99   36.90  
c rst  luby ibes vmt  526   182 K 1404      30K   786 5.83    5.74      882   740   38K    98 36.84   36.76  
c rst  luby ibes vmt  527   182 K 1404      30K   786 5.83    5.74      882   754   39K    98 36.49   36.41  
c rst  luby ibes vmt  528   184 K 1404      30K   786 5.83    5.74      884   776   41K    98 35.86   35.78  
c [full-probe]  bin_only: 1 set: 0 repl: 0 T: 0.01 T-out: N T-r: 99.78%
c rst  luby ibes vmt  529   184 K 1404      30K   786 5.83    5.74      884   778   41K    98 35.82   35.74  
c rst  luby ibes vmt  530   184 K 1404      30K   786 5.83    5.74      884   782   41K    98 35.79   35.71  
c rst  luby ibes vmt  531   184 K 1404      30K   786 5.83    5.74      885   783   41K    98 35.70   35.63  
c rst  luby ibes vmt  532   184 K 1404      30K   786 5.83    5.74      885   783   41K    98 35.67   35.59  
c rst  luby ibes vmt  533   185 K 1404      30K   786 5.83    5.74      885   784   41K    98 35.64   35.56  
c rst  luby ibes vmt  534   185 K 1404      30K   786 5.83    5.74      885   786   42K    98 35.55   35.47  
c rst  luby ibes vmt  535   185 K 1404      30K   786 5.83    5.74      885   786   42K    98 35.34   35.26  
c rst  luby ibes vmt  536   185 K 1404      30K   786 5.83    5.74      885   786   42K    98 35.29   35.21  
c rst  luby ibes vmt  537   185 K 1404      30K   786 5.83    5.74      885   786   42K    98 35.24   35.16  
c rst  luby ibes vmt  538   186 K 1404      30K   786 5.83    5.74      885   791   42K    98 35.17   35.10  
c rst  luby ibes vmt  539   186 K 1404      30K   786 5.83    5.74      885   792   42K    98 35.14   35.07  
c rst  luby ibes vmt  540   186 K 1404      30K   786 5.83    5.74      885   793   43K    98 35.11   35.04  
c rst  luby ibes vmt  541   186 K 1404      30K   786 5.83    5.74      885   793   43K    98 35.01   34.94  
c rst  luby ibes vmt  542   186 K 1404      30K   786 5.83    5.74      885   793   43K    98 34.91   34.84  
c rst  luby svd  vmt  543   187 K 1404      30K   786 5.83    5.74      885   799   44K    98 34.62   34.55  
c rst  luby svd  vmt  544   187 K 1404      30K   786 5.83    5.74      885   799   44K    98 34.58   34.52  
c rst  luby svd  vmt  545   187 K 1404      30K   786 5.83    5.74      885   799   44K    98 34.54   34.47  
c rst  luby svd  vmt  546   188 K 1404      30K   786 5.83    5.74      885   802   44K    98 34.52   34.45  
c rst  luby svd  vmt  547   188 K 1404      30K   786 5.83    5.74      885   804   44K    98 34.52   34.45  
c rst  luby svd  vmt  548   188 K 1404      30K   786 5.83    5.74      885   804   45K    98 34.48   34.42  
c rst  luby svd  vmt  549   188 K 1404      30K   786 5.83    5.74      886   805   45K    98 34.43   34.36  
c rst  luby svd  vmt  550   188 K 1404      30K   786 5.83    5.74      886   806   45K    98 34.31   34.24  
c rst  luby svd  vmt  551   188 K 1404      30K   786 5.83    5.74      886   806   45K    98 34.29   34.22  
c rst  luby svd  vmt  552   189 K 1404      30K   786 5.83    5.74      888   819   45K    98 34.26   34.20  
c rst  luby svd  vmt  553   189 K 1404      30K   786 5.83    5.74      888   827   45K    98 34.23   34.17  
c rst  luby svd  vmt  554   189 K 1404      30K   786 5.83    5.74      888   829   46K    98 34.22   34.16  
c [distill-long-red0] cls tried: 88/88 T: 0.01 T-out: N T-r: 99.86%
c [distill-long-red1] cls tried: 84/591 T: 0.01 T-out: Y T-r: -1.63%
c rst  luby svd  vmt  555   189 K 1404      30K   786 5.83    5.74      888   829   46K    98 34.19   34.12  
c rst  luby svd  vmt  556   189 K 1404      30K   786 5.83    5.74      888   831   46K    98 34.14   34.07  
c rst  luby svd  vmt  557   190 K 1404      30K   786 5.83    5.74      947   714   46K    98 34.08   34.01  
c rst  luby svd  vmt  558   190 K 1404      30K   786 5.83    5.74      947   726   47K    98 33.94   33.88  
c rst  luby svd  vmt  559   192 K 1404      30K   786 5.83    5.74      948   753   49K    98 33.54   33.48  
c rst  luby svd  vmt  560   195 K 1404      30K   786 5.83    5.74      987  1232   37K    98 30.37   30.30  
c rst  geom best vmt  561   195 K 1404      30K   786 5.83    5.74      987  1238   37K    98 30.33   30.27  
c rst  geom best vmt  562   195 K 1404      30K   786 5.83    5.74      987  1238   38K    98 30.31   30.24  
c rst  geom best vmt  563   196 K 1404      30K   786 5.83    5.74      987  1238   38K    98 30.27   30.20  
c rst  geom best vmt  564   196 K 1404      30K   786 5.83    5.74      987  1238   38K    98 30.25   30.18  
c rst  geom best vmt  565   196 K 1404      30K   786 5.83    5.74      987  1238   38K    98 30.19   30.12  
c rst  geom best vmt  566   196 K 1404      30K   786 5.83    5.74      987  1239   38K    98 30.17   30.10  
c [distill-bin] useful: 0/786/786 lits-rem: 0 cl-rem: 0 0-depth-assigns: 0 T: 0.00 T-out: N
c rst  geom best vmt  567   196 K 1404      30K   786 5.83    5.74      988  1240   38K    98 30.14   30.07  
c rst  geom best vmt  568   196 K 1404      30K   786 5.83    5.74      988  1242   39K    98 30.08   30.01  
c rst  geom best vmt  569   197 K 1404      30K   786 5.83    5.74      988  1242   39K    98 30.00   29.93  
c rst  geom best vmt  570   197 K 1404      30K   786 5.83    5.74      988  1244   39K    98 29.95   29.88  
c rst  geom best vmt  571   197 K 1404      30K   786 5.83    5.74      988  1244   39K    98 29.89   29.83  
c rst  geom best vmt  572   198 K 1404      30K   786 5.83    5.74      988  1245   40K    98 29.82   29.75  
c [branch] adjusting to: vsid (from: vmtf) var_decay:0.95 descr: VSIDS
c rst  geom best vs   573   198 K 1404      30K   786 5.83    5.74      988  1247   40K    98 29.88   29.81  
c rst  geom best vs   574   198 K 1404      30K   786 5.83    5.74      988  1249   40K    98 29.90   29.84  
c rst  geom best vs   575   198 K 1404      30K   786 5.83    5.74      988  1249   40K    98 29.96   29.90  
c rst  geom best vs   576   198 K 1404      30K   786 5.83    5.74      988  1249   40K    98 29.97   29.90  
c rst  geom best vs   577   198 K 1404      30K   786 5.83    5.74      988  1249   40K    98 30.00   29.94  
c rst  geom best vs   578   198 K 1404      30K   786 5.83    5.74      988  1249   40K    98 30.06   30.00  
c rst  geom best vs   579   199 K 1404      30K   786 5.83    5.74      988  1252   41K    98 30.10   30.04  
c rst  geom best vs   580   199 K 1404      30K   786 5.83    5.74      988  1256   41K    98 30.14   30.08  
c rst  geom best vs   581   199 K 1404      30K   786 5.83    5.74      988  1257   41K    98 30.21   30.15  
c rst  geom best vs   582   199 K 1404      30K   786 5.83    5.74      989  1257   41K    98 30.33   30.27  
c rst  geom best vs   583   200 K 1404      30K   786 5.83    5.74     1067  1176   42K    98 30.43   30.37  
c rst  geom best vs   584   200 K 1404      30K   786 5.83    5.74     1067  1178   42K    98 30.50   30.43  
c rst  geom best vs   585   200 K 1404      30K   786 5.83    5.74     1067  1180   42K    98 30.51   30.45  
c rst  geom best vs   586   201 K 1404      30K   786 5.83    5.74     1067  1182   43K    99 30.63   30.57  
c rst  geom best vs   587   201 K 1404      30K   786 5.83    5.74     1067  1183   43K    99 30.72   30.66  
c rst  geom best vs   588   201 K 1404      30K   786 5.83    5.74     1067  1184   44K    99 30.77   30.71  
c rst  geom best vs   589   202 K 1404      30K   786 5.83    5.74     1067  1184   44K    99 30.79   30.73  
c rst  geom best vs   590   202 K 1404      30K   786 5.83    5.74     1067  1186   45K    99 30.73   30.67  
c rst  geom stb  vs   591   203 K 1404      30K   786 5.83    5.74     1067  1186   45K    99 30.56   30.50  
c rst  geom stb  vs   592   204 K 1404      30K   786 5.83    5.74     1068  1189   46K    99 30.66   30.60  
c rst  geom stb  vs   593   204 K 1404      30K   786 5.83    5.74     1068  1189   47K    99 30.65   30.59  
c [distill-long-red0] cls tried: 173/173 T: 0.02 T-out: N T-r: 99.42%
c [distill-long-red1] cls tried: 34/889 T: 0.02 T-out: Y T-r: -4.53%
c [full-probe]  bin_only: 0 set: 0 repl: 0 T: 0.01 T-out: N T-r: 97.87%
c [distill] watch-based irred--  cl tried 8490     cl-sh 0     cl-rem 0    lit-rem 0      T: 0.01 T-out: N
c [distill] watch-based red  --  cl tried 2135     cl-sh 11    cl-rem 1    lit-rem 45     T: 0.00 T-out: N
c rst  geom stb  vs   594   205 K 1404      30K   786 5.83    5.74     1067  1194   47K    99 30.67   30.61  
c rst  geom stb  vs   595   206 K 1404      30K   786 5.83    5.74     1067  1195   48K    99 30.71   30.66  
c rst  geom stb  vs   596   207 K 1404      30K   786 5.83    5.74     1067  1198   49K    99 30.73   30.67  
c rst  geom stb  vs   597   208 K 1404      30K   786 5.83    5.74     1070  1218   50K    99 30.81   30.76  
c rst  geom stb  vs   598   209 K 1404      30K   786 5.83    5.74     1070  1224   51K    99 30.99   30.94  
c rst  geom stb  vs   599   211 K 1404      30K   786 5.83    5.74     1108  1268   38K    99 27.64   27.58  
c rst  geom ibes vs   600   212 K 1404      30K   786 5.83    5.74     1108  1271   40K    99 27.50   27.44  
c rst  geom ibes vs   601   214 K 1404      30K   786 5.83    5.74     1108  1273   41K    99 27.28   27.23  
c rst  geom ibes vs   602   215 K 1404      30K   786 5.83    5.74     1108  1279   43K    99 27.69   27.64  
c rst  geom ibes vs   603   217 K 1404      30K   786 5.83    5.74     1110  1290   45K    99 27.87   27.82  
c [distill-bin] useful: 0/786/786 lits-rem: 0 cl-rem: 0 0-depth-assigns: 0 T: 0.01 T-out: N
c rst  geom ibes vs   604   219 K 1404      30K   786 5.83    5.74     1114  1296   47K    99 28.49   28.43  
c rst  geom svd  vs   605   221 K 1404      30K   786 5.83    5.74     1154  1236   49K    99 28.80   28.75  
c [distill-long-red0] cls tried: 98/98 T: 0.01 T-out: N T-r: 99.83%
c [distill-long-red1] cls tried: 25/936 T: 0.02 T-out: Y T-r: -5.81%
c [impl-str] lit bin: 0 set-var: 0 T: 0.00 T-out: N T-r: 99.95% w-visit: 2808
c [impl-sub] bin: 0 T: 0.00 T-out: N w-visit: 2808
c [ccnr] saving best assignment phase to stable_polar
c [ccnr] bumping based on var unsat frequency: conflict_ct
c [ccnr] Bumped vars: 1404 bump type: 6
c [ccnr] time: 0.39
c rst  geom svd  vs   606   224 K 1404      30K   786 5.83    5.74     1154  1252   51K    99 29.55   29.50  
c [branch] adjusting to: vmtf (from: vsid) var_decay:0.95 descr: VMTF
c rst  luby svd  vmt  607   224 K 1404      30K   786 5.83    5.74     1160  1268   52K    99 29.52   29.47  
c rst  luby svd  vmt  608   224 K 1404      30K   786 5.83    5.74     1160  1275   52K    99 29.54   29.49  
c rst  luby svd  vmt  609   224 K 1404      30K   786 5.83    5.74     1160  1280   52K    99 29.60   29.55  
c rst  luby svd  vmt  610   224 K 1404      30K   786 5.83    5.74     1160  1280   52K    99 29.63   29.58  
c rst  luby svd  vmt  611   224 K 1404      30K   786 5.83    5.74     1160  1280   52K    99 29.63   29.58  
c [full-probe]  bin_only: 1 set: 0 repl: 0 T: 0.01 T-out: N T-r: 99.80%
c rst  luby svd  vmt  612   225 K 1404      30K   786 5.83    5.74     1161  1349   37K    99 30.70   30.63  
c rst  luby svd  vmt  613   225 K 1404      30K   786 5.83    5.74     1161  1351   37K    99 30.84   30.77  
c rst  luby svd  vmt  614   225 K 1404      30K   786 5.83    5.74     1161  1351   37K    99 30.84   30.77  
c rst  luby svd  vmt  615   225 K 1404      30K   786 5.83    5.74     1161  1351   37K    99 30.83   30.76  
c rst  luby svd  vmt  616   225 K 1404      30K   786 5.83    5.74     1161  1351   37K    99 30.82   30.75  
c rst  luby svd  vmt  617   226 K 1404      30K   786 5.83    5.74     1161  1351   38K    99 30.81   30.74  
c rst  luby svd  vmt  618   226 K 1404      30K   786 5.83    5.74     1161  1351   38K    99 30.80   30.73  
c rst  luby svd  vmt  619   226 K 1404      30K   786 5.83    5.74     1161  1351   38K    99 30.78   30.71  
c rst  luby svd  vmt  620   226 K 1404      30K   786 5.83    5.74     1161  1351   38K    99 30.74   30.67  
c rst  luby svd  vmt  621   227 K 1404      30K   786 5.83    5.74     1161  1352   39K    99 30.90   30.83  
c rst  geom best vmt  622   227 K 1404      30K   786 5.83    5.74     1163  1354   39K    99 30.90   30.83  
c rst  geom best vmt  623   227 K 1404      30K   786 5.83    5.74     1164  1356   39K    99 30.90   30.83  
c rst  geom best vmt  624   227 K 1404      30K   786 5.83    5.74     1164  1356   39K    99 30.91   30.84  
c rst  geom best vmt  625   228 K 1404      30K   786 5.83    5.74     1165  1356   40K    99 30.96   30.89  
c rst  geom best vmt  626   228 K 1404      30K   786 5.83    5.74     1165  1358   40K    99 30.96   30.90  
c rst  geom best vmt  627   228 K 1404      30K   786 5.83    5.74     1165  1358   40K    99 30.92   30.85  
c rst  geom best vmt  628   228 K 1404      30K   786 5.83    5.74     1166  1364   40K    99 30.96   30.90  
c rst  geom best vmt  629   228 K 1404      30K   786 5.83    5.74     1166  1364   40K    99 31.02   30.95  
c rst  geom best vmt  630   229 K 1404      30K   786 5.83    5.74     1166  1364   41K    99 31.06   31.00  
c rst  geom best vmt  631   229 K 1404      30K   786 5.83    5.74     1166  1365   41K    99 31.10   31.03  
c rst  geom best vmt  632   229 K 1404      30K   786 5.83    5.74     1166  1367   41K    99 31.20   31.14  
c rst  geom best vmt  633   229 K 1404      30K   786 5.83    5.74     1166  1368   41K    99 31.28   31.22  
c rst  geom best vmt  634   230 K 1404      30K   786 5.83    5.74     1213  1258   42K    99 31.42   31.36  
c [distill] watch-based irred--  cl tried 8490     cl-sh 0     cl-rem 0    lit-rem 0      T: 0.01 T-out: N
c [distill] watch-based red  --  cl tried 2426     cl-sh 12    cl-rem 0    lit-rem 15     T: 0.00 T-out: N
c rst  geom best vmt  635   230 K 1404      30K   786 5.83    5.74     1213  1258   42K    99 31.42   31.35  
c rst  geom best vmt  636   231 K 1404      30K   786 5.83    5.74     1213  1258   43K    99 31.41   31.34  
c rst  geom best vmt  637   231 K 1404      30K   786 5.83    5.74     1213  1262   43K    99 31.55   31.48  
c rst  geom best vmt  638   231 K 1404      30K   786 5.83    5.74     1214  1275   44K    99 31.73   31.67  
c rst  geom best vmt  639   232 K 1404      30K   786 5.83    5.74     1216  1283   44K    99 31.85   31.79  
c rst  geom best vmt  640   233 K 1404      30K   786 5.83    5.74     1216  1291   45K    99 31.92   31.86  
c rst  geom best vmt  641   233 K 1404      30K   786 5.83    5.74     1216  1296   45K    99 32.08   32.02  
c rst  geom best vmt  642   234 K 1404      30K   786 5.83    5.74     1216  1298   46K    99 32.21   32.15  
c rst  geom best vmt  643   235 K 1404      30K   786 5.83    5.74     1217  1302   47K    99 32.40   32.34  
c rst  geom stb  vmt  644   236 K 1404      30K   786 5.83    5.74     1217  1306   48K    99 32.63   32.57  
c rst  geom stb  vmt  645   237 K 1404      30K   786 5.83    5.74     1217  1311   49K    99 32.91   32.85  
c [distill-long-red0] cls tried: 66/66 T: 0.00 T-out: N T-r: 99.90%
c [distill-long-red1] cls tried: 71/1023 T: 0.01 T-out: Y T-r: -2.61%
c rst  geom stb  vmt  646   238 K 1404      30K   786 5.83    5.74     1217  1312   50K    99 33.12   33.06  
c [distill-bin] useful: 0/786/786 lits-rem: 0 cl-rem: 0 0-depth-assigns: 0 T: 0.01 T-out: N
c rst  geom stb  vmt  647   239 K 1404      30K   786 5.83    5.74     1217  1320   51K    99 33.40   33.34  
c rst  geom stb  vmt  648   240 K 1404      30K   786 5.83    5.74     1268  1303   38K    99 35.66   35.58  
c rst  geom stb  vmt  649   242 K 1404      30K   786 5.83    5.74     1268  1305   39K    99 35.52   35.44  
c rst  geom stb  vmt  650   243 K 1404      30K   786 5.83    5.74     1268  1319   41K    99 35.86   35.78  
c rst  geom ibes vmt  651   244 K 1404      30K   786 5.83    5.74     1268  1326   41K    99 35.88   35.81  
c recursive minimization cost OK: 732Kcost/(% lits removed)
c [gauss] XOR-encoding clauses are not detached, so no need to reattach them.
c [g 0] truth-find prop checks  : 1983K
c [g 0] -> of which prop        : 47.21 %
c [g 0] -> of which confl       :  1.77 %
c [g 0] elim called             : 124K
c [g 0] ---> which lead to prop : 44.40 %
c [g 0] ---> which lead to confl:  1.17 %
c [g 0] size: 59    x 485  
c --> Executing strategy token: scc-vrepl
c [scc] new: 0 BP 0M T: 0.00
c --> Executing strategy token: sub-impl
c [impl-sub] bin: 0 T: 0.00 T-out: N w-visit: 2808
c --> Executing strategy token: breakid
c --> Executing OCC strategy token(s): 'occ-backw-sub-str,occ-clean-implicit,occ-bve,occ-bva,occ-ternary-res,occ-xor,'
c [occ] mem usage for occur 2      MB
c [occ] Linked in IRRED BIN by default: 786
c [occ] Linked in RED   BIN by default: 99
c [occ] mem usage for occur 0      MB
c Mem for watch alloc      : 10          MB (23.96     %)
c Mem for watch array      : 0           MB (0.14      %)
c --> Executing OCC strategy token: occ-backw-sub-str
c [occ-backw-sub-str-long-w-bins] subs: 0 str: 20 tried: 7616 0-depth ass: 0 T: 0.00 T-out: N T-r: 99.22%
c [occ-backw-sub-long-w-long] rem cl: 37 tried: 74957/74957 (100.0%) T: 0.03 T-out: N T-r: 89.22%
c [occ-backw-sub-str-long-w-long] sub: 0 str: 5 tried: 224871/74957 (300.0)  T: 0.20 T-out: N T-r: 69.37%
c --> Executing OCC strategy token: occ-clean-implicit
c --> Executing OCC strategy token: occ-bve
c [occ-empty-res] Empty resolvent elimed: 0 T: 0.00 T-out: N
c [occ-bve] iter v-elim 0
c cl_inc_rate=1.0, var_dec_rate=1.0 (grow=0)
c Reduced to 1404 vars, 31447 cls (grow=0)
c [occ-bve] iter v-elim 0
c cl_inc_rate=1.0, var_dec_rate=1.0 (grow=8)
c Reduced to 1404 vars, 31447 cls (grow=8)
c [occ-bve] iter v-elim 0
c cl_inc_rate=1.0, var_dec_rate=1.0 (grow=16)
c Reduced to 1404 vars, 31447 cls (grow=16)
c x n vars       : 1404
c #try to eliminate:  4212
c #var-elim        :     0
c #T-o: N
c #T-r: 99.98%
c #T  : 0.28
c [occur] 0.05 is overhead
c [occur] link-in T: 0.05 cleanup T: 0.00
c --> Executing OCC strategy token: occ-bva
c --> Executing OCC strategy token: occ-ternary-res
c [occ-ternary-res] Ternary res-tri: 0 res-bin: 0 sub: 0 str: 0 T: 0.00 T-out: N T-r: 99.79%
c --> Executing OCC strategy token: occ-xor
c [occ-xor] sort occur list T: 0.00
c [xor-clean-equiv] removed equivalent xors: 0 left with: 842
c [occ-xor] found    842 avg sz 6.0 min sz  4 max sz  6 T: 0.01 T-out: N T-r: 99.97%
c --> Executing strategy token: card-find
c --> Executing strategy token: cl-consolidate
c Not consolidating memory.
c --> Executing strategy token: scc-vrepl
c [scc] new: 0 BP 0M T: 0.00
c --> Executing strategy token: renumber
c --> Executing strategy token: bosphorus
c --> Executing strategy token: louvain-comms
c [consolidate] mini T: 0.00
c global_timeout_multiplier: 3.9930
c [branch] rebuilding order heap for all branchings. Current branching: vmtf
c [find&init matx] performing matrix init
c [gauss] XOR-encoding clauses are not detached, so no need to reattach them.
c [xor-rem-unconnected] left with 842 xors from 842 non-empty xors T: 0.00
c [xor-together] xored together: 782 orig xors: 842 new xors: 60 T: 0.00
c [xor-rem-unconnected] left with 60 xors from 60 non-empty xors T: 0.00
c [xor-clean-equiv] removed equivalent xors: 0 left with: 60
c [matrix] unused xors from cleaning: 0
c [matrix] Good   matrix  0     60 x  487  density:0.1179  xorlen avg: 57.43
c [matrix] Using 1 matrices recovered from 0 xors T: 0.00 T-out: N
c rst  geom ibes  vmt   652  245K    1404   30K   786    5.83    5.74  1267  1333   42K    99   36.47   36.40
c [full-probe]  bin_only: 0 set: 0 repl: 0 T: 0.01 T-out: N T-r: 96.54%
c rst  geom ibes  vmt   653  247K    1404   30K   786    5.83    5.74  1267  1343   44K    99   36.31   36.24
c [gauss] XOR-encoding clauses are not detached, so no need to reattach them.
c [g 0] truth-find prop checks  : 77K
c [g 0] -> of which prop        : 62.77 %
c [g 0] -> of which confl       :  2.35 %
c [g 0] elim called             : 3276
c [g 0] ---> which lead to prop : 103.88 %
c [g 0] ---> which lead to confl:  3.42 %
c [g 0] size: 60    x 487  
c [scc] new: 0 BP 0M T: 0.00
c [vrep] vars 0 lits 0 rem-bin-cls 0 rem-long-cls 0 BP 0M T: 0.01
c [intree] Set 0 vars hyper-added: 3 trans-irred: 0 trans-red: 0 T: 0.02 T-out: N T-r: 0.19%
c [find&init matx] performing matrix init
c [gauss] XOR-encoding clauses are not detached, so no need to reattach them.
c [xor-rem-unconnected] left with 842 xors from 842 non-empty xors T: 0.00
c [xor-together] xored together: 782 orig xors: 842 new xors: 60 T: 0.00
c [xor-rem-unconnected] left with 60 xors from 60 non-empty xors T: 0.00
c [xor-clean-equiv] removed equivalent xors: 0 left with: 60
c [matrix] unused xors from cleaning: 0
c [matrix] Good   matrix 0 60      x487    density:0.1179  xorlen avg: 57.43
c [matrix] Using 1 matrices recovered from 0 xors T: 0.00 T-out: N
c rst  geom ibes vmt  654   249 K 1404      30K   786 5.83    5.74     1268  1363   46K   102 36.47   36.40  
c rst  geom ibes vmt  655   251 K 1404      30K   786 5.83    5.74     1311  1300   48K   102 36.98   36.91  
c [branch] adjusting to: vsid (from: vmtf) var_decay:0.95 descr: VSIDS
c rst  geom svd  vs   656   251 K 1404      30K   786 5.83    5.74     1311  1300   49K   102 36.99   36.92  
c rst  geom svd  vs   657   251 K 1404      30K   786 5.83    5.74     1311  1301   49K   102 36.99   36.92  
c rst  geom svd  vs   658   251 K 1404      30K   786 5.83    5.74     1311  1302   49K   102 37.03   36.96  
c rst  geom svd  vs   659   251 K 1404      30K   786 5.83    5.74     1311  1302   49K   102 37.09   37.02  
c rst  geom svd  vs   660   252 K 1404      30K   786 5.83    5.74     1311  1302   49K   102 37.14   37.07  
c rst  geom svd  vs   661   252 K 1404      30K   786 5.83    5.74     1311  1304   49K   102 37.19   37.12  
c [distill-long-red0] cls tried: 123/123 T: 0.01 T-out: N T-r: 99.65%
c [distill-long-red1] cls tried: 71/992 T: 0.01 T-out: Y T-r: -2.12%
c rst  geom svd  vs   662   252 K 1404      30K   786 5.83    5.74     1312  1313   49K   102 37.22   37.16  
c rst  geom svd  vs   663   252 K 1404      30K   786 5.83    5.74     1312  1316   50K   102 37.24   37.17  
c rst  geom svd  vs   664   252 K 1404      30K   786 5.83    5.74     1312  1331   50K   102 37.27   37.20  
c rst  geom svd  vs   665   253 K 1404      30K   786 5.83    5.74     1312  1331   50K   102 37.33   37.26  
c rst  geom svd  vs   666   253 K 1404      30K   786 5.83    5.74     1312  1333   50K   102 37.37   37.30  
c rst  geom svd  vs   667   253 K 1404      30K   786 5.83    5.74     1312  1337   51K   102 37.32   37.26  
c rst  geom svd  vs   668   254 K 1404      30K   786 5.83    5.74     1312  1337   51K   102 37.33   37.26  
c rst  geom svd  vs   669   254 K 1404      30K   786 5.83    5.74     1312  1337   51K   102 37.27   37.21  
c rst  geom svd  vs   670   254 K 1404      30K   786 5.83    5.74     1312  1341   52K   102 37.28   37.21  
c rst  geom svd  vs   671   255 K 1404      30K   786 5.83    5.74     1321  1457   37K   102 39.41   39.31  
c [distill] watch-based irred--  cl tried 8490     cl-sh 0     cl-rem 0    lit-rem 0      T: 0.00 T-out: N
c [distill] watch-based red  --  cl tried 2642     cl-sh 10    cl-rem 0    lit-rem 22     T: 0.00 T-out: N
c rst  geom svd  vs   672   255 K 1404      30K   786 5.83    5.74     1321  1462   37K   102 39.35   39.25  
c rst  geom svd  vs   673   256 K 1404      30K   786 5.83    5.74     1321  1464   38K   102 39.31   39.22  
c rst  geom svd  vs   674   257 K 1404      30K   786 5.83    5.74     1321  1471   38K   102 39.21   39.12  
c rst  geom svd  vs   675   257 K 1404      30K   786 5.83    5.74     1321  1475   39K   102 39.24   39.15  
c rst  geom svd  vs   676   258 K 1404      30K   786 5.83    5.74     1321  1485   40K   102 39.17   39.08  
c [distill-bin] useful: 0/786/786 lits-rem: 0 cl-rem: 0 0-depth-assigns: 0 T: 0.01 T-out: N
c rst  geom svd  vs   677   259 K 1404      30K   786 5.83    5.74     1321  1487   40K   102 39.01   38.93  
c rst  geom best vs   678   260 K 1404      30K   786 5.83    5.74     1387  1264   41K   102 38.92   38.84  
c rst  geom best vs   679   261 K 1404      30K   786 5.83    5.74     1387  1265   42K   102 38.74   38.66  
c rst  geom best vs   680   262 K 1404      30K   786 5.83    5.74     1387  1266   43K   102 39.01   38.93  
c rst  geom best vs   681   263 K 1404      30K   786 5.83    5.74     1387  1269   45K   102 39.25   39.17  
c rst  geom best vs   682   264 K 1404      30K   786 5.83    5.74     1387  1278   46K   102 39.40   39.32  
c rst  geom best vs   683   265 K 1404      30K   786 5.83    5.74     1388  1289   47K   102 39.46   39.39  
c [full-probe]  bin_only: 1 set: 0 repl: 0 T: 0.01 T-out: N T-r: 99.78%
c [ccnr] saving best assignment phase to stable_polar
c [ccnr] bumping based on var unsat frequency: conflict_ct
c [ccnr] Bumped vars: 1404 bump type: 6
c [ccnr] time: 0.39
c rst  geom best vs   684   267 K 1404      30K   786 5.83    5.74     1390  1306   49K   102 39.57   39.49  
c [distill-long-red0] cls tried: 87/87 T: 0.01 T-out: N T-r: 99.80%
c [distill-long-red1] cls tried: 73/955 T: 0.01 T-out: Y T-r: -1.62%
c rst  geom stb  vs   685   269 K 1404      30K   786 5.83    5.74     1390  1309   50K   102 39.87   39.80  
c rst  geom stb  vs   686   270 K 1404      30K   786 5.83    5.74     1434   837   39K   102 40.32   40.22  
c rst  geom stb  vs   687   273 K 1404      30K   786 5.83    5.74     1434   851   41K   102 40.75   40.66  
c rst  geom stb  vs   688   275 K 1404      30K   786 5.83    5.74     1434   856   43K   102 41.03   40.95  
c rst  geom ibes vs   689   277 K 1404      30K   786 5.83    5.74     1434   873   46K   102 41.33   41.25  
c rst  geom ibes vs   690   280 K 1404      30K   786 5.83    5.74     1483   829   48K   102 41.55   41.47  
c [distill-bin] useful: 0/786/786 lits-rem: 0 cl-rem: 0 0-depth-assigns: 0 T: 0.01 T-out: N
c [distill] watch-based irred--  cl tried 8490     cl-sh 0     cl-rem 0    lit-rem 0      T: 0.00 T-out: N
c [distill] watch-based red  --  cl tried 2966     cl-sh 26    cl-rem 0    lit-rem 44     T: 0.00 T-out: N
c rst  geom ibes vs   691   283 K 1404      30K   786 5.83    5.74     1485   836   51K   102 41.63   41.56  
c [branch] adjusting to: vmtf (from: vsid) var_decay:0.95 descr: VMTF
c [distill-long-red0] cls tried: 98/98 T: 0.01 T-out: N T-r: 99.78%
c [distill-long-red1] cls tried: 67/575 T: 0.01 T-out: Y T-r: -4.05%
c [impl-str] lit bin: 0 set-var: 0 T: 0.00 T-out: N T-r: 99.95% w-visit: 2808
c [impl-sub] bin: 0 T: 0.00 T-out: N w-visit: 2808
c rst  luby svd  vmt  692   283 K 1404      30K   786 5.83    5.74     1499   864   51K   103 41.58   41.51  
c rst  luby svd  vmt  693   283 K 1404      30K   786 5.83    5.74     1499   866   51K   103 41.56   41.49  
c rst  luby svd  vmt  694   283 K 1404      30K   786 5.83    5.74     1499   866   52K   103 41.62   41.55  
c rst  luby svd  vmt  695   284 K 1404      30K   786 5.83    5.74     1499   867   52K   103 41.61   41.54  
c rst  luby svd  vmt  696   284 K 1404      30K   786 5.83    5.74     1499   873   52K   103 41.60   41.52  
c rst  luby svd  vmt  697   284 K 1404      30K   786 5.83    5.74     1499   875   52K   103 41.62   41.55  
c rst  luby svd  vmt  698   284 K 1404      30K   786 5.83    5.74     1499   880   52K   103 41.67   41.60  
c rst  luby svd  vmt  699   284 K 1404      30K   786 5.83    5.74     1499   881   52K   103 41.68   41.61  
c rst  luby svd  vmt  700   284 K 1404      30K   786 5.83    5.74     1499   883   53K   103 41.69   41.62  
c rst  luby svd  vmt  701   285 K 1404      30K   786 5.83    5.74     1509   997   38K   103 41.24   41.14  
c rst  luby svd  vmt  702   285 K 1404      30K   786 5.83    5.74     1509  1002   38K   103 41.25   41.15  
c rst  luby svd  vmt  703   285 K 1404      30K   786 5.83    5.74     1509  1004   38K   103 41.28   41.18  
c rst  luby svd  vmt  704   285 K 1404      30K   786 5.83    5.74     1509  1005   38K   103 41.32   41.22  
c rst  luby svd  vmt  705   285 K 1404      30K   786 5.83    5.74     1509  1009   39K   103 41.27   41.18  
c [full-probe]  bin_only: 0 set: 0 repl: 0 T: 0.01 T-out: N T-r: 98.17%
c rst  luby svd  vmt  706   286 K 1404      30K   786 5.83    5.74     1510  1020   40K   103 41.29   41.20  
c rst  luby svd  vmt  707   286 K 1404      30K   786 5.83    5.74     1510  1021   40K   103 41.29   41.20  
c rst  luby svd  vmt  708   286 K 1404      30K   786 5.83    5.74     1510  1023   40K   103 41.35   41.25  
c rst  luby svd  vmt  709   287 K 1404      30K   786 5.83    5.74     1512  1030   40K   103 41.36   41.27  
c rst  luby svd  vmt  710   287 K 1404      30K   786 5.83    5.74     1512  1035   40K   103 41.37   41.27  
c rst  luby svd  vmt  711   287 K 1404      30K   786 5.83    5.74     1512  1038   40K   103 41.37   41.28  
c rst  luby svd  vmt  712   287 K 1404      30K   786 5.83    5.74     1512  1041   40K   103 41.41   41.31  
c rst  luby svd  vmt  713   287 K 1404      30K   786 5.83    5.74     1512  1044   41K   103 41.43   41.33  
c rst  luby svd  vmt  714   288 K 1404      30K   786 5.83    5.74     1512  1045   41K   103 41.44   41.35  
c rst  luby svd  vmt  715   288 K 1404      30K   786 5.83    5.74     1512  1046   41K   103 41.44   41.35  
c rst  luby svd  vmt  716   288 K 1404      30K   786 5.83    5.74     1512  1047   41K   103 41.43   41.34  
c rst  luby svd  vmt  717   288 K 1404      30K   786 5.83    5.74     1512  1050   41K   103 41.41   41.32  
c rst  luby svd  vmt  718   288 K 1404      30K   786 5.83    5.74     1513  1053   41K   103 41.39   41.30  
c rst  luby svd  vmt  719   288 K 1404      30K   786 5.83    5.74     1513  1063   42K   103 41.39   41.30  
c rst  luby svd  vmt  720   289 K 1404      30K   786 5.83    5.74     1513  1069   42K   103 41.40   41.31  
c rst  luby svd  vmt  721   289 K 1404      30K   786 5.83    5.74     1513  1071   43K   103 41.36   41.27  
c rst  luby svd  vmt  722   291 K 1404      30K   786 5.83    5.74     1644   917   44K   103 41.24   41.15  
c rst  geom best vmt  723   291 K 1404      30K   786 5.83    5.74     1644   917   44K   103 41.27   41.18  
c rst  geom best vmt  724   291 K 1404      30K   786 5.83    5.74     1644   920   45K   103 41.26   41.17  
c rst  geom best vmt  725   291 K 1404      30K   786 5.83    5.74     1644   920   45K   103 41.25   41.16  
c rst  geom best vmt  726   292 K 1404      30K   786 5.83    5.74     1644   920   45K   103 41.27   41.19  
c rst  geom best vmt  727   292 K 1404      30K   786 5.83    5.74     1644   922   45K   103 41.31   41.23  
c rst  geom best vmt  728   292 K 1404      30K   786 5.83    5.74     1644   922   45K   103 41.29   41.20  
c rst  geom best vmt  729   292 K 1404      30K   786 5.83    5.74     1644   922   45K   103 41.21   41.13  
c rst  geom best vmt  730   292 K 1404      30K   786 5.83    5.74     1644   922   46K   103 41.12   41.04  
c rst  geom best vmt  731   293 K 1404      30K   786 5.83    5.74     1644   922   46K   103 41.02   40.94  
c rst  geom best vmt  732   293 K 1404      30K   786 5.83    5.74     1644   922   46K   103 40.91   40.83  
c rst  geom best vmt  733   293 K 1404      30K   786 5.83    5.74     1644   922   46K   103 40.79   40.70  
c rst  geom best vmt  734   293 K 1404      30K   786 5.83    5.74     1644   922   47K   103 40.65   40.57  
c rst  geom best vmt  735   294 K 1404      30K   786 5.83    5.74     1644   922   47K   103 40.50   40.42  
c rst  geom best vmt  736   294 K 1404      30K   786 5.83    5.74     1644   923   47K   103 40.38   40.30  
c rst  geom best vmt  737   295 K 1404      30K   786 5.83    5.74     1644   924   48K   103 40.46   40.39  
c rst  geom best vmt  738   295 K 1404      30K   786 5.83    5.74     1644   924   48K   103 40.44   40.36  
c rst  geom best vmt  739   295 K 1404      30K   786 5.83    5.74     1645   930   49K   103 40.39   40.31  
c rst  geom best vmt  740   296 K 1404      30K   786 5.83    5.74     1645   931   49K   103 40.52   40.44  
c rst  geom best vmt  741   297 K 1404      30K   786 5.83    5.74     1645   934   50K   103 40.38   40.31  
c rst  geom best vmt  742   297 K 1404      30K   786 5.83    5.74     1645   934   51K   103 40.42   40.35  
c rst  geom best vmt  743   298 K 1404      30K   786 5.83    5.74     1645   934   51K   103 40.18   40.11  
c rst  geom best vmt  744   299 K 1404      30K   786 5.83    5.74     1645   934   52K   103 39.91   39.84  
c [distill-long-red0] cls tried: 158/158 T: 0.02 T-out: N T-r: 99.68%
c [distill-long-red1] cls tried: 55/627 T: 0.02 T-out: Y T-r: -2.29%
c rst  geom best vmt  745   300 K 1404      30K   786 5.83    5.74     1673   976   38K   103 39.35   39.25  
c rst  geom stb  vmt  746   301 K 1404      30K   786 5.83    5.74     1673   984   39K   103 39.50   39.41  
c [distill-bin] useful: 0/786/786 lits-rem: 0 cl-rem: 0 0-depth-assigns: 0 T: 0.01 T-out: N
c rst  geom stb  vmt  747   302 K 1404      30K   786 5.83    5.74     1674  1004   40K   103 39.47   39.38  
c rst  geom stb  vmt  748   303 K 1404      30K   786 5.83    5.74     1674  1022   41K   103 39.62   39.53  
c rst  geom stb  vmt  749   304 K 1404      30K   786 5.83    5.74     1674  1027   42K   103 39.97   39.89  
c rst  geom stb  vmt  750   306 K 1404      30K   786 5.83    5.74     1674  1041   44K   103 40.15   40.07  
c [full-probe]  bin_only: 1 set: 0 repl: 0 T: 0.01 T-out: N T-r: 99.82%
c [distill] watch-based irred--  cl tried 8490     cl-sh 0     cl-rem 0    lit-rem 0      T: 0.00 T-out: N
c [distill] watch-based red  --  cl tried 3348     cl-sh 18    cl-rem 0    lit-rem 28     T: 0.00 T-out: N
c rst  geom stb  vmt  751   307 K 1404      30K   786 5.83    5.74     1674  1054   45K   103 40.24   40.16  
c rst  geom stb  vmt  752   309 K 1404      30K   786 5.83    5.74     1674  1077   47K   103 40.72   40.64  
c rst  geom ibes vmt  753   311 K 1404      30K   786 5.83    5.74     1736   997   49K   103 40.98   40.90  
c [ccnr] saving best assignment phase to stable_polar
c [ccnr] bumping based on clause weights
c [ccnr] Bumped vars: 103 bump type: 6
c [ccnr] time: 0.39
c rst  geom ibes vmt  754   313 K 1404      30K   786 5.83    5.74     1737   998   51K   103 40.00   39.93  
c [gauss] XOR-encoding clauses are not detached, so no need to reattach them.
c [g 0] truth-find prop checks  : 1521K
c [g 0] -> of which prop        : 59.27 %
c [g 0] -> of which confl       :  2.36 %
c [g 0] elim called             : 78K
c [g 0] ---> which lead to prop : 71.56 %
c [g 0] ---> which lead to confl:  2.84 %
c [g 0] size: 60    x 487  
c [scc] new: 0 BP 0M T: 0.00
c [vrep] vars 0 lits 0 rem-bin-cls 0 rem-long-cls 0 BP 0M T: 0.01
c [intree] Set 0 vars hyper-added: 0 trans-irred: 0 trans-red: 1 T: 0.01 T-out: N T-r: -1.59%
c [find&init matx] performing matrix init
c [gauss] XOR-encoding clauses are not detached, so no need to reattach them.
c [xor-rem-unconnected] left with 842 xors from 842 non-empty xors T: 0.00
c [xor-together] xored together: 782 orig xors: 842 new xors: 60 T: 0.00
c [xor-rem-unconnected] left with 60 xors from 60 non-empty xors T: 0.00
c [xor-clean-equiv] removed equivalent xors: 0 left with: 60
c [matrix] unused xors from cleaning: 0
c [matrix] Good   matrix 0 60      x487    density:0.1179  xorlen avg: 57.43
c [matrix] Using 1 matrices recovered from 0 xors T: 0.00 T-out: N
c rst  geom ibes vmt  755   315 K 1404      30K   786 5.83    5.74     1765  1199   38K   102 36.28   36.19  
c [branch] adjusting to: vsid (from: vmtf) var_decay:0.95 descr: VSIDS
c [distill-long-red0] cls tried: 131/131 T: 0.01 T-out: N T-r: 99.86%
c [distill-long-red1] cls tried: 137/858 T: 0.01 T-out: Y T-r: -1.78%
c rst  geom ibes vs   756   315 K 1404      30K   786 5.83    5.74     1765  1205   38K   102 36.26   36.18  
c rst  geom ibes vs   757   315 K 1404      30K   786 5.83    5.74     1768  1207   38K   102 36.26   36.17  
c rst  geom ibes vs   758   315 K 1404      30K   786 5.83    5.74     1768  1207   38K   102 36.31   36.22  
c rst  geom ibes vs   759   315 K 1404      30K   786 5.83    5.74     1768  1207   38K   102 36.29   36.20  
c rst  geom ibes vs   760   316 K 1404      30K   786 5.83    5.74     1768  1208   38K   102 36.30   36.22  
c rst  geom ibes vs   761   316 K 1404      30K   786 5.83    5.74     1770  1210   38K   102 36.30   36.22  
c rst  geom ibes vs   762   316 K 1404      30K   786 5.83    5.74     1770  1210   39K   102 36.31   36.22  
c rst  geom ibes vs   763   316 K 1404      30K   786 5.83    5.74     1770  1212   39K   102 36.29   36.20  
c rst  geom ibes vs   764   316 K 1404      30K   786 5.83    5.74     1770  1213   39K   102 36.37   36.29  
c rst  geom ibes vs   765   317 K 1404      30K   786 5.83    5.74     1770  1214   39K   102 36.35   36.27  
c rst  geom ibes vs   766   317 K 1404      30K   786 5.83    5.74     1770  1217   40K   102 36.34   36.25  
c rst  geom svd  vs   767   317 K 1404      30K   786 5.83    5.74     1770  1219   40K   102 36.40   36.32  
c rst  geom svd  vs   768   318 K 1404      30K   786 5.83    5.74     1770  1219   40K   102 36.39   36.31  
c rst  geom svd  vs   769   318 K 1404      30K   786 5.83    5.74     1771  1219   41K   102 36.39   36.31  
c rst  geom svd  vs   770   318 K 1404      30K   786 5.83    5.74     1772  1220   41K   102 36.48   36.40  
c rst  geom svd  vs   771   319 K 1404      30K   786 5.83    5.74     1772  1222   42K   102 36.66   36.58  
c rst  geom svd  vs   772   319 K 1404      30K   786 5.83    5.74     1772  1222   42K   102 36.79   36.71  
c rst  geom svd  vs   773   320 K 1404      30K   786 5.83    5.74     1847  1107   43K   102 36.97   36.89  
c rst  geom svd  vs   774   320 K 1404      30K   786 5.83    5.74     1847  1109   43K   102 37.25   37.17  
c rst  geom svd  vs   775   321 K 1404      30K   786 5.83    5.74     1847  1111   44K   102 37.37   37.30  
c [distill-bin] useful: 0/786/786 lits-rem: 0 cl-rem: 0 0-depth-assigns: 0 T: 0.01 T-out: N
c rst  geom svd  vs   776   322 K 1404      30K   786 5.83    5.74     1847  1114   45K   102 37.53   37.45  
c rst  geom svd  vs   777   323 K 1404      30K   786 5.83    5.74     1850  1135   45K   102 37.85   37.78  
c rst  geom svd  vs   778   324 K 1404      30K   786 5.83    5.74     1851  1139   46K   102 38.01   37.94  
c rst  geom svd  vs   779   324 K 1404      30K   786 5.83    5.74     1851  1142   47K   102 38.18   38.10  
c rst  geom svd  vs   780   326 K 1404      30K   786 5.83    5.74     1851  1146   48K   102 38.35   38.28  
c [full-probe]  bin_only: 0 set: 0 repl: 0 T: 0.01 T-out: N T-r: 97.88%
c rst  geom best vs   781   327 K 1404      30K   786 5.83    5.74     1851  1153   49K   102 38.34   38.27  
c rst  geom best vs   782   328 K 1404      30K   786 5.83    5.74     1853  1170   51K   102 38.27   38.20  
c rst  geom best vs   783   329 K 1404      30K   786 5.83    5.74     1854  1180   52K   102 38.42   38.35  
c rst  geom best vs   784   331 K 1404      30K   786 5.83    5.74     1913  1183   38K   102 36.84   36.75  
c [distill-long-red0] cls tried: 141/141 T: 0.01 T-out: N T-r: 99.79%
c [distill-long-red1] cls tried: 91/748 T: 0.01 T-out: Y T-r: -2.22%
c [distill] watch-based irred--  cl tried 8490     cl-sh 0     cl-rem 0    lit-rem 0      T: 0.01 T-out: N
c [distill] watch-based red  --  cl tried 3826     cl-sh 27    cl-rem 0    lit-rem 35     T: 0.00 T-out: N
c rst  geom best vs   785   333 K 1404      30K   786 5.83    5.74     1913  1192   39K   102 37.31   37.22  
c rst  geom best vs   786   334 K 1404      30K   786 5.83    5.74     1917  1211   41K   102 37.44   37.36  
c rst  geom stb  vs   787   337 K 1404      30K   786 5.83    5.74     1917  1217   43K   102 37.10   37.03  
c rst  geom stb  vs   788   339 K 1404      30K   786 5.83    5.74     1917  1222   45K   102 36.91   36.83  
c rst  geom stb  vs   789   341 K 1404      30K   786 5.83    5.74     1960  1153   48K   102 36.78   36.71  
c [distill-bin] useful: 0/786/786 lits-rem: 0 cl-rem: 0 0-depth-assigns: 0 T: 0.01 T-out: N
c rst  geom stb  vs   790   344 K 1404      30K   786 5.83    5.74     1960  1170   51K   102 37.21   37.14  
c [impl-str] lit bin: 0 set-var: 0 T: 0.00 T-out: N T-r: 99.95% w-visit: 2808
c [impl-sub] bin: 1 T: 0.00 T-out: N w-visit: 2808
c rst  geom ibes vs   791   347 K 1404      30K   786 5.83    5.74     1967  1239   38K   101 36.66   36.57  
c [distill-long-red0] cls tried: 78/78 T: 0.01 T-out: N T-r: 99.86%
c [distill-long-red1] cls tried: 91/732 T: 0.01 T-out: Y T-r: -2.15%
c [full-probe]  bin_only: 1 set: 0 repl: 0 T: 0.00 T-out: N T-r: 99.89%
c rst  geom ibes vs   792   350 K 1404      30K   786 5.83    5.74     2007  1182   42K   101 37.04   36.96  
c rst  geom ibes vs   793   354 K 1404      30K   786 5.83    5.74     2008  1207   45K   101 36.81   36.73  
c [branch] adjusting to: vmtf (from: vsid) var_decay:0.95 descr: VMTF
c rst  luby svd  vmt  794   354 K 1404      30K   786 5.83    5.74     2008  1209   45K   101 36.77   36.70  
c rst  luby svd  vmt  795   354 K 1404      30K   786 5.83    5.74     2008  1209   45K   101 36.74   36.67  
c rst  luby svd  vmt  796   354 K 1404      30K   786 5.83    5.74     2008  1214   46K   101 36.69   36.62  
c rst  luby svd  vmt  797   354 K 1404      30K   786 5.83    5.74     2008  1215   46K   101 36.66   36.59  
c rst  luby svd  vmt  798   355 K 1404      30K   786 5.83    5.74     2008  1217   46K   101 36.63   36.56  
c rst  luby svd  vmt  799   355 K 1404      30K   786 5.83    5.74     2009  1224   46K   101 36.56   36.49  
c [ccnr] saving best assignment phase to stable_polar
c [ccnr] bumping based on var unsat frequency: conflict_ct
c [ccnr] Bumped vars: 1404 bump type: 6
c [ccnr] time: 0.39
c rst  luby svd  vmt  800   355 K 1404      30K   786 5.83    5.74     2013  1256   46K   101 36.65   36.58  
c rst  luby svd  vmt  801   355 K 1404      30K   786 5.83    5.74     2013  1256   46K   101 36.64   36.57  
c rst  luby svd  vmt  802   355 K 1404      30K   786 5.83    5.74     2013  1256   47K   101 36.65   36.58  
c rst  luby svd  vmt  803   356 K 1404      30K   786 5.83    5.74     2013  1262   47K   101 36.69   36.62  
c rst  luby svd  vmt  804   356 K 1404      30K   786 5.83    5.74     2013  1263   47K   101 36.71   36.65  
c rst  luby svd  vmt  805   356 K 1404      30K   786 5.83    5.74     2013  1263   47K   101 36.73   36.66  
c rst  luby svd  vmt  806   356 K 1404      30K   786 5.83    5.74     2013  1265   47K   101 36.80   36.73  
c [distill] watch-based irred--  cl tried 8490     cl-sh 0     cl-rem 0    lit-rem 0      T: 0.01 T-out: N
c [distill] watch-based red  --  cl tried 4026     cl-sh 13    cl-rem 0    lit-rem 20     T: 0.00 T-out: N
c rst  luby svd  vmt  807   356 K 1404      30K   786 5.83    5.74     2013  1273   48K   101 36.82   36.75  
c rst  luby svd  vmt  808   357 K 1404      30K   786 5.83    5.74     2014  1281   48K   101 37.04   36.98  
c rst  luby svd  vmt  809   357 K 1404      30K   786 5.83    5.74     2014  1282   48K   101 37.06   36.99  
c rst  luby svd  vmt  810   357 K 1404      30K   786 5.83    5.74     2014  1282   49K   101 37.08   37.01  
c rst  luby svd  vmt  811   358 K 1404      30K   786 5.83    5.74     2014  1283   49K   101 37.11   37.04  
c rst  luby svd  vmt  812   358 K 1404      30K   786 5.83    5.74     2014  1283   49K   101 37.11   37.04  
c rst  luby svd  vmt  813   358 K 1404      30K   786 5.83    5.74     2014  1285   49K   101 37.15   37.08  
c rst  luby svd  vmt  814   358 K 1404      30K   786 5.83    5.74     2015  1288   49K   101 37.18   37.11  
c rst  luby svd  vmt  815   358 K 1404      30K   786 5.83    5.74     2015  1288   50K   101 37.12   37.06  
c rst  luby svd  vmt  816   358 K 1404      30K   786 5.83    5.74     2015  1288   50K   101 37.11   37.04  
c rst  luby svd  vmt  817   359 K 1404      30K   786 5.83    5.74     2015  1288   50K   101 37.11   37.04  
c rst  luby svd  vmt  818   359 K 1404      30K   786 5.83    5.74     2015  1288   50K   101 37.12   37.06  
c rst  luby svd  vmt  819   359 K 1404      30K   786 5.83    5.74     2015  1289   50K   101 37.13   37.07  
c rst  luby svd  vmt  820   359 K 1404      30K   786 5.83    5.74     2015  1289   50K   101 37.12   37.05  
c rst  luby svd  vmt  821   359 K 1404      30K   786 5.83    5.74     2015  1290   50K   101 37.11   37.04  
c rst  luby svd  vmt  822   360 K 1404      30K   786 5.83    5.74     2114  1270   36K   101 36.96   36.88  
c rst  luby svd  vmt  823   360 K 1404      30K   786 5.83    5.74     2115  1274   37K   101 36.88   36.79  
c rst  luby svd  vmt  824   362 K 1404      30K   786 5.83    5.74     2116  1290   39K   101 36.75   36.67  
c [distill-bin] useful: 0/786/786 lits-rem: 0 cl-rem: 0 0-depth-assigns: 0 T: 0.01 T-out: N
c rst  luby svd  vmt  825   362 K 1404      30K   786 5.83    5.74     2116  1290   39K   101 36.76   36.67  
c [distill-long-red0] cls tried: 141/141 T: 0.01 T-out: N T-r: 99.76%
c [distill-long-red1] cls tried: 100/758 T: 0.01 T-out: Y T-r: -1.39%
c rst  luby svd  vmt  826   362 K 1404      30K   786 5.83    5.74     2116  1291   39K   101 36.78   36.70  
c rst  luby svd  vmt  827   362 K 1404      30K   786 5.83    5.74     2116  1291   39K   101 36.81   36.73  
c rst  luby svd  vmt  828   362 K 1404      30K   786 5.83    5.74     2116  1291   39K   101 36.80   36.72  
c rst  luby svd  vmt  829   363 K 1404      30K   786 5.83    5.74     2116  1291   39K   101 36.84   36.76  
c rst  geom best vmt  830   363 K 1404      30K   786 5.83    5.74     2116  1293   40K   101 36.84   36.76  
c rst  geom best vmt  831   363 K 1404      30K   786 5.83    5.74     2116  1294   40K   101 36.84   36.76  
c rst  geom best vmt  832   363 K 1404      30K   786 5.83    5.74     2116  1295   40K   101 36.84   36.76  
c rst  geom best vmt  833   363 K 1404      30K   786 5.83    5.74     2116  1300   40K   101 36.83   36.75  
c rst  geom best vmt  834   363 K 1404      30K   786 5.83    5.74     2116  1301   40K   101 36.81   36.73  
c rst  geom best vmt  835   363 K 1404      30K   786 5.83    5.74     2116  1303   40K   101 36.83   36.75  
c rst  geom best vmt  836   364 K 1404      30K   786 5.83    5.74     2116  1305   41K   101 36.84   36.76  
c rst  geom best vmt  837   364 K 1404      30K   786 5.83    5.74     2116  1306   41K   101 36.86   36.78  
c rst  geom best vmt  838   364 K 1404      30K   786 5.83    5.74     2116  1307   41K   101 36.87   36.80  
c rst  geom best vmt  839   364 K 1404      30K   786 5.83    5.74     2116  1310   41K   101 36.88   36.80  
c rst  geom best vmt  840   365 K 1404      30K   786 5.83    5.74     2117  1311   42K   101 36.89   36.81  
c rst  geom best vmt  841   365 K 1404      30K   786 5.83    5.74     2117  1311   42K   101 36.76   36.68  
c rst  geom best vmt  842   365 K 1404      30K   786 5.83    5.74     2117  1311   42K   101 36.69   36.61  
c rst  geom best vmt  843   366 K 1404      30K   786 5.83    5.74     2118  1311   43K   101 36.67   36.60  
c rst  geom best vmt  844   366 K 1404      30K   786 5.83    5.74     2118  1315   43K   101 36.70   36.63  
c rst  geom best vmt  845   366 K 1404      30K   786 5.83    5.74     2118  1317   43K   101 36.72   36.65  
c rst  geom best vmt  846   367 K 1404      30K   786 5.83    5.74     2118  1323   44K   101 36.77   36.69  
c rst  geom best vmt  847   368 K 1404      30K   786 5.83    5.74     2118  1331   44K   101 36.71   36.64  
c [full-probe]  bin_only: 0 set: 0 repl: 0 T: 0.02 T-out: N T-r: 97.78%
c rst  geom best vmt  848   368 K 1404      30K   786 5.83    5.74     2119  1337   45K   101 36.79   36.72  
c rst  geom best vmt  849   369 K 1404      30K   786 5.83    5.74     2119  1341   46K   101 36.66   36.59  
c rst  geom best vmt  850   369 K 1404      30K   786 5.83    5.74     2119  1342   46K   101 36.61   36.54  
c rst  geom best vmt  851   370 K 1404      30K   786 5.83    5.74     2202  1242   47K   101 36.50   36.43  
c rst  geom best vmt  852   371 K 1404      30K   786 5.83    5.74     2202  1244   48K   101 36.55   36.49  
c rst  geom best vmt  853   372 K 1404      30K   786 5.83    5.74     2202  1249   49K   101 36.75   36.69  
c rst  geom stb  vmt  854   373 K 1404      30K   786 5.83    5.74     2202  1262   50K   101 36.92   36.85  
c rst  geom stb  vmt  855   374 K 1404      30K   786 5.83    5.74     2203  1267   51K   101 37.02   36.96  
c rst  geom stb  vmt  856   376 K 1404      30K   786 5.83    5.74     2216  1406   38K   101 36.33   36.25  
c rst  geom stb  vmt  857   377 K 1404      30K   786 5.83    5.74     2216  1407   39K   101 36.73   36.65  
c rst  geom stb  vmt  858   379 K 1404      30K   786 5.83    5.74     2216  1409   41K   101 37.42   37.34  
c [distill-long-red0] cls tried: 95/95 T: 0.01 T-out: N T-r: 99.84%
c [distill-long-red1] cls tried: 77/789 T: 0.01 T-out: Y T-r: -2.70%
c [gauss] XOR-encoding clauses are not detached, so no need to reattach them.
c [g 0] truth-find prop checks  : 1643K
c [g 0] -> of which prop        : 59.01 %
c [g 0] -> of which confl       :  1.96 %
c [g 0] elim called             : 89K
c [g 0] ---> which lead to prop : 73.51 %
c [g 0] ---> which lead to confl:  2.46 %
c [g 0] size: 60    x 487  
c [scc] new: 0 BP 0M T: 0.00
c [vrep] vars 0 lits 0 rem-bin-cls 0 rem-long-cls 0 BP 0M T: 0.01
c [intree] Set 0 vars hyper-added: 0 trans-irred: 0 trans-red: 0 T: 0.01 T-out: N T-r: -1.46%
c [find&init matx] performing matrix init
c [gauss] XOR-encoding clauses are not detached, so no need to reattach them.
c [xor-rem-unconnected] left with 842 xors from 842 non-empty xors T: 0.00
c [xor-together] xored together: 782 orig xors: 842 new xors: 60 T: 0.00
c [xor-rem-unconnected] left with 60 xors from 60 non-empty xors T: 0.00
c [xor-clean-equiv] removed equivalent xors: 0 left with: 60
c [matrix] unused xors from cleaning: 0
c [matrix] Good   matrix 0 60      x487    density:0.1179  xorlen avg: 57.43
c [matrix] Using 1 matrices recovered from 0 xors T: 0.00 T-out: N
c rst  geom stb  vmt  859   380 K 1404      30K   786 5.83    5.74     2256  1306   43K   101 37.60   37.52  
c rst  geom stb  vmt  860   382 K 1404      30K   786 5.83    5.74     2256  1313   45K   101 38.30   38.23  
c [distill-bin] useful: 0/786/786 lits-rem: 0 cl-rem: 0 0-depth-assigns: 0 T: 0.01 T-out: N
c [distill] watch-based irred--  cl tried 8490     cl-sh 0     cl-rem 0    lit-rem 0      T: 0.00 T-out: N
c [distill] watch-based red  --  cl tried 4512     cl-sh 24    cl-rem 0    lit-rem 35     T: 0.00 T-out: N
c rst  geom ibes vmt  861   384 K 1404      30K   786 5.83    5.74     2256  1335   47K   101 38.66   38.59  
c rst  geom ibes vmt  862   386 K 1404      30K   786 5.83    5.74     2257  1348   49K   101 38.92   38.85  
c rst  geom ibes vmt  863   389 K 1404      30K   786 5.83    5.74     2258  1363   51K   101 38.70   38.63  
c [full-probe]  bin_only: 1 set: 0 repl: 0 T: 0.01 T-out: N T-r: 99.82%
c rst  geom ibes vmt  864   392 K 1404      30K   786 5.83    5.74     2327  1338   38K   101 38.82   38.73  
c rst  geom svd  vmt  865   395 K 1404      30K   786 5.83    5.74     2327  1363   40K   101 39.17   39.09  
c [branch] adjusting to: vsid (from: vmtf) var_decay:0.95 descr: VSIDS
c [distill-long-red0] cls tried: 118/118 T: 0.01 T-out: N T-r: 99.74%
c [distill-long-red1] cls tried: 63/750 T: 0.01 T-out: Y T-r: -3.05%
c rst  geom svd  vs   866   395 K 1404      30K   786 5.83    5.74     2327  1364   41K   101 39.20   39.12  
c rst  geom svd  vs   867   395 K 1404      30K   786 5.83    5.74     2327  1364   41K   101 39.23   39.15  
c rst  geom svd  vs   868   395 K 1404      30K   786 5.83    5.74     2327  1365   41K   101 39.27   39.18  
c rst  geom svd  vs   869   395 K 1404      30K   786 5.83    5.74     2327  1370   41K   101 39.29   39.21  
c rst  geom svd  vs   870   395 K 1404      30K   786 5.83    5.74     2327  1370   41K   101 39.28   39.19  
c rst  geom svd  vs   871   395 K 1404      30K   786 5.83    5.74     2327  1375   41K   101 39.33   39.25  
c rst  geom svd  vs   872   396 K 1404      30K   786 5.83    5.74     2327  1376   42K   101 39.31   39.23  
c rst  geom svd  vs   873   396 K 1404      30K   786 5.83    5.74     2327  1376   42K   101 39.31   39.23  
c rst  geom svd  vs   874   396 K 1404      30K   786 5.83    5.74     2327  1378   42K   101 39.39   39.31  
c rst  geom svd  vs   875   396 K 1404      30K   786 5.83    5.74     2327  1384   42K   101 39.47   39.39  
c rst  geom svd  vs   876   397 K 1404      30K   786 5.83    5.74     2327  1385   43K   101 39.49   39.41  
c rst  geom svd  vs   877   397 K 1404      30K   786 5.83    5.74     2327  1389   43K   101 39.53   39.45  
c rst  geom svd  vs   878   397 K 1404      30K   786 5.83    5.74     2327  1390   43K   101 39.53   39.45  
c rst  geom svd  vs   879   397 K 1404      30K   786 5.83    5.74     2327  1391   43K   101 39.53   39.45  
c recursive minimization cost OK: 1198Kcost/(% lits removed)
c [gauss] XOR-encoding clauses are not detached, so no need to reattach them.
c [g 0] truth-find prop checks  : 405K
c [g 0] -> of which prop        : 60.66 %
c [g 0] -> of which confl       :  2.39 %
c [g 0] elim called             : 24K
c [g 0] ---> which lead to prop : 73.12 %
c [g 0] ---> which lead to confl:  3.62 %
c [g 0] size: 60    x 487  
c --> Executing strategy token: scc-vrepl
c [scc] new: 0 BP 0M T: 0.00
c --> Executing strategy token: sub-impl
c [impl-sub] bin: 0 T: 0.00 T-out: N w-visit: 2808
c --> Executing strategy token: breakid
c --> Executing OCC strategy token(s): 'occ-backw-sub-str,occ-clean-implicit,occ-bve,occ-bva,occ-ternary-res,occ-xor,'
c [occ] mem usage for occur 2      MB
c [occ] Linked in IRRED BIN by default: 786
c [occ] Linked in RED   BIN by default: 101
c [occ] mem usage for occur 0      MB
c Mem for watch alloc      : 12          MB (21.97     %)
c Mem for watch array      : 0           MB (0.11      %)
c --> Executing OCC strategy token: occ-backw-sub-str
c [occ-backw-sub-str-long-w-bins] subs: 0 str: 2 tried: 8503 0-depth ass: 0 T: 0.00 T-out: N T-r: 99.27%
c [occ-backw-sub-long-w-long] rem cl: 72 tried: 78051/78051 (100.0%) T: 0.03 T-out: N T-r: 90.19%
c [occ-backw-sub-str-long-w-long] sub: 0 str: 3 tried: 234153/78051 (300.0)  T: 0.21 T-out: N T-r: 71.68%
c --> Executing OCC strategy token: occ-clean-implicit
c --> Executing OCC strategy token: occ-bve
c [occ-empty-res] Empty resolvent elimed: 0 T: 0.00 T-out: N
c [occ-bve] iter v-elim 0
c cl_inc_rate=1.0, var_dec_rate=1.0 (grow=0)
c Reduced to 1404 vars, 31446 cls (grow=0)
c [occ-bve] iter v-elim 0
c cl_inc_rate=1.0, var_dec_rate=1.0 (grow=8)
c Reduced to 1404 vars, 31446 cls (grow=8)
c [occ-bve] iter v-elim 0
c cl_inc_rate=1.0, var_dec_rate=1.0 (grow=16)
c Reduced to 1404 vars, 31446 cls (grow=16)
c x n vars       : 1404
c #try to eliminate:  4212
c #var-elim        :     0
c #T-o: N
c #T-r: 99.99%
c #T  : 0.30
c [occur] 0.06 is overhead
c [occur] link-in T: 0.06 cleanup T: 0.00
c --> Executing OCC strategy token: occ-bva
c --> Executing OCC strategy token: occ-ternary-res
c [occ-ternary-res] Ternary res-tri: 0 res-bin: 0 sub: 0 str: 0 T: 0.00 T-out: N T-r: 99.80%
c --> Executing OCC strategy token: occ-xor
c [occ-xor] sort occur list T: 0.00
c [xor-clean-equiv] removed equivalent xors: 0 left with: 828
c [occ-xor] found    828 avg sz 5.9 min sz  4 max sz  6 T: 0.01 T-out: N T-r: 99.98%
c --> Executing strategy token: card-find
c --> Executing strategy token: cl-consolidate
c Not consolidating memory.
c --> Executing strategy token: scc-vrepl
c [scc] new: 0 BP 0M T: 0.00
c --> Executing strategy token: renumber
c --> Executing strategy token: bosphorus
c --> Executing strategy token: louvain-comms
c [consolidate] mini T: 0.00
c global_timeout_multiplier: 4.3923
c [branch] rebuilding order heap for all branchings. Current branching: vsid
c [find&init matx] performing matrix init
c [gauss] XOR-encoding clauses are not detached, so no need to reattach them.
c [xor-rem-unconnected] left with 828 xors from 828 non-empty xors T: 0.00
c [xor-together] xored together: 761 orig xors: 828 new xors: 67 T: 0.00
c [xor-rem-unconnected] left with 67 xors from 67 non-empty xors T: 0.00
c [xor-clean-equiv] removed equivalent xors: 0 left with: 67
c [matrix] unused xors from cleaning: 0
c [matrix] Good   matrix  0     67 x  502  density:0.1012  xorlen avg: 50.81
c [matrix] Using 1 matrices recovered from 0 xors T: 0.00 T-out: N
c rst  geom  svd   vs   880  398K    1404   30K   786    5.83    5.74  2316  1396   43K   101   39.56   39.48
c rst  geom  svd   vs   881  398K    1404   30K   786    5.83    5.74  2316  1397   44K   101   39.50   39.42
c rst  geom  svd   vs   882  399K    1404   30K   786    5.83    5.74  2316  1399   44K   101   39.52   39.45
c rst  geom  svd   vs   883  399K    1404   30K   786    5.83    5.74  2317  1406   45K   101   39.54   39.46
c [ccnr] saving best assignment phase to stable_polar
c [ccnr] bumping based on var unsat frequency: conflict_ct
c [ccnr] Bumped vars: 1404 bump type: 6
c [ccnr] time: 0.41
c rst  geom  svd   vs   884  400K    1404   30K   786    5.83    5.74  2343  1353   45K   101   39.50   39.43
c rst  geom  svd   vs   885  400K    1404   30K   786    5.83    5.74  2343  1359   46K   101   39.58   39.51
c rst  geom  svd   vs   886  401K    1404   30K   786    5.83    5.74  2343  1362   47K   101   39.65   39.57
c rst  geom best   vs   887  402K    1404   30K   786    5.83    5.74  2343  1362   47K   101   39.59   39.52
c rst  geom best   vs   888  402K    1404   30K   786    5.83    5.74  2343  1368   48K   101   39.60   39.52
c [distill-bin] useful: 0/786/786 lits-rem: 0 cl-rem: 0 0-depth-assigns: 0 T: 0.01 T-out: N
c rst  geom best   vs   889  403K    1404   30K   786    5.83    5.74  2343  1370   49K   101   39.39   39.32
c rst  geom best   vs   890  404K    1404   30K   786    5.83    5.74  2343  1374   50K   101   39.48   39.41
c [impl-str] lit bin: 0 set-var: 0 T: 0.00 T-out: N T-r: 99.96% w-visit: 2808
c [impl-sub] bin: 0 T: 0.00 T-out: N w-visit: 2808
c rst  geom best   vs   891  405K    1404   30K   786    5.83    5.74  2349  1461   37K   101   40.18   40.09
c rst  geom best   vs   892  406K    1404   30K   786    5.83    5.74  2367  1600   38K   101   39.87   39.78
c rst  geom best   vs   893  408K    1404   30K   786    5.83    5.74  2367  1604   39K   101   39.29   39.21
c [distill] watch-based irred--  cl tried     9386 cl-sh     0 cl-rem    0 lit-rem      0 T: 0.01 T-out: N
c [distill] watch-based   red--  cl tried     4734 cl-sh    17 cl-rem    0 lit-rem     23 T: 0.01 T-out: N
c rst  geom best   vs   894  409K    1404   30K   786    5.83    5.74  2367  1622   41K   101   38.70   38.62
c [full-probe]  bin_only: 0 set: 0 repl: 0 T: 0.01 T-out: N T-r: 97.27%
c rst  geom best   vs   895  411K    1404   30K   786    5.83    5.74  2468  1530   42K   101   38.12   38.04
c [distill-long-red0] cls tried: 198/198 T: 0.02 T-out: N T-r: 99.63%
c [distill-long-red1] cls tried: 74/894 T: 0.02 T-out: Y T-r: -1.58%
c rst  geom  stb   vs   896  412K    1404   30K   786    5.83    5.74  2468  1554   44K   101   37.68   37.61
c rst  geom  stb   vs   897  414K    1404   30K   786    5.83    5.74  2468  1566   46K   101   36.91   36.84
c rst  geom  stb   vs   898  416K    1404   30K   786    5.83    5.74  2469  1588   48K   101   36.19   36.13
c rst  geom  stb   vs   899  418K    1404   30K   786    5.83    5.74  2470  1603   50K   101   35.44   35.38
c rst  geom  stb   vs   900  421K    1404   30K   786    5.83    5.74  2564  1866   38K   101   31.09   31.02
c rst  geom ibes   vs   901  424K    1404   30K   786    5.83    5.74  2567  1880   41K   101   30.44   30.38
c [distill-bin] useful: 0/786/786 lits-rem: 0 cl-rem: 0 0-depth-assigns: 0 T: 0.01 T-out: N
c rst  geom ibes   vs   902  427K    1404   30K   786    5.83    5.74  2567  1903   44K   101   29.59   29.53
c [distill-long-red0] cls tried: 94/94 T: 0.01 T-out: N T-r: 99.79%
c [distill-long-red1] cls tried: 31/1213 T: 0.02 T-out: Y T-r: -5.47%
c rst  geom ibes   vs   903  430K    1404   30K   786    5.83    5.74  2661  1772   47K   101   28.96   28.90
c [full-probe]  bin_only: 1 set: 0 repl: 0 T: 0.01 T-out: N T-r: 99.70%
c rst  geom ibes   vs   904  434K    1404   30K   786    5.83    5.74  2662  1785   51K   101   28.03   27.98
c [distill] watch-based irred--  cl tried     9386 cl-sh     0 cl-rem    0 lit-rem      0 T: 0.01 T-out: N
c [distill] watch-based   red--  cl tried     5324 cl-sh    12 cl-rem    0 lit-rem     29 T: 0.01 T-out: N
c rst  geom  svd   vs   905  438K    1404   30K   786    5.83    5.74  2683  2136   40K   101   22.36   22.32
c [branch] adjusting to: vmtf (from: vsid) var_decay:0.95 descr: VMTF
c rst  luby  svd  vmt   906  438K    1404   30K   786    5.83    5.74  2686  2148   40K   103   22.35   22.31
c rst  luby  svd  vmt   907  438K    1404   30K   786    5.83    5.74  2687  2151   40K   103   22.39   22.35
c rst  luby  svd  vmt   908  438K    1404   30K   786    5.83    5.74  2687  2151   41K   103   22.55   22.51
c rst  luby  svd  vmt   909  438K    1404   30K   786    5.83    5.74  2687  2151   41K   103   22.66   22.61
c rst  luby  svd  vmt   910  438K    1404   30K   786    5.83    5.74  2687  2154   41K   103   22.72   22.67
c rst  luby  svd  vmt   911  438K    1404   30K   786    5.83    5.74  2687  2156   41K   103   22.82   22.77
c rst  luby  svd  vmt   912  439K    1404   30K   786    5.83    5.74  2688  2166   41K   103   23.15   23.10
c rst  luby  svd  vmt   913  439K    1404   30K   786    5.83    5.74  2688  2166   41K   103   23.21   23.16
c rst  luby  svd  vmt   914  439K    1404   30K   786    5.83    5.74  2688  2166   42K   103   23.25   23.20
c rst  luby  svd  vmt   915  439K    1404   30K   786    5.83    5.74  2688  2167   42K   103   23.35   23.30
c rst  luby  svd  vmt   916  439K    1404   30K   786    5.83    5.74  2688  2167   42K   103   23.38   23.33
c rst  luby  svd  vmt   917  439K    1404   30K   786    5.83    5.74  2688  2167   42K   103   23.43   23.38
c rst  luby  svd  vmt   918  440K    1404   30K   786    5.83    5.74  2787  1963   42K   103   23.57   23.52
c rst  luby  svd  vmt   919  440K    1404   30K   786    5.83    5.74  2787  1964   43K   103   23.72   23.68
c rst  luby  svd  vmt   920  441K    1404   30K   786    5.83    5.74  2787  1973   43K   103   23.99   23.95
c rst  luby  svd  vmt   921  441K    1404   30K   786    5.83    5.74  2787  1976   44K   103   24.01   23.97
c rst  luby  svd  vmt   922  441K    1404   30K   786    5.83    5.74  2787  1976   44K   103   24.03   23.99
c rst  luby  svd  vmt   923  441K    1404   30K   786    5.83    5.74  2788  1979   44K   103   24.10   24.05
c rst  luby  svd  vmt   924  441K    1404   30K   786    5.83    5.74  2788  1979   44K   103   24.14   24.09
c rst  luby  svd  vmt   925  441K    1404   30K   786    5.83    5.74  2788  1980   44K   103   24.17   24.12
c rst  luby  svd  vmt   926  442K    1404   30K   786    5.83    5.74  2788  1981   44K   103   24.30   24.26
c rst  luby  svd  vmt   927  442K    1404   30K   786    5.83    5.74  2788  1982   45K   103   24.54   24.50
c [distill-long-red0] cls tried: 218/218 T: 0.04 T-out: N T-r: 99.14%
c [distill-long-red1] cls tried: 21/1366 T: 0.02 T-out: Y T-r: -3.56%
c rst  luby  svd  vmt   928  442K    1404   30K   786    5.83    5.74  2788  1983   45K   103   24.53   24.49
c rst  luby  svd  vmt   929  442K    1404   30K   786    5.83    5.74  2788  1983   45K   103   24.57   24.53
c rst  luby  svd  vmt   930  442K    1404   30K   786    5.83    5.74  2788  1988   45K   103   24.65   24.60
c rst  luby  svd  vmt   931  443K    1404   30K   786    5.83    5.74  2788  1988   45K   103   24.70   24.65
c rst  luby  svd  vmt   932  443K    1404   30K   786    5.83    5.74  2788  1990   45K   103   24.75   24.70
c rst  luby  svd  vmt   933  443K    1404   30K   786    5.83    5.74  2788  1991   45K   103   24.85   24.81
c rst  luby  svd  vmt   934  443K    1404   30K   786    5.83    5.74  2788  1994   46K   103   25.04   24.99
c [ccnr] saving best assignment phase to stable_polar
c [ccnr] bumping based on clause weights
c [ccnr] Bumped vars: 102 bump type: 6
c [ccnr] time: 0.42
c rst  geom best  vmt   935  443K    1404   30K   786    5.83    5.74  2788  1996   46K   103   25.07   25.03
c rst  geom best  vmt   936  443K    1404   30K   786    5.83    5.74  2788  1996   46K   103   25.06   25.01
c rst  geom best  vmt   937  444K    1404   30K   786    5.83    5.74  2788  1997   46K   103   25.05   25.01
c [gauss] XOR-encoding clauses are not detached, so no need to reattach them.
c [g 0] truth-find prop checks  : 2169K
c [g 0] -> of which prop        : 31.00 %
c [g 0] -> of which confl       :  1.40 %
c [g 0] elim called             : 194K
c [g 0] ---> which lead to prop : 35.80 %
c [g 0] ---> which lead to confl:  0.61 %
c [g 0] size: 67    x 502  
c [scc] new: 0 BP 0M T: 0.00
c [vrep] vars 0 lits 0 rem-bin-cls 0 rem-long-cls 0 BP 0M T: 0.01
c [intree] Set 0 vars hyper-added: 0 trans-irred: 0 trans-red: 0 T: 0.02 T-out: N T-r: -0.95%
c [find&init matx] performing matrix init
c [gauss] XOR-encoding clauses are not detached, so no need to reattach them.
c [xor-rem-unconnected] left with 828 xors from 828 non-empty xors T: 0.00
c [xor-together] xored together: 761 orig xors: 828 new xors: 67 T: 0.00
c [xor-rem-unconnected] left with 67 xors from 67 non-empty xors T: 0.00
c [xor-clean-equiv] removed equivalent xors: 0 left with: 67
c [matrix] unused xors from cleaning: 0
c [matrix] Good   matrix 0 67      x502    density:0.1012  xorlen avg: 50.81
c [matrix] Using 1 matrices recovered from 0 xors T: 0.00 T-out: N
c rst  geom best vmt  938   444 K 1404      30K   786 5.83    5.74     2789  1998   46K   103 25.04   24.99  
c [distill-bin] useful: 0/786/786 lits-rem: 0 cl-rem: 0 0-depth-assigns: 0 T: 0.01 T-out: N
c rst  geom best vmt  939   444 K 1404      30K   786 5.83    5.74     2789  2002   47K   103 25.06   25.01  
c rst  geom best vmt  940   444 K 1404      30K   786 5.83    5.74     2789  2004   47K   103 25.04   25.00  
c rst  geom best vmt  941   444 K 1404      30K   786 5.83    5.74     2789  2004   47K   103 25.02   24.97  
c rst  geom best vmt  942   445 K 1404      30K   786 5.83    5.74     2789  2006   47K   103 24.99   24.95  
c rst  geom best vmt  943   445 K 1404      30K   786 5.83    5.74     2789  2010   47K   103 24.97   24.93  
c rst  geom best vmt  944   445 K 1404      30K   786 5.83    5.74     2789  2012   48K   103 24.93   24.89  
c rst  geom best vmt  945   445 K 1404      30K   786 5.83    5.74     2789  2013   48K   103 24.92   24.88  
c rst  geom best vmt  946   446 K 1404      30K   786 5.83    5.74     2789  2015   48K   103 24.91   24.87  
c rst  geom best vmt  947   446 K 1404      30K   786 5.83    5.74     2789  2021   49K   103 24.85   24.80  
c rst  geom best vmt  948   446 K 1404      30K   786 5.83    5.74     2790  2023   49K   103 24.85   24.81  
c rst  geom best vmt  949   447 K 1404      30K   786 5.83    5.74     2790  2030   49K   103 24.87   24.82  
c rst  geom best vmt  950   447 K 1404      30K   786 5.83    5.74     2791  2034   50K   103 24.82   24.78  
c rst  geom best vmt  951   448 K 1404      30K   786 5.83    5.74     2791  2039   50K   103 24.74   24.70  
c rst  geom best vmt  952   448 K 1404      30K   786 5.83    5.74     2792  2053   51K   103 24.70   24.66  
c rst  geom best vmt  953   449 K 1404      30K   786 5.83    5.74     2792  2063   51K   103 24.60   24.56  
c rst  geom best vmt  954   449 K 1404      30K   786 5.83    5.74     2792  2077   52K   103 24.53   24.49  
c rst  geom best vmt  955   450 K 1404      30K   786 5.83    5.74     2908  2253   37K   103 21.08   21.03  
c [full-probe]  bin_only: 0 set: 0 repl: 0 T: 0.01 T-out: N T-r: 98.53%
c rst  geom best vmt  956   451 K 1404      30K   786 5.83    5.74     2908  2256   38K   103 20.92   20.88  
c rst  geom best vmt  957   452 K 1404      30K   786 5.83    5.74     2908  2263   39K   103 20.80   20.76  
c rst  geom best vmt  958   453 K 1404      30K   786 5.83    5.74     2908  2277   40K   103 20.93   20.89  
c rst  geom stb  vmt  959   454 K 1404      30K   786 5.83    5.74     2908  2291   41K   103 20.89   20.85  
c rst  geom stb  vmt  960   455 K 1404      30K   786 5.83    5.74     2908  2301   42K   103 21.01   20.97  
c rst  geom stb  vmt  961   456 K 1404      30K   786 5.83    5.74     2908  2307   43K   103 21.23   21.19  
c rst  geom stb  vmt  962   458 K 1404      30K   786 5.83    5.74     2908  2317   44K   103 21.26   21.23  
c [distill-long-red0] cls tried: 119/119 T: 0.02 T-out: N T-r: 99.52%
c [distill-long-red1] cls tried: 27/1697 T: 0.02 T-out: Y T-r: -6.21%
c rst  geom stb  vmt  963   459 K 1404      30K   786 5.83    5.74     2911  2336   46K   103 21.26   21.22  
c [distill] watch-based irred--  cl tried 9314     cl-sh 0     cl-rem 0    lit-rem 0      T: 0.02 T-out: Y
c [distill] watch-based red  --  cl tried 5822     cl-sh 6     cl-rem 0    lit-rem 9      T: 0.01 T-out: N
c rst  geom stb  vmt  964   461 K 1404      30K   786 5.83    5.74     3030  1982   48K   103 21.30   21.26  
c rst  geom stb  vmt  965   463 K 1404      30K   786 5.83    5.74     3031  2017   50K   103 21.64   21.60  
c rst  geom ibes vmt  966   465 K 1404      30K   786 5.83    5.74     3053  2604   38K   103 22.32   22.27  
c [distill-bin] useful: 0/786/786 lits-rem: 0 cl-rem: 0 0-depth-assigns: 0 T: 0.01 T-out: N
c [impl-str] lit bin: 0 set-var: 0 T: 0.00 T-out: N T-r: 99.96% w-visit: 2808
c [impl-sub] bin: 2 T: 0.00 T-out: N w-visit: 2808
c rst  geom ibes vmt  967   467 K 1404      30K   786 5.83    5.74     3056  2634   40K   101 22.22   22.17  
c rst  geom ibes vmt  968   470 K 1404      30K   786 5.83    5.74     3183  2296   42K   101 22.08   22.04  
c rst  geom ibes vmt  969   472 K 1404      30K   786 5.83    5.74     3185  2377   45K   101 22.11   22.08  
c [full-probe]  bin_only: 1 set: 0 repl: 0 T: 0.01 T-out: N T-r: 99.84%
c rst  geom ibes vmt  970   475 K 1404      30K   786 5.83    5.74     3186  2420   48K   101 21.86   21.82  
c [distill-long-red0] cls tried: 280/280 T: 0.07 T-out: N T-r: 98.36%
c [distill-long-red1] cls tried: 23/2040 T: 0.02 T-out: Y T-r: -4.39%
c rst  geom svd  vmt  971   479 K 1404      30K   786 5.83    5.74     3187  2446   51K   101 21.41   21.37  
c rst  geom svd  vmt  972   482 K 1404      30K   786 5.83    5.74     3455  2636   40K   101 20.37   20.33  
c rst  geom svd  vmt  973   486 K 1404      30K   786 5.83    5.74     3458  2738   44K   101 20.55   20.52  
c [branch] adjusting to: vsid (from: vmtf) var_decay:0.95 descr: VSIDS
c [distill-bin] useful: 0/786/786 lits-rem: 0 cl-rem: 0 0-depth-assigns: 0 T: 0.01 T-out: N
c [distill] watch-based irred--  cl tried 9386     cl-sh 0     cl-rem 0    lit-rem 0      T: 0.02 T-out: N
c [distill] watch-based red  --  cl tried 6916     cl-sh 10    cl-rem 0    lit-rem 31     T: 0.02 T-out: N
c rst  geom best vs   974   486 K 1404      30K   786 5.83    5.74     3458  2738   44K   101 20.54   20.50  
c rst  geom best vs   975   486 K 1404      30K   786 5.83    5.74     3458  2738   45K   101 20.52   20.48  
c rst  geom best vs   976   487 K 1404      30K   786 5.83    5.74     3458  2738   45K   101 20.52   20.48  
c rst  geom best vs   977   487 K 1404      30K   786 5.83    5.74     3458  2738   45K   101 20.50   20.46  
c rst  geom best vs   978   487 K 1404      30K   786 5.83    5.74     3458  2738   45K   101 20.47   20.44  
c rst  geom best vs   979   487 K 1404      30K   786 5.83    5.74     3458  2738   45K   101 20.44   20.40  
c rst  geom best vs   980   487 K 1404      30K   786 5.83    5.74     3458  2739   45K   101 20.41   20.38  
c [ccnr] saving best assignment phase to stable_polar
c [ccnr] bumping based on var unsat frequency: conflict_ct
c [ccnr] Bumped vars: 1404 bump type: 6
c [ccnr] time: 0.37
c rst  geom best vs   981   488 K 1404      30K   786 5.83    5.74     3458  2739   46K   101 20.38   20.34  
c rst  geom best vs   982   488 K 1404      30K   786 5.83    5.74     3458  2739   46K   101 20.34   20.31  
c rst  geom best vs   983   488 K 1404      30K   786 5.83    5.74     3458  2739   46K   101 20.32   20.28  
c rst  geom best vs   984   488 K 1404      30K   786 5.83    5.74     3458  2746   47K   101 20.32   20.28  
c rst  geom best vs   985   489 K 1404      30K   786 5.83    5.74     3458  2750   47K   101 20.29   20.25  
c rst  geom best vs   986   489 K 1404      30K   786 5.83    5.74     3458  2751   47K   101 20.26   20.22  
c rst  geom best vs   987   490 K 1404      30K   786 5.83    5.74     3625  2560   48K   101 20.24   20.20  
c rst  geom best vs   988   490 K 1404      30K   786 5.83    5.74     3625  2561   48K   101 20.18   20.15  
c rst  geom best vs   989   491 K 1404      30K   786 5.83    5.74     3625  2564   49K   101 20.17   20.14  
c [distill-long-red0] cls tried: 439/439 T: 0.13 T-out: N T-r: 96.52%
c [distill-long-red1] cls tried: 16/2331 T: 0.02 T-out: Y T-r: -3.51%
c rst  geom best vs   990   491 K 1404      30K   786 5.83    5.74     3625  2568   49K   101 20.14   20.10  
c rst  geom best vs   991   492 K 1404      30K   786 5.83    5.74     3625  2576   50K   101 20.13   20.09  
c rst  geom best vs   992   492 K 1404      30K   786 5.83    5.74     3625  2577   50K   101 20.10   20.07  
c [full-probe]  bin_only: 0 set: 1 repl: 0 T: 0.01 T-out: N T-r: 98.32%
c rst  geom best vs   993   493 K 1403      30K   786 5.83    5.74     3625  2578   51K   101 20.04   20.01  
c rst  geom best vs   994   494 K 1403      30K   786 5.83    5.74     3625  2583   52K   101 19.97   19.94  
c rst  geom best vs   995   495 K 1403      30K   786 5.83    5.74     3652  3336   38K   101 18.09   18.06  
c rst  geom best vs   996   496 K 1403      30K   786 5.83    5.74     3652  3345   39K   101 18.03   18.00  
c rst  geom best vs   997   497 K 1403      30K   786 5.83    5.74     3652  3354   40K   101 18.08   18.04  
c rst  geom stb  vs   998   498 K 1403      30K   786 5.83    5.74     3654  3375   41K   101 18.14   18.10  
c rst  geom stb  vs   999   499 K 1403      30K   786 5.83    5.74     3655  3384   42K   101 18.23   18.20  
c rst  geom stb  vs   1000  501 K 1403      30K   786 5.83    5.74     3750  3247   44K   101 18.19   18.15  
c rst  geom stb  vs   1001  502 K 1403      30K   786 5.83    5.74     3750  3269   45K   101 18.56   18.53  
c rst  geom stb  vs   1002  504 K 1403      30K   786 5.83    5.74     3750  3285   47K   101 18.73   18.69  
c rst  geom stb  vs   1003  506 K 1403      30K   786 5.83    5.74     3750  3320   49K   101 18.90   18.87  
c [distill-long-red0] cls tried: 123/123 T: 0.03 T-out: N T-r: 99.12%
c [distill-long-red1] cls tried: 17/3100 T: 0.02 T-out: Y T-r: -6.51%
c rst  geom stb  vs   1004  508 K 1403      30K   786 5.83    5.74     3752  3344   51K   101 19.01   18.99  
c [distill-bin] useful: 0/786/786 lits-rem: 0 cl-rem: 0 0-depth-assigns: 0 T: 0.01 T-out: N
c rst  geom ibes vs   1005  510 K 1403      30K   784 5.83    5.74     3841  3629   38K   101 17.64   17.61  
c [gauss] XOR-encoding clauses are not detached, so no need to reattach them.
c [g 0] truth-find prop checks  : 3721K
c [g 0] -> of which prop        : 24.83 %
c [g 0] -> of which confl       :  1.24 %
c [g 0] elim called             : 376K
c [g 0] ---> which lead to prop : 36.78 %
c [g 0] ---> which lead to confl:  0.45 %
c [g 0] size: 67    x 502  
c [scc] new: 0 BP 0M T: 0.00
c [vrep] vars 0 lits 0 rem-bin-cls 0 rem-long-cls 0 BP 0M T: 0.01
c [intree] Set 0 vars hyper-added: 0 trans-irred: 0 trans-red: 0 T: 0.01 T-out: N T-r: -2.57%
c [find&init matx] performing matrix init
c [gauss] XOR-encoding clauses are not detached, so no need to reattach them.
c [xor-rem-unconnected] left with 828 xors from 828 non-empty xors T: 0.00
c [xor-together] xored together: 761 orig xors: 828 new xors: 67 T: 0.00
c [xor-rem-unconnected] left with 67 xors from 67 non-empty xors T: 0.00
c [xor-clean-equiv] removed equivalent xors: 0 left with: 67
c [matrix] unused xors from cleaning: 0
c [matrix] Good   matrix 0 67      x501    density:0.1012  xorlen avg: 50.72
c [matrix] Using 1 matrices recovered from 0 xors T: 0.00 T-out: N
c rst  geom ibes vs   1006  512 K 1403      30K   785 5.83    5.73     3843  3656   40K   100 17.71   17.68  
c [full-probe]  bin_only: 1 set: 0 repl: 0 T: 0.01 T-out: N T-r: 99.79%
c [distill] watch-based irred--  cl tried 9188     cl-sh 0     cl-rem 0    lit-rem 0      T: 0.02 T-out: Y
c [distill] watch-based red  --  cl tried 7542     cl-sh 11    cl-rem 6    lit-rem 30     T: 0.02 T-out: Y
c rst  geom ibes vs   1007  515 K 1403      30K   785 5.83    5.73     3837  3706   43K   100 17.56   17.53  
c rst  geom ibes vs   1008  518 K 1403      30K   785 5.83    5.73     3838  3827   46K   100 17.36   17.33  
c rst  geom svd  vs   1009  521 K 1403      30K   785 5.83    5.73     3970  3500   50K   100 17.35   17.32  
c [distill-long-red0] cls tried: 235/235 T: 0.07 T-out: N T-r: 98.22%
c [distill-long-red1] cls tried: 24/3351 T: 0.02 T-out: Y T-r: -9.37%
c rst  geom svd  vs   1010  525 K 1403      30K   785 5.83    5.73     3993  4347   38K   100 17.03   17.00  
c [impl-str] lit bin: 0 set-var: 0 T: 0.00 T-out: N T-r: 99.96% w-visit: 2808
c [impl-sub] bin: 0 T: 0.00 T-out: N w-visit: 2808
c rst  geom svd  vs   1011  529 K 1403      30K   785 5.83    5.73     3993  4384   42K   100 16.90   16.87  
c [distill-bin] useful: 0/785/785 lits-rem: 0 cl-rem: 0 0-depth-assigns: 0 T: 0.01 T-out: N
c rst  geom best vs   1012  533 K 1403      30K   785 5.83    5.73     4128  4247   46K   100 16.69   16.67  
c [full-probe]  bin_only: 0 set: 0 repl: 0 T: 0.01 T-out: N T-r: 98.33%
c [ccnr] saving best assignment phase to stable_polar
c [ccnr] bumping based on var unsat frequency: conflict_ct
c [ccnr] Bumped vars: 1404 bump type: 6
c [ccnr] time: 0.39
c rst  geom best vs   1013  538 K 1403      30K   785 5.83    5.73     4130  4325   51K   100 16.60   16.57  
c [distill-long-red0] cls tried: 159/159 T: 0.06 T-out: N T-r: 98.53%
c [distill-long-red1] cls tried: 19/4165 T: 0.02 T-out: Y T-r: -8.28%
c [distill] watch-based irred--  cl tried 8305     cl-sh 0     cl-rem 0    lit-rem 0      T: 0.02 T-out: Y
c [distill] watch-based red  --  cl tried 6936     cl-sh 0     cl-rem 0    lit-rem 0      T: 0.02 T-out: Y
c rst  geom best vs   1014  544 K 1403      30K   785 5.83    5.73     4319  4918   41K   100 15.84   15.82  
c [branch] adjusting to: vmtf (from: vsid) var_decay:0.95 descr: VMTF
c rst  luby stb  vmt  1015  544 K 1403      30K   785 5.83    5.73     4321  4930   41K   100 15.85   15.83  
c rst  luby stb  vmt  1016  544 K 1403      30K   785 5.83    5.73     4321  4931   42K   100 15.90   15.87  
c rst  luby stb  vmt  1017  544 K 1403      30K   785 5.83    5.73     4321  4931   42K   100 16.03   16.00  
c rst  luby stb  vmt  1018  544 K 1403      30K   785 5.83    5.73     4321  4932   42K   100 16.06   16.04  
c rst  luby stb  vmt  1019  544 K 1403      30K   785 5.83    5.73     4321  4933   42K   100 16.11   16.08  
c rst  luby stb  vmt  1020  544 K 1403      30K   785 5.83    5.73     4322  4936   42K   100 16.33   16.30  
c rst  luby stb  vmt  1021  545 K 1403      30K   785 5.83    5.73     4322  4939   43K   100 16.57   16.54  
c rst  luby stb  vmt  1022  545 K 1403      30K   785 5.83    5.73     4322  4939   43K   100 16.64   16.61  
c rst  luby stb  vmt  1023  545 K 1403      30K   785 5.83    5.73     4322  4939   43K   100 16.67   16.65  
c rst  luby stb  vmt  1024  545 K 1403      30K   785 5.83    5.73     4322  4940   43K   100 16.73   16.70  
c rst  luby stb  vmt  1025  545 K 1403      30K   785 5.83    5.73     4322  4940   43K   100 16.76   16.73  
c rst  luby stb  vmt  1026  545 K 1403      30K   785 5.83    5.73     4322  4941   43K   100 16.81   16.78  
c rst  luby stb  vmt  1027  546 K 1403      30K   785 5.83    5.73     4322  4941   43K   100 16.90   16.87  
c rst  luby stb  vmt  1028  546 K 1403      30K   785 5.83    5.73     4322  4941   44K   100 17.09   17.06  
c rst  luby stb  vmt  1029  547 K 1403      30K   785 5.83    5.73     4322  4945   45K   100 17.41   17.38  
c rst  luby stb  vmt  1030  547 K 1403      30K   785 5.83    5.73     4322  4946   45K   100 17.49   17.46  
c rst  luby stb  vmt  1031  547 K 1403      30K   785 5.83    5.73     4322  4946   45K   100 17.54   17.51  
c rst  luby stb  vmt  1032  547 K 1403      30K   785 5.83    5.73     4322  4949   45K   100 17.68   17.65  
c rst  luby stb  vmt  1033  547 K 1403      30K   785 5.83    5.73     4322  4949   45K   100 17.73   17.70  
c rst  luby stb  vmt  1034  547 K 1403      30K   785 5.83    5.73     4322  4949   45K   100 17.78   17.75  
c rst  luby stb  vmt  1035  548 K 1403      30K   785 5.83    5.73     4322  4949   45K   100 17.86   17.83  
c rst  luby stb  vmt  1036  548 K 1403      30K   785 5.83    5.73     4322  4958   46K   100 18.06   18.03  
c rst  luby stb  vmt  1037  548 K 1403      30K   785 5.83    5.73     4322  4959   46K   100 18.08   18.05  
c rst  luby stb  vmt  1038  548 K 1403      30K   785 5.83    5.73     4322  4959   46K   100 18.12   18.09  
c rst  luby stb  vmt  1039  548 K 1403      30K   785 5.83    5.73     4322  4961   46K   100 18.21   18.19  
c rst  luby stb  vmt  1040  549 K 1403      30K   785 5.83    5.73     4322  4961   46K   100 18.27   18.24  
c rst  luby stb  vmt  1041  549 K 1403      30K   785 5.83    5.73     4322  4963   46K   100 18.33   18.30  
c rst  luby stb  vmt  1042  549 K 1403      30K   785 5.83    5.73     4322  4967   47K   100 18.41   18.38  
c rst  luby stb  vmt  1043  549 K 1403      30K   785 5.83    5.73     4322  4972   47K   100 18.62   18.59  
c [distill-bin] useful: 0/785/785 lits-rem: 0 cl-rem: 0 0-depth-assigns: 0 T: 0.00 T-out: N
c rst  luby stb  vmt  1044  550 K 1403      30K   785 5.83    5.73     4405  4601   48K   100 18.92   18.89  
c rst  luby stb  vmt  1045  552 K 1403      30K   785 5.83    5.73     4405  4607   50K   100 19.41   19.38  
c rst  luby stb  vmt  1046  552 K 1403      30K   785 5.83    5.73     4405  4609   50K   100 19.45   19.42  
c rst  luby stb  vmt  1047  552 K 1403      30K   785 5.83    5.73     4405  4611   50K   100 19.50   19.47  
c rst  luby stb  vmt  1048  552 K 1403      30K   785 5.83    5.73     4405  4612   50K   100 19.62   19.59  
c rst  luby stb  vmt  1049  552 K 1403      30K   785 5.83    5.73     4405  4613   50K   100 19.66   19.63  
c rst  luby stb  vmt  1050  552 K 1403      30K   785 5.83    5.73     4405  4613   50K   100 19.72   19.69  
c rst  luby stb  vmt  1051  552 K 1403      30K   785 5.83    5.73     4405  4617   50K   100 19.81   19.78  
c rst  luby stb  vmt  1052  553 K 1403      30K   785 5.83    5.73     4405  4618   51K   100 20.02   19.99  
c rst  luby stb  vmt  1053  553 K 1403      30K   785 5.83    5.73     4405  4618   51K   100 20.05   20.02  
c rst  luby stb  vmt  1054  553 K 1403      30K   785 5.83    5.73     4405  4619   51K   100 20.08   20.05  
c rst  luby stb  vmt  1055  553 K 1403      30K   785 5.83    5.73     4405  4624   51K   100 20.15   20.12  
c rst  luby stb  vmt  1056  553 K 1403      30K   785 5.83    5.73     4405  4624   51K   100 20.17   20.14  
c [distill-long-red0] cls tried: 271/271 T: 0.07 T-out: N T-r: 98.16%
c [distill-long-red1] cls tried: 19/4489 T: 0.02 T-out: Y T-r: -7.61%
c rst  luby stb  vmt  1057  553 K 1403      30K   785 5.83    5.73     4405  4624   51K   100 20.20   20.17  
c [full-probe]  bin_only: 1 set: 0 repl: 0 T: 0.01 T-out: N T-r: 99.78%
c rst  luby stb  vmt  1058  554 K 1403      30K   785 5.83    5.73     4405  4626   52K   100 20.30   20.27  
c rst  luby stb  vmt  1059  554 K 1403      30K   785 5.83    5.73     4405  4628   52K   100 20.46   20.43  
c rst  luby stb  vmt  1060  555 K 1403      30K   785 5.83    5.73     4430  5061   37K   100 21.19   21.15  
c rst  luby ibes vmt  1061  555 K 1403      30K   785 5.83    5.73     4430  5061   37K   100 21.27   21.23  
c rst  luby ibes vmt  1062  555 K 1403      30K   785 5.83    5.73     4430  5064   37K   100 21.30   21.26  
c rst  luby ibes vmt  1063  555 K 1403      30K   785 5.83    5.73     4430  5067   37K   100 21.41   21.37  
c rst  luby ibes vmt  1064  555 K 1403      30K   785 5.83    5.73     4430  5067   37K   100 21.47   21.42  
c rst  luby ibes vmt  1065  555 K 1403      30K   785 5.83    5.73     4430  5067   37K   100 21.51   21.46  
c rst  luby ibes vmt  1066  556 K 1403      30K   785 5.83    5.73     4430  5072   37K   100 21.57   21.53  
c rst  luby ibes vmt  1067  556 K 1403      30K   785 5.83    5.73     4430  5072   38K   100 21.69   21.65  
c rst  luby ibes vmt  1068  556 K 1403      30K   785 5.83    5.73     4430  5072   38K   100 21.73   21.69  
c rst  luby ibes vmt  1069  556 K 1403      30K   785 5.83    5.73     4430  5073   38K   100 21.76   21.72  
c rst  luby ibes vmt  1070  556 K 1403      30K   785 5.83    5.73     4430  5075   38K   100 21.80   21.76  
c rst  luby ibes vmt  1071  557 K 1403      30K   785 5.83    5.73     4430  5077   38K   100 21.84   21.80  
c rst  luby ibes vmt  1072  557 K 1403      30K   785 5.83    5.73     4430  5078   38K   100 21.86   21.82  
c rst  luby ibes vmt  1073  557 K 1403      30K   785 5.83    5.73     4430  5079   39K   100 21.94   21.90  
c rst  luby ibes vmt  1074  557 K 1403      30K   785 5.83    5.73     4432  5085   39K   100 22.05   22.01  
c rst  luby ibes vmt  1075  558 K 1403      30K   785 5.83    5.73     4433  5093   40K   100 22.23   22.19  
c rst  luby ibes vmt  1076  560 K 1403      30K   785 5.83    5.73     4485  4610   42K   100 22.58   22.54  
c rst  luby ibes vmt  1077  563 K 1403      30K   785 5.83    5.73     4485  4631   45K   100 22.90   22.87  
c rst  luby ibes vmt  1078  563 K 1403      30K   785 5.83    5.73     4485  4632   45K   100 22.93   22.89  
c rst  luby ibes vmt  1079  563 K 1403      30K   785 5.83    5.73     4485  4634   45K   100 22.95   22.91  
c rst  luby ibes vmt  1080  563 K 1403      30K   785 5.83    5.73     4485  4636   45K   100 23.01   22.97  
c [distill] watch-based irred--  cl tried 9384     cl-sh 0     cl-rem 0    lit-rem 0      T: 0.02 T-out: N
c [distill] watch-based red  --  cl tried 8435     cl-sh 18    cl-rem 0    lit-rem 23     T: 0.02 T-out: Y
c rst  luby ibes vmt  1081  563 K 1403      30K   785 5.83    5.73     4485  4638   45K   100 23.02   22.98  
c rst  luby ibes vmt  1082  564 K 1403      30K   785 5.83    5.73     4485  4639   46K   100 23.04   23.00  
c rst  luby ibes vmt  1083  564 K 1403      30K   785 5.83    5.73     4485  4640   46K   100 23.07   23.03  
c rst  luby ibes vmt  1084  564 K 1403      30K   785 5.83    5.73     4485  4641   46K   100 23.15   23.11  
c rst  luby ibes vmt  1085  564 K 1403      30K   785 5.83    5.73     4485  4641   46K   100 23.17   23.13  
c rst  luby ibes vmt  1086  564 K 1403      30K   785 5.83    5.73     4485  4643   46K   100 23.20   23.16  
c rst  luby ibes vmt  1087  565 K 1403      30K   785 5.83    5.73     4485  4644   47K   100 23.26   23.22  
c rst  luby ibes vmt  1088  565 K 1403      30K   785 5.83    5.73     4485  4645   47K   100 23.26   23.22  
c rst  luby ibes vmt  1089  565 K 1403      30K   785 5.83    5.73     4485  4645   47K   100 23.27   23.23  
c rst  luby ibes vmt  1090  565 K 1403      30K   785 5.83    5.73     4485  4645   47K   100 23.30   23.26  
c rst  luby ibes vmt  1091  565 K 1403      30K   785 5.83    5.73     4485  4646   47K   100 23.42   23.38  
c rst  luby ibes vmt  1092  566 K 1403      30K   785 5.83    5.73     4485  4646   48K   100 23.53   23.50  
c rst  luby svd  vmt  1093  566 K 1403      30K   785 5.83    5.73     4485  4647   48K   100 23.62   23.58  
c rst  luby svd  vmt  1094  566 K 1403      30K   785 5.83    5.73     4485  4647   48K   100 23.66   23.62  
c rst  luby svd  vmt  1095  567 K 1403      30K   785 5.83    5.73     4485  4647   49K   100 23.76   23.72  
c rst  luby svd  vmt  1096  567 K 1403      30K   785 5.83    5.73     4485  4647   49K   100 23.80   23.77  
c rst  luby svd  vmt  1097  567 K 1403      30K   785 5.83    5.73     4485  4647   49K   100 23.85   23.81  
c rst  luby svd  vmt  1098  567 K 1403      30K   785 5.83    5.73     4485  4647   49K   100 23.95   23.91  
c rst  luby svd  vmt  1099  567 K 1403      30K   785 5.83    5.73     4485  4648   49K   100 24.12   24.09  
c rst  luby svd  vmt  1100  567 K 1403      30K   785 5.83    5.73     4485  4648   49K   100 24.16   24.12  
c rst  luby svd  vmt  1101  568 K 1403      30K   785 5.83    5.73     4485  4650   50K   100 24.21   24.17  
c rst  luby svd  vmt  1102  568 K 1403      30K   785 5.83    5.73     4486  4653   50K   100 24.30   24.27  
c rst  luby svd  vmt  1103  568 K 1403      30K   785 5.83    5.73     4486  4657   50K   100 24.35   24.31  
c rst  luby svd  vmt  1104  568 K 1403      30K   785 5.83    5.73     4486  4661   50K   100 24.38   24.34  
c rst  luby svd  vmt  1105  568 K 1403      30K   785 5.83    5.73     4486  4662   50K   100 24.38   24.35  
c rst  luby svd  vmt  1106  569 K 1403      30K   785 5.83    5.73     4486  4662   51K   100 24.38   24.34  
c [distill-long-red0] cls tried: 86/86 T: 0.01 T-out: N T-r: 99.85%
c [distill-long-red1] cls tried: 20/4520 T: 0.02 T-out: Y T-r: -11.22%
c rst  luby svd  vmt  1107  569 K 1403      30K   785 5.83    5.73     4486  4662   51K   100 24.35   24.32  
c [distill-bin] useful: 0/785/785 lits-rem: 0 cl-rem: 0 0-depth-assigns: 0 T: 0.01 T-out: N
c rst  luby svd  vmt  1108  571 K 1403      30K   785 5.83    5.73     4548  4523   38K   100 27.06   27.00  
c rst  luby svd  vmt  1109  571 K 1403      30K   785 5.83    5.73     4549  4529   38K   100 27.08   27.02  
c rst  luby svd  vmt  1110  571 K 1403      30K   785 5.83    5.73     4549  4530   38K   100 27.14   27.08  
c rst  luby svd  vmt  1111  571 K 1403      30K   785 5.83    5.73     4549  4532   38K   100 27.20   27.15  
c rst  luby svd  vmt  1112  571 K 1403      30K   785 5.83    5.73     4549  4532   39K   100 27.25   27.19  
c rst  luby svd  vmt  1113  572 K 1403      30K   785 5.83    5.73     4549  4533   39K   100 27.28   27.23  
c rst  luby svd  vmt  1114  572 K 1403      30K   785 5.83    5.73     4549  4533   39K   100 27.31   27.26  
c rst  luby svd  vmt  1115  572 K 1403      30K   785 5.83    5.73     4549  4539   39K   100 27.45   27.40  
c rst  luby svd  vmt  1116  572 K 1403      30K   785 5.83    5.73     4549  4541   39K   100 27.49   27.44  
c rst  luby svd  vmt  1117  572 K 1403      30K   785 5.83    5.73     4549  4541   39K   100 27.51   27.46  
c rst  luby svd  vmt  1118  573 K 1403      30K   785 5.83    5.73     4549  4541   40K   100 27.60   27.55  
c rst  luby svd  vmt  1119  573 K 1403      30K   785 5.83    5.73     4549  4541   40K   100 27.63   27.57  
c rst  luby svd  vmt  1120  573 K 1403      30K   785 5.83    5.73     4549  4542   40K   100 27.65   27.59  
c rst  luby svd  vmt  1121  573 K 1403      30K   785 5.83    5.73     4549  4546   40K   100 27.66   27.61  
c rst  luby svd  vmt  1122  573 K 1403      30K   785 5.83    5.73     4549  4554   40K   100 27.75   27.70  
c rst  luby svd  vmt  1123  574 K 1403      30K   785 5.83    5.73     4550  4556   41K   100 27.97   27.92  
c [full-probe]  bin_only: 0 set: 0 repl: 0 T: 0.01 T-out: N T-r: 98.03%
c rst  luby svd  vmt  1124  574 K 1403      30K   785 5.83    5.73     4550  4559   41K   100 28.02   27.97  
c rst  luby svd  vmt  1125  574 K 1403      30K   785 5.83    5.73     4551  4561   41K   100 28.05   28.00  
c rst  luby svd  vmt  1126  575 K 1403      30K   785 5.83    5.73     4551  4561   42K   100 28.12   28.07  
c rst  luby svd  vmt  1127  575 K 1403      30K   785 5.83    5.73     4551  4561   42K   100 28.16   28.10  
c rst  luby svd  vmt  1128  575 K 1403      30K   785 5.83    5.73     4551  4565   42K   100 28.17   28.12  
c rst  luby svd  vmt  1129  575 K 1403      30K   785 5.83    5.73     4552  4568   42K   100 28.25   28.20  
c [gauss] XOR-encoding clauses are not detached, so no need to reattach them.
c [g 0] truth-find prop checks  : 2856K
c [g 0] -> of which prop        : 35.24 %
c [g 0] -> of which confl       :  1.36 %
c [g 0] elim called             : 256K
c [g 0] ---> which lead to prop : 40.85 %
c [g 0] ---> which lead to confl:  0.77 %
c [g 0] size: 67    x 501  
c [scc] new: 0 BP 0M T: 0.00
c [vrep] vars 0 lits 0 rem-bin-cls 0 rem-long-cls 0 BP 0M T: 0.01
c [intree] Set 0 vars hyper-added: 0 trans-irred: 0 trans-red: 0 T: 0.01 T-out: N T-r: -1.97%
c [find&init matx] performing matrix init
c [gauss] XOR-encoding clauses are not detached, so no need to reattach them.
c [xor-rem-unconnected] left with 828 xors from 828 non-empty xors T: 0.00
c [xor-together] xored together: 761 orig xors: 828 new xors: 67 T: 0.00
c [xor-rem-unconnected] left with 67 xors from 67 non-empty xors T: 0.00
c [xor-clean-equiv] removed equivalent xors: 0 left with: 67
c [matrix] unused xors from cleaning: 0
c [matrix] Good   matrix 0 67      x501    density:0.1012  xorlen avg: 50.72
c [matrix] Using 1 matrices recovered from 0 xors T: 0.00 T-out: N
c rst  luby svd  vmt  1130  575 K 1403      30K   785 5.83    5.73     4552  4571   42K   100 28.38   28.32  
c rst  luby svd  vmt  1131  576 K 1403      30K   785 5.83    5.73     4552  4573   43K   100 28.40   28.35  
c rst  luby svd  vmt  1132  576 K 1403      30K   785 5.83    5.73     4552  4574   43K   100 28.44   28.39  
c rst  luby svd  vmt  1133  576 K 1403      30K   785 5.83    5.73     4554  4577   43K   100 28.47   28.42  
c rst  luby svd  vmt  1134  576 K 1403      30K   785 5.83    5.73     4554  4581   43K   100 28.50   28.45  
c rst  luby svd  vmt  1135  576 K 1403      30K   785 5.83    5.73     4554  4581   43K   100 28.50   28.45  
c rst  luby svd  vmt  1136  576 K 1403      30K   785 5.83    5.73     4554  4587   43K   100 28.53   28.48  
c rst  luby svd  vmt  1137  577 K 1403      30K   785 5.83    5.73     4554  4590   44K   100 28.59   28.54  
c rst  luby svd  vmt  1138  577 K 1403      30K   785 5.83    5.73     4554  4593   44K   100 28.76   28.71  
c rst  geom best vmt  1139  578 K 1403      30K   785 5.83    5.73     4554  4594   45K   100 28.78   28.73  
c [ccnr] saving best assignment phase to stable_polar
c [ccnr] bumping based on clause weights
c [ccnr] Bumped vars: 101 bump type: 6
c [ccnr] time: 0.38
c rst  geom best vmt  1140  578 K 1403      30K   785 5.83    5.73     4554  4594   45K   100 28.76   28.71  
c rst  geom best vmt  1141  578 K 1403      30K   785 5.83    5.73     4554  4600   45K   100 28.73   28.69  
c rst  geom best vmt  1142  578 K 1403      30K   785 5.83    5.73     4554  4602   45K   100 28.73   28.68  
c rst  geom best vmt  1143  578 K 1403      30K   785 5.83    5.73     4554  4605   45K   100 28.71   28.66  
c rst  geom best vmt  1144  578 K 1403      30K   785 5.83    5.73     4554  4606   45K   100 28.68   28.64  
c rst  geom best vmt  1145  578 K 1403      30K   785 5.83    5.73     4554  4609   45K   100 28.66   28.61  
c rst  geom best vmt  1146  579 K 1403      30K   785 5.83    5.73     4554  4610   46K   100 28.61   28.56  
c rst  geom best vmt  1147  579 K 1403      30K   785 5.83    5.73     4555  4619   46K   100 28.62   28.57  
c rst  geom best vmt  1148  579 K 1403      30K   785 5.83    5.73     4556  4623   46K   100 28.62   28.57  
c rst  geom best vmt  1149  579 K 1403      30K   785 5.83    5.73     4556  4630   46K   100 28.64   28.59  
c rst  geom best vmt  1150  580 K 1403      30K   785 5.83    5.73     4648  4420   47K   100 28.57   28.52  
c rst  geom best vmt  1151  580 K 1403      30K   785 5.83    5.73     4648  4420   47K   100 28.49   28.44  
c rst  geom best vmt  1152  580 K 1403      30K   785 5.83    5.73     4648  4422   48K   100 28.50   28.45  
c rst  geom best vmt  1153  581 K 1403      30K   785 5.83    5.73     4648  4423   48K   100 28.44   28.40  
c rst  geom best vmt  1154  581 K 1403      30K   785 5.83    5.73     4648  4427   48K   100 28.37   28.32  
c rst  geom best vmt  1155  582 K 1403      30K   785 5.83    5.73     4648  4431   49K   100 28.25   28.21  
c rst  geom best vmt  1156  582 K 1403      30K   785 5.83    5.73     4655  4483   49K   100 28.13   28.08  
c rst  geom best vmt  1157  583 K 1403      30K   785 5.83    5.73     4657  4490   50K   100 28.01   27.97  
c rst  geom best vmt  1158  584 K 1403      30K   785 5.83    5.73     4657  4497   51K   100 27.94   27.90  
c [distill-long-red0] cls tried: 166/166 T: 0.02 T-out: N T-r: 99.57%
c [distill-long-red1] cls tried: 29/4360 T: 0.02 T-out: Y T-r: -4.29%
c rst  geom best vmt  1159  584 K 1403      30K   785 5.83    5.73     4657  4505   51K   100 27.88   27.84  
c rst  geom best vmt  1160  585 K 1403      30K   785 5.83    5.73     4685  4843   37K   100 29.12   29.07  
c [impl-str] lit bin: 0 set-var: 0 T: 0.00 T-out: N T-r: 99.96% w-visit: 2808
c [impl-sub] bin: 0 T: 0.00 T-out: N w-visit: 2808
c rst  geom best vmt  1161  586 K 1403      30K   785 5.83    5.73     4685  4870   38K   100 28.95   28.89  
c rst  geom best vmt  1162  587 K 1403      30K   785 5.83    5.73     4685  4883   39K   100 28.78   28.72  
c rst  geom best vmt  1163  588 K 1403      30K   785 5.83    5.73     4685  4889   40K   100 28.53   28.48  
c rst  geom best vmt  1164  589 K 1403      30K   785 5.83    5.73     4685  4902   41K   100 28.19   28.14  
c [distill] watch-based irred--  cl tried 9384     cl-sh 0     cl-rem 0    lit-rem 0      T: 0.01 T-out: N
c [distill] watch-based red  --  cl tried 9370     cl-sh 22    cl-rem 0    lit-rem 49     T: 0.02 T-out: N
c rst  geom stb  vmt  1165  590 K 1403      30K   785 5.83    5.73     4911  3865   43K   100 27.99   27.94  
c [distill-bin] useful: 0/785/785 lits-rem: 0 cl-rem: 0 0-depth-assigns: 0 T: 0.01 T-out: N
c rst  geom stb  vmt  1166  592 K 1403      30K   785 5.83    5.73     4912  3880   45K   100 27.74   27.69  
c rst  geom stb  vmt  1167  593 K 1403      30K   785 5.83    5.73     4913  3894   46K   100 27.64   27.59  
c rst  geom stb  vmt  1168  595 K 1403      30K   785 5.83    5.73     4913  3905   48K   100 28.13   28.09  
c [full-probe]  bin_only: 1 set: 0 repl: 0 T: 0.01 T-out: N T-r: 99.73%
c rst  geom stb  vmt  1169  597 K 1403      30K   785 5.83    5.73     4913  3916   50K   100 28.48   28.43  
c rst  geom stb  vmt  1170  599 K 1403      30K   785 5.83    5.73     4916  3924   52K   100 28.83   28.79  
c [distill-long-red0] cls tried: 270/270 T: 0.04 T-out: N T-r: 99.00%
c [distill-long-red1] cls tried: 28/3790 T: 0.02 T-out: Y T-r: -4.47%
c rst  geom stb  vmt  1171  601 K 1403      30K   785 5.83    5.73     5039  3936   40K   100 26.79   26.74  
c [branch] adjusting to: vsid (from: vmtf) var_decay:0.95 descr: VSIDS
c rst  geom ibes vs   1172  601 K 1403      30K   785 5.83    5.73     5039  3936   40K   100 26.77   26.72  
c rst  geom ibes vs   1173  602 K 1403      30K   785 5.83    5.73     5039  3937   40K   100 26.74   26.69  
c rst  geom ibes vs   1174  602 K 1403      30K   785 5.83    5.73     5039  3937   40K   100 26.70   26.65  
c rst  geom ibes vs   1175  602 K 1403      30K   785 5.83    5.73     5039  3937   41K   100 26.66   26.61  
c rst  geom ibes vs   1176  602 K 1403      30K   785 5.83    5.73     5039  3937   41K   100 26.62   26.57  
c rst  geom ibes vs   1177  602 K 1403      30K   785 5.83    5.73     5039  3938   41K   100 26.57   26.52  
c rst  geom ibes vs   1178  602 K 1403      30K   785 5.83    5.73     5039  3942   41K   100 26.55   26.50  
c rst  geom ibes vs   1179  603 K 1403      30K   785 5.83    5.73     5039  3949   41K   100 26.49   26.44  
c rst  geom ibes vs   1180  603 K 1403      30K   785 5.83    5.73     5039  3949   42K   100 26.44   26.39  
c rst  geom ibes vs   1181  603 K 1403      30K   785 5.83    5.73     5039  3952   42K   100 26.40   26.35  
c rst  geom ibes vs   1182  603 K 1403      30K   785 5.83    5.73     5039  3956   42K   100 26.36   26.31  
c rst  geom ibes vs   1183  604 K 1403      30K   785 5.83    5.73     5039  3957   42K   100 26.27   26.23  
c rst  geom ibes vs   1184  604 K 1403      30K   785 5.83    5.73     5039  3958   43K   100 26.23   26.18  
c rst  geom ibes vs   1185  604 K 1403      30K   785 5.83    5.73     5039  3963   43K   100 26.14   26.09  
c rst  geom ibes vs   1186  605 K 1403      30K   785 5.83    5.73     5040  3970   44K   100 26.09   26.04  
c rst  geom ibes vs   1187  605 K 1403      30K   785 5.83    5.73     5040  3970   44K   100 25.97   25.92  
c rst  geom ibes vs   1188  606 K 1403      30K   785 5.83    5.73     5040  3971   45K   100 25.88   25.83  
c rst  geom ibes vs   1189  606 K 1403      30K   785 5.83    5.73     5040  3977   45K   100 25.78   25.74  
c rst  geom ibes vs   1190  607 K 1403      30K   785 5.83    5.73     5040  3978   46K   100 25.64   25.60  
c rst  geom ibes vs   1191  607 K 1403      30K   785 5.83    5.73     5041  3985   46K   100 25.57   25.53  
c rst  geom ibes vs   1192  608 K 1403      30K   785 5.83    5.73     5041  3989   47K   100 25.43   25.39  
c rst  geom ibes vs   1193  609 K 1403      30K   785 5.83    5.73     5041  4015   48K   100 25.34   25.30  
c rst  geom ibes vs   1194  610 K 1403      30K   785 5.83    5.73     5120  3291   49K   100 25.24   25.20  
c rst  geom ibes vs   1195  611 K 1403      30K   785 5.83    5.73     5120  3325   50K   100 25.09   25.05  
c [distill-bin] useful: 0/785/785 lits-rem: 0 cl-rem: 0 0-depth-assigns: 0 T: 0.01 T-out: N
c rst  geom ibes vs   1196  612 K 1403      30K   785 5.83    5.73     5120  3346   51K   100 24.97   24.94  
c rst  geom ibes vs   1197  612 K 1403      30K   785 5.83    5.73     5120  3366   52K   100 24.93   24.89  
c recursive minimization cost OK: 1036Kcost/(% lits removed)
c [gauss] XOR-encoding clauses are not detached, so no need to reattach them.
c [g 0] truth-find prop checks  : 1809K
c [g 0] -> of which prop        : 30.52 %
c [g 0] -> of which confl       :  1.27 %
c [g 0] elim called             : 173K
c [g 0] ---> which lead to prop : 41.03 %
c [g 0] ---> which lead to confl:  0.64 %
c [g 0] size: 67    x 501  
c --> Executing strategy token: scc-vrepl
c [scc] new: 0 BP 0M T: 0.00
c --> Executing strategy token: sub-impl
c [impl-sub] bin: 0 T: 0.00 T-out: N w-visit: 2808
c --> Executing strategy token: breakid
c --> Executing OCC strategy token(s): 'occ-backw-sub-str,occ-clean-implicit,occ-bve,occ-bva,occ-ternary-res,occ-xor,'
c [occ] mem usage for occur 2      MB
c [occ] Linked in IRRED BIN by default: 785
c [occ] Linked in RED   BIN by default: 100
c [occ] mem usage for occur 0      MB
c Mem for watch alloc      : 16          MB (29.23     %)
c Mem for watch array      : 0           MB (0.12      %)
c --> Executing OCC strategy token: occ-backw-sub-str
c [occ-backw-sub-str-long-w-bins] subs: 0 str: 36 tried: 9388 0-depth ass: 0 T: 0.00 T-out: N T-r: 99.27%
c [occ-backw-sub-long-w-long] rem cl: 212 tried: 91529/91529 (100.0%) T: 0.05 T-out: N T-r: 76.14%
c [occ-backw-sub-str-long-w-long] sub: 11 str: 163 tried: 274587/91529 (300.0)  T: 0.29 T-out: N T-r: 56.19%
c --> Executing OCC strategy token: occ-clean-implicit
c --> Executing OCC strategy token: occ-bve
c [occ-empty-res] Empty resolvent elimed: 0 T: 0.00 T-out: N
c [occ-bve] iter v-elim 0
c cl_inc_rate=1.0, var_dec_rate=1.0 (grow=0)
c Reduced to 1403 vars, 31347 cls (grow=0)
c [occ-bve] iter v-elim 0
c cl_inc_rate=1.0, var_dec_rate=1.0 (grow=8)
c Reduced to 1403 vars, 31347 cls (grow=8)
c [occ-bve] iter v-elim 2
c cl_inc_rate=1.0, var_dec_rate=1.0 (grow=16)
c Reduced to 1401 vars, 31342 cls (grow=16)
c x n vars       : 1401
c #try to eliminate:  4223
c #var-elim        :     2
c #T-o: N
c #T-r: 99.99%
c #T  : 0.36
c [occur] 0.05 is overhead
c [occur] link-in T: 0.05 cleanup T: 0.00
c --> Executing OCC strategy token: occ-bva
c --> Executing OCC strategy token: occ-ternary-res
c [occ-ternary-res] Ternary res-tri: 0 res-bin: 0 sub: 0 str: 0 T: 0.00 T-out: N T-r: 99.79%
c --> Executing OCC strategy token: occ-xor
c [occ-xor] sort occur list T: 0.00
c [xor-clean-equiv] removed equivalent xors: 0 left with: 823
c [occ-xor] found    823 avg sz 5.9 min sz  4 max sz  6 T: 0.01 T-out: N T-r: 99.97%
c --> Executing strategy token: card-find
c --> Executing strategy token: cl-consolidate
c Not consolidating memory.
c --> Executing strategy token: scc-vrepl
c [scc] new: 0 BP 0M T: 0.00
c --> Executing strategy token: renumber
c --> Executing strategy token: bosphorus
c --> Executing strategy token: louvain-comms
c [consolidate] mini T: 0.00
c global_timeout_multiplier: 4.8315
c [branch] rebuilding order heap for all branchings. Current branching: vsid
c [find&init matx] performing matrix init
c [gauss] XOR-encoding clauses are not detached, so no need to reattach them.
c [xor-rem-unconnected] left with 823 xors from 823 non-empty xors T: 0.00
c [xor-together] xored together: 755 orig xors: 823 new xors: 68 T: 0.00
c [xor-rem-unconnected] left with 68 xors from 68 non-empty xors T: 0.00
c [xor-clean-equiv] removed equivalent xors: 0 left with: 68
c [matrix] unused xors from cleaning: 0
c [matrix] Good   matrix  0     68 x  503  density:0.0988  xorlen avg: 49.71
c [matrix] Using 1 matrices recovered from 0 xors T: 0.00 T-out: N
c rst  geom  svd   vs  1198  613K    1401   30K   785    5.83    5.73  4868  4079   52K   100   25.01   24.98
c rst  geom  svd   vs  1199  614K    1401   30K   785    5.83    5.73  4868  4089   53K   100   24.89   24.85
c [distill-long-red0] cls tried: 239/239 T: 0.07 T-out: N T-r: 98.42%
c [distill-long-red1] cls tried: 20/3976 T: 0.02 T-out: Y T-r: -9.97%
c [distill] watch-based irred--  cl tried     9692 cl-sh     0 cl-rem    0 lit-rem      0 T: 0.02 T-out: N
c [distill] watch-based   red--  cl tried     8358 cl-sh     7 cl-rem    0 lit-rem      7 T: 0.03 T-out: Y
c rst  geom  svd   vs  1200  616K    1401   30K   785    5.83    5.73  4870  4148   39K   100   20.84   20.80
c [full-probe]  bin_only: 0 set: 0 repl: 0 T: 0.01 T-out: N T-r: 98.13%
c rst  geom  svd   vs  1201  617K    1401   30K   785    5.83    5.73  4871  4157   41K   100   20.80   20.76
c rst  geom  svd   vs  1202  619K    1401   30K   785    5.83    5.73  4871  4173   42K   100   20.73   20.70
c rst  geom  svd   vs  1203  621K    1401   30K   785    5.83    5.73  4952  3612   45K   100   20.61   20.57
c rst  geom  svd   vs  1204  623K    1401   30K   785    5.83    5.73  4953  3652   47K   100   20.42   20.39
c [ccnr] saving best assignment phase to stable_polar
c [ccnr] bumping based on var unsat frequency: conflict_ct
c [ccnr] Bumped vars: 1404 bump type: 6
c [ccnr] time: 0.39
c rst  geom  svd   vs  1205  625K    1401   30K   785    5.83    5.73  4953  3698   49K   100   20.39   20.35
c rst  geom best   vs  1206  628K    1401   30K   785    5.83    5.73  4953  3736   52K   100   20.40   20.37
c rst  geom best   vs  1207  630K    1401   30K   785    5.83    5.73  5085  4354   39K   100   19.95   19.92
c [distill-long-red0] cls tried: 222/222 T: 0.06 T-out: N T-r: 98.71%
c [distill-long-red1] cls tried: 30/4232 T: 0.02 T-out: Y T-r: -5.27%
c rst  geom best   vs  1208  633K    1401   30K   785    5.83    5.73  5086  4494   42K   100   19.83   19.79
c [distill-bin] useful: 1/785/785 lits-rem: 0 cl-rem: 1 0-depth-assigns: 0 T: 0.01 T-out: N
c rst  geom best   vs  1209  637K    1401   30K   784    5.83    5.73  5086  4552   45K   100   19.76   19.73
c [full-probe]  bin_only: 1 set: 0 repl: 0 T: 0.01 T-out: N T-r: 99.75%
c rst  geom  stb   vs  1210  640K    1401   30K   784    5.83    5.73  5195  4326   49K   100   19.51   19.48
c [distill] watch-based irred--  cl tried     9642 cl-sh     0 cl-rem    0 lit-rem      0 T: 0.02 T-out: Y
c [distill] watch-based   red--  cl tried     8152 cl-sh     6 cl-rem    0 lit-rem     28 T: 0.03 T-out: Y
c [gauss] XOR-encoding clauses are not detached, so no need to reattach them.
c [g 0] truth-find prop checks  : 1597K
c [g 0] -> of which prop        : 25.74 %
c [g 0] -> of which confl       :  1.23 %
c [g 0] elim called             : 160K
c [g 0] ---> which lead to prop : 38.50 %
c [g 0] ---> which lead to confl:  0.49 %
c [g 0] size: 68    x 503  
c [scc] new: 0 BP 0M T: 0.00
c [vrep] vars 0 lits 0 rem-bin-cls 0 rem-long-cls 0 BP 0M T: 0.01
c [intree] Set 0 vars hyper-added: 1 trans-irred: 0 trans-red: 0 T: 0.01 T-out: N T-r: -0.87%
c [find&init matx] performing matrix init
c [gauss] XOR-encoding clauses are not detached, so no need to reattach them.
c [xor-rem-unconnected] left with 823 xors from 823 non-empty xors T: 0.00
c [xor-together] xored together: 755 orig xors: 823 new xors: 68 T: 0.00
c [xor-rem-unconnected] left with 68 xors from 68 non-empty xors T: 0.00
c [xor-clean-equiv] removed equivalent xors: 0 left with: 68
c [matrix] unused xors from cleaning: 0
c [matrix] Good   matrix 0 68      x503    density:0.0988  xorlen avg: 49.71
c [matrix] Using 1 matrices recovered from 0 xors T: 0.00 T-out: N
c rst  geom stb  vs   1211  644 K 1401      30K   784 5.83    5.73     5195  4368   53K   101 19.17   19.15  
c rst  geom stb  vs   1212  649 K 1401      30K   784 5.83    5.73     5229  5318   41K   101 15.99   15.96  
c [distill-long-red0] cls tried: 143/143 T: 0.04 T-out: N T-r: 99.01%
c [distill-long-red1] cls tried: 24/5170 T: 0.02 T-out: Y T-r: -16.36%
c [impl-str] lit bin: 0 set-var: 0 T: 0.00 T-out: N T-r: 99.96% w-visit: 2808
c [impl-sub] bin: 0 T: 0.00 T-out: N w-visit: 2808
c rst  geom ibes vs   1213  653 K 1401      30K   784 5.83    5.73     5333  5200   46K   101 15.95   15.92  
c [distill-bin] useful: 0/784/784 lits-rem: 0 cl-rem: 0 0-depth-assigns: 0 T: 0.01 T-out: N
c rst  geom ibes vs   1214  659 K 1401      30K   784 5.83    5.73     5334  5588   51K   101 15.82   15.80  
c [full-probe]  bin_only: 0 set: 0 repl: 0 T: 0.01 T-out: N T-r: 98.45%
c rst  geom ibes vs   1215  665 K 1401      30K   784 5.83    5.73     5506  6869   41K   101 14.91   14.89  
c [distill-long-red0] cls tried: 276/276 T: 0.08 T-out: N T-r: 97.99%
c [distill-long-red1] cls tried: 26/6731 T: 0.02 T-out: Y T-r: -9.97%
c rst  geom svd  vs   1216  671 K 1401      30K   784 5.83    5.73     5584  6716   48K   101 15.03   15.00  
c [branch] adjusting to: vmtf (from: vsid) var_decay:0.95 descr: VMTF
c [distill] watch-based irred--  cl tried 8924     cl-sh 0     cl-rem 0    lit-rem 0      T: 0.03 T-out: Y
c [distill] watch-based red  --  cl tried 7073     cl-sh 6     cl-rem 0    lit-rem 9      T: 0.03 T-out: Y
c [ccnr] saving best assignment phase to stable_polar
c [ccnr] bumping based on var unsat frequency: conflict_ct
c [ccnr] Bumped vars: 1404 bump type: 6
c [ccnr] time: 0.39
c rst  luby svd  vmt  1217  671 K 1401      30K   784 5.83    5.73     5584  6722   48K   101 15.05   15.03  
c rst  luby svd  vmt  1218  671 K 1401      30K   784 5.83    5.73     5584  6722   48K   101 15.09   15.07  
c rst  luby svd  vmt  1219  671 K 1401      30K   784 5.83    5.73     5584  6724   48K   101 15.19   15.17  
c rst  luby svd  vmt  1220  672 K 1401      30K   784 5.83    5.73     5585  6728   48K   101 15.24   15.21  
c rst  luby svd  vmt  1221  672 K 1401      30K   784 5.83    5.73     5586  6732   48K   101 15.30   15.28  
c rst  luby svd  vmt  1222  672 K 1401      30K   784 5.83    5.73     5586  6733   48K   101 15.40   15.38  
c rst  luby svd  vmt  1223  672 K 1401      30K   784 5.83    5.73     5586  6733   49K   101 15.57   15.55  
c rst  luby svd  vmt  1224  672 K 1401      30K   784 5.83    5.73     5586  6733   49K   101 15.60   15.57  
c rst  luby svd  vmt  1225  672 K 1401      30K   784 5.83    5.73     5586  6733   49K   101 15.61   15.59  
c rst  luby svd  vmt  1226  673 K 1401      30K   784 5.83    5.73     5586  6733   49K   101 15.64   15.61  
c rst  luby svd  vmt  1227  673 K 1401      30K   784 5.83    5.73     5586  6733   49K   101 15.65   15.63  
c rst  luby svd  vmt  1228  673 K 1401      30K   784 5.83    5.73     5586  6733   49K   101 15.67   15.65  
c rst  luby svd  vmt  1229  673 K 1401      30K   784 5.83    5.73     5586  6733   50K   101 15.77   15.75  
c rst  luby svd  vmt  1230  673 K 1401      30K   784 5.83    5.73     5586  6735   50K   101 15.96   15.93  
c rst  luby svd  vmt  1231  674 K 1401      30K   784 5.83    5.73     5587  6745   51K   101 16.38   16.35  
c [distill-bin] useful: 0/784/784 lits-rem: 0 cl-rem: 0 0-depth-assigns: 0 T: 0.01 T-out: N
c rst  luby svd  vmt  1232  674 K 1401      30K   784 5.83    5.73     5587  6745   51K   101 16.42   16.40  
c rst  luby svd  vmt  1233  674 K 1401      30K   784 5.83    5.73     5588  6745   51K   101 16.46   16.44  
c rst  luby svd  vmt  1234  675 K 1401      30K   784 5.83    5.73     5614  7494   37K   101 16.04   16.01  
c rst  luby svd  vmt  1235  675 K 1401      30K   784 5.83    5.73     5614  7495   37K   101 16.08   16.05  
c rst  luby svd  vmt  1236  675 K 1401      30K   784 5.83    5.73     5614  7495   37K   101 16.13   16.11  
c rst  luby svd  vmt  1237  675 K 1401      30K   784 5.83    5.73     5614  7496   37K   101 16.22   16.19  
c rst  luby svd  vmt  1238  675 K 1401      30K   784 5.83    5.73     5615  7503   37K   101 16.39   16.36  
c rst  luby svd  vmt  1239  676 K 1401      30K   784 5.83    5.73     5615  7504   37K   101 16.42   16.40  
c rst  luby svd  vmt  1240  676 K 1401      30K   784 5.83    5.73     5615  7505   37K   101 16.46   16.44  
c rst  luby svd  vmt  1241  676 K 1401      30K   784 5.83    5.73     5615  7507   38K   101 16.55   16.52  
c rst  luby svd  vmt  1242  676 K 1401      30K   784 5.83    5.73     5615  7508   38K   101 16.57   16.54  
c rst  luby svd  vmt  1243  676 K 1401      30K   784 5.83    5.73     5615  7508   38K   101 16.61   16.58  
c rst  luby svd  vmt  1244  676 K 1401      30K   784 5.83    5.73     5616  7513   38K   101 16.68   16.65  
c rst  luby svd  vmt  1245  677 K 1401      30K   784 5.83    5.73     5616  7517   38K   101 16.79   16.76  
c rst  geom best vmt  1246  677 K 1401      30K   784 5.83    5.73     5616  7520   39K   101 16.85   16.82  
c rst  geom best vmt  1247  677 K 1401      30K   784 5.83    5.73     5616  7520   39K   101 16.90   16.87  
c rst  geom best vmt  1248  677 K 1401      30K   784 5.83    5.73     5616  7522   39K   101 16.93   16.90  
c rst  geom best vmt  1249  677 K 1401      30K   784 5.83    5.73     5616  7522   39K   101 17.04   17.02  
c rst  geom best vmt  1250  677 K 1401      30K   784 5.83    5.73     5616  7525   39K   101 17.12   17.09  
c rst  geom best vmt  1251  678 K 1401      30K   784 5.83    5.73     5616  7527   39K   101 17.18   17.15  
c rst  geom best vmt  1252  678 K 1401      30K   784 5.83    5.73     5616  7527   40K   101 17.22   17.19  
c rst  geom best vmt  1253  678 K 1401      30K   784 5.83    5.73     5616  7529   40K   101 17.30   17.27  
c rst  geom best vmt  1254  678 K 1401      30K   784 5.83    5.73     5616  7530   40K   101 17.35   17.33  
c rst  geom best vmt  1255  678 K 1401      30K   784 5.83    5.73     5616  7532   40K   101 17.42   17.39  
c rst  geom best vmt  1256  679 K 1401      30K   784 5.83    5.73     5616  7532   41K   101 17.48   17.46  
c rst  geom best vmt  1257  679 K 1401      30K   784 5.83    5.73     5616  7536   41K   101 17.57   17.54  
c [full-probe]  bin_only: 1 set: 0 repl: 0 T: 0.00 T-out: N T-r: 99.89%
c rst  geom best vmt  1258  679 K 1401      30K   784 5.83    5.73     5616  7537   41K   101 17.68   17.65  
c rst  geom best vmt  1259  680 K 1401      30K   784 5.83    5.73     5652  7055   42K   101 17.87   17.84  
c [distill-long-red0] cls tried: 152/152 T: 0.04 T-out: N T-r: 99.20%
c [distill-long-red1] cls tried: 23/6910 T: 0.02 T-out: Y T-r: -4.40%
c rst  geom best vmt  1260  680 K 1401      30K   784 5.83    5.73     5652  7061   42K   101 18.05   18.02  
c rst  geom best vmt  1261  681 K 1401      30K   784 5.83    5.73     5653  7062   43K   101 18.37   18.34  
c rst  geom best vmt  1262  681 K 1401      30K   784 5.83    5.73     5653  7066   43K   101 18.57   18.54  
c rst  geom best vmt  1263  682 K 1401      30K   784 5.83    5.73     5653  7073   44K   101 18.79   18.76  
c rst  geom best vmt  1264  682 K 1401      30K   784 5.83    5.73     5653  7079   44K   101 19.06   19.03  
c rst  geom best vmt  1265  683 K 1401      30K   784 5.83    5.73     5653  7088   45K   101 19.27   19.24  
c rst  geom best vmt  1266  684 K 1401      30K   784 5.83    5.73     5653  7094   46K   101 19.61   19.58  
c rst  geom best vmt  1267  684 K 1401      30K   784 5.83    5.73     5654  7104   47K   101 19.79   19.76  
c rst  geom best vmt  1268  685 K 1401      30K   784 5.83    5.73     5654  7113   47K   101 20.10   20.07  
c rst  geom best vmt  1269  686 K 1401      30K   784 5.83    5.73     5654  7117   48K   101 20.42   20.39  
c rst  geom best vmt  1270  687 K 1401      30K   784 5.83    5.73     5654  7123   49K   101 20.74   20.71  
c rst  geom best vmt  1271  688 K 1401      30K   784 5.83    5.73     5654  7132   51K   101 21.01   20.98  
c rst  geom best vmt  1272  690 K 1401      30K   784 5.83    5.73     5731  6664   38K   101 22.88   22.83  
c rst  geom stb  vmt  1273  691 K 1401      30K   784 5.83    5.73     5732  6687   40K   101 23.70   23.66  
c rst  geom stb  vmt  1274  693 K 1401      30K   784 5.83    5.73     5732  6702   41K   101 24.05   24.01  
c rst  geom stb  vmt  1275  694 K 1401      30K   784 5.83    5.73     5733  6718   43K   101 24.57   24.53  
c [distill-bin] useful: 0/784/784 lits-rem: 0 cl-rem: 0 0-depth-assigns: 0 T: 0.01 T-out: N
c rst  geom stb  vmt  1276  696 K 1401      30K   784 5.83    5.73     5734  6733   45K   101 25.03   24.99  
c [distill-long-red0] cls tried: 82/82 T: 0.01 T-out: N T-r: 99.89%
c [distill-long-red1] cls tried: 28/6594 T: 0.02 T-out: Y T-r: -5.55%
c [distill] watch-based irred--  cl tried 9692     cl-sh 0     cl-rem 0    lit-rem 0      T: 0.02 T-out: N
c [distill] watch-based red  --  cl tried 10162    cl-sh 15    cl-rem 0    lit-rem 30     T: 0.03 T-out: Y
c rst  geom stb  vmt  1277  698 K 1401      30K   784 5.83    5.73     5734  6743   47K   101 25.27   25.23  
c rst  geom stb  vmt  1278  701 K 1401      30K   784 5.83    5.73     5783  6067   50K   101 25.97   25.93  
c [full-probe]  bin_only: 0 set: 0 repl: 0 T: 0.01 T-out: N T-r: 97.89%
c rst  geom stb  vmt  1279  703 K 1401      30K   784 5.83    5.73     5784  6076   52K   101 26.40   26.36  
c rst  geom ibes vmt  1280  706 K 1401      30K   784 5.83    5.73     5802  6248   40K   101 29.93   29.87  
c [gauss] XOR-encoding clauses are not detached, so no need to reattach them.
c [g 0] truth-find prop checks  : 2776K
c [g 0] -> of which prop        : 37.01 %
c [g 0] -> of which confl       :  1.38 %
c [g 0] elim called             : 239K
c [g 0] ---> which lead to prop : 44.19 %
c [g 0] ---> which lead to confl:  0.89 %
c [g 0] size: 68    x 503  
c [scc] new: 0 BP 0M T: 0.00
c [vrep] vars 0 lits 0 rem-bin-cls 0 rem-long-cls 0 BP 0M T: 0.01
c [intree] Set 0 vars hyper-added: 0 trans-irred: 0 trans-red: 1 T: 0.01 T-out: N T-r: -1.59%
c [find&init matx] performing matrix init
c [gauss] XOR-encoding clauses are not detached, so no need to reattach them.
c [xor-rem-unconnected] left with 823 xors from 823 non-empty xors T: 0.00
c [xor-together] xored together: 755 orig xors: 823 new xors: 68 T: 0.00
c [xor-rem-unconnected] left with 68 xors from 68 non-empty xors T: 0.00
c [xor-clean-equiv] removed equivalent xors: 0 left with: 68
c [matrix] unused xors from cleaning: 0
c [matrix] Good   matrix 0 68      x503    density:0.0988  xorlen avg: 49.71
c [matrix] Using 1 matrices recovered from 0 xors T: 0.00 T-out: N
c rst  geom ibes vmt  1281  709 K 1401      30K   784 5.83    5.73     5802  6257   43K   100 30.47   30.42  
c [impl-str] lit bin: 0 set-var: 0 T: 0.00 T-out: N T-r: 99.96% w-visit: 2808
c [impl-sub] bin: 0 T: 0.00 T-out: N w-visit: 2808
c rst  geom ibes vmt  1282  712 K 1401      30K   784 5.83    5.73     5852  5272   48K   100 30.72   30.67  
c [distill-long-red0] cls tried: 133/133 T: 0.02 T-out: N T-r: 99.72%
c [distill-long-red1] cls tried: 36/5173 T: 0.02 T-out: Y T-r: -5.16%
c rst  geom ibes vmt  1283  716 K 1401      30K   784 5.83    5.73     5874  5905   51K   100 29.77   29.72  
c [distill-bin] useful: 0/784/784 lits-rem: 0 cl-rem: 0 0-depth-assigns: 0 T: 0.01 T-out: N
c [ccnr] saving best assignment phase to stable_polar
c [ccnr] bumping based on clause weights
c [ccnr] Bumped vars: 103 bump type: 6
c [ccnr] time: 0.39
c rst  geom svd  vmt  1284  720 K 1401      30K   784 5.83    5.73     6599  6372   38K   100 28.17   28.12  
c rst  geom svd  vmt  1285  724 K 1401      30K   784 5.83    5.73     6600  6493   42K   100 27.90   27.85  
c [full-probe]  bin_only: 1 set: 0 repl: 0 T: 0.01 T-out: N T-r: 99.81%
c [distill] watch-based irred--  cl tried 9692     cl-sh 0     cl-rem 0    lit-rem 0      T: 0.01 T-out: N
c [distill] watch-based red  --  cl tried 12597    cl-sh 19    cl-rem 0    lit-rem 23     T: 0.03 T-out: Y
c rst  geom svd  vmt  1286  729 K 1401      30K   784 5.83    5.73     6607  6748   47K   100 26.99   26.95  
c [distill-long-red0] cls tried: 766/766 T: 0.14 T-out: N T-r: 97.01%
c [distill-long-red1] cls tried: 34/6630 T: 0.02 T-out: Y T-r: -7.79%
c rst  geom best vmt  1287  734 K 1401      30K   784 5.83    5.73     6864  4917   54K   100 27.09   27.06  
c rst  geom best vmt  1288  740 K 1401      30K   784 5.83    5.73     7251  6130   45K   101 22.56   22.53  
c [branch] adjusting to: vsid (from: vmtf) var_decay:0.95 descr: VSIDS
c [distill-bin] useful: 0/784/784 lits-rem: 0 cl-rem: 0 0-depth-assigns: 0 T: 0.01 T-out: N
c rst  geom best vs   1289  740 K 1401      30K   784 5.83    5.73     7251  6130   45K   101 22.55   22.52  
c rst  geom best vs   1290  740 K 1401      30K   784 5.83    5.73     7251  6137   45K   101 22.55   22.51  
c rst  geom best vs   1291  740 K 1401      30K   784 5.83    5.73     7251  6166   45K   101 22.53   22.50  
c rst  geom best vs   1292  741 K 1401      30K   784 5.83    5.73     7251  6168   45K   101 22.53   22.49  
c rst  geom best vs   1293  741 K 1401      30K   784 5.83    5.73     7251  6206   45K   101 22.50   22.47  
c rst  geom best vs   1294  741 K 1401      30K   784 5.83    5.73     7251  6207   45K   101 22.48   22.45  
c rst  geom best vs   1295  741 K 1401      30K   784 5.83    5.73     7251  6207   46K   101 22.45   22.42  
c rst  geom best vs   1296  741 K 1401      30K   784 5.83    5.73     7251  6209   46K   101 22.43   22.40  
c rst  geom stb  vs   1297  741 K 1401      30K   784 5.83    5.73     7251  6210   46K   101 22.42   22.38  
c rst  geom stb  vs   1298  742 K 1401      30K   784 5.83    5.73     7251  6211   46K   101 22.42   22.38  
c rst  geom stb  vs   1299  742 K 1401      30K   784 5.83    5.73     7251  6211   47K   101 22.38   22.35  
c rst  geom stb  vs   1300  742 K 1401      30K   784 5.83    5.73     7251  6213   47K   101 22.37   22.34  
c rst  geom stb  vs   1301  743 K 1401      30K   784 5.83    5.73     7251  6215   47K   101 22.32   22.29  
c rst  geom stb  vs   1302  743 K 1401      30K   784 5.83    5.73     7251  6218   48K   101 22.27   22.24  
c rst  geom stb  vs   1303  743 K 1401      30K   784 5.83    5.73     7251  6231   48K   101 22.24   22.21  
c rst  geom stb  vs   1304  744 K 1401      30K   784 5.83    5.73     7251  6238   48K   101 22.18   22.15  
c [distill-long-red0] cls tried: 641/641 T: 0.12 T-out: N T-r: 97.16%
c [distill-long-red1] cls tried: 27/6149 T: 0.02 T-out: Y T-r: -3.92%
c rst  geom stb  vs   1305  744 K 1401      30K   784 5.83    5.73     7154  6243   49K   198 22.11   22.05  
c [full-probe]  bin_only: 0 set: 0 repl: 0 T: 0.01 T-out: N T-r: 98.29%
c rst  geom stb  vs   1306  745 K 1401      30K   784 5.83    5.73     7154  6250   49K   198 22.10   22.03  
c rst  geom stb  vs   1307  746 K 1401      30K   784 5.83    5.73     7154  6260   50K   198 22.04   21.97  
c rst  geom stb  vs   1308  746 K 1401      30K   784 5.83    5.73     7154  6275   51K   198 21.98   21.92  
c rst  geom stb  vs   1309  747 K 1401      30K   784 5.83    5.73     7154  6278   51K   198 21.91   21.85  
c rst  geom stb  vs   1310  748 K 1401      30K   784 5.83    5.73     7154  6312   52K   198 21.79   21.73  
c rst  geom stb  vs   1311  749 K 1401      30K   784 5.83    5.73     7154  6349   53K   198 21.69   21.63  
c rst  geom stb  vs   1312  750 K 1401      30K   784 5.83    5.73     7432  7976   37K   198 17.22   17.16  
c [distill] watch-based irred--  cl tried 9666     cl-sh 93    cl-rem 26   lit-rem 93     T: 0.02 T-out: N
c [distill] watch-based red  --  cl tried 8944     cl-sh 202   cl-rem 158  lit-rem 204    T: 0.03 T-out: Y
c rst  geom stb  vs   1313  751 K 1401      30K   785 5.83    5.73     7275  8025   38K   197 17.18   17.13  
c rst  geom stb  vs   1314  752 K 1401      30K   785 5.83    5.73     7277  8048   39K   197 17.08   17.03  
c rst  geom stb  vs   1315  753 K 1401      30K   785 5.83    5.73     7277  8072   40K   197 17.03   16.98  
c rst  geom stb  vs   1316  754 K 1401      30K   785 5.83    5.73     7277  8131   41K   197 16.95   16.90  
c rst  geom ibes vs   1317  756 K 1401      30K   785 5.83    5.73     7283  8466   43K   198 16.85   16.80  
c rst  geom ibes vs   1318  758 K 1401      30K   785 5.83    5.73     7283  8509   44K   198 16.71   16.67  
c rst  geom ibes vs   1319  760 K 1401      30K   785 5.83    5.73     7427  8409   46K   198 16.57   16.53  
c [distill-long-red0] cls tried: 612/612 T: 0.17 T-out: N T-r: 95.92%
c [distill-long-red1] cls tried: 26/8294 T: 0.02 T-out: Y T-r: -6.96%
c rst  geom ibes vs   1320  762 K 1401      30K   785 5.83    5.73     7390  8504   48K   235 16.41   16.36  
c [distill-bin] useful: 0/785/785 lits-rem: 0 cl-rem: 0 0-depth-assigns: 0 T: 0.01 T-out: N
c [ccnr] saving best assignment phase to stable_polar
c [ccnr] bumping based on var unsat frequency: conflict_ct
c [ccnr] Bumped vars: 1404 bump type: 6
c [ccnr] time: 0.38
c rst  geom ibes vs   1321  764 K 1401      30K   785 5.83    5.73     7390  8625   50K   235 16.33   16.28  
c rst  geom ibes vs   1322  766 K 1401      30K   785 5.83    5.73     7442 11104   36K   235 14.47   14.41  
c [full-probe]  bin_only: 1 set: 0 repl: 0 T: 0.01 T-out: N T-r: 99.81%
c rst  geom ibes vs   1323  769 K 1401      30K   785 5.83    5.73     7444 11543   39K   235 14.39   14.34  
c [impl-str] lit bin: 0 set-var: 0 T: 0.00 T-out: N T-r: 99.96% w-visit: 2808
c [impl-sub] bin: 134 T: 0.00 T-out: N w-visit: 2808
c rst  geom svd  vs   1324  772 K 1401      30K   785 5.83    5.73     7628 11410   42K   101 14.30   14.28  
c [gauss] XOR-encoding clauses are not detached, so no need to reattach them.
c [g 0] truth-find prop checks  : 3574K
c [g 0] -> of which prop        : 27.63 %
c [g 0] -> of which confl       :  1.21 %
c [g 0] elim called             : 351K
c [g 0] ---> which lead to prop : 40.65 %
c [g 0] ---> which lead to confl:  0.62 %
c [g 0] size: 68    x 503  
c [scc] new: 0 BP 0M T: 0.00
c [vrep] vars 0 lits 0 rem-bin-cls 0 rem-long-cls 0 BP 0M T: 0.01
c [intree] Set 1 vars hyper-added: 4 trans-irred: 0 trans-red: 0 T: 0.01 T-out: N T-r: -3.02%
c [find&init matx] performing matrix init
c [gauss] XOR-encoding clauses are not detached, so no need to reattach them.
c [xor-rem-unconnected] left with 823 xors from 823 non-empty xors T: 0.00
c [xor-together] xored together: 755 orig xors: 823 new xors: 68 T: 0.00
c [xor-rem-unconnected] left with 68 xors from 68 non-empty xors T: 0.00
c [xor-clean-equiv] removed equivalent xors: 0 left with: 68
c [matrix] unused xors from cleaning: 0
c [matrix] Good   matrix 0 68      x502    density:0.0988  xorlen avg: 49.62
c [matrix] Using 1 matrices recovered from 0 xors T: 0.00 T-out: N
c rst  geom svd  vs   1325  775 K 1400      30K   785 5.83    5.73     7629 11677   45K   105 14.34   14.32  
c [distill-long-red0] cls tried: 239/239 T: 0.08 T-out: N T-r: 98.13%
c [distill-long-red1] cls tried: 28/11536 T: 0.02 T-out: Y T-r: -6.37%
c [distill] watch-based irred--  cl tried 8537     cl-sh 6     cl-rem 5    lit-rem 6      T: 0.03 T-out: Y
c [distill] watch-based red  --  cl tried 6120     cl-sh 122   cl-rem 109  lit-rem 133    T: 0.03 T-out: Y
c rst  geom svd  vs   1326  779 K 1400      30K   785 5.82    5.73     7513 12037   48K   111 14.21   14.19  
c rst  geom svd  vs   1327  783 K 1400      30K   785 5.82    5.73     7846 14619   35K   112 12.44   12.42  
c [distill-bin] useful: 0/785/785 lits-rem: 0 cl-rem: 0 0-depth-assigns: 0 T: 0.01 T-out: N
c rst  geom best vs   1328  787 K 1398      30K   785 5.82    5.73     7949 16409   38K   131 12.37   12.35  
c [full-probe]  bin_only: 0 set: 0 repl: 0 T: 0.01 T-out: N T-r: 98.56%
c rst  geom best vs   1329  789 K 780       20K  1226 5.62    5.41     2560   301   488   153 7.61    7.37   
c ------- FINAL TOTAL SEARCH STATS ---------
c UIP search time          : 102.74      (97.41     % time)
c All times are for this thread only except if explicitly specified
c restarts                 : 1329        (593.76    confls per restart)
c blocked restarts         : 0           (0.00      per normal restart)
c time                     : 102.74      
c decisions                : 842125      (0.00      % random)
c propagations             : 34M         (334K      props/s)
c decisions/conflicts      : 1.07        
c conflicts                : 789112      
c LEARNT stats
c units learnt             : 14          (0.00      % of conflicts)
c bins learnt              : 114         (0.01      % of conflicts)
c long learnt              : 791965      (100.36    % of conflicts)
c red which0               : 1045        (0.13      % of confl)
c SEAMLESS HYPERBIN&TRANS-RED stats
c advProp called           : 0           
c hyper-bin add bin        : 0           (0.00      bin/call)
c trans-red rem irred bin  : 0           (0.00      bin/call)
c trans-red rem red bin    : 0           (0.00      bin/call)
c CONFL LITS stats
c orig                     : 151468663   (191.95    lit/confl)
c recurs-min effective     : 757538      (96.00     % attempt successful)
c recurs-min lits          : 127587659   (84.23     % less overall)
c permDiff call%           : 2.16        (0.00      % attempt successful)
c permDiff lits-rem        : 0           (0.00      less lits/cl on attempts)
c further-min call%        : 0.05        (31.74     % attempt successful)
c bintri-min lits          : 353         (0.00      % less overall)
c final avg                : 30.26       
c all-threads sum CPU time : 102.74       s
c PROP stats
c Mbogo-props              : 146.48      (1.43      / sec)
c MHyper-props             : 0.05        (0.00      / sec)
c Mprops                   : 34.36       (0.33      / sec)
c -------- OccSimplifier STATS ----------
c time                     : 2.51        (0.00      % var-elim)
c called                   : 5           (0.50      s per call)
c 0-depth assigns          : 0           (0.00      % vars)
c -------- OccSimplifier STATS END ----------
c -------- SubsumeStrengthen STATS ----------
c cl-subs                  : 3964         Clauses
c cl-str rem lit           : 1032         Lits
c cl-sub T                 : 0.35         s
c cl-str T                 : 1.85         s
c -------- SubsumeStrengthen STATS END ----------
c ----- SCC STATS --------
c time                     : 0.01        (0.00      per call)
c called                   : 24          (0.42      new found per call)
c found                    : 10          (50.00     % of all found)
c bogoprops                : 962379      % of all found
c ----- SCC STATS END --------
c --------- VAR REPLACE STATS ----------
c time                     : 0.17        (0.01      per call)
c trees' crown             : 10          (0.39      % of vars)
c 0-depth assigns          : 0           (0.00      % vars)
c lits replaced            : 83115       
c bin cls removed          : 53          
c long cls removed         : 433         
c long lits removed        : 1823        
c bogoprops                : 4366962     
c --------- VAR REPLACE STATS END ----------
c vrep replace time        : 0.17        (0.16      % time)
c vrep tree roots          : 6           
c vrep trees' crown        : 10          (1.67      leafs/tree)
c -------- DISTILL-BIN STATS --------
c time                     : 0.34        (0.01      per call)
c timed out                : 1           (2.63      % of calls)
c distill/checked/potential: 0          /32529/32736
c lits-rem                 : 0           
c 0-depth-assigns          : 0           (0.00      % of vars)
c -------- DISTILL STATS END --------
c -------- STRENGTHEN STATS --------
c --> watch-based on irred cls
c time                     : 0.37        (0.01      s/call)
c shrinked/tried/total     : 239        /249947/1697658
c subsumed/tried/total     : 188        /249947/1697658
c lits-rem                 : 245         (0.02      % of lits tried)
c called                   : 60          (34406.67  % ran out of time)
c --> watch-based on red cls
c time                     : 0.37        (0.01      s/call)
c shrinked/tried/total     : 953        /154332/180760
c subsumed/tried/total     : 277        /154332/180760
c lits-rem                 : 1368        (0.13      % of lits tried)
c called                   : 60          (44046.67  % ran out of time)
c -------- STRENGTHEN STATS END --------
c -------- IMPLICIT SUB  STATS --------
c time                     : 0.03        (0.00      per call)
c timed out                : 0           (0.00      % of calls)
c rem bins                 : 166         
c -------- IMPLICIT SUB STATS END --------
c Mem used                 : 57          MB
c Mem for longclauses      : 1           MB (3.19      %)
c Mem for watch alloc      : 17          MB (29.76     %)
c Mem for watch array      : 0           MB (0.11      %)
c Mem for assings&vardata  : 0           MB (0.13      %)
c Mem for search&solve     : 0           MB (0.31      %)
c Mem for renumberer       : 0           MB (0.05      %)
c Mem for occsimplifier    : 1           MB (2.50      %)
c Mem for varReplacer&SCC  : 0           MB (0.10      %)
c Mem for impl subsume     : 0           MB (0.00      %)
c Mem for 3 distills       : 0           MB (0.00      %)
c Accounted for mem (rss)  : 36.15       %
c Accounted for mem (vm)   : 34.41       %
c restarts                 : 1329        (593.76    confls per restart)
c blocked restarts         : 0           (0.00      per normal restart)
c time                     : 102.74      
c decisions                : 842125      (0.00      % random)
c propagations             : 34M         (334K      props/s)
c decisions/conflicts      : 1.07        
c conflicts                : 789112      
c conf lits non-minim      : 151468663   (191.95    lit/confl)
c conf lits final          : 30.26       
c red which0               : 1045        (0.13      % of confl)
c props/decision           : 0.00        
c props/conflict           : 0.00        
c 0-depth assigns          : 622         (44.30     % vars)
c 0-depth assigns by CNF   : 0           (0.00      % vars)
c reduceDB time            : 0.31        (0.29      % time)
c OccSimplifier time       : 2.51        (2.38      % time)
c [occur] 0.27 is overhead
c [occur] link-in T: 0.21 cleanup T: 0.05
c [occ-substr] long subBySub: 3813 subByStr: 151 lits-rem-str: 1032 T: 2.20
c SCC time                 : 0.01        (0.01      % time)
c [scc] new: 10 BP 0M  T: 0.01
c vrep replace time        : 0.17        (0.16      % time)
c vrep tree roots          : 6           
c vrep trees' crown        : 10          (1.67      leafs/tree)
c distill long time        : 2.42        (2.30      % time)
c distill bin time         : 0.34        (0.32      % time)
c strength cache-irred time: 0.37        (0.35      % time)
c strength cache-red time  : 0.37        (0.35      % time)
c avg cls in red 0         : 2985.73     
c avg cls in red 1         : 2932.28     
c avg cls in red 2         : 42544.89    
c Conflicts in UIP         : 789112      (7482.03   confl/time_this_thread)
c Max Memory (rss) used    : 68108 kB    
c Total time (this thread) : 105.47      
s UNSATISFIABLE
c [g 0] truth-find prop checks  : 964K
c [g 0] -> of which prop        : 26.54 %
c [g 0] -> of which confl       :  1.22 %
c [g 0] elim called             : 95K
c [g 0] ---> which lead to prop : 41.00 %
c [g 0] ---> which lead to confl:  0.55 %
c [g 0] size: 68    x 502  

real	1m46.567s
user	1m45.469s
sys	0m0.102s
