c BreakID not compiled in, disabling
c CryptoMiniSat version 5.11.19
c CMS Copyright (C) 2009-2020 Authors of CryptoMiniSat, see AUTHORS file
c CMS SHA revision b80e09ebd7703fc13b987401d693d7d406a50441
c Using VMTF code by Armin Biere from CaDiCaL
c Using Yalsat by Armin Biere, see Balint et al. Improving implementation of SLS solvers [...], SAT'14
c Using WalkSAT by Henry Kautz, see Kautz and Selman Pushing the envelope: planning, propositional logic, and stochastic search, AAAI'96,
c CMS is MIT licensed
c Using code from 'When Boolean Satisfiability Meets Gauss-E. in a Simplex Way'
c       by C.-S. Han and J.-H. Roland Jiang in CAV 2012. Fixes by M. Soos
c Using CCAnr from 'CCAnr: A Conf. Checking Based Local Search Solver [...]'
c       by Shaowei Cai, Chuan Luo, and Kaile Su, SAT 2015
c CMS compilation env CMAKE_CXX_COMPILER = /usr/bin/c++ | CMAKE_CXX_FLAGS =  -fvisibility=hidden -Wall -Wextra -Wunused -Wsign-compare -fno-omit-frame-pointer -Wtype-limits -Wuninitialized -Wno-deprecated -Wstrict-aliasing -Wpointer-arith -Wpointer-arith -Wformat-nonliteral -Winit-self -Wparentheses -Wunreachable-code -g -Wno-class-memaccess -mpopcnt -msse4.2 -ggdb3 -Wlogical-op -Wrestrict -Wnull-dereference -Wdouble-promotion -Wshadow -Wformat=2 -Wextra-semi -pedantic | COMPILE_DEFINES =  -DRDB0_ONLY_FEATURES -DUSE_ZLIB -DYALSAT_FPU | STATICCOMPILE = OFF | ONLY_SIMPLE =  | STATS = OFF | SQLITE3_FOUND =  | ZLIB_FOUND = TRUE | VALGRIND_FOUND =  | ENABLE_TESTING = OFF | SLOW_DEBUG = OFF | ENABLE_ASSERTIONS = ON | PYTHON_EXECUTABLE =  | PYTHON_LIBRARY =  | PYTHON_INCLUDE_DIRS =  | MY_TARGETS =  | LARGEMEM = OFF | LIMITMEM = OFF | BREAKID_LIBRARIES =  | BREAKID-VER = . | BOSPHORUS_LIBRARIES =  | BOSPH-VER = . | compilation date time = Jul 13 2026 14:05:03
c CMS compiled with gcc version 11.5.0 20240719 (Red Hat 11.5.0-5)
c Executed with command line: ./cryptominisat5 ./instances/IC_S4/Xn19l6-323-S.dimacs
c Reading file './instances/IC_S4/Xn19l6-323-S.dimacs'
c -- header says num vars:            767
c -- header says num clauses:        2416
c -- clauses added: 2364
c -- xor clauses added: 52
c -- vars added 767
c Parsing time: 0.00 s
c [find&init matx] performing matrix init
c [gauss] XOR-encoding clauses are not detached, so no need to reattach them.
c [xor-rem-unconnected] left with 50 xors from 50 non-empty xors T: 0.00
c [xor-together] xored together: 0 orig xors: 50 new xors: 50 T: 0.00
c [xor-rem-unconnected] left with 50 xors from 50 non-empty xors T: 0.00
c [xor-clean-equiv] removed equivalent xors: 0 left with: 50
c [matrix] unused xors from cleaning: 0
c [matrix] Good   matrix  0     50 x  765  density:0.1196  xorlen avg: 91.46
c [matrix] Using 1 matrices recovered from 0 xors T: 0.00 T-out: N
c [branch] adjusting to: vsid (from: vsid) var_decay:0.95 descr: VSIDS
c rst  geom  stb   vs     1   112    2962 18608  1652    3.97    3.81     5    42    63     2  113.23  111.24
c rst  geom  stb   vs     2   235    2962 18608  1652    3.97    3.81     5    50   177     3   93.38   92.22
c  res  pol bran  nres  conf freevar  IrrL  IrrB l/longC  l/allC RedL0 RedL1 RedL2  RedB l/longC  l/allC
c rst  geom  stb   vs     3   370    2962 18608  1652    3.97    3.81     5    50   312     3   76.99   76.38
c rst  geom  stb   vs     4   518    2962 18608  1652    3.97    3.81     5    50   460     3   72.45   72.04
c rst  geom  stb   vs     5   680    2962 18608  1652    3.97    3.81     5    50   622     3   68.21   67.92
c rst  geom  stb   vs     6   858    2962 18608  1652    3.97    3.81     5    50   800     3   66.52   66.29
c rst  geom  stb   vs     7  1053    2962 18608  1652    3.97    3.81     5    50   995     3   64.92   64.74
c rst  geom  stb   vs     8  1267    2962 18608  1652    3.97    3.81     5    50  1209     3   64.33   64.18
c rst  geom  stb   vs     9  1502    2962 18608  1652    3.97    3.81     5    50  1443     4   61.83   61.67
c rst  geom  stb   vs    10  1760    2962 18608  1652    3.97    3.81     5    50  1699     6   58.76   58.56
c rst  geom  stb   vs    11  2042    2962 18608  1652    3.97    3.81     5    50  1981     6   56.64   56.48
c rst  geom  stb   vs    12  2352    2962 18608  1652    3.97    3.81     5    50  2291     6   55.46   55.32
c rst  geom  stb   vs    13  2693    2962 18608  1652    3.97    3.81     5    50  2632     6   53.88   53.77
c rst  geom  stb   vs    14  3066    2962 18608  1652    3.97    3.81     5    50  3005     6   51.54   51.44
c rst  geom  stb   vs    15  3477    2962 18608  1652    3.97    3.81     5    50  3416     6   48.85   48.77
c rst  geom  stb   vs    16  3927    2962 18608  1652    3.97    3.81     5    50  3866     6   47.83   47.76
c rst  geom  stb   vs    17  4421    2962 18608  1652    3.97    3.81     5    50  4360     6   46.71   46.65
c rst  geom  stb   vs    18  4964    2962 18608  1652    3.97    3.81     5    50  4903     6   44.79   44.74
c rst  geom  stb   vs    19  5562    2962 18608  1652    3.97    3.81     5    50  5501     6   44.25   44.20
c [branch] adjusting to: vmtf (from: vsid) var_decay:0.95 descr: VMTF
c [distill-long-red0] cls tried: 5/5 T: 0.00 T-out: N T-r: 100.00%
c [distill-long-red1] cls tried: 50/50 T: 0.00 T-out: N T-r: 97.62%
c rst  luby ibes  vmt    20  5664    2962 18608  1652    3.97    3.81    12    58  5587     7   44.07   44.01
c rst  luby ibes  vmt    21  5766    2962 18608  1652    3.97    3.81    12    58  5689     7   44.57   44.52
c rst  luby ibes  vmt    22  5968    2962 18608  1652    3.97    3.81    12    58  5891     7   44.66   44.61
c rst  luby ibes  vmt    23  6070    2962 18608  1652    3.97    3.81    12    58  5993     7   44.74   44.70
c rst  luby ibes  vmt    24  6171    2962 18608  1652    3.97    3.81    12    58  6094     7   44.81   44.76
c rst  luby ibes  vmt    25  6373    2962 18608  1652    3.97    3.81    12    58  6296     7   44.78   44.74
c rst  luby ibes  vmt    26  6774    2962 18608  1652    3.97    3.81    12    58  6697     7   45.06   45.01
c rst  luby ibes  vmt    27  6876    2962 18608  1652    3.97    3.81    12    58  6799     7   45.23   45.18
c rst  luby ibes  vmt    28  6977    2962 18608  1652    3.97    3.81    12    58  6899     8   45.31   45.26
c rst  luby ibes  vmt    29  7178    2962 18608  1652    3.97    3.81    12    58  7099     9   45.31   45.26
c rst  luby ibes  vmt    30  7279    2962 18608  1652    3.97    3.81    12    58  7200     9   45.07   45.01
c rst  luby ibes  vmt    31  7381    2962 18608  1652    3.97    3.81    12    58  7302     9   44.84   44.79
c rst  luby ibes  vmt    32  7582    2962 18608  1652    3.97    3.81    12    58  7503     9   44.53   44.48
c rst  luby ibes  vmt    33  7984    2962 18608  1652    3.97    3.81    12    58  7905     9   43.91   43.86
c rst  luby ibes  vmt    34  8786    2962 18608  1652    3.97    3.81    12    58  8707     9   44.45   44.41
c rst  luby ibes  vmt    35  8888    2962 18608  1652    3.97    3.81    12    58  8809     9   44.44   44.39
c rst  luby ibes  vmt    36  8990    2962 18608  1652    3.97    3.81    12    58  8911     9   44.42   44.38
c rst  luby ibes  vmt    37  9192    2962 18608  1652    3.97    3.81    12    58  9113     9   44.20   44.16
c rst  luby ibes  vmt    38  9294    2962 18608  1652    3.97    3.81    12    58  9215     9   44.10   44.06
c rst  luby ibes  vmt    39  9396    2962 18608  1652    3.97    3.81    12    58  9317     9   44.11   44.07
c rst  luby ibes  vmt    40  9598    2962 18608  1652    3.97    3.81    12    58  9519     9   43.96   43.92
c rst  luby ibes  vmt    41  9999    2962 18608  1652    3.97    3.81    12    58  9920     9   43.96   43.92
c rst  luby ibes  vmt    42 10100    2962 18608  1652    3.97    3.81    33    37 10021     9   43.86   43.83
c rst  luby ibes  vmt    43 10202    2962 18608  1652    3.97    3.81    33    37 10123     9   43.83   43.79
c rst  luby ibes  vmt    44 10404    2962 18608  1652    3.97    3.81    33    37 10325     9   43.65   43.61
c rst  luby ibes  vmt    45 10505    2962 18608  1652    3.97    3.81    33    37 10426     9   43.53   43.49
c rst  luby ibes  vmt    46 10606    2962 18608  1652    3.97    3.81    33    37 10527     9   43.41   43.38
c rst  luby ibes  vmt    47 10808    2962 18608  1652    3.97    3.81    33    37 10729     9   43.20   43.17
c rst  luby  svd  vmt    48 11209    2962 18608  1652    3.97    3.81    33    37 11130     9   45.15   45.12
c rst  luby  svd  vmt    49 12011    2962 18608  1652    3.97    3.81    33    37 11932     9   46.18   46.15
c [branch] adjusting to: vsid (from: vmtf) var_decay:0.95 descr: VSIDS
c [distill-bin] useful: 4/1652/1652 lits-rem: 0 cl-rem: 4 0-depth-assigns: 0 T: 0.01 T-out: N
c rst  geom  svd   vs    50 12123    2962 18608  1648    3.97    3.81    33    37 12043    10   46.14   46.11
c rst  geom  svd   vs    51 12245    2962 18608  1648    3.97    3.81    33    37 12165    10   46.01   45.98
c rst  geom  svd   vs    52 12379    2962 18608  1648    3.97    3.81    33    37 12299    10   45.82   45.78
c rst  geom  svd   vs    53 12527    2962 18608  1648    3.97    3.81    33    37 12447    10   45.66   45.63
c rst  geom  svd   vs    54 12688    2962 18608  1648    3.97    3.81    33    37 12608    10   45.62   45.58
c rst  geom  svd   vs    55 12866    2962 18608  1648    3.97    3.81    33    37 12786    10   45.56   45.53
c rst  geom  svd   vs    56 13060    2962 18608  1648    3.97    3.81    33    37 12980    10   45.50   45.46
c rst  geom  svd   vs    57 13274    2962 18608  1648    3.97    3.81    33    37 13194    10   45.48   45.45
c rst  geom  svd   vs    58 13509    2962 18608  1648    3.97    3.81    33    37 13429    10   45.38   45.35
c rst  geom  svd   vs    59 13767    2962 18608  1648    3.97    3.81    33    37 13687    10   45.13   45.10
c rst  geom  svd   vs    60 14049    2962 18608  1648    3.97    3.81    33    37 13969    10   44.89   44.86
c rst  geom  svd   vs    61 14359    2962 18608  1648    3.97    3.81    33    37 14279    10   44.78   44.75
c rst  geom  svd   vs    62 14700    2962 18608  1648    3.97    3.81    33    37 14619    11   44.43   44.40
c rst  geom  svd   vs    63 15074    2962 18608  1648    3.97    3.81    33    39 12737    11   42.06   42.03
c rst  geom  svd   vs    64 15484    2962 18608  1648    3.97    3.81    33    39 13147    11   41.46   41.42
c rst  geom  svd   vs    65 15934    2962 18608  1648    3.97    3.81    33    39 13597    11   40.87   40.84
c rst  geom  svd   vs    66 16428    2962 18608  1648    3.97    3.81    33    39 14091    11   40.40   40.37
c rst  geom best   vs    67 16971    2962 18608  1648    3.97    3.81    33    39 14634    11   41.79   41.76
c rst  geom best   vs    68 17568    2962 18608  1648    3.97    3.81    33    39 15231    11   41.95   41.92
c rst  geom best   vs    69 18225    2962 18608  1648    3.97    3.81    33    39 15888    11   42.71   42.68
c [branch] adjusting to: vmtf (from: vsid) var_decay:0.95 descr: VMTF
c rst  luby best  vmt    70 18326    2962 18608  1648    3.97    3.81    33    39 15989    11   42.67   42.64
c rst  luby best  vmt    71 18428    2962 18608  1648    3.97    3.81    33    39 16091    11   42.65   42.63
c rst  luby best  vmt    72 18629    2962 18608  1648    3.97    3.81    33    39 16292    11   42.72   42.70
c rst  luby best  vmt    73 18730    2962 18608  1648    3.97    3.81    33    39 16393    11   42.88   42.86
c rst  luby best  vmt    74 18831    2962 18608  1648    3.97    3.81    33    39 16494    11   42.88   42.85
c rst  luby best  vmt    75 19034    2962 18608  1648    3.97    3.81    33    39 16696    12   42.92   42.89
c rst  luby best  vmt    76 19435    2962 18608  1648    3.97    3.81    33    39 17097    12   43.01   42.98
c rst  luby best  vmt    77 19536    2962 18608  1648    3.97    3.81    33    39 17198    12   43.05   43.02
c rst  luby best  vmt    78 19638    2962 18608  1648    3.97    3.81    33    39 17300    12   43.14   43.11
c rst  luby best  vmt    79 19839    2962 18608  1648    3.97    3.81    33    39 17501    12   43.04   43.01
c rst  luby best  vmt    80 19940    2962 18608  1648    3.97    3.81    33    39 17602    12   43.06   43.03
c rst  luby best  vmt    81   20K    2962 18608  1648    3.97    3.81    33    39 17704    12   43.05   43.02
c [full-probe]  bin_only: 1 set: 0 repl: 0 T: 0.00 T-out: N T-r: 99.88%
c rst  luby best  vmt    82   20K    2962 18608  1648    3.97    3.81    33    39 17906    18   43.09   43.05
c rst  luby best  vmt    83   20K    2962 18608  1648    3.97    3.81    33    39 18307    18   43.08   43.04
c [distill-long-red0] cls tried: 9/9 T: 0.00 T-out: N T-r: 100.00%
c [distill-long-red1] cls tried: 8/8 T: 0.00 T-out: N T-r: 98.21%
c rst  luby best  vmt    84   21K    2962 18608  1648    3.97    3.81    32    39 19108    19   43.11   43.07
c rst  luby best  vmt    85   21K    2962 18608  1648    3.97    3.81    32    39 19210    19   43.13   43.09
c rst  luby best  vmt    86   21K    2962 18608  1648    3.97    3.81    32    39 19312    19   43.11   43.07
c rst  luby  stb  vmt    87   21K    2962 18608  1648    3.97    3.81    32    39 19513    19   43.08   43.04
c rst  luby  stb  vmt    88   21K    2962 18608  1648    3.97    3.81    32    39 19615    19   43.01   42.97
c rst  luby  stb  vmt    89   22K    2962 18608  1648    3.97    3.81    32    39 19717    19   42.93   42.89
c rst  luby  stb  vmt    90   22K    2962 18608  1648    3.97    3.81    32    39 19919    19   42.77   42.73
c rst  luby  stb  vmt    91   22K    2962 18608  1648    3.97    3.81    32    39   20K    19   42.54   42.50
c rst  luby  stb  vmt    92   22K    2962 18608  1648    3.97    3.81    32    39   20K    19   42.45   42.41
c rst  luby  stb  vmt    93   22K    2962 18608  1648    3.97    3.81    32    39   20K    19   42.38   42.34
c rst  luby  stb  vmt    94   23K    2962 18608  1648    3.97    3.81    32    39   20K    19   42.36   42.32
c rst  luby  stb  vmt    95   23K    2962 18608  1648    3.97    3.81    32    39   20K    19   42.30   42.26
c rst  luby  stb  vmt    96   23K    2962 18608  1648    3.97    3.81    32    39   20K    19   42.22   42.18
c rst  luby  stb  vmt    97   23K    2962 18608  1648    3.97    3.81    32    39   21K    19   42.07   42.03
c rst  luby  stb  vmt    98   23K    2962 18608  1648    3.97    3.81    32    39   21K    19   42.12   42.09
c rst  luby  stb  vmt    99   24K    2962 18608  1648    3.97    3.81    32    39   22K    19   41.52   41.49
c rst  luby  stb  vmt   100   26K    2962 18608  1648    3.97    3.81    32    39   23K    19   40.49   40.46
c [branch] adjusting to: vsid (from: vmtf) var_decay:0.95 descr: VSIDS
c [distill] watch-based irred--  cl tried     1428 cl-sh     0 cl-rem    4 lit-rem      0 T: 0.00 T-out: N
c [distill] watch-based   red--  cl tried       64 cl-sh     0 cl-rem    0 lit-rem      0 T: 0.00 T-out: N
c rst  geom  stb   vs   101   26K    2962 18604  1652    3.97    3.81    32    39   24K    15   40.48   40.45
c rst  geom  stb   vs   102   26K    2962 18604  1652    3.97    3.81    32    39   24K    15   40.39   40.37
c rst  geom  stb   vs   103   26K    2962 18604  1652    3.97    3.81    32    39   24K    15   40.30   40.28
c rst  geom  stb   vs   104   26K    2962 18604  1652    3.97    3.81    32    39   24K    16   40.27   40.25
c rst  geom  stb   vs   105   26K    2962 18604  1652    3.97    3.81    32    39   24K    16   40.21   40.19
c rst  geom ibes   vs   106   27K    2962 18604  1652    3.97    3.81    32    39   24K    16   40.17   40.15
c rst  geom ibes   vs   107   27K    2962 18604  1652    3.97    3.81    32    39   24K    16   40.13   40.11
c rst  geom ibes   vs   108   27K    2962 18604  1652    3.97    3.81    32    39   25K    16   40.08   40.06
c rst  geom ibes   vs   109   27K    2962 18604  1652    3.97    3.81    32    39   25K    16   39.98   39.96
c rst  geom ibes   vs   110   28K    2962 18604  1652    3.97    3.81    32    39   25K    16   39.86   39.84
c rst  geom ibes   vs   111   28K    2962 18604  1652    3.97    3.81    32    39   25K    16   39.69   39.66
c rst  geom ibes   vs   112   28K    2962 18604  1652    3.97    3.81    32    39   26K    16   39.54   39.52
c rst  geom ibes   vs   113   28K    2962 18604  1652    3.97    3.81    32    39   26K    16   39.38   39.36
c rst  geom ibes   vs   114   29K    2962 18604  1652    3.97    3.81    32    39   26K    16   39.39   39.37
c rst  geom ibes   vs   115   29K    2962 18604  1652    3.97    3.81    32    39   27K    16   39.29   39.27
c rst  geom ibes   vs   116   30K    2962 18604  1652    3.97    3.81    32    39   21K    16   38.63   38.61
c rst  geom ibes   vs   117   30K    2962 18604  1652    3.97    3.81    32    39   21K    16   38.59   38.56
c rst  geom ibes   vs   118   31K    2962 18604  1652    3.97    3.81    32    39   22K    16   38.64   38.61
c rst  geom ibes   vs   119   31K    2962 18604  1652    3.97    3.81    32    39   23K    16   38.46   38.43
c rst  geom ibes   vs   120   32K    2962 18604  1652    3.97    3.81    32    39   23K    16   38.72   38.70
c [distill-bin] useful: 0/1652/1652 lits-rem: 0 cl-rem: 0 0-depth-assigns: 0 T: 0.01 T-out: N
c rst  geom  svd   vs   121   33K    2962 18604  1652    3.97    3.81    34    41   24K    16   38.83   38.80
c rst  geom  svd   vs   122   34K    2962 18604  1652    3.97    3.81    34    41   25K    16   38.89   38.87
c [branch] adjusting to: vmtf (from: vsid) var_decay:0.95 descr: VMTF
c rst  luby  svd  vmt   123   34K    2962 18604  1652    3.97    3.81    34    41   25K    16   38.88   38.85
c rst  luby  svd  vmt   124   34K    2962 18604  1652    3.97    3.81    34    41   25K    16   38.86   38.84
c rst  luby  svd  vmt   125   34K    2962 18604  1652    3.97    3.81    34    41   25K    16   38.82   38.79
c rst  luby  svd  vmt   126   34K    2962 18604  1652    3.97    3.81    34    41   25K    16   38.84   38.82
c rst  luby  svd  vmt   127   34K    2962 18604  1652    3.97    3.81    34    41   25K    16   38.85   38.83
c rst  luby  svd  vmt   128   34K    2962 18604  1652    3.97    3.81    34    41   26K    16   38.79   38.77
c rst  luby  svd  vmt   129   35K    2962 18604  1652    3.97    3.81    34    41   26K    16   38.75   38.73
c rst  luby  svd  vmt   130   35K    2962 18604  1652    3.97    3.81    34    41   26K    16   38.70   38.68
c rst  luby  svd  vmt   131   35K    2962 18604  1652    3.97    3.81    34    41   26K    16   38.65   38.63
c rst  luby  svd  vmt   132   35K    2962 18604  1652    3.97    3.81    34    41   26K    16   38.53   38.51
c rst  luby  svd  vmt   133   35K    2962 18604  1652    3.97    3.81    34    41   26K    16   38.46   38.44
c [distill-long-red0] cls tried: 2/2 T: 0.00 T-out: N T-r: 100.00%
c [distill-long-red1] cls tried: 2/2 T: 0.00 T-out: N T-r: 98.84%
c rst  luby  svd  vmt   134   35K    2962 18604  1652    3.97    3.81    34    41   27K    16   38.39   38.37
c rst  luby  svd  vmt   135   36K    2962 18604  1652    3.97    3.81    34    41   27K    16   38.25   38.23
c rst  luby  svd  vmt   136   36K    2962 18604  1652    3.97    3.81    34    41   27K    16   37.99   37.97
c rst  luby  svd  vmt   137   37K    2962 18604  1652    3.97    3.81    34    41   28K    16   37.42   37.41
c rst  luby  svd  vmt   138   37K    2962 18604  1652    3.97    3.81    34    41   28K    16   37.36   37.34
c rst  luby  svd  vmt   139   37K    2962 18604  1652    3.97    3.81    34    41   28K    16   37.29   37.27
c rst  luby  svd  vmt   140   37K    2962 18604  1652    3.97    3.81    34    41   28K    16   37.16   37.14
c rst  luby  svd  vmt   141   37K    2962 18604  1652    3.97    3.81    34    41   28K    16   37.09   37.07
c rst  luby  svd  vmt   142   37K    2962 18604  1652    3.97    3.81    34    41   29K    16   37.02   37.00
c rst  luby  svd  vmt   143   38K    2962 18604  1652    3.97    3.81    34    41   29K    16   36.89   36.87
c rst  geom best  vmt   144   38K    2962 18604  1652    3.97    3.81    34    41   29K    16   36.83   36.81
c rst  geom best  vmt   145   38K    2962 18604  1652    3.97    3.81    34    41   29K    16   36.76   36.74
c rst  geom best  vmt   146   38K    2962 18604  1652    3.97    3.81    34    41   29K    16   36.69   36.67
c rst  geom best  vmt   147   38K    2962 18604  1652    3.97    3.81    34    41   29K    16   36.60   36.59
c rst  geom best  vmt   148   38K    2962 18604  1652    3.97    3.81    34    41   29K    16   36.53   36.51
c rst  geom best  vmt   149   38K    2962 18604  1652    3.97    3.81    34    41   30K    16   36.44   36.42
c rst  geom best  vmt   150   39K    2962 18604  1652    3.97    3.81    34    41   30K    16   36.34   36.32
c rst  geom best  vmt   151   39K    2962 18604  1652    3.97    3.81    34    41   30K    16   36.23   36.21
c rst  geom best  vmt   152   39K    2962 18604  1652    3.97    3.81    34    41   30K    16   36.11   36.09
c rst  geom best  vmt   153   39K    2962 18604  1652    3.97    3.81    34    41   30K    16   35.97   35.96
c rst  geom best  vmt   154   40K    2962 18604  1652    3.97    3.81    36    39   31K    16   35.82   35.80
c [full-probe]  bin_only: 0 set: 0 repl: 0 T: 0.01 T-out: N T-r: 98.16%
c [impl-str] lit bin: 0 set-var: 0 T: 0.00 T-out: N T-r: 99.95% w-visit: 5924
c [impl-sub] bin: 9 T: 0.00 T-out: N w-visit: 5924
c rst  geom best  vmt   155   40K    2962 18604  1652    3.97    3.81    36    39   31K     7   35.67   35.66
c rst  geom best  vmt   156   40K    2962 18604  1652    3.97    3.81    36    39   31K     7   35.49   35.49
c rst  geom best  vmt   157   41K    2962 18604  1652    3.97    3.81    36    39   32K     7   35.30   35.29
c rst  geom best  vmt   158   41K    2962 18604  1652    3.97    3.81    36    39   32K     7   35.26   35.25
c rst  geom best  vmt   159   41K    2962 18604  1652    3.97    3.81    36    39   33K     7   35.07   35.06
c rst  geom best  vmt   160   42K    2962 18604  1652    3.97    3.81    36    39   33K     7   34.89   34.89
c [branch] adjusting to: vsid (from: vmtf) var_decay:0.95 descr: VSIDS
c rst  geom best   vs   161   42K    2962 18604  1652    3.97    3.81    36    39   33K     7   34.87   34.87
c rst  geom best   vs   162   42K    2962 18604  1652    3.97    3.81    36    39   33K     7   34.83   34.83
c rst  geom best   vs   163   42K    2962 18604  1652    3.97    3.81    36    39   34K     7   34.81   34.80
c rst  geom best   vs   164   42K    2962 18604  1652    3.97    3.81    36    39   34K     7   34.76   34.75
c rst  geom best   vs   165   43K    2962 18604  1652    3.97    3.81    36    39   34K     7   34.77   34.76
c rst  geom best   vs   166   43K    2962 18604  1652    3.97    3.81    36    39   34K     7   34.77   34.76
c rst  geom best   vs   167   43K    2962 18604  1652    3.97    3.81    36    39   34K     7   34.75   34.74
c rst  geom  stb   vs   168   43K    2962 18604  1652    3.97    3.81    36    39   34K     7   34.72   34.71
c rst  geom  stb   vs   169   43K    2962 18604  1652    3.97    3.81    36    39   35K     7   34.73   34.73
c rst  geom  stb   vs   170   44K    2962 18604  1652    3.97    3.81    36    39   35K     7   34.70   34.69
c [ccnr] tries: 0 steps: 262143 best found: 15
c [ccnr] tries: 0 steps: 524287 best found: 15
c [ccnr] tries: 0 steps: 786431 best found: 15
c [ccnr] saving best assignment phase to stable_polar
c [ccnr] bumping based on clause weights
c [ccnr] Bumped vars: 101 bump type: 6
c [ccnr] time: 0.61
c rst  geom  stb   vs   171   44K    2962 18604  1652    3.97    3.81    36    39   35K     7   34.72   34.71
c rst  geom  stb   vs   172   44K    2962 18604  1652    3.97    3.81    36    39   36K     7   34.78   34.77
c rst  geom  stb   vs   173   45K    2962 18604  1652    3.97    3.81    36    39   28K     7   33.44   33.44
c rst  geom  stb   vs   174   45K    2962 18604  1652    3.97    3.81    36    39   29K     7   33.46   33.45
c rst  geom  stb   vs   175   45K    2962 18604  1652    3.97    3.81    36    39   29K     7   33.43   33.42
c rst  geom  stb   vs   176   46K    2962 18604  1652    3.97    3.81    36    39   29K     7   33.44   33.43
c rst  geom  stb   vs   177   46K    2962 18604  1652    3.97    3.81    36    39   30K     7   33.48   33.48
c rst  geom  stb   vs   178   47K    2962 18604  1652    3.97    3.81    36    39   30K     7   33.44   33.44
c rst  geom  stb   vs   179   48K    2962 18604  1652    3.97    3.81    36    39   31K     7   33.39   33.38
c rst  geom  stb   vs   180   48K    2962 18604  1652    3.97    3.81    36    39   32K     7   33.53   33.52
c rst  geom  stb   vs   181   49K    2962 18604  1652    3.97    3.81    36    39   32K     7   33.39   33.39
c rst  geom ibes   vs   182   50K    2962 18604  1652    3.97    3.81    37    38   33K     7   33.70   33.69
c [gauss] XOR-encoding clauses are not detached, so no need to reattach them.
c [g 0] truth-find prop checks  : 449K
c [g 0] -> of which prop        : 59.35 %
c [g 0] -> of which confl       :  5.38 %
c [g 0] elim called             : 42K
c [g 0] ---> which lead to prop : 31.85 %
c [g 0] ---> which lead to confl:  1.98 %
c [g 0] size: 50    x 765  
c [scc] new: 6 BP 0M T: 0.00
c [vrep] vars 6 lits 16850 rem-bin-cls 24 rem-long-cls 0 BP 0M T: 0.02
c [scc] new: 0 BP 0M T: 0.00
c [vrep] vars 0 lits 0 rem-bin-cls 0 rem-long-cls 0 BP 0M T: 0.00
c [intree] Set 0 vars hyper-added: 739 trans-irred: 0 trans-red: 5 T: 0.01 T-out: N T-r: -0.20%
c [find&init matx] performing matrix init
c [gauss] XOR-encoding clauses are not detached, so no need to reattach them.
c [xor-rem-unconnected] left with 50 xors from 50 non-empty xors T: 0.00
c [xor-together] xored together: 0 orig xors: 50 new xors: 50 T: 0.00
c [xor-rem-unconnected] left with 50 xors from 50 non-empty xors T: 0.00
c [xor-clean-equiv] removed equivalent xors: 0 left with: 50
c [matrix] unused xors from cleaning: 0
c [matrix] Good   matrix 0 50      x761    density:0.1190  xorlen avg: 90.58
c [matrix] Using 1 matrices recovered from 0 xors T: 0.00 T-out: N
c rst  geom ibes vs   183   51  K 2956    18604  1640 3.97    3.81       37    38   34K   741 33.57   32.91  
c [distill-long-red0] cls tried: 0/0 T: 0.00 T-out: N T-r: 100.00%
c [distill-long-red1] cls tried: 0/0 T: 0.00 T-out: N T-r: 100.00%
c rst  geom ibes vs   184   52  K 2956    18604  1640 3.97    3.81       37    38   35K   741 33.69   33.05  
c [distill] watch-based irred--  cl tried 1424     cl-sh 0     cl-rem 0    lit-rem 0      T: 0.00 T-out: N
c [distill] watch-based red  --  cl tried 74       cl-sh 0     cl-rem 0    lit-rem 0      T: 0.00 T-out: N
c rst  geom ibes vs   185   53  K 2956    18604  1640 3.97    3.81       37    38   36K   741 33.67   33.04  
c [branch] adjusting to: vmtf (from: vsid) var_decay:0.95 descr: VMTF
c [distill-bin] useful: 0/1640/1640 lits-rem: 0 cl-rem: 0 0-depth-assigns: 0 T: 0.01 T-out: N
c rst  luby ibes vmt  186   53  K 2956    18604  1640 3.97    3.81       37    40   36K   741 33.82   33.19  
c rst  luby ibes vmt  187   53  K 2956    18604  1640 3.97    3.81       38    43   36K   741 33.78   33.16  
c rst  luby ibes vmt  188   53  K 2956    18604  1640 3.97    3.81       41    47   37K   741 33.81   33.19  
c rst  luby ibes vmt  189   53  K 2956    18604  1640 3.97    3.81       41    51   37K   741 33.82   33.20  
c rst  luby ibes vmt  190   53  K 2956    18604  1640 3.97    3.81       41    56   37K   741 33.83   33.21  
c rst  luby ibes vmt  191   53  K 2956    18604  1640 3.97    3.81       41    71   37K   741 33.97   33.35  
c rst  luby ibes vmt  192   54  K 2956    18604  1640 3.97    3.81       44    78   37K   741 34.11   33.49  
c rst  luby ibes vmt  193   54  K 2956    18604  1640 3.97    3.81       46    79   37K   741 34.10   33.49  
c rst  luby ibes vmt  194   54  K 2956    18604  1640 3.97    3.81       46    84   38K   741 34.11   33.50  
c rst  luby ibes vmt  195   54  K 2956    18604  1640 3.97    3.81       48    87   38K   741 34.18   33.57  
c rst  luby ibes vmt  196   54  K 2956    18604  1640 3.97    3.81       48    90   38K   741 34.22   33.62  
c rst  luby ibes vmt  197   54  K 2956    18604  1640 3.97    3.81       48    91   38K   741 34.27   33.67  
c rst  luby ibes vmt  198   55  K 2956    18604  1640 3.97    3.81       50   101   38K   741 34.28   33.67  
c rst  luby svd  vmt  199   55  K 2956    18604  1640 3.97    3.81       54   110   39K   741 34.54   33.94  
c rst  luby svd  vmt  200   56  K 2956    18604  1640 3.97    3.81       59   122   39K   741 34.76   34.16  
c recursive minimization cost OK: 240Kcost/(% lits removed)
c [gauss] XOR-encoding clauses are not detached, so no need to reattach them.
c [g 0] truth-find prop checks  : 112K
c [g 0] -> of which prop        : 44.22 %
c [g 0] -> of which confl       :  3.44 %
c [g 0] elim called             : 17772
c [g 0] ---> which lead to prop :  8.84 %
c [g 0] ---> which lead to confl:  0.47 %
c [g 0] size: 50    x 761  
c --> Executing strategy token: scc-vrepl
c [scc] new: 0 BP 0M T: 0.00
c --> Executing strategy token: sub-impl
c [impl-sub] bin: 0 T: 0.00 T-out: N w-visit: 5924
c --> Executing strategy token: breakid
c --> Executing OCC strategy token(s): 'occ-backw-sub-str,occ-clean-implicit,occ-bve,occ-bva,occ-ternary-res,occ-xor,'
c [occ] mem usage for occur 1      MB
c [occ] Linked in IRRED BIN by default: 1640
c [occ] Linked in RED   BIN by default: 741
c [occ] mem usage for occur 0      MB
c Mem for watch alloc      : 3           MB (14.56     %)
c Mem for watch array      : 0           MB (0.75      %)
c --> Executing OCC strategy token: occ-backw-sub-str
c [occ-backw-sub-str-long-w-bins] subs: 0 str: 4 tried: 2381 0-depth ass: 0 T: 0.00 T-out: N T-r: 99.46%
c [occ-backw-sub-long-w-long] rem cl: 9 tried: 58387/58387 (100.0%) T: 0.01 T-out: N T-r: 96.61%
c [occ-backw-sub-str-long-w-long] sub: 0 str: 0 tried: 175161/58387 (300.0)  T: 0.05 T-out: N T-r: 89.03%
c --> Executing OCC strategy token: occ-clean-implicit
c --> Executing OCC strategy token: occ-bve
c [occ-empty-res] Empty resolvent elimed: 0 T: 0.00 T-out: N
c [occ-bve] iter v-elim 9
c cl_inc_rate=1.0, var_dec_rate=1.0 (grow=0)
c Reduced to 2947 vars, 20239 cls (grow=0)
c [occ-bve] iter v-elim 289
c cl_inc_rate=1.1, var_dec_rate=1.1 (grow=8)
c Reduced to 2658 vars, 21511 cls (grow=8)
c x n vars       : 2658
c #try to eliminate:  6149
c #var-elim        :   298
c #T-o: N
c #T-r: 99.99%
c #T  : 0.08
c [occur] 0.03 is overhead
c [occur] link-in T: 0.03 cleanup T: 0.00
c --> Executing OCC strategy token: occ-bva
c --> Executing OCC strategy token: occ-ternary-res
c [occ-ternary-res] Ternary res-tri: 56 res-bin: 0 sub: 0 str: 0 T: 0.00 T-out: N T-r: 99.38%
c --> Executing OCC strategy token: occ-xor
c [occ-xor] sort occur list T: 0.00
c [xor-clean-equiv] removed equivalent xors: 0 left with: 2084
c [occ-xor] found   2084 avg sz 4.0 min sz  4 max sz  5 T: 0.01 T-out: N T-r: 99.98%
c --> Executing strategy token: card-find
c --> Executing strategy token: cl-consolidate
c Not consolidating memory.
c --> Executing strategy token: scc-vrepl
c [scc] new: 0 BP 0M T: 0.00
c --> Executing strategy token: renumber
c --> Executing strategy token: bosphorus
c --> Executing strategy token: louvain-comms
c [consolidate] mini T: 0.00
c global_timeout_multiplier: 3.3000
c [branch] rebuilding order heap for all branchings. Current branching: vmtf
c [find&init matx] performing matrix init
c [gauss] XOR-encoding clauses are not detached, so no need to reattach them.
c [xor-rem-unconnected] left with 2084 xors from 2084 non-empty xors T: 0.00
c [xor-together] xored together: 2035 orig xors: 2084 new xors: 49 T: 0.00
c [xor-rem-unconnected] left with 49 xors from 49 non-empty xors T: 0.00
c [xor-clean-equiv] removed equivalent xors: 0 left with: 49
c [matrix] unused xors from cleaning: 0
c [matrix] Good   matrix  0     49 x  463  density:0.1884  xorlen avg: 87.22
c [matrix] Using 1 matrices recovered from 0 xors T: 0.00 T-out: N
c rst  luby  svd  vmt   201   56K    2658   20K   878    4.10    4.01    34    98   36K    76   33.55   33.48
c rst  luby  svd  vmt   202   56K    2658   20K   878    4.10    4.01    35   101   37K    76   33.53   33.47
c rst  luby  svd  vmt   203   56K    2658   20K   878    4.10    4.01    35   101   37K    76   33.49   33.42
c rst  luby  svd  vmt   204   56K    2658   20K   878    4.10    4.01    36   102   37K    76   33.41   33.35
c rst  luby  svd  vmt   205   56K    2658   20K   878    4.10    4.01    36   103   37K    76   33.38   33.31
c rst  luby  svd  vmt   206   56K    2658   20K   878    4.10    4.01    36   103   37K    76   33.43   33.37
c rst  luby  svd  vmt   207   57K    2658   20K   878    4.10    4.01    36   103   37K    76   33.46   33.39
c rst  luby  svd  vmt   208   57K    2658   20K   878    4.10    4.01    36   103   38K    76   33.47   33.41
c rst  luby  svd  vmt   209   57K    2658   20K   878    4.10    4.01    36   103   38K    76   33.46   33.40
c rst  luby  svd  vmt   210   57K    2658   20K   878    4.10    4.01    36   103   38K    76   33.45   33.39
c rst  luby  svd  vmt   211   57K    2658   20K   878    4.10    4.01    36   103   38K    76   33.45   33.39
c rst  luby  svd  vmt   212   58K    2658   20K   878    4.10    4.01    36   103   38K    76   33.44   33.38
c rst  luby  svd  vmt   213   58K    2658   20K   878    4.10    4.01    36   103   38K    76   33.43   33.37
c rst  luby  svd  vmt   214   58K    2658   20K   878    4.10    4.01    36   103   38K    76   33.40   33.34
c rst  luby  svd  vmt   215   58K    2658   20K   878    4.10    4.01    36   103   39K    76   33.46   33.40
c rst  luby  svd  vmt   216   59K    2658   20K   878    4.10    4.01    36   103   40K    76   33.54   33.48
c rst  luby  svd  vmt   217   61K    2658   20K   878    4.10    4.01    48   113   28K    76   32.09   32.01
c [full-probe]  bin_only: 1 set: 0 repl: 0 T: 0.01 T-out: N T-r: 99.78%
c rst  geom best  vmt   218   61K    2658   20K   878    4.10    4.01    48   113   28K    76   32.12   32.04
c rst  geom best  vmt   219   61K    2658   20K   878    4.10    4.01    48   113   28K    76   32.10   32.02
c rst  geom best  vmt   220   61K    2658   20K   878    4.10    4.01    48   113   28K    76   32.05   31.97
c rst  geom best  vmt   221   61K    2658   20K   878    4.10    4.01    48   113   28K    76   32.00   31.92
c rst  geom best  vmt   222   61K    2658   20K   878    4.10    4.01    48   113   28K    76   31.94   31.86
c rst  geom best  vmt   223   61K    2658   20K   878    4.10    4.01    48   113   28K    76   31.88   31.81
c rst  geom best  vmt   224   62K    2658   20K   878    4.10    4.01    48   113   29K    76   31.86   31.78
c rst  geom best  vmt   225   62K    2658   20K   878    4.10    4.01    48   113   29K    76   31.85   31.77
c rst  geom best  vmt   226   62K    2658   20K   878    4.10    4.01    48   113   29K    76   31.79   31.72
c rst  geom best  vmt   227   62K    2658   20K   878    4.10    4.01    48   113   29K    76   31.75   31.68
c rst  geom best  vmt   228   63K    2658   20K   878    4.10    4.01    48   113   30K    76   31.70   31.63
c [branch] adjusting to: vsid (from: vmtf) var_decay:0.95 descr: VSIDS
c rst  geom best   vs   229   63K    2658   20K   878    4.10    4.01    48   113   30K    76   31.68   31.61
c rst  geom best   vs   230   63K    2658   20K   878    4.10    4.01    48   113   30K    76   31.66   31.59
c rst  geom best   vs   231   63K    2658   20K   878    4.10    4.01    48   113   30K    76   31.62   31.55
c rst  geom best   vs   232   63K    2658   20K   878    4.10    4.01    48   113   30K    76   31.60   31.53
c rst  geom best   vs   233   63K    2658   20K   878    4.10    4.01    48   113   30K    76   31.65   31.57
c rst  geom best   vs   234   64K    2658   20K   878    4.10    4.01    48   113   30K    76   31.61   31.54
c rst  geom best   vs   235   64K    2658   20K   878    4.10    4.01    48   113   31K    76   31.57   31.50
c rst  geom best   vs   236   64K    2658   20K   878    4.10    4.01    48   113   31K    76   31.54   31.47
c rst  geom best   vs   237   64K    2658   20K   878    4.10    4.01    48   113   31K    76   31.50   31.43
c rst  geom best   vs   238   64K    2658   20K   878    4.10    4.01    48   113   31K    76   31.45   31.38
c rst  geom best   vs   239   65K    2658   20K   878    4.10    4.01    48   113   32K    76   31.38   31.31
c rst  geom best   vs   240   65K    2658   20K   878    4.10    4.01    48   113   32K    76   31.29   31.22
c rst  geom best   vs   241   65K    2658   20K   878    4.10    4.01    48   113   32K    76   31.24   31.17
c rst  geom best   vs   242   66K    2658   20K   878    4.10    4.01    48   113   33K    76   31.25   31.18
c [distill-long-red0] cls tried: 17/17 T: 0.00 T-out: N T-r: 99.98%
c [distill-long-red1] cls tried: 33/33 T: 0.00 T-out: N T-r: 88.84%
c rst  geom best   vs   243   66K    2658   20K   878    4.10    4.01    48   113   33K    76   31.30   31.23
c rst  geom best   vs   244   67K    2658   20K   878    4.10    4.01    48   113   34K    76   31.23   31.16
c rst  geom  stb   vs   245   67K    2658   20K   878    4.10    4.01    48   113   34K    76   31.29   31.22
c rst  geom  stb   vs   246   68K    2658   20K   878    4.10    4.01    48   113   35K    76   31.27   31.20
c rst  geom  stb   vs   247   68K    2658   20K   878    4.10    4.01    48   113   35K    76   31.26   31.19
c rst  geom  stb   vs   248   69K    2658   20K   878    4.10    4.01    48   113   36K    76   31.33   31.27
c rst  geom  stb   vs   249   70K    2658   20K   878    4.10    4.01    48   113   37K    76   31.23   31.17
c rst  geom  stb   vs   250   70K    2658   20K   878    4.10    4.01    48   113   37K    76   31.19   31.13
c rst  geom  stb   vs   251   71K    2658   20K   878    4.10    4.01    48   113   38K    76   30.99   30.93
c rst  geom  stb   vs   252   72K    2658   20K   878    4.10    4.01    48   113   39K    76   31.01   30.95
c rst  geom  stb   vs   253   73K    2658   20K   878    4.10    4.01    48   113   40K    76   30.89   30.84
c [distill-bin] useful: 0/878/878 lits-rem: 0 cl-rem: 0 0-depth-assigns: 0 T: 0.01 T-out: N
c rst  geom ibes   vs   254   74K    2658   20K   878    4.10    4.01    48   113   41K    76   31.00   30.94
c [branch] adjusting to: vmtf (from: vsid) var_decay:0.95 descr: VMTF
c rst  luby ibes  vmt   255   75K    2658   20K   878    4.10    4.01    48   113   32K    76   31.34   31.27
c rst  luby ibes  vmt   256   75K    2658   20K   878    4.10    4.01    48   113   32K    76   31.33   31.26
c rst  luby ibes  vmt   257   75K    2658   20K   878    4.10    4.01    48   113   32K    76   31.34   31.28
c rst  luby ibes  vmt   258   75K    2658   20K   878    4.10    4.01    48   113   32K    76   31.37   31.30
c rst  luby ibes  vmt   259   75K    2658   20K   878    4.10    4.01    48   113   32K    76   31.35   31.28
c rst  luby ibes  vmt   260   75K    2658   20K   878    4.10    4.01    48   113   32K    76   31.32   31.25
c rst  luby ibes  vmt   261   76K    2658   20K   878    4.10    4.01    48   113   33K    76   31.43   31.36
c rst  luby ibes  vmt   262   76K    2658   20K   878    4.10    4.01    48   113   33K    76   31.48   31.41
c rst  luby ibes  vmt   263   76K    2658   20K   878    4.10    4.01    48   113   33K    76   31.53   31.46
c rst  luby ibes  vmt   264   76K    2658   20K   878    4.10    4.01    48   113   33K    76   31.54   31.48
c rst  luby ibes  vmt   265   76K    2658   20K   878    4.10    4.01    48   113   33K    76   31.57   31.50
c rst  luby ibes  vmt   266   76K    2658   20K   878    4.10    4.01    48   113   33K    76   31.58   31.51
c rst  luby ibes  vmt   267   76K    2658   20K   878    4.10    4.01    48   113   33K    76   31.68   31.61
c rst  luby ibes  vmt   268   77K    2658   20K   878    4.10    4.01    48   113   34K    76   31.76   31.69
c [distill] watch-based irred--  cl tried     7642 cl-sh   139 cl-rem  152 lit-rem    145 T: 0.00 T-out: N
c [distill] watch-based   red--  cl tried       96 cl-sh     1 cl-rem    0 lit-rem      1 T: 0.00 T-out: N
c rst  luby ibes  vmt   269   78K    2658   20K   888    4.09    4.01    48   113   35K    66   31.85   31.80
c rst  luby ibes  vmt   270   78K    2658   20K   888    4.09    4.01    48   113   35K    66   31.85   31.80
c rst  luby ibes  vmt   271   78K    2658   20K   888    4.09    4.01    48   113   35K    66   31.85   31.79
c rst  luby ibes  vmt   272   78K    2658   20K   888    4.09    4.01    48   113   35K    66   31.93   31.87
c rst  luby ibes  vmt   273   78K    2658   20K   888    4.09    4.01    48   113   35K    66   31.94   31.89
c rst  luby ibes  vmt   274   78K    2658   20K   888    4.09    4.01    48   113   35K    66   31.97   31.92
c rst  luby ibes  vmt   275   78K    2658   20K   888    4.09    4.01    48   113   35K    66   31.95   31.90
c rst  luby ibes  vmt   276   79K    2658   20K   888    4.09    4.01    48   113   36K    66   32.00   31.95
c rst  luby ibes  vmt   277   79K    2658   20K   888    4.09    4.01    48   113   36K    66   32.01   31.96
c rst  luby ibes  vmt   278   79K    2658   20K   888    4.09    4.01    48   113   36K    66   32.01   31.96
c rst  luby  svd  vmt   279   79K    2658   20K   888    4.09    4.01    48   113   36K    66   32.01   31.96
c rst  luby  svd  vmt   280   79K    2658   20K   888    4.09    4.01    48   113   36K    66   32.01   31.96
c rst  luby  svd  vmt   281   79K    2658   20K   888    4.09    4.01    48   113   37K    66   32.00   31.94
c rst  luby  svd  vmt   282   80K    2658   20K   888    4.09    4.01    48    91   37K    66   32.04   31.98
c rst  luby  svd  vmt   283   80K    2658   20K   888    4.09    4.01    48    91   37K    66   32.23   32.17
c rst  luby  svd  vmt   284   81K    2658   20K   888    4.09    4.01    48    91   38K    66   32.43   32.38
c [distill-long-red0] cls tried: 1/1 T: 0.00 T-out: N T-r: 100.00%
c [distill-long-red1] cls tried: 0/0 T: 0.00 T-out: N T-r: 100.00%
c [full-probe]  bin_only: 0 set: 0 repl: 0 T: 0.01 T-out: N T-r: 98.19%
c rst  luby  svd  vmt   285   82K    2658   20K   888    4.09    4.01    48    91   40K    66   32.55   32.50
c rst  luby  svd  vmt   286   83K    2658   20K   888    4.09    4.01    48    91   40K    66   32.56   32.51
c rst  luby  svd  vmt   287   83K    2658   20K   888    4.09    4.01    48    91   40K    66   32.54   32.49
c rst  luby  svd  vmt   288   83K    2658   20K   888    4.09    4.01    48    91   40K    66   32.52   32.48
c rst  luby  svd  vmt   289   83K    2658   20K   888    4.09    4.01    48    91   40K    66   32.52   32.47
c rst  luby  svd  vmt   290   83K    2658   20K   888    4.09    4.01    48    91   40K    66   32.51   32.46
c rst  luby  svd  vmt   291   83K    2658   20K   888    4.09    4.01    48    91   40K    66   32.50   32.45
c rst  luby  svd  vmt   292   84K    2658   20K   888    4.09    4.01    48    91   41K    66   32.42   32.37
c rst  luby  svd  vmt   293   84K    2658   20K   888    4.09    4.01    48    91   41K    66   32.41   32.36
c rst  luby  svd  vmt   294   84K    2658   20K   888    4.09    4.01    48    91   41K    66   32.40   32.35
c rst  luby  svd  vmt   295   84K    2658   20K   888    4.09    4.01    48    91   41K    66   32.39   32.34
c rst  luby  svd  vmt   296   84K    2658   20K   888    4.09    4.01    48    91   41K    66   32.39   32.34
c rst  luby  svd  vmt   297   84K    2658   20K   888    4.09    4.01    48    91   41K    66   32.40   32.35
c rst  luby  svd  vmt   298   85K    2658   20K   888    4.09    4.01    48    91   42K    66   32.41   32.36
c rst  luby  svd  vmt   299   85K    2658   20K   888    4.09    4.01    48    91   42K    66   32.42   32.37
c rst  luby  svd  vmt   300   86K    2658   20K   888    4.09    4.01    48    91   43K    66   32.59   32.54
c rst  geom best  vmt   301   86K    2658   20K   888    4.09    4.01    48    91   43K    66   32.57   32.52
c rst  geom best  vmt   302   86K    2658   20K   888    4.09    4.01    48    91   43K    66   32.58   32.54
c rst  geom best  vmt   303   86K    2658   20K   888    4.09    4.01    48    91   43K    66   32.59   32.54
c rst  geom best  vmt   304   86K    2658   20K   888    4.09    4.01    48    91   43K    66   32.57   32.52
c rst  geom best  vmt   305   86K    2658   20K   888    4.09    4.01    48    91   43K    66   32.56   32.52
c rst  geom best  vmt   306   87K    2658   20K   888    4.09    4.01    48    91   44K    66   32.52   32.47
c rst  geom best  vmt   307   87K    2658   20K   888    4.09    4.01    48    91   44K    66   32.51   32.47
c rst  geom best  vmt   308   87K    2658   20K   888    4.09    4.01    48    91   44K    66   32.49   32.45
c rst  geom best  vmt   309   87K    2658   20K   888    4.09    4.01    48    91   44K    66   32.46   32.41
c [branch] adjusting to: vsid (from: vmtf) var_decay:0.95 descr: VSIDS
c rst  geom best   vs   310   87K    2658   20K   888    4.09    4.01    48    91   44K    66   32.44   32.39
c rst  geom best   vs   311   87K    2658   20K   888    4.09    4.01    48    91   44K    66   32.44   32.40
c rst  geom best   vs   312   88K    2658   20K   888    4.09    4.01    48    91   45K    66   32.46   32.42
c rst  geom best   vs   313   88K    2658   20K   888    4.09    4.01    48    91   45K    66   32.45   32.41
c [ccnr] tries: 0 steps: 262143 best found: 15
c [ccnr] tries: 0 steps: 524287 best found: 12
c [ccnr] saving best assignment phase to stable_polar
c [ccnr] bumping based on var unsat frequency: conflict_ct
c [ccnr] Bumped vars: 2962 bump type: 6
c [ccnr] time: 0.55
c rst  geom best   vs   314   88K    2658   20K   888    4.09    4.01    48    91   45K    66   32.48   32.43
c rst  geom best   vs   315   88K    2658   20K   888    4.09    4.01    48    91   45K    66   32.48   32.44
c rst  geom best   vs   316   88K    2658   20K   888    4.09    4.01    48    91   45K    66   32.48   32.44
c rst  geom best   vs   317   88K    2658   20K   888    4.09    4.01    48    91   46K    66   32.46   32.42
c rst  geom best   vs   318   89K    2658   20K   888    4.09    4.01    48    91   46K    66   32.42   32.38
c rst  geom best   vs   319   89K    2658   20K   888    4.09    4.01    48    91   46K    66   32.37   32.33
c rst  geom best   vs   320   89K    2658   20K   888    4.09    4.01    48    91   46K    66   32.37   32.33
c rst  geom best   vs   321   90K    2658   20K   888    4.09    4.01    48    90   32K    66   32.49   32.43
c rst  geom best   vs   322   90K    2658   20K   888    4.09    4.01    48    90   32K    66   32.45   32.39
c rst  geom best   vs   323   90K    2658   20K   888    4.09    4.01    48    90   33K    66   32.48   32.42
c rst  geom best   vs   324   91K    2658   20K   888    4.09    4.01    48    90   33K    66   32.45   32.39
c rst  geom best   vs   325   91K    2658   20K   888    4.09    4.01    48    90   33K    66   32.42   32.36
c rst  geom best   vs   326   92K    2658   20K   888    4.09    4.01    48    90   34K    66   32.50   32.44
c rst  geom  stb   vs   327   92K    2658   20K   888    4.09    4.01    48    90   34K    66   32.39   32.33
c rst  geom  stb   vs   328   93K    2658   20K   888    4.09    4.01    48    90   35K    66   32.40   32.35
c rst  geom  stb   vs   329   93K    2658   20K   888    4.09    4.01    48    90   36K    66   32.46   32.40
c [distill-bin] useful: 0/888/888 lits-rem: 0 cl-rem: 0 0-depth-assigns: 0 T: 0.01 T-out: N
c rst  geom  stb   vs   330   94K    2658   20K   888    4.09    4.01    48    90   36K    66   32.51   32.45
c rst  geom  stb   vs   331   95K    2658   20K   888    4.09    4.01    48    90   37K    66   32.62   32.56
c rst  geom  stb   vs   332   96K    2658   20K   888    4.09    4.01    48    90   38K    66   32.82   32.77
c rst  geom  stb   vs   333   97K    2658   20K   888    4.09    4.01    48    90   39K    66   32.77   32.71
c [distill-long-red0] cls tried: 0/0 T: 0.00 T-out: N T-r: 100.00%
c [distill-long-red1] cls tried: 0/0 T: 0.00 T-out: N T-r: 100.00%
c rst  geom  stb   vs   334   98K    2658   20K   888    4.09    4.01    48    90   40K    66   32.86   32.81
c rst  geom ibes   vs   335   99K    2658   20K   888    4.09    4.01    48    90   41K    66   32.95   32.90
c rst  geom ibes   vs   336  100K    2658   20K   888    4.09    4.01    48    90   43K    66   33.07   33.02
c [impl-str] lit bin: 0 set-var: 0 T: 0.00 T-out: N T-r: 99.95% w-visit: 5924
c [impl-sub] bin: 0 T: 0.00 T-out: N w-visit: 5924
c rst  geom ibes   vs   337  102K    2658   20K   888    4.09    4.01    49    90   44K    66   33.32   33.27
c [branch] adjusting to: vmtf (from: vsid) var_decay:0.95 descr: VMTF
c [full-probe]  bin_only: 1 set: 0 repl: 0 T: 0.00 T-out: N T-r: 99.83%
c rst  luby ibes  vmt   338  102K    2658   20K   888    4.09    4.01    57   104   44K    71   33.30   33.25
c rst  luby ibes  vmt   339  102K    2658   20K   888    4.09    4.01    57   104   44K    71   33.34   33.29
c [distill] watch-based irred--  cl tried     7490 cl-sh     0 cl-rem    0 lit-rem      0 T: 0.00 T-out: N
c [distill] watch-based   red--  cl tried      114 cl-sh     0 cl-rem    0 lit-rem      0 T: 0.00 T-out: N
c rst  luby ibes  vmt   340  102K    2658   20K   888    4.09    4.01    57   104   44K    71   33.37   33.32
c rst  luby ibes  vmt   341  102K    2658   20K   888    4.09    4.01    57   104   44K    71   33.40   33.35
c rst  luby ibes  vmt   342  102K    2658   20K   888    4.09    4.01    57   104   45K    71   33.41   33.36
c rst  luby ibes  vmt   343  102K    2658   20K   888    4.09    4.01    57   104   45K    71   33.45   33.40
c rst  luby ibes  vmt   344  103K    2658   20K   888    4.09    4.01    57   104   45K    71   33.48   33.43
c rst  luby ibes  vmt   345  103K    2658   20K   888    4.09    4.01    57   104   45K    71   33.49   33.44
c rst  luby ibes  vmt   346  103K    2658   20K   888    4.09    4.01    57   104   45K    71   33.47   33.42
c rst  luby ibes  vmt   347  103K    2658   20K   888    4.09    4.01    57   104   46K    71   33.49   33.45
c rst  luby ibes  vmt   348  103K    2658   20K   888    4.09    4.01    57   104   46K    71   33.52   33.47
c rst  luby ibes  vmt   349  103K    2658   20K   888    4.09    4.01    57   104   46K    71   33.55   33.50
c rst  luby ibes  vmt   350  104K    2658   20K   888    4.09    4.01    57   104   46K    71   33.62   33.57
c rst  luby ibes  vmt   351  104K    2658   20K   888    4.09    4.01    57   104   46K    71   33.70   33.65
c rst  luby  svd  vmt   352  105K    2658   20K   888    4.09    4.01    59   106   34K    71   34.55   34.48
c rst  luby  svd  vmt   353  105K    2658   20K   888    4.09    4.01    59   106   34K    71   34.54   34.48
c rst  luby  svd  vmt   354  105K    2658   20K   888    4.09    4.01    59   106   34K    71   34.57   34.50
c rst  luby  svd  vmt   355  105K    2658   20K   888    4.09    4.01    59   106   35K    71   34.58   34.52
c rst  luby  svd  vmt   356  105K    2658   20K   888    4.09    4.01    59   106   35K    71   34.60   34.53
c rst  luby  svd  vmt   357  106K    2658   20K   888    4.09    4.01    59   106   35K    71   34.58   34.52
c rst  luby  svd  vmt   358  106K    2658   20K   888    4.09    4.01    59   106   35K    71   34.57   34.51
c rst  luby  svd  vmt   359  106K    2658   20K   888    4.09    4.01    59   106   35K    71   34.49   34.43
c rst  luby  svd  vmt   360  106K    2658   20K   888    4.09    4.01    59   106   35K    71   34.47   34.41
c rst  luby  svd  vmt   361  106K    2658   20K   888    4.09    4.01    59   106   36K    71   34.47   34.41
c rst  luby  svd  vmt   362  107K    2658   20K   888    4.09    4.01    59   106   36K    71   34.49   34.43
c rst  luby  svd  vmt   363  107K    2658   20K   888    4.09    4.01    59   106   36K    71   34.47   34.41
c rst  luby  svd  vmt   364  107K    2658   20K   888    4.09    4.01    59   106   36K    71   34.45   34.39
c rst  luby  svd  vmt   365  107K    2658   20K   888    4.09    4.01    59   106   36K    71   34.45   34.39
c rst  luby  svd  vmt   366  107K    2658   20K   888    4.09    4.01    59   106   37K    71   34.53   34.47
c rst  luby  svd  vmt   367  108K    2658   20K   888    4.09    4.01    59   106   37K    71   34.49   34.42
c rst  luby  svd  vmt   368  110K    2658   20K   888    4.09    4.01    62   103   39K    71   34.21   34.15
c rst  luby  svd  vmt   369  110K    2658   20K   888    4.09    4.01    62   103   39K    71   34.18   34.12
c rst  luby  svd  vmt   370  110K    2658   20K   888    4.09    4.01    62   103   39K    71   34.14   34.09
c rst  luby  svd  vmt   371  110K    2658   20K   888    4.09    4.01    62   103   39K    71   34.10   34.04
c rst  luby  svd  vmt   372  110K    2658   20K   888    4.09    4.01    62   103   39K    71   34.07   34.02
c rst  geom best  vmt   373  110K    2658   20K   888    4.09    4.01    62   103   40K    71   34.04   33.98
c rst  geom best  vmt   374  110K    2658   20K   888    4.09    4.01    62   103   40K    71   34.00   33.94
c rst  geom best  vmt   375  111K    2658   20K   888    4.09    4.01    62   103   40K    71   33.97   33.91
c rst  geom best  vmt   376  111K    2658   20K   888    4.09    4.01    62   103   40K    71   33.91   33.86
c rst  geom best  vmt   377  111K    2658   20K   888    4.09    4.01    62   103   40K    71   33.85   33.79
c rst  geom best  vmt   378  111K    2658   20K   888    4.09    4.01    62   103   40K    71   33.84   33.78
c rst  geom best  vmt   379  111K    2658   20K   888    4.09    4.01    62   103   41K    71   33.79   33.73
c rst  geom best  vmt   380  112K    2658   20K   888    4.09    4.01    62   103   41K    71   33.74   33.68
c rst  geom best  vmt   381  112K    2658   20K   888    4.09    4.01    62   103   41K    71   33.68   33.62
c rst  geom best  vmt   382  112K    2658   20K   888    4.09    4.01    62   103   41K    71   33.62   33.57
c [distill-long-red0] cls tried: 12/12 T: 0.00 T-out: N T-r: 99.98%
c [distill-long-red1] cls tried: 13/13 T: 0.00 T-out: N T-r: 92.63%
c rst  geom best  vmt   383  112K    2658   20K   888    4.09    4.01    62   103   42K    71   33.56   33.51
c rst  geom best  vmt   384  113K    2658   20K   888    4.09    4.01    62   103   42K    71   33.51   33.45
c rst  geom best  vmt   385  113K    2658   20K   888    4.09    4.01    62   103   42K    71   33.50   33.45
c rst  geom best  vmt   386  113K    2658   20K   888    4.09    4.01    62   103   43K    71   33.47   33.42
c rst  geom best  vmt   387  114K    2658   20K   888    4.09    4.01    62   103   43K    71   33.44   33.39
c [distill-bin] useful: 0/888/888 lits-rem: 0 cl-rem: 0 0-depth-assigns: 0 T: 0.01 T-out: N
c rst  geom best  vmt   388  114K    2658   20K   888    4.09    4.01    62   103   43K    71   33.30   33.25
c rst  geom best  vmt   389  115K    2658   20K   888    4.09    4.01    62   103   44K    71   33.15   33.10
c rst  geom best  vmt   390  115K    2658   20K   888    4.09    4.01    62   103   44K    71   33.01   32.96
c [gauss] XOR-encoding clauses are not detached, so no need to reattach them.
c [g 0] truth-find prop checks  : 1155K
c [g 0] -> of which prop        : 71.17 %
c [g 0] -> of which confl       :  2.56 %
c [g 0] elim called             : 42K
c [g 0] ---> which lead to prop : 90.23 %
c [g 0] ---> which lead to confl:  2.23 %
c [g 0] size: 49    x 463  
c [scc] new: 0 BP 0M T: 0.00
c [vrep] vars 0 lits 0 rem-bin-cls 0 rem-long-cls 0 BP 0M T: 0.01
c [intree] Set 0 vars hyper-added: 0 trans-irred: 0 trans-red: 0 T: 0.01 T-out: N T-r: -1.21%
c [find&init matx] performing matrix init
c [gauss] XOR-encoding clauses are not detached, so no need to reattach them.
c [xor-rem-unconnected] left with 2084 xors from 2084 non-empty xors T: 0.00
c [xor-together] xored together: 2035 orig xors: 2084 new xors: 49 T: 0.00
c [xor-rem-unconnected] left with 49 xors from 49 non-empty xors T: 0.00
c [xor-clean-equiv] removed equivalent xors: 0 left with: 49
c [matrix] unused xors from cleaning: 0
c [matrix] Good   matrix 0 49      x463    density:0.1884  xorlen avg: 87.22
c [matrix] Using 1 matrices recovered from 0 xors T: 0.01 T-out: N
c rst  geom best vmt  391   116 K 2658      20K   888 4.09    4.01       62   103   45K    71 32.84   32.79  
c rst  geom best vmt  392   116 K 2658      20K   888 4.09    4.01       62   103   46K    71 32.66   32.61  
c rst  geom stb  vmt  393   117 K 2658      20K   888 4.09    4.01       63   105   46K    71 32.62   32.57  
c [branch] adjusting to: vsid (from: vmtf) var_decay:0.95 descr: VSIDS
c rst  geom stb  vs   394   117 K 2658      20K   888 4.09    4.01       63   105   47K    71 32.65   32.60  
c rst  geom stb  vs   395   117 K 2658      20K   888 4.09    4.01       63   105   47K    71 32.63   32.58  
c rst  geom stb  vs   396   118 K 2658      20K   888 4.09    4.01       63   105   47K    71 32.63   32.58  
c rst  geom stb  vs   397   118 K 2658      20K   888 4.09    4.01       63   105   47K    71 32.63   32.59  
c rst  geom stb  vs   398   118 K 2658      20K   888 4.09    4.01       63   105   47K    71 32.62   32.58  
c rst  geom stb  vs   399   118 K 2658      20K   888 4.09    4.01       63   105   47K    71 32.59   32.55  
c rst  geom stb  vs   400   118 K 2658      20K   888 4.09    4.01       63   105   47K    71 32.55   32.50  
c rst  geom stb  vs   401   118 K 2658      20K   888 4.09    4.01       63   105   48K    71 32.60   32.55  
c rst  geom stb  vs   402   119 K 2658      20K   888 4.09    4.01       63   105   48K    71 32.58   32.54  
c rst  geom stb  vs   403   119 K 2658      20K   888 4.09    4.01       63   105   48K    71 32.60   32.56  
c rst  geom stb  vs   404   119 K 2658      20K   888 4.09    4.01       63   105   48K    71 32.57   32.52  
c rst  geom stb  vs   405   120 K 2658      20K   888 4.09    4.01       66   103   35K    71 32.08   32.02  
c rst  geom stb  vs   406   120 K 2658      20K   888 4.09    4.01       66   103   35K    71 32.16   32.10  
c rst  geom stb  vs   407   120 K 2658      20K   888 4.09    4.01       66   103   36K    71 32.18   32.12  
c rst  geom stb  vs   408   121 K 2658      20K   888 4.09    4.01       66   103   36K    71 32.06   32.00  
c rst  geom stb  vs   409   121 K 2658      20K   888 4.09    4.01       66   103   37K    71 31.99   31.93  
c rst  geom stb  vs   410   122 K 2658      20K   888 4.09    4.01       66   103   37K    71 31.89   31.83  
c rst  geom stb  vs   411   122 K 2658      20K   888 4.09    4.01       66   103   38K    71 31.95   31.89  
c [full-probe]  bin_only: 0 set: 0 repl: 0 T: 0.01 T-out: N T-r: 98.17%
c rst  geom stb  vs   412   123 K 2658      20K   888 4.09    4.01       66   103   38K    71 32.05   32.00  
c rst  geom ibes vs   413   123 K 2658      20K   888 4.09    4.01       66   103   39K    71 32.13   32.08  
c rst  geom ibes vs   414   124 K 2658      20K   888 4.09    4.01       66   103   40K    71 32.09   32.03  
c rst  geom ibes vs   415   125 K 2658      20K   888 4.09    4.01       67   104   40K    71 32.03   31.98  
c rst  geom ibes vs   416   126 K 2658      20K   888 4.09    4.01       67   104   41K    71 32.21   32.16  
c rst  geom ibes vs   417   127 K 2658      20K   888 4.09    4.01       67   104   42K    71 32.18   32.13  
c rst  geom ibes vs   418   128 K 2658      20K   888 4.09    4.01       67   104   43K    71 31.95   31.90  
c [distill-long-red0] cls tried: 4/4 T: 0.00 T-out: N T-r: 99.99%
c [distill-long-red1] cls tried: 1/1 T: 0.00 T-out: N T-r: 99.37%
c [distill] watch-based irred--  cl tried 7490     cl-sh 0     cl-rem 0    lit-rem 0      T: 0.00 T-out: N
c [distill] watch-based red  --  cl tried 134      cl-sh 0     cl-rem 0    lit-rem 0      T: 0.00 T-out: N
c rst  geom ibes vs   419   129 K 2658      20K   888 4.09    4.01       67   104   44K    71 31.74   31.69  
c rst  geom ibes vs   420   130 K 2658      20K   888 4.09    4.01       69    69   46K    71 31.61   31.56  
c rst  geom svd  vs   421   132 K 2658      20K   888 4.09    4.01       69    69   47K    71 31.57   31.53  
c rst  geom svd  vs   422   133 K 2658      20K   888 4.09    4.01       69    69   49K    71 31.80   31.76  
c [ccnr] tries: 0 steps: 262143 best found: 10
c [ccnr] tries: 0 steps: 524287 best found: 10
c [ccnr] tries: 0 steps: 786431 best found: 10
c [ccnr] saving best assignment phase to stable_polar
c [ccnr] bumping based on var unsat frequency: conflict_ct
c [ccnr] Bumped vars: 2962 bump type: 6
c [ccnr] time: 0.55
c rst  geom svd  vs   423   134 K 2658      20K   888 4.09    4.01       69    69   49K    71 31.73   31.69  
c recursive minimization cost OK: 332Kcost/(% lits removed)
c [gauss] XOR-encoding clauses are not detached, so no need to reattach them.
c [g 0] truth-find prop checks  : 368K
c [g 0] -> of which prop        : 80.23 %
c [g 0] -> of which confl       :  2.60 %
c [g 0] elim called             : 6910
c [g 0] ---> which lead to prop : 97.06 %
c [g 0] ---> which lead to confl:  1.84 %
c [g 0] size: 49    x 463  
c --> Executing strategy token: scc-vrepl
c [scc] new: 0 BP 0M T: 0.00
c --> Executing strategy token: sub-impl
c [impl-sub] bin: 5 T: 0.00 T-out: N w-visit: 5924
c --> Executing strategy token: breakid
c --> Executing OCC strategy token(s): 'occ-backw-sub-str,occ-clean-implicit,occ-bve,occ-bva,occ-ternary-res,occ-xor,'
c [occ] mem usage for occur 1      MB
c [occ] Linked in IRRED BIN by default: 888
c [occ] Linked in RED   BIN by default: 66
c [occ] mem usage for occur 0      MB
c Mem for watch alloc      : 7           MB (18.51     %)
c Mem for watch array      : 0           MB (0.33      %)
c --> Executing OCC strategy token: occ-backw-sub-str
c [occ-backw-sub-str-long-w-bins] subs: 0 str: 0 tried: 4726 0-depth ass: 0 T: 0.00 T-out: N T-r: 99.70%
c [occ-backw-sub-long-w-long] rem cl: 583 tried: 70559/70559 (100.0%) T: 0.01 T-out: N T-r: 96.04%
c [occ-backw-sub-str-long-w-long] sub: 1 str: 152 tried: 211677/70559 (300.0)  T: 0.06 T-out: N T-r: 88.03%
c --> Executing OCC strategy token: occ-clean-implicit
c --> Executing OCC strategy token: occ-bve
c [occ-empty-res] Empty resolvent elimed: 0 T: 0.00 T-out: N
c [occ-bve] iter v-elim 0
c cl_inc_rate=1.0, var_dec_rate=1.0 (grow=0)
c Reduced to 2658 vars, 20809 cls (grow=0)
c [occ-bve] iter v-elim 7
c cl_inc_rate=1.0, var_dec_rate=1.0 (grow=8)
c Reduced to 2651 vars, 20786 cls (grow=8)
c [occ-bve] iter v-elim 1051
c cl_inc_rate=1.8, var_dec_rate=1.7 (grow=16)
c Reduced to 1600 vars, 37447 cls (grow=16)
c x n vars       : 1600
c #try to eliminate:  9499
c #var-elim        :  1058
c #T-o: N
c #T-r: 99.81%
c #T  : 0.34
c [occur] 0.04 is overhead
c [occur] link-in T: 0.04 cleanup T: 0.00
c --> Executing OCC strategy token: occ-bva
c --> Executing OCC strategy token: occ-ternary-res
c [occ-ternary-res] Ternary res-tri: 0 res-bin: 0 sub: 0 str: 0 T: 0.00 T-out: N T-r: 99.56%
c --> Executing OCC strategy token: occ-xor
c [occ-xor] sort occur list T: 0.00
c [xor-clean-equiv] removed equivalent xors: 0 left with: 1058
c [occ-xor] found   1058 avg sz 5.9 min sz  4 max sz  6 T: 0.01 T-out: N T-r: 99.97%
c --> Executing strategy token: card-find
c --> Executing strategy token: cl-consolidate
c Not consolidating memory.
c --> Executing strategy token: scc-vrepl
c [scc] new: 0 BP 0M T: 0.00
c --> Executing strategy token: renumber
c [gauss] XOR-encoding clauses are not detached, so no need to reattach them.
c [renumber] T: 0.01
c --> Executing strategy token: bosphorus
c --> Executing strategy token: louvain-comms
c [consolidate] mini T: 0.00
c global_timeout_multiplier: 3.6300
c [branch] rebuilding order heap for all branchings. Current branching: vsid
c [find&init matx] performing matrix init
c [gauss] XOR-encoding clauses are not detached, so no need to reattach them.
c [xor-rem-unconnected] left with 1058 xors from 1058 non-empty xors T: 0.00
c [xor-together] xored together: 1007 orig xors: 1058 new xors: 51 T: 0.00
c [xor-rem-unconnected] left with 51 xors from 51 non-empty xors T: 0.00
c [xor-clean-equiv] removed equivalent xors: 0 left with: 51
c [matrix] unused xors from cleaning: 0
c [matrix] Good   matrix  0     51 x  465  density:0.1804  xorlen avg: 83.88
c [matrix] Using 1 matrices recovered from 0 xors T: 0.00 T-out: N
c [distill-bin] useful: 0/792/792 lits-rem: 0 cl-rem: 0 0-depth-assigns: 0 T: 0.02 T-out: N
c rst  geom  svd   vs   424  135K    1600   36K   792    5.86    5.78    20    52   35K    64   30.87   30.82
c [branch] adjusting to: vmtf (from: vsid) var_decay:0.95 descr: VMTF
c rst  luby  svd  vmt   425  135K    1600   36K   792    5.86    5.78    28    91   36K    64   30.82   30.76
c rst  luby  svd  vmt   426  135K    1600   36K   792    5.86    5.78    28    97   36K    64   30.81   30.76
c rst  luby  svd  vmt   427  135K    1600   36K   792    5.86    5.78    28    97   36K    64   30.79   30.74
c rst  luby  svd  vmt   428  135K    1600   36K   792    5.86    5.78    28    97   36K    64   30.79   30.74
c rst  luby  svd  vmt   429  135K    1600   36K   792    5.86    5.78    28    97   36K    64   30.81   30.76
c rst  luby  svd  vmt   430  136K    1600   36K   792    5.86    5.78    28    97   36K    64   30.83   30.78
c rst  luby  svd  vmt   431  136K    1600   36K   792    5.86    5.78    28    97   37K    64   30.99   30.94
c rst  luby  svd  vmt   432  136K    1600   36K   792    5.86    5.78    28    97   37K    64   31.01   30.96
c rst  luby  svd  vmt   433  136K    1600   36K   792    5.86    5.78    28    97   37K    64   31.03   30.98
c rst  luby  svd  vmt   434  136K    1600   36K   792    5.86    5.78    28    97   37K    64   31.03   30.98
c rst  luby  svd  vmt   435  137K    1600   36K   792    5.86    5.78    28    97   37K    64   31.05   31.00
c rst  geom best  vmt   436  137K    1600   36K   792    5.86    5.78    28    97   37K    64   31.04   30.99
c rst  geom best  vmt   437  137K    1600   36K   792    5.86    5.78    28    97   37K    64   31.05   31.00
c rst  geom best  vmt   438  137K    1600   36K   792    5.86    5.78    28    97   38K    64   31.02   30.97
c rst  geom best  vmt   439  137K    1600   36K   792    5.86    5.78    28    97   38K    64   30.97   30.92
c rst  geom best  vmt   440  137K    1600   36K   792    5.86    5.78    28    97   38K    64   30.92   30.87
c rst  geom best  vmt   441  137K    1600   36K   792    5.86    5.78    28    97   38K    64   30.87   30.82
c rst  geom best  vmt   442  138K    1600   36K   792    5.86    5.78    28    97   38K    64   30.82   30.77
c rst  geom best  vmt   443  138K    1600   36K   792    5.86    5.78    28    97   38K    64   30.85   30.80
c rst  geom best  vmt   444  138K    1600   36K   792    5.86    5.78    28    97   39K    64   30.85   30.80
c rst  geom best  vmt   445  138K    1600   36K   792    5.86    5.78    28    97   39K    64   30.84   30.80
c rst  geom best  vmt   446  139K    1600   36K   792    5.86    5.78    29    97   39K    64   30.83   30.79
c rst  geom best  vmt   447  139K    1600   36K   792    5.86    5.78    29    97   40K    64   30.81   30.77
c rst  geom best  vmt   448  139K    1600   36K   792    5.86    5.78    29    97   40K    64   30.81   30.77
c rst  geom best  vmt   449  140K    1600   36K   792    5.86    5.78    49    77   40K    64   30.87   30.83
c rst  geom best  vmt   450  140K    1600   36K   792    5.86    5.78    49    77   41K    64   30.97   30.93
c rst  geom best  vmt   451  141K    1600   36K   792    5.86    5.78    49    77   41K    64   30.90   30.86
c rst  geom best  vmt   452  141K    1600   36K   792    5.86    5.78    49    77   42K    64   31.00   30.96
c rst  geom best  vmt   453  142K    1600   36K   792    5.86    5.78    49    77   42K    64   31.01   30.96
c rst  geom best  vmt   454  142K    1600   36K   792    5.86    5.78    49    77   43K    64   30.95   30.90
c [full-probe]  bin_only: 1 set: 0 repl: 0 T: 0.01 T-out: N T-r: 99.81%
c rst  geom best  vmt   455  143K    1600   36K   792    5.86    5.78    49    77   43K    64   30.86   30.81
c [distill-long-red0] cls tried: 30/30 T: 0.00 T-out: N T-r: 99.96%
c [distill-long-red1] cls tried: 25/25 T: 0.00 T-out: N T-r: 88.35%
c rst  geom best  vmt   456  144K    1600   36K   792    5.86    5.78    49    77   44K    64   30.63   30.59
c rst  geom  stb  vmt   457  144K    1600   36K   792    5.86    5.78    49    77   45K    64   30.47   30.43
c rst  geom  stb  vmt   458  145K    1600   36K   792    5.86    5.78    49    77   46K    64   30.29   30.25
c rst  geom  stb  vmt   459  146K    1600   36K   792    5.86    5.78    49    77   47K    64   30.16   30.12
c rst  geom  stb  vmt   460  147K    1600   36K   792    5.86    5.78    49    77   48K    64   30.07   30.03
c rst  geom  stb  vmt   461  148K    1600   36K   792    5.86    5.78    49    77   49K    64   29.95   29.92
c rst  geom  stb  vmt   462  150K    1600   36K   792    5.86    5.78    49    83   36K    64   28.24   28.19
c rst  geom  stb  vmt   463  151K    1600   36K   792    5.86    5.78    49    83   37K    64   27.98   27.93
c rst  geom ibes  vmt   464  153K    1600   36K   792    5.86    5.78    49    83   39K    64   27.76   27.71
c rst  geom ibes  vmt   465  154K    1600   36K   792    5.86    5.78    49    83   41K    64   27.40   27.36
c [branch] adjusting to: vsid (from: vmtf) var_decay:0.95 descr: VSIDS
c [distill-bin] useful: 0/792/792 lits-rem: 0 cl-rem: 0 0-depth-assigns: 0 T: 0.01 T-out: N
c [distill] watch-based irred--  cl tried     7006 cl-sh     0 cl-rem    0 lit-rem      0 T: 0.00 T-out: N
c [distill] watch-based   red--  cl tried       98 cl-sh     0 cl-rem    0 lit-rem      0 T: 0.00 T-out: N
c rst  geom ibes   vs   466  154K    1600   36K   792    5.86    5.78    49    83   41K    64   27.41   27.37
c rst  geom ibes   vs   467  155K    1600   36K   792    5.86    5.78    49    83   41K    64   27.39   27.35
c rst  geom ibes   vs   468  155K    1600   36K   792    5.86    5.78    49    83   41K    64   27.37   27.33
c rst  geom ibes   vs   469  155K    1600   36K   792    5.86    5.78    49    83   41K    64   27.35   27.31
c rst  geom ibes   vs   470  155K    1600   36K   792    5.86    5.78    49    83   41K    64   27.36   27.33
c rst  geom ibes   vs   471  155K    1600   36K   792    5.86    5.78    49    83   42K    64   27.39   27.36
c rst  geom ibes   vs   472  155K    1600   36K   792    5.86    5.78    49    83   42K    64   27.42   27.38
c rst  geom ibes   vs   473  156K    1600   36K   792    5.86    5.78    49    83   42K    64   27.41   27.37
c rst  geom ibes   vs   474  156K    1600   36K   792    5.86    5.78    49    83   42K    64   27.42   27.38
c rst  geom ibes   vs   475  156K    1600   36K   792    5.86    5.78    49    83   42K    64   27.39   27.36
c rst  geom ibes   vs   476  156K    1600   36K   792    5.86    5.78    49    83   43K    64   27.34   27.31
c rst  geom ibes   vs   477  157K    1600   36K   792    5.86    5.78    49    83   43K    64   27.28   27.24
c rst  geom ibes   vs   478  157K    1600   36K   792    5.86    5.78    49    83   43K    64   27.22   27.18
c rst  geom ibes   vs   479  157K    1600   36K   792    5.86    5.78    49    83   44K    64   27.37   27.33
c rst  geom ibes   vs   480  158K    1600   36K   792    5.86    5.78    49    83   44K    64   27.34   27.30
c rst  geom  svd   vs   481  158K    1600   36K   792    5.86    5.78    49    83   45K    64   27.35   27.31
c [distill-long-red0] cls tried: 0/0 T: 0.00 T-out: N T-r: 100.00%
c [distill-long-red1] cls tried: 6/6 T: 0.00 T-out: N T-r: 88.26%
c rst  geom  svd   vs   482  159K    1600   36K   792    5.86    5.78    49    83   45K    64   27.34   27.31
c rst  geom  svd   vs   483  159K    1600   36K   792    5.86    5.78    49    83   46K    64   27.29   27.26
c rst  geom  svd   vs   484  160K    1600   36K   792    5.86    5.78    49    83   46K    64   27.36   27.32
c rst  geom  svd   vs   485  160K    1600   36K   792    5.86    5.78    49    83   47K    64   27.39   27.36
c [impl-str] lit bin: 0 set-var: 0 T: 0.00 T-out: N T-r: 99.95% w-visit: 3200
c [impl-sub] bin: 0 T: 0.00 T-out: N w-visit: 3200
c rst  geom  svd   vs   486  161K    1600   36K   792    5.86    5.78    49    83   48K    64   27.39   27.36
c rst  geom  svd   vs   487  162K    1600   36K   792    5.86    5.78    49    83   48K    64   27.37   27.33
c rst  geom  svd   vs   488  163K    1600   36K   792    5.86    5.78    49    83   49K    64   27.54   27.51
c [full-probe]  bin_only: 0 set: 0 repl: 0 T: 0.01 T-out: N T-r: 97.44%
c rst  geom  svd   vs   489  164K    1600   36K   792    5.86    5.78    49    83   50K    64   27.57   27.54
c rst  geom  svd   vs   490  165K    1600   36K   792    5.86    5.78    49    83   37K    64   26.77   26.73
c rst  geom best   vs   491  166K    1600   36K   792    5.86    5.78    49    83   38K    64   26.55   26.51
c rst  geom best   vs   492  167K    1600   36K   792    5.86    5.78    49    83   39K    64   26.46   26.43
c rst  geom best   vs   493  169K    1600   36K   792    5.86    5.78    49    83   41K    64   26.78   26.74
c rst  geom best   vs   494  170K    1600   36K   792    5.86    5.78    49    83   42K    64   27.18   27.14
c rst  geom best   vs   495  172K    1600   36K   792    5.86    5.78    49    83   44K    64   27.10   27.06
c rst  geom  stb   vs   496  174K    1600   36K   792    5.86    5.78    49    83   46K    64   27.02   26.99
c [distill-long-red0] cls tried: 0/0 T: 0.00 T-out: N T-r: 100.00%
c [distill-long-red1] cls tried: 0/0 T: 0.00 T-out: N T-r: 100.00%
c rst  geom  stb   vs   497  176K    1600   36K   792    5.86    5.78    49    83   48K    64   26.85   26.81
c [branch] adjusting to: vmtf (from: vsid) var_decay:0.95 descr: VMTF
c [distill-bin] useful: 0/792/792 lits-rem: 0 cl-rem: 0 0-depth-assigns: 0 T: 0.01 T-out: N
c rst  luby  stb  vmt   498  176K    1600   36K   792    5.86    5.78    50    86   48K    64   26.86   26.83
c rst  luby  stb  vmt   499  176K    1600   36K   792    5.86    5.78    50    86   48K    64   26.87   26.84
c rst  luby  stb  vmt   500  176K    1600   36K   792    5.86    5.78    50    86   48K    64   26.88   26.85
c rst  luby  stb  vmt   501  176K    1600   36K   792    5.86    5.78    50    86   48K    64   26.87   26.84
c rst  luby  stb  vmt   502  176K    1600   36K   792    5.86    5.78    50    86   49K    64   26.86   26.83
c rst  luby  stb  vmt   503  177K    1600   36K   792    5.86    5.78    50    86   49K    64   26.84   26.81
c rst  luby  stb  vmt   504  177K    1600   36K   792    5.86    5.78    50    86   49K    64   26.78   26.74
c rst  luby  stb  vmt   505  177K    1600   36K   792    5.86    5.78    50    86   49K    64   26.76   26.73
c [ccnr] saving best assignment phase to stable_polar
c [ccnr] bumping based on clause weights
c [ccnr] Bumped vars: 105 bump type: 6
c [ccnr] time: 0.39
c rst  luby  stb  vmt   506  177K    1600   36K   792    5.86    5.78    50    87   49K    64   26.77   26.73
c rst  luby  stb  vmt   507  177K    1600   36K   792    5.86    5.78    50    87   50K    64   26.73   26.69
c rst  luby  stb  vmt   508  178K    1600   36K   792    5.86    5.78    50    87   50K    64   26.70   26.67
c rst  luby  stb  vmt   509  178K    1600   36K   792    5.86    5.78    50    90   50K    64   26.68   26.65
c rst  luby  stb  vmt   510  178K    1600   36K   792    5.86    5.78    51    92   50K    64   26.65   26.61
c rst  luby  stb  vmt   511  178K    1600   36K   792    5.86    5.78    52   122   50K    64   26.57   26.54
c rst  luby  stb  vmt   512  179K    1600   36K   792    5.86    5.78    54   138   51K    64   26.47   26.44
c rst  luby ibes  vmt   513  179K    1600   36K   792    5.86    5.78    54   138   51K    64   26.46   26.43
c rst  luby ibes  vmt   514  179K    1600   36K   792    5.86    5.78    54   139   51K    64   26.48   26.45
c [distill] watch-based irred--  cl tried     7006 cl-sh     0 cl-rem    0 lit-rem      0 T: 0.00 T-out: N
c [distill] watch-based   red--  cl tried      108 cl-sh     0 cl-rem    0 lit-rem      0 T: 0.00 T-out: N
c rst  luby ibes  vmt   515  180K    1600   36K   792    5.86    5.78    70   184   37K    64   24.97   24.93
c rst  luby ibes  vmt   516  180K    1600   36K   792    5.86    5.78    70   186   37K    64   24.98   24.94
c rst  luby ibes  vmt   517  180K    1600   36K   792    5.86    5.78    70   189   37K    64   24.97   24.94
c rst  luby ibes  vmt   518  180K    1600   36K   792    5.86    5.78    70   189   38K    64   24.96   24.93
c rst  luby ibes  vmt   519  180K    1600   36K   792    5.86    5.78    70   189   38K    64   24.92   24.89
c [gauss] XOR-encoding clauses are not detached, so no need to reattach them.
c [g 0] truth-find prop checks  : 989K
c [g 0] -> of which prop        : 69.53 %
c [g 0] -> of which confl       :  2.15 %
c [g 0] elim called             : 40K
c [g 0] ---> which lead to prop : 50.95 %
c [g 0] ---> which lead to confl:  2.20 %
c [g 0] size: 51    x 465  
c [scc] new: 0 BP 0M T: 0.00
c [vrep] vars 0 lits 0 rem-bin-cls 0 rem-long-cls 0 BP 0M T: 0.00
c [intree] Set 0 vars hyper-added: 0 trans-irred: 0 trans-red: 0 T: 0.01 T-out: N T-r: -1.03%
c [find&init matx] performing matrix init
c [gauss] XOR-encoding clauses are not detached, so no need to reattach them.
c [xor-rem-unconnected] left with 1058 xors from 1058 non-empty xors T: 0.00
c [xor-together] xored together: 1007 orig xors: 1058 new xors: 51 T: 0.00
c [xor-rem-unconnected] left with 51 xors from 51 non-empty xors T: 0.00
c [xor-clean-equiv] removed equivalent xors: 0 left with: 51
c [matrix] unused xors from cleaning: 0
c [matrix] Good   matrix 0 51      x465    density:0.1804  xorlen avg: 83.88
c [matrix] Using 1 matrices recovered from 0 xors T: 0.00 T-out: N
c rst  luby ibes vmt  520   180 K 1600      36K   792 5.86    5.78       70   189   38K    64 24.91   24.88  
c rst  luby ibes vmt  521   181 K 1600      36K   792 5.86    5.78       70   189   38K    64 24.90   24.86  
c rst  luby ibes vmt  522   181 K 1600      36K   792 5.86    5.78       70   189   38K    64 24.88   24.84  
c rst  luby ibes vmt  523   181 K 1600      36K   792 5.86    5.78       70   189   38K    64 24.87   24.83  
c rst  luby ibes vmt  524   181 K 1600      36K   792 5.86    5.78       70   189   39K    64 24.86   24.82  
c rst  luby ibes vmt  525   181 K 1600      36K   792 5.86    5.78       70   189   39K    64 24.83   24.80  
c rst  luby ibes vmt  526   182 K 1600      36K   792 5.86    5.78       70   189   39K    64 24.78   24.75  
c rst  luby ibes vmt  527   182 K 1600      36K   792 5.86    5.78       70   189   40K    64 24.69   24.66  
c rst  luby ibes vmt  528   184 K 1600      36K   792 5.86    5.78       70   189   42K    64 24.71   24.68  
c [full-probe]  bin_only: 1 set: 0 repl: 0 T: 0.01 T-out: N T-r: 99.85%
c rst  luby ibes vmt  529   184 K 1600      36K   792 5.86    5.78       70   189   42K    64 24.73   24.70  
c rst  luby ibes vmt  530   184 K 1600      36K   792 5.86    5.78       70   189   42K    64 24.72   24.69  
c rst  luby ibes vmt  531   184 K 1600      36K   792 5.86    5.78       70   189   42K    64 24.69   24.65  
c rst  luby ibes vmt  532   184 K 1600      36K   792 5.86    5.78       72   190   42K    64 24.69   24.66  
c rst  luby ibes vmt  533   185 K 1600      36K   792 5.86    5.78       73   190   42K    64 24.69   24.66  
c rst  luby ibes vmt  534   185 K 1600      36K   792 5.86    5.78       73   190   42K    64 24.69   24.66  
c rst  luby ibes vmt  535   185 K 1600      36K   792 5.86    5.78       73   190   43K    64 24.63   24.60  
c rst  luby ibes vmt  536   185 K 1600      36K   792 5.86    5.78       73   190   43K    64 24.63   24.60  
c rst  luby ibes vmt  537   185 K 1600      36K   792 5.86    5.78       73   190   43K    64 24.62   24.58  
c rst  luby ibes vmt  538   186 K 1600      36K   792 5.86    5.78       73   190   43K    64 24.59   24.55  
c rst  luby ibes vmt  539   186 K 1600      36K   792 5.86    5.78       73   190   43K    64 24.58   24.55  
c rst  luby ibes vmt  540   186 K 1600      36K   792 5.86    5.78       73   190   43K    64 24.59   24.56  
c rst  luby ibes vmt  541   186 K 1600      36K   792 5.86    5.78       73   190   44K    64 24.57   24.54  
c rst  luby svd  vmt  542   186 K 1600      36K   792 5.86    5.78       73   190   44K    64 24.60   24.56  
c rst  luby svd  vmt  543   187 K 1600      36K   792 5.86    5.78       73   191   45K    64 24.59   24.56  
c rst  luby svd  vmt  544   187 K 1600      36K   792 5.86    5.78       73   191   45K    64 24.58   24.55  
c rst  luby svd  vmt  545   187 K 1600      36K   792 5.86    5.78       73   191   45K    64 24.59   24.56  
c rst  luby svd  vmt  546   188 K 1600      36K   792 5.86    5.78       73   191   45K    64 24.59   24.56  
c rst  luby svd  vmt  547   188 K 1600      36K   792 5.86    5.78       73   191   45K    64 24.59   24.55  
c rst  luby svd  vmt  548   188 K 1600      36K   792 5.86    5.78       73   191   45K    64 24.58   24.55  
c rst  luby svd  vmt  549   188 K 1600      36K   792 5.86    5.78       73   191   46K    64 24.59   24.56  
c rst  luby svd  vmt  550   188 K 1600      36K   792 5.86    5.78       73   191   46K    64 24.59   24.56  
c rst  luby svd  vmt  551   188 K 1600      36K   792 5.86    5.78       73   191   46K    64 24.59   24.56  
c rst  luby svd  vmt  552   189 K 1600      36K   792 5.86    5.78       73   191   46K    64 24.60   24.57  
c rst  luby svd  vmt  553   189 K 1600      36K   792 5.86    5.78       73   191   46K    64 24.66   24.63  
c rst  luby svd  vmt  554   189 K 1600      36K   792 5.86    5.78       73   191   47K    64 24.66   24.63  
c [distill-long-red0] cls tried: 20/20 T: 0.00 T-out: N T-r: 99.98%
c [distill-long-red1] cls tried: 107/107 T: 0.01 T-out: N T-r: 50.78%
c rst  luby svd  vmt  555   189 K 1600      36K   792 5.86    5.78       73   191   47K    64 24.67   24.63  
c rst  luby svd  vmt  556   189 K 1600      36K   792 5.86    5.78       73   191   47K    64 24.67   24.64  
c rst  luby svd  vmt  557   190 K 1600      36K   792 5.86    5.78       77   187   47K    64 24.64   24.61  
c rst  luby svd  vmt  558   190 K 1600      36K   792 5.86    5.78       78   187   48K    64 24.76   24.73  
c rst  luby svd  vmt  559   192 K 1600      36K   792 5.86    5.78       78   187   50K    64 24.97   24.94  
c rst  luby svd  vmt  560   195 K 1600      36K   792 5.86    5.78       78   190   38K    64 25.78   25.74  
c rst  geom best vmt  561   195 K 1600      36K   792 5.86    5.78       78   190   38K    64 25.78   25.74  
c rst  geom best vmt  562   195 K 1600      36K   792 5.86    5.78       79   190   38K    64 25.81   25.77  
c rst  geom best vmt  563   196 K 1600      36K   792 5.86    5.78       79   190   38K    64 25.82   25.78  
c rst  geom best vmt  564   196 K 1600      36K   792 5.86    5.78       79   190   38K    64 25.83   25.79  
c rst  geom best vmt  565   196 K 1600      36K   792 5.86    5.78       79   190   39K    64 25.86   25.82  
c rst  geom best vmt  566   196 K 1600      36K   792 5.86    5.78       80   190   39K    64 25.89   25.85  
c [distill-bin] useful: 0/792/792 lits-rem: 0 cl-rem: 0 0-depth-assigns: 0 T: 0.01 T-out: N
c rst  geom best vmt  567   196 K 1600      36K   792 5.86    5.78       81   190   39K    64 25.87   25.83  
c rst  geom best vmt  568   196 K 1600      36K   792 5.86    5.78       81   190   39K    65 25.88   25.85  
c rst  geom best vmt  569   197 K 1600      36K   792 5.86    5.78       81   190   39K    65 25.85   25.81  
c rst  geom best vmt  570   197 K 1600      36K   792 5.86    5.78       81   190   40K    65 25.80   25.76  
c rst  geom best vmt  571   197 K 1600      36K   792 5.86    5.78       81   190   40K    65 25.74   25.70  
c [branch] adjusting to: vsid (from: vmtf) var_decay:0.95 descr: VSIDS
c rst  geom best vs   572   197 K 1600      36K   792 5.86    5.78       81   190   40K    65 25.79   25.75  
c rst  geom best vs   573   197 K 1600      36K   792 5.86    5.78       81   190   40K    65 25.79   25.75  
c rst  geom best vs   574   198 K 1600      36K   792 5.86    5.78       81   190   40K    65 25.80   25.77  
c rst  geom best vs   575   198 K 1600      36K   792 5.86    5.78       81   190   41K    65 25.81   25.77  
c rst  geom best vs   576   198 K 1600      36K   792 5.86    5.78       81   190   41K    65 25.80   25.76  
c rst  geom best vs   577   198 K 1600      36K   792 5.86    5.78       81   190   41K    65 25.79   25.75  
c rst  geom best vs   578   198 K 1600      36K   792 5.86    5.78       81   190   41K    65 25.77   25.74  
c rst  geom best vs   579   198 K 1600      36K   792 5.86    5.78       81   190   41K    65 25.76   25.72  
c rst  geom best vs   580   199 K 1600      36K   792 5.86    5.78       81   190   41K    65 25.74   25.71  
c rst  geom best vs   581   199 K 1600      36K   792 5.86    5.78       81   190   42K    65 25.71   25.68  
c rst  geom best vs   582   199 K 1600      36K   792 5.86    5.78       81   190   42K    65 25.68   25.64  
c rst  geom best vs   583   200 K 1600      36K   792 5.86    5.78       81   190   42K    65 25.68   25.64  
c rst  geom best vs   584   200 K 1600      36K   792 5.86    5.78       81   190   43K    65 25.64   25.61  
c rst  geom best vs   585   200 K 1600      36K   792 5.86    5.78       81   190   43K    65 25.63   25.59  
c rst  geom best vs   586   201 K 1600      36K   792 5.86    5.78       81   190   43K    65 25.59   25.56  
c rst  geom best vs   587   201 K 1600      36K   792 5.86    5.78       81   190   44K    65 25.53   25.50  
c rst  geom best vs   588   202 K 1600      36K   792 5.86    5.78       81   190   44K    65 25.61   25.58  
c rst  geom best vs   589   202 K 1600      36K   792 5.86    5.78       81   190   45K    65 25.60   25.56  
c rst  geom best vs   590   203 K 1600      36K   792 5.86    5.78       81   190   46K    65 25.60   25.56  
c rst  geom stb  vs   591   203 K 1600      36K   792 5.86    5.78       81   190   46K    65 25.58   25.55  
c rst  geom stb  vs   592   204 K 1600      36K   792 5.86    5.78       81   202   47K    65 25.80   25.77  
c [distill-long-red0] cls tried: 4/4 T: 0.00 T-out: N T-r: 99.99%
c [distill-long-red1] cls tried: 15/15 T: 0.00 T-out: N T-r: 92.59%
c [full-probe]  bin_only: 0 set: 0 repl: 0 T: 0.01 T-out: N T-r: 97.91%
c rst  geom stb  vs   593   205 K 1600      36K   792 5.86    5.78       84   202   48K    65 25.91   25.88  
c [distill] watch-based irred--  cl tried 7006     cl-sh 1     cl-rem 0    lit-rem 1      T: 0.00 T-out: N
c [distill] watch-based red  --  cl tried 167      cl-sh 0     cl-rem 1    lit-rem 0      T: 0.00 T-out: N
c rst  geom stb  vs   594   206 K 1600      36K   793 5.86    5.78       83   202   49K    65 25.88   25.85  
c rst  geom stb  vs   595   207 K 1600      36K   793 5.86    5.78       83   202   50K    65 25.82   25.79  
c rst  geom stb  vs   596   208 K 1600      36K   793 5.86    5.78       83   202   51K    65 25.76   25.73  
c rst  geom stb  vs   597   209 K 1600      36K   793 5.86    5.78       83   202   52K    65 25.89   25.86  
c rst  geom stb  vs   598   210 K 1600      36K   793 5.86    5.78       86   179   38K    65 24.79   24.75  
c rst  geom ibes vs   599   212 K 1600      36K   793 5.86    5.78       86   179   40K    65 24.91   24.87  
c rst  geom ibes vs   600   213 K 1600      36K   793 5.86    5.78       86   179   41K    65 25.01   24.98  
c rst  geom ibes vs   601   215 K 1600      36K   793 5.86    5.78       89   179   43K    65 25.05   25.02  
c rst  geom ibes vs   602   217 K 1600      36K   793 5.86    5.78       89   179   45K    65 25.09   25.05  
c [distill-bin] useful: 0/793/793 lits-rem: 0 cl-rem: 0 0-depth-assigns: 0 T: 0.01 T-out: N
c rst  geom ibes vs   603   219 K 1600      36K   793 5.86    5.78       89   179   47K    65 24.84   24.81  
c rst  geom svd  vs   604   221 K 1600      36K   793 5.86    5.78       90   178   49K    65 24.92   24.89  
c [distill-long-red0] cls tried: 8/8 T: 0.00 T-out: N T-r: 99.99%
c [distill-long-red1] cls tried: 6/6 T: 0.00 T-out: N T-r: 97.79%
c [impl-str] lit bin: 0 set-var: 0 T: 0.00 T-out: N T-r: 99.95% w-visit: 3200
c [impl-sub] bin: 0 T: 0.00 T-out: N w-visit: 3200
c rst  geom svd  vs   605   224 K 1600      36K   793 5.86    5.78       90   178   52K    65 25.10   25.07  
c [branch] adjusting to: vmtf (from: vsid) var_decay:0.95 descr: VMTF
c [ccnr] saving best assignment phase to stable_polar
c [ccnr] bumping based on var unsat frequency: conflict_ct
c [ccnr] Bumped vars: 1600 bump type: 6
c [ccnr] time: 0.39
c rst  luby svd  vmt  606   224 K 1600      36K   793 5.86    5.78       95   198   52K    65 25.08   25.05  
c rst  luby svd  vmt  607   224 K 1600      36K   793 5.86    5.78       99   221   52K    65 25.08   25.06  
c rst  luby svd  vmt  608   224 K 1600      36K   793 5.86    5.78       99   221   52K    65 25.07   25.05  
c rst  luby svd  vmt  609   224 K 1600      36K   793 5.86    5.78       99   221   52K    65 25.09   25.06  
c rst  luby svd  vmt  610   224 K 1600      36K   793 5.86    5.78       99   221   52K    65 25.10   25.07  
c [full-probe]  bin_only: 1 set: 0 repl: 0 T: 0.01 T-out: N T-r: 99.84%
c rst  luby svd  vmt  611   224 K 1600      36K   793 5.86    5.78       99   221   52K    67 25.13   25.10  
c rst  luby svd  vmt  612   225 K 1600      36K   793 5.86    5.78      102   232   38K    67 26.01   25.97  
c rst  luby svd  vmt  613   225 K 1600      36K   793 5.86    5.78      102   232   38K    67 26.02   25.98  
c rst  luby svd  vmt  614   225 K 1600      36K   793 5.86    5.78      102   232   38K    67 26.03   25.99  
c rst  luby svd  vmt  615   225 K 1600      36K   793 5.86    5.78      102   232   38K    67 26.02   25.98  
c rst  luby svd  vmt  616   225 K 1600      36K   793 5.86    5.78      102   232   38K    67 26.02   25.98  
c rst  luby svd  vmt  617   225 K 1600      36K   793 5.86    5.78      102   232   39K    67 26.04   26.00  
c rst  luby svd  vmt  618   226 K 1600      36K   793 5.86    5.78      102   232   39K    67 26.09   26.05  
c rst  luby svd  vmt  619   226 K 1600      36K   793 5.86    5.78      102   232   39K    67 26.07   26.03  
c rst  luby svd  vmt  620   227 K 1600      36K   793 5.86    5.78      102   232   40K    67 25.99   25.95  
c rst  geom best vmt  621   227 K 1600      36K   793 5.86    5.78      102   232   40K    67 25.99   25.95  
c rst  geom best vmt  622   227 K 1600      36K   793 5.86    5.78      102   232   40K    67 25.98   25.94  
c rst  geom best vmt  623   227 K 1600      36K   793 5.86    5.78      102   232   40K    67 25.98   25.94  
c rst  geom best vmt  624   227 K 1600      36K   793 5.86    5.78      102   232   40K    67 26.05   26.01  
c rst  geom best vmt  625   227 K 1600      36K   793 5.86    5.78      102   232   41K    67 26.09   26.05  
c rst  geom best vmt  626   228 K 1600      36K   793 5.86    5.78      102   232   41K    67 26.12   26.08  
c rst  geom best vmt  627   228 K 1600      36K   793 5.86    5.78      102   232   41K    67 26.13   26.09  
c rst  geom best vmt  628   228 K 1600      36K   793 5.86    5.78      102   232   41K    67 26.14   26.10  
c rst  geom best vmt  629   228 K 1600      36K   793 5.86    5.78      102   232   41K    67 26.16   26.12  
c rst  geom best vmt  630   229 K 1600      36K   793 5.86    5.78      102   232   42K    67 26.16   26.12  
c rst  geom best vmt  631   229 K 1600      36K   793 5.86    5.78      102   232   42K    67 26.16   26.12  
c rst  geom best vmt  632   229 K 1600      36K   793 5.86    5.78      102   232   42K    67 26.20   26.16  
c rst  geom best vmt  633   229 K 1600      36K   793 5.86    5.78      102   232   43K    67 26.23   26.19  
c rst  geom best vmt  634   230 K 1600      36K   793 5.86    5.78      114   220   43K    67 26.20   26.16  
c rst  geom best vmt  635   230 K 1600      36K   793 5.86    5.78      114   220   43K    67 26.18   26.15  
c [distill] watch-based irred--  cl tried 7004     cl-sh 0     cl-rem 0    lit-rem 0      T: 0.00 T-out: N
c [distill] watch-based red  --  cl tried 228      cl-sh 2     cl-rem 0    lit-rem 2      T: 0.00 T-out: N
c rst  geom best vmt  636   231 K 1600      36K   793 5.86    5.78      114   220   44K    67 26.21   26.17  
c rst  geom best vmt  637   231 K 1600      36K   793 5.86    5.78      114   220   44K    67 26.26   26.22  
c rst  geom best vmt  638   232 K 1600      36K   793 5.86    5.78      114   220   45K    67 26.35   26.32  
c rst  geom best vmt  639   232 K 1600      36K   793 5.86    5.78      115   220   46K    67 26.34   26.30  
c rst  geom best vmt  640   233 K 1600      36K   793 5.86    5.78      115   220   46K    67 26.34   26.30  
c rst  geom best vmt  641   234 K 1600      36K   793 5.86    5.78      115   220   47K    67 26.24   26.20  
c rst  geom best vmt  642   235 K 1600      36K   793 5.86    5.78      115   220   48K    67 26.18   26.15  
c rst  geom stb  vmt  643   235 K 1600      36K   793 5.86    5.78      115   220   49K    67 26.18   26.15  
c rst  geom stb  vmt  644   236 K 1600      36K   793 5.86    5.78      115   220   50K    67 26.31   26.28  
c [distill-long-red0] cls tried: 21/21 T: 0.00 T-out: N T-r: 99.96%
c [distill-long-red1] cls tried: 43/43 T: 0.00 T-out: N T-r: 71.67%
c rst  geom stb  vmt  645   237 K 1600      36K   793 5.86    5.78      115   220   51K    67 26.36   26.33  
c [distill-bin] useful: 0/793/793 lits-rem: 0 cl-rem: 0 0-depth-assigns: 0 T: 0.01 T-out: N
c rst  geom stb  vmt  646   239 K 1600      36K   793 5.86    5.78      116   223   52K    67 26.46   26.42  
c rst  geom stb  vmt  647   240 K 1600      36K   793 5.86    5.78      119   220   38K    67 26.69   26.64  
c rst  geom stb  vmt  648   241 K 1600      36K   793 5.86    5.78      119   220   40K    67 26.68   26.64  
c rst  geom stb  vmt  649   243 K 1600      36K   793 5.86    5.78      119   220   41K    67 26.74   26.70  
c rst  geom ibes vmt  650   244 K 1600      36K   793 5.86    5.78      119   220   42K    67 26.71   26.67  
c recursive minimization cost OK: 466Kcost/(% lits removed)
c [gauss] XOR-encoding clauses are not detached, so no need to reattach them.
c [g 0] truth-find prop checks  : 1316K
c [g 0] -> of which prop        : 76.11 %
c [g 0] -> of which confl       :  2.17 %
c [g 0] elim called             : 23K
c [g 0] ---> which lead to prop : 101.57 %
c [g 0] ---> which lead to confl:  1.67 %
c [g 0] size: 51    x 465  
c --> Executing strategy token: scc-vrepl
c [scc] new: 1 BP 0M T: 0.00
c [vrep] vars 1 lits 6226 rem-bin-cls 6 rem-long-cls 0 BP 0M T: 0.01
c --> Executing strategy token: sub-impl
c [impl-sub] bin: 2 T: 0.00 T-out: N w-visit: 3200
c --> Executing strategy token: breakid
c --> Executing OCC strategy token(s): 'occ-backw-sub-str,occ-clean-implicit,occ-bve,occ-bva,occ-ternary-res,occ-xor,'
c [occ] mem usage for occur 3      MB
c [occ] Linked in IRRED BIN by default: 791
c [occ] Linked in RED   BIN by default: 63
c [occ] mem usage for occur 0      MB
c Mem for watch alloc      : 10          MB (25.18     %)
c Mem for watch array      : 0           MB (0.17      %)
c --> Executing OCC strategy token: occ-backw-sub-str
c [occ-backw-sub-str-long-w-bins] subs: 0 str: 0 tried: 7576 0-depth ass: 0 T: 0.00 T-out: N T-r: 98.99%
c [occ-backw-sub-long-w-long] rem cl: 23 tried: 79410/79410 (100.0%) T: 0.03 T-out: N T-r: 87.98%
c [occ-backw-sub-str-long-w-long] sub: 0 str: 3 tried: 238230/79410 (300.0)  T: 0.22 T-out: N T-r: 64.90%
c --> Executing OCC strategy token: occ-clean-implicit
c --> Executing OCC strategy token: occ-bve
c [occ-empty-res] Empty resolvent elimed: 0 T: 0.00 T-out: N
c [occ-bve] iter v-elim 0
c cl_inc_rate=1.0, var_dec_rate=1.0 (grow=0)
c Reduced to 1599 vars, 37443 cls (grow=0)
c [occ-bve] iter v-elim 0
c cl_inc_rate=1.0, var_dec_rate=1.0 (grow=8)
c Reduced to 1599 vars, 37443 cls (grow=8)
c [occ-bve] iter v-elim 0
c cl_inc_rate=1.0, var_dec_rate=1.0 (grow=16)
c Reduced to 1599 vars, 37443 cls (grow=16)
c x n vars       : 1599
c #try to eliminate:  4797
c #var-elim        :     0
c #T-o: N
c #T-r: 99.98%
c #T  : 0.31
c [occur] 0.03 is overhead
c [occur] link-in T: 0.03 cleanup T: 0.00
c --> Executing OCC strategy token: occ-bva
c --> Executing OCC strategy token: occ-ternary-res
c [occ-ternary-res] Ternary res-tri: 0 res-bin: 0 sub: 0 str: 0 T: 0.00 T-out: N T-r: 99.78%
c --> Executing OCC strategy token: occ-xor
c [occ-xor] sort occur list T: 0.00
c [xor-clean-equiv] removed equivalent xors: 0 left with: 1050
c [occ-xor] found   1050 avg sz 5.9 min sz  4 max sz  6 T: 0.01 T-out: N T-r: 99.97%
c --> Executing strategy token: card-find
c --> Executing strategy token: cl-consolidate
c Not consolidating memory.
c --> Executing strategy token: scc-vrepl
c [scc] new: 0 BP 0M T: 0.00
c --> Executing strategy token: renumber
c --> Executing strategy token: bosphorus
c --> Executing strategy token: louvain-comms
c [consolidate] mini T: 0.00
c global_timeout_multiplier: 3.9930
c [branch] rebuilding order heap for all branchings. Current branching: vmtf
c [find&init matx] performing matrix init
c [gauss] XOR-encoding clauses are not detached, so no need to reattach them.
c [xor-rem-unconnected] left with 1050 xors from 1050 non-empty xors T: 0.00
c [xor-together] xored together: 992 orig xors: 1050 new xors: 58 T: 0.00
c [xor-rem-unconnected] left with 58 xors from 58 non-empty xors T: 0.00
c [xor-clean-equiv] removed equivalent xors: 0 left with: 58
c [matrix] unused xors from cleaning: 0
c [matrix] Good   matrix  0     58 x  478  density:0.1537  xorlen avg: 73.47
c [matrix] Using 1 matrices recovered from 0 xors T: 0.00 T-out: N
c rst  geom ibes  vmt   651  244K    1599   36K   791    5.86    5.78   101   217   43K    63   26.82   26.78
c [full-probe]  bin_only: 0 set: 0 repl: 0 T: 0.01 T-out: N T-r: 96.73%
c rst  geom ibes  vmt   652  246K    1599   36K   791    5.86    5.78   101   217   45K    65   26.66   26.62
c [gauss] XOR-encoding clauses are not detached, so no need to reattach them.
c [g 0] truth-find prop checks  : 55K
c [g 0] -> of which prop        : 77.61 %
c [g 0] -> of which confl       :  2.11 %
c [g 0] elim called             : 719
c [g 0] ---> which lead to prop : 91.66 %
c [g 0] ---> which lead to confl:  2.09 %
c [g 0] size: 58    x 478  
c [scc] new: 1 BP 0M T: 0.00
c [vrep] vars 1 lits 1768 rem-bin-cls 5 rem-long-cls 0 BP 0M T: 0.01
c [scc] new: 0 BP 0M T: 0.00
c [vrep] vars 0 lits 0 rem-bin-cls 0 rem-long-cls 0 BP 0M T: 0.00
c [intree] Set 0 vars hyper-added: 24 trans-irred: 0 trans-red: 0 T: 0.01 T-out: N T-r: 0.17%
c [find&init matx] performing matrix init
c [gauss] XOR-encoding clauses are not detached, so no need to reattach them.
c [xor-rem-unconnected] left with 1050 xors from 1050 non-empty xors T: 0.00
c [xor-together] xored together: 990 orig xors: 1050 new xors: 60 T: 0.00
c [xor-rem-unconnected] left with 60 xors from 60 non-empty xors T: 0.00
c [xor-clean-equiv] removed equivalent xors: 0 left with: 60
c [matrix] unused xors from cleaning: 0
c [matrix] Good   matrix 0 60      x479    density:0.1484  xorlen avg: 71.08
c [matrix] Using 1 matrices recovered from 0 xors T: 0.00 T-out: N
c rst  geom ibes vmt  653   248 K 1598      36K   791 5.86    5.78      101   222   47K    86 26.64   26.59  
c rst  geom ibes vmt  654   251 K 1598      36K   791 5.86    5.78      103   139   49K    86 26.41   26.36  
c [branch] adjusting to: vsid (from: vmtf) var_decay:0.95 descr: VSIDS
c rst  geom svd  vs   655   251 K 1598      36K   791 5.86    5.78      103   139   49K    86 26.42   26.37  
c rst  geom svd  vs   656   251 K 1598      36K   791 5.86    5.78      103   139   49K    86 26.41   26.37  
c rst  geom svd  vs   657   251 K 1598      36K   791 5.86    5.78      103   139   49K    86 26.41   26.37  
c rst  geom svd  vs   658   251 K 1598      36K   791 5.86    5.78      103   139   50K    86 26.42   26.38  
c rst  geom svd  vs   659   251 K 1598      36K   791 5.86    5.78      103   139   50K    86 26.44   26.39  
c rst  geom svd  vs   660   252 K 1598      36K   791 5.86    5.78      103   139   50K    86 26.47   26.43  
c [distill-long-red0] cls tried: 3/3 T: 0.00 T-out: N T-r: 100.00%
c [distill-long-red1] cls tried: 8/8 T: 0.00 T-out: N T-r: 93.13%
c rst  geom svd  vs   661   252 K 1598      36K   791 5.86    5.78      103   139   50K    86 26.50   26.46  
c rst  geom svd  vs   662   252 K 1598      36K   791 5.86    5.78      103   139   50K    86 26.53   26.49  
c rst  geom svd  vs   663   252 K 1598      36K   791 5.86    5.78      103   139   50K    86 26.55   26.51  
c rst  geom svd  vs   664   252 K 1598      36K   791 5.86    5.78      103   139   51K    86 26.58   26.54  
c rst  geom svd  vs   665   253 K 1598      36K   791 5.86    5.78      103   139   51K    86 26.61   26.56  
c rst  geom svd  vs   666   253 K 1598      36K   791 5.86    5.78      103   139   51K    86 26.62   26.58  
c rst  geom svd  vs   667   253 K 1598      36K   791 5.86    5.78      103   139   52K    86 26.64   26.60  
c rst  geom svd  vs   668   254 K 1598      36K   791 5.86    5.78      103   139   52K    86 26.70   26.66  
c rst  geom svd  vs   669   254 K 1598      36K   791 5.86    5.78      103   139   52K    86 26.83   26.79  
c rst  geom svd  vs   670   255 K 1598      36K   791 5.86    5.78      104   140   37K    86 26.96   26.91  
c rst  geom svd  vs   671   255 K 1598      36K   791 5.86    5.78      104   140   37K    86 27.29   27.23  
c rst  geom svd  vs   672   256 K 1598      36K   791 5.86    5.78      104   140   38K    86 27.38   27.32  
c [distill] watch-based irred--  cl tried 7482     cl-sh 0     cl-rem 0    lit-rem 0      T: 0.00 T-out: N
c [distill] watch-based red  --  cl tried 208      cl-sh 3     cl-rem 0    lit-rem 7      T: 0.00 T-out: N
c rst  geom svd  vs   673   256 K 1598      36K   791 5.86    5.78      104   140   38K    86 27.40   27.34  
c rst  geom svd  vs   674   257 K 1598      36K   791 5.86    5.78      104   140   39K    86 27.51   27.45  
c rst  geom svd  vs   675   258 K 1598      36K   791 5.86    5.78      105   140   40K    86 27.58   27.52  
c [distill-bin] useful: 2/791/791 lits-rem: 0 cl-rem: 2 0-depth-assigns: 0 T: 0.01 T-out: N
c rst  geom svd  vs   676   258 K 1598      36K   789 5.86    5.78      105   140   40K    86 27.88   27.83  
c rst  geom best vs   677   259 K 1598      36K   789 5.86    5.78      105   140   41K    86 27.94   27.89  
c rst  geom best vs   678   260 K 1598      36K   789 5.86    5.78      110   108   42K    86 27.91   27.86  
c rst  geom best vs   679   261 K 1598      36K   789 5.86    5.78      112   112   43K    86 27.86   27.81  
c rst  geom best vs   680   262 K 1598      36K   789 5.86    5.78      112   112   44K    86 27.95   27.90  
c rst  geom best vs   681   264 K 1598      36K   789 5.86    5.78      112   112   46K    86 28.06   28.01  
c rst  geom best vs   682   265 K 1598      36K   789 5.86    5.78      112   112   47K    86 28.04   28.00  
c [full-probe]  bin_only: 1 set: 0 repl: 0 T: 0.01 T-out: N T-r: 99.81%
c rst  geom best vs   683   267 K 1598      36K   789 5.86    5.78      112   112   49K    86 28.20   28.16  
c [distill-long-red0] cls tried: 6/6 T: 0.00 T-out: N T-r: 99.99%
c [distill-long-red1] cls tried: 4/4 T: 0.00 T-out: N T-r: 97.87%
c rst  geom stb  vs   684   268 K 1598      36K   789 5.86    5.78      112   112   50K    86 28.35   28.31  
c [ccnr] saving best assignment phase to stable_polar
c [ccnr] bumping based on var unsat frequency: conflict_ct
c [ccnr] Bumped vars: 1600 bump type: 6
c [ccnr] time: 0.39
c rst  geom stb  vs   685   270 K 1598      36K   789 5.86    5.78      120   114   36K    87 29.80   29.73  
c rst  geom stb  vs   686   272 K 1598      36K   789 5.86    5.78      122   114   38K    87 30.87   30.81  
c rst  geom stb  vs   687   275 K 1598      36K   789 5.86    5.78      122   114   41K    87 31.02   30.96  
c rst  geom ibes vs   688   277 K 1598      36K   789 5.86    5.78      122   114   43K    87 30.91   30.85  
c rst  geom ibes vs   689   280 K 1598      36K   789 5.86    5.78      126    96   46K    87 30.96   30.91  
c [distill-bin] useful: 0/789/789 lits-rem: 0 cl-rem: 0 0-depth-assigns: 0 T: 0.01 T-out: N
c rst  geom ibes vs   690   283 K 1598      36K   789 5.86    5.78      126    98   49K    87 30.39   30.34  
c [branch] adjusting to: vmtf (from: vsid) var_decay:0.95 descr: VMTF
c [distill-long-red0] cls tried: 7/7 T: 0.00 T-out: N T-r: 99.98%
c [distill-long-red1] cls tried: 5/5 T: 0.00 T-out: N T-r: 86.68%
c [distill] watch-based irred--  cl tried 7482     cl-sh 1     cl-rem 0    lit-rem 1      T: 0.00 T-out: N
c [distill] watch-based red  --  cl tried 247      cl-sh 1     cl-rem 3    lit-rem 1      T: 0.00 T-out: N
c [impl-str] lit bin: 0 set-var: 0 T: 0.00 T-out: N T-r: 99.95% w-visit: 3200
c [impl-sub] bin: 0 T: 0.00 T-out: N w-visit: 3200
c rst  luby svd  vmt  691   283 K 1598      36K   790 5.86    5.78      126   108   49K    88 30.39   30.34  
c rst  luby svd  vmt  692   283 K 1598      36K   790 5.86    5.78      126   109   49K    88 30.40   30.35  
c rst  luby svd  vmt  693   283 K 1598      36K   790 5.86    5.78      126   109   49K    88 30.42   30.37  
c rst  luby svd  vmt  694   283 K 1598      36K   790 5.86    5.78      126   109   49K    88 30.43   30.38  
c rst  luby svd  vmt  695   283 K 1598      36K   790 5.86    5.78      126   109   49K    88 30.46   30.41  
c rst  luby svd  vmt  696   284 K 1598      36K   790 5.86    5.78      126   109   50K    88 30.44   30.39  
c rst  luby svd  vmt  697   284 K 1598      36K   790 5.86    5.78      126   109   50K    88 30.55   30.50  
c rst  luby svd  vmt  698   284 K 1598      36K   790 5.86    5.78      126   109   50K    88 30.56   30.51  
c rst  luby svd  vmt  699   284 K 1598      36K   790 5.86    5.78      126   109   50K    88 30.59   30.54  
c rst  luby svd  vmt  700   284 K 1598      36K   790 5.86    5.78      126   109   50K    88 30.65   30.60  
c rst  luby svd  vmt  701   284 K 1598      36K   790 5.86    5.78      126   109   50K    88 30.66   30.62  
c rst  luby svd  vmt  702   285 K 1598      36K   790 5.86    5.78      126   114   34K    88 33.06   32.98  
c rst  luby svd  vmt  703   285 K 1598      36K   790 5.86    5.78      126   114   34K    88 33.06   32.98  
c rst  luby svd  vmt  704   285 K 1598      36K   790 5.86    5.78      126   114   34K    88 33.03   32.95  
c [full-probe]  bin_only: 0 set: 0 repl: 0 T: 0.01 T-out: N T-r: 98.37%
c rst  luby svd  vmt  705   286 K 1598      36K   790 5.86    5.78      126   116   35K    88 33.16   33.09  
c rst  luby svd  vmt  706   286 K 1598      36K   790 5.86    5.78      126   116   35K    88 33.14   33.06  
c rst  luby svd  vmt  707   286 K 1598      36K   790 5.86    5.78      126   116   35K    88 33.15   33.07  
c rst  luby svd  vmt  708   286 K 1598      36K   790 5.86    5.78      126   116   35K    88 33.10   33.03  
c rst  luby svd  vmt  709   286 K 1598      36K   790 5.86    5.78      126   116   36K    88 33.08   33.00  
c rst  luby svd  vmt  710   287 K 1598      36K   790 5.86    5.78      126   116   36K    88 33.06   32.98  
c rst  luby svd  vmt  711   287 K 1598      36K   790 5.86    5.78      126   116   36K    88 33.01   32.94  
c rst  luby svd  vmt  712   287 K 1598      36K   790 5.86    5.78      126   116   36K    88 32.94   32.86  
c rst  luby svd  vmt  713   287 K 1598      36K   790 5.86    5.78      126   116   36K    88 32.92   32.85  
c rst  luby svd  vmt  714   287 K 1598      36K   790 5.86    5.78      126   116   36K    88 32.90   32.83  
c rst  luby svd  vmt  715   288 K 1598      36K   790 5.86    5.78      126   116   37K    88 32.86   32.79  
c rst  luby svd  vmt  716   288 K 1598      36K   790 5.86    5.78      126   116   37K    88 32.84   32.77  
c rst  luby svd  vmt  717   288 K 1598      36K   790 5.86    5.78      126   116   37K    88 32.82   32.74  
c rst  luby svd  vmt  718   288 K 1598      36K   790 5.86    5.78      126   116   37K    88 32.78   32.70  
c rst  luby svd  vmt  719   288 K 1598      36K   790 5.86    5.78      126   116   38K    88 32.69   32.62  
c rst  luby svd  vmt  720   289 K 1598      36K   790 5.86    5.78      126   116   38K    88 32.65   32.58  
c rst  luby svd  vmt  721   291 K 1598      36K   790 5.86    5.78      138   104   40K    88 32.53   32.46  
c rst  geom best vmt  722   291 K 1598      36K   790 5.86    5.78      138   104   40K    88 32.50   32.43  
c rst  geom best vmt  723   291 K 1598      36K   790 5.86    5.78      138   104   40K    88 32.49   32.42  
c rst  geom best vmt  724   291 K 1598      36K   790 5.86    5.78      138   104   40K    88 32.46   32.40  
c rst  geom best vmt  725   291 K 1598      36K   790 5.86    5.78      138   104   40K    88 32.45   32.39  
c rst  geom best vmt  726   291 K 1598      36K   790 5.86    5.78      138   104   41K    88 32.42   32.36  
c rst  geom best vmt  727   292 K 1598      36K   790 5.86    5.78      138   104   41K    88 32.41   32.34  
c rst  geom best vmt  728   292 K 1598      36K   790 5.86    5.78      138   104   41K    88 32.41   32.34  
c rst  geom best vmt  729   292 K 1598      36K   790 5.86    5.78      138   104   41K    88 32.42   32.36  
c rst  geom best vmt  730   292 K 1598      36K   790 5.86    5.78      138   104   41K    88 32.47   32.41  
c rst  geom best vmt  731   293 K 1598      36K   790 5.86    5.78      138   104   42K    88 32.39   32.33  
c rst  geom best vmt  732   293 K 1598      36K   790 5.86    5.78      138   104   42K    88 32.36   32.29  
c rst  geom best vmt  733   293 K 1598      36K   790 5.86    5.78      138   104   42K    88 32.26   32.20  
c rst  geom best vmt  734   293 K 1598      36K   790 5.86    5.78      138   104   43K    88 32.23   32.17  
c rst  geom best vmt  735   294 K 1598      36K   790 5.86    5.78      138   104   43K    88 32.20   32.14  
c rst  geom best vmt  736   294 K 1598      36K   790 5.86    5.78      138   104   43K    88 32.11   32.05  
c rst  geom best vmt  737   295 K 1598      36K   790 5.86    5.78      138   104   44K    88 32.09   32.03  
c rst  geom best vmt  738   295 K 1598      36K   790 5.86    5.78      138   104   44K    88 32.04   31.98  
c rst  geom best vmt  739   296 K 1598      36K   790 5.86    5.78      138   104   45K    88 31.96   31.90  
c rst  geom best vmt  740   296 K 1598      36K   790 5.86    5.78      138   104   45K    88 31.78   31.72  
c rst  geom best vmt  741   297 K 1598      36K   790 5.86    5.78      138   105   46K    88 31.61   31.56  
c rst  geom best vmt  742   298 K 1598      36K   790 5.86    5.78      138   105   47K    88 31.76   31.71  
c rst  geom best vmt  743   299 K 1598      36K   790 5.86    5.78      138   105   48K    88 31.72   31.67  
c [distill-long-red0] cls tried: 11/11 T: 0.00 T-out: N T-r: 99.98%
c [distill-long-red1] cls tried: 13/13 T: 0.00 T-out: N T-r: 90.51%
c rst  geom best vmt  744   299 K 1598      36K   790 5.86    5.78      138   105   49K    88 31.74   31.68  
c rst  geom stb  vmt  745   300 K 1598      36K   790 5.86    5.78      142    76   37K    88 31.25   31.18  
c [distill-bin] useful: 0/790/790 lits-rem: 0 cl-rem: 0 0-depth-assigns: 0 T: 0.01 T-out: N
c rst  geom stb  vmt  746   301 K 1598      36K   790 5.86    5.78      142    76   38K    88 31.17   31.11  
c rst  geom stb  vmt  747   303 K 1598      36K   790 5.86    5.78      142    76   39K    88 31.14   31.07  
c rst  geom stb  vmt  748   304 K 1598      36K   790 5.86    5.78      142    76   40K    88 31.31   31.25  
c rst  geom stb  vmt  749   305 K 1598      36K   790 5.86    5.78      142    76   42K    88 30.99   30.93  
c [full-probe]  bin_only: 1 set: 0 repl: 0 T: 0.01 T-out: N T-r: 99.85%
c rst  geom stb  vmt  750   307 K 1598      36K   790 5.86    5.78      142    76   43K    88 30.65   30.59  
c rst  geom stb  vmt  751   308 K 1598      36K   790 5.86    5.78      142    76   45K    88 30.64   30.58  
c [distill] watch-based irred--  cl tried 7480     cl-sh 0     cl-rem 0    lit-rem 0      T: 0.00 T-out: N
c [distill] watch-based red  --  cl tried 284      cl-sh 1     cl-rem 0    lit-rem 1      T: 0.00 T-out: N
c rst  geom ibes vmt  752   310 K 1598      36K   790 5.86    5.78      145    71   47K    88 31.02   30.97  
c rst  geom ibes vmt  753   312 K 1598      36K   790 5.86    5.78      145    71   49K    88 31.21   31.16  
c [gauss] XOR-encoding clauses are not detached, so no need to reattach them.
c [g 0] truth-find prop checks  : 1597K
c [g 0] -> of which prop        : 70.51 %
c [g 0] -> of which confl       :  1.97 %
c [g 0] elim called             : 41K
c [g 0] ---> which lead to prop : 112.45 %
c [g 0] ---> which lead to confl:  1.95 %
c [g 0] size: 60    x 479  
c [scc] new: 1 BP 0M T: 0.00
c [vrep] vars 1 lits 10934 rem-bin-cls 4 rem-long-cls 16 BP 0M T: 0.02
c [scc] new: 0 BP 0M T: 0.00
c [vrep] vars 0 lits 0 rem-bin-cls 0 rem-long-cls 0 BP 0M T: 0.01
c [intree] Set 0 vars hyper-added: 14 trans-irred: 0 trans-red: 0 T: 0.01 T-out: N T-r: -0.83%
c [find&init matx] performing matrix init
c [gauss] XOR-encoding clauses are not detached, so no need to reattach them.
c [xor-rem-unconnected] left with 1050 xors from 1050 non-empty xors T: 0.00
c [xor-together] xored together: 990 orig xors: 1050 new xors: 60 T: 0.00
c [xor-rem-unconnected] left with 60 xors from 60 non-empty xors T: 0.00
c [xor-clean-equiv] removed equivalent xors: 0 left with: 60
c [matrix] unused xors from cleaning: 0
c [matrix] Good   matrix 0 60      x478    density:0.1487  xorlen avg: 71.08
c [matrix] Using 1 matrices recovered from 0 xors T: 0.00 T-out: N
c [ccnr] saving best assignment phase to stable_polar
c [ccnr] bumping based on clause weights
c [ccnr] Bumped vars: 103 bump type: 6
c [ccnr] time: 0.40
c [g  <0] Disabling GJ-elim in this round.  Usefulness was: 14.3583%  over 86215 calls
c rst  geom ibes vmt  754   315 K 1597      36K   788 5.86    5.78      158   237   37K   102 29.06   28.99  
c [branch] adjusting to: vsid (from: vmtf) var_decay:0.95 descr: VSIDS
c [distill-long-red0] cls tried: 11/11 T: 0.00 T-out: N T-r: 99.99%
c [distill-long-red1] cls tried: 167/167 T: 0.01 T-out: N T-r: 31.76%
c rst  geom ibes vs   755   315 K 1597      36K   788 5.86    5.78      160   251   37K   102 29.07   28.99  
c rst  geom ibes vs   756   315 K 1597      36K   788 5.86    5.78      160   257   37K   102 29.11   29.03  
c rst  geom ibes vs   757   315 K 1597      36K   788 5.86    5.78      165   278   37K   102 29.09   29.02  
c rst  geom ibes vs   758   315 K 1597      36K   788 5.86    5.78      167   287   37K   102 29.15   29.08  
c rst  geom ibes vs   759   315 K 1597      36K   788 5.86    5.78      168   292   38K   102 29.13   29.06  
c rst  geom ibes vs   760   315 K 1597      36K   788 5.86    5.78      169   302   38K   102 29.15   29.08  
c rst  geom ibes vs   761   316 K 1597      36K   788 5.86    5.78      171   309   38K   102 29.15   29.08  
c rst  geom ibes vs   762   316 K 1597      36K   788 5.86    5.78      175   327   38K   102 29.16   29.09  
c rst  geom ibes vs   763   316 K 1597      36K   788 5.86    5.78      175   330   38K   102 29.19   29.12  
c rst  geom ibes vs   764   316 K 1597      36K   788 5.86    5.78      176   335   39K   102 29.16   29.09  
c rst  geom ibes vs   765   317 K 1597      36K   788 5.86    5.78      181   353   39K   102 29.21   29.14  
c rst  geom svd  vs   766   317 K 1597      36K   788 5.86    5.78      182   356   39K   102 29.41   29.34  
c rst  geom svd  vs   767   317 K 1597      36K   788 5.86    5.78      184   368   40K   102 29.47   29.41  
c rst  geom svd  vs   768   318 K 1597      36K   788 5.86    5.78      185   386   40K   102 29.51   29.44  
c rst  geom svd  vs   769   318 K 1597      36K   788 5.86    5.78      186   400   40K   102 29.50   29.43  
c rst  geom svd  vs   770   319 K 1597      36K   788 5.86    5.78      187   433   41K   102 29.48   29.41  
c rst  geom svd  vs   771   319 K 1597      36K   788 5.86    5.78      190   469   41K   102 29.44   29.38  
c rst  geom svd  vs   772   320 K 1597      36K   788 5.86    5.78      365   322   42K   102 29.43   29.36  
c rst  geom svd  vs   773   320 K 1597      36K   788 5.86    5.78      368   352   42K   102 29.34   29.28  
c rst  geom svd  vs   774   321 K 1597      36K   788 5.86    5.78      370   361   43K   102 29.47   29.41  
c [distill-bin] useful: 0/788/788 lits-rem: 0 cl-rem: 0 0-depth-assigns: 0 T: 0.02 T-out: N
c rst  geom svd  vs   775   322 K 1597      36K   788 5.86    5.78      374   393   44K   102 29.43   29.37  
c rst  geom svd  vs   776   322 K 1597      36K   788 5.86    5.78      376   408   44K   102 29.42   29.36  
c rst  geom svd  vs   777   323 K 1597      36K   788 5.86    5.78      378   422   45K   102 29.39   29.33  
c rst  geom svd  vs   778   324 K 1597      36K   788 5.86    5.78      379   438   46K   102 29.33   29.27  
c rst  geom svd  vs   779   325 K 1597      36K   788 5.86    5.78      380   455   47K   102 29.26   29.20  
c [full-probe]  bin_only: 0 set: 0 repl: 0 T: 0.01 T-out: N T-r: 97.54%
c rst  geom best vs   780   326 K 1597      36K   788 5.86    5.78      380   476   48K   104 29.42   29.36  
c rst  geom best vs   781   328 K 1597      36K   788 5.86    5.78      388   508   50K   104 29.90   29.84  
c rst  geom best vs   782   329 K 1597      36K   788 5.86    5.78      389   511   51K   104 30.24   30.18  
c rst  geom best vs   783   331 K 1597      36K   788 5.86    5.78      612   733   37K   104 30.88   30.80  
c [distill-long-red0] cls tried: 415/415 T: 0.02 T-out: N T-r: 99.50%
c [distill-long-red1] cls tried: 80/523 T: 0.01 T-out: Y T-r: -1.05%
c rst  geom best vs   784   332 K 1597      36K   788 5.86    5.78      614   774   39K   104 30.66   30.58  
c rst  geom best vs   785   334 K 1597      36K   788 5.86    5.78      616   788   41K   104 31.24   31.17  
c [distill] watch-based irred--  cl tried 7480     cl-sh 0     cl-rem 0    lit-rem 0      T: 0.00 T-out: N
c [distill] watch-based red  --  cl tried 1232     cl-sh 94    cl-rem 0    lit-rem 153    T: 0.00 T-out: N
c rst  geom stb  vs   786   336 K 1596      36K   788 5.86    5.78      618   811   43K   105 32.23   32.16  
c rst  geom stb  vs   787   338 K 1596      36K   788 5.86    5.78      620   829   45K   105 32.41   32.35  
c rst  geom stb  vs   788   341 K 1596      36K   788 5.86    5.78      720   760   48K   105 32.89   32.82  
c [distill-bin] useful: 0/788/788 lits-rem: 0 cl-rem: 0 0-depth-assigns: 0 T: 0.01 T-out: N
c rst  geom stb  vs   789   344 K 1596      36K   786 5.86    5.78      723   788   50K   105 33.38   33.31  
c [impl-str] lit bin: 0 set-var: 0 T: 0.00 T-out: N T-r: 99.95% w-visit: 3200
c [impl-sub] bin: 4 T: 0.00 T-out: N w-visit: 3200
c rst  geom ibes vs   790   347 K 1596      36K   786 5.86    5.78      749  1082   37K   101 36.68   36.59  
c [distill-long-red0] cls tried: 223/223 T: 0.01 T-out: N T-r: 99.72%
c [distill-long-red1] cls tried: 82/804 T: 0.01 T-out: Y T-r: -1.97%
c [full-probe]  bin_only: 1 set: 0 repl: 0 T: 0.01 T-out: N T-r: 99.77%
c rst  geom ibes vs   791   350 K 1596      36K   786 5.86    5.78      843  1018   40K   101 36.87   36.78  
c rst  geom ibes vs   792   354 K 1596      36K   786 5.86    5.78      843  1041   43K   101 36.11   36.04  
c [branch] adjusting to: vmtf (from: vsid) var_decay:0.95 descr: VMTF
c rst  luby svd  vmt  793   354 K 1596      36K   786 5.86    5.78      843  1043   44K   101 36.08   36.01  
c rst  luby svd  vmt  794   354 K 1596      36K   786 5.86    5.78      843  1045   44K   101 36.08   36.01  
c rst  luby svd  vmt  795   354 K 1596      36K   786 5.86    5.78      843  1047   44K   101 36.01   35.94  
c rst  luby svd  vmt  796   354 K 1596      36K   786 5.86    5.78      843  1048   44K   101 36.00   35.93  
c rst  luby svd  vmt  797   354 K 1596      36K   786 5.86    5.78      846  1056   44K   101 35.98   35.91  
c rst  luby svd  vmt  798   354 K 1596      36K   786 5.86    5.78      846  1058   44K   101 35.91   35.84  
c rst  luby svd  vmt  799   355 K 1596      36K   786 5.86    5.78      849  1070   45K   101 35.78   35.70  
c rst  luby svd  vmt  800   355 K 1596      36K   786 5.86    5.78      849  1070   45K   101 35.76   35.69  
c rst  luby svd  vmt  801   355 K 1596      36K   786 5.86    5.78      850  1076   45K   101 35.73   35.66  
c rst  luby svd  vmt  802   355 K 1596      36K   786 5.86    5.78      850  1087   45K   101 35.67   35.60  
c rst  luby svd  vmt  803   355 K 1596      36K   786 5.86    5.78      850  1090   45K   101 35.67   35.59  
c rst  luby svd  vmt  804   355 K 1596      36K   786 5.86    5.78      850  1098   45K   101 35.65   35.58  
c rst  luby svd  vmt  805   356 K 1596      36K   786 5.86    5.78      850  1100   45K   101 35.61   35.54  
c rst  luby svd  vmt  806   356 K 1596      36K   786 5.86    5.78      850  1100   46K   101 35.51   35.44  
c rst  luby svd  vmt  807   357 K 1596      36K   786 5.86    5.78      851  1126   47K   101 35.29   35.22  
c [ccnr] saving best assignment phase to stable_polar
c [ccnr] bumping based on var unsat frequency: conflict_ct
c [ccnr] Bumped vars: 1600 bump type: 6
c [ccnr] time: 0.39
c rst  luby svd  vmt  808   357 K 1596      36K   786 5.86    5.78      856  1159   47K   102 35.27   35.20  
c rst  luby svd  vmt  809   357 K 1596      36K   786 5.86    5.78      856  1167   47K   102 35.28   35.21  
c rst  luby svd  vmt  810   357 K 1596      36K   786 5.86    5.78      856  1174   47K   102 35.27   35.20  
c rst  luby svd  vmt  811   357 K 1596      36K   786 5.86    5.78      856  1175   47K   102 35.29   35.22  
c rst  luby svd  vmt  812   357 K 1596      36K   786 5.86    5.78      857  1184   47K   102 35.28   35.21  
c rst  luby svd  vmt  813   358 K 1596      36K   786 5.86    5.78      858  1193   47K   102 35.31   35.24  
c rst  luby svd  vmt  814   358 K 1596      36K   786 5.86    5.78      859  1204   48K   102 35.29   35.22  
c rst  luby svd  vmt  815   358 K 1596      36K   786 5.86    5.78      859  1212   48K   102 35.30   35.23  
c rst  luby svd  vmt  816   358 K 1596      36K   786 5.86    5.78      859  1216   48K   102 35.30   35.23  
c rst  luby svd  vmt  817   358 K 1596      36K   786 5.86    5.78      859  1223   48K   102 35.27   35.21  
c rst  luby svd  vmt  818   359 K 1596      36K   786 5.86    5.78      859  1227   48K   102 35.26   35.20  
c rst  luby svd  vmt  819   359 K 1596      36K   786 5.86    5.78      859  1233   48K   102 35.25   35.19  
c rst  luby svd  vmt  820   359 K 1596      36K   786 5.86    5.78      859  1242   48K   102 35.26   35.19  
c rst  luby svd  vmt  821   359 K 1596      36K   786 5.86    5.78      861  1274   49K   102 35.22   35.15  
c [distill] watch-based irred--  cl tried 7478     cl-sh 0     cl-rem 0    lit-rem 0      T: 0.01 T-out: N
c [distill] watch-based red  --  cl tried 1719     cl-sh 94    cl-rem 3    lit-rem 194    T: 0.00 T-out: N
c rst  luby svd  vmt  822   360 K 1596      36K   787 5.85    5.77     1280  1306   36K   102 35.74   35.65  
c rst  luby svd  vmt  823   362 K 1596      36K   787 5.85    5.77     1280  1336   38K   102 36.30   36.21  
c [distill-bin] useful: 0/787/787 lits-rem: 0 cl-rem: 0 0-depth-assigns: 0 T: 0.01 T-out: N
c rst  luby svd  vmt  824   362 K 1596      36K   787 5.85    5.77     1280  1337   38K   102 36.31   36.22  
c [distill-long-red0] cls tried: 528/528 T: 0.04 T-out: N T-r: 98.96%
c [distill-long-red1] cls tried: 70/1024 T: 0.01 T-out: Y T-r: -1.23%
c rst  luby svd  vmt  825   362 K 1596      36K   787 5.85    5.77     1280  1340   38K   102 36.28   36.20  
c rst  luby svd  vmt  826   362 K 1596      36K   787 5.85    5.77     1280  1346   38K   102 36.26   36.17  
c rst  luby svd  vmt  827   362 K 1596      36K   787 5.85    5.77     1280  1351   38K   102 36.25   36.16  
c rst  luby svd  vmt  828   362 K 1596      36K   787 5.85    5.77     1280  1353   38K   102 36.25   36.17  
c rst  geom best vmt  829   362 K 1596      36K   787 5.85    5.77     1280  1359   38K   102 36.25   36.16  
c rst  geom best vmt  830   363 K 1596      36K   787 5.85    5.77     1280  1365   39K   102 36.25   36.16  
c rst  geom best vmt  831   363 K 1596      36K   787 5.85    5.77     1280  1373   39K   102 36.22   36.14  
c rst  geom best vmt  832   363 K 1596      36K   787 5.85    5.77     1280  1380   39K   102 36.25   36.17  
c rst  geom best vmt  833   363 K 1596      36K   787 5.85    5.77     1280  1399   39K   102 36.25   36.17  
c rst  geom best vmt  834   363 K 1596      36K   787 5.85    5.77     1281  1405   39K   102 36.36   36.28  
c rst  geom best vmt  835   363 K 1596      36K   787 5.85    5.77     1282  1416   39K   102 36.40   36.31  
c rst  geom best vmt  836   364 K 1596      36K   787 5.85    5.77     1285  1421   39K   102 36.45   36.37  
c rst  geom best vmt  837   364 K 1596      36K   787 5.85    5.77     1285  1429   40K   102 36.49   36.40  
c rst  geom best vmt  838   364 K 1596      36K   787 5.85    5.77     1285  1432   40K   102 36.49   36.41  
c rst  geom best vmt  839   364 K 1596      36K   787 5.85    5.77     1285  1436   40K   102 36.53   36.45  
c rst  geom best vmt  840   365 K 1596      36K   787 5.85    5.77     1285  1439   41K   102 36.55   36.47  
c rst  geom best vmt  841   365 K 1596      36K   787 5.85    5.77     1285  1451   41K   102 36.49   36.41  
c rst  geom best vmt  842   365 K 1596      36K   787 5.85    5.77     1285  1458   41K   102 36.49   36.41  
c rst  geom best vmt  843   366 K 1596      36K   787 5.85    5.77     1285  1474   42K   102 36.44   36.36  
c rst  geom best vmt  844   366 K 1596      36K   787 5.85    5.77     1286  1481   42K   102 36.55   36.47  
c rst  geom best vmt  845   367 K 1596      36K   787 5.85    5.77     1286  1490   43K   102 36.54   36.46  
c rst  geom best vmt  846   367 K 1596      36K   787 5.85    5.77     1287  1501   43K   102 36.67   36.60  
c [full-probe]  bin_only: 0 set: 0 repl: 0 T: 0.02 T-out: N T-r: 96.03%
c rst  geom best vmt  847   368 K 1596      36K   787 5.85    5.77     1287  1507   44K   104 36.75   36.68  
c rst  geom best vmt  848   368 K 1596      36K   787 5.85    5.77     1287  1518   44K   104 36.73   36.66  
c rst  geom best vmt  849   369 K 1596      36K   787 5.85    5.77     1288  1529   45K   104 36.77   36.70  
c rst  geom best vmt  850   370 K 1596      36K   787 5.85    5.77     1456  1378   46K   104 36.80   36.73  
c rst  geom best vmt  851   371 K 1596      36K   787 5.85    5.77     1460  1398   47K   104 36.81   36.74  
c rst  geom best vmt  852   372 K 1596      36K   787 5.85    5.77     1462  1414   48K   104 36.81   36.74  
c rst  geom stb  vmt  853   373 K 1596      36K   787 5.85    5.77     1463  1454   49K   104 36.96   36.89  
c rst  geom stb  vmt  854   374 K 1596      36K   787 5.85    5.77     1463  1464   50K   104 37.15   37.08  
c rst  geom stb  vmt  855   375 K 1596      36K   787 5.85    5.77     1533  1983   36K   104 36.34   36.25  
c rst  geom stb  vmt  856   377 K 1596      36K   787 5.85    5.77     1535  2000   38K   104 36.53   36.44  
c rst  geom stb  vmt  857   378 K 1596      36K   787 5.85    5.77     1537  2013   39K   104 36.62   36.54  
c [distill-long-red0] cls tried: 253/253 T: 0.02 T-out: N T-r: 99.61%
c [distill-long-red1] cls tried: 69/1634 T: 0.01 T-out: Y T-r: -2.20%
c [gauss] XOR-encoding clauses are not detached, so no need to reattach them.
c [g 0] truth-find prop checks  : 60K
c [g 0] -> of which prop        : 15.05 %
c [g 0] -> of which confl       :  0.86 %
c [g 0] elim called             : 12141
c [g 0] ---> which lead to prop : 20.87 %
c [g 0] ---> which lead to confl:  1.19 %
c [g 0] size: 60    x 478  
c [scc] new: 1 BP 0M T: 0.00
c [vrep] vars 1 lits 1035 rem-bin-cls 7 rem-long-cls 0 BP 0M T: 0.01
c [scc] new: 0 BP 0M T: 0.00
c [vrep] vars 0 lits 0 rem-bin-cls 0 rem-long-cls 0 BP 0M T: 0.01
c [intree] Set 0 vars hyper-added: 1 trans-irred: 0 trans-red: 0 T: 0.01 T-out: N T-r: -1.94%
c [find&init matx] performing matrix init
c [gauss] XOR-encoding clauses are not detached, so no need to reattach them.
c [xor-rem-unconnected] left with 1050 xors from 1050 non-empty xors T: 0.00
c [xor-together] xored together: 990 orig xors: 1050 new xors: 60 T: 0.00
c [xor-rem-unconnected] left with 60 xors from 60 non-empty xors T: 0.00
c [xor-clean-equiv] removed equivalent xors: 0 left with: 60
c [matrix] unused xors from cleaning: 0
c [matrix] Good   matrix 0 60      x476    density:0.1489  xorlen avg: 70.90
c [matrix] Using 1 matrices recovered from 0 xors T: 0.00 T-out: N
c rst  geom stb  vmt  858   380 K 1595      36K   787 5.85    5.77     1704  1851   41K   100 36.90   36.83  
c rst  geom stb  vmt  859   382 K 1595      36K   787 5.85    5.77     1704  1854   43K   100 36.66   36.58  
c [distill-bin] useful: 2/787/787 lits-rem: 0 cl-rem: 2 0-depth-assigns: 0 T: 0.01 T-out: N
c rst  geom ibes vmt  860   384 K 1595      36K   785 5.85    5.77     1704  1854   45K   100 36.51   36.44  
c rst  geom ibes vmt  861   386 K 1595      36K   785 5.85    5.77     1704  1855   47K   100 35.79   35.72  
c [distill] watch-based irred--  cl tried 7478     cl-sh 0     cl-rem 0    lit-rem 0      T: 0.01 T-out: N
c [distill] watch-based red  --  cl tried 3408     cl-sh 223   cl-rem 0    lit-rem 492    T: 0.00 T-out: N
c rst  geom ibes vmt  862   389 K 1595      36K   785 5.85    5.77     1704  1855   50K   100 35.41   35.35  
c [full-probe]  bin_only: 1 set: 0 repl: 0 T: 0.01 T-out: N T-r: 99.74%
c rst  geom ibes vmt  863   391 K 1595      36K   785 5.85    5.77     1718  1857   39K   100 32.55   32.48  
c rst  geom svd  vmt  864   394 K 1595      36K   785 5.85    5.77     1718  1857   42K   100 31.59   31.53  
c [branch] adjusting to: vsid (from: vmtf) var_decay:0.95 descr: VSIDS
c [distill-long-red0] cls tried: 321/321 T: 0.02 T-out: N T-r: 99.59%
c [distill-long-red1] cls tried: 92/1521 T: 0.01 T-out: Y T-r: -1.66%
c rst  geom svd  vs   865   394 K 1595      36K   785 5.85    5.77     1718  1857   42K   100 31.63   31.56  
c rst  geom svd  vs   866   395 K 1595      36K   785 5.85    5.77     1718  1857   42K   100 31.63   31.57  
c rst  geom svd  vs   867   395 K 1595      36K   785 5.85    5.77     1718  1857   42K   100 31.62   31.56  
c rst  geom svd  vs   868   395 K 1595      36K   785 5.85    5.77     1718  1857   42K   100 31.59   31.53  
c rst  geom svd  vs   869   395 K 1595      36K   785 5.85    5.77     1718  1857   43K   100 31.56   31.50  
c rst  geom svd  vs   870   395 K 1595      36K   785 5.85    5.77     1718  1857   43K   100 31.52   31.46  
c rst  geom svd  vs   871   395 K 1595      36K   785 5.85    5.77     1718  1857   43K   100 31.49   31.42  
c rst  geom svd  vs   872   396 K 1595      36K   785 5.85    5.77     1718  1857   43K   100 31.44   31.38  
c rst  geom svd  vs   873   396 K 1595      36K   785 5.85    5.77     1718  1857   43K   100 31.40   31.34  
c rst  geom svd  vs   874   396 K 1595      36K   785 5.85    5.77     1718  1857   44K   100 31.35   31.28  
c rst  geom svd  vs   875   396 K 1595      36K   785 5.85    5.77     1718  1857   44K   100 31.29   31.23  
c rst  geom svd  vs   876   397 K 1595      36K   785 5.85    5.77     1718  1857   44K   100 31.23   31.17  
c rst  geom svd  vs   877   397 K 1595      36K   785 5.85    5.77     1718  1857   45K   100 31.16   31.10  
c rst  geom svd  vs   878   397 K 1595      36K   785 5.85    5.77     1718  1857   45K   100 31.13   31.07  
c recursive minimization cost OK: 732Kcost/(% lits removed)
c [gauss] XOR-encoding clauses are not detached, so no need to reattach them.
c [g 0] truth-find prop checks  : 444K
c [g 0] -> of which prop        : 74.59 %
c [g 0] -> of which confl       :  2.11 %
c [g 0] elim called             : 8555
c [g 0] ---> which lead to prop : 99.79 %
c [g 0] ---> which lead to confl:  1.95 %
c [g 0] size: 60    x 476  
c --> Executing strategy token: scc-vrepl
c [scc] new: 0 BP 0M T: 0.00
c --> Executing strategy token: sub-impl
c [impl-sub] bin: 1 T: 0.00 T-out: N w-visit: 3200
c --> Executing strategy token: breakid
c --> Executing OCC strategy token(s): 'occ-backw-sub-str,occ-clean-implicit,occ-bve,occ-bva,occ-ternary-res,occ-xor,'
c [occ] mem usage for occur 3      MB
c [occ] Linked in IRRED BIN by default: 785
c [occ] Linked in RED   BIN by default: 99
c [occ] mem usage for occur 0      MB
c Mem for watch alloc      : 13          MB (23.01     %)
c Mem for watch array      : 0           MB (0.12      %)
c --> Executing OCC strategy token: occ-backw-sub-str
c [occ-backw-sub-str-long-w-bins] subs: 0 str: 23 tried: 8460 0-depth ass: 0 T: 0.00 T-out: N T-r: 99.06%
c [occ-backw-sub-long-w-long] rem cl: 251 tried: 85383/85383 (100.0%) T: 0.04 T-out: N T-r: 88.71%
c [occ-backw-sub-str-long-w-long] sub: 2 str: 27 tried: 256149/85383 (300.0)  T: 0.23 T-out: N T-r: 67.46%
c --> Executing OCC strategy token: occ-clean-implicit
c --> Executing OCC strategy token: occ-bve
c [occ-empty-res] Empty resolvent elimed: 0 T: 0.00 T-out: N
c [occ-bve] iter v-elim 0
c cl_inc_rate=1.0, var_dec_rate=1.0 (grow=0)
c Reduced to 1595 vars, 37259 cls (grow=0)
c [occ-bve] iter v-elim 0
c cl_inc_rate=1.0, var_dec_rate=1.0 (grow=8)
c Reduced to 1595 vars, 37259 cls (grow=8)
c [occ-bve] iter v-elim 0
c cl_inc_rate=1.0, var_dec_rate=1.0 (grow=16)
c Reduced to 1595 vars, 37259 cls (grow=16)
c x n vars       : 1595
c #try to eliminate:  4785
c #var-elim        :     0
c #T-o: N
c #T-r: 99.98%
c #T  : 0.40
c [occur] 0.05 is overhead
c [occur] link-in T: 0.05 cleanup T: 0.00
c --> Executing OCC strategy token: occ-bva
c --> Executing OCC strategy token: occ-ternary-res
c [occ-ternary-res] Ternary res-tri: 0 res-bin: 0 sub: 0 str: 0 T: 0.00 T-out: N T-r: 99.78%
c --> Executing OCC strategy token: occ-xor
c [occ-xor] sort occur list T: 0.00
c [xor-clean-equiv] removed equivalent xors: 0 left with: 1027
c [occ-xor] found   1027 avg sz 5.9 min sz  4 max sz  6 T: 0.01 T-out: N T-r: 99.97%
c --> Executing strategy token: card-find
c --> Executing strategy token: cl-consolidate
c Not consolidating memory.
c --> Executing strategy token: scc-vrepl
c [scc] new: 0 BP 0M T: 0.00
c --> Executing strategy token: renumber
c --> Executing strategy token: bosphorus
c --> Executing strategy token: louvain-comms
c [consolidate] mini T: 0.00
c global_timeout_multiplier: 4.3923
c [branch] rebuilding order heap for all branchings. Current branching: vsid
c [find&init matx] performing matrix init
c [gauss] XOR-encoding clauses are not detached, so no need to reattach them.
c [xor-rem-unconnected] left with 1027 xors from 1027 non-empty xors T: 0.00
c [xor-together] xored together: 958 orig xors: 1027 new xors: 69 T: 0.00
c [xor-rem-unconnected] left with 69 xors from 69 non-empty xors T: 0.00
c [xor-clean-equiv] removed equivalent xors: 0 left with: 69
c [matrix] unused xors from cleaning: 0
c [matrix] Good   matrix  0     69 x  500  density:0.1212  xorlen avg: 60.62
c [matrix] Using 1 matrices recovered from 0 xors T: 0.00 T-out: N
c rst  geom  svd   vs   879  397K    1595   36K   785    5.85    5.77  1472  1860   45K    99   31.29   31.23
c rst  geom  svd   vs   880  398K    1595   36K   785    5.85    5.77  1472  1860   45K    99   31.40   31.34
c rst  geom  svd   vs   881  398K    1595   36K   785    5.85    5.77  1472  1869   46K    99   31.45   31.39
c rst  geom  svd   vs   882  399K    1595   36K   785    5.85    5.77  1472  1870   46K    99   31.52   31.46
c rst  geom  svd   vs   883  399K    1595   36K   785    5.85    5.77  1472  1875   47K    99   31.64   31.58
c rst  geom  svd   vs   884  400K    1595   36K   785    5.85    5.77  1485  1791   47K    99   31.79   31.73
c rst  geom  svd   vs   885  401K    1595   36K   785    5.85    5.77  1486  1793   48K    99   31.91   31.86
c rst  geom best   vs   886  401K    1595   36K   785    5.85    5.77  1486  1798   49K    99   31.94   31.88
c [ccnr] saving best assignment phase to stable_polar
c [ccnr] bumping based on var unsat frequency: conflict_ct
c [ccnr] Bumped vars: 1600 bump type: 6
c [ccnr] time: 0.40
c rst  geom best   vs   887  402K    1595   36K   785    5.85    5.77  1486  1809   50K    99   32.08   32.03
c [distill-bin] useful: 0/785/785 lits-rem: 0 cl-rem: 0 0-depth-assigns: 0 T: 0.02 T-out: N
c rst  geom best   vs   888  403K    1595   36K   785    5.85    5.77  1486  1816   50K    99   32.30   32.25
c rst  geom best   vs   889  404K    1595   36K   785    5.85    5.77  1487  1820   51K    99   32.36   32.30
c [impl-str] lit bin: 0 set-var: 0 T: 0.00 T-out: N T-r: 99.95% w-visit: 3200
c [impl-sub] bin: 0 T: 0.00 T-out: N w-visit: 3200
c rst  geom best   vs   890  405K    1595   36K   785    5.85    5.77  1493  1910   38K    99   31.32   31.25
c rst  geom best   vs   891  406K    1595   36K   785    5.85    5.77  1493  1919   39K    99   31.60   31.54
c rst  geom best   vs   892  407K    1595   36K   785    5.85    5.77  1493  1928   40K    99   31.54   31.47
c rst  geom best   vs   893  409K    1595   36K   785    5.85    5.77  1493  1934   42K    99   31.73   31.66
c [full-probe]  bin_only: 0 set: 0 repl: 0 T: 0.01 T-out: N T-r: 97.37%
c rst  geom best   vs   894  410K    1595   36K   785    5.85    5.77  1598  1766   43K    99   31.64   31.58
c [distill-long-red0] cls tried: 125/125 T: 0.01 T-out: N T-r: 99.75%
c [distill-long-red1] cls tried: 81/1395 T: 0.01 T-out: Y T-r: -3.44%
c rst  geom  stb   vs   895  412K    1595   36K   785    5.85    5.77  1599  1789   45K    99   32.04   31.98
c [distill] watch-based irred--  cl tried     8868 cl-sh     0 cl-rem    0 lit-rem      0 T: 0.00 T-out: N
c [distill] watch-based   red--  cl tried     3198 cl-sh    35 cl-rem    0 lit-rem     94 T: 0.00 T-out: N
c rst  geom  stb   vs   896  414K    1595   36K   785    5.85    5.77  1599  1795   47K    99   32.51   32.45
c rst  geom  stb   vs   897  416K    1595   36K   785    5.85    5.77  1599  1800   49K    99   32.84   32.78
c rst  geom  stb   vs   898  418K    1595   36K   785    5.85    5.77  1599  1803   51K    99   33.24   33.18
c rst  geom  stb   vs   899  421K    1595   36K   785    5.85    5.77  1635  1835   39K    99   30.84   30.77
c rst  geom ibes   vs   900  423K    1595   36K   785    5.85    5.77  1635  1840   41K    99   30.80   30.74
c [distill-bin] useful: 0/785/785 lits-rem: 0 cl-rem: 0 0-depth-assigns: 0 T: 0.01 T-out: N
c rst  geom ibes   vs   901  426K    1595   36K   785    5.85    5.77  1636  1853   44K    99   30.97   30.91
c [distill-long-red0] cls tried: 72/72 T: 0.01 T-out: N T-r: 99.87%
c [distill-long-red1] cls tried: 91/1410 T: 0.01 T-out: Y T-r: -3.19%
c rst  geom ibes   vs   902  430K    1595   36K   785    5.85    5.77  1701  1519   48K    99   31.10   31.05
c [full-probe]  bin_only: 1 set: 0 repl: 0 T: 0.01 T-out: N T-r: 99.84%
c rst  geom ibes   vs   903  433K    1595   36K   785    5.85    5.77  1701  1533   51K    99   31.93   31.87
c rst  geom  svd   vs   904  437K    1595   36K   785    5.85    5.77  1707  1668   41K    99   36.33   36.25
c [branch] adjusting to: vmtf (from: vsid) var_decay:0.95 descr: VMTF
c [distill] watch-based irred--  cl tried     8868 cl-sh     0 cl-rem    0 lit-rem      0 T: 0.01 T-out: N
c [distill] watch-based   red--  cl tried     3414 cl-sh    30 cl-rem    0 lit-rem     60 T: 0.00 T-out: N
c rst  luby  svd  vmt   905  437K    1595   36K   785    5.85    5.77  1710  1689   41K    99   36.32   36.24
c rst  luby  svd  vmt   906  438K    1595   36K   785    5.85    5.77  1710  1692   41K    99   36.32   36.25
c rst  luby  svd  vmt   907  438K    1595   36K   785    5.85    5.77  1710  1694   41K    99   36.35   36.27
c rst  luby  svd  vmt   908  438K    1595   36K   785    5.85    5.77  1710  1694   41K    99   36.34   36.27
c rst  luby  svd  vmt   909  438K    1595   36K   785    5.85    5.77  1710  1694   41K    99   36.34   36.26
c rst  luby  svd  vmt   910  438K    1595   36K   785    5.85    5.77  1710  1694   42K    99   36.32   36.24
c rst  luby  svd  vmt   911  439K    1595   36K   785    5.85    5.77  1710  1694   42K    99   36.28   36.20
c rst  luby  svd  vmt   912  439K    1595   36K   785    5.85    5.77  1710  1694   42K    99   36.27   36.19
c rst  luby  svd  vmt   913  439K    1595   36K   785    5.85    5.77  1710  1694   42K    99   36.25   36.18
c rst  luby  svd  vmt   914  439K    1595   36K   785    5.85    5.77  1710  1694   42K    99   36.22   36.15
c rst  luby  svd  vmt   915  439K    1595   36K   785    5.85    5.77  1710  1694   42K    99   36.20   36.13
c rst  luby  svd  vmt   916  439K    1595   36K   785    5.85    5.77  1710  1694   43K    99   36.19   36.12
c rst  luby  svd  vmt   917  439K    1595   36K   785    5.85    5.77  1710  1694   43K    99   36.15   36.08
c rst  luby  svd  vmt   918  440K    1595   36K   785    5.85    5.77  1760  1424   43K    99   36.13   36.06
c rst  luby  svd  vmt   919  441K    1595   36K   785    5.85    5.77  1760  1424   44K    99   36.21   36.14
c rst  luby  svd  vmt   920  441K    1595   36K   785    5.85    5.77  1760  1424   44K    99   36.24   36.17
c rst  luby  svd  vmt   921  441K    1595   36K   785    5.85    5.77  1760  1424   44K    99   36.25   36.18
c rst  luby  svd  vmt   922  441K    1595   36K   785    5.85    5.77  1760  1424   45K    99   36.28   36.21
c rst  luby  svd  vmt   923  441K    1595   36K   785    5.85    5.77  1760  1424   45K    99   36.27   36.20
c rst  luby  svd  vmt   924  441K    1595   36K   785    5.85    5.77  1760  1424   45K    99   36.31   36.24
c rst  luby  svd  vmt   925  441K    1595   36K   785    5.85    5.77  1760  1424   45K    99   36.29   36.22
c rst  luby  svd  vmt   926  442K    1595   36K   785    5.85    5.77  1760  1424   45K    99   36.25   36.19
c [distill-long-red0] cls tried: 124/124 T: 0.01 T-out: N T-r: 99.77%
c [distill-long-red1] cls tried: 89/1069 T: 0.01 T-out: Y T-r: -1.62%
c rst  luby  svd  vmt   927  442K    1595   36K   785    5.85    5.77  1760  1424   45K    99   36.24   36.17
c rst  luby  svd  vmt   928  442K    1595   36K   785    5.85    5.77  1760  1424   46K    99   36.22   36.16
c rst  luby  svd  vmt   929  442K    1595   36K   785    5.85    5.77  1760  1424   46K    99   36.19   36.12
c rst  luby  svd  vmt   930  442K    1595   36K   785    5.85    5.77  1760  1424   46K    99   36.17   36.11
c rst  luby  svd  vmt   931  442K    1595   36K   785    5.85    5.77  1760  1424   46K    99   36.15   36.09
c rst  luby  svd  vmt   932  443K    1595   36K   785    5.85    5.77  1760  1424   46K    99   36.11   36.05
c rst  luby  svd  vmt   933  443K    1595   36K   785    5.85    5.77  1760  1424   47K    99   36.03   35.97
c rst  geom best  vmt   934  443K    1595   36K   785    5.85    5.77  1760  1424   47K    99   36.01   35.94
c rst  geom best  vmt   935  443K    1595   36K   785    5.85    5.77  1760  1425   47K    99   36.02   35.95
c rst  geom best  vmt   936  443K    1595   36K   785    5.85    5.77  1760  1425   47K    99   35.98   35.92
c [gauss] XOR-encoding clauses are not detached, so no need to reattach them.
c [g 0] truth-find prop checks  : 1399K
c [g 0] -> of which prop        : 67.56 %
c [g 0] -> of which confl       :  1.61 %
c [g 0] elim called             : 62K
c [g 0] ---> which lead to prop : 74.98 %
c [g 0] ---> which lead to confl:  3.75 %
c [g 0] size: 69    x 500  
c [scc] new: 0 BP 0M T: 0.00
c [vrep] vars 0 lits 0 rem-bin-cls 0 rem-long-cls 0 BP 0M T: 0.01
c [intree] Set 0 vars hyper-added: 0 trans-irred: 0 trans-red: 0 T: 0.01 T-out: N T-r: -0.85%
c [find&init matx] performing matrix init
c [gauss] XOR-encoding clauses are not detached, so no need to reattach them.
c [xor-rem-unconnected] left with 1027 xors from 1027 non-empty xors T: 0.00
c [xor-together] xored together: 958 orig xors: 1027 new xors: 69 T: 0.00
c [xor-rem-unconnected] left with 69 xors from 69 non-empty xors T: 0.00
c [xor-clean-equiv] removed equivalent xors: 0 left with: 69
c [matrix] unused xors from cleaning: 0
c [matrix] Good   matrix 0 69      x500    density:0.1212  xorlen avg: 60.62
c [matrix] Using 1 matrices recovered from 0 xors T: 0.00 T-out: N
c rst  geom best vmt  937   443 K 1595      36K   785 5.85    5.77     1760  1425   47K    99 35.96   35.89  
c [distill-bin] useful: 0/785/785 lits-rem: 0 cl-rem: 0 0-depth-assigns: 0 T: 0.01 T-out: N
c rst  geom best vmt  938   444 K 1595      36K   785 5.85    5.77     1760  1425   47K    99 35.92   35.85  
c rst  geom best vmt  939   444 K 1595      36K   785 5.85    5.77     1760  1425   47K    99 35.86   35.80  
c rst  geom best vmt  940   444 K 1595      36K   785 5.85    5.77     1760  1425   48K    99 35.80   35.74  
c rst  geom best vmt  941   444 K 1595      36K   785 5.85    5.77     1760  1425   48K    99 35.74   35.67  
c rst  geom best vmt  942   444 K 1595      36K   785 5.85    5.77     1760  1425   48K    99 35.66   35.60  
c rst  geom best vmt  943   445 K 1595      36K   785 5.85    5.77     1760  1425   48K    99 35.58   35.52  
c rst  geom best vmt  944   445 K 1595      36K   785 5.85    5.77     1760  1425   49K    99 35.49   35.43  
c rst  geom best vmt  945   445 K 1595      36K   785 5.85    5.77     1760  1425   49K    99 35.40   35.33  
c [ccnr] saving best assignment phase to stable_polar
c [ccnr] bumping based on clause weights
c [ccnr] Bumped vars: 104 bump type: 6
c [ccnr] time: 0.41
c rst  geom best vmt  946   446 K 1595      36K   785 5.85    5.77     1762  1455   49K    99 35.29   35.23  
c rst  geom best vmt  947   446 K 1595      36K   785 5.85    5.77     1762  1458   50K    99 35.15   35.09  
c rst  geom best vmt  948   446 K 1595      36K   785 5.85    5.77     1762  1458   50K    99 34.99   34.93  
c rst  geom best vmt  949   447 K 1595      36K   785 5.85    5.77     1763  1467   50K    99 34.82   34.76  
c rst  geom best vmt  950   447 K 1595      36K   785 5.85    5.77     1763  1471   51K    99 34.65   34.59  
c rst  geom best vmt  951   448 K 1595      36K   785 5.85    5.77     1763  1480   51K    99 34.47   34.41  
c rst  geom best vmt  952   449 K 1595      36K   785 5.85    5.77     1763  1482   52K    99 34.25   34.19  
c rst  geom best vmt  953   449 K 1595      36K   785 5.85    5.77     1763  1485   53K    99 34.07   34.01  
c rst  geom best vmt  954   450 K 1595      36K   785 5.85    5.77     1825  1330   37K    99 32.20   32.12  
c [full-probe]  bin_only: 0 set: 0 repl: 0 T: 0.01 T-out: N T-r: 98.44%
c rst  geom best vmt  955   451 K 1595      36K   785 5.85    5.77     1826  1341   38K    99 31.87   31.80  
c rst  geom best vmt  956   452 K 1595      36K   785 5.85    5.77     1830  1354   38K    99 31.52   31.45  
c rst  geom best vmt  957   453 K 1595      36K   785 5.85    5.77     1832  1370   39K    99 31.27   31.20  
c rst  geom stb  vmt  958   454 K 1595      36K   785 5.85    5.77     1833  1380   40K    99 30.95   30.88  
c rst  geom stb  vmt  959   455 K 1595      36K   785 5.85    5.77     1834  1402   42K    99 30.77   30.70  
c rst  geom stb  vmt  960   456 K 1595      36K   785 5.85    5.77     1834  1427   43K    99 30.69   30.63  
c rst  geom stb  vmt  961   457 K 1595      36K   785 5.85    5.77     1835  1433   44K    99 30.48   30.42  
c [distill-long-red0] cls tried: 69/69 T: 0.01 T-out: N T-r: 99.85%
c [distill-long-red1] cls tried: 125/1069 T: 0.01 T-out: Y T-r: -0.33%
c rst  geom stb  vmt  962   459 K 1595      36K   785 5.85    5.77     1836  1437   46K    99 31.07   31.01  
c rst  geom stb  vmt  963   461 K 1595      36K   785 5.85    5.77     1913  1345   47K    99 31.11   31.05  
c rst  geom stb  vmt  964   463 K 1595      36K   785 5.85    5.77     1913  1345   49K    99 30.87   30.82  
c [distill] watch-based irred--  cl tried 8868     cl-sh 0     cl-rem 0    lit-rem 0      T: 0.01 T-out: N
c [distill] watch-based red  --  cl tried 3826     cl-sh 15    cl-rem 0    lit-rem 22     T: 0.00 T-out: N
c rst  geom ibes vmt  965   465 K 1595      36K   785 5.85    5.77     1936  1555   37K    99 29.54   29.48  
c [distill-bin] useful: 0/785/785 lits-rem: 0 cl-rem: 0 0-depth-assigns: 0 T: 0.01 T-out: N
c [impl-str] lit bin: 0 set-var: 0 T: 0.00 T-out: N T-r: 99.96% w-visit: 3200
c [impl-sub] bin: 0 T: 0.00 T-out: N w-visit: 3200
c rst  geom ibes vmt  966   467 K 1595      36K   785 5.85    5.77     1936  1557   39K    99 30.03   29.97  
c rst  geom ibes vmt  967   469 K 1595      36K   785 5.85    5.77     1936  1568   42K    99 30.76   30.70  
c rst  geom ibes vmt  968   472 K 1595      36K   785 5.85    5.77     1956  1539   45K    99 30.92   30.86  
c [full-probe]  bin_only: 1 set: 0 repl: 0 T: 0.01 T-out: N T-r: 99.85%
c rst  geom ibes vmt  969   475 K 1595      36K   785 5.85    5.77     1957  1560   48K    99 30.73   30.68  
c [distill-long-red0] cls tried: 122/122 T: 0.01 T-out: N T-r: 99.72%
c [distill-long-red1] cls tried: 85/1085 T: 0.01 T-out: Y T-r: -1.65%
c rst  geom svd  vmt  970   478 K 1595      36K   785 5.85    5.77     1957  1566   51K    99 31.92   31.87  
c rst  geom svd  vmt  971   482 K 1595      36K   785 5.85    5.77     2008  1427   39K    99 29.80   29.74  
c rst  geom svd  vmt  972   486 K 1595      36K   785 5.85    5.77     2008  1430   43K    99 30.65   30.59  
c [distill-bin] useful: 0/785/785 lits-rem: 0 cl-rem: 0 0-depth-assigns: 0 T: 0.01 T-out: N
c rst  geom best vmt  973   490 K 1595      36K   785 5.85    5.77     2015  1368   48K    99 30.61   30.55  
c [branch] adjusting to: vsid (from: vmtf) var_decay:0.95 descr: VSIDS
c [distill-long-red0] cls tried: 46/46 T: 0.00 T-out: N T-r: 99.93%
c [distill-long-red1] cls tried: 87/910 T: 0.01 T-out: Y T-r: -0.65%
c [distill] watch-based irred--  cl tried 8868     cl-sh 0     cl-rem 0    lit-rem 0      T: 0.01 T-out: N
c [distill] watch-based red  --  cl tried 4030     cl-sh 13    cl-rem 0    lit-rem 32     T: 0.00 T-out: N
c [ccnr] saving best assignment phase to stable_polar
c [ccnr] bumping based on var unsat frequency: conflict_ct
c [ccnr] Bumped vars: 1600 bump type: 6
c [ccnr] time: 0.38
c rst  geom best vs   974   490 K 1595      36K   785 5.85    5.77     2015  1368   48K    99 30.65   30.60  
c rst  geom best vs   975   491 K 1595      36K   785 5.85    5.77     2015  1368   48K    99 30.69   30.63  
c rst  geom best vs   976   491 K 1595      36K   785 5.85    5.77     2015  1369   48K    99 30.71   30.66  
c rst  geom best vs   977   491 K 1595      36K   785 5.85    5.77     2015  1370   48K    99 30.73   30.67  
c rst  geom best vs   978   491 K 1595      36K   785 5.85    5.77     2015  1371   48K    99 30.76   30.71  
c rst  geom best vs   979   491 K 1595      36K   785 5.85    5.77     2015  1371   49K    99 30.77   30.72  
c rst  geom best vs   980   491 K 1595      36K   785 5.85    5.77     2015  1372   49K    99 30.80   30.75  
c rst  geom best vs   981   492 K 1595      36K   785 5.85    5.77     2015  1375   49K    99 30.84   30.78  
c rst  geom best vs   982   492 K 1595      36K   785 5.85    5.77     2015  1375   49K    99 30.89   30.84  
c rst  geom best vs   983   492 K 1595      36K   785 5.85    5.77     2015  1375   49K    99 30.92   30.87  
c [full-probe]  bin_only: 0 set: 0 repl: 0 T: 0.01 T-out: N T-r: 97.81%
c rst  geom best vs   984   492 K 1595      36K   785 5.85    5.77     2015  1375   50K    99 30.96   30.91  
c rst  geom best vs   985   493 K 1595      36K   785 5.85    5.77     2015  1381   50K    99 31.14   31.09  
c rst  geom best vs   986   493 K 1595      36K   785 5.85    5.77     2015  1381   50K    99 31.14   31.08  
c rst  geom best vs   987   493 K 1595      36K   785 5.85    5.77     2015  1384   51K    99 31.26   31.21  
c rst  geom best vs   988   494 K 1595      36K   785 5.85    5.77     2015  1386   51K    99 31.34   31.28  
c rst  geom best vs   989   494 K 1595      36K   785 5.85    5.77     2015  1390   52K    99 31.38   31.33  
c rst  geom best vs   990   495 K 1595      36K   785 5.85    5.77     2021  1435   37K    99 35.65   35.57  
c rst  geom best vs   991   495 K 1595      36K   785 5.85    5.77     2021  1435   38K    99 35.67   35.59  
c rst  geom best vs   992   496 K 1595      36K   785 5.85    5.77     2022  1437   39K    99 35.77   35.69  
c rst  geom stb  vs   993   497 K 1595      36K   785 5.85    5.77     2022  1438   39K    99 35.91   35.83  
c rst  geom stb  vs   994   497 K 1595      36K   785 5.85    5.77     2023  1443   40K    99 36.13   36.05  
c rst  geom stb  vs   995   498 K 1595      36K   785 5.85    5.77     2023  1449   41K    99 36.16   36.08  
c rst  geom stb  vs   996   499 K 1595      36K   785 5.85    5.77     2023  1450   42K    99 36.23   36.16  
c rst  geom stb  vs   997   500 K 1595      36K   785 5.85    5.77     2074  1267   43K    99 36.23   36.16  
c rst  geom stb  vs   998   501 K 1595      36K   785 5.85    5.77     2074  1268   44K    99 36.22   36.15  
c rst  geom stb  vs   999   502 K 1595      36K   785 5.85    5.77     2074  1270   45K    99 36.33   36.26  
c rst  geom stb  vs   1000  503 K 1595      36K   785 5.85    5.77     2074  1270   46K    99 36.62   36.55  
c rst  geom stb  vs   1001  505 K 1595      36K   785 5.85    5.77     2075  1271   48K    99 36.72   36.65  
c rst  geom stb  vs   1002  506 K 1595      36K   785 5.85    5.77     2075  1271   49K    99 36.66   36.60  
c [distill-long-red0] cls tried: 66/66 T: 0.01 T-out: N T-r: 99.87%
c [distill-long-red1] cls tried: 76/801 T: 0.01 T-out: Y T-r: -3.42%
c [distill-bin] useful: 0/785/785 lits-rem: 0 cl-rem: 0 0-depth-assigns: 0 T: 0.01 T-out: N
c rst  geom ibes vs   1003  508 K 1595      36K   785 5.85    5.77     2075  1273   51K    99 36.71   36.65  
c rst  geom ibes vs   1004  510 K 1595      36K   785 5.85    5.77     2116  1223   35K    99 37.21   37.12  
c [gauss] XOR-encoding clauses are not detached, so no need to reattach them.
c [g 0] truth-find prop checks  : 2241K
c [g 0] -> of which prop        : 52.93 %
c [g 0] -> of which confl       :  1.55 %
c [g 0] elim called             : 149K
c [g 0] ---> which lead to prop : 52.10 %
c [g 0] ---> which lead to confl:  1.50 %
c [g 0] size: 69    x 500  
c [scc] new: 0 BP 0M T: 0.00
c [vrep] vars 0 lits 0 rem-bin-cls 0 rem-long-cls 0 BP 0M T: 0.00
c [intree] Set 0 vars hyper-added: 0 trans-irred: 0 trans-red: 0 T: 0.01 T-out: N T-r: -1.36%
c [find&init matx] performing matrix init
c [gauss] XOR-encoding clauses are not detached, so no need to reattach them.
c [xor-rem-unconnected] left with 1027 xors from 1027 non-empty xors T: 0.00
c [xor-together] xored together: 958 orig xors: 1027 new xors: 69 T: 0.00
c [xor-rem-unconnected] left with 69 xors from 69 non-empty xors T: 0.00
c [xor-clean-equiv] removed equivalent xors: 0 left with: 69
c [matrix] unused xors from cleaning: 0
c [matrix] Good   matrix 0 69      x500    density:0.1212  xorlen avg: 60.62
c [matrix] Using 1 matrices recovered from 0 xors T: 0.00 T-out: N
c rst  geom ibes vs   1005  512 K 1595      36K   785 5.85    5.77     2117  1231   37K    99 37.29   37.21  
c rst  geom ibes vs   1006  514 K 1595      36K   785 5.85    5.77     2118  1245   39K    99 37.01   36.93  
c [full-probe]  bin_only: 1 set: 0 repl: 0 T: 0.01 T-out: N T-r: 99.85%
c rst  geom ibes vs   1007  517 K 1595      36K   785 5.85    5.77     2118  1248   42K    99 36.91   36.83  
c [distill] watch-based irred--  cl tried 8868     cl-sh 0     cl-rem 0    lit-rem 0      T: 0.00 T-out: N
c [distill] watch-based red  --  cl tried 4236     cl-sh 18    cl-rem 0    lit-rem 38     T: 0.00 T-out: N
c rst  geom svd  vs   1008  519 K 1595      36K   785 5.85    5.77     2118  1255   44K    99 37.03   36.96  
c rst  geom svd  vs   1009  522 K 1595      36K   785 5.85    5.77     2159  1169   47K    99 36.87   36.81  
c [distill-long-red0] cls tried: 82/82 T: 0.01 T-out: N T-r: 99.83%
c [distill-long-red1] cls tried: 93/681 T: 0.01 T-out: Y T-r: -0.53%
c rst  geom svd  vs   1010  526 K 1595      36K   785 5.85    5.77     2169  1272   38K    99 35.92   35.84  
c [impl-str] lit bin: 0 set-var: 0 T: 0.00 T-out: N T-r: 99.96% w-visit: 3200
c [impl-sub] bin: 0 T: 0.00 T-out: N w-visit: 3200
c rst  geom svd  vs   1011  529 K 1595      36K   785 5.85    5.77     2171  1285   41K    99 36.49   36.42  
c [distill-bin] useful: 0/785/785 lits-rem: 0 cl-rem: 0 0-depth-assigns: 0 T: 0.01 T-out: N
c rst  geom best vs   1012  533 K 1595      36K   785 5.85    5.77     2194   945   46K    99 37.02   36.95  
c rst  geom best vs   1013  538 K 1595      36K   785 5.85    5.77     2195   947   50K    99 36.18   36.12  
c [distill-long-red0] cls tried: 32/32 T: 0.00 T-out: N T-r: 99.92%
c [distill-long-red1] cls tried: 67/447 T: 0.01 T-out: Y T-r: -2.29%
c [full-probe]  bin_only: 0 set: 0 repl: 0 T: 0.01 T-out: N T-r: 97.74%
c [ccnr] saving best assignment phase to stable_polar
c [ccnr] bumping based on var unsat frequency: conflict_ct
c [ccnr] Bumped vars: 1600 bump type: 6
c [ccnr] time: 0.38
c rst  geom best vs   1014  543 K 1595      36K   785 5.85    5.77     2212   955   41K    99 35.92   35.85  
c [branch] adjusting to: vmtf (from: vsid) var_decay:0.95 descr: VMTF
c [distill] watch-based irred--  cl tried 8868     cl-sh 0     cl-rem 0    lit-rem 0      T: 0.00 T-out: N
c [distill] watch-based red  --  cl tried 4424     cl-sh 15    cl-rem 0    lit-rem 25     T: 0.00 T-out: N
c rst  luby stb  vmt  1015  543 K 1595      36K   785 5.85    5.77     2214   966   41K   104 35.94   35.86  
c rst  luby stb  vmt  1016  543 K 1595      36K   785 5.85    5.77     2216   975   41K   104 35.95   35.88  
c rst  luby stb  vmt  1017  543 K 1595      36K   785 5.85    5.77     2216   977   41K   104 36.02   35.94  
c rst  luby stb  vmt  1018  543 K 1595      36K   785 5.85    5.77     2216   977   41K   104 36.04   35.96  
c rst  luby stb  vmt  1019  543 K 1595      36K   785 5.85    5.77     2216   977   41K   104 36.07   35.99  
c rst  luby stb  vmt  1020  543 K 1595      36K   785 5.85    5.77     2216   977   42K   104 36.09   36.01  
c rst  luby stb  vmt  1021  544 K 1595      36K   785 5.85    5.77     2216   979   42K   104 36.19   36.11  
c rst  luby stb  vmt  1022  544 K 1595      36K   785 5.85    5.77     2216   979   42K   104 36.20   36.12  
c rst  luby stb  vmt  1023  544 K 1595      36K   785 5.85    5.77     2216   979   42K   104 36.24   36.16  
c rst  luby stb  vmt  1024  544 K 1595      36K   785 5.85    5.77     2216   979   42K   104 36.26   36.18  
c rst  luby stb  vmt  1025  544 K 1595      36K   785 5.85    5.77     2216   979   42K   104 36.26   36.18  
c rst  luby stb  vmt  1026  544 K 1595      36K   785 5.85    5.77     2216   979   43K   104 36.27   36.19  
c rst  luby stb  vmt  1027  545 K 1595      36K   785 5.85    5.77     2216   979   43K   104 36.23   36.15  
c rst  luby stb  vmt  1028  545 K 1595      36K   785 5.85    5.77     2216   982   43K   104 36.22   36.14  
c rst  luby stb  vmt  1029  546 K 1595      36K   785 5.85    5.77     2216   984   44K   104 36.43   36.35  
c rst  luby stb  vmt  1030  546 K 1595      36K   785 5.85    5.77     2216   984   44K   104 36.45   36.37  
c rst  luby stb  vmt  1031  546 K 1595      36K   785 5.85    5.77     2216   984   44K   104 36.46   36.39  
c rst  luby stb  vmt  1032  546 K 1595      36K   785 5.85    5.77     2216   984   44K   104 36.51   36.44  
c rst  luby stb  vmt  1033  546 K 1595      36K   785 5.85    5.77     2216   984   44K   104 36.53   36.45  
c rst  luby stb  vmt  1034  546 K 1595      36K   785 5.85    5.77     2216   984   45K   104 36.53   36.46  
c rst  luby stb  vmt  1035  547 K 1595      36K   785 5.85    5.77     2216   986   45K   104 36.57   36.49  
c rst  luby stb  vmt  1036  547 K 1595      36K   785 5.85    5.77     2216   992   45K   104 36.59   36.52  
c rst  luby stb  vmt  1037  547 K 1595      36K   785 5.85    5.77     2216   992   45K   104 36.61   36.54  
c rst  luby stb  vmt  1038  547 K 1595      36K   785 5.85    5.77     2216   992   45K   104 36.64   36.57  
c rst  luby stb  vmt  1039  547 K 1595      36K   785 5.85    5.77     2216   993   46K   104 36.68   36.61  
c rst  luby stb  vmt  1040  547 K 1595      36K   785 5.85    5.77     2216   993   46K   104 36.68   36.61  
c rst  luby stb  vmt  1041  548 K 1595      36K   785 5.85    5.77     2216   994   46K   104 36.66   36.59  
c rst  luby stb  vmt  1042  548 K 1595      36K   785 5.85    5.77     2216   994   46K   104 36.78   36.70  
c rst  luby stb  vmt  1043  548 K 1595      36K   785 5.85    5.77     2216   997   46K   104 36.84   36.77  
c rst  luby stb  vmt  1044  549 K 1595      36K   785 5.85    5.77     2216  1004   47K   104 36.96   36.89  
c rst  luby stb  vmt  1045  551 K 1595      36K   785 5.85    5.77     2258   949   49K   104 37.01   36.94  
c [distill-bin] useful: 0/785/785 lits-rem: 0 cl-rem: 0 0-depth-assigns: 0 T: 0.01 T-out: N
c rst  luby stb  vmt  1046  551 K 1595      36K   785 5.85    5.77     2258   949   49K   104 37.02   36.95  
c rst  luby stb  vmt  1047  551 K 1595      36K   785 5.85    5.77     2258   949   49K   104 37.02   36.95  
c rst  luby stb  vmt  1048  551 K 1595      36K   785 5.85    5.77     2258   949   49K   104 37.03   36.96  
c rst  luby stb  vmt  1049  551 K 1595      36K   785 5.85    5.77     2258   949   49K   104 37.02   36.95  
c rst  luby stb  vmt  1050  551 K 1595      36K   785 5.85    5.77     2258   949   49K   104 37.01   36.94  
c rst  luby stb  vmt  1051  551 K 1595      36K   785 5.85    5.77     2258   953   50K   104 37.02   36.96  
c rst  luby stb  vmt  1052  552 K 1595      36K   785 5.85    5.77     2258   954   50K   104 37.17   37.10  
c rst  luby stb  vmt  1053  552 K 1595      36K   785 5.85    5.77     2258   954   50K   104 37.17   37.10  
c rst  luby stb  vmt  1054  552 K 1595      36K   785 5.85    5.77     2258   956   50K   104 37.16   37.09  
c rst  luby stb  vmt  1055  552 K 1595      36K   785 5.85    5.77     2258   958   50K   104 37.13   37.07  
c rst  luby stb  vmt  1056  552 K 1595      36K   785 5.85    5.77     2258   959   50K   104 37.15   37.08  
c rst  luby stb  vmt  1057  552 K 1595      36K   785 5.85    5.77     2258   959   51K   104 37.16   37.09  
c rst  luby stb  vmt  1058  553 K 1595      36K   785 5.85    5.77     2258   959   51K   104 37.14   37.07  
c rst  luby stb  vmt  1059  553 K 1595      36K   785 5.85    5.77     2258   962   51K   104 37.20   37.14  
c [distill-long-red0] cls tried: 72/72 T: 0.01 T-out: N T-r: 99.85%
c [distill-long-red1] cls tried: 76/428 T: 0.01 T-out: Y T-r: -2.68%
c rst  luby stb  vmt  1060  554 K 1595      36K   785 5.85    5.77     2258   964   52K   104 37.34   37.28  
c rst  luby ibes vmt  1061  554 K 1595      36K   785 5.85    5.77     2258   964   52K   104 37.37   37.31  
c rst  luby ibes vmt  1062  554 K 1595      36K   785 5.85    5.77     2258   964   52K   104 37.38   37.31  
c rst  luby ibes vmt  1063  554 K 1595      36K   785 5.85    5.77     2258   964   52K   104 37.34   37.27  
c rst  luby ibes vmt  1064  554 K 1595      36K   785 5.85    5.77     2258   965   52K   104 37.31   37.25  
c rst  luby ibes vmt  1065  554 K 1595      36K   785 5.85    5.77     2258   965   53K   104 37.29   37.22  
c rst  luby ibes vmt  1066  555 K 1595      36K   785 5.85    5.77     2267  1053   36K   104 36.84   36.75  
c rst  luby ibes vmt  1067  555 K 1595      36K   785 5.85    5.77     2267  1053   37K   104 36.78   36.69  
c rst  luby ibes vmt  1068  555 K 1595      36K   785 5.85    5.77     2267  1053   37K   104 36.79   36.71  
c rst  luby ibes vmt  1069  555 K 1595      36K   785 5.85    5.77     2267  1053   37K   104 36.80   36.71  
c rst  luby ibes vmt  1070  555 K 1595      36K   785 5.85    5.77     2267  1053   37K   104 36.80   36.72  
c rst  luby ibes vmt  1071  555 K 1595      36K   785 5.85    5.77     2267  1053   37K   104 36.81   36.72  
c rst  luby ibes vmt  1072  556 K 1595      36K   785 5.85    5.77     2267  1053   37K   104 36.80   36.71  
c rst  luby ibes vmt  1073  556 K 1595      36K   785 5.85    5.77     2267  1053   38K   104 36.75   36.67  
c rst  luby ibes vmt  1074  556 K 1595      36K   785 5.85    5.77     2267  1053   38K   104 36.80   36.72  
c rst  luby ibes vmt  1075  557 K 1595      36K   785 5.85    5.77     2267  1053   39K   104 37.08   36.99  
c rst  luby ibes vmt  1076  559 K 1595      36K   785 5.85    5.77     2267  1065   40K   104 37.10   37.02  
c [full-probe]  bin_only: 1 set: 0 repl: 0 T: 0.01 T-out: N T-r: 99.82%
c rst  luby ibes vmt  1077  562 K 1595      36K   785 5.85    5.77     2311  1015   44K   104 37.17   37.09  
c rst  luby ibes vmt  1078  562 K 1595      36K   785 5.85    5.77     2312  1019   44K   104 37.15   37.07  
c rst  luby ibes vmt  1079  562 K 1595      36K   785 5.85    5.77     2312  1019   44K   104 37.12   37.05  
c rst  luby ibes vmt  1080  562 K 1595      36K   785 5.85    5.77     2312  1020   44K   104 37.13   37.05  
c rst  luby ibes vmt  1081  562 K 1595      36K   785 5.85    5.77     2312  1020   44K   104 37.14   37.06  
c rst  luby ibes vmt  1082  562 K 1595      36K   785 5.85    5.77     2312  1020   44K   104 37.18   37.11  
c rst  luby ibes vmt  1083  563 K 1595      36K   785 5.85    5.77     2312  1020   44K   104 37.21   37.13  
c rst  luby ibes vmt  1084  563 K 1595      36K   785 5.85    5.77     2312  1020   45K   104 37.24   37.17  
c rst  luby ibes vmt  1085  563 K 1595      36K   785 5.85    5.77     2312  1021   45K   104 37.26   37.18  
c rst  luby ibes vmt  1086  563 K 1595      36K   785 5.85    5.77     2312  1021   45K   104 37.25   37.18  
c rst  luby ibes vmt  1087  563 K 1595      36K   785 5.85    5.77     2312  1021   45K   104 37.26   37.18  
c rst  luby ibes vmt  1088  564 K 1595      36K   785 5.85    5.77     2312  1021   45K   104 37.25   37.18  
c rst  luby ibes vmt  1089  564 K 1595      36K   785 5.85    5.77     2312  1022   45K   104 37.26   37.18  
c rst  luby ibes vmt  1090  564 K 1595      36K   785 5.85    5.77     2312  1022   46K   104 37.24   37.16  
c rst  luby ibes vmt  1091  564 K 1595      36K   785 5.85    5.77     2312  1024   46K   104 37.15   37.08  
c rst  luby ibes vmt  1092  565 K 1595      36K   785 5.85    5.77     2312  1026   47K   104 37.25   37.18  
c rst  luby svd  vmt  1093  565 K 1595      36K   785 5.85    5.77     2312  1026   47K   104 37.29   37.22  
c rst  luby svd  vmt  1094  565 K 1595      36K   785 5.85    5.77     2312  1027   47K   104 37.28   37.21  
c rst  luby svd  vmt  1095  565 K 1595      36K   785 5.85    5.77     2312  1027   47K   104 37.32   37.25  
c rst  luby svd  vmt  1096  566 K 1595      36K   785 5.85    5.77     2312  1027   47K   104 37.34   37.27  
c rst  luby svd  vmt  1097  566 K 1595      36K   785 5.85    5.77     2312  1027   47K   104 37.35   37.28  
c rst  luby svd  vmt  1098  566 K 1595      36K   785 5.85    5.77     2312  1027   48K   104 37.36   37.29  
c rst  luby svd  vmt  1099  566 K 1595      36K   785 5.85    5.77     2312  1032   48K   104 37.33   37.26  
c rst  luby svd  vmt  1100  566 K 1595      36K   785 5.85    5.77     2312  1032   48K   104 37.35   37.28  
c rst  luby svd  vmt  1101  566 K 1595      36K   785 5.85    5.77     2312  1032   48K   104 37.36   37.29  
c rst  luby svd  vmt  1102  567 K 1595      36K   785 5.85    5.77     2313  1033   48K   104 37.37   37.30  
c rst  luby svd  vmt  1103  567 K 1595      36K   785 5.85    5.77     2313  1034   49K   104 37.38   37.31  
c rst  luby svd  vmt  1104  567 K 1595      36K   785 5.85    5.77     2313  1034   49K   104 37.39   37.32  
c rst  luby svd  vmt  1105  567 K 1595      36K   785 5.85    5.77     2313  1035   49K   104 37.41   37.34  
c rst  luby svd  vmt  1106  567 K 1595      36K   785 5.85    5.77     2313  1035   49K   104 37.40   37.33  
c rst  luby svd  vmt  1107  568 K 1595      36K   785 5.85    5.77     2314  1038   50K   104 37.43   37.37  
c [distill-long-red0] cls tried: 53/53 T: 0.01 T-out: N T-r: 99.89%
c [distill-long-red1] cls tried: 72/437 T: 0.01 T-out: Y T-r: -1.41%
c [distill] watch-based irred--  cl tried 8868     cl-sh 0     cl-rem 0    lit-rem 0      T: 0.00 T-out: N
c [distill] watch-based red  --  cl tried 4628     cl-sh 8     cl-rem 0    lit-rem 14     T: 0.00 T-out: N
c rst  luby svd  vmt  1108  570 K 1595      36K   785 5.85    5.77     2353  1036   37K   104 36.09   36.01  
c rst  luby svd  vmt  1109  570 K 1595      36K   785 5.85    5.77     2353  1036   37K   104 36.05   35.96  
c rst  luby svd  vmt  1110  570 K 1595      36K   785 5.85    5.77     2353  1036   37K   104 36.00   35.92  
c rst  luby svd  vmt  1111  570 K 1595      36K   785 5.85    5.77     2353  1036   38K   104 35.91   35.82  
c rst  luby svd  vmt  1112  570 K 1595      36K   785 5.85    5.77     2353  1036   38K   104 35.86   35.78  
c rst  luby svd  vmt  1113  570 K 1595      36K   785 5.85    5.77     2353  1036   38K   104 35.81   35.73  
c rst  luby svd  vmt  1114  571 K 1595      36K   785 5.85    5.77     2353  1036   38K   104 35.72   35.64  
c [distill-bin] useful: 0/785/785 lits-rem: 0 cl-rem: 0 0-depth-assigns: 0 T: 0.01 T-out: N
c rst  luby svd  vmt  1115  571 K 1595      36K   785 5.85    5.77     2353  1036   38K   104 35.53   35.45  
c rst  luby svd  vmt  1116  571 K 1595      36K   785 5.85    5.77     2353  1036   39K   104 35.48   35.40  
c rst  luby svd  vmt  1117  571 K 1595      36K   785 5.85    5.77     2353  1036   39K   104 35.44   35.35  
c rst  luby svd  vmt  1118  571 K 1595      36K   785 5.85    5.77     2353  1036   39K   104 35.35   35.27  
c rst  luby svd  vmt  1119  572 K 1595      36K   785 5.85    5.77     2353  1036   39K   104 35.31   35.23  
c rst  luby svd  vmt  1120  572 K 1595      36K   785 5.85    5.77     2353  1036   39K   104 35.27   35.18  
c rst  luby svd  vmt  1121  572 K 1595      36K   785 5.85    5.77     2353  1036   39K   104 35.18   35.10  
c rst  luby svd  vmt  1122  572 K 1595      36K   785 5.85    5.77     2353  1036   40K   104 35.02   34.94  
c rst  luby svd  vmt  1123  573 K 1595      36K   785 5.85    5.77     2353  1036   40K   104 34.90   34.83  
c rst  luby svd  vmt  1124  573 K 1595      36K   785 5.85    5.77     2353  1036   41K   104 34.92   34.84  
c rst  luby svd  vmt  1125  573 K 1595      36K   785 5.85    5.77     2353  1037   41K   104 34.93   34.86  
c rst  luby svd  vmt  1126  573 K 1595      36K   785 5.85    5.77     2353  1041   41K   104 34.92   34.85  
c rst  luby svd  vmt  1127  574 K 1595      36K   785 5.85    5.77     2353  1042   41K   104 34.96   34.88  
c rst  luby svd  vmt  1128  574 K 1595      36K   785 5.85    5.77     2353  1042   41K   104 34.99   34.92  
c rst  luby svd  vmt  1129  574 K 1595      36K   785 5.85    5.77     2353  1042   41K   104 35.07   34.99  
c rst  luby svd  vmt  1130  574 K 1595      36K   785 5.85    5.77     2353  1042   42K   104 35.10   35.02  
c rst  luby svd  vmt  1131  574 K 1595      36K   785 5.85    5.77     2353  1044   42K   104 35.10   35.02  
c rst  luby svd  vmt  1132  574 K 1595      36K   785 5.85    5.77     2353  1045   42K   104 35.08   35.01  
c rst  luby svd  vmt  1133  575 K 1595      36K   785 5.85    5.77     2353  1045   42K   104 35.11   35.03  
c rst  luby svd  vmt  1134  575 K 1595      36K   785 5.85    5.77     2353  1045   42K   104 35.12   35.04  
c rst  luby svd  vmt  1135  575 K 1595      36K   785 5.85    5.77     2353  1045   42K   104 35.18   35.11  
c [gauss] XOR-encoding clauses are not detached, so no need to reattach them.
c [g 0] truth-find prop checks  : 1891K
c [g 0] -> of which prop        : 65.26 %
c [g 0] -> of which confl       :  1.81 %
c [g 0] elim called             : 79K
c [g 0] ---> which lead to prop : 86.45 %
c [g 0] ---> which lead to confl:  3.30 %
c [g 0] size: 69    x 500  
c [scc] new: 0 BP 0M T: 0.00
c [vrep] vars 0 lits 0 rem-bin-cls 0 rem-long-cls 0 BP 0M T: 0.01
c [intree] Set 0 vars hyper-added: 0 trans-irred: 0 trans-red: 0 T: 0.01 T-out: N T-r: -1.14%
c [find&init matx] performing matrix init
c [gauss] XOR-encoding clauses are not detached, so no need to reattach them.
c [xor-rem-unconnected] left with 1027 xors from 1027 non-empty xors T: 0.00
c [xor-together] xored together: 958 orig xors: 1027 new xors: 69 T: 0.00
c [xor-rem-unconnected] left with 69 xors from 69 non-empty xors T: 0.00
c [xor-clean-equiv] removed equivalent xors: 0 left with: 69
c [matrix] unused xors from cleaning: 0
c [matrix] Good   matrix 0 69      x500    density:0.1212  xorlen avg: 60.62
c [matrix] Using 1 matrices recovered from 0 xors T: 0.00 T-out: N
c rst  luby svd  vmt  1136  575 K 1595      36K   785 5.85    5.77     2353  1045   42K   104 35.20   35.12  
c rst  luby svd  vmt  1137  576 K 1595      36K   785 5.85    5.77     2353  1047   43K   104 35.26   35.19  
c rst  luby svd  vmt  1138  576 K 1595      36K   785 5.85    5.77     2353  1048   44K   104 35.27   35.20  
c rst  geom best vmt  1139  576 K 1595      36K   785 5.85    5.77     2353  1050   44K   104 35.32   35.25  
c rst  geom best vmt  1140  577 K 1595      36K   785 5.85    5.77     2353  1050   44K   104 35.35   35.27  
c rst  geom best vmt  1141  577 K 1595      36K   785 5.85    5.77     2353  1050   44K   104 35.36   35.29  
c rst  geom best vmt  1142  577 K 1595      36K   785 5.85    5.77     2353  1052   44K   104 35.37   35.30  
c rst  geom best vmt  1143  577 K 1595      36K   785 5.85    5.77     2353  1054   44K   104 35.37   35.30  
c rst  geom best vmt  1144  577 K 1595      36K   785 5.85    5.77     2353  1054   45K   104 35.38   35.31  
c rst  geom best vmt  1145  577 K 1595      36K   785 5.85    5.77     2354  1058   45K   104 35.38   35.31  
c rst  geom best vmt  1146  578 K 1595      36K   785 5.85    5.77     2354  1058   45K   104 35.39   35.32  
c rst  geom best vmt  1147  578 K 1595      36K   785 5.85    5.77     2354  1058   45K   104 35.44   35.37  
c rst  geom best vmt  1148  578 K 1595      36K   785 5.85    5.77     2354  1058   45K   104 35.44   35.37  
c rst  geom best vmt  1149  578 K 1595      36K   785 5.85    5.77     2354  1058   46K   104 35.45   35.38  
c rst  geom best vmt  1150  579 K 1595      36K   785 5.85    5.77     2354  1058   46K   104 35.45   35.38  
c [full-probe]  bin_only: 0 set: 0 repl: 0 T: 0.01 T-out: N T-r: 97.80%
c rst  geom best vmt  1151  579 K 1595      36K   785 5.85    5.77     2354  1058   46K   104 35.44   35.37  
c rst  geom best vmt  1152  579 K 1595      36K   785 5.85    5.77     2354  1058   47K   104 35.42   35.35  
c rst  geom best vmt  1153  580 K 1595      36K   785 5.85    5.77     2385  1013   47K   104 35.47   35.40  
c rst  geom best vmt  1154  580 K 1595      36K   785 5.85    5.77     2385  1013   48K   104 35.55   35.48  
c rst  geom best vmt  1155  581 K 1595      36K   785 5.85    5.77     2385  1013   48K   104 35.62   35.55  
c rst  geom best vmt  1156  581 K 1595      36K   785 5.85    5.77     2385  1013   49K   104 35.58   35.51  
c rst  geom best vmt  1157  582 K 1595      36K   785 5.85    5.77     2386  1015   49K   104 35.58   35.51  
c [ccnr] saving best assignment phase to stable_polar
c [ccnr] bumping based on clause weights
c [ccnr] Bumped vars: 101 bump type: 6
c [ccnr] time: 0.39
c rst  geom best vmt  1158  583 K 1595      36K   785 5.85    5.77     2387  1021   50K   104 35.39   35.32  
c rst  geom best vmt  1159  583 K 1595      36K   785 5.85    5.77     2388  1030   51K   104 35.13   35.07  
c rst  geom best vmt  1160  584 K 1595      36K   785 5.85    5.77     2388  1048   51K   104 34.95   34.89  
c [distill-long-red0] cls tried: 73/73 T: 0.01 T-out: N T-r: 99.90%
c [distill-long-red1] cls tried: 102/406 T: 0.01 T-out: Y T-r: -1.80%
c rst  geom best vmt  1161  585 K 1595      36K   785 5.85    5.77     2396  1164   38K   104 33.73   33.65  
c rst  geom best vmt  1162  586 K 1595      36K   785 5.85    5.77     2397  1178   38K   104 33.63   33.55  
c [impl-str] lit bin: 0 set-var: 0 T: 0.00 T-out: N T-r: 99.96% w-visit: 3200
c [impl-sub] bin: 5 T: 0.00 T-out: N w-visit: 3200
c rst  geom best vmt  1163  587 K 1595      36K   785 5.85    5.77     2397  1180   40K    99 33.22   33.15  
c rst  geom best vmt  1164  588 K 1595      36K   785 5.85    5.77     2399  1198   41K    99 32.98   32.91  
c rst  geom stb  vmt  1165  589 K 1595      36K   785 5.85    5.77     2399  1207   42K    99 32.55   32.48  
c rst  geom stb  vmt  1166  591 K 1595      36K   785 5.85    5.77     2474  1072   43K    99 32.01   31.95  
c [distill-bin] useful: 0/785/785 lits-rem: 0 cl-rem: 0 0-depth-assigns: 0 T: 0.01 T-out: N
c rst  geom stb  vmt  1167  592 K 1595      36K   785 5.85    5.77     2474  1080   45K    99 31.55   31.49  
c rst  geom stb  vmt  1168  594 K 1595      36K   785 5.85    5.77     2475  1126   47K    99 31.05   31.00  
c [distill] watch-based irred--  cl tried 8868     cl-sh 0     cl-rem 0    lit-rem 0      T: 0.01 T-out: N
c [distill] watch-based red  --  cl tried 4950     cl-sh 13    cl-rem 0    lit-rem 19     T: 0.00 T-out: N
c rst  geom stb  vmt  1169  596 K 1595      36K   785 5.85    5.77     2477  1160   48K    99 30.68   30.63  
c rst  geom stb  vmt  1170  598 K 1595      36K   785 5.85    5.77     2477  1175   50K    99 30.35   30.30  
c rst  geom stb  vmt  1171  600 K 1595      36K   785 5.85    5.77     2585  1420   38K    99 26.36   26.30  
c [branch] adjusting to: vsid (from: vmtf) var_decay:0.95 descr: VSIDS
c [distill-long-red0] cls tried: 175/175 T: 0.01 T-out: N T-r: 99.66%
c [distill-long-red1] cls tried: 32/798 T: 0.02 T-out: Y T-r: -3.11%
c [full-probe]  bin_only: 1 set: 0 repl: 0 T: 0.01 T-out: N T-r: 99.84%
c rst  geom ibes vs   1172  600 K 1595      36K   785 5.85    5.77     2585  1420   38K    99 26.40   26.34  
c rst  geom ibes vs   1173  600 K 1595      36K   785 5.85    5.77     2585  1421   38K    99 26.46   26.40  
c rst  geom ibes vs   1174  601 K 1595      36K   785 5.85    5.77     2585  1421   38K    99 26.48   26.42  
c rst  geom ibes vs   1175  601 K 1595      36K   785 5.85    5.77     2585  1421   38K    99 26.51   26.45  
c rst  geom ibes vs   1176  601 K 1595      36K   785 5.85    5.77     2585  1421   39K    99 26.50   26.44  
c rst  geom ibes vs   1177  601 K 1595      36K   785 5.85    5.77     2585  1421   39K    99 26.52   26.47  
c rst  geom ibes vs   1178  601 K 1595      36K   785 5.85    5.77     2585  1421   39K    99 26.52   26.46  
c rst  geom ibes vs   1179  601 K 1595      36K   785 5.85    5.77     2585  1421   39K    99 26.50   26.44  
c rst  geom ibes vs   1180  602 K 1595      36K   785 5.85    5.77     2585  1421   39K    99 26.59   26.53  
c rst  geom ibes vs   1181  602 K 1595      36K   785 5.85    5.77     2585  1424   40K    99 26.62   26.57  
c rst  geom ibes vs   1182  602 K 1595      36K   785 5.85    5.77     2585  1424   40K    99 26.69   26.64  
c rst  geom ibes vs   1183  603 K 1595      36K   785 5.85    5.77     2585  1427   40K    99 26.75   26.70  
c rst  geom ibes vs   1184  603 K 1595      36K   785 5.85    5.77     2585  1428   41K    99 26.89   26.83  
c rst  geom ibes vs   1185  603 K 1595      36K   785 5.85    5.77     2586  1430   41K    99 26.95   26.89  
c rst  geom ibes vs   1186  604 K 1595      36K   785 5.85    5.77     2586  1432   41K    99 27.08   27.03  
c rst  geom ibes vs   1187  604 K 1595      36K   785 5.85    5.77     2586  1432   42K    99 27.30   27.25  
c rst  geom ibes vs   1188  605 K 1595      36K   785 5.85    5.77     2586  1433   42K    99 27.41   27.35  
c rst  geom ibes vs   1189  605 K 1595      36K   785 5.85    5.77     2586  1435   43K    99 27.40   27.34  
c rst  geom ibes vs   1190  606 K 1595      36K   785 5.85    5.77     2586  1435   43K    99 27.64   27.58  
c rst  geom ibes vs   1191  606 K 1595      36K   785 5.85    5.77     2586  1443   44K    99 27.76   27.71  
c rst  geom ibes vs   1192  607 K 1595      36K   785 5.85    5.77     2586  1443   45K    99 28.08   28.02  
c rst  geom ibes vs   1193  608 K 1595      36K   785 5.85    5.77     2588  1447   46K    99 28.22   28.17  
c rst  geom ibes vs   1194  609 K 1595      36K   785 5.85    5.77     2588  1447   46K    99 28.41   28.36  
c rst  geom ibes vs   1195  610 K 1595      36K   785 5.85    5.77     2624  1404   47K    99 28.57   28.52  
c rst  geom ibes vs   1196  611 K 1595      36K   785 5.85    5.77     2624  1404   48K    99 28.62   28.57  
c [distill-bin] useful: 0/785/785 lits-rem: 0 cl-rem: 0 0-depth-assigns: 0 T: 0.01 T-out: N
c rst  geom ibes vs   1197  612 K 1595      36K   785 5.85    5.77     2624  1407   50K    99 28.74   28.69  
c rst  geom svd  vs   1198  612 K 1595      36K   785 5.85    5.77     2626  1407   50K    99 28.87   28.82  
c recursive minimization cost OK: 1304Kcost/(% lits removed)
c [gauss] XOR-encoding clauses are not detached, so no need to reattach them.
c [g 0] truth-find prop checks  : 1723K
c [g 0] -> of which prop        : 34.51 %
c [g 0] -> of which confl       :  1.28 %
c [g 0] elim called             : 174K
c [g 0] ---> which lead to prop : 35.66 %
c [g 0] ---> which lead to confl:  1.03 %
c [g 0] size: 69    x 500  
c --> Executing strategy token: scc-vrepl
c [scc] new: 0 BP 0M T: 0.00
c --> Executing strategy token: sub-impl
c [impl-sub] bin: 0 T: 0.00 T-out: N w-visit: 3200
c --> Executing strategy token: breakid
c --> Executing OCC strategy token(s): 'occ-backw-sub-str,occ-clean-implicit,occ-bve,occ-bva,occ-ternary-res,occ-xor,'
c [occ] mem usage for occur 3      MB
c [occ] Linked in IRRED BIN by default: 785
c [occ] Linked in RED   BIN by default: 99
c [occ] mem usage for occur 0      MB
c Mem for watch alloc      : 16          MB (28.25     %)
c Mem for watch array      : 0           MB (0.13      %)
c --> Executing OCC strategy token: occ-backw-sub-str
c [occ-backw-sub-str-long-w-bins] subs: 0 str: 20 tried: 9344 0-depth ass: 0 T: 0.00 T-out: N T-r: 99.14%
c [occ-backw-sub-long-w-long] rem cl: 110 tried: 91118/91118 (100.0%) T: 0.04 T-out: N T-r: 84.85%
c [occ-backw-sub-str-long-w-long] sub: 0 str: 19 tried: 273354/91118 (300.0)  T: 0.24 T-out: N T-r: 64.15%
c --> Executing OCC strategy token: occ-clean-implicit
c --> Executing OCC strategy token: occ-bve
c [occ-empty-res] Empty resolvent elimed: 0 T: 0.00 T-out: N
c [occ-bve] iter v-elim 0
c cl_inc_rate=1.0, var_dec_rate=1.0 (grow=0)
c Reduced to 1595 vars, 37252 cls (grow=0)
c [occ-bve] iter v-elim 0
c cl_inc_rate=1.0, var_dec_rate=1.0 (grow=8)
c Reduced to 1595 vars, 37252 cls (grow=8)
c [occ-bve] iter v-elim 0
c cl_inc_rate=1.0, var_dec_rate=1.0 (grow=16)
c Reduced to 1595 vars, 37252 cls (grow=16)
c x n vars       : 1595
c #try to eliminate:  4785
c #var-elim        :     0
c #T-o: N
c #T-r: 99.98%
c #T  : 0.40
c [occur] 0.04 is overhead
c [occur] link-in T: 0.04 cleanup T: 0.00
c --> Executing OCC strategy token: occ-bva
c --> Executing OCC strategy token: occ-ternary-res
c [occ-ternary-res] Ternary res-tri: 0 res-bin: 0 sub: 0 str: 0 T: 0.00 T-out: N T-r: 99.79%
c --> Executing OCC strategy token: occ-xor
c [occ-xor] sort occur list T: 0.00
c [xor-clean-equiv] removed equivalent xors: 0 left with: 1017
c [occ-xor] found   1017 avg sz 5.9 min sz  4 max sz  6 T: 0.01 T-out: N T-r: 99.97%
c --> Executing strategy token: card-find
c --> Executing strategy token: cl-consolidate
c Not consolidating memory.
c --> Executing strategy token: scc-vrepl
c [scc] new: 0 BP 0M T: 0.00
c --> Executing strategy token: renumber
c --> Executing strategy token: bosphorus
c --> Executing strategy token: louvain-comms
c [consolidate] mini T: 0.00
c global_timeout_multiplier: 4.8315
c [branch] rebuilding order heap for all branchings. Current branching: vsid
c [find&init matx] performing matrix init
c [gauss] XOR-encoding clauses are not detached, so no need to reattach them.
c [xor-rem-unconnected] left with 1017 xors from 1017 non-empty xors T: 0.00
c [xor-together] xored together: 944 orig xors: 1017 new xors: 73 T: 0.00
c [xor-rem-unconnected] left with 73 xors from 73 non-empty xors T: 0.00
c [xor-clean-equiv] removed equivalent xors: 0 left with: 73
c [matrix] unused xors from cleaning: 0
c [matrix] Good   matrix  0     73 x  512  density:0.1111  xorlen avg: 56.86
c [matrix] Using 1 matrices recovered from 0 xors T: 0.00 T-out: N
c rst  geom  svd   vs  1199  613K    1595   36K   785    5.85    5.77  2534  1515   51K    99   28.92   28.87
c rst  geom  svd   vs  1200  615K    1595   36K   785    5.85    5.77  2534  1531   38K    99   27.29   27.23
c rst  geom  svd   vs  1201  616K    1595   36K   785    5.85    5.77  2534  1536   39K    99   27.66   27.61
c [distill-long-red0] cls tried: 34/34 T: 0.00 T-out: N T-r: 99.93%
c [distill-long-red1] cls tried: 46/883 T: 0.01 T-out: Y T-r: -3.22%
c rst  geom  svd   vs  1202  618K    1595   36K   785    5.85    5.77  2534  1555   41K    99   28.16   28.10
c rst  geom  svd   vs  1203  620K    1595   36K   785    5.85    5.77  2572  1470   43K    99   28.26   28.20
c [distill] watch-based irred--  cl tried     9486 cl-sh    15 cl-rem    8 lit-rem     15 T: 0.01 T-out: N
c [distill] watch-based   red--  cl tried     5144 cl-sh    10 cl-rem    0 lit-rem     20 T: 0.01 T-out: N
c rst  geom  svd   vs  1204  622K    1595   36K   786    5.85    5.77  2573  1471   45K    98   28.47   28.42
c [full-probe]  bin_only: 0 set: 0 repl: 0 T: 0.01 T-out: N T-r: 97.66%
c rst  geom  svd   vs  1205  624K    1595   36K   786    5.85    5.77  2573  1474   47K    98   28.73   28.68
c rst  geom best   vs  1206  627K    1595   36K   786    5.85    5.77  2573  1485   49K    98   29.19   29.14
c [ccnr] saving best assignment phase to stable_polar
c [ccnr] bumping based on var unsat frequency: conflict_ct
c [ccnr] Bumped vars: 1600 bump type: 6
c [ccnr] time: 0.38
c rst  geom best   vs  1207  629K    1595   36K   786    5.85    5.77  2573  1496   52K    98   29.54   29.49
c rst  geom best   vs  1208  632K    1595   36K   786    5.85    5.77  2599  1573   40K    98   30.57   30.51
c [distill-long-red0] cls tried: 54/54 T: 0.00 T-out: N T-r: 99.89%
c [distill-long-red1] cls tried: 77/942 T: 0.01 T-out: Y T-r: -1.86%
c [distill-bin] useful: 1/786/786 lits-rem: 0 cl-rem: 1 0-depth-assigns: 0 T: 0.01 T-out: N
c rst  geom best   vs  1209  636K    1595   36K   785    5.85    5.77  2599  1589   44K    98   31.77   31.71
c rst  geom  stb   vs  1210  639K    1595   36K   785    5.85    5.77  2599  1592   47K    98   32.05   31.99
c rst  geom  stb   vs  1211  643K    1595   36K   785    5.85    5.77  2624  1546   51K    98   32.40   32.34
c [full-probe]  bin_only: 1 set: 0 repl: 0 T: 0.01 T-out: N T-r: 99.76%
c [gauss] XOR-encoding clauses are not detached, so no need to reattach them.
c [g 0] truth-find prop checks  : 1015K
c [g 0] -> of which prop        : 61.33 %
c [g 0] -> of which confl       :  1.58 %
c [g 0] elim called             : 47K
c [g 0] ---> which lead to prop : 86.53 %
c [g 0] ---> which lead to confl:  3.77 %
c [g 0] size: 73    x 512  
c [scc] new: 0 BP 0M T: 0.00
c [vrep] vars 0 lits 0 rem-bin-cls 0 rem-long-cls 0 BP 0M T: 0.01
c [intree] Set 0 vars hyper-added: 2 trans-irred: 0 trans-red: 0 T: 0.01 T-out: N T-r: -0.19%
c [find&init matx] performing matrix init
c [gauss] XOR-encoding clauses are not detached, so no need to reattach them.
c [xor-rem-unconnected] left with 1017 xors from 1017 non-empty xors T: 0.00
c [xor-together] xored together: 944 orig xors: 1017 new xors: 73 T: 0.00
c [xor-rem-unconnected] left with 73 xors from 73 non-empty xors T: 0.00
c [xor-clean-equiv] removed equivalent xors: 0 left with: 73
c [matrix] unused xors from cleaning: 0
c [matrix] Good   matrix 0 73      x512    density:0.1111  xorlen avg: 56.86
c [matrix] Using 1 matrices recovered from 0 xors T: 0.00 T-out: N
c rst  geom stb  vs   1212  648 K 1595      36K   785 5.85    5.77     2627  1611   41K   100 34.82   34.74  
c [distill-long-red0] cls tried: 23/23 T: 0.00 T-out: N T-r: 99.95%
c [distill-long-red1] cls tried: 110/926 T: 0.01 T-out: Y T-r: -1.50%
c [distill] watch-based irred--  cl tried 9478     cl-sh 0     cl-rem 0    lit-rem 0      T: 0.00 T-out: N
c [distill] watch-based red  --  cl tried 5254     cl-sh 4     cl-rem 0    lit-rem 6      T: 0.00 T-out: N
c [impl-str] lit bin: 0 set-var: 0 T: 0.00 T-out: N T-r: 99.96% w-visit: 3200
c [impl-sub] bin: 0 T: 0.00 T-out: N w-visit: 3200
c rst  geom ibes vs   1213  652 K 1595      36K   785 5.85    5.77     2651  1554   45K   100 35.12   35.06  
c [distill-bin] useful: 0/785/785 lits-rem: 0 cl-rem: 0 0-depth-assigns: 0 T: 0.01 T-out: N
c rst  geom ibes vs   1214  658 K 1595      36K   785 5.85    5.77     2651  1562   51K   100 34.76   34.70  
c rst  geom ibes vs   1215  663 K 1595      36K   785 5.85    5.77     2686  1489   42K   100 34.72   34.65  
c [distill-long-red0] cls tried: 54/54 T: 0.00 T-out: N T-r: 99.90%
c [distill-long-red1] cls tried: 94/754 T: 0.01 T-out: Y T-r: -1.46%
c [full-probe]  bin_only: 0 set: 0 repl: 0 T: 0.01 T-out: N T-r: 98.29%
c rst  geom svd  vs   1216  670 K 1595      36K   785 5.85    5.77     2702  1149   49K   102 35.46   35.40  
c [branch] adjusting to: vmtf (from: vsid) var_decay:0.95 descr: VMTF
c rst  luby svd  vmt  1217  670 K 1595      36K   785 5.85    5.77     2706  1162   49K   102 35.47   35.40  
c rst  luby svd  vmt  1218  670 K 1595      36K   785 5.85    5.77     2706  1162   49K   102 35.48   35.41  
c rst  luby svd  vmt  1219  670 K 1595      36K   785 5.85    5.77     2706  1163   49K   102 35.47   35.40  
c rst  luby svd  vmt  1220  670 K 1595      36K   785 5.85    5.77     2706  1163   49K   102 35.50   35.43  
c rst  luby svd  vmt  1221  671 K 1595      36K   785 5.85    5.77     2706  1163   49K   102 35.55   35.48  
c [ccnr] saving best assignment phase to stable_polar
c [ccnr] bumping based on var unsat frequency: conflict_ct
c [ccnr] Bumped vars: 1600 bump type: 6
c [ccnr] time: 0.38
c rst  luby svd  vmt  1222  671 K 1595      36K   785 5.85    5.77     2710  1179   49K   102 35.59   35.53  
c rst  luby svd  vmt  1223  671 K 1595      36K   785 5.85    5.77     2710  1185   50K   102 35.68   35.62  
c rst  luby svd  vmt  1224  671 K 1595      36K   785 5.85    5.77     2710  1185   50K   102 35.69   35.63  
c rst  luby svd  vmt  1225  671 K 1595      36K   785 5.85    5.77     2710  1188   50K   102 35.72   35.66  
c rst  luby svd  vmt  1226  672 K 1595      36K   785 5.85    5.77     2711  1192   50K   102 35.84   35.77  
c rst  luby svd  vmt  1227  672 K 1595      36K   785 5.85    5.77     2711  1195   50K   102 35.82   35.76  
c rst  luby svd  vmt  1228  672 K 1595      36K   785 5.85    5.77     2711  1195   50K   102 35.82   35.75  
c rst  luby svd  vmt  1229  672 K 1595      36K   785 5.85    5.77     2711  1196   51K   102 35.79   35.72  
c rst  luby svd  vmt  1230  672 K 1595      36K   785 5.85    5.77     2711  1197   51K   102 35.87   35.81  
c rst  luby svd  vmt  1231  673 K 1595      36K   785 5.85    5.77     2711  1201   52K   102 36.01   35.95  
c [distill-bin] useful: 0/785/785 lits-rem: 0 cl-rem: 0 0-depth-assigns: 0 T: 0.02 T-out: N
c [distill] watch-based irred--  cl tried 9478     cl-sh 0     cl-rem 0    lit-rem 0      T: 0.00 T-out: N
c [distill] watch-based red  --  cl tried 5422     cl-sh 12    cl-rem 0    lit-rem 16     T: 0.00 T-out: N
c rst  luby svd  vmt  1232  673 K 1595      36K   785 5.85    5.77     2711  1201   52K   102 36.02   35.96  
c rst  luby svd  vmt  1233  673 K 1595      36K   785 5.85    5.77     2711  1202   52K   102 36.03   35.96  
c rst  luby svd  vmt  1234  674 K 1595      36K   785 5.85    5.77     2711  1202   52K   102 36.02   35.96  
c rst  luby svd  vmt  1235  674 K 1595      36K   785 5.85    5.77     2711  1202   52K   102 36.02   35.96  
c rst  luby svd  vmt  1236  674 K 1595      36K   785 5.85    5.77     2711  1202   52K   102 36.04   35.97  
c rst  luby svd  vmt  1237  674 K 1595      36K   785 5.85    5.77     2711  1202   53K   102 36.07   36.01  
c rst  luby svd  vmt  1238  674 K 1595      36K   785 5.85    5.77     2711  1213   53K   102 36.10   36.04  
c rst  luby svd  vmt  1239  674 K 1595      36K   785 5.85    5.77     2711  1213   53K   102 36.09   36.03  
c rst  luby svd  vmt  1240  675 K 1595      36K   785 5.85    5.77     2721  1277   38K   102 35.23   35.16  
c rst  luby svd  vmt  1241  675 K 1595      36K   785 5.85    5.77     2721  1277   38K   102 35.21   35.13  
c rst  luby svd  vmt  1242  675 K 1595      36K   785 5.85    5.77     2721  1277   38K   102 35.20   35.13  
c rst  luby svd  vmt  1243  675 K 1595      36K   785 5.85    5.77     2721  1277   39K   102 35.18   35.10  
c rst  luby svd  vmt  1244  675 K 1595      36K   785 5.85    5.77     2721  1277   39K   102 35.15   35.07  
c rst  luby svd  vmt  1245  676 K 1595      36K   785 5.85    5.77     2721  1277   39K   102 35.10   35.03  
c rst  geom best vmt  1246  676 K 1595      36K   785 5.85    5.77     2721  1277   39K   102 35.11   35.04  
c rst  geom best vmt  1247  676 K 1595      36K   785 5.85    5.77     2721  1278   39K   102 35.10   35.02  
c rst  geom best vmt  1248  676 K 1595      36K   785 5.85    5.77     2721  1278   40K   102 35.13   35.05  
c rst  geom best vmt  1249  676 K 1595      36K   785 5.85    5.77     2721  1278   40K   102 35.13   35.05  
c rst  geom best vmt  1250  676 K 1595      36K   785 5.85    5.77     2721  1278   40K   102 35.18   35.10  
c rst  geom best vmt  1251  676 K 1595      36K   785 5.85    5.77     2721  1278   40K   102 35.25   35.18  
c rst  geom best vmt  1252  677 K 1595      36K   785 5.85    5.77     2721  1279   40K   102 35.29   35.21  
c rst  geom best vmt  1253  677 K 1595      36K   785 5.85    5.77     2721  1280   40K   102 35.36   35.28  
c rst  geom best vmt  1254  677 K 1595      36K   785 5.85    5.77     2721  1280   41K   102 35.42   35.34  
c rst  geom best vmt  1255  677 K 1595      36K   785 5.85    5.77     2721  1281   41K   102 35.44   35.36  
c rst  geom best vmt  1256  678 K 1595      36K   785 5.85    5.77     2721  1283   41K   102 35.43   35.35  
c rst  geom best vmt  1257  678 K 1595      36K   785 5.85    5.77     2721  1283   42K   102 35.43   35.36  
c rst  geom best vmt  1258  678 K 1595      36K   785 5.85    5.77     2721  1283   42K   102 35.30   35.23  
c rst  geom best vmt  1259  679 K 1595      36K   785 5.85    5.77     2721  1283   42K   102 35.19   35.12  
c [distill-long-red0] cls tried: 42/42 T: 0.00 T-out: N T-r: 99.90%
c [distill-long-red1] cls tried: 83/561 T: 0.01 T-out: Y T-r: -1.44%
c rst  geom best vmt  1260  679 K 1595      36K   785 5.85    5.77     2724  1288   43K   102 35.25   35.17  
c rst  geom best vmt  1261  679 K 1595      36K   785 5.85    5.77     2724  1288   43K   102 35.16   35.09  
c rst  geom best vmt  1262  680 K 1595      36K   785 5.85    5.77     2781  1049   44K   102 35.11   35.04  
c rst  geom best vmt  1263  681 K 1595      36K   785 5.85    5.77     2781  1049   44K   102 35.18   35.11  
c rst  geom best vmt  1264  681 K 1595      36K   785 5.85    5.77     2781  1049   45K   102 35.18   35.11  
c rst  geom best vmt  1265  682 K 1595      36K   785 5.85    5.77     2781  1050   46K   102 35.17   35.11  
c rst  geom best vmt  1266  683 K 1595      36K   785 5.85    5.77     2781  1051   46K   102 35.25   35.18  
c rst  geom best vmt  1267  683 K 1595      36K   785 5.85    5.77     2782  1051   47K   102 35.42   35.35  
c rst  geom best vmt  1268  684 K 1595      36K   785 5.85    5.77     2782  1055   48K   102 35.24   35.18  
c [full-probe]  bin_only: 1 set: 0 repl: 0 T: 0.01 T-out: N T-r: 99.80%
c rst  geom best vmt  1269  685 K 1595      36K   785 5.85    5.77     2782  1057   49K   104 35.15   35.09  
c rst  geom best vmt  1270  686 K 1595      36K   785 5.85    5.77     2782  1061   50K   104 35.15   35.08  
c rst  geom best vmt  1271  687 K 1595      36K   785 5.85    5.77     2783  1064   51K   104 35.17   35.11  
c rst  geom best vmt  1272  689 K 1595      36K   785 5.85    5.77     2783  1064   52K   104 35.16   35.10  
c rst  geom stb  vmt  1273  690 K 1595      36K   785 5.85    5.77     2797  1011   39K   104 34.56   34.48  
c rst  geom stb  vmt  1274  692 K 1595      36K   785 5.85    5.77     2800  1018   40K   104 34.96   34.89  
c rst  geom stb  vmt  1275  693 K 1595      36K   785 5.85    5.77     2800  1025   42K   104 35.18   35.10  
c [distill-bin] useful: 0/785/785 lits-rem: 0 cl-rem: 0 0-depth-assigns: 0 T: 0.01 T-out: N
c rst  geom stb  vmt  1276  695 K 1595      36K   785 5.85    5.77     2800  1028   44K   104 35.27   35.20  
c [distill-long-red0] cls tried: 66/66 T: 0.00 T-out: N T-r: 99.88%
c [distill-long-red1] cls tried: 80/389 T: 0.01 T-out: Y T-r: -0.98%
c rst  geom stb  vmt  1277  697 K 1595      36K   785 5.85    5.77     2800  1029   46K   104 35.37   35.31  
c rst  geom stb  vmt  1278  699 K 1595      36K   785 5.85    5.77     2800  1031   48K   104 35.46   35.40  
c [distill] watch-based irred--  cl tried 9478     cl-sh 0     cl-rem 0    lit-rem 0      T: 0.00 T-out: N
c [distill] watch-based red  --  cl tried 5600     cl-sh 6     cl-rem 0    lit-rem 8      T: 0.00 T-out: N
c rst  geom stb  vmt  1279  702 K 1595      36K   785 5.85    5.77     2827   934   51K   104 35.71   35.64  
c rst  geom ibes vmt  1280  705 K 1595      36K   785 5.85    5.77     2833  1048   38K   104 35.83   35.75  
c [full-probe]  bin_only: 0 set: 0 repl: 0 T: 0.01 T-out: N T-r: 98.05%
c rst  geom ibes vmt  1281  708 K 1595      36K   785 5.85    5.77     2834  1054   41K   106 36.51   36.43  
c [impl-str] lit bin: 0 set-var: 0 T: 0.00 T-out: N T-r: 99.96% w-visit: 3200
c [impl-sub] bin: 6 T: 0.00 T-out: N w-visit: 3200
c rst  geom ibes vmt  1282  711 K 1595      36K   785 5.85    5.77     2887   995   45K   100 36.81   36.74  
c [distill-long-red0] cls tried: 75/75 T: 0.01 T-out: N T-r: 99.85%
c [distill-long-red1] cls tried: 83/357 T: 0.01 T-out: Y T-r: -1.76%
c [gauss] XOR-encoding clauses are not detached, so no need to reattach them.
c [g 0] truth-find prop checks  : 2035K
c [g 0] -> of which prop        : 61.98 %
c [g 0] -> of which confl       :  1.78 %
c [g 0] elim called             : 82K
c [g 0] ---> which lead to prop : 94.60 %
c [g 0] ---> which lead to confl:  3.30 %
c [g 0] size: 73    x 512  
c [scc] new: 1 BP 0M T: 0.00
c [vrep] vars 1 lits 2128 rem-bin-cls 4 rem-long-cls 0 BP 0M T: 0.01
c [scc] new: 0 BP 0M T: 0.00
c [vrep] vars 0 lits 0 rem-bin-cls 0 rem-long-cls 0 BP 0M T: 0.01
c [intree] Set 0 vars hyper-added: 0 trans-irred: 0 trans-red: 0 T: 0.01 T-out: N T-r: -1.30%
c [find&init matx] performing matrix init
c [gauss] XOR-encoding clauses are not detached, so no need to reattach them.
c [xor-rem-unconnected] left with 1017 xors from 1017 non-empty xors T: 0.00
c [xor-together] xored together: 943 orig xors: 1017 new xors: 74 T: 0.00
c [xor-rem-unconnected] left with 74 xors from 74 non-empty xors T: 0.00
c [xor-clean-equiv] removed equivalent xors: 0 left with: 74
c [matrix] unused xors from cleaning: 0
c [matrix] Good   matrix 0 74      x512    density:0.1096  xorlen avg: 56.12
c [matrix] Using 1 matrices recovered from 0 xors T: 0.00 T-out: N
c rst  geom ibes vmt  1283  715 K 1594      36K   785 5.85    5.77     2887  1002   48K    98 36.15   36.08  
c [distill-bin] useful: 1/785/785 lits-rem: 0 cl-rem: 1 0-depth-assigns: 0 T: 0.02 T-out: N
c [ccnr] saving best assignment phase to stable_polar
c [ccnr] bumping based on clause weights
c [ccnr] Bumped vars: 103 bump type: 6
c [ccnr] time: 0.37
c rst  geom svd  vmt  1284  719 K 1594      36K   784 5.85    5.77     2889  1070   52K    98 35.24   35.18  
c rst  geom svd  vmt  1285  723 K 1594      36K   784 5.85    5.77     2986  1303   41K    98 32.91   32.84  
c rst  geom svd  vmt  1286  728 K 1594      36K   784 5.85    5.77     2989  1403   46K    98 32.52   32.46  
c [distill-long-red0] cls tried: 84/84 T: 0.01 T-out: N T-r: 99.85%
c [distill-long-red1] cls tried: 42/712 T: 0.02 T-out: Y T-r: -5.34%
c [full-probe]  bin_only: 1 set: 0 repl: 0 T: 0.01 T-out: N T-r: 99.80%
c [distill] watch-based irred--  cl tried 9478     cl-sh 0     cl-rem 0    lit-rem 0      T: 0.01 T-out: N
c [distill] watch-based red  --  cl tried 5978     cl-sh 13    cl-rem 0    lit-rem 18     T: 0.01 T-out: N
c rst  geom best vmt  1287  733 K 1594      36K   784 5.85    5.77     3116  1278   51K    98 33.63   33.57  
c rst  geom best vmt  1288  739 K 1594      36K   784 5.85    5.77     3138  1802   42K    98 30.81   30.75  
c [branch] adjusting to: vsid (from: vmtf) var_decay:0.95 descr: VSIDS
c [distill-bin] useful: 0/784/784 lits-rem: 0 cl-rem: 0 0-depth-assigns: 0 T: 0.01 T-out: N
c rst  geom best vs   1289  739 K 1594      36K   784 5.85    5.77     3138  1804   42K    98 30.81   30.75  
c rst  geom best vs   1290  739 K 1594      36K   784 5.85    5.77     3138  1804   42K    98 30.86   30.80  
c rst  geom best vs   1291  739 K 1594      36K   784 5.85    5.77     3138  1804   42K    98 30.88   30.82  
c rst  geom best vs   1292  739 K 1594      36K   784 5.85    5.77     3138  1805   42K    98 30.93   30.87  
c rst  geom best vs   1293  740 K 1594      36K   784 5.85    5.77     3220  1702   42K    98 30.94   30.88  
c rst  geom best vs   1294  740 K 1594      36K   784 5.85    5.77     3220  1703   42K    98 30.99   30.93  
c rst  geom best vs   1295  740 K 1594      36K   784 5.85    5.77     3220  1703   43K    98 30.99   30.93  
c rst  geom best vs   1296  740 K 1594      36K   784 5.85    5.77     3220  1704   43K    98 31.03   30.97  
c rst  geom stb  vs   1297  740 K 1594      36K   784 5.85    5.77     3221  1704   43K    98 31.08   31.02  
c rst  geom stb  vs   1298  741 K 1594      36K   784 5.85    5.77     3221  1704   43K    98 31.11   31.05  
c rst  geom stb  vs   1299  741 K 1594      36K   784 5.85    5.77     3221  1708   44K    98 31.15   31.10  
c rst  geom stb  vs   1300  741 K 1594      36K   784 5.85    5.77     3221  1709   44K    98 31.21   31.15  
c rst  geom stb  vs   1301  742 K 1594      36K   784 5.85    5.77     3221  1711   44K    98 31.25   31.20  
c rst  geom stb  vs   1302  742 K 1594      36K   784 5.85    5.77     3221  1713   45K    98 31.26   31.20  
c rst  geom stb  vs   1303  742 K 1594      36K   784 5.85    5.77     3221  1713   45K    98 31.35   31.29  
c rst  geom stb  vs   1304  743 K 1594      36K   784 5.85    5.77     3221  1713   45K    98 31.45   31.40  
c [distill-long-red0] cls tried: 219/219 T: 0.02 T-out: N T-r: 99.49%
c [distill-long-red1] cls tried: 28/1041 T: 0.02 T-out: Y T-r: -6.65%
c rst  geom stb  vs   1305  743 K 1594      36K   784 5.85    5.77     3221  1715   46K    98 31.45   31.40  
c rst  geom stb  vs   1306  744 K 1594      36K   784 5.85    5.77     3221  1715   46K    98 31.58   31.53  
c rst  geom stb  vs   1307  744 K 1594      36K   784 5.85    5.77     3221  1716   47K    98 31.69   31.63  
c rst  geom stb  vs   1308  745 K 1594      36K   784 5.85    5.77     3221  1723   48K    98 31.75   31.69  
c rst  geom stb  vs   1309  746 K 1594      36K   784 5.85    5.77     3221  1723   48K    98 31.83   31.78  
c rst  geom stb  vs   1310  747 K 1594      36K   784 5.85    5.77     3221  1728   49K    98 31.91   31.85  
c rst  geom stb  vs   1311  748 K 1594      36K   784 5.85    5.77     3222  1731   50K    99 31.98   31.93  
c rst  geom stb  vs   1312  748 K 1594      36K   784 5.85    5.77     3222  1731   51K    99 32.10   32.05  
c [full-probe]  bin_only: 0 set: 1 repl: 0 T: 0.01 T-out: N T-r: 97.78%
c rst  geom stb  vs   1313  750 K 1593      36K   784 5.85    5.77     3222  1731   52K    99 32.30   32.25  
c rst  geom stb  vs   1314  751 K 1593      36K   784 5.85    5.77     3252  1785   38K    99 29.27   29.21  
c rst  geom stb  vs   1315  752 K 1593      36K   784 5.85    5.77     3252  1789   40K    99 29.48   29.42  
c rst  geom stb  vs   1316  753 K 1593      36K   784 5.85    5.77     3252  1791   41K    99 30.00   29.94  
c [distill] watch-based irred--  cl tried 9476     cl-sh 0     cl-rem 0    lit-rem 0      T: 0.01 T-out: N
c [distill] watch-based red  --  cl tried 6500     cl-sh 17    cl-rem 2    lit-rem 41     T: 0.01 T-out: N
c rst  geom ibes vs   1317  755 K 1593      36K   783 5.84    5.76     3250  1802   42K    99 30.10   30.04  
c rst  geom ibes vs   1318  757 K 1593      36K   783 5.84    5.76     3250  1805   44K    99 30.65   30.59  
c rst  geom ibes vs   1319  758 K 1593      36K   783 5.84    5.76     3252  1821   46K    99 31.09   31.04  
c [distill-long-red0] cls tried: 41/41 T: 0.01 T-out: N T-r: 99.87%
c [distill-long-red1] cls tried: 30/1186 T: 0.02 T-out: Y T-r: -6.78%
c rst  geom ibes vs   1320  761 K 1593      36K   783 5.84    5.76     3277  1764   48K    99 31.64   31.59  
c [distill-bin] useful: 0/783/783 lits-rem: 0 cl-rem: 0 0-depth-assigns: 0 T: 0.01 T-out: N
c [ccnr] saving best assignment phase to stable_polar
c [ccnr] bumping based on var unsat frequency: conflict_ct
c [ccnr] Bumped vars: 1600 bump type: 6
c [ccnr] time: 0.38
c rst  geom ibes vs   1321  763 K 1593      36K   783 5.84    5.76     3278  1781   50K    99 31.69   31.64  
c rst  geom ibes vs   1322  765 K 1593      36K   783 5.84    5.76     3288  1896   38K    99 33.50   33.43  
c rst  geom ibes vs   1323  768 K 1593      36K   783 5.84    5.76     3289  1904   41K    99 33.45   33.38  
c [impl-str] lit bin: 0 set-var: 0 T: 0.00 T-out: N T-r: 99.96% w-visit: 3200
c [impl-sub] bin: 1 T: 0.00 T-out: N w-visit: 3200
c rst  geom svd  vs   1324  771 K 1593      36K   783 5.84    5.76     3333  1821   44K    98 35.23   35.17  
c [full-probe]  bin_only: 1 set: 0 repl: 0 T: 0.01 T-out: N T-r: 99.78%
c rst  geom svd  vs   1325  774 K 1593      36K   783 5.84    5.76     3357  2183   47K    98 34.50   34.44  
c [distill-long-red0] cls tried: 99/99 T: 0.01 T-out: N T-r: 99.81%
c [distill-long-red1] cls tried: 42/1575 T: 0.02 T-out: Y T-r: -3.51%
c rst  geom svd  vs   1326  778 K 1593      36K   783 5.84    5.76     3358  2198   50K    98 33.32   33.26  
c [gauss] XOR-encoding clauses are not detached, so no need to reattach them.
c [g 0] truth-find prop checks  : 2866K
c [g 0] -> of which prop        : 40.37 %
c [g 0] -> of which confl       :  1.17 %
c [g 0] elim called             : 254K
c [g 0] ---> which lead to prop : 49.45 %
c [g 0] ---> which lead to confl:  1.55 %
c [g 0] size: 74    x 512  
c [scc] new: 0 BP 0M T: 0.00
c [vrep] vars 0 lits 0 rem-bin-cls 0 rem-long-cls 0 BP 0M T: 0.01
c [intree] Set 0 vars hyper-added: 1 trans-irred: 0 trans-red: 0 T: 0.01 T-out: N T-r: -1.10%
c [find&init matx] performing matrix init
c [gauss] XOR-encoding clauses are not detached, so no need to reattach them.
c [xor-rem-unconnected] left with 1017 xors from 1017 non-empty xors T: 0.00
c [xor-together] xored together: 943 orig xors: 1017 new xors: 74 T: 0.00
c [xor-rem-unconnected] left with 74 xors from 74 non-empty xors T: 0.00
c [xor-clean-equiv] removed equivalent xors: 0 left with: 74
c [matrix] unused xors from cleaning: 0
c [matrix] Good   matrix 0 74      x511    density:0.1095  xorlen avg: 55.96
c [matrix] Using 1 matrices recovered from 0 xors T: 0.00 T-out: N
c [g  <0] Disabling GJ-elim in this round.  Usefulness was: 19.9143%  over 154306 calls
c rst  geom svd  vs   1327  782 K 1593      36K   783 5.84    5.76     3637  2466   36K    99 31.75   31.68  
c [distill-bin] useful: 0/783/783 lits-rem: 0 cl-rem: 0 0-depth-assigns: 0 T: 0.01 T-out: N
c [distill] watch-based irred--  cl tried 9476     cl-sh 0     cl-rem 0    lit-rem 0      T: 0.01 T-out: N
c [distill] watch-based red  --  cl tried 7274     cl-sh 22    cl-rem 0    lit-rem 49     T: 0.01 T-out: N
c rst  geom best vs   1328  786 K 1593      36K   783 5.84    5.76     3639  2522   40K    99 30.64   30.58  
c ------- FINAL TOTAL SEARCH STATS ---------
c UIP search time          : 82.66       (96.68     % time)
c All times are for this thread only except if explicitly specified
c restarts                 : 1328        (592.08    confls per restart)
c blocked restarts         : 0           (0.00      per normal restart)
c time                     : 82.66       
c decisions                : 836610      (0.00      % random)
c propagations             : 30M         (365K      props/s)
c decisions/conflicts      : 1.06        
c conflicts                : 786287      
c LEARNT stats
c units learnt             : 1           (0.00      % of conflicts)
c bins learnt              : 28          (0.00      % of conflicts)
c long learnt              : 786467      (100.02    % of conflicts)
c red which0               : 376         (0.05      % of confl)
c SEAMLESS HYPERBIN&TRANS-RED stats
c advProp called           : 0           
c hyper-bin add bin        : 0           (0.00      bin/call)
c trans-red rem irred bin  : 0           (0.00      bin/call)
c trans-red rem red bin    : 0           (0.00      bin/call)
c CONFL LITS stats
c orig                     : 186454653   (237.13    lit/confl)
c recurs-min effective     : 766778      (97.52     % attempt successful)
c recurs-min lits          : 160125641   (85.88     % less overall)
c permDiff call%           : 0.56        (0.00      % attempt successful)
c permDiff lits-rem        : 0           (0.00      less lits/cl on attempts)
c further-min call%        : 0.00        (31.82     % attempt successful)
c bintri-min lits          : 35          (0.00      % less overall)
c final avg                : 33.49       
c all-threads sum CPU time : 82.66        s
c PROP stats
c Mbogo-props              : 106.13      (1.28      / sec)
c MHyper-props             : 0.05        (0.00      / sec)
c Mprops                   : 30.17       (0.37      / sec)
c -------- OccSimplifier STATS ----------
c time                     : 2.43        (0.00      % var-elim)
c called                   : 5           (0.49      s per call)
c 0-depth assigns          : 0           (0.00      % vars)
c -------- OccSimplifier STATS END ----------
c -------- SubsumeStrengthen STATS ----------
c cl-subs                  : 3206         Clauses
c cl-str rem lit           : 888          Lits
c cl-sub T                 : 0.32         s
c cl-str T                 : 1.82         s
c -------- SubsumeStrengthen STATS END ----------
c ----- SCC STATS --------
c time                     : 0.01        (0.00      per call)
c called                   : 27          (0.41      new found per call)
c found                    : 11          (50.00     % of all found)
c bogoprops                : 1148756     % of all found
c ----- SCC STATS END --------
c --------- VAR REPLACE STATS ----------
c time                     : 0.15        (0.01      per call)
c trees' crown             : 11          (0.37      % of vars)
c 0-depth assigns          : 0           (0.00      % vars)
c lits replaced            : 38941       
c bin cls removed          : 50          
c long cls removed         : 16          
c long lits removed        : 1309        
c bogoprops                : 4734344     
c --------- VAR REPLACE STATS END ----------
c vrep replace time        : 0.15        (0.17      % time)
c vrep tree roots          : 6           
c vrep trees' crown        : 11          (1.83      leafs/tree)
c -------- DISTILL-BIN STATS --------
c time                     : 0.42        (0.01      per call)
c timed out                : 0           (0.00      % of calls)
c distill/checked/potential: 0          /32783/32783
c lits-rem                 : 0           
c 0-depth-assigns          : 0           (0.00      % of vars)
c -------- DISTILL STATS END --------
c -------- STRENGTHEN STATS --------
c --> watch-based on irred cls
c time                     : 0.16        (0.00      s/call)
c shrinked/tried/total     : 156        /235670/2023050
c subsumed/tried/total     : 164        /235670/2023050
c lits-rem                 : 162         (0.01      % of lits tried)
c called                   : 60          (0.00      % ran out of time)
c --> watch-based on red cls
c time                     : 0.07        (0.00      s/call)
c shrinked/tried/total     : 650        /82059/82059
c subsumed/tried/total     : 9          /82059/82059
c lits-rem                 : 1313        (0.26      % of lits tried)
c called                   : 60          (0.00      % ran out of time)
c -------- STRENGTHEN STATS END --------
c -------- IMPLICIT SUB  STATS --------
c time                     : 0.03        (0.00      per call)
c timed out                : 0           (0.00      % of calls)
c rem bins                 : 33          
c -------- IMPLICIT SUB STATS END --------
c Mem used                 : 62          MB
c Mem for longclauses      : 12          MB (19.83     %)
c Mem for watch alloc      : 18          MB (28.76     %)
c Mem for watch array      : 0           MB (0.12      %)
c Mem for assings&vardata  : 0           MB (0.12      %)
c Mem for search&solve     : 0           MB (0.31      %)
c Mem for renumberer       : 0           MB (0.04      %)
c Mem for occsimplifier    : 1           MB (2.00      %)
c Mem for varReplacer&SCC  : 0           MB (0.10      %)
c Mem for impl subsume     : 0           MB (0.00      %)
c Mem for 3 distills       : 0           MB (0.00      %)
c Accounted for mem (rss)  : 51.26       %
c Accounted for mem (vm)   : 45.61       %
c restarts                 : 1328        (592.08    confls per restart)
c blocked restarts         : 0           (0.00      per normal restart)
c time                     : 82.66       
c decisions                : 836610      (0.00      % random)
c propagations             : 30M         (365K      props/s)
c decisions/conflicts      : 1.06        
c conflicts                : 786287      
c conf lits non-minim      : 186454653   (237.13    lit/confl)
c conf lits final          : 33.49       
c red which0               : 376         (0.05      % of confl)
c props/decision           : 0.00        
c props/conflict           : 0.00        
c 0-depth assigns          : 2           (0.12      % vars)
c 0-depth assigns by CNF   : 0           (0.00      % vars)
c reduceDB time            : 0.30        (0.35      % time)
c OccSimplifier time       : 2.43        (2.84      % time)
c [occur] 0.24 is overhead
c [occur] link-in T: 0.19 cleanup T: 0.05
c [occ-substr] long subBySub: 3058 subByStr: 148 lits-rem-str: 888 T: 2.14
c SCC time                 : 0.01        (0.01      % time)
c [scc] new: 11 BP 1M  T: 0.01
c vrep replace time        : 0.15        (0.17      % time)
c vrep tree roots          : 6           
c vrep trees' crown        : 11          (1.83      leafs/tree)
c distill long time        : 0.75        (0.88      % time)
c distill bin time         : 0.42        (0.49      % time)
c strength cache-irred time: 0.16        (0.19      % time)
c strength cache-red time  : 0.07        (0.08      % time)
c avg cls in red 0         : 1339.96     
c avg cls in red 1         : 869.38      
c avg cls in red 2         : 42593.30    
c Conflicts in UIP         : 786287      (9196.09   confl/time_this_thread)
c Max Memory (rss) used    : 74520 kB    
c Total time (this thread) : 85.50       
s SATISFIABLE
v 1 -2 3 4 5 -6 -7 8 -9 10 11 12 -13 -14 15 16 -17 -18 -19 20 -21 22 23 24 -25 
v -26 -27 -28 -29 -30 -31 32 -33 34 35 36 -37 38 -39 40 41 42 -43 44 -45 46 47 
v 48 -49 -50 -51 -52 -53 -54 -55 -56 57 58 -59 -60 -61 -62 -63 -64 -65 -66 -67 
v -68 69 70 -71 -72 -73 -74 75 76 -77 -78 -79 -80 81 82 -83 -84 -85 -86 -87 -88 
v -89 -90 -91 -92 -93 -94 -95 -96 -97 -98 99 100 -101 -102 -103 -104 -105 -106 
v -107 -108 -109 -110 111 112 -113 -114 -115 -116 117 118 -119 -120 -121 -122 
v 123 124 -125 -126 -127 -128 -129 -130 -131 -132 -133 -134 135 136 -137 -138 
v -139 -140 -141 -142 -143 -144 -145 -146 147 148 -149 -150 -151 -152 153 154 
v -155 -156 -157 -158 159 160 -161 -162 -163 -164 -165 -166 -167 -168 -169 -170 
v -171 -172 -173 -174 -175 -176 -177 -178 -179 -180 -181 -182 -183 -184 -185 
v -186 -187 -188 -189 -190 -191 -192 -193 -194 -195 -196 -197 -198 -199 -200 
v -201 -202 -203 -204 -205 -206 207 208 -209 -210 -211 -212 -213 -214 -215 -216 
v -217 -218 219 220 -221 -222 -223 -224 225 226 -227 -228 -229 -230 231 232 
v -233 -234 -235 -236 -237 -238 -239 -240 -241 -242 243 244 -245 -246 -247 -248 
v -249 -250 -251 -252 -253 -254 255 256 -257 -258 -259 -260 261 262 -263 -264 
v -265 -266 267 268 -269 -270 -271 -272 -273 -274 -275 -276 -277 -278 279 280 
v -281 -282 -283 -284 -285 -286 -287 -288 -289 -290 291 292 -293 -294 -295 -296 
v 297 298 -299 -300 -301 -302 303 304 -305 -306 -307 -308 -309 -310 -311 -312 
v -313 -314 -315 -316 -317 -318 -319 -320 -321 -322 -323 -324 -325 -326 -327 
v -328 -329 -330 -331 -332 -333 -334 -335 -336 -337 -338 -339 -340 -341 -342 
v 343 344 -345 346 -347 348 -349 350 351 -352 -353 -354 -355 -356 357 358 -359 
v -360 -361 -362 363 364 -365 -366 367 368 369 370 371 372 -373 -374 -375 -376 
v -377 -378 379 380 -381 -382 383 384 385 386 387 388 -389 -390 -391 -392 -393 
v -394 395 396 -397 -398 399 400 401 402 403 404 -405 -406 -407 -408 -409 -410 
v -411 -412 -413 -414 -415 -416 -417 -418 -419 -420 -421 -422 -423 -424 -425 
v -426 427 428 -429 -430 431 432 433 434 435 436 -437 -438 -439 -440 -441 -442 
v -443 -444 -445 -446 -447 -448 -449 -450 -451 -452 -453 -454 -455 -456 -457 
v -458 459 460 -461 -462 463 464 465 466 467 468 -469 -470 -471 -472 -473 -474 
v -475 -476 -477 -478 -479 -480 -481 -482 -483 -484 -485 -486 -487 -488 -489 
v -490 491 492 -493 -494 495 496 497 498 499 500 -501 -502 -503 -504 -505 -506 
v 507 508 -509 -510 511 512 513 514 515 516 -517 -518 -519 -520 -521 -522 -523 
v -524 -525 -526 -527 -528 -529 -530 -531 -532 -533 -534 -535 -536 -537 -538 
v -539 -540 -541 -542 -543 -544 -545 -546 -547 -548 -549 -550 -551 -552 -553 
v -554 -555 -556 -557 -558 -559 -560 -561 -562 -563 -564 -565 -566 -567 -568 
v -569 -570 -571 -572 -573 -574 -575 -576 -577 -578 -579 -580 -581 -582 -583 
v -584 -585 -586 -587 -588 -589 -590 -591 -592 -593 -594 -595 -596 -597 -598 
v -599 -600 -601 -602 603 604 -605 -606 607 608 609 610 611 612 -613 -614 -615 
v -616 -617 -618 619 620 -621 -622 623 624 625 626 627 628 -629 -630 -631 -632 
v -633 -634 -635 -636 -637 -638 -639 -640 -641 -642 -643 -644 -645 -646 -647 
v -648 -649 -650 -651 -652 -653 -654 -655 -656 -657 -658 -659 -660 -661 -662 
v -663 -664 -665 -666 -667 -668 -669 -670 -671 -672 -673 -674 -675 -676 -677 
v -678 -679 -680 -681 -682 -683 -684 -685 -686 -687 -688 -689 690 -691 -692 693 
v 694 695 696 697 698 -699 -700 -701 -702 -703 704 705 706 707 708 709 -710 
v -711 -712 -713 -714 -715 -716 -717 -718 -719 -720 -721 -722 -723 -724 -725 
v -726 -727 -728 -729 -730 -731 732 733 734 735 736 -737 -738 -739 740 741 742 
v 743 -744 -745 -746 747 748 749 -750 -751 -752 753 754 -755 -756 -757 758 -759 
v -760 -761 -762 -763 -764 -765 -766 -767 0
c [g 0] truth-find prop checks  : 118K
c [g 0] -> of which prop        : 18.62 %
c [g 0] -> of which confl       :  0.93 %
c [g 0] elim called             : 15615
c [g 0] ---> which lead to prop : 47.28 %
c [g 0] ---> which lead to confl:  0.97 %
c [g 0] size: 74    x 511  

real	1m26.096s
user	1m25.503s
sys	0m0.082s
